{"type":"FeatureCollection","features":[{"type":"Feature","geometry":{"type":"Point","coordinates":[-117.1695,32.7218]},"properties":{"name":"ChargePoint Charging Station","network":"ChargePoint","status":"unknown","source":"OpenStreetMap (charge-finder mirror)"}},{"type":"Feature","geometry":{"type":"Point","coordinates":[-122.1376,38.0192]},"properties":{"name":"ChargePoint","network":"ChargePoint","status":"unknown","source":"OpenStreetMap (charge-finder mirror)"}},{"type":"Feature","geometry":{"type":"Point","coordinates":[-87.9193,43.0433]},"properties":{"name":"EV charging","network":"EV charging","status":"unknown","source":"OpenStreetMap (charge-finder mirror)"}},{"type":"Feature","geometry":{"type":"Point","coordinates":[-117.8996,33.9196]},"properties":{"name":"EV charging","network":"EV charging","status":"unknown","source":"OpenStreetMap (charge-finder mirror)"}},{"type":"Feature","geometry":{"type":"Point","coordinates":[-82.4124,28.0641]},"properties":{"name":"EV charging","network":"EV charging","stalls":4,"status":"unknown","source":"OpenStreetMap (charge-finder mirror)"}},{"type":"Feature","geometry":{"type":"Point","coordinates":[-76.4606,39.3773]},"properties":{"name":"EV charging","network":"EV charging","status":"unknown","source":"OpenStreetMap (charge-finder mirror)"}},{"type":"Feature","geometry":{"type":"Point","coordinates":[-93.1483,44.974]},"properties":{"name":"ChargePoint","network":"ChargePoint","status":"unknown","source":"OpenStreetMap (charge-finder mirror)"}},{"type":"Feature","geometry":{"type":"Point","coordinates":[-93.1438,44.9816]},"properties":{"name":"ChargePoint","network":"ChargePoint","stalls":1,"status":"unknown","source":"OpenStreetMap (charge-finder mirror)"}},{"type":"Feature","geometry":{"type":"Point","coordinates":[-86.1015,42.7904]},"properties":{"name":"ChargePoint","network":"ChargePoint","stalls":2,"status":"unknown","source":"OpenStreetMap (charge-finder mirror)"}},{"type":"Feature","geometry":{"type":"Point","coordinates":[-86.11,42.7869]},"properties":{"name":"EV charging","network":"EV charging","status":"unknown","source":"OpenStreetMap (charge-finder mirror)"}},{"type":"Feature","geometry":{"type":"Point","coordinates":[-93.0858,44.9479]},"properties":{"name":"ChargePoint","network":"ChargePoint","status":"unknown","source":"OpenStreetMap (charge-finder mirror)"}},{"type":"Feature","geometry":{"type":"Point","coordinates":[-122.0281,36.9741]},"properties":{"name":"ChargePoint","network":"ChargePoint","status":"unknown","source":"OpenStreetMap (charge-finder mirror)"}},{"type":"Feature","geometry":{"type":"Point","coordinates":[-77.4654,43.1369]},"properties":{"name":"Charging Station","network":"Charging Station","stalls":1,"status":"unknown","source":"OpenStreetMap (charge-finder mirror)"}},{"type":"Feature","geometry":{"type":"Point","coordinates":[-117.1612,32.7182]},"properties":{"name":"Blink","network":"Blink","status":"unknown","source":"OpenStreetMap (charge-finder mirror)"}},{"type":"Feature","geometry":{"type":"Point","coordinates":[-121.2677,38.7743]},"properties":{"name":"Roseville Electric","network":"Roseville Electric","stalls":2,"status":"unknown","source":"OpenStreetMap (charge-finder mirror)"}},{"type":"Feature","geometry":{"type":"Point","coordinates":[-81.1861,42.7782]},"properties":{"name":"FLO","network":"FLO","stalls":1,"status":"unknown","source":"OpenStreetMap (charge-finder mirror)"}},{"type":"Feature","geometry":{"type":"Point","coordinates":[-122.9735,46.7258]},"properties":{"name":"Ev Charging","network":"EV charging","status":"unknown","source":"OpenStreetMap (charge-finder mirror)"}},{"type":"Feature","geometry":{"type":"Point","coordinates":[-76.0182,43.0335]},"properties":{"name":"EV charging","network":"EV charging","status":"unknown","source":"OpenStreetMap (charge-finder mirror)"}},{"type":"Feature","geometry":{"type":"Point","coordinates":[-123.4848,48.4199]},"properties":{"name":"EV charging","network":"EV charging","status":"unknown","source":"OpenStreetMap (charge-finder mirror)"}},{"type":"Feature","geometry":{"type":"Point","coordinates":[-123.4938,48.4232]},"properties":{"name":"EV charging","network":"EV charging","status":"unknown","source":"OpenStreetMap (charge-finder mirror)"}},{"type":"Feature","geometry":{"type":"Point","coordinates":[-123.4166,48.6595]},"properties":{"name":"EV charging","network":"EV charging","status":"unknown","source":"OpenStreetMap (charge-finder mirror)"}},{"type":"Feature","geometry":{"type":"Point","coordinates":[-76.4607,39.3773]},"properties":{"name":"EV charging","network":"EV charging","status":"unknown","source":"OpenStreetMap (charge-finder mirror)"}},{"type":"Feature","geometry":{"type":"Point","coordinates":[-76.4607,39.3773]},"properties":{"name":"EV charging","network":"EV charging","status":"unknown","source":"OpenStreetMap (charge-finder mirror)"}},{"type":"Feature","geometry":{"type":"Point","coordinates":[-76.9277,38.9785]},"properties":{"name":"EV charging","network":"EV charging","stalls":6,"status":"unknown","source":"OpenStreetMap (charge-finder mirror)"}},{"type":"Feature","geometry":{"type":"Point","coordinates":[-82.6288,27.7776]},"properties":{"name":"Duke Energy","network":"Duke Energy","stalls":2,"status":"unknown","source":"OpenStreetMap (charge-finder mirror)"}},{"type":"Feature","geometry":{"type":"Point","coordinates":[-81.6806,36.212]},"properties":{"name":"EV charging","network":"EV charging","stalls":4,"status":"24/7","source":"OpenStreetMap (charge-finder mirror)"}},{"type":"Feature","geometry":{"type":"Point","coordinates":[-120.4295,34.9227]},"properties":{"name":"ChargePoint","network":"ChargePoint","status":"unknown","source":"OpenStreetMap (charge-finder mirror)"}},{"type":"Feature","geometry":{"type":"Point","coordinates":[-87.6771,42.0333]},"properties":{"name":"iGo","network":"iGo","status":"unknown","source":"OpenStreetMap (charge-finder mirror)"}},{"type":"Feature","geometry":{"type":"Point","coordinates":[-76.1196,43.0417]},"properties":{"name":"EV charging","network":"EV charging","status":"unknown","source":"OpenStreetMap (charge-finder mirror)"}},{"type":"Feature","geometry":{"type":"Point","coordinates":[-76.1201,43.0418]},"properties":{"name":"EV charging","network":"EV charging","status":"unknown","source":"OpenStreetMap (charge-finder mirror)"}},{"type":"Feature","geometry":{"type":"Point","coordinates":[-82.5696,27.499]},"properties":{"name":"EV charging","network":"EV charging","status":"unknown","source":"OpenStreetMap (charge-finder mirror)"}},{"type":"Feature","geometry":{"type":"Point","coordinates":[-77.2024,39.0935]},"properties":{"name":"Electric Car Charging Station","network":"EV charging","status":"unknown","source":"OpenStreetMap (charge-finder mirror)"}},{"type":"Feature","geometry":{"type":"Point","coordinates":[-120.6855,35.2519]},"properties":{"name":"EV charging","network":"EV charging","status":"unknown","source":"OpenStreetMap (charge-finder mirror)"}},{"type":"Feature","geometry":{"type":"Point","coordinates":[-123.3853,48.4153]},"properties":{"name":"EV charging","network":"EV charging","status":"unknown","source":"OpenStreetMap (charge-finder mirror)"}},{"type":"Feature","geometry":{"type":"Point","coordinates":[-123.4742,48.4354]},"properties":{"name":"EV charging","network":"EV charging","status":"unknown","source":"OpenStreetMap (charge-finder mirror)"}},{"type":"Feature","geometry":{"type":"Point","coordinates":[-123.3747,48.4462]},"properties":{"name":"EV charging","network":"EV charging","status":"unknown","source":"OpenStreetMap (charge-finder mirror)"}},{"type":"Feature","geometry":{"type":"Point","coordinates":[-123.5032,48.4494]},"properties":{"name":"EV charging","network":"EV charging","status":"unknown","source":"OpenStreetMap (charge-finder mirror)"}},{"type":"Feature","geometry":{"type":"Point","coordinates":[-123.3982,48.4542]},"properties":{"name":"FLO","network":"FLO","stalls":4,"status":"unknown","source":"OpenStreetMap (charge-finder mirror)"}},{"type":"Feature","geometry":{"type":"Point","coordinates":[-123.3089,48.4667]},"properties":{"name":"EV charging","network":"EV charging","status":"unknown","source":"OpenStreetMap (charge-finder mirror)"}},{"type":"Feature","geometry":{"type":"Point","coordinates":[-123.4158,48.4921]},"properties":{"name":"EV charging","network":"EV charging","status":"unknown","source":"OpenStreetMap (charge-finder mirror)"}},{"type":"Feature","geometry":{"type":"Point","coordinates":[-123.4484,48.576]},"properties":{"name":"EV charging","network":"EV charging","status":"unknown","source":"OpenStreetMap (charge-finder mirror)"}},{"type":"Feature","geometry":{"type":"Point","coordinates":[-76.1456,43.0441]},"properties":{"name":"ChargePoint","network":"ChargePoint","status":"unknown","source":"OpenStreetMap (charge-finder mirror)"}},{"type":"Feature","geometry":{"type":"Point","coordinates":[-76.1461,43.0441]},"properties":{"name":"ChargePoint","network":"ChargePoint","status":"unknown","source":"OpenStreetMap (charge-finder mirror)"}},{"type":"Feature","geometry":{"type":"Point","coordinates":[-76.1466,43.0441]},"properties":{"name":"ChargePoint","network":"ChargePoint","status":"unknown","source":"OpenStreetMap (charge-finder mirror)"}},{"type":"Feature","geometry":{"type":"Point","coordinates":[-76.1468,43.0441]},"properties":{"name":"ChargePoint","network":"ChargePoint","status":"unknown","source":"OpenStreetMap (charge-finder mirror)"}},{"type":"Feature","geometry":{"type":"Point","coordinates":[-76.0644,43.0369]},"properties":{"name":"National Grid","network":"National Grid","status":"24/7","source":"OpenStreetMap (charge-finder mirror)"}},{"type":"Feature","geometry":{"type":"Point","coordinates":[-76.1476,43.0507]},"properties":{"name":"EV charging","network":"EV charging","status":"unknown","source":"OpenStreetMap (charge-finder mirror)"}},{"type":"Feature","geometry":{"type":"Point","coordinates":[-122.0635,36.9993]},"properties":{"name":"EV charging","network":"EV charging","status":"unknown","source":"OpenStreetMap (charge-finder mirror)"}},{"type":"Feature","geometry":{"type":"Point","coordinates":[-80.0533,40.612]},"properties":{"name":"Blink","network":"Blink","status":"unknown","source":"OpenStreetMap (charge-finder mirror)"}},{"type":"Feature","geometry":{"type":"Point","coordinates":[-81.3354,41.147]},"properties":{"name":"Kent State University","network":"Kent State University","status":"unknown","source":"OpenStreetMap (charge-finder mirror)"}},{"type":"Feature","geometry":{"type":"Point","coordinates":[-122.028,36.9737]},"properties":{"name":"ChargePoint","network":"ChargePoint","status":"unknown","source":"OpenStreetMap (charge-finder mirror)"}},{"type":"Feature","geometry":{"type":"Point","coordinates":[-122.8948,47.0359]},"properties":{"name":"Blink","network":"Blink","stalls":8,"status":"unknown","source":"OpenStreetMap (charge-finder mirror)"}},{"type":"Feature","geometry":{"type":"Point","coordinates":[-92.4671,42.7252]},"properties":{"name":"EV charging","network":"EV charging","status":"unknown","source":"OpenStreetMap (charge-finder mirror)"}},{"type":"Feature","geometry":{"type":"Point","coordinates":[-119.6362,37.473]},"properties":{"name":"EV charging","network":"EV charging","status":"unknown","source":"OpenStreetMap (charge-finder mirror)"}},{"type":"Feature","geometry":{"type":"Point","coordinates":[-95.4343,29.7764]},"properties":{"name":"Blink","network":"Blink","status":"unknown","source":"OpenStreetMap (charge-finder mirror)"}},{"type":"Feature","geometry":{"type":"Point","coordinates":[-95.4343,29.7764]},"properties":{"name":"Blink","network":"Blink","status":"unknown","source":"OpenStreetMap (charge-finder mirror)"}},{"type":"Feature","geometry":{"type":"Point","coordinates":[-122.0266,36.9727]},"properties":{"name":"EV charging","network":"EV charging","stalls":2,"status":"unknown","source":"OpenStreetMap (charge-finder mirror)"}},{"type":"Feature","geometry":{"type":"Point","coordinates":[-117.9265,33.815]},"properties":{"name":"ChargePoint","network":"ChargePoint","stalls":20,"status":"unknown","source":"OpenStreetMap (charge-finder mirror)"}},{"type":"Feature","geometry":{"type":"Point","coordinates":[-122.13,47.6793]},"properties":{"name":"ChargePoint","network":"ChargePoint","status":"unknown","source":"OpenStreetMap (charge-finder mirror)"}},{"type":"Feature","geometry":{"type":"Point","coordinates":[-117.858,33.912]},"properties":{"name":"EV charging","network":"EV charging","status":"unknown","source":"OpenStreetMap (charge-finder mirror)"}},{"type":"Feature","geometry":{"type":"Point","coordinates":[-76.0184,43.0335]},"properties":{"name":"EV charging","network":"EV charging","status":"unknown","source":"OpenStreetMap (charge-finder mirror)"}},{"type":"Feature","geometry":{"type":"Point","coordinates":[-84.4577,33.9017]},"properties":{"name":"Parkwood Point","network":"Parkwood Point","stalls":4,"status":"unknown","source":"OpenStreetMap (charge-finder mirror)"}},{"type":"Feature","geometry":{"type":"Point","coordinates":[-80.5445,43.4658]},"properties":{"name":"University of Waterloo","network":"University of Waterloo","status":"24/7","source":"OpenStreetMap (charge-finder mirror)"}},{"type":"Feature","geometry":{"type":"Point","coordinates":[-71.4479,42.555]},"properties":{"name":"EV charging","network":"EV charging","status":"unknown","source":"OpenStreetMap (charge-finder mirror)"}},{"type":"Feature","geometry":{"type":"Point","coordinates":[-88.2396,40.0913]},"properties":{"name":"Schneider Electric","network":"Schneider Electric","stalls":1,"status":"unknown","source":"OpenStreetMap (charge-finder mirror)"}},{"type":"Feature","geometry":{"type":"Point","coordinates":[-78.896,43.9422]},"properties":{"name":"EV charging","network":"EV charging","stalls":2,"status":"unknown","source":"OpenStreetMap (charge-finder mirror)"}},{"type":"Feature","geometry":{"type":"Point","coordinates":[-81.3779,28.5598]},"properties":{"name":"EV charging","network":"EV charging","status":"unknown","source":"OpenStreetMap (charge-finder mirror)"}},{"type":"Feature","geometry":{"type":"Point","coordinates":[-86.1315,39.9986]},"properties":{"name":"EV charging","network":"EV charging","stalls":2,"status":"unknown","source":"OpenStreetMap (charge-finder mirror)"}},{"type":"Feature","geometry":{"type":"Point","coordinates":[-118.5245,34.2377]},"properties":{"name":"G3 Charging Station","network":"California State University, Northridge","status":"unknown","source":"OpenStreetMap (charge-finder mirror)"}},{"type":"Feature","geometry":{"type":"Point","coordinates":[-83.7477,42.2837]},"properties":{"name":"Ann Arbor Downtown Development Authority","network":"Ann Arbor Downtown Development Authority","stalls":1,"status":"unknown","source":"OpenStreetMap (charge-finder mirror)"}},{"type":"Feature","geometry":{"type":"Point","coordinates":[-79.9382,40.455]},"properties":{"name":"EV charging","network":"EV charging","status":"unknown","source":"OpenStreetMap (charge-finder mirror)"}},{"type":"Feature","geometry":{"type":"Point","coordinates":[-97.714,30.2718]},"properties":{"name":"PIE AE ROSEWOOD PARK #2","network":"ChargePoint","stalls":2,"status":"24/7","source":"OpenStreetMap (charge-finder mirror)"}},{"type":"Feature","geometry":{"type":"Point","coordinates":[-76.1477,43.0507]},"properties":{"name":"EV charging","network":"EV charging","status":"unknown","source":"OpenStreetMap (charge-finder mirror)"}},{"type":"Feature","geometry":{"type":"Point","coordinates":[-76.1477,43.0507]},"properties":{"name":"EV charging","network":"EV charging","status":"unknown","source":"OpenStreetMap (charge-finder mirror)"}},{"type":"Feature","geometry":{"type":"Point","coordinates":[-76.1478,43.0507]},"properties":{"name":"EV charging","network":"EV charging","status":"unknown","source":"OpenStreetMap (charge-finder mirror)"}},{"type":"Feature","geometry":{"type":"Point","coordinates":[-121.2851,38.7473]},"properties":{"name":"Roseville Electric","network":"Roseville Electric","stalls":2,"status":"unknown","source":"OpenStreetMap (charge-finder mirror)"}},{"type":"Feature","geometry":{"type":"Point","coordinates":[-121.3168,38.7962]},"properties":{"name":"ChargePoint","network":"ChargePoint","stalls":2,"status":"unknown","source":"OpenStreetMap (charge-finder mirror)"}},{"type":"Feature","geometry":{"type":"Point","coordinates":[-97.1553,33.239]},"properties":{"name":"ChargePoint","network":"ChargePoint","status":"24/7","source":"OpenStreetMap (charge-finder mirror)"}},{"type":"Feature","geometry":{"type":"Point","coordinates":[-97.1553,33.239]},"properties":{"name":"ChargePoint","network":"ChargePoint","status":"24/7","source":"OpenStreetMap (charge-finder mirror)"}},{"type":"Feature","geometry":{"type":"Point","coordinates":[-78.7612,35.8234]},"properties":{"name":"SAS","network":"SAS","stalls":4,"status":"unknown","source":"OpenStreetMap (charge-finder mirror)"}},{"type":"Feature","geometry":{"type":"Point","coordinates":[-78.7571,35.8222]},"properties":{"name":"SAS","network":"SAS","stalls":4,"status":"unknown","source":"OpenStreetMap (charge-finder mirror)"}},{"type":"Feature","geometry":{"type":"Point","coordinates":[-121.2157,38.7889]},"properties":{"name":"ChargePoint","network":"ChargePoint","stalls":1,"status":"unknown","source":"OpenStreetMap (charge-finder mirror)"}},{"type":"Feature","geometry":{"type":"Point","coordinates":[-121.2157,38.789]},"properties":{"name":"ChargePoint","network":"ChargePoint","stalls":2,"status":"unknown","source":"OpenStreetMap (charge-finder mirror)"}},{"type":"Feature","geometry":{"type":"Point","coordinates":[-76.6399,39.4737]},"properties":{"name":"Toyota","network":"Toyota","status":"unknown","source":"OpenStreetMap (charge-finder mirror)"}},{"type":"Feature","geometry":{"type":"Point","coordinates":[-122.0045,37.3855]},"properties":{"name":"EV charging","network":"EV charging","status":"unknown","source":"OpenStreetMap (charge-finder mirror)"}},{"type":"Feature","geometry":{"type":"Point","coordinates":[-79.5676,43.6568]},"properties":{"name":"EV charging","network":"EV charging","stalls":8,"status":"unknown","source":"OpenStreetMap (charge-finder mirror)"}},{"type":"Feature","geometry":{"type":"Point","coordinates":[-121.3382,38.5517]},"properties":{"name":"Sacramento County Yard Level-2 EV Charger","network":"ChargePoint","status":"unknown","source":"OpenStreetMap (charge-finder mirror)"}},{"type":"Feature","geometry":{"type":"Point","coordinates":[-124.8129,49.2564]},"properties":{"name":"Victoria Quay, Port Alberni","network":"EV charging","status":"unknown","source":"OpenStreetMap (charge-finder mirror)"}},{"type":"Feature","geometry":{"type":"Point","coordinates":[-122.2145,37.7153]},"properties":{"name":"EV charging","network":"EV charging","status":"unknown","source":"OpenStreetMap (charge-finder mirror)"}},{"type":"Feature","geometry":{"type":"Point","coordinates":[-73.4112,41.5785]},"properties":{"name":"ChargePoint","network":"ChargePoint","stalls":1,"status":"unknown","source":"OpenStreetMap (charge-finder mirror)"}},{"type":"Feature","geometry":{"type":"Point","coordinates":[-78.6499,35.8994]},"properties":{"name":"ChargePoint","network":"ChargePoint","stalls":2,"status":"unknown","source":"OpenStreetMap (charge-finder mirror)"}},{"type":"Feature","geometry":{"type":"Point","coordinates":[-122.2108,37.7119]},"properties":{"name":"EV charging","network":"EV charging","status":"unknown","source":"OpenStreetMap (charge-finder mirror)"}},{"type":"Feature","geometry":{"type":"Point","coordinates":[-122.2109,37.7119]},"properties":{"name":"EV charging","network":"EV charging","status":"unknown","source":"OpenStreetMap (charge-finder mirror)"}},{"type":"Feature","geometry":{"type":"Point","coordinates":[-122.2109,37.712]},"properties":{"name":"EV charging","network":"EV charging","status":"unknown","source":"OpenStreetMap (charge-finder mirror)"}},{"type":"Feature","geometry":{"type":"Point","coordinates":[-122.211,37.712]},"properties":{"name":"EV charging","network":"EV charging","status":"unknown","source":"OpenStreetMap (charge-finder mirror)"}},{"type":"Feature","geometry":{"type":"Point","coordinates":[-122.211,37.712]},"properties":{"name":"EV charging","network":"EV charging","status":"unknown","source":"OpenStreetMap (charge-finder mirror)"}},{"type":"Feature","geometry":{"type":"Point","coordinates":[-122.2111,37.712]},"properties":{"name":"EV charging","network":"EV charging","status":"unknown","source":"OpenStreetMap (charge-finder mirror)"}},{"type":"Feature","geometry":{"type":"Point","coordinates":[-122.2111,37.7121]},"properties":{"name":"EV charging","network":"EV charging","status":"unknown","source":"OpenStreetMap (charge-finder mirror)"}},{"type":"Feature","geometry":{"type":"Point","coordinates":[-122.2112,37.7121]},"properties":{"name":"EV charging","network":"EV charging","status":"unknown","source":"OpenStreetMap (charge-finder mirror)"}},{"type":"Feature","geometry":{"type":"Point","coordinates":[-112.0091,33.6542]},"properties":{"name":"Blink","network":"Blink","stalls":1,"status":"unknown","source":"OpenStreetMap (charge-finder mirror)"}},{"type":"Feature","geometry":{"type":"Point","coordinates":[-112.0091,33.6542]},"properties":{"name":"Blink","network":"Blink","stalls":1,"status":"unknown","source":"OpenStreetMap (charge-finder mirror)"}},{"type":"Feature","geometry":{"type":"Point","coordinates":[-112.0721,33.4812]},"properties":{"name":"Blink","network":"Blink","stalls":1,"status":"unknown","source":"OpenStreetMap (charge-finder mirror)"}},{"type":"Feature","geometry":{"type":"Point","coordinates":[-112.0689,33.4451]},"properties":{"name":"Blink","network":"Blink","stalls":1,"status":"unknown","source":"OpenStreetMap (charge-finder mirror)"}},{"type":"Feature","geometry":{"type":"Point","coordinates":[-112.069,33.4451]},"properties":{"name":"Blink","network":"Blink","stalls":1,"status":"unknown","source":"OpenStreetMap (charge-finder mirror)"}},{"type":"Feature","geometry":{"type":"Point","coordinates":[-112.0636,33.4507]},"properties":{"name":"Blink","network":"Blink","stalls":1,"status":"unknown","source":"OpenStreetMap (charge-finder mirror)"}},{"type":"Feature","geometry":{"type":"Point","coordinates":[-90.1919,38.63]},"properties":{"name":"EV charging","network":"EV charging","stalls":2,"status":"unknown","source":"OpenStreetMap (charge-finder mirror)"}},{"type":"Feature","geometry":{"type":"Point","coordinates":[-90.2985,38.6556]},"properties":{"name":"Moonrise Hotel","network":"Moonrise Hotel","status":"unknown","source":"OpenStreetMap (charge-finder mirror)"}},{"type":"Feature","geometry":{"type":"Point","coordinates":[-76.9375,38.9863]},"properties":{"name":"SemaCharge","network":"EV charging","stalls":1,"status":"24/7","source":"OpenStreetMap (charge-finder mirror)"}},{"type":"Feature","geometry":{"type":"Point","coordinates":[-76.5851,38.5369]},"properties":{"name":"Community Resouces","network":"SemaCharge","stalls":5,"status":"24/7","source":"OpenStreetMap (charge-finder mirror)"}},{"type":"Feature","geometry":{"type":"Point","coordinates":[-71.247,46.827]},"properties":{"name":"EV charging","network":"EV charging","status":"unknown","source":"OpenStreetMap (charge-finder mirror)"}},{"type":"Feature","geometry":{"type":"Point","coordinates":[-83.6224,41.3754]},"properties":{"name":"Bowling Green State Universtiy","network":"Bowling Green State Universtiy","status":"unknown","source":"OpenStreetMap (charge-finder mirror)"}},{"type":"Feature","geometry":{"type":"Point","coordinates":[-118.3452,34.1933]},"properties":{"name":"ChargePoint","network":"ChargePoint","status":"unknown","source":"OpenStreetMap (charge-finder mirror)"}},{"type":"Feature","geometry":{"type":"Point","coordinates":[-122.8401,45.3554]},"properties":{"name":"Sherwood Center for the Arts","network":"City of Sherwood","status":"unknown","source":"OpenStreetMap (charge-finder mirror)"}},{"type":"Feature","geometry":{"type":"Point","coordinates":[-105.1035,39.9193]},"properties":{"name":"ChargePoint","network":"ChargePoint","stalls":4,"status":"unknown","source":"OpenStreetMap (charge-finder mirror)"}},{"type":"Feature","geometry":{"type":"Point","coordinates":[-123.3952,48.4813]},"properties":{"name":"EV charging","network":"EV charging","status":"unknown","source":"OpenStreetMap (charge-finder mirror)"}},{"type":"Feature","geometry":{"type":"Point","coordinates":[-122.6786,45.5012]},"properties":{"name":"OpConnect","network":"OpConnect","status":"unknown","source":"OpenStreetMap (charge-finder mirror)"}},{"type":"Feature","geometry":{"type":"Point","coordinates":[-90.3199,38.6137]},"properties":{"name":"Electric Car Charging Station","network":"EV charging","status":"unknown","source":"OpenStreetMap (charge-finder mirror)"}},{"type":"Feature","geometry":{"type":"Point","coordinates":[-83.6444,41.3768]},"properties":{"name":"Bowling Green State University","network":"Bowling Green State University","status":"unknown","source":"OpenStreetMap (charge-finder mirror)"}},{"type":"Feature","geometry":{"type":"Point","coordinates":[-71.215,46.8377]},"properties":{"name":"V\u00e9loasis","network":"V\u00e9loasis","status":"unknown","source":"OpenStreetMap (charge-finder mirror)"}},{"type":"Feature","geometry":{"type":"Point","coordinates":[-105.1604,39.9565]},"properties":{"name":"ChargePoint","network":"ChargePoint","stalls":8,"status":"unknown","source":"OpenStreetMap (charge-finder mirror)"}},{"type":"Feature","geometry":{"type":"Point","coordinates":[-105.1734,39.9549]},"properties":{"name":"ChargePoint","network":"ChargePoint","stalls":2,"status":"unknown","source":"OpenStreetMap (charge-finder mirror)"}},{"type":"Feature","geometry":{"type":"Point","coordinates":[-83.6493,41.374]},"properties":{"name":"Gexpro","network":"Gexpro","status":"unknown","source":"OpenStreetMap (charge-finder mirror)"}},{"type":"Feature","geometry":{"type":"Point","coordinates":[-112.0771,33.4434]},"properties":{"name":"Blink","network":"Blink","stalls":2,"status":"unknown","source":"OpenStreetMap (charge-finder mirror)"}},{"type":"Feature","geometry":{"type":"Point","coordinates":[-112.0772,33.4434]},"properties":{"name":"Blink","network":"Blink","stalls":2,"status":"unknown","source":"OpenStreetMap (charge-finder mirror)"}},{"type":"Feature","geometry":{"type":"Point","coordinates":[-112.0774,33.4435]},"properties":{"name":"Blink","network":"Blink","stalls":1,"status":"unknown","source":"OpenStreetMap (charge-finder mirror)"}},{"type":"Feature","geometry":{"type":"Point","coordinates":[-112.0775,33.4435]},"properties":{"name":"Blink","network":"Blink","stalls":1,"status":"unknown","source":"OpenStreetMap (charge-finder mirror)"}},{"type":"Feature","geometry":{"type":"Point","coordinates":[-112.0775,33.4436]},"properties":{"name":"Blink","network":"Blink","stalls":1,"status":"unknown","source":"OpenStreetMap (charge-finder mirror)"}},{"type":"Feature","geometry":{"type":"Point","coordinates":[-112.0775,33.4436]},"properties":{"name":"Blink","network":"Blink","stalls":1,"status":"unknown","source":"OpenStreetMap (charge-finder mirror)"}},{"type":"Feature","geometry":{"type":"Point","coordinates":[-112.0772,33.4438]},"properties":{"name":"Blink","network":"Blink","stalls":1,"status":"unknown","source":"OpenStreetMap (charge-finder mirror)"}},{"type":"Feature","geometry":{"type":"Point","coordinates":[-112.0526,33.4481]},"properties":{"name":"Blink","network":"Blink","stalls":2,"status":"unknown","source":"OpenStreetMap (charge-finder mirror)"}},{"type":"Feature","geometry":{"type":"Point","coordinates":[-77.0436,37.4988]},"properties":{"name":"EV charging","network":"EV charging","stalls":5,"status":"unknown","source":"OpenStreetMap (charge-finder mirror)"}},{"type":"Feature","geometry":{"type":"Point","coordinates":[-86.109,39.9109]},"properties":{"name":"EV charging","network":"EV charging","stalls":2,"status":"unknown","source":"OpenStreetMap (charge-finder mirror)"}},{"type":"Feature","geometry":{"type":"Point","coordinates":[-86.1105,39.915]},"properties":{"name":"EV charging","network":"EV charging","stalls":2,"status":"unknown","source":"OpenStreetMap (charge-finder mirror)"}},{"type":"Feature","geometry":{"type":"Point","coordinates":[-86.1084,39.9264]},"properties":{"name":"EV charging","network":"EV charging","stalls":1,"status":"unknown","source":"OpenStreetMap (charge-finder mirror)"}},{"type":"Feature","geometry":{"type":"Point","coordinates":[-86.1,39.9275]},"properties":{"name":"EV charging","network":"EV charging","stalls":2,"status":"unknown","source":"OpenStreetMap (charge-finder mirror)"}},{"type":"Feature","geometry":{"type":"Point","coordinates":[-86.1001,39.929]},"properties":{"name":"EV charging","network":"EV charging","stalls":2,"status":"unknown","source":"OpenStreetMap (charge-finder mirror)"}},{"type":"Feature","geometry":{"type":"Point","coordinates":[-86.1607,39.9731]},"properties":{"name":"EV charging","network":"EV charging","stalls":1,"status":"unknown","source":"OpenStreetMap (charge-finder mirror)"}},{"type":"Feature","geometry":{"type":"Point","coordinates":[-123.129,49.2381]},"properties":{"name":"EV charging","network":"EV charging","status":"unknown","source":"OpenStreetMap (charge-finder mirror)"}},{"type":"Feature","geometry":{"type":"Point","coordinates":[-93.2807,44.9741]},"properties":{"name":"EV charging","network":"EV charging","status":"unknown","source":"OpenStreetMap (charge-finder mirror)"}},{"type":"Feature","geometry":{"type":"Point","coordinates":[-72.5953,41.2803]},"properties":{"name":"EV charging","network":"EV charging","status":"unknown","source":"OpenStreetMap (charge-finder mirror)"}},{"type":"Feature","geometry":{"type":"Point","coordinates":[-94.4146,39.0933]},"properties":{"name":"EV charging","network":"EV charging","status":"unknown","source":"OpenStreetMap (charge-finder mirror)"}},{"type":"Feature","geometry":{"type":"Point","coordinates":[-121.9436,37.4911]},"properties":{"name":"EV charging","network":"EV charging","status":"unknown","source":"OpenStreetMap (charge-finder mirror)"}},{"type":"Feature","geometry":{"type":"Point","coordinates":[-121.9437,37.4912]},"properties":{"name":"EV charging","network":"EV charging","status":"unknown","source":"OpenStreetMap (charge-finder mirror)"}},{"type":"Feature","geometry":{"type":"Point","coordinates":[-121.9437,37.4913]},"properties":{"name":"EV charging","network":"EV charging","status":"unknown","source":"OpenStreetMap (charge-finder mirror)"}},{"type":"Feature","geometry":{"type":"Point","coordinates":[-121.9438,37.4914]},"properties":{"name":"EV charging","network":"EV charging","status":"unknown","source":"OpenStreetMap (charge-finder mirror)"}},{"type":"Feature","geometry":{"type":"Point","coordinates":[-121.9439,37.4916]},"properties":{"name":"EV charging","network":"EV charging","status":"unknown","source":"OpenStreetMap (charge-finder mirror)"}},{"type":"Feature","geometry":{"type":"Point","coordinates":[-121.9439,37.4917]},"properties":{"name":"EV charging","network":"EV charging","status":"unknown","source":"OpenStreetMap (charge-finder mirror)"}},{"type":"Feature","geometry":{"type":"Point","coordinates":[-121.944,37.4918]},"properties":{"name":"EV charging","network":"EV charging","status":"unknown","source":"OpenStreetMap (charge-finder mirror)"}},{"type":"Feature","geometry":{"type":"Point","coordinates":[-121.9441,37.4919]},"properties":{"name":"EV charging","network":"EV charging","status":"unknown","source":"OpenStreetMap (charge-finder mirror)"}},{"type":"Feature","geometry":{"type":"Point","coordinates":[-121.9441,37.492]},"properties":{"name":"EV charging","network":"EV charging","status":"unknown","source":"OpenStreetMap (charge-finder mirror)"}},{"type":"Feature","geometry":{"type":"Point","coordinates":[-84.4236,33.9632]},"properties":{"name":"East Cobb Government Service Center","network":"East Cobb Government Service Center","stalls":2,"status":"unknown","source":"OpenStreetMap (charge-finder mirror)"}},{"type":"Feature","geometry":{"type":"Point","coordinates":[-122.2911,49.0465]},"properties":{"name":"FLO","network":"FLO","status":"unknown","source":"OpenStreetMap (charge-finder mirror)"}},{"type":"Feature","geometry":{"type":"Point","coordinates":[-78.893,33.68]},"properties":{"name":"EV charging","network":"EV charging","status":"unknown","source":"OpenStreetMap (charge-finder mirror)"}},{"type":"Feature","geometry":{"type":"Point","coordinates":[-75.6043,38.3453]},"properties":{"name":"EV charging","network":"EV charging","status":"unknown","source":"OpenStreetMap (charge-finder mirror)"}},{"type":"Feature","geometry":{"type":"Point","coordinates":[-82.3994,34.8525]},"properties":{"name":"Fast Charger","network":"City of Greenville","stalls":2,"status":"unknown","source":"OpenStreetMap (charge-finder mirror)"}},{"type":"Feature","geometry":{"type":"Point","coordinates":[-83.6423,41.3822]},"properties":{"name":"Bowling Green State University","network":"Bowling Green State University","status":"unknown","source":"OpenStreetMap (charge-finder mirror)"}},{"type":"Feature","geometry":{"type":"Point","coordinates":[-122.2648,49.0282]},"properties":{"name":"EcoDairy ABB Fast-Charge","network":"Greenlots Canada","status":"24/7","source":"OpenStreetMap (charge-finder mirror)"}},{"type":"Feature","geometry":{"type":"Point","coordinates":[-76.6618,39.3517]},"properties":{"name":"EV charging","network":"EV charging","status":"unknown","source":"OpenStreetMap (charge-finder mirror)"}},{"type":"Feature","geometry":{"type":"Point","coordinates":[-76.8568,39.214]},"properties":{"name":"ChargePoint","network":"ChargePoint","stalls":7,"status":"unknown","source":"OpenStreetMap (charge-finder mirror)"}},{"type":"Feature","geometry":{"type":"Point","coordinates":[-76.8393,39.2198]},"properties":{"name":"Blink","network":"Blink","stalls":1,"status":"unknown","source":"OpenStreetMap (charge-finder mirror)"}},{"type":"Feature","geometry":{"type":"Point","coordinates":[-76.8569,39.2806]},"properties":{"name":"eVgo","network":"eVgo","stalls":1,"status":"24/7","source":"OpenStreetMap (charge-finder mirror)"}},{"type":"Feature","geometry":{"type":"Point","coordinates":[-76.941,39.2092]},"properties":{"name":"SemaCharge","network":"EV charging","stalls":1,"status":"unknown","source":"OpenStreetMap (charge-finder mirror)"}},{"type":"Feature","geometry":{"type":"Point","coordinates":[-77.0321,38.9175]},"properties":{"name":"EV charging","network":"EV charging","status":"unknown","source":"OpenStreetMap (charge-finder mirror)"}},{"type":"Feature","geometry":{"type":"Point","coordinates":[-76.9443,39.2126]},"properties":{"name":"EV charging","network":"EV charging","stalls":3,"status":"unknown","source":"OpenStreetMap (charge-finder mirror)"}},{"type":"Feature","geometry":{"type":"Point","coordinates":[-75.5792,38.3888]},"properties":{"name":"EV charging","network":"EV charging","status":"unknown","source":"OpenStreetMap (charge-finder mirror)"}},{"type":"Feature","geometry":{"type":"Point","coordinates":[-75.5663,38.4093]},"properties":{"name":"EV charging","network":"EV charging","status":"unknown","source":"OpenStreetMap (charge-finder mirror)"}},{"type":"Feature","geometry":{"type":"Point","coordinates":[-76.1583,38.9823]},"properties":{"name":"eVgo","network":"EVgo","stalls":2,"status":"unknown","source":"OpenStreetMap (charge-finder mirror)"}},{"type":"Feature","geometry":{"type":"Point","coordinates":[-77.0242,38.9006]},"properties":{"name":"eVgo","network":"eVgo","stalls":19,"status":"unknown","source":"OpenStreetMap (charge-finder mirror)"}},{"type":"Feature","geometry":{"type":"Point","coordinates":[-77.2427,38.9288]},"properties":{"name":"EV charging","network":"EV charging","status":"unknown","source":"OpenStreetMap (charge-finder mirror)"}},{"type":"Feature","geometry":{"type":"Point","coordinates":[-77.4128,39.3761]},"properties":{"name":"sema","network":"sema","stalls":2,"status":"unknown","source":"OpenStreetMap (charge-finder mirror)"}},{"type":"Feature","geometry":{"type":"Point","coordinates":[-77.1546,39.3755]},"properties":{"name":"EV charging","network":"EV charging","status":"unknown","source":"OpenStreetMap (charge-finder mirror)"}},{"type":"Feature","geometry":{"type":"Point","coordinates":[-76.6917,39.2385]},"properties":{"name":"ChargePoint","network":"EV charging","stalls":2,"status":"24/7","source":"OpenStreetMap (charge-finder mirror)"}},{"type":"Feature","geometry":{"type":"Point","coordinates":[-77.4288,37.5344]},"properties":{"name":"EV charging","network":"EV charging","stalls":1,"status":"unknown","source":"OpenStreetMap (charge-finder mirror)"}},{"type":"Feature","geometry":{"type":"Point","coordinates":[-78.3668,38.0172]},"properties":{"name":"EV charging","network":"EV charging","stalls":3,"status":"unknown","source":"OpenStreetMap (charge-finder mirror)"}},{"type":"Feature","geometry":{"type":"Point","coordinates":[-78.4694,38.0232]},"properties":{"name":"EV charging","network":"EV charging","stalls":1,"status":"24/7","source":"OpenStreetMap (charge-finder mirror)"}},{"type":"Feature","geometry":{"type":"Point","coordinates":[-78.4731,38.0848]},"properties":{"name":"Colonial Nissan","network":"Colonial Nissan","stalls":1,"status":"unknown","source":"OpenStreetMap (charge-finder mirror)"}},{"type":"Feature","geometry":{"type":"Point","coordinates":[-111.8277,34.8533]},"properties":{"name":"EV charging","network":"EV charging","status":"unknown","source":"OpenStreetMap (charge-finder mirror)"}},{"type":"Feature","geometry":{"type":"Point","coordinates":[-75.6637,39.6622]},"properties":{"name":"Four Points by Sheraton Newark","network":"Four Points by Sheraton Newark","status":"unknown","source":"OpenStreetMap (charge-finder mirror)"}},{"type":"Feature","geometry":{"type":"Point","coordinates":[-75.4809,39.5617]},"properties":{"name":"EV charging","network":"EV charging","status":"unknown","source":"OpenStreetMap (charge-finder mirror)"}},{"type":"Feature","geometry":{"type":"Point","coordinates":[-78.6432,35.7783]},"properties":{"name":"Nash Square Charging Station","network":"City of Raleigh","status":"unknown","source":"OpenStreetMap (charge-finder mirror)"}},{"type":"Feature","geometry":{"type":"Point","coordinates":[-112.3299,33.6368]},"properties":{"name":"Blink","network":"Blink","stalls":4,"status":"unknown","source":"OpenStreetMap (charge-finder mirror)"}},{"type":"Feature","geometry":{"type":"Point","coordinates":[-112.3682,33.6307]},"properties":{"name":"Blink","network":"Blink","stalls":2,"status":"unknown","source":"OpenStreetMap (charge-finder mirror)"}},{"type":"Feature","geometry":{"type":"Point","coordinates":[-112.2396,33.5818]},"properties":{"name":"Blink","network":"Blink","stalls":2,"status":"unknown","source":"OpenStreetMap (charge-finder mirror)"}},{"type":"Feature","geometry":{"type":"Point","coordinates":[-112.2274,33.6437]},"properties":{"name":"Blink","network":"Blink","stalls":2,"status":"unknown","source":"OpenStreetMap (charge-finder mirror)"}},{"type":"Feature","geometry":{"type":"Point","coordinates":[-69.953,41.6848]},"properties":{"name":"EV charging","network":"EV charging","stalls":2,"status":"unknown","source":"OpenStreetMap (charge-finder mirror)"}},{"type":"Feature","geometry":{"type":"Point","coordinates":[-70.2994,41.6641]},"properties":{"name":"EV charging","network":"EV charging","stalls":2,"status":"unknown","source":"OpenStreetMap (charge-finder mirror)"}},{"type":"Feature","geometry":{"type":"Point","coordinates":[-70.3077,41.6761]},"properties":{"name":"ChargePoint","network":"ChargePoint","status":"unknown","source":"OpenStreetMap (charge-finder mirror)"}},{"type":"Feature","geometry":{"type":"Point","coordinates":[-87.2699,36.5125]},"properties":{"name":"EV charging","network":"EV charging","status":"24/7","source":"OpenStreetMap (charge-finder mirror)"}},{"type":"Feature","geometry":{"type":"Point","coordinates":[-84.079,37.1059]},"properties":{"name":"EV charging","network":"EV charging","stalls":1,"status":"24/7","source":"OpenStreetMap (charge-finder mirror)"}},{"type":"Feature","geometry":{"type":"Point","coordinates":[-120.666,35.4863]},"properties":{"name":"EV charging","network":"EV charging","stalls":1,"status":"unknown","source":"OpenStreetMap (charge-finder mirror)"}},{"type":"Feature","geometry":{"type":"Point","coordinates":[-76.9487,38.9914]},"properties":{"name":"EV charging","network":"EV charging","stalls":2,"status":"unknown","source":"OpenStreetMap (charge-finder mirror)"}},{"type":"Feature","geometry":{"type":"Point","coordinates":[-76.9373,38.9895]},"properties":{"name":"ChargePoint","network":"ChargePoint","status":"24/7","source":"OpenStreetMap (charge-finder mirror)"}},{"type":"Feature","geometry":{"type":"Point","coordinates":[-76.9426,38.9984]},"properties":{"name":"SemaCharge","network":"EV charging","stalls":1,"status":"24/7","source":"OpenStreetMap (charge-finder mirror)"}},{"type":"Feature","geometry":{"type":"Point","coordinates":[-76.9298,39.0082]},"properties":{"name":"EV charging","network":"EV charging","stalls":2,"status":"unknown","source":"OpenStreetMap (charge-finder mirror)"}},{"type":"Feature","geometry":{"type":"Point","coordinates":[-76.7358,38.9452]},"properties":{"name":"eVgo","network":"eVgo","stalls":2,"status":"24/7","source":"OpenStreetMap (charge-finder mirror)"}},{"type":"Feature","geometry":{"type":"Point","coordinates":[-87.629,34.8346]},"properties":{"name":"Greenway Nissan of Florence","network":"Greenway Nissan of Florence","stalls":4,"status":"unknown","source":"OpenStreetMap (charge-finder mirror)"}},{"type":"Feature","geometry":{"type":"Point","coordinates":[-86.7499,34.7112]},"properties":{"name":"EV charging","network":"EV charging","status":"24/7","source":"OpenStreetMap (charge-finder mirror)"}},{"type":"Feature","geometry":{"type":"Point","coordinates":[-79.7914,36.0692]},"properties":{"name":"EV charging","network":"EV charging","stalls":1,"status":"24/7","source":"OpenStreetMap (charge-finder mirror)"}},{"type":"Feature","geometry":{"type":"Point","coordinates":[-79.8765,36.0606]},"properties":{"name":"EV charging","network":"EV charging","stalls":3,"status":"unknown","source":"OpenStreetMap (charge-finder mirror)"}},{"type":"Feature","geometry":{"type":"Point","coordinates":[-79.8747,36.0603]},"properties":{"name":"EV charging","network":"EV charging","stalls":2,"status":"24/7","source":"OpenStreetMap (charge-finder mirror)"}},{"type":"Feature","geometry":{"type":"Point","coordinates":[-80.0033,35.9284]},"properties":{"name":"EV charging","network":"EV charging","stalls":2,"status":"unknown","source":"OpenStreetMap (charge-finder mirror)"}},{"type":"Feature","geometry":{"type":"Point","coordinates":[-80.4882,35.6443]},"properties":{"name":"EV charging","network":"EV charging","stalls":3,"status":"24/7","source":"OpenStreetMap (charge-finder mirror)"}},{"type":"Feature","geometry":{"type":"Point","coordinates":[-79.1804,35.4942]},"properties":{"name":"EV charging","network":"EV charging","status":"unknown","source":"OpenStreetMap (charge-finder mirror)"}},{"type":"Feature","geometry":{"type":"Point","coordinates":[-79.5468,36.0629]},"properties":{"name":"EV charging","network":"EV charging","status":"24/7","source":"OpenStreetMap (charge-finder mirror)"}},{"type":"Feature","geometry":{"type":"Point","coordinates":[-87.1152,37.7751]},"properties":{"name":"ChargePoint","network":"ChargePoint","status":"unknown","source":"OpenStreetMap (charge-finder mirror)"}},{"type":"Feature","geometry":{"type":"Point","coordinates":[-78.9125,35.992]},"properties":{"name":"EV charging","network":"EV charging","status":"24/7","source":"OpenStreetMap (charge-finder mirror)"}},{"type":"Feature","geometry":{"type":"Point","coordinates":[-72.9274,41.3059]},"properties":{"name":"EV charging","network":"EV charging","status":"24/7","source":"OpenStreetMap (charge-finder mirror)"}},{"type":"Feature","geometry":{"type":"Point","coordinates":[-77.0279,38.9003]},"properties":{"name":"EV charging","network":"EV charging","status":"unknown","source":"OpenStreetMap (charge-finder mirror)"}},{"type":"Feature","geometry":{"type":"Point","coordinates":[-115.1752,36.1097]},"properties":{"name":"The Cosmopolitan of Las Vegas","network":"The Cosmopolitan of Las Vegas","status":"24/7","source":"OpenStreetMap (charge-finder mirror)"}},{"type":"Feature","geometry":{"type":"Point","coordinates":[-122.6441,41.7031]},"properties":{"name":"Comfort Inn","network":"Comfort Inn","stalls":1,"status":"24/7","source":"OpenStreetMap (charge-finder mirror)"}},{"type":"Feature","geometry":{"type":"Point","coordinates":[-97.0199,42.2317]},"properties":{"name":"EV charging","network":"EV charging","status":"unknown","source":"OpenStreetMap (charge-finder mirror)"}},{"type":"Feature","geometry":{"type":"Point","coordinates":[-77.1157,39.05]},"properties":{"name":"eVgo","network":"EVgo","stalls":2,"status":"24/7","source":"OpenStreetMap (charge-finder mirror)"}},{"type":"Feature","geometry":{"type":"Point","coordinates":[-77.1232,39.0594]},"properties":{"name":"SemaCharge","network":"EV charging","stalls":2,"status":"unknown","source":"OpenStreetMap (charge-finder mirror)"}},{"type":"Feature","geometry":{"type":"Point","coordinates":[-77.1149,39.0629]},"properties":{"name":"Blink","network":"Blink","stalls":2,"status":"24/7","source":"OpenStreetMap (charge-finder mirror)"}},{"type":"Feature","geometry":{"type":"Point","coordinates":[-77.0636,39.1526]},"properties":{"name":"eVgo","network":"eVgo","stalls":1,"status":"24/7","source":"OpenStreetMap (charge-finder mirror)"}},{"type":"Feature","geometry":{"type":"Point","coordinates":[-76.9562,39.054]},"properties":{"name":"ChargePoint","network":"ChargePoint","status":"unknown","source":"OpenStreetMap (charge-finder mirror)"}},{"type":"Feature","geometry":{"type":"Point","coordinates":[-76.6759,39.188]},"properties":{"name":"SemaCharge","network":"BWI Airport","stalls":6,"status":"24/7","source":"OpenStreetMap (charge-finder mirror)"}},{"type":"Feature","geometry":{"type":"Point","coordinates":[-78.9654,33.7539]},"properties":{"name":"EV charging","network":"EV charging","stalls":3,"status":"unknown","source":"OpenStreetMap (charge-finder mirror)"}},{"type":"Feature","geometry":{"type":"Point","coordinates":[-76.7402,37.2794]},"properties":{"name":"Greenlots","network":"EV charging","status":"24/7","source":"OpenStreetMap (charge-finder mirror)"}},{"type":"Feature","geometry":{"type":"Point","coordinates":[-78.4888,38.062]},"properties":{"name":"Signet Systems","network":"Signet Systems","status":"24/7","source":"OpenStreetMap (charge-finder mirror)"}},{"type":"Feature","geometry":{"type":"Point","coordinates":[-77.6089,37.6503]},"properties":{"name":"EV charging","network":"EV charging","stalls":3,"status":"24/7","source":"OpenStreetMap (charge-finder mirror)"}},{"type":"Feature","geometry":{"type":"Point","coordinates":[-76.7554,39.2834]},"properties":{"name":"Blink","network":"Blink","stalls":1,"status":"unknown","source":"OpenStreetMap (charge-finder mirror)"}},{"type":"Feature","geometry":{"type":"Point","coordinates":[-76.7304,39.2879]},"properties":{"name":"SemaCharge","network":"EV charging","stalls":1,"status":"24/7","source":"OpenStreetMap (charge-finder mirror)"}},{"type":"Feature","geometry":{"type":"Point","coordinates":[-76.7514,39.3256]},"properties":{"name":"SemaCharge","network":"EV charging","stalls":2,"status":"unknown","source":"OpenStreetMap (charge-finder mirror)"}},{"type":"Feature","geometry":{"type":"Point","coordinates":[-76.8001,39.3698]},"properties":{"name":"SemaCharge","network":"EV charging","stalls":1,"status":"unknown","source":"OpenStreetMap (charge-finder mirror)"}},{"type":"Feature","geometry":{"type":"Point","coordinates":[-77.002,38.8788]},"properties":{"name":"ChargePoint","network":"ChargePoint","stalls":4,"status":"unknown","source":"OpenStreetMap (charge-finder mirror)"}},{"type":"Feature","geometry":{"type":"Point","coordinates":[-77.0657,38.9468]},"properties":{"name":"SemaCharge","network":"EV charging","stalls":2,"status":"unknown","source":"OpenStreetMap (charge-finder mirror)"}},{"type":"Feature","geometry":{"type":"Point","coordinates":[-94.2716,39.0058]},"properties":{"name":"ChargePoint","network":"ChargePoint","stalls":2,"status":"unknown","source":"OpenStreetMap (charge-finder mirror)"}},{"type":"Feature","geometry":{"type":"Point","coordinates":[-85.5036,36.1367]},"properties":{"name":"Blink","network":"Blink","stalls":3,"status":"unknown","source":"OpenStreetMap (charge-finder mirror)"}},{"type":"Feature","geometry":{"type":"Point","coordinates":[-116.1941,43.6075]},"properties":{"name":"EV charging","network":"EV charging","stalls":2,"status":"24/7","source":"OpenStreetMap (charge-finder mirror)"}},{"type":"Feature","geometry":{"type":"Point","coordinates":[-73.4427,41.3993]},"properties":{"name":"EV charging","network":"EV charging","stalls":2,"status":"24/7","source":"OpenStreetMap (charge-finder mirror)"}},{"type":"Feature","geometry":{"type":"Point","coordinates":[-73.5157,40.8036]},"properties":{"name":"eVgo","network":"eVgo","stalls":2,"status":"unknown","source":"OpenStreetMap (charge-finder mirror)"}},{"type":"Feature","geometry":{"type":"Point","coordinates":[-97.3369,32.749]},"properties":{"name":"eVgo","network":"eVgo","stalls":1,"status":"24/7","source":"OpenStreetMap (charge-finder mirror)"}},{"type":"Feature","geometry":{"type":"Point","coordinates":[-97.4209,32.81]},"properties":{"name":"eVgo","network":"eVgo","stalls":2,"status":"24/7","source":"OpenStreetMap (charge-finder mirror)"}},{"type":"Feature","geometry":{"type":"Point","coordinates":[-80.3478,26.0069]},"properties":{"name":"ChargePoint","network":"ChargePoint","status":"24/7","source":"OpenStreetMap (charge-finder mirror)"}},{"type":"Feature","geometry":{"type":"Point","coordinates":[-84.3663,33.9603]},"properties":{"name":"SemaCharge","network":"EV charging","stalls":1,"status":"unknown","source":"OpenStreetMap (charge-finder mirror)"}},{"type":"Feature","geometry":{"type":"Point","coordinates":[-97.5633,30.541]},"properties":{"name":"ChargePoint","network":"ChargePoint","stalls":2,"status":"unknown","source":"OpenStreetMap (charge-finder mirror)"}},{"type":"Feature","geometry":{"type":"Point","coordinates":[-112.0063,34.7226]},"properties":{"name":"EV charging","network":"EV charging","status":"24/7","source":"OpenStreetMap (charge-finder mirror)"}},{"type":"Feature","geometry":{"type":"Point","coordinates":[-90.2114,38.6]},"properties":{"name":"ChargePoint","network":"ChargePoint","stalls":2,"status":"unknown","source":"OpenStreetMap (charge-finder mirror)"}},{"type":"Feature","geometry":{"type":"Point","coordinates":[-90.2701,38.6279]},"properties":{"name":"EV charging","network":"EV charging","stalls":2,"status":"unknown","source":"OpenStreetMap (charge-finder mirror)"}},{"type":"Feature","geometry":{"type":"Point","coordinates":[-76.9835,38.539]},"properties":{"name":"SemaCharge","network":"EV charging","stalls":1,"status":"24/7","source":"OpenStreetMap (charge-finder mirror)"}},{"type":"Feature","geometry":{"type":"Point","coordinates":[-76.9041,38.6022]},"properties":{"name":"SemaCharge","network":"EV charging","stalls":1,"status":"unknown","source":"OpenStreetMap (charge-finder mirror)"}},{"type":"Feature","geometry":{"type":"Point","coordinates":[-76.9177,38.6224]},"properties":{"name":"SemaCharge","network":"EV charging","stalls":2,"status":"unknown","source":"OpenStreetMap (charge-finder mirror)"}},{"type":"Feature","geometry":{"type":"Point","coordinates":[-76.9327,38.6195]},"properties":{"name":"SemaCharge","network":"EV charging","stalls":2,"status":"24/7","source":"OpenStreetMap (charge-finder mirror)"}},{"type":"Feature","geometry":{"type":"Point","coordinates":[-77.087,38.6237]},"properties":{"name":"ChargePoint","network":"ChargePoint","stalls":1,"status":"unknown","source":"OpenStreetMap (charge-finder mirror)"}},{"type":"Feature","geometry":{"type":"Point","coordinates":[-76.7905,39.2504]},"properties":{"name":"EV charging","network":"EV charging","status":"unknown","source":"OpenStreetMap (charge-finder mirror)"}},{"type":"Feature","geometry":{"type":"Point","coordinates":[-76.7464,39.1814]},"properties":{"name":"ChargePoint","network":"ChargePoint","stalls":2,"status":"24/7","source":"OpenStreetMap (charge-finder mirror)"}},{"type":"Feature","geometry":{"type":"Point","coordinates":[-76.6846,39.1985]},"properties":{"name":"ChargePoint","network":"ChargePoint","stalls":6,"status":"unknown","source":"OpenStreetMap (charge-finder mirror)"}},{"type":"Feature","geometry":{"type":"Point","coordinates":[-76.6093,39.3713]},"properties":{"name":"ChargePoint","network":"ChargePoint","stalls":1,"status":"unknown","source":"OpenStreetMap (charge-finder mirror)"}},{"type":"Feature","geometry":{"type":"Point","coordinates":[-76.6102,36.0568]},"properties":{"name":"EV charging","network":"EV charging","stalls":2,"status":"24/7","source":"OpenStreetMap (charge-finder mirror)"}},{"type":"Feature","geometry":{"type":"Point","coordinates":[-73.0047,41.2647]},"properties":{"name":"EV charging","network":"EV charging","stalls":2,"status":"unknown","source":"OpenStreetMap (charge-finder mirror)"}},{"type":"Feature","geometry":{"type":"Point","coordinates":[-111.976,33.5832]},"properties":{"name":"EV charging","network":"EV charging","stalls":1,"status":"unknown","source":"OpenStreetMap (charge-finder mirror)"}},{"type":"Feature","geometry":{"type":"Point","coordinates":[-84.3956,33.7936]},"properties":{"name":"eVgo","network":"eVgo","stalls":2,"status":"24/7","source":"OpenStreetMap (charge-finder mirror)"}},{"type":"Feature","geometry":{"type":"Point","coordinates":[-84.3803,33.7639]},"properties":{"name":"EV charging","network":"EV charging","status":"24/7","source":"OpenStreetMap (charge-finder mirror)"}},{"type":"Feature","geometry":{"type":"Point","coordinates":[-84.367,33.7714]},"properties":{"name":"ChargePoint","network":"ChargePoint","status":"24/7","source":"OpenStreetMap (charge-finder mirror)"}},{"type":"Feature","geometry":{"type":"Point","coordinates":[-82.7293,27.9632]},"properties":{"name":"Greenlots","network":"Shell Recharge Solutions","status":"unknown","source":"OpenStreetMap (charge-finder mirror)"}},{"type":"Feature","geometry":{"type":"Point","coordinates":[-82.7367,27.9649]},"properties":{"name":"EV charging","network":"EV charging","status":"24/7","source":"OpenStreetMap (charge-finder mirror)"}},{"type":"Feature","geometry":{"type":"Point","coordinates":[-81.3006,29.0334]},"properties":{"name":"ChargePoint","network":"ChargePoint","status":"24/7","source":"OpenStreetMap (charge-finder mirror)"}},{"type":"Feature","geometry":{"type":"Point","coordinates":[-82.657,28.0341]},"properties":{"name":"ChargePoint","network":"ChargePoint","status":"24/7","source":"OpenStreetMap (charge-finder mirror)"}},{"type":"Feature","geometry":{"type":"Point","coordinates":[-82.7265,28.2372]},"properties":{"name":"Greenlots","network":"EV charging","status":"24/7","source":"OpenStreetMap (charge-finder mirror)"}},{"type":"Feature","geometry":{"type":"Point","coordinates":[-81.2659,28.812]},"properties":{"name":"ChargePoint","network":"ChargePoint","status":"24/7","source":"OpenStreetMap (charge-finder mirror)"}},{"type":"Feature","geometry":{"type":"Point","coordinates":[-81.3026,29.0374]},"properties":{"name":"ChargePoint","network":"ChargePoint","status":"24/7","source":"OpenStreetMap (charge-finder mirror)"}},{"type":"Feature","geometry":{"type":"Point","coordinates":[-81.3066,29.0276]},"properties":{"name":"EV charging","network":"EV charging","status":"24/7","source":"OpenStreetMap (charge-finder mirror)"}},{"type":"Feature","geometry":{"type":"Point","coordinates":[-81.2668,28.8142]},"properties":{"name":"ChargePoint","network":"ChargePoint","status":"24/7","source":"OpenStreetMap (charge-finder mirror)"}},{"type":"Feature","geometry":{"type":"Point","coordinates":[-81.3149,28.8254]},"properties":{"name":"ChargePoint","network":"ChargePoint","stalls":2,"status":"24/7","source":"OpenStreetMap (charge-finder mirror)"}},{"type":"Feature","geometry":{"type":"Point","coordinates":[-105.0244,39.7107]},"properties":{"name":"SemaCharge","network":"EV charging","stalls":1,"status":"unknown","source":"OpenStreetMap (charge-finder mirror)"}},{"type":"Feature","geometry":{"type":"Point","coordinates":[-105.0858,39.7087]},"properties":{"name":"ChargePoint","network":"ChargePoint","status":"24/7","source":"OpenStreetMap (charge-finder mirror)"}},{"type":"Feature","geometry":{"type":"Point","coordinates":[-105.3434,39.6517]},"properties":{"name":"SemaCharge","network":"EV charging","stalls":1,"status":"unknown","source":"OpenStreetMap (charge-finder mirror)"}},{"type":"Feature","geometry":{"type":"Point","coordinates":[-107.324,39.5452]},"properties":{"name":"ChargePoint","network":"ChargePoint","stalls":2,"status":"24/7","source":"OpenStreetMap (charge-finder mirror)"}},{"type":"Feature","geometry":{"type":"Point","coordinates":[-108.0503,39.4555]},"properties":{"name":"EV charging","network":"EV charging","stalls":1,"status":"unknown","source":"OpenStreetMap (charge-finder mirror)"}},{"type":"Feature","geometry":{"type":"Point","coordinates":[-108.5868,39.0873]},"properties":{"name":"EV charging","network":"EV charging","stalls":1,"status":"unknown","source":"OpenStreetMap (charge-finder mirror)"}},{"type":"Feature","geometry":{"type":"Point","coordinates":[-76.8379,39.1774]},"properties":{"name":"ChargePoint","network":"ChargePoint","status":"24/7","source":"OpenStreetMap (charge-finder mirror)"}},{"type":"Feature","geometry":{"type":"Point","coordinates":[-86.7108,36.3144]},"properties":{"name":"ChargePoint","network":"EV charging","status":"24/7","source":"OpenStreetMap (charge-finder mirror)"}},{"type":"Feature","geometry":{"type":"Point","coordinates":[-90.0749,29.9477]},"properties":{"name":"EV charging","network":"EV charging","stalls":1,"status":"24/7","source":"OpenStreetMap (charge-finder mirror)"}},{"type":"Feature","geometry":{"type":"Point","coordinates":[-90.1174,29.9204]},"properties":{"name":"EV charging","network":"EV charging","stalls":2,"status":"unknown","source":"OpenStreetMap (charge-finder mirror)"}},{"type":"Feature","geometry":{"type":"Point","coordinates":[-90.2571,29.9831]},"properties":{"name":"ChargePoint","network":"ChargePoint","status":"unknown","source":"OpenStreetMap (charge-finder mirror)"}},{"type":"Feature","geometry":{"type":"Point","coordinates":[-101.715,41.1257]},"properties":{"name":"ChargePoint","network":"ChargePoint","status":"unknown","source":"OpenStreetMap (charge-finder mirror)"}},{"type":"Feature","geometry":{"type":"Point","coordinates":[-104.9409,39.5284]},"properties":{"name":"Blink","network":"Blink","stalls":1,"status":"unknown","source":"OpenStreetMap (charge-finder mirror)"}},{"type":"Feature","geometry":{"type":"Point","coordinates":[-104.9927,39.5498]},"properties":{"name":"Blink","network":"Blink","stalls":1,"status":"unknown","source":"OpenStreetMap (charge-finder mirror)"}},{"type":"Feature","geometry":{"type":"Point","coordinates":[-104.8476,39.6973]},"properties":{"name":"SemaCharge","network":"EV charging","stalls":1,"status":"24/7","source":"OpenStreetMap (charge-finder mirror)"}},{"type":"Feature","geometry":{"type":"Point","coordinates":[-104.8094,39.6754]},"properties":{"name":"SemaCharge","network":"EV charging","stalls":1,"status":"24/7","source":"OpenStreetMap (charge-finder mirror)"}},{"type":"Feature","geometry":{"type":"Point","coordinates":[-104.9639,39.68]},"properties":{"name":"ChargePoint","network":"ChargePoint","stalls":1,"status":"24/7","source":"OpenStreetMap (charge-finder mirror)"}},{"type":"Feature","geometry":{"type":"Point","coordinates":[-105.0978,39.99]},"properties":{"name":"eVgo","network":"eVgo","stalls":3,"status":"24/7","source":"OpenStreetMap (charge-finder mirror)"}},{"type":"Feature","geometry":{"type":"Point","coordinates":[-105.0078,40.4089]},"properties":{"name":"Greenlots","network":"EV charging","stalls":1,"status":"unknown","source":"OpenStreetMap (charge-finder mirror)"}},{"type":"Feature","geometry":{"type":"Point","coordinates":[-118.3082,33.7528]},"properties":{"name":"eVgo","network":"NRG Energy","status":"24/7","source":"OpenStreetMap (charge-finder mirror)"}},{"type":"Feature","geometry":{"type":"Point","coordinates":[-118.4016,33.8629]},"properties":{"name":"eVgo","network":"eVgo","stalls":6,"status":"24/7","source":"OpenStreetMap (charge-finder mirror)"}},{"type":"Feature","geometry":{"type":"Point","coordinates":[-118.3826,33.9015]},"properties":{"name":"eVgo","network":"eVgo","stalls":8,"status":"24/7","source":"OpenStreetMap (charge-finder mirror)"}},{"type":"Feature","geometry":{"type":"Point","coordinates":[-118.1843,33.8174]},"properties":{"name":"eVgo","network":"NRG Energy","status":"24/7","source":"OpenStreetMap (charge-finder mirror)"}},{"type":"Feature","geometry":{"type":"Point","coordinates":[-119.8752,34.4284]},"properties":{"name":"EV charging","network":"EV charging","status":"unknown","source":"OpenStreetMap (charge-finder mirror)"}},{"type":"Feature","geometry":{"type":"Point","coordinates":[-119.8293,34.4419]},"properties":{"name":"EV charging","network":"EV charging","stalls":1,"status":"unknown","source":"OpenStreetMap (charge-finder mirror)"}},{"type":"Feature","geometry":{"type":"Point","coordinates":[-119.6903,34.4227]},"properties":{"name":"ChargePoint","network":"ChargePoint","status":"unknown","source":"OpenStreetMap (charge-finder mirror)"}},{"type":"Feature","geometry":{"type":"Point","coordinates":[-120.1015,34.6058]},"properties":{"name":"EV charging","network":"EV charging","stalls":2,"status":"24/7","source":"OpenStreetMap (charge-finder mirror)"}},{"type":"Feature","geometry":{"type":"Point","coordinates":[-120.1957,34.6146]},"properties":{"name":"ChargePoint","network":"ChargePoint","stalls":2,"status":"24/7","source":"OpenStreetMap (charge-finder mirror)"}},{"type":"Feature","geometry":{"type":"Point","coordinates":[-80.7559,28.3876]},"properties":{"name":"ChargePoint","network":"ChargePoint","stalls":2,"status":"24/7","source":"OpenStreetMap (charge-finder mirror)"}},{"type":"Feature","geometry":{"type":"Point","coordinates":[-105.9925,35.6405]},"properties":{"name":"EV charging","network":"EV charging","stalls":2,"status":"unknown","source":"OpenStreetMap (charge-finder mirror)"}},{"type":"Feature","geometry":{"type":"Point","coordinates":[-108.3509,39.1108]},"properties":{"name":"EV charging","network":"EV charging","status":"unknown","source":"OpenStreetMap (charge-finder mirror)"}},{"type":"Feature","geometry":{"type":"Point","coordinates":[-76.0279,36.8503]},"properties":{"name":"EV charging","network":"EV charging","stalls":2,"status":"unknown","source":"OpenStreetMap (charge-finder mirror)"}},{"type":"Feature","geometry":{"type":"Point","coordinates":[-76.1028,36.8391]},"properties":{"name":"EV charging","network":"EV charging","status":"unknown","source":"OpenStreetMap (charge-finder mirror)"}},{"type":"Feature","geometry":{"type":"Point","coordinates":[-76.21,36.8661]},"properties":{"name":"EV charging","network":"EV charging","stalls":2,"status":"24/7","source":"OpenStreetMap (charge-finder mirror)"}},{"type":"Feature","geometry":{"type":"Point","coordinates":[-76.2074,36.8606]},"properties":{"name":"EV charging","network":"EV charging","status":"unknown","source":"OpenStreetMap (charge-finder mirror)"}},{"type":"Feature","geometry":{"type":"Point","coordinates":[-80.7086,37.0765]},"properties":{"name":"EV charging","network":"EV charging","stalls":3,"status":"unknown","source":"OpenStreetMap (charge-finder mirror)"}},{"type":"Feature","geometry":{"type":"Point","coordinates":[-86.2512,41.6779]},"properties":{"name":"EV charging","network":"EV charging","status":"unknown","source":"OpenStreetMap (charge-finder mirror)"}},{"type":"Feature","geometry":{"type":"Point","coordinates":[-111.5514,40.7277]},"properties":{"name":"ChargePoint","network":"ChargePoint","stalls":4,"status":"unknown","source":"OpenStreetMap (charge-finder mirror)"}},{"type":"Feature","geometry":{"type":"Point","coordinates":[-84.9187,34.4625]},"properties":{"name":"eVgo","network":"eVgo","status":"unknown","source":"OpenStreetMap (charge-finder mirror)"}},{"type":"Feature","geometry":{"type":"Point","coordinates":[-82.9888,35.4914]},"properties":{"name":"ChargePoint","network":"ChargePoint","status":"24/7","source":"OpenStreetMap (charge-finder mirror)"}},{"type":"Feature","geometry":{"type":"Point","coordinates":[-82.5225,35.4998]},"properties":{"name":"EV charging","network":"EV charging","stalls":2,"status":"24/7","source":"OpenStreetMap (charge-finder mirror)"}},{"type":"Feature","geometry":{"type":"Point","coordinates":[-82.548,35.5941]},"properties":{"name":"Greenlots","network":"EV charging","status":"24/7","source":"OpenStreetMap (charge-finder mirror)"}},{"type":"Feature","geometry":{"type":"Point","coordinates":[-82.4621,35.317]},"properties":{"name":"EV charging","network":"EV charging","stalls":2,"status":"24/7","source":"OpenStreetMap (charge-finder mirror)"}},{"type":"Feature","geometry":{"type":"Point","coordinates":[-106.6497,35.0883]},"properties":{"name":"ChargePoint","network":"ChargePoint","status":"unknown","source":"OpenStreetMap (charge-finder mirror)"}},{"type":"Feature","geometry":{"type":"Point","coordinates":[-94.5921,39.042]},"properties":{"name":"ChargePoint","network":"ChargePoint","status":"unknown","source":"OpenStreetMap (charge-finder mirror)"}},{"type":"Feature","geometry":{"type":"Point","coordinates":[-94.6738,38.9136]},"properties":{"name":"ChargePoint","network":"ChargePoint","status":"unknown","source":"OpenStreetMap (charge-finder mirror)"}},{"type":"Feature","geometry":{"type":"Point","coordinates":[-94.6696,38.915]},"properties":{"name":"ChargePoint","network":"ChargePoint","status":"unknown","source":"OpenStreetMap (charge-finder mirror)"}},{"type":"Feature","geometry":{"type":"Point","coordinates":[-94.6613,38.9137]},"properties":{"name":"ChargePoint","network":"ChargePoint","status":"unknown","source":"OpenStreetMap (charge-finder mirror)"}},{"type":"Feature","geometry":{"type":"Point","coordinates":[-94.6613,38.9151]},"properties":{"name":"ChargePoint","network":"ChargePoint","status":"unknown","source":"OpenStreetMap (charge-finder mirror)"}},{"type":"Feature","geometry":{"type":"Point","coordinates":[-94.6608,38.9177]},"properties":{"name":"ChargePoint","network":"ChargePoint","status":"unknown","source":"OpenStreetMap (charge-finder mirror)"}},{"type":"Feature","geometry":{"type":"Point","coordinates":[-94.6596,38.92]},"properties":{"name":"ChargePoint","network":"ChargePoint","status":"unknown","source":"OpenStreetMap (charge-finder mirror)"}},{"type":"Feature","geometry":{"type":"Point","coordinates":[-94.6552,38.9165]},"properties":{"name":"ChargePoint","network":"ChargePoint","stalls":2,"status":"unknown","source":"OpenStreetMap (charge-finder mirror)"}},{"type":"Feature","geometry":{"type":"Point","coordinates":[-94.6559,38.9186]},"properties":{"name":"ChargePoint","network":"ChargePoint","stalls":2,"status":"unknown","source":"OpenStreetMap (charge-finder mirror)"}},{"type":"Feature","geometry":{"type":"Point","coordinates":[-94.6546,38.9201]},"properties":{"name":"ChargePoint","network":"ChargePoint","status":"unknown","source":"OpenStreetMap (charge-finder mirror)"}},{"type":"Feature","geometry":{"type":"Point","coordinates":[-94.6408,38.9155]},"properties":{"name":"ChargePoint","network":"ChargePoint","status":"24/7","source":"OpenStreetMap (charge-finder mirror)"}},{"type":"Feature","geometry":{"type":"Point","coordinates":[-94.5879,38.9396]},"properties":{"name":"ChargePoint","network":"ChargePoint","status":"unknown","source":"OpenStreetMap (charge-finder mirror)"}},{"type":"Feature","geometry":{"type":"Point","coordinates":[-94.4486,39.2681]},"properties":{"name":"ChargePoint","network":"ChargePoint","status":"24/7","source":"OpenStreetMap (charge-finder mirror)"}},{"type":"Feature","geometry":{"type":"Point","coordinates":[-122.3814,47.297]},"properties":{"name":"Blink","network":"Blink","stalls":4,"status":"unknown","source":"OpenStreetMap (charge-finder mirror)"}},{"type":"Feature","geometry":{"type":"Point","coordinates":[-122.521,47.3039]},"properties":{"name":"ChargePoint","network":"ChargePoint","status":"unknown","source":"OpenStreetMap (charge-finder mirror)"}},{"type":"Feature","geometry":{"type":"Point","coordinates":[-122.4577,47.4227]},"properties":{"name":"ChargePoint","network":"ChargePoint","status":"unknown","source":"OpenStreetMap (charge-finder mirror)"}},{"type":"Feature","geometry":{"type":"Point","coordinates":[-122.2083,47.2453]},"properties":{"name":"Blink","network":"Blink","stalls":4,"status":"unknown","source":"OpenStreetMap (charge-finder mirror)"}},{"type":"Feature","geometry":{"type":"Point","coordinates":[-122.2199,47.3207]},"properties":{"name":"Blink","network":"Blink","stalls":4,"status":"unknown","source":"OpenStreetMap (charge-finder mirror)"}},{"type":"Feature","geometry":{"type":"Point","coordinates":[-122.2057,47.3863]},"properties":{"name":"Blink","network":"Blink","stalls":2,"status":"unknown","source":"OpenStreetMap (charge-finder mirror)"}},{"type":"Feature","geometry":{"type":"Point","coordinates":[-79.9675,39.6077]},"properties":{"name":"EV charging","network":"EV charging","stalls":2,"status":"24/7","source":"OpenStreetMap (charge-finder mirror)"}},{"type":"Feature","geometry":{"type":"Point","coordinates":[-80.055,41.0622]},"properties":{"name":"Greenlots","network":"EV charging","status":"24/7","source":"OpenStreetMap (charge-finder mirror)"}},{"type":"Feature","geometry":{"type":"Point","coordinates":[-80.2229,40.5138]},"properties":{"name":"EV charging","network":"EV charging","status":"unknown","source":"OpenStreetMap (charge-finder mirror)"}},{"type":"Feature","geometry":{"type":"Point","coordinates":[-111.8895,40.5431]},"properties":{"name":"ChargePoint","network":"ChargePoint","stalls":4,"status":"24/7","source":"OpenStreetMap (charge-finder mirror)"}},{"type":"Feature","geometry":{"type":"Point","coordinates":[-111.9486,40.7731]},"properties":{"name":"EV charging","network":"EV charging","stalls":3,"status":"unknown","source":"OpenStreetMap (charge-finder mirror)"}},{"type":"Feature","geometry":{"type":"Point","coordinates":[-97.7513,30.334]},"properties":{"name":"PIE AE NWRECCENTER 2","network":"ChargePoint","stalls":1,"status":"24/7","source":"OpenStreetMap (charge-finder mirror)"}},{"type":"Feature","geometry":{"type":"Point","coordinates":[-97.7719,30.2645]},"properties":{"name":"PIE AE ZILKER PARK","network":"ChargePoint","stalls":1,"status":"24/7","source":"OpenStreetMap (charge-finder mirror)"}},{"type":"Feature","geometry":{"type":"Point","coordinates":[-97.7747,30.2665]},"properties":{"name":"PIE AE ZILKERPARKPOLO1","network":"ChargePoint","stalls":2,"status":"24/7","source":"OpenStreetMap (charge-finder mirror)"}},{"type":"Feature","geometry":{"type":"Point","coordinates":[-96.7681,32.836]},"properties":{"name":"eVgo","network":"eVgo","stalls":2,"status":"24/7","source":"OpenStreetMap (charge-finder mirror)"}},{"type":"Feature","geometry":{"type":"Point","coordinates":[-96.9943,32.9768]},"properties":{"name":"EVgo","network":"EVgo","stalls":2,"status":"24/7","source":"OpenStreetMap (charge-finder mirror)"}},{"type":"Feature","geometry":{"type":"Point","coordinates":[-97.2589,32.8916]},"properties":{"name":"eVgo","network":"eVgo","stalls":2,"status":"24/7","source":"OpenStreetMap (charge-finder mirror)"}},{"type":"Feature","geometry":{"type":"Point","coordinates":[-97.2891,32.8607]},"properties":{"name":"eVgo","network":"eVgo","stalls":2,"status":"24/7","source":"OpenStreetMap (charge-finder mirror)"}},{"type":"Feature","geometry":{"type":"Point","coordinates":[-122.3381,47.618]},"properties":{"name":"Blink","network":"Blink","status":"24/7","source":"OpenStreetMap (charge-finder mirror)"}},{"type":"Feature","geometry":{"type":"Point","coordinates":[-95.5006,29.7524]},"properties":{"name":"EV charging","network":"EV charging","status":"unknown","source":"OpenStreetMap (charge-finder mirror)"}},{"type":"Feature","geometry":{"type":"Point","coordinates":[-95.6227,29.5992]},"properties":{"name":"eVgo","network":"eVgo","stalls":2,"status":"24/7","source":"OpenStreetMap (charge-finder mirror)"}},{"type":"Feature","geometry":{"type":"Point","coordinates":[-95.2478,29.6017]},"properties":{"name":"eVgo","network":"eVgo","stalls":2,"status":"24/7","source":"OpenStreetMap (charge-finder mirror)"}},{"type":"Feature","geometry":{"type":"Point","coordinates":[-95.1264,29.5252]},"properties":{"name":"Blink","network":"EV charging","stalls":2,"status":"24/7","source":"OpenStreetMap (charge-finder mirror)"}},{"type":"Feature","geometry":{"type":"Point","coordinates":[-94.8551,29.2756]},"properties":{"name":"EV charging","network":"EV charging","stalls":3,"status":"24/7","source":"OpenStreetMap (charge-finder mirror)"}},{"type":"Feature","geometry":{"type":"Point","coordinates":[-90.1841,32.2904]},"properties":{"name":"EV charging","network":"EV charging","stalls":2,"status":"24/7","source":"OpenStreetMap (charge-finder mirror)"}},{"type":"Feature","geometry":{"type":"Point","coordinates":[-121.9051,37.3324]},"properties":{"name":"eVgo","network":"eVgo","status":"24/7","source":"OpenStreetMap (charge-finder mirror)"}},{"type":"Feature","geometry":{"type":"Point","coordinates":[-121.9744,37.4056]},"properties":{"name":"Blink","network":"Blink","stalls":7,"status":"unknown","source":"OpenStreetMap (charge-finder mirror)"}},{"type":"Feature","geometry":{"type":"Point","coordinates":[-122.0097,37.4034]},"properties":{"name":"eVgo","network":"eVgo","stalls":4,"status":"24/7","source":"OpenStreetMap (charge-finder mirror)"}},{"type":"Feature","geometry":{"type":"Point","coordinates":[-122.1256,37.4479]},"properties":{"name":"Blink","network":"Blink","stalls":4,"status":"unknown","source":"OpenStreetMap (charge-finder mirror)"}},{"type":"Feature","geometry":{"type":"Point","coordinates":[-122.5034,37.5935]},"properties":{"name":"eVgo","network":"eVgo","stalls":4,"status":"unknown","source":"OpenStreetMap (charge-finder mirror)"}},{"type":"Feature","geometry":{"type":"Point","coordinates":[-122.3909,37.6644]},"properties":{"name":"Blink","network":"EV charging","stalls":6,"status":"unknown","source":"OpenStreetMap (charge-finder mirror)"}},{"type":"Feature","geometry":{"type":"Point","coordinates":[-121.6613,36.6559]},"properties":{"name":"eVgo","network":"eVgo","status":"unknown","source":"OpenStreetMap (charge-finder mirror)"}},{"type":"Feature","geometry":{"type":"Point","coordinates":[-119.795,36.739]},"properties":{"name":"eVgo","network":"NRG Energy","stalls":4,"status":"unknown","source":"OpenStreetMap (charge-finder mirror)"}},{"type":"Feature","geometry":{"type":"Point","coordinates":[-118.3655,47.1186]},"properties":{"name":"eVgo","network":"EVgo","status":"24/7","source":"OpenStreetMap (charge-finder mirror)"}},{"type":"Feature","geometry":{"type":"Point","coordinates":[-123.3742,48.455]},"properties":{"name":"Greenlots","network":"Greenlots","status":"unknown","source":"OpenStreetMap (charge-finder mirror)"}},{"type":"Feature","geometry":{"type":"Point","coordinates":[-122.9012,47.0351]},"properties":{"name":"Blink","network":"Blink","stalls":1,"status":"unknown","source":"OpenStreetMap (charge-finder mirror)"}},{"type":"Feature","geometry":{"type":"Point","coordinates":[-89.4263,43.0758]},"properties":{"name":"University of Wisconsin-Madison Transportation Services","network":"University of Wisconsin-Madison Transportation Services","stalls":2,"status":"unknown","source":"OpenStreetMap (charge-finder mirror)"}},{"type":"Feature","geometry":{"type":"Point","coordinates":[-120.2149,39.3273]},"properties":{"name":"EV charging","network":"EV charging","status":"unknown","source":"OpenStreetMap (charge-finder mirror)"}},{"type":"Feature","geometry":{"type":"Point","coordinates":[-74.0253,41.9376]},"properties":{"name":"ChargePoint","network":"ChargePoint","status":"unknown","source":"OpenStreetMap (charge-finder mirror)"}},{"type":"Feature","geometry":{"type":"Point","coordinates":[-122.3752,47.8105]},"properties":{"name":"city of Edmonds","network":"city of Edmonds","stalls":1,"status":"unknown","source":"OpenStreetMap (charge-finder mirror)"}},{"type":"Feature","geometry":{"type":"Point","coordinates":[-74.0207,41.9329]},"properties":{"name":"Ulster County Court House","network":"Ulster County Court House","stalls":4,"status":"unknown","source":"OpenStreetMap (charge-finder mirror)"}},{"type":"Feature","geometry":{"type":"Point","coordinates":[-117.1973,32.726]},"properties":{"name":"EV charging","network":"EV charging","stalls":1,"status":"unknown","source":"OpenStreetMap (charge-finder mirror)"}},{"type":"Feature","geometry":{"type":"Point","coordinates":[-89.8942,35.1137]},"properties":{"name":"ChargePoint","network":"ChargePoint","stalls":2,"status":"unknown","source":"OpenStreetMap (charge-finder mirror)"}},{"type":"Feature","geometry":{"type":"Point","coordinates":[-84.2561,33.8488]},"properties":{"name":"eVgo","network":"eVgo","stalls":3,"status":"24/7","source":"OpenStreetMap (charge-finder mirror)"}},{"type":"Feature","geometry":{"type":"Point","coordinates":[-84.3118,34.0646]},"properties":{"name":"ChargePoint","network":"ChargePoint","status":"unknown","source":"OpenStreetMap (charge-finder mirror)"}},{"type":"Feature","geometry":{"type":"Point","coordinates":[-72.7285,46.5048]},"properties":{"name":"Borne de recharge V\u00c9/EV Charging station","network":"EV charging","stalls":2,"status":"unknown","source":"OpenStreetMap (charge-finder mirror)"}},{"type":"Feature","geometry":{"type":"Point","coordinates":[-122.6447,45.6196]},"properties":{"name":"Blink","network":"Blink","status":"unknown","source":"OpenStreetMap (charge-finder mirror)"}},{"type":"Feature","geometry":{"type":"Point","coordinates":[-76.6231,39.4305]},"properties":{"name":"Blink","network":"Blink","stalls":2,"status":"unknown","source":"OpenStreetMap (charge-finder mirror)"}},{"type":"Feature","geometry":{"type":"Point","coordinates":[-77.0331,38.9923]},"properties":{"name":"EV Charging","network":"EV charging","status":"unknown","source":"OpenStreetMap (charge-finder mirror)"}},{"type":"Feature","geometry":{"type":"Point","coordinates":[-112.266,33.5326]},"properties":{"name":"EV charging","network":"EV charging","status":"unknown","source":"OpenStreetMap (charge-finder mirror)"}},{"type":"Feature","geometry":{"type":"Point","coordinates":[-73.8192,40.7369]},"properties":{"name":"Zip Car Charging Station","network":"EV charging","status":"unknown","source":"OpenStreetMap (charge-finder mirror)"}},{"type":"Feature","geometry":{"type":"Point","coordinates":[-112.0725,33.4188]},"properties":{"name":"Blink","network":"Blink","stalls":1,"status":"unknown","source":"OpenStreetMap (charge-finder mirror)"}},{"type":"Feature","geometry":{"type":"Point","coordinates":[-97.855,30.2181]},"properties":{"name":"ChargePoint","network":"ChargePoint","stalls":2,"status":"24/7","source":"OpenStreetMap (charge-finder mirror)"}},{"type":"Feature","geometry":{"type":"Point","coordinates":[-97.7807,30.2647]},"properties":{"name":"EV charging","network":"EV charging","status":"unknown","source":"OpenStreetMap (charge-finder mirror)"}},{"type":"Feature","geometry":{"type":"Point","coordinates":[-97.8,30.2315]},"properties":{"name":"EV charging","network":"EV charging","status":"unknown","source":"OpenStreetMap (charge-finder mirror)"}},{"type":"Feature","geometry":{"type":"Point","coordinates":[-97.7494,30.2576]},"properties":{"name":"EV charging","network":"EV charging","status":"unknown","source":"OpenStreetMap (charge-finder mirror)"}},{"type":"Feature","geometry":{"type":"Point","coordinates":[-97.8203,30.2351]},"properties":{"name":"EV charging","network":"EV charging","status":"unknown","source":"OpenStreetMap (charge-finder mirror)"}},{"type":"Feature","geometry":{"type":"Point","coordinates":[-97.8401,30.2203]},"properties":{"name":"EV charging","network":"EV charging","status":"unknown","source":"OpenStreetMap (charge-finder mirror)"}},{"type":"Feature","geometry":{"type":"Point","coordinates":[-97.8564,30.1896]},"properties":{"name":"ChargePoint","network":"ChargePoint","stalls":2,"status":"24/7","source":"OpenStreetMap (charge-finder mirror)"}},{"type":"Feature","geometry":{"type":"Point","coordinates":[-83.4184,42.4147]},"properties":{"name":"2 stations","network":"EV charging","status":"unknown","source":"OpenStreetMap (charge-finder mirror)"}},{"type":"Feature","geometry":{"type":"Point","coordinates":[-82.5755,27.4992]},"properties":{"name":"EV charging","network":"EV charging","status":"unknown","source":"OpenStreetMap (charge-finder mirror)"}},{"type":"Feature","geometry":{"type":"Point","coordinates":[-78.484,38.0315]},"properties":{"name":"Greenlots","network":"Shell Recharge Solutions","stalls":4,"status":"24/7","source":"OpenStreetMap (charge-finder mirror)"}},{"type":"Feature","geometry":{"type":"Point","coordinates":[-82.4092,34.8422]},"properties":{"name":"ChargePoint","network":"ChargePoint","status":"unknown","source":"OpenStreetMap (charge-finder mirror)"}},{"type":"Feature","geometry":{"type":"Point","coordinates":[-96.996,32.7579]},"properties":{"name":"eVGo","network":"EVgo","status":"24/7","source":"OpenStreetMap (charge-finder mirror)"}},{"type":"Feature","geometry":{"type":"Point","coordinates":[-74.9419,45.6498]},"properties":{"name":"BRCC - Ville de Montebello;Circuit \u00e9lectrique","network":"Circuit \u00e9lectrique","stalls":1,"status":"unknown","source":"OpenStreetMap (charge-finder mirror)"}},{"type":"Feature","geometry":{"type":"Point","coordinates":[-95.388,29.7156]},"properties":{"name":"Blink","network":"Blink","status":"unknown","source":"OpenStreetMap (charge-finder mirror)"}},{"type":"Feature","geometry":{"type":"Point","coordinates":[-95.3879,29.7156]},"properties":{"name":"Blink","network":"Blink","status":"unknown","source":"OpenStreetMap (charge-finder mirror)"}},{"type":"Feature","geometry":{"type":"Point","coordinates":[-118.597,34.1743]},"properties":{"name":"EV charging","network":"EV charging","status":"unknown","source":"OpenStreetMap (charge-finder mirror)"}},{"type":"Feature","geometry":{"type":"Point","coordinates":[-111.0366,45.6805]},"properties":{"name":"ChargePoint","network":"ChargePoint","stalls":1,"status":"24/7","source":"OpenStreetMap (charge-finder mirror)"}},{"type":"Feature","geometry":{"type":"Point","coordinates":[-93.0846,44.957]},"properties":{"name":"ChargePoint","network":"ChargePoint","stalls":2,"status":"unknown","source":"OpenStreetMap (charge-finder mirror)"}},{"type":"Feature","geometry":{"type":"Point","coordinates":[-117.9195,33.8761]},"properties":{"name":"ChargePoint","network":"ChargePoint","stalls":2,"status":"unknown","source":"OpenStreetMap (charge-finder mirror)"}},{"type":"Feature","geometry":{"type":"Point","coordinates":[-121.9497,45.3447]},"properties":{"name":"EV charging","network":"EV charging","status":"unknown","source":"OpenStreetMap (charge-finder mirror)"}},{"type":"Feature","geometry":{"type":"Point","coordinates":[-122.4018,45.5873]},"properties":{"name":"Blink","network":"Blink","status":"unknown","source":"OpenStreetMap (charge-finder mirror)"}},{"type":"Feature","geometry":{"type":"Point","coordinates":[-122.0143,36.9789]},"properties":{"name":"EV charging","network":"EV charging","stalls":2,"status":"unknown","source":"OpenStreetMap (charge-finder mirror)"}},{"type":"Feature","geometry":{"type":"Point","coordinates":[-122.675,45.5159]},"properties":{"name":"PGE Electric Avenue Downtown Portland","network":"Portland General Electric","stalls":6,"status":"unknown","source":"OpenStreetMap (charge-finder mirror)"}},{"type":"Feature","geometry":{"type":"Point","coordinates":[-122.6632,45.6294]},"properties":{"name":"EV charging","network":"EV charging","status":"unknown","source":"OpenStreetMap (charge-finder mirror)"}},{"type":"Feature","geometry":{"type":"Point","coordinates":[-122.6634,45.6295]},"properties":{"name":"EV charging","network":"EV charging","status":"unknown","source":"OpenStreetMap (charge-finder mirror)"}},{"type":"Feature","geometry":{"type":"Point","coordinates":[-84.5482,42.7362]},"properties":{"name":"Lansing Board of Water and Light","network":"Lansing Board of Water and Light","stalls":2,"status":"24/7","source":"OpenStreetMap (charge-finder mirror)"}},{"type":"Feature","geometry":{"type":"Point","coordinates":[-86.1575,39.769]},"properties":{"name":"EV charging","network":"EV charging","stalls":1,"status":"unknown","source":"OpenStreetMap (charge-finder mirror)"}},{"type":"Feature","geometry":{"type":"Point","coordinates":[-121.9245,37.6964]},"properties":{"name":"Blink","network":"Blink","status":"unknown","source":"OpenStreetMap (charge-finder mirror)"}},{"type":"Feature","geometry":{"type":"Point","coordinates":[-121.9229,37.6958]},"properties":{"name":"Blink","network":"Blink","status":"unknown","source":"OpenStreetMap (charge-finder mirror)"}},{"type":"Feature","geometry":{"type":"Point","coordinates":[-122.9891,45.5215]},"properties":{"name":"Blink","network":"Blink","status":"unknown","source":"OpenStreetMap (charge-finder mirror)"}},{"type":"Feature","geometry":{"type":"Point","coordinates":[-72.5533,46.3887]},"properties":{"name":"Borne de recharge V\u00c9/EV Charging station","network":"EV charging","stalls":4,"status":"unknown","source":"OpenStreetMap (charge-finder mirror)"}},{"type":"Feature","geometry":{"type":"Point","coordinates":[-121.5624,44.2977]},"properties":{"name":"AV","network":"EV charging","status":"unknown","source":"OpenStreetMap (charge-finder mirror)"}},{"type":"Feature","geometry":{"type":"Point","coordinates":[-120.6644,47.5955]},"properties":{"name":"EV charging","network":"EV charging","status":"unknown","source":"OpenStreetMap (charge-finder mirror)"}},{"type":"Feature","geometry":{"type":"Point","coordinates":[-97.798,30.2323]},"properties":{"name":"EV charging","network":"EV charging","status":"unknown","source":"OpenStreetMap (charge-finder mirror)"}},{"type":"Feature","geometry":{"type":"Point","coordinates":[-80.0317,40.5181]},"properties":{"name":"eVgo","network":"eVgo","stalls":2,"status":"unknown","source":"OpenStreetMap (charge-finder mirror)"}},{"type":"Feature","geometry":{"type":"Point","coordinates":[-94.8548,29.2759]},"properties":{"name":"EV charging","network":"EV charging","status":"unknown","source":"OpenStreetMap (charge-finder mirror)"}},{"type":"Feature","geometry":{"type":"Point","coordinates":[-75.3786,40.6087]},"properties":{"name":"EV charging","network":"EV charging","status":"unknown","source":"OpenStreetMap (charge-finder mirror)"}},{"type":"Feature","geometry":{"type":"Point","coordinates":[-81.3522,41.1508]},"properties":{"name":"Kent State University","network":"Kent State University","status":"unknown","source":"OpenStreetMap (charge-finder mirror)"}},{"type":"Feature","geometry":{"type":"Point","coordinates":[-74.1271,45.2582]},"properties":{"name":"Circuit \u00c9lectrique - Borne de recharge","network":"Circuit \u00e9lectrique","status":"unknown","source":"OpenStreetMap (charge-finder mirror)"}},{"type":"Feature","geometry":{"type":"Point","coordinates":[-74.1317,45.2709]},"properties":{"name":"Circuit \u00c9lectrique - Borne de recharge","network":"EV charging","status":"unknown","source":"OpenStreetMap (charge-finder mirror)"}},{"type":"Feature","geometry":{"type":"Point","coordinates":[-105.5107,39.9618]},"properties":{"name":"EV charging","network":"EV charging","status":"unknown","source":"OpenStreetMap (charge-finder mirror)"}},{"type":"Feature","geometry":{"type":"Point","coordinates":[-95.8396,29.773]},"properties":{"name":"EV charging","network":"EV charging","status":"unknown","source":"OpenStreetMap (charge-finder mirror)"}},{"type":"Feature","geometry":{"type":"Point","coordinates":[-123.077,49.3113]},"properties":{"name":"Greenlots","network":"Shell Recharge Solutions","stalls":1,"status":"24/7","source":"OpenStreetMap (charge-finder mirror)"}},{"type":"Feature","geometry":{"type":"Point","coordinates":[-123.0435,49.2864]},"properties":{"name":"ChargePoint","network":"ChargePoint","stalls":2,"status":"unknown","source":"OpenStreetMap (charge-finder mirror)"}},{"type":"Feature","geometry":{"type":"Point","coordinates":[-75.7553,45.3912]},"properties":{"name":"ChargePoint","network":"ChargePoint","stalls":4,"status":"unknown","source":"OpenStreetMap (charge-finder mirror)"}},{"type":"Feature","geometry":{"type":"Point","coordinates":[-97.4874,35.2666]},"properties":{"name":"EV charging","network":"EV charging","stalls":1,"status":"unknown","source":"OpenStreetMap (charge-finder mirror)"}},{"type":"Feature","geometry":{"type":"Point","coordinates":[-72.9684,41.3075]},"properties":{"name":"EV charging","network":"EV charging","stalls":4,"status":"24/7","source":"OpenStreetMap (charge-finder mirror)"}},{"type":"Feature","geometry":{"type":"Point","coordinates":[-106.8178,39.1915]},"properties":{"name":"EV charging","network":"EV charging","stalls":4,"status":"24/7","source":"OpenStreetMap (charge-finder mirror)"}},{"type":"Feature","geometry":{"type":"Point","coordinates":[-106.8645,39.2256]},"properties":{"name":"EV charging","network":"EV charging","stalls":4,"status":"24/7","source":"OpenStreetMap (charge-finder mirror)"}},{"type":"Feature","geometry":{"type":"Point","coordinates":[-94.1779,36.3798]},"properties":{"name":"EV charging","network":"EV charging","stalls":1,"status":"24/7","source":"OpenStreetMap (charge-finder mirror)"}},{"type":"Feature","geometry":{"type":"Point","coordinates":[-97.6925,35.4709]},"properties":{"name":"EV charging","network":"EV charging","status":"24/7","source":"OpenStreetMap (charge-finder mirror)"}},{"type":"Feature","geometry":{"type":"Point","coordinates":[-83.0267,42.508]},"properties":{"name":"Blink","network":"Blink","stalls":2,"status":"unknown","source":"OpenStreetMap (charge-finder mirror)"}},{"type":"Feature","geometry":{"type":"Point","coordinates":[-87.6052,41.7887]},"properties":{"name":"ChargePoint","network":"ChargePoint","stalls":2,"status":"unknown","source":"OpenStreetMap (charge-finder mirror)"}},{"type":"Feature","geometry":{"type":"Point","coordinates":[-87.6893,41.9432]},"properties":{"name":"eVgo","network":"NRG Energy","status":"24/7","source":"OpenStreetMap (charge-finder mirror)"}},{"type":"Feature","geometry":{"type":"Point","coordinates":[-87.6794,41.9269]},"properties":{"name":"EV charging","network":"EV charging","stalls":4,"status":"unknown","source":"OpenStreetMap (charge-finder mirror)"}},{"type":"Feature","geometry":{"type":"Point","coordinates":[-87.6707,41.9393]},"properties":{"name":"EV charging","network":"EV charging","stalls":2,"status":"unknown","source":"OpenStreetMap (charge-finder mirror)"}},{"type":"Feature","geometry":{"type":"Point","coordinates":[-87.8981,42.0079]},"properties":{"name":"ChargePoint","network":"ChargePoint","status":"unknown","source":"OpenStreetMap (charge-finder mirror)"}},{"type":"Feature","geometry":{"type":"Point","coordinates":[-87.8508,42.0382]},"properties":{"name":"ChargePoint","network":"ChargePoint","stalls":2,"status":"unknown","source":"OpenStreetMap (charge-finder mirror)"}},{"type":"Feature","geometry":{"type":"Point","coordinates":[-87.8838,41.9513]},"properties":{"name":"eVgo","network":"eVgo","status":"24/7","source":"OpenStreetMap (charge-finder mirror)"}},{"type":"Feature","geometry":{"type":"Point","coordinates":[-87.8652,41.9555]},"properties":{"name":"EV charging","network":"EV charging","stalls":3,"status":"unknown","source":"OpenStreetMap (charge-finder mirror)"}},{"type":"Feature","geometry":{"type":"Point","coordinates":[-88.0387,42.0465]},"properties":{"name":"eVgo","network":"NRG Energy","status":"24/7","source":"OpenStreetMap (charge-finder mirror)"}},{"type":"Feature","geometry":{"type":"Point","coordinates":[-122.6491,45.7061]},"properties":{"name":"GE","network":"GE","status":"unknown","source":"OpenStreetMap (charge-finder mirror)"}},{"type":"Feature","geometry":{"type":"Point","coordinates":[-80.3022,39.396]},"properties":{"name":"EV charging","network":"EV charging","status":"unknown","source":"OpenStreetMap (charge-finder mirror)"}},{"type":"Feature","geometry":{"type":"Point","coordinates":[-81.6838,36.2192]},"properties":{"name":"EV charging","network":"EV charging","stalls":1,"status":"24/7","source":"OpenStreetMap (charge-finder mirror)"}},{"type":"Feature","geometry":{"type":"Point","coordinates":[-81.6544,36.1956]},"properties":{"name":"EV charging","network":"EV charging","stalls":3,"status":"unknown","source":"OpenStreetMap (charge-finder mirror)"}},{"type":"Feature","geometry":{"type":"Point","coordinates":[-82.5518,35.593]},"properties":{"name":"Greenlots","network":"EV charging","status":"unknown","source":"OpenStreetMap (charge-finder mirror)"}},{"type":"Feature","geometry":{"type":"Point","coordinates":[-99.5549,27.4334]},"properties":{"name":"patio frio express laredo","network":"patio frio express laredo","status":"unknown","source":"OpenStreetMap (charge-finder mirror)"}},{"type":"Feature","geometry":{"type":"Point","coordinates":[-122.3149,49.0515]},"properties":{"name":"GE","network":"TD Canada Trust","stalls":2,"status":"unknown","source":"OpenStreetMap (charge-finder mirror)"}},{"type":"Feature","geometry":{"type":"Point","coordinates":[-122.3136,49.0365]},"properties":{"name":"EV charging","network":"EV charging","stalls":4,"status":"unknown","source":"OpenStreetMap (charge-finder mirror)"}},{"type":"Feature","geometry":{"type":"Point","coordinates":[-86.923,36.1092]},"properties":{"name":"eVgo","network":"eVgo","stalls":1,"status":"24/7","source":"OpenStreetMap (charge-finder mirror)"}},{"type":"Feature","geometry":{"type":"Point","coordinates":[-86.6655,36.3086]},"properties":{"name":"eVgo","network":"NRG Energy","stalls":1,"status":"24/7","source":"OpenStreetMap (charge-finder mirror)"}},{"type":"Feature","geometry":{"type":"Point","coordinates":[-85.3071,35.037]},"properties":{"name":"eVgo","network":"NRG Energy","stalls":2,"status":"24/7","source":"OpenStreetMap (charge-finder mirror)"}},{"type":"Feature","geometry":{"type":"Point","coordinates":[-83.7341,32.808]},"properties":{"name":"Blink","network":"Blink","stalls":3,"status":"24/7","source":"OpenStreetMap (charge-finder mirror)"}},{"type":"Feature","geometry":{"type":"Point","coordinates":[-77.849,40.8105]},"properties":{"name":"EV charging","network":"EV charging","status":"unknown","source":"OpenStreetMap (charge-finder mirror)"}},{"type":"Feature","geometry":{"type":"Point","coordinates":[-121.9862,38.3559]},"properties":{"name":"EV charging","network":"EV charging","status":"unknown","source":"OpenStreetMap (charge-finder mirror)"}},{"type":"Feature","geometry":{"type":"Point","coordinates":[-83.6885,41.675]},"properties":{"name":"EV charging","network":"EV charging","status":"unknown","source":"OpenStreetMap (charge-finder mirror)"}},{"type":"Feature","geometry":{"type":"Point","coordinates":[-83.6838,41.7142]},"properties":{"name":"EV charging","network":"EV charging","status":"unknown","source":"OpenStreetMap (charge-finder mirror)"}},{"type":"Feature","geometry":{"type":"Point","coordinates":[-83.6846,41.6754]},"properties":{"name":"EV charging","network":"EV charging","status":"unknown","source":"OpenStreetMap (charge-finder mirror)"}},{"type":"Feature","geometry":{"type":"Point","coordinates":[-83.676,41.6757]},"properties":{"name":"EV charging","network":"EV charging","status":"unknown","source":"OpenStreetMap (charge-finder mirror)"}},{"type":"Feature","geometry":{"type":"Point","coordinates":[-83.6095,41.6622]},"properties":{"name":"EV charging","network":"EV charging","status":"unknown","source":"OpenStreetMap (charge-finder mirror)"}},{"type":"Feature","geometry":{"type":"Point","coordinates":[-83.6124,41.6539]},"properties":{"name":"EV charging","network":"EV charging","status":"unknown","source":"OpenStreetMap (charge-finder mirror)"}},{"type":"Feature","geometry":{"type":"Point","coordinates":[-83.535,41.6529]},"properties":{"name":"EV charging","network":"EV charging","status":"unknown","source":"OpenStreetMap (charge-finder mirror)"}},{"type":"Feature","geometry":{"type":"Point","coordinates":[-83.535,41.6529]},"properties":{"name":"EV charging","network":"EV charging","status":"unknown","source":"OpenStreetMap (charge-finder mirror)"}},{"type":"Feature","geometry":{"type":"Point","coordinates":[-83.5948,41.6432]},"properties":{"name":"The University of Toledo","network":"The University of Toledo","status":"unknown","source":"OpenStreetMap (charge-finder mirror)"}},{"type":"Feature","geometry":{"type":"Point","coordinates":[-123.3975,48.6478]},"properties":{"name":"EV charging","network":"EV charging","status":"unknown","source":"OpenStreetMap (charge-finder mirror)"}},{"type":"Feature","geometry":{"type":"Point","coordinates":[-122.3218,47.6134]},"properties":{"name":"EV charging","network":"EV charging","status":"unknown","source":"OpenStreetMap (charge-finder mirror)"}},{"type":"Feature","geometry":{"type":"Point","coordinates":[-122.1685,42.8677]},"properties":{"name":"National Park Service","network":"National Park Service","stalls":2,"status":"unknown","source":"OpenStreetMap (charge-finder mirror)"}},{"type":"Feature","geometry":{"type":"Point","coordinates":[-122.6608,45.5669]},"properties":{"name":"Blink","network":"Blink","status":"unknown","source":"OpenStreetMap (charge-finder mirror)"}},{"type":"Feature","geometry":{"type":"Point","coordinates":[-122.5542,45.5717]},"properties":{"name":"Blink","network":"Blink","status":"unknown","source":"OpenStreetMap (charge-finder mirror)"}},{"type":"Feature","geometry":{"type":"Point","coordinates":[-79.5753,42.3233]},"properties":{"name":"ttggggg","network":"ttggggg","status":"unknown","source":"OpenStreetMap (charge-finder mirror)"}},{"type":"Feature","geometry":{"type":"Point","coordinates":[-75.7107,45.252]},"properties":{"name":"EV charging","network":"EV charging","status":"unknown","source":"OpenStreetMap (charge-finder mirror)"}},{"type":"Feature","geometry":{"type":"Point","coordinates":[-75.6942,45.3331]},"properties":{"name":"EV charging","network":"EV charging","status":"unknown","source":"OpenStreetMap (charge-finder mirror)"}},{"type":"Feature","geometry":{"type":"Point","coordinates":[-75.76,45.347]},"properties":{"name":"EV charging","network":"EV charging","status":"unknown","source":"OpenStreetMap (charge-finder mirror)"}},{"type":"Feature","geometry":{"type":"Point","coordinates":[-123.5119,48.8611]},"properties":{"name":"Electric Vehicle","network":"EV charging","stalls":4,"status":"unknown","source":"OpenStreetMap (charge-finder mirror)"}},{"type":"Feature","geometry":{"type":"Point","coordinates":[-122.6338,45.7321]},"properties":{"name":"EV charging","network":"EV charging","status":"unknown","source":"OpenStreetMap (charge-finder mirror)"}},{"type":"Feature","geometry":{"type":"Point","coordinates":[-76.2066,43.1005]},"properties":{"name":"EV charging","network":"EV charging","status":"unknown","source":"OpenStreetMap (charge-finder mirror)"}},{"type":"Feature","geometry":{"type":"Point","coordinates":[-124.4506,49.3456]},"properties":{"name":"EV charging","network":"EV charging","status":"unknown","source":"OpenStreetMap (charge-finder mirror)"}},{"type":"Feature","geometry":{"type":"Point","coordinates":[-122.8047,45.4846]},"properties":{"name":"Blink","network":"Blink","stalls":3,"status":"unknown","source":"OpenStreetMap (charge-finder mirror)"}},{"type":"Feature","geometry":{"type":"Point","coordinates":[-116.8879,32.5131]},"properties":{"name":"pemex","network":"EV charging","status":"unknown","source":"OpenStreetMap (charge-finder mirror)"}},{"type":"Feature","geometry":{"type":"Point","coordinates":[-76.6218,39.2898]},"properties":{"name":"ChargePoint","network":"ChargePoint","status":"unknown","source":"OpenStreetMap (charge-finder mirror)"}},{"type":"Feature","geometry":{"type":"Point","coordinates":[-72.1861,45.2813]},"properties":{"name":"BRCC - Carrefour Sant\u00e9 Globale","network":"Circuit \u00e9lectrique","stalls":5,"status":"unknown","source":"OpenStreetMap (charge-finder mirror)"}},{"type":"Feature","geometry":{"type":"Point","coordinates":[-72.1466,45.2651]},"properties":{"name":"Circuit \u00c9lectrique","network":"Circuit \u00e9lectrique","stalls":1,"status":"unknown","source":"OpenStreetMap (charge-finder mirror)"}},{"type":"Feature","geometry":{"type":"Point","coordinates":[-73.6621,45.507]},"properties":{"name":"Circuit \u00e9lectrique","network":"Circuit \u00e9lectrique","stalls":2,"status":"unknown","source":"OpenStreetMap (charge-finder mirror)"}},{"type":"Feature","geometry":{"type":"Point","coordinates":[-71.3358,41.4776]},"properties":{"name":"EV charging","network":"EV charging","status":"unknown","source":"OpenStreetMap (charge-finder mirror)"}},{"type":"Feature","geometry":{"type":"Point","coordinates":[-118.3568,34.0721]},"properties":{"name":"EV charging","network":"EV charging","status":"unknown","source":"OpenStreetMap (charge-finder mirror)"}},{"type":"Feature","geometry":{"type":"Point","coordinates":[-122.0506,37.3847]},"properties":{"name":"EV charging","network":"EV charging","status":"unknown","source":"OpenStreetMap (charge-finder mirror)"}},{"type":"Feature","geometry":{"type":"Point","coordinates":[-74.017,45.7796]},"properties":{"name":"BRCC - St-Hubert - St-J\u00e9r\u00f4me","network":"Le Circuit \u00c9lectrique","status":"unknown","source":"OpenStreetMap (charge-finder mirror)"}},{"type":"Feature","geometry":{"type":"Point","coordinates":[-74.6003,46.1185]},"properties":{"name":"BRCC Mont Tremblant","network":"EV charging","status":"unknown","source":"OpenStreetMap (charge-finder mirror)"}},{"type":"Feature","geometry":{"type":"Point","coordinates":[-72.7127,45.3955]},"properties":{"name":"BRCC Granby","network":"EV charging","status":"unknown","source":"OpenStreetMap (charge-finder mirror)"}},{"type":"Feature","geometry":{"type":"Point","coordinates":[-80.9428,35.2197]},"properties":{"name":"EV charging","network":"EV charging","status":"unknown","source":"OpenStreetMap (charge-finder mirror)"}},{"type":"Feature","geometry":{"type":"Point","coordinates":[-122.7605,45.3036]},"properties":{"name":"Blink","network":"Blink","status":"unknown","source":"OpenStreetMap (charge-finder mirror)"}},{"type":"Feature","geometry":{"type":"Point","coordinates":[-71.996,46.6392]},"properties":{"name":"BRCC Deschambault-Grondine","network":"Electric Circuit","status":"unknown","source":"OpenStreetMap (charge-finder mirror)"}},{"type":"Feature","geometry":{"type":"Point","coordinates":[-82.4145,28.0501]},"properties":{"name":"EV charging","network":"EV charging","stalls":2,"status":"unknown","source":"OpenStreetMap (charge-finder mirror)"}},{"type":"Feature","geometry":{"type":"Point","coordinates":[-82.4583,28.0496]},"properties":{"name":"EV charging","network":"EV charging","stalls":1,"status":"unknown","source":"OpenStreetMap (charge-finder mirror)"}},{"type":"Feature","geometry":{"type":"Point","coordinates":[-76.9857,39.2643]},"properties":{"name":"EV charging","network":"EV charging","status":"unknown","source":"OpenStreetMap (charge-finder mirror)"}},{"type":"Feature","geometry":{"type":"Point","coordinates":[-112.266,33.5326]},"properties":{"name":"EV charging","network":"EV charging","status":"unknown","source":"OpenStreetMap (charge-finder mirror)"}},{"type":"Feature","geometry":{"type":"Point","coordinates":[-71.6869,44.0322]},"properties":{"name":"EV charging","network":"EV charging","status":"unknown","source":"OpenStreetMap (charge-finder mirror)"}},{"type":"Feature","geometry":{"type":"Point","coordinates":[-122.5158,37.9697]},"properties":{"name":"ChargePoint","network":"ChargePoint","status":"unknown","source":"OpenStreetMap (charge-finder mirror)"}},{"type":"Feature","geometry":{"type":"Point","coordinates":[-77.2414,39.1262]},"properties":{"name":"SemaCharge","network":"EV charging","stalls":2,"status":"unknown","source":"OpenStreetMap (charge-finder mirror)"}},{"type":"Feature","geometry":{"type":"Point","coordinates":[-100.1728,26.4996]},"properties":{"name":"EV charging","network":"EV charging","status":"unknown","source":"OpenStreetMap (charge-finder mirror)"}},{"type":"Feature","geometry":{"type":"Point","coordinates":[-86.2319,41.696]},"properties":{"name":"EV charging","network":"EV charging","status":"unknown","source":"OpenStreetMap (charge-finder mirror)"}},{"type":"Feature","geometry":{"type":"Point","coordinates":[-122.1513,47.7301]},"properties":{"name":"GE","network":"GE","status":"unknown","source":"OpenStreetMap (charge-finder mirror)"}},{"type":"Feature","geometry":{"type":"Point","coordinates":[-76.6093,39.2912]},"properties":{"name":"EV charging","network":"EV charging","status":"unknown","source":"OpenStreetMap (charge-finder mirror)"}},{"type":"Feature","geometry":{"type":"Point","coordinates":[-123.374,46.1309]},"properties":{"name":"EV charging","network":"EV charging","status":"unknown","source":"OpenStreetMap (charge-finder mirror)"}},{"type":"Feature","geometry":{"type":"Point","coordinates":[-122.6782,45.5967]},"properties":{"name":"eVgo","network":"eVgo","stalls":2,"status":"unknown","source":"OpenStreetMap (charge-finder mirror)"}},{"type":"Feature","geometry":{"type":"Point","coordinates":[-91.2525,43.8084]},"properties":{"name":"EV charging","network":"EV charging","stalls":1,"status":"unknown","source":"OpenStreetMap (charge-finder mirror)"}},{"type":"Feature","geometry":{"type":"Point","coordinates":[-93.4385,44.8647]},"properties":{"name":"EV charging","network":"EV charging","status":"unknown","source":"OpenStreetMap (charge-finder mirror)"}},{"type":"Feature","geometry":{"type":"Point","coordinates":[-122.0722,37.4178]},"properties":{"name":"ChargePoint","network":"ChargePoint","stalls":8,"status":"unknown","source":"OpenStreetMap (charge-finder mirror)"}},{"type":"Feature","geometry":{"type":"Point","coordinates":[-122.0767,37.4181]},"properties":{"name":"ChargePoint","network":"ChargePoint","stalls":6,"status":"unknown","source":"OpenStreetMap (charge-finder mirror)"}},{"type":"Feature","geometry":{"type":"Point","coordinates":[-80.2406,36.0822]},"properties":{"name":"EV charging","network":"EV charging","stalls":2,"status":"unknown","source":"OpenStreetMap (charge-finder mirror)"}},{"type":"Feature","geometry":{"type":"Point","coordinates":[-121.2671,38.767]},"properties":{"name":"NRG Energy","network":"NRG Energy","stalls":5,"status":"24/7","source":"OpenStreetMap (charge-finder mirror)"}},{"type":"Feature","geometry":{"type":"Point","coordinates":[-95.9126,41.1433]},"properties":{"name":"Bellevue City","network":"ChargePoint","status":"unknown","source":"OpenStreetMap (charge-finder mirror)"}},{"type":"Feature","geometry":{"type":"Point","coordinates":[-95.9358,41.1822]},"properties":{"name":"Woodhouse Nissian","network":"Woodhouse Nissian","status":"unknown","source":"OpenStreetMap (charge-finder mirror)"}},{"type":"Feature","geometry":{"type":"Point","coordinates":[-122.0897,37.422]},"properties":{"name":"ChargePoint","network":"ChargePoint","stalls":8,"status":"unknown","source":"OpenStreetMap (charge-finder mirror)"}},{"type":"Feature","geometry":{"type":"Point","coordinates":[-122.2027,48.0067]},"properties":{"name":"EV charging","network":"EV charging","status":"unknown","source":"OpenStreetMap (charge-finder mirror)"}},{"type":"Feature","geometry":{"type":"Point","coordinates":[-85.7113,38.2333]},"properties":{"name":"EV charging","network":"EV charging","stalls":1,"status":"unknown","source":"OpenStreetMap (charge-finder mirror)"}},{"type":"Feature","geometry":{"type":"Point","coordinates":[-123.0864,49.0421]},"properties":{"name":"ChargePoint","network":"ChargePoint","stalls":10,"status":"unknown","source":"OpenStreetMap (charge-finder mirror)"}},{"type":"Feature","geometry":{"type":"Point","coordinates":[-123.085,49.0371]},"properties":{"name":"FLO","network":"FLO","stalls":2,"status":"unknown","source":"OpenStreetMap (charge-finder mirror)"}},{"type":"Feature","geometry":{"type":"Point","coordinates":[-123.0893,49.0421]},"properties":{"name":"ChargePoint","network":"ChargePoint","stalls":4,"status":"unknown","source":"OpenStreetMap (charge-finder mirror)"}},{"type":"Feature","geometry":{"type":"Point","coordinates":[-123.081,49.0386]},"properties":{"name":"FLO","network":"FLO","stalls":4,"status":"unknown","source":"OpenStreetMap (charge-finder mirror)"}},{"type":"Feature","geometry":{"type":"Point","coordinates":[-123.0887,49.0377]},"properties":{"name":"FLO","network":"FLO","stalls":2,"status":"unknown","source":"OpenStreetMap (charge-finder mirror)"}},{"type":"Feature","geometry":{"type":"Point","coordinates":[-86.2675,39.892]},"properties":{"name":"Genesys Car Charging Station","network":"=","stalls":2,"status":"unknown","source":"OpenStreetMap (charge-finder mirror)"}},{"type":"Feature","geometry":{"type":"Point","coordinates":[-84.5607,42.7319]},"properties":{"name":"EV charging","network":"EV charging","status":"unknown","source":"OpenStreetMap (charge-finder mirror)"}},{"type":"Feature","geometry":{"type":"Point","coordinates":[-122.4327,37.4686]},"properties":{"name":"eVgo","network":"eVgo","status":"unknown","source":"OpenStreetMap (charge-finder mirror)"}},{"type":"Feature","geometry":{"type":"Point","coordinates":[-77.6734,43.0861]},"properties":{"name":"ChargePoint","network":"ChargePoint","stalls":4,"status":"unknown","source":"OpenStreetMap (charge-finder mirror)"}},{"type":"Feature","geometry":{"type":"Point","coordinates":[-73.8181,45.5764]},"properties":{"name":"EV charging","network":"EV charging","status":"unknown","source":"OpenStreetMap (charge-finder mirror)"}},{"type":"Feature","geometry":{"type":"Point","coordinates":[-92.5012,44.0697]},"properties":{"name":"Nissan","network":"Nissan","stalls":1,"status":"unknown","source":"OpenStreetMap (charge-finder mirror)"}},{"type":"Feature","geometry":{"type":"Point","coordinates":[-92.5157,44.0443]},"properties":{"name":"EV charging","network":"EV charging","status":"unknown","source":"OpenStreetMap (charge-finder mirror)"}},{"type":"Feature","geometry":{"type":"Point","coordinates":[-121.9249,37.6994]},"properties":{"name":"ChargePoint","network":"ChargePoint","stalls":4,"status":"unknown","source":"OpenStreetMap (charge-finder mirror)"}},{"type":"Feature","geometry":{"type":"Point","coordinates":[-121.9261,37.6977]},"properties":{"name":"ChargePoint","network":"ChargePoint","stalls":4,"status":"unknown","source":"OpenStreetMap (charge-finder mirror)"}},{"type":"Feature","geometry":{"type":"Point","coordinates":[-122.8664,49.0326]},"properties":{"name":"EV charging","network":"EV charging","status":"unknown","source":"OpenStreetMap (charge-finder mirror)"}},{"type":"Feature","geometry":{"type":"Point","coordinates":[-111.9194,40.7469]},"properties":{"name":"ChargePoint","network":"ChargePoint","status":"unknown","source":"OpenStreetMap (charge-finder mirror)"}},{"type":"Feature","geometry":{"type":"Point","coordinates":[-97.7408,30.3085]},"properties":{"name":"PIE AE PUBCENTRALMKTN","network":"ChargePoint","stalls":2,"status":"24/7","source":"OpenStreetMap (charge-finder mirror)"}},{"type":"Feature","geometry":{"type":"Point","coordinates":[-123.0602,44.9396]},"properties":{"name":"EV charging","network":"EV charging","status":"unknown","source":"OpenStreetMap (charge-finder mirror)"}},{"type":"Feature","geometry":{"type":"Point","coordinates":[-79.0916,36.0409]},"properties":{"name":"EV charging","network":"EV charging","stalls":4,"status":"unknown","source":"OpenStreetMap (charge-finder mirror)"}},{"type":"Feature","geometry":{"type":"Point","coordinates":[-93.2103,44.8815]},"properties":{"name":"EV charging","network":"EV charging","status":"unknown","source":"OpenStreetMap (charge-finder mirror)"}},{"type":"Feature","geometry":{"type":"Point","coordinates":[-122.6782,45.5153]},"properties":{"name":"EV charging","network":"EV charging","status":"unknown","source":"OpenStreetMap (charge-finder mirror)"}},{"type":"Feature","geometry":{"type":"Point","coordinates":[-84.4659,33.8919]},"properties":{"name":"Georgia Power","network":"Georgia Power","stalls":2,"status":"24/7","source":"OpenStreetMap (charge-finder mirror)"}},{"type":"Feature","geometry":{"type":"Point","coordinates":[-122.0772,37.4215]},"properties":{"name":"EV charging","network":"EV charging","stalls":14,"status":"unknown","source":"OpenStreetMap (charge-finder mirror)"}},{"type":"Feature","geometry":{"type":"Point","coordinates":[-97.6987,30.303]},"properties":{"name":"ChargePoint","network":"ChargePoint","stalls":1,"status":"24/7","source":"OpenStreetMap (charge-finder mirror)"}},{"type":"Feature","geometry":{"type":"Point","coordinates":[-79.8997,43.652]},"properties":{"name":"EV charging","network":"EV charging","stalls":8,"status":"unknown","source":"OpenStreetMap (charge-finder mirror)"}},{"type":"Feature","geometry":{"type":"Point","coordinates":[-107.8832,37.2723]},"properties":{"name":"EV charging","network":"EV charging","status":"unknown","source":"OpenStreetMap (charge-finder mirror)"}},{"type":"Feature","geometry":{"type":"Point","coordinates":[-105.0649,39.8582]},"properties":{"name":"ChargePoint","network":"ChargePoint","stalls":2,"status":"unknown","source":"OpenStreetMap (charge-finder mirror)"}},{"type":"Feature","geometry":{"type":"Point","coordinates":[-112.0438,43.4913]},"properties":{"name":"Idaho Falls Power Charging Station","network":"City of Idaho Falls","stalls":1,"status":"unknown","source":"OpenStreetMap (charge-finder mirror)"}},{"type":"Feature","geometry":{"type":"Point","coordinates":[-81.7619,26.6979]},"properties":{"name":"Publix","network":"Publix","status":"unknown","source":"OpenStreetMap (charge-finder mirror)"}},{"type":"Feature","geometry":{"type":"Point","coordinates":[-72.9232,41.811]},"properties":{"name":"EV charging","network":"EV charging","stalls":2,"status":"unknown","source":"OpenStreetMap (charge-finder mirror)"}},{"type":"Feature","geometry":{"type":"Point","coordinates":[-75.1563,39.9842]},"properties":{"name":"J&H Car Charging Station","network":"EV charging","stalls":2,"status":"unknown","source":"OpenStreetMap (charge-finder mirror)"}},{"type":"Feature","geometry":{"type":"Point","coordinates":[-123.1398,49.2815]},"properties":{"name":"City of Vancouver","network":"City of Vancouver","stalls":2,"status":"unknown","source":"OpenStreetMap (charge-finder mirror)"}},{"type":"Feature","geometry":{"type":"Point","coordinates":[-73.4431,45.4576]},"properties":{"name":"AMT - Stationnement Chevrier","network":"Le Circuit \u00e9lectrique","stalls":1,"status":"05:00-02:00","source":"OpenStreetMap (charge-finder mirror)"}},{"type":"Feature","geometry":{"type":"Point","coordinates":[-73.4399,45.4385]},"properties":{"name":"Rona Brossard","network":"Le Circuit \u00e9lectrique","stalls":1,"status":"24/7","source":"OpenStreetMap (charge-finder mirror)"}},{"type":"Feature","geometry":{"type":"Point","coordinates":[-82.9329,32.491]},"properties":{"name":"ChargePoint","network":"ChargePoint","stalls":3,"status":"24/7","source":"OpenStreetMap (charge-finder mirror)"}},{"type":"Feature","geometry":{"type":"Point","coordinates":[-122.8504,49.1864]},"properties":{"name":"ChargePoint","network":"ChargePoint","stalls":2,"status":"unknown","source":"OpenStreetMap (charge-finder mirror)"}},{"type":"Feature","geometry":{"type":"Point","coordinates":[-83.6547,32.826]},"properties":{"name":"ChargePoint","network":"ChargePoint","stalls":3,"status":"unknown","source":"OpenStreetMap (charge-finder mirror)"}},{"type":"Feature","geometry":{"type":"Point","coordinates":[-123.1188,49.2768]},"properties":{"name":"ChargePoint","network":"ChargePoint","stalls":3,"status":"unknown","source":"OpenStreetMap (charge-finder mirror)"}},{"type":"Feature","geometry":{"type":"Point","coordinates":[-122.6658,45.4196]},"properties":{"name":"Portland General Electric","network":"Portland General Electric","stalls":2,"status":"unknown","source":"OpenStreetMap (charge-finder mirror)"}},{"type":"Feature","geometry":{"type":"Point","coordinates":[-122.6691,45.7768]},"properties":{"name":"AV aerovironment","network":"AV aerovironment","status":"unknown","source":"OpenStreetMap (charge-finder mirror)"}},{"type":"Feature","geometry":{"type":"Point","coordinates":[-121.9388,37.3552]},"properties":{"name":"EV charging","network":"EV charging","status":"unknown","source":"OpenStreetMap (charge-finder mirror)"}},{"type":"Feature","geometry":{"type":"Point","coordinates":[-83.3766,42.194]},"properties":{"name":"ChargePoint Station 8FA0","network":"EV charging","stalls":2,"status":"unknown","source":"OpenStreetMap (charge-finder mirror)"}},{"type":"Feature","geometry":{"type":"Point","coordinates":[-86.944,34.8239]},"properties":{"name":"Northgate RV Travel Park","network":"EV charging","stalls":23,"status":"unknown","source":"OpenStreetMap (charge-finder mirror)"}},{"type":"Feature","geometry":{"type":"Point","coordinates":[-117.8182,44.8027]},"properties":{"name":"EV charging","network":"EV charging","status":"unknown","source":"OpenStreetMap (charge-finder mirror)"}},{"type":"Feature","geometry":{"type":"Point","coordinates":[-93.294,37.2096]},"properties":{"name":"EV charging","network":"EV charging","status":"unknown","source":"OpenStreetMap (charge-finder mirror)"}},{"type":"Feature","geometry":{"type":"Point","coordinates":[-122.2336,47.384]},"properties":{"name":"ChargePoint","network":"ChargePoint","status":"unknown","source":"OpenStreetMap (charge-finder mirror)"}},{"type":"Feature","geometry":{"type":"Point","coordinates":[-85.4818,43.6998]},"properties":{"name":"EV charging","network":"EV charging","status":"unknown","source":"OpenStreetMap (charge-finder mirror)"}},{"type":"Feature","geometry":{"type":"Point","coordinates":[-121.9794,37.2206]},"properties":{"name":"EV charging","network":"EV charging","status":"unknown","source":"OpenStreetMap (charge-finder mirror)"}},{"type":"Feature","geometry":{"type":"Point","coordinates":[-97.0866,33.0728]},"properties":{"name":"Blink","network":"Blink","stalls":3,"status":"24/7","source":"OpenStreetMap (charge-finder mirror)"}},{"type":"Feature","geometry":{"type":"Point","coordinates":[-87.7855,41.9027]},"properties":{"name":"Soofa Solar Phone Charger","network":"PDOP","status":"unknown","source":"OpenStreetMap (charge-finder mirror)"}},{"type":"Feature","geometry":{"type":"Point","coordinates":[-111.8415,33.396]},"properties":{"name":"ChargePoint","network":"ChargePoint","stalls":1,"status":"unknown","source":"OpenStreetMap (charge-finder mirror)"}},{"type":"Feature","geometry":{"type":"Point","coordinates":[-98.5525,29.5057]},"properties":{"name":"EV charging","network":"EV charging","status":"unknown","source":"OpenStreetMap (charge-finder mirror)"}},{"type":"Feature","geometry":{"type":"Point","coordinates":[-98.5526,29.5057]},"properties":{"name":"EV charging","network":"EV charging","status":"unknown","source":"OpenStreetMap (charge-finder mirror)"}},{"type":"Feature","geometry":{"type":"Point","coordinates":[-111.8428,40.7704]},"properties":{"name":"EV charging","network":"EV charging","status":"unknown","source":"OpenStreetMap (charge-finder mirror)"}},{"type":"Feature","geometry":{"type":"Point","coordinates":[-123.0012,44.8933]},"properties":{"name":"Church Extension Plan","network":"Church Extension Plan","stalls":1,"status":"unknown","source":"OpenStreetMap (charge-finder mirror)"}},{"type":"Feature","geometry":{"type":"Point","coordinates":[-73.4473,45.6006]},"properties":{"name":"BRCC - St-Hubert - Boucherville","network":"Circuit \u00c9lectrique","status":"unknown","source":"OpenStreetMap (charge-finder mirror)"}},{"type":"Feature","geometry":{"type":"Point","coordinates":[-74.1263,45.9439]},"properties":{"name":"FLO","network":"FLO","status":"unknown","source":"OpenStreetMap (charge-finder mirror)"}},{"type":"Feature","geometry":{"type":"Point","coordinates":[-73.0045,46.1955]},"properties":{"name":"BRCC - Aire de service de la Baie-de-Maskinong\u00e9;BRCC Maskinonge","network":"Le Circuite \u00c9lectrique","status":"unknown","source":"OpenStreetMap (charge-finder mirror)"}},{"type":"Feature","geometry":{"type":"Point","coordinates":[-71.9964,46.6397]},"properties":{"name":"BRCC - Restaurant Le Chavigny - Deschambault","network":"Le Circuite \u00c9lectrique","status":"unknown","source":"OpenStreetMap (charge-finder mirror)"}},{"type":"Feature","geometry":{"type":"Point","coordinates":[-71.2692,46.8375]},"properties":{"name":"BRCC - CAA Qu\u00e9bec","network":"Le Circuit \u00c9lectrique","status":"unknown","source":"OpenStreetMap (charge-finder mirror)"}},{"type":"Feature","geometry":{"type":"Point","coordinates":[-70.0359,47.364]},"properties":{"name":"BRCC - Carrefour La Pocati\u00e8re","network":"Le Circuit \u00c9lectrique","status":"unknown","source":"OpenStreetMap (charge-finder mirror)"}},{"type":"Feature","geometry":{"type":"Point","coordinates":[-68.1888,48.5858]},"properties":{"name":"BRCC - Ville de Mont-Joli","network":"Le Circuit \u00c9lectrique","status":"unknown","source":"OpenStreetMap (charge-finder mirror)"}},{"type":"Feature","geometry":{"type":"Point","coordinates":[-72.7139,45.396]},"properties":{"name":"BRCC - Ville de Granby","network":"Le Circuit \u00c9lectrique","status":"unknown","source":"OpenStreetMap (charge-finder mirror)"}},{"type":"Feature","geometry":{"type":"Point","coordinates":[-73.2484,45.3247]},"properties":{"name":"BRCC - Ville de St-Jean-sur-Richelieu (Rona)","network":"Le Circuit \u00c9lectrique","stalls":2,"status":"unknown","source":"OpenStreetMap (charge-finder mirror)"}},{"type":"Feature","geometry":{"type":"Point","coordinates":[-70.77,47.1409]},"properties":{"name":"BRCC - Corporation sentier des caps","network":"Le Circuit \u00c9lectrique","status":"unknown","source":"OpenStreetMap (charge-finder mirror)"}},{"type":"Feature","geometry":{"type":"Point","coordinates":[-74.0341,45.4083]},"properties":{"name":"Circuit \u00e9lectrique","network":"Circuit \u00e9lectrique","stalls":2,"status":"unknown","source":"OpenStreetMap (charge-finder mirror)"}},{"type":"Feature","geometry":{"type":"Point","coordinates":[-71.0379,46.4692]},"properties":{"name":"BRCC - St-Hubert - Ste-Marie","network":"Le Circuit \u00c9lectrique","status":"unknown","source":"OpenStreetMap (charge-finder mirror)"}},{"type":"Feature","geometry":{"type":"Point","coordinates":[-71.2873,46.7913]},"properties":{"name":"BRCC - Add\u00c9nergie","network":"EV charging","status":"unknown","source":"OpenStreetMap (charge-finder mirror)"}},{"type":"Feature","geometry":{"type":"Point","coordinates":[-73.252,45.3086]},"properties":{"name":"BRCC \u2013 Ville de St-Jean-sur-Richelieu (Capitol)","network":"Le Circuit \u00c9lectrique","status":"unknown","source":"OpenStreetMap (charge-finder mirror)"}},{"type":"Feature","geometry":{"type":"Point","coordinates":[-72.1375,46.1718]},"properties":{"name":"BRCC - La Belle Qu\u00e9b\u00e9coise - Daveluyville","network":"Le Circuit \u00c9lectrique","status":"unknown","source":"OpenStreetMap (charge-finder mirror)"}},{"type":"Feature","geometry":{"type":"Point","coordinates":[-72.1442,45.6359]},"properties":{"name":"BRCC - Aire de service - Melbourne","network":"Le Circuit \u00c9lectrique","stalls":3,"status":"unknown","source":"OpenStreetMap (charge-finder mirror)"}},{"type":"Feature","geometry":{"type":"Point","coordinates":[-71.8034,45.1331]},"properties":{"name":"Circuit \u00e9lectrique","network":"Circuit \u00e9lectrique","stalls":6,"status":"unknown","source":"OpenStreetMap (charge-finder mirror)"}},{"type":"Feature","geometry":{"type":"Point","coordinates":[-70.8822,45.5779]},"properties":{"name":"BRCC - Lac-M\u00e9gantic","network":"Circuit \u00e9lectrique","status":"unknown","source":"OpenStreetMap (charge-finder mirror)"}},{"type":"Feature","geometry":{"type":"Point","coordinates":[-66.4904,49.1244]},"properties":{"name":"BRCC - CDSMML - Ste-Anne-des-Monts","network":"EV charging","status":"unknown","source":"OpenStreetMap (charge-finder mirror)"}},{"type":"Feature","geometry":{"type":"Point","coordinates":[-66.7041,48.0327]},"properties":{"name":"BRCC - CDSMML - Pointe-\u00e0-la-Croix","network":"Le Circuit \u00c9lectrique","status":"unknown","source":"OpenStreetMap (charge-finder mirror)"}},{"type":"Feature","geometry":{"type":"Point","coordinates":[-72.7508,45.19]},"properties":{"name":"BRCC - Deragon","network":"EV charging","status":"unknown","source":"OpenStreetMap (charge-finder mirror)"}},{"type":"Feature","geometry":{"type":"Point","coordinates":[-73.2117,45.5448]},"properties":{"name":"BRCC - Ville d'Otterburn Park - Halte Touristique","network":"Le Circuit \u00c9lectrique","status":"unknown","source":"OpenStreetMap (charge-finder mirror)"}},{"type":"Feature","geometry":{"type":"Point","coordinates":[-78.1102,48.5715]},"properties":{"name":"BRCC - Ville d'Amos","network":"Le Circuit \u00c9lectrique","status":"unknown","source":"OpenStreetMap (charge-finder mirror)"}},{"type":"Feature","geometry":{"type":"Point","coordinates":[-72.9337,45.3657]},"properties":{"name":"BRCC - Ange-Gardien - Thai Express","network":"Le Circuit \u00c9lectrique","status":"unknown","source":"OpenStreetMap (charge-finder mirror)"}},{"type":"Feature","geometry":{"type":"Point","coordinates":[-71.3003,46.8317]},"properties":{"name":"BRCC - Galeries de la Capitale","network":"Le Circuit \u00c9lectrique","status":"unknown","source":"OpenStreetMap (charge-finder mirror)"}},{"type":"Feature","geometry":{"type":"Point","coordinates":[-71.637,46.5384]},"properties":{"name":"BRCC \u2013 Tim Hortons - Laurier-Station","network":"EV charging","status":"unknown","source":"OpenStreetMap (charge-finder mirror)"}},{"type":"Feature","geometry":{"type":"Point","coordinates":[-71.237,46.8216]},"properties":{"name":"BRCC - Ville de Qu\u00e9bec - Pointe-aux-Li\u00e8vres","network":"EV charging","status":"unknown","source":"OpenStreetMap (charge-finder mirror)"}},{"type":"Feature","geometry":{"type":"Point","coordinates":[-75.7114,45.4278]},"properties":{"name":"BRCC - Maison du citoyen","network":"EV charging","status":"unknown","source":"OpenStreetMap (charge-finder mirror)"}},{"type":"Feature","geometry":{"type":"Point","coordinates":[-73.5809,45.5249]},"properties":{"name":"BRCC - Centre de services communautaires du Monast\u00e8re","network":"EV charging","status":"unknown","source":"OpenStreetMap (charge-finder mirror)"}},{"type":"Feature","geometry":{"type":"Point","coordinates":[-75.6195,45.0232]},"properties":{"name":"DCFC - Kemptville","network":"EV charging","status":"unknown","source":"OpenStreetMap (charge-finder mirror)"}},{"type":"Feature","geometry":{"type":"Point","coordinates":[-75.3044,45.5436]},"properties":{"name":"DCFC - St-Hubert - Rockland","network":"EV charging","status":"unknown","source":"OpenStreetMap (charge-finder mirror)"}},{"type":"Feature","geometry":{"type":"Point","coordinates":[-78.332,44.2839]},"properties":{"name":"Peterborough - Lansdowne Mall","network":"EV charging","status":"unknown","source":"OpenStreetMap (charge-finder mirror)"}},{"type":"Feature","geometry":{"type":"Point","coordinates":[-79.4504,43.6394]},"properties":{"name":"FLO","network":"FLO","stalls":2,"status":"unknown","source":"OpenStreetMap (charge-finder mirror)"}},{"type":"Feature","geometry":{"type":"Point","coordinates":[-80.2855,43.5427]},"properties":{"name":"Flo","network":"FLO","status":"unknown","source":"OpenStreetMap (charge-finder mirror)"}},{"type":"Feature","geometry":{"type":"Point","coordinates":[-82.8166,42.1671]},"properties":{"name":"Essex - Sports Complex","network":"EV charging","status":"unknown","source":"OpenStreetMap (charge-finder mirror)"}},{"type":"Feature","geometry":{"type":"Point","coordinates":[-80.7387,43.1119]},"properties":{"name":"Oxford County - Woodstock","network":"EV charging","status":"unknown","source":"OpenStreetMap (charge-finder mirror)"}},{"type":"Feature","geometry":{"type":"Point","coordinates":[-79.7097,43.6473]},"properties":{"name":"Region of Peel - 7120 Hurontario St.","network":"EV charging","status":"unknown","source":"OpenStreetMap (charge-finder mirror)"}},{"type":"Feature","geometry":{"type":"Point","coordinates":[-121.9852,37.2204]},"properties":{"name":"EV charging","network":"EV charging","status":"unknown","source":"OpenStreetMap (charge-finder mirror)"}},{"type":"Feature","geometry":{"type":"Point","coordinates":[-93.3154,37.1592]},"properties":{"name":"EV charging","network":"EV charging","status":"unknown","source":"OpenStreetMap (charge-finder mirror)"}},{"type":"Feature","geometry":{"type":"Point","coordinates":[-73.2985,45.0644]},"properties":{"name":"Borne VE","network":"EV charging","status":"unknown","source":"OpenStreetMap (charge-finder mirror)"}},{"type":"Feature","geometry":{"type":"Point","coordinates":[-122.3345,47.6993]},"properties":{"name":"EV charging","network":"EV charging","stalls":4,"status":"unknown","source":"OpenStreetMap (charge-finder mirror)"}},{"type":"Feature","geometry":{"type":"Point","coordinates":[-70.2024,44.1064]},"properties":{"name":"EV charging","network":"EV charging","status":"unknown","source":"OpenStreetMap (charge-finder mirror)"}},{"type":"Feature","geometry":{"type":"Point","coordinates":[-66.6433,45.9642]},"properties":{"name":"Fredericton City Hall EV Charger","network":"EV charging","status":"unknown","source":"OpenStreetMap (charge-finder mirror)"}},{"type":"Feature","geometry":{"type":"Point","coordinates":[-71.807,45.1471]},"properties":{"name":"Circuit \u00e9lectrique","network":"Circuit \u00e9lectrique","stalls":1,"status":"unknown","source":"OpenStreetMap (charge-finder mirror)"}},{"type":"Feature","geometry":{"type":"Point","coordinates":[-71.1448,46.8854]},"properties":{"name":"EV charging","network":"EV charging","status":"unknown","source":"OpenStreetMap (charge-finder mirror)"}},{"type":"Feature","geometry":{"type":"Point","coordinates":[-74.0651,40.5907]},"properties":{"name":"EV charging","network":"EV charging","stalls":2,"status":"unknown","source":"OpenStreetMap (charge-finder mirror)"}},{"type":"Feature","geometry":{"type":"Point","coordinates":[-96.4058,42.5181]},"properties":{"name":"ChargePoint","network":"ChargePoint","stalls":2,"status":"24/7","source":"OpenStreetMap (charge-finder mirror)"}},{"type":"Feature","geometry":{"type":"Point","coordinates":[-96.4211,42.4637]},"properties":{"name":"EV charging","network":"EV charging","stalls":2,"status":"24/7","source":"OpenStreetMap (charge-finder mirror)"}},{"type":"Feature","geometry":{"type":"Point","coordinates":[-123.0001,49.2537]},"properties":{"name":"Electric Charging Station","network":"EV charging","stalls":3,"status":"unknown","source":"OpenStreetMap (charge-finder mirror)"}},{"type":"Feature","geometry":{"type":"Point","coordinates":[-123.0041,49.2465]},"properties":{"name":"Electric Charging Station","network":"BCIT","stalls":2,"status":"unknown","source":"OpenStreetMap (charge-finder mirror)"}},{"type":"Feature","geometry":{"type":"Point","coordinates":[-86.4311,35.846]},"properties":{"name":"Blink","network":"Blink","status":"unknown","source":"OpenStreetMap (charge-finder mirror)"}},{"type":"Feature","geometry":{"type":"Point","coordinates":[-73.8783,45.4198]},"properties":{"name":"Le Circuit \u00c9lectrique","network":"Le Circuit \u00c9lectrique","status":"unknown","source":"OpenStreetMap (charge-finder mirror)"}},{"type":"Feature","geometry":{"type":"Point","coordinates":[-75.325,40.026]},"properties":{"name":"EV charging","network":"EV charging","status":"unknown","source":"OpenStreetMap (charge-finder mirror)"}},{"type":"Feature","geometry":{"type":"Point","coordinates":[-73.8649,45.6725]},"properties":{"name":"EV charging","network":"EV charging","stalls":3,"status":"unknown","source":"OpenStreetMap (charge-finder mirror)"}},{"type":"Feature","geometry":{"type":"Point","coordinates":[-123.0713,49.276]},"properties":{"name":"EV charging","network":"EV charging","stalls":2,"status":"unknown","source":"OpenStreetMap (charge-finder mirror)"}},{"type":"Feature","geometry":{"type":"Point","coordinates":[-123.1242,49.2827]},"properties":{"name":"Sutton Place Hotel","network":"Sutton Place Hotel","stalls":2,"status":"unknown","source":"OpenStreetMap (charge-finder mirror)"}},{"type":"Feature","geometry":{"type":"Point","coordinates":[-73.5471,45.5409]},"properties":{"name":"Circuit \u00e9lectrique","network":"Circuit \u00e9lectrique","stalls":2,"status":"unknown","source":"OpenStreetMap (charge-finder mirror)"}},{"type":"Feature","geometry":{"type":"Point","coordinates":[-80.0732,35.8689]},"properties":{"name":"EV charging","network":"EV charging","stalls":1,"status":"unknown","source":"OpenStreetMap (charge-finder mirror)"}},{"type":"Feature","geometry":{"type":"Point","coordinates":[-95.9356,41.1853]},"properties":{"name":"EV charging","network":"EV charging","status":"unknown","source":"OpenStreetMap (charge-finder mirror)"}},{"type":"Feature","geometry":{"type":"Point","coordinates":[-73.7505,45.5718]},"properties":{"name":"Flo","network":"Flo","status":"unknown","source":"OpenStreetMap (charge-finder mirror)"}},{"type":"Feature","geometry":{"type":"Point","coordinates":[-96.0205,41.236]},"properties":{"name":"Think Whole Person GE EVSE","network":"EV charging","status":"unknown","source":"OpenStreetMap (charge-finder mirror)"}},{"type":"Feature","geometry":{"type":"Point","coordinates":[-117.4257,47.7006]},"properties":{"name":"ChargePoint","network":"ChargePoint","status":"unknown","source":"OpenStreetMap (charge-finder mirror)"}},{"type":"Feature","geometry":{"type":"Point","coordinates":[-80.0796,35.8838]},"properties":{"name":"EV charging","network":"EV charging","status":"unknown","source":"OpenStreetMap (charge-finder mirror)"}},{"type":"Feature","geometry":{"type":"Point","coordinates":[-112.0743,33.5061]},"properties":{"name":"Blink","network":"Blink","stalls":1,"status":"unknown","source":"OpenStreetMap (charge-finder mirror)"}},{"type":"Feature","geometry":{"type":"Point","coordinates":[-121.6965,47.8548]},"properties":{"name":"EV charging","network":"EV charging","status":"unknown","source":"OpenStreetMap (charge-finder mirror)"}},{"type":"Feature","geometry":{"type":"Point","coordinates":[-77.4689,39.0719]},"properties":{"name":"ChargePoint","network":"ChargePoint","stalls":2,"status":"24/7","source":"OpenStreetMap (charge-finder mirror)"}},{"type":"Feature","geometry":{"type":"Point","coordinates":[-122.3511,47.6214]},"properties":{"name":"T-Mobile","network":"T-Mobile","status":"unknown","source":"OpenStreetMap (charge-finder mirror)"}},{"type":"Feature","geometry":{"type":"Point","coordinates":[-116.2003,43.6018]},"properties":{"name":"EV charging","network":"EV charging","stalls":2,"status":"24/7","source":"OpenStreetMap (charge-finder mirror)"}},{"type":"Feature","geometry":{"type":"Point","coordinates":[-105.279,40.0138]},"properties":{"name":"EV charging","network":"EV charging","status":"unknown","source":"OpenStreetMap (charge-finder mirror)"}},{"type":"Feature","geometry":{"type":"Point","coordinates":[-122.4921,48.7913]},"properties":{"name":"EV charging","network":"EV charging","status":"unknown","source":"OpenStreetMap (charge-finder mirror)"}},{"type":"Feature","geometry":{"type":"Point","coordinates":[-117.7405,33.6988]},"properties":{"name":"ChargePoint","network":"ChargePoint","stalls":4,"status":"unknown","source":"OpenStreetMap (charge-finder mirror)"}},{"type":"Feature","geometry":{"type":"Point","coordinates":[-122.4537,48.7557]},"properties":{"name":"Bellingham Nissan","network":"Bellingham Nissan","stalls":2,"status":"unknown","source":"OpenStreetMap (charge-finder mirror)"}},{"type":"Feature","geometry":{"type":"Point","coordinates":[-122.6221,45.5163]},"properties":{"name":"EV charging","network":"EV charging","status":"unknown","source":"OpenStreetMap (charge-finder mirror)"}},{"type":"Feature","geometry":{"type":"Point","coordinates":[-84.55,42.7197]},"properties":{"name":"Lansing Board of Water and Light","network":"Lansing Board of Water and Light","stalls":1,"status":"24/7","source":"OpenStreetMap (charge-finder mirror)"}},{"type":"Feature","geometry":{"type":"Point","coordinates":[-73.0287,43.1735]},"properties":{"name":"SemaConnect","network":"SemaConnect","stalls":2,"status":"unknown","source":"OpenStreetMap (charge-finder mirror)"}},{"type":"Feature","geometry":{"type":"Point","coordinates":[-95.4638,29.6689]},"properties":{"name":"Blink","network":"Blink","stalls":2,"status":"unknown","source":"OpenStreetMap (charge-finder mirror)"}},{"type":"Feature","geometry":{"type":"Point","coordinates":[-122.5746,48.1067]},"properties":{"name":"EV charging","network":"EV charging","status":"unknown","source":"OpenStreetMap (charge-finder mirror)"}},{"type":"Feature","geometry":{"type":"Point","coordinates":[-73.2743,42.2971]},"properties":{"name":"EVgo","network":"eVgo","status":"unknown","source":"OpenStreetMap (charge-finder mirror)"}},{"type":"Feature","geometry":{"type":"Point","coordinates":[-72.9339,42.1941]},"properties":{"name":"EV charging","network":"EV charging","status":"unknown","source":"OpenStreetMap (charge-finder mirror)"}},{"type":"Feature","geometry":{"type":"Point","coordinates":[-87.904,42.9495]},"properties":{"name":"ChargePoint","network":"ChargePoint","status":"unknown","source":"OpenStreetMap (charge-finder mirror)"}},{"type":"Feature","geometry":{"type":"Point","coordinates":[-122.7626,47.0567]},"properties":{"name":"Blink","network":"Blink","status":"unknown","source":"OpenStreetMap (charge-finder mirror)"}},{"type":"Feature","geometry":{"type":"Point","coordinates":[-122.7733,47.0699]},"properties":{"name":"Blink","network":"Blink","stalls":2,"status":"unknown","source":"OpenStreetMap (charge-finder mirror)"}},{"type":"Feature","geometry":{"type":"Point","coordinates":[-122.9301,47.0309]},"properties":{"name":"ChargePoint","network":"ChargePoint","stalls":1,"status":"unknown","source":"OpenStreetMap (charge-finder mirror)"}},{"type":"Feature","geometry":{"type":"Point","coordinates":[-122.9745,46.7255]},"properties":{"name":"AeroVironment","network":"AeroVironment","stalls":2,"status":"unknown","source":"OpenStreetMap (charge-finder mirror)"}},{"type":"Feature","geometry":{"type":"Point","coordinates":[-96.2458,41.0995]},"properties":{"name":"ChargePoint","network":"ChargePoint","status":"unknown","source":"OpenStreetMap (charge-finder mirror)"}},{"type":"Feature","geometry":{"type":"Point","coordinates":[-80.8822,34.1257]},"properties":{"name":"EV charging","network":"EV charging","status":"unknown","source":"OpenStreetMap (charge-finder mirror)"}},{"type":"Feature","geometry":{"type":"Point","coordinates":[-87.7893,41.9579]},"properties":{"name":"EV charging","network":"EV charging","status":"unknown","source":"OpenStreetMap (charge-finder mirror)"}},{"type":"Feature","geometry":{"type":"Point","coordinates":[-90.6402,40.9121]},"properties":{"name":"EV charging","network":"EV charging","status":"unknown","source":"OpenStreetMap (charge-finder mirror)"}},{"type":"Feature","geometry":{"type":"Point","coordinates":[-83.9371,33.033]},"properties":{"name":"ChargePoint","network":"ChargePoint","stalls":2,"status":"24/7","source":"OpenStreetMap (charge-finder mirror)"}},{"type":"Feature","geometry":{"type":"Point","coordinates":[-73.6418,45.5516]},"properties":{"name":"Circuit Electrique","network":"Circuit Electrique","stalls":1,"status":"unknown","source":"OpenStreetMap (charge-finder mirror)"}},{"type":"Feature","geometry":{"type":"Point","coordinates":[-72.4886,45.8859]},"properties":{"name":"EV charging","network":"EV charging","stalls":2,"status":"unknown","source":"OpenStreetMap (charge-finder mirror)"}},{"type":"Feature","geometry":{"type":"Point","coordinates":[-122.5193,47.6249]},"properties":{"name":"ChargePoint","network":"ChargePoint","status":"unknown","source":"OpenStreetMap (charge-finder mirror)"}},{"type":"Feature","geometry":{"type":"Point","coordinates":[-122.5146,47.6365]},"properties":{"name":"Blink","network":"Blink","status":"unknown","source":"OpenStreetMap (charge-finder mirror)"}},{"type":"Feature","geometry":{"type":"Point","coordinates":[-73.6525,45.5325]},"properties":{"name":"FLO","network":"FLO","stalls":2,"status":"unknown","source":"OpenStreetMap (charge-finder mirror)"}},{"type":"Feature","geometry":{"type":"Point","coordinates":[-73.343,45.5465]},"properties":{"name":"EV charging","network":"EV charging","status":"unknown","source":"OpenStreetMap (charge-finder mirror)"}},{"type":"Feature","geometry":{"type":"Point","coordinates":[-73.9985,41.9235]},"properties":{"name":"EV charging","network":"EV charging","status":"unknown","source":"OpenStreetMap (charge-finder mirror)"}},{"type":"Feature","geometry":{"type":"Point","coordinates":[-106.3064,35.4731]},"properties":{"name":"Blink","network":"Blink","stalls":1,"status":"unknown","source":"OpenStreetMap (charge-finder mirror)"}},{"type":"Feature","geometry":{"type":"Point","coordinates":[-95.8639,40.6766]},"properties":{"name":"ChargePoint","network":"ChargePoint","stalls":1,"status":"unknown","source":"OpenStreetMap (charge-finder mirror)"}},{"type":"Feature","geometry":{"type":"Point","coordinates":[-79.7195,43.7178]},"properties":{"name":"EV charging","network":"EV charging","stalls":2,"status":"unknown","source":"OpenStreetMap (charge-finder mirror)"}},{"type":"Feature","geometry":{"type":"Point","coordinates":[-77.4979,46.099]},"properties":{"name":"EV charging","network":"EV charging","status":"unknown","source":"OpenStreetMap (charge-finder mirror)"}},{"type":"Feature","geometry":{"type":"Point","coordinates":[-123.1678,49.1937]},"properties":{"name":"EV charging","network":"EV charging","status":"unknown","source":"OpenStreetMap (charge-finder mirror)"}},{"type":"Feature","geometry":{"type":"Point","coordinates":[-123.1698,49.1939]},"properties":{"name":"EV charging","network":"EV charging","status":"unknown","source":"OpenStreetMap (charge-finder mirror)"}},{"type":"Feature","geometry":{"type":"Point","coordinates":[-124.1407,41.0624]},"properties":{"name":"Redwood Coast Energy Authority","network":"Redwood Coast Energy Authority","stalls":2,"status":"unknown","source":"OpenStreetMap (charge-finder mirror)"}},{"type":"Feature","geometry":{"type":"Point","coordinates":[-78.122,48.5715]},"properties":{"name":"EV charging","network":"EV charging","status":"unknown","source":"OpenStreetMap (charge-finder mirror)"}},{"type":"Feature","geometry":{"type":"Point","coordinates":[-122.2064,47.6131]},"properties":{"name":"ChargePoint","network":"ChargePoint","status":"unknown","source":"OpenStreetMap (charge-finder mirror)"}},{"type":"Feature","geometry":{"type":"Point","coordinates":[-121.9531,37.4163]},"properties":{"name":"Hyatt House Hotel","network":"Hyatt House Hotel","status":"unknown","source":"OpenStreetMap (charge-finder mirror)"}},{"type":"Feature","geometry":{"type":"Point","coordinates":[-89.4249,43.0023]},"properties":{"name":"Madison Gas & Electric Company","network":"Madison Gas & Electric Company","stalls":1,"status":"unknown","source":"OpenStreetMap (charge-finder mirror)"}},{"type":"Feature","geometry":{"type":"Point","coordinates":[-121.1887,38.8178]},"properties":{"name":"EVGgo","network":"EVGgo","stalls":2,"status":"unknown","source":"OpenStreetMap (charge-finder mirror)"}},{"type":"Feature","geometry":{"type":"Point","coordinates":[-122.2728,47.8484]},"properties":{"name":"Blink","network":"Blink","stalls":2,"status":"unknown","source":"OpenStreetMap (charge-finder mirror)"}},{"type":"Feature","geometry":{"type":"Point","coordinates":[-84.0666,35.9252]},"properties":{"name":"EVgo","network":"EVgo","stalls":2,"status":"unknown","source":"OpenStreetMap (charge-finder mirror)"}},{"type":"Feature","geometry":{"type":"Point","coordinates":[-77.4942,37.5902]},"properties":{"name":"Libbie Mill","network":"Libbie Mill","status":"unknown","source":"OpenStreetMap (charge-finder mirror)"}},{"type":"Feature","geometry":{"type":"Point","coordinates":[-112.0585,33.5094]},"properties":{"name":"EV charging","network":"EV charging","status":"unknown","source":"OpenStreetMap (charge-finder mirror)"}},{"type":"Feature","geometry":{"type":"Point","coordinates":[-118.0962,33.8631]},"properties":{"name":"eVgo","network":"eVgo","stalls":3,"status":"unknown","source":"OpenStreetMap (charge-finder mirror)"}},{"type":"Feature","geometry":{"type":"Point","coordinates":[-84.6274,42.7422]},"properties":{"name":"GE","network":"GE","stalls":1,"status":"unknown","source":"OpenStreetMap (charge-finder mirror)"}},{"type":"Feature","geometry":{"type":"Point","coordinates":[-95.9609,41.2593]},"properties":{"name":"EV charging","network":"EV charging","status":"unknown","source":"OpenStreetMap (charge-finder mirror)"}},{"type":"Feature","geometry":{"type":"Point","coordinates":[-122.3122,47.5797]},"properties":{"name":"City of Seattle","network":"City of Seattle","status":"unknown","source":"OpenStreetMap (charge-finder mirror)"}},{"type":"Feature","geometry":{"type":"Point","coordinates":[-76.3241,45.4217]},"properties":{"name":"EV charging","network":"EV charging","status":"unknown","source":"OpenStreetMap (charge-finder mirror)"}},{"type":"Feature","geometry":{"type":"Point","coordinates":[-73.2104,44.478]},"properties":{"name":"EV charging","network":"EV charging","status":"unknown","source":"OpenStreetMap (charge-finder mirror)"}},{"type":"Feature","geometry":{"type":"Point","coordinates":[-73.1982,44.4768]},"properties":{"name":"EV charging","network":"EV charging","status":"unknown","source":"OpenStreetMap (charge-finder mirror)"}},{"type":"Feature","geometry":{"type":"Point","coordinates":[-83.7452,42.2785]},"properties":{"name":"Republic Parking","network":"Republic Parking","stalls":9,"status":"unknown","source":"OpenStreetMap (charge-finder mirror)"}},{"type":"Feature","geometry":{"type":"Point","coordinates":[-71.3502,42.2993]},"properties":{"name":"EV charging","network":"EV charging","stalls":15,"status":"unknown","source":"OpenStreetMap (charge-finder mirror)"}},{"type":"Feature","geometry":{"type":"Point","coordinates":[-73.7105,45.3657]},"properties":{"name":"EV charging","network":"EV charging","stalls":2,"status":"unknown","source":"OpenStreetMap (charge-finder mirror)"}},{"type":"Feature","geometry":{"type":"Point","coordinates":[-75.6048,39.9618]},"properties":{"name":"ChargePoint","network":"ChargePoint","status":"unknown","source":"OpenStreetMap (charge-finder mirror)"}},{"type":"Feature","geometry":{"type":"Point","coordinates":[-73.4031,45.4916]},"properties":{"name":"EV charging","network":"EV charging","status":"unknown","source":"OpenStreetMap (charge-finder mirror)"}},{"type":"Feature","geometry":{"type":"Point","coordinates":[-94.6555,38.9234]},"properties":{"name":"Black & Veatch","network":"Black & Veatch","stalls":6,"status":"unknown","source":"OpenStreetMap (charge-finder mirror)"}},{"type":"Feature","geometry":{"type":"Point","coordinates":[-94.6534,38.9249]},"properties":{"name":"ChargePoint.com","network":"ChargePoint.com","stalls":12,"status":"unknown","source":"OpenStreetMap (charge-finder mirror)"}},{"type":"Feature","geometry":{"type":"Point","coordinates":[-73.4719,45.5429]},"properties":{"name":"EV charging","network":"EV charging","stalls":4,"status":"unknown","source":"OpenStreetMap (charge-finder mirror)"}},{"type":"Feature","geometry":{"type":"Point","coordinates":[-121.9732,37.3408]},"properties":{"name":"Blink","network":"Blink","stalls":2,"status":"unknown","source":"OpenStreetMap (charge-finder mirror)"}},{"type":"Feature","geometry":{"type":"Point","coordinates":[-73.4769,45.7622]},"properties":{"name":"EV charging","network":"EV charging","status":"unknown","source":"OpenStreetMap (charge-finder mirror)"}},{"type":"Feature","geometry":{"type":"Point","coordinates":[-89.669,39.7753]},"properties":{"name":"EV charging","network":"EV charging","stalls":4,"status":"unknown","source":"OpenStreetMap (charge-finder mirror)"}},{"type":"Feature","geometry":{"type":"Point","coordinates":[-94.6467,39.2458]},"properties":{"name":"EV charging","network":"EV charging","status":"unknown","source":"OpenStreetMap (charge-finder mirror)"}},{"type":"Feature","geometry":{"type":"Point","coordinates":[-94.6466,39.2457]},"properties":{"name":"EV charging","network":"EV charging","status":"unknown","source":"OpenStreetMap (charge-finder mirror)"}},{"type":"Feature","geometry":{"type":"Point","coordinates":[-122.1013,47.3563]},"properties":{"name":"Blink","network":"Blink","status":"unknown","source":"OpenStreetMap (charge-finder mirror)"}},{"type":"Feature","geometry":{"type":"Point","coordinates":[-122.2965,47.4002]},"properties":{"name":"EV charging","network":"EV charging","status":"unknown","source":"OpenStreetMap (charge-finder mirror)"}},{"type":"Feature","geometry":{"type":"Point","coordinates":[-84.5693,42.842]},"properties":{"name":"Village of DeWitt","network":"Village of DeWitt","stalls":2,"status":"24/7","source":"OpenStreetMap (charge-finder mirror)"}},{"type":"Feature","geometry":{"type":"Point","coordinates":[-90.3284,38.5412]},"properties":{"name":"EV charging","network":"EV charging","status":"unknown","source":"OpenStreetMap (charge-finder mirror)"}},{"type":"Feature","geometry":{"type":"Point","coordinates":[-122.8218,38.4017]},"properties":{"name":"ChargePoint","network":"ChargePoint","stalls":2,"status":"24/7","source":"OpenStreetMap (charge-finder mirror)"}},{"type":"Feature","geometry":{"type":"Point","coordinates":[-120.5424,47.004]},"properties":{"name":"CWU","network":"CWU","stalls":1,"status":"unknown","source":"OpenStreetMap (charge-finder mirror)"}},{"type":"Feature","geometry":{"type":"Point","coordinates":[-73.9803,40.744]},"properties":{"name":"ChargePoint","network":"ChargePoint","status":"unknown","source":"OpenStreetMap (charge-finder mirror)"}},{"type":"Feature","geometry":{"type":"Point","coordinates":[-73.9572,40.7779]},"properties":{"name":"ChargePoint","network":"ChargePoint","status":"unknown","source":"OpenStreetMap (charge-finder mirror)"}},{"type":"Feature","geometry":{"type":"Point","coordinates":[-73.9564,40.7797]},"properties":{"name":"ChargePoint","network":"ChargePoint","status":"unknown","source":"OpenStreetMap (charge-finder mirror)"}},{"type":"Feature","geometry":{"type":"Point","coordinates":[-73.9674,40.7586]},"properties":{"name":"ChargePoint","network":"ChargePoint","status":"unknown","source":"OpenStreetMap (charge-finder mirror)"}},{"type":"Feature","geometry":{"type":"Point","coordinates":[-74.0007,40.7305]},"properties":{"name":"ChargePoint","network":"ChargePoint","status":"unknown","source":"OpenStreetMap (charge-finder mirror)"}},{"type":"Feature","geometry":{"type":"Point","coordinates":[-74.0109,40.7142]},"properties":{"name":"ChargePoint","network":"ChargePoint","status":"unknown","source":"OpenStreetMap (charge-finder mirror)"}},{"type":"Feature","geometry":{"type":"Point","coordinates":[-73.9918,40.7171]},"properties":{"name":"Blink","network":"Blink","status":"unknown","source":"OpenStreetMap (charge-finder mirror)"}},{"type":"Feature","geometry":{"type":"Point","coordinates":[-74.0074,40.7287]},"properties":{"name":"ChargePoint","network":"ChargePoint","status":"unknown","source":"OpenStreetMap (charge-finder mirror)"}},{"type":"Feature","geometry":{"type":"Point","coordinates":[-73.9968,40.742]},"properties":{"name":"Blink","network":"Blink","status":"unknown","source":"OpenStreetMap (charge-finder mirror)"}},{"type":"Feature","geometry":{"type":"Point","coordinates":[-73.9963,40.7538]},"properties":{"name":"ChargePoint","network":"ChargePoint","status":"unknown","source":"OpenStreetMap (charge-finder mirror)"}},{"type":"Feature","geometry":{"type":"Point","coordinates":[-73.9722,40.7585]},"properties":{"name":"ChargePoint","network":"ChargePoint","status":"unknown","source":"OpenStreetMap (charge-finder mirror)"}},{"type":"Feature","geometry":{"type":"Point","coordinates":[-73.9698,40.7619]},"properties":{"name":"ChargePoint","network":"ChargePoint","status":"unknown","source":"OpenStreetMap (charge-finder mirror)"}},{"type":"Feature","geometry":{"type":"Point","coordinates":[-89.45,43.0765]},"properties":{"name":"ChargePoint","network":"ChargePoint","status":"unknown","source":"OpenStreetMap (charge-finder mirror)"}},{"type":"Feature","geometry":{"type":"Point","coordinates":[-78.753,35.8207]},"properties":{"name":"SAS","network":"SAS","stalls":4,"status":"unknown","source":"OpenStreetMap (charge-finder mirror)"}},{"type":"Feature","geometry":{"type":"Point","coordinates":[-87.6801,34.8089]},"properties":{"name":"EV charging","network":"EV charging","status":"unknown","source":"OpenStreetMap (charge-finder mirror)"}},{"type":"Feature","geometry":{"type":"Point","coordinates":[-87.6801,34.8087]},"properties":{"name":"EV charging","network":"EV charging","status":"unknown","source":"OpenStreetMap (charge-finder mirror)"}},{"type":"Feature","geometry":{"type":"Point","coordinates":[-87.6801,34.809]},"properties":{"name":"EV charging","network":"EV charging","status":"unknown","source":"OpenStreetMap (charge-finder mirror)"}},{"type":"Feature","geometry":{"type":"Point","coordinates":[-76.0498,43.0459]},"properties":{"name":"EV charging","network":"EV charging","status":"unknown","source":"OpenStreetMap (charge-finder mirror)"}},{"type":"Feature","geometry":{"type":"Point","coordinates":[-72.7226,45.3988]},"properties":{"name":"Ville de Granby","network":"Ville de Granby","stalls":2,"status":"unknown","source":"OpenStreetMap (charge-finder mirror)"}},{"type":"Feature","geometry":{"type":"Point","coordinates":[-77.8051,39.4365]},"properties":{"name":"EV charging","network":"EV charging","stalls":2,"status":"unknown","source":"OpenStreetMap (charge-finder mirror)"}},{"type":"Feature","geometry":{"type":"Point","coordinates":[-121.165,38.6443]},"properties":{"name":"ChargePoint","network":"ChargePoint","stalls":1,"status":"24/7","source":"OpenStreetMap (charge-finder mirror)"}},{"type":"Feature","geometry":{"type":"Point","coordinates":[-121.1649,38.6442]},"properties":{"name":"ChargePoint","network":"ChargePoint","stalls":1,"status":"24/7","source":"OpenStreetMap (charge-finder mirror)"}},{"type":"Feature","geometry":{"type":"Point","coordinates":[-121.1649,38.6442]},"properties":{"name":"ChargePoint","network":"ChargePoint","stalls":1,"status":"24/7","source":"OpenStreetMap (charge-finder mirror)"}},{"type":"Feature","geometry":{"type":"Point","coordinates":[-121.1648,38.6441]},"properties":{"name":"ChargePoint","network":"ChargePoint","stalls":1,"status":"24/7","source":"OpenStreetMap (charge-finder mirror)"}},{"type":"Feature","geometry":{"type":"Point","coordinates":[-121.1648,38.6441]},"properties":{"name":"ChargePoint","network":"ChargePoint","stalls":1,"status":"24/7","source":"OpenStreetMap (charge-finder mirror)"}},{"type":"Feature","geometry":{"type":"Point","coordinates":[-121.1647,38.644]},"properties":{"name":"ChargePoint","network":"ChargePoint","stalls":1,"status":"24/7","source":"OpenStreetMap (charge-finder mirror)"}},{"type":"Feature","geometry":{"type":"Point","coordinates":[-121.1645,38.644]},"properties":{"name":"ChargePoint","network":"ChargePoint","stalls":2,"status":"24/7","source":"OpenStreetMap (charge-finder mirror)"}},{"type":"Feature","geometry":{"type":"Point","coordinates":[-121.1632,38.6474]},"properties":{"name":"ChargePoint","network":"ChargePoint","stalls":2,"status":"24/7","source":"OpenStreetMap (charge-finder mirror)"}},{"type":"Feature","geometry":{"type":"Point","coordinates":[-121.1632,38.6474]},"properties":{"name":"ChargePoint","network":"ChargePoint","stalls":2,"status":"24/7","source":"OpenStreetMap (charge-finder mirror)"}},{"type":"Feature","geometry":{"type":"Point","coordinates":[-97.656,31.0779]},"properties":{"name":"EV charging","network":"EV charging","stalls":2,"status":"unknown","source":"OpenStreetMap (charge-finder mirror)"}},{"type":"Feature","geometry":{"type":"Point","coordinates":[-80.9664,43.3744]},"properties":{"name":"Leviton","network":"Leviton","status":"24/7","source":"OpenStreetMap (charge-finder mirror)"}},{"type":"Feature","geometry":{"type":"Point","coordinates":[-78.7571,35.825]},"properties":{"name":"SAS","network":"SAS","stalls":4,"status":"unknown","source":"OpenStreetMap (charge-finder mirror)"}},{"type":"Feature","geometry":{"type":"Point","coordinates":[-78.7574,35.8247]},"properties":{"name":"SAS","network":"SAS","stalls":4,"status":"unknown","source":"OpenStreetMap (charge-finder mirror)"}},{"type":"Feature","geometry":{"type":"Point","coordinates":[-97.3713,27.711]},"properties":{"name":"EV charging","network":"EV charging","status":"unknown","source":"OpenStreetMap (charge-finder mirror)"}},{"type":"Feature","geometry":{"type":"Point","coordinates":[-121.9132,37.3238]},"properties":{"name":"ChargePoint","network":"ChargePoint","status":"unknown","source":"OpenStreetMap (charge-finder mirror)"}},{"type":"Feature","geometry":{"type":"Point","coordinates":[-79.0644,35.9554]},"properties":{"name":"EV charging","network":"EV charging","stalls":2,"status":"unknown","source":"OpenStreetMap (charge-finder mirror)"}},{"type":"Feature","geometry":{"type":"Point","coordinates":[-73.561,45.5026]},"properties":{"name":"Circuit \u00e9lectrique","network":"Circuit \u00e9lectrique","stalls":4,"status":"unknown","source":"OpenStreetMap (charge-finder mirror)"}},{"type":"Feature","geometry":{"type":"Point","coordinates":[-96.8479,46.861]},"properties":{"name":"EV charging","network":"EV charging","status":"unknown","source":"OpenStreetMap (charge-finder mirror)"}},{"type":"Feature","geometry":{"type":"Point","coordinates":[-88.2508,35.2251]},"properties":{"name":"EV charging","network":"EV charging","status":"unknown","source":"OpenStreetMap (charge-finder mirror)"}},{"type":"Feature","geometry":{"type":"Point","coordinates":[-123.113,49.2821]},"properties":{"name":"EV charging","network":"EV charging","stalls":2,"status":"unknown","source":"OpenStreetMap (charge-finder mirror)"}},{"type":"Feature","geometry":{"type":"Point","coordinates":[-83.8691,33.6206]},"properties":{"name":"ChargePoint","network":"ChargePoint","status":"unknown","source":"OpenStreetMap (charge-finder mirror)"}},{"type":"Feature","geometry":{"type":"Point","coordinates":[-75.0717,38.6131]},"properties":{"name":"SemaConnect Network","network":"EV charging","stalls":1,"status":"unknown","source":"OpenStreetMap (charge-finder mirror)"}},{"type":"Feature","geometry":{"type":"Point","coordinates":[-82.9164,40.051]},"properties":{"name":"Easton Town Center","network":"Easton Town Center","status":"unknown","source":"OpenStreetMap (charge-finder mirror)"}},{"type":"Feature","geometry":{"type":"Point","coordinates":[-82.9142,40.0509]},"properties":{"name":"Easton Town Center","network":"Easton Town Center","status":"unknown","source":"OpenStreetMap (charge-finder mirror)"}},{"type":"Feature","geometry":{"type":"Point","coordinates":[-117.1485,32.9133]},"properties":{"name":"EV charging","network":"EV charging","status":"unknown","source":"OpenStreetMap (charge-finder mirror)"}},{"type":"Feature","geometry":{"type":"Point","coordinates":[-93.6231,41.7049]},"properties":{"name":"Charge Point (Free)","network":"Charge Point (Free)","status":"unknown","source":"OpenStreetMap (charge-finder mirror)"}},{"type":"Feature","geometry":{"type":"Point","coordinates":[-68.317,47.3746]},"properties":{"name":"EV charging","network":"EV charging","status":"unknown","source":"OpenStreetMap (charge-finder mirror)"}},{"type":"Feature","geometry":{"type":"Point","coordinates":[-70.9119,42.8468]},"properties":{"name":"ChargePoint","network":"ChargePoint","stalls":2,"status":"24/7","source":"OpenStreetMap (charge-finder mirror)"}},{"type":"Feature","geometry":{"type":"Point","coordinates":[-81.5708,41.1108]},"properties":{"name":"EV charging","network":"EV charging","stalls":3,"status":"unknown","source":"OpenStreetMap (charge-finder mirror)"}},{"type":"Feature","geometry":{"type":"Point","coordinates":[-79.1744,35.7432]},"properties":{"name":"ChargePoint Charging Station","network":"EV charging","status":"unknown","source":"OpenStreetMap (charge-finder mirror)"}},{"type":"Feature","geometry":{"type":"Point","coordinates":[-122.5291,45.618]},"properties":{"name":"EV charging","network":"EV charging","stalls":2,"status":"24/7","source":"OpenStreetMap (charge-finder mirror)"}},{"type":"Feature","geometry":{"type":"Point","coordinates":[-76.9392,39.2113]},"properties":{"name":"ChargePoint","network":"ChargePoint","stalls":4,"status":"unknown","source":"OpenStreetMap (charge-finder mirror)"}},{"type":"Feature","geometry":{"type":"Point","coordinates":[-105.2417,40.0221]},"properties":{"name":"ChargePoint","network":"ChargePoint","stalls":2,"status":"unknown","source":"OpenStreetMap (charge-finder mirror)"}},{"type":"Feature","geometry":{"type":"Point","coordinates":[-122.6013,49.2195]},"properties":{"name":"City of Maple Ridge / ChargePoint","network":"City of Maple Ridge / ChargePoint","stalls":2,"status":"unknown","source":"OpenStreetMap (charge-finder mirror)"}},{"type":"Feature","geometry":{"type":"Point","coordinates":[-122.1979,47.4813]},"properties":{"name":"EV charging","network":"EV charging","status":"unknown","source":"OpenStreetMap (charge-finder mirror)"}},{"type":"Feature","geometry":{"type":"Point","coordinates":[-115.3991,47.3864]},"properties":{"name":"EV charging","network":"EV charging","status":"unknown","source":"OpenStreetMap (charge-finder mirror)"}},{"type":"Feature","geometry":{"type":"Point","coordinates":[-74.1825,40.7373]},"properties":{"name":"EV charging","network":"EV charging","status":"unknown","source":"OpenStreetMap (charge-finder mirror)"}},{"type":"Feature","geometry":{"type":"Point","coordinates":[-111.9273,33.6542]},"properties":{"name":"Volta","network":"Volta","status":"unknown","source":"OpenStreetMap (charge-finder mirror)"}},{"type":"Feature","geometry":{"type":"Point","coordinates":[-87.5244,37.9919]},"properties":{"name":"EV charging","network":"EV charging","status":"unknown","source":"OpenStreetMap (charge-finder mirror)"}},{"type":"Feature","geometry":{"type":"Point","coordinates":[-83.6515,41.3737]},"properties":{"name":"EV charging","network":"EV charging","stalls":1,"status":"unknown","source":"OpenStreetMap (charge-finder mirror)"}},{"type":"Feature","geometry":{"type":"Point","coordinates":[-76.251,36.9529]},"properties":{"name":"EV charging","network":"EV charging","status":"unknown","source":"OpenStreetMap (charge-finder mirror)"}},{"type":"Feature","geometry":{"type":"Point","coordinates":[-117.9058,33.8738]},"properties":{"name":"ChargePoint","network":"ChargePoint","stalls":1,"status":"unknown","source":"OpenStreetMap (charge-finder mirror)"}},{"type":"Feature","geometry":{"type":"Point","coordinates":[-105.1343,39.9877]},"properties":{"name":"Alfalfa's EV charging","network":"EV charging","stalls":4,"status":"unknown","source":"OpenStreetMap (charge-finder mirror)"}},{"type":"Feature","geometry":{"type":"Point","coordinates":[-94.5889,39.1211]},"properties":{"name":"Evergy","network":"Evergy","stalls":2,"status":"unknown","source":"OpenStreetMap (charge-finder mirror)"}},{"type":"Feature","geometry":{"type":"Point","coordinates":[-94.5888,39.121]},"properties":{"name":"Evergy","network":"Evergy","stalls":2,"status":"unknown","source":"OpenStreetMap (charge-finder mirror)"}},{"type":"Feature","geometry":{"type":"Point","coordinates":[-117.8004,49.0777]},"properties":{"name":"EV charging","network":"EV charging","status":"unknown","source":"OpenStreetMap (charge-finder mirror)"}},{"type":"Feature","geometry":{"type":"Point","coordinates":[-105.2736,39.9789]},"properties":{"name":"ChargePoint","network":"ChargePoint","stalls":2,"status":"unknown","source":"OpenStreetMap (charge-finder mirror)"}},{"type":"Feature","geometry":{"type":"Point","coordinates":[-121.9184,37.703]},"properties":{"name":"ChargePoint","network":"ChargePoint","stalls":3,"status":"unknown","source":"OpenStreetMap (charge-finder mirror)"}},{"type":"Feature","geometry":{"type":"Point","coordinates":[-91.8488,47.9033]},"properties":{"name":"Adventure Inn","network":"Adventure Inn","status":"unknown","source":"OpenStreetMap (charge-finder mirror)"}},{"type":"Feature","geometry":{"type":"Point","coordinates":[-122.4801,48.7478]},"properties":{"name":"ChargePoint","network":"ChargePoint","stalls":2,"status":"unknown","source":"OpenStreetMap (charge-finder mirror)"}},{"type":"Feature","geometry":{"type":"Point","coordinates":[-80.2879,25.7091]},"properties":{"name":"ChargePoint","network":"ChargePoint","status":"unknown","source":"OpenStreetMap (charge-finder mirror)"}},{"type":"Feature","geometry":{"type":"Point","coordinates":[-75.9328,43.9927]},"properties":{"name":"National Grid","network":"National Grid","status":"unknown","source":"OpenStreetMap (charge-finder mirror)"}},{"type":"Feature","geometry":{"type":"Point","coordinates":[-122.0341,47.614]},"properties":{"name":"Volta","network":"Volta","status":"unknown","source":"OpenStreetMap (charge-finder mirror)"}},{"type":"Feature","geometry":{"type":"Point","coordinates":[-117.4595,33.9176]},"properties":{"name":"EV charging","network":"EV charging","status":"unknown","source":"OpenStreetMap (charge-finder mirror)"}},{"type":"Feature","geometry":{"type":"Point","coordinates":[-117.4559,33.9094]},"properties":{"name":"EV charging","network":"EV charging","status":"unknown","source":"OpenStreetMap (charge-finder mirror)"}},{"type":"Feature","geometry":{"type":"Point","coordinates":[-117.3758,33.9808]},"properties":{"name":"EV charging","network":"EV charging","stalls":1,"status":"unknown","source":"OpenStreetMap (charge-finder mirror)"}},{"type":"Feature","geometry":{"type":"Point","coordinates":[-117.4465,33.9505]},"properties":{"name":"EV charging","network":"EV charging","status":"unknown","source":"OpenStreetMap (charge-finder mirror)"}},{"type":"Feature","geometry":{"type":"Point","coordinates":[-78.9443,43.8997]},"properties":{"name":"EV charging","network":"EV charging","status":"unknown","source":"OpenStreetMap (charge-finder mirror)"}},{"type":"Feature","geometry":{"type":"Point","coordinates":[-76.7283,39.2893]},"properties":{"name":"eVgo","network":"eVgo","status":"unknown","source":"OpenStreetMap (charge-finder mirror)"}},{"type":"Feature","geometry":{"type":"Point","coordinates":[-105.9491,35.6932]},"properties":{"name":"eVgo","network":"EVgo","stalls":1,"status":"unknown","source":"OpenStreetMap (charge-finder mirror)"}},{"type":"Feature","geometry":{"type":"Point","coordinates":[-105.6615,36.4652]},"properties":{"name":"Taos Mesa Brewery","network":"Taos Mesa Brewery","stalls":4,"status":"unknown","source":"OpenStreetMap (charge-finder mirror)"}},{"type":"Feature","geometry":{"type":"Point","coordinates":[-82.4522,27.951]},"properties":{"name":"Twiggs Street Parking Garage","network":"Twiggs Street Parking Garage","status":"unknown","source":"OpenStreetMap (charge-finder mirror)"}},{"type":"Feature","geometry":{"type":"Point","coordinates":[-80.2492,26.0934]},"properties":{"name":"ChargePoint Charging Station","network":"ChargePoint","stalls":2,"status":"24/7","source":"OpenStreetMap (charge-finder mirror)"}},{"type":"Feature","geometry":{"type":"Point","coordinates":[-80.2362,26.0824]},"properties":{"name":"Florida Atlantic University Police Department","network":"Florida Atlantic University Police Department","stalls":1,"status":"24/7","source":"OpenStreetMap (charge-finder mirror)"}},{"type":"Feature","geometry":{"type":"Point","coordinates":[-106.8366,40.4876]},"properties":{"name":"Town of Steamboat Springs","network":"Town of Steamboat Springs","stalls":2,"status":"unknown","source":"OpenStreetMap (charge-finder mirror)"}},{"type":"Feature","geometry":{"type":"Point","coordinates":[-108.5599,39.0677]},"properties":{"name":"Kaart","network":"Kaart","stalls":9,"status":"unknown","source":"OpenStreetMap (charge-finder mirror)"}},{"type":"Feature","geometry":{"type":"Point","coordinates":[-84.4273,33.9807]},"properties":{"name":"Whole Foods","network":"Whole Foods","stalls":1,"status":"unknown","source":"OpenStreetMap (charge-finder mirror)"}},{"type":"Feature","geometry":{"type":"Point","coordinates":[-73.8657,45.5476]},"properties":{"name":"Circuit Electrique","network":"Circuit Electrique","stalls":2,"status":"unknown","source":"OpenStreetMap (charge-finder mirror)"}},{"type":"Feature","geometry":{"type":"Point","coordinates":[-73.8171,45.5611]},"properties":{"name":"ChargePoint","network":"ChargePoint","stalls":2,"status":"unknown","source":"OpenStreetMap (charge-finder mirror)"}},{"type":"Feature","geometry":{"type":"Point","coordinates":[-91.2531,43.8081]},"properties":{"name":"EV charging","network":"EV charging","status":"unknown","source":"OpenStreetMap (charge-finder mirror)"}},{"type":"Feature","geometry":{"type":"Point","coordinates":[-73.721,45.5568]},"properties":{"name":"FLO","network":"FLO","stalls":2,"status":"unknown","source":"OpenStreetMap (charge-finder mirror)"}},{"type":"Feature","geometry":{"type":"Point","coordinates":[-121.1651,38.6701]},"properties":{"name":"ChargePoint","network":"ChargePoint","stalls":1,"status":"unknown","source":"OpenStreetMap (charge-finder mirror)"}},{"type":"Feature","geometry":{"type":"Point","coordinates":[-122.2637,38.2353]},"properties":{"name":"EV charging","network":"EV charging","status":"unknown","source":"OpenStreetMap (charge-finder mirror)"}},{"type":"Feature","geometry":{"type":"Point","coordinates":[-73.5555,45.5564]},"properties":{"name":"Circuit \u00e9lectrique","network":"Circuit \u00e9lectrique","stalls":2,"status":"unknown","source":"OpenStreetMap (charge-finder mirror)"}},{"type":"Feature","geometry":{"type":"Point","coordinates":[-76.5086,44.2597]},"properties":{"name":"Kingston - Planning and Building Department","network":"FLO","stalls":2,"status":"unknown","source":"OpenStreetMap (charge-finder mirror)"}},{"type":"Feature","geometry":{"type":"Point","coordinates":[-76.5306,44.2173]},"properties":{"name":"Kingston - Lake Ontario Park","network":"FLO","stalls":2,"status":"unknown","source":"OpenStreetMap (charge-finder mirror)"}},{"type":"Feature","geometry":{"type":"Point","coordinates":[-122.1047,37.6509]},"properties":{"name":"EV charging","network":"EV charging","status":"unknown","source":"OpenStreetMap (charge-finder mirror)"}},{"type":"Feature","geometry":{"type":"Point","coordinates":[-73.6194,45.4944]},"properties":{"name":"EV charging","network":"EV charging","status":"unknown","source":"OpenStreetMap (charge-finder mirror)"}},{"type":"Feature","geometry":{"type":"Point","coordinates":[-78.7887,43.0017]},"properties":{"name":"National Grid/University at Buffalo","network":"National Grid/University at Buffalo","status":"unknown","source":"OpenStreetMap (charge-finder mirror)"}},{"type":"Feature","geometry":{"type":"Point","coordinates":[-97.7936,30.3633]},"properties":{"name":"CHAMPION OFFICE EV","network":"CHARGEPOINT","stalls":4,"status":"24/7","source":"OpenStreetMap (charge-finder mirror)"}},{"type":"Feature","geometry":{"type":"Point","coordinates":[-119.7837,39.4749]},"properties":{"name":"ChargePoint","network":"ChargePoint","stalls":2,"status":"unknown","source":"OpenStreetMap (charge-finder mirror)"}},{"type":"Feature","geometry":{"type":"Point","coordinates":[-119.8157,39.529]},"properties":{"name":"Unknown","network":"Unknown","stalls":2,"status":"unknown","source":"OpenStreetMap (charge-finder mirror)"}},{"type":"Feature","geometry":{"type":"Point","coordinates":[-122.1971,47.6196]},"properties":{"name":"EV charging","network":"EV charging","status":"unknown","source":"OpenStreetMap (charge-finder mirror)"}},{"type":"Feature","geometry":{"type":"Point","coordinates":[-119.8166,39.5432]},"properties":{"name":"ChargePoint","network":"ChargePoint","stalls":2,"status":"unknown","source":"OpenStreetMap (charge-finder mirror)"}},{"type":"Feature","geometry":{"type":"Point","coordinates":[-111.7383,40.3014]},"properties":{"name":"EV charging","network":"EV charging","status":"unknown","source":"OpenStreetMap (charge-finder mirror)"}},{"type":"Feature","geometry":{"type":"Point","coordinates":[-122.1557,47.7548]},"properties":{"name":"EV charging","network":"EV charging","stalls":2,"status":"unknown","source":"OpenStreetMap (charge-finder mirror)"}},{"type":"Feature","geometry":{"type":"Point","coordinates":[-84.421,42.2876]},"properties":{"name":"ClipperCreek","network":"ClipperCreek","stalls":1,"status":"24/7","source":"OpenStreetMap (charge-finder mirror)"}},{"type":"Feature","geometry":{"type":"Point","coordinates":[-71.2562,42.5282]},"properties":{"name":"ChargePoint","network":"ChargePoint","status":"unknown","source":"OpenStreetMap (charge-finder mirror)"}},{"type":"Feature","geometry":{"type":"Point","coordinates":[-124.1959,47.1955]},"properties":{"name":"EV charging","network":"EV charging","status":"unknown","source":"OpenStreetMap (charge-finder mirror)"}},{"type":"Feature","geometry":{"type":"Point","coordinates":[-111.8444,33.2596]},"properties":{"name":"ChargePoint","network":"ChargePoint","status":"unknown","source":"OpenStreetMap (charge-finder mirror)"}},{"type":"Feature","geometry":{"type":"Point","coordinates":[-119.7559,39.414]},"properties":{"name":"ChargePoint","network":"ChargePoint","stalls":2,"status":"unknown","source":"OpenStreetMap (charge-finder mirror)"}},{"type":"Feature","geometry":{"type":"Point","coordinates":[-119.8009,39.497]},"properties":{"name":"ChargePoint","network":"ChargePoint","stalls":2,"status":"unknown","source":"OpenStreetMap (charge-finder mirror)"}},{"type":"Feature","geometry":{"type":"Point","coordinates":[-122.2606,37.8133]},"properties":{"name":"eVgo","network":"eVgo","status":"unknown","source":"OpenStreetMap (charge-finder mirror)"}},{"type":"Feature","geometry":{"type":"Point","coordinates":[-121.9273,37.6946]},"properties":{"name":"eVgo","network":"EVgo","status":"unknown","source":"OpenStreetMap (charge-finder mirror)"}},{"type":"Feature","geometry":{"type":"Point","coordinates":[-122.3596,47.6502]},"properties":{"name":"EV charging","network":"EV charging","stalls":2,"status":"unknown","source":"OpenStreetMap (charge-finder mirror)"}},{"type":"Feature","geometry":{"type":"Point","coordinates":[-84.5546,42.7413]},"properties":{"name":"Eaton","network":"Eaton","stalls":2,"status":"24/7","source":"OpenStreetMap (charge-finder mirror)"}},{"type":"Feature","geometry":{"type":"Point","coordinates":[-84.6626,42.7417]},"properties":{"name":"ClipperCreek","network":"ClipperCreek","stalls":2,"status":"Mo-Fr 08:00-17:00; PH closed","source":"OpenStreetMap (charge-finder mirror)"}},{"type":"Feature","geometry":{"type":"Point","coordinates":[-77.4651,39.0673]},"properties":{"name":"ChargePoint","network":"ChargePoint","stalls":2,"status":"24/7","source":"OpenStreetMap (charge-finder mirror)"}},{"type":"Feature","geometry":{"type":"Point","coordinates":[-105.1147,39.897]},"properties":{"name":"EV charging","network":"EV charging","status":"unknown","source":"OpenStreetMap (charge-finder mirror)"}},{"type":"Feature","geometry":{"type":"Point","coordinates":[-105.1146,39.897]},"properties":{"name":"EV charging","network":"EV charging","status":"unknown","source":"OpenStreetMap (charge-finder mirror)"}},{"type":"Feature","geometry":{"type":"Point","coordinates":[-105.1148,39.8969]},"properties":{"name":"EV charging","network":"EV charging","status":"unknown","source":"OpenStreetMap (charge-finder mirror)"}},{"type":"Feature","geometry":{"type":"Point","coordinates":[-73.6202,45.5402]},"properties":{"name":"Hydro Qu\u00e9bec","network":"Hydro Qu\u00e9bec","status":"unknown","source":"OpenStreetMap (charge-finder mirror)"}},{"type":"Feature","geometry":{"type":"Point","coordinates":[-77.4646,39.0704]},"properties":{"name":"ChargePoint","network":"ChargePoint","stalls":2,"status":"24/7","source":"OpenStreetMap (charge-finder mirror)"}},{"type":"Feature","geometry":{"type":"Point","coordinates":[-105.2567,40.0183]},"properties":{"name":"eVgo","network":"EVgo","status":"24/7","source":"OpenStreetMap (charge-finder mirror)"}},{"type":"Feature","geometry":{"type":"Point","coordinates":[-80.9638,46.4639]},"properties":{"name":"EV charging","network":"EV charging","status":"unknown","source":"OpenStreetMap (charge-finder mirror)"}},{"type":"Feature","geometry":{"type":"Point","coordinates":[-73.5597,45.4901]},"properties":{"name":"Hydro-Qu\u00e9bec","network":"Hydro-Qu\u00e9bec","stalls":2,"status":"unknown","source":"OpenStreetMap (charge-finder mirror)"}},{"type":"Feature","geometry":{"type":"Point","coordinates":[-80.1414,25.9592]},"properties":{"name":"Electric Vehicle Charging Station","network":"EV charging","status":"Mo-Su 05:30-23:30","source":"OpenStreetMap (charge-finder mirror)"}},{"type":"Feature","geometry":{"type":"Point","coordinates":[-106.3306,38.5122]},"properties":{"name":"clipper creek","network":"clipper creek","stalls":1,"status":"unknown","source":"OpenStreetMap (charge-finder mirror)"}},{"type":"Feature","geometry":{"type":"Point","coordinates":[-123.0723,49.1739]},"properties":{"name":"ChargePoint","network":"ChargePoint","stalls":2,"status":"unknown","source":"OpenStreetMap (charge-finder mirror)"}},{"type":"Feature","geometry":{"type":"Point","coordinates":[-123.0705,49.1725]},"properties":{"name":"ChargePoint","network":"ChargePoint","stalls":2,"status":"unknown","source":"OpenStreetMap (charge-finder mirror)"}},{"type":"Feature","geometry":{"type":"Point","coordinates":[-77.4543,39.0523]},"properties":{"name":"Volta","network":"Volta","stalls":1,"status":"24/7","source":"OpenStreetMap (charge-finder mirror)"}},{"type":"Feature","geometry":{"type":"Point","coordinates":[-71.9777,46.0681]},"properties":{"name":"Le Circuit \u00c9lectrique","network":"Le Circuit \u00c9lectrique","status":"unknown","source":"OpenStreetMap (charge-finder mirror)"}},{"type":"Feature","geometry":{"type":"Point","coordinates":[-77.4533,39.0523]},"properties":{"name":"Volta","network":"Volta","stalls":1,"status":"24/7","source":"OpenStreetMap (charge-finder mirror)"}},{"type":"Feature","geometry":{"type":"Point","coordinates":[-77.4751,39.0449]},"properties":{"name":"eVgo","network":"eVgo","stalls":5,"status":"24/7","source":"OpenStreetMap (charge-finder mirror)"}},{"type":"Feature","geometry":{"type":"Point","coordinates":[-77.5387,39.1082]},"properties":{"name":"eVgo","network":"EVgo","stalls":3,"status":"24/7","source":"OpenStreetMap (charge-finder mirror)"}},{"type":"Feature","geometry":{"type":"Point","coordinates":[-105.1123,39.9715]},"properties":{"name":"ChargePoint","network":"ChargePoint","stalls":6,"status":"unknown","source":"OpenStreetMap (charge-finder mirror)"}},{"type":"Feature","geometry":{"type":"Point","coordinates":[-84.5601,42.7503]},"properties":{"name":"Consumers Energy","network":"Consumers Energy","stalls":4,"status":"24/7","source":"OpenStreetMap (charge-finder mirror)"}},{"type":"Feature","geometry":{"type":"Point","coordinates":[-77.2305,38.8729]},"properties":{"name":"Blink","network":"Blink","stalls":1,"status":"unknown","source":"OpenStreetMap (charge-finder mirror)"}},{"type":"Feature","geometry":{"type":"Point","coordinates":[-77.2312,38.8733]},"properties":{"name":"Blink","network":"Blink","stalls":1,"status":"unknown","source":"OpenStreetMap (charge-finder mirror)"}},{"type":"Feature","geometry":{"type":"Point","coordinates":[-97.6841,30.4018]},"properties":{"name":"PIE AE WALNUTCREEKPRK 2","network":"ChargePoint","stalls":2,"status":"24/7","source":"OpenStreetMap (charge-finder mirror)"}},{"type":"Feature","geometry":{"type":"Point","coordinates":[-105.9449,35.682]},"properties":{"name":"Energy","network":"Energy","stalls":1,"status":"unknown","source":"OpenStreetMap (charge-finder mirror)"}},{"type":"Feature","geometry":{"type":"Point","coordinates":[-87.2404,33.7911]},"properties":{"name":"EV charging","network":"EV charging","status":"unknown","source":"OpenStreetMap (charge-finder mirror)"}},{"type":"Feature","geometry":{"type":"Point","coordinates":[-79.191,43.787]},"properties":{"name":"EV charging","network":"EV charging","status":"unknown","source":"OpenStreetMap (charge-finder mirror)"}},{"type":"Feature","geometry":{"type":"Point","coordinates":[-83.9977,42.6223]},"properties":{"name":"Tanger Outlet Mall Howell","network":"Tanger Outlet Mall Howell","stalls":2,"status":"24/7","source":"OpenStreetMap (charge-finder mirror)"}},{"type":"Feature","geometry":{"type":"Point","coordinates":[-104.783,38.7691]},"properties":{"name":"Electrify America","network":"Electrify America","stalls":6,"status":"unknown","source":"OpenStreetMap (charge-finder mirror)"}},{"type":"Feature","geometry":{"type":"Point","coordinates":[-84.5341,42.7206]},"properties":{"name":"ChargePoint","network":"ChargePoint","stalls":2,"status":"24/7","source":"OpenStreetMap (charge-finder mirror)"}},{"type":"Feature","geometry":{"type":"Point","coordinates":[-76.3594,39.522]},"properties":{"name":"BMW of Bel Air","network":"BMW of Bel Air","stalls":2,"status":"unknown","source":"OpenStreetMap (charge-finder mirror)"}},{"type":"Feature","geometry":{"type":"Point","coordinates":[-76.3094,39.4772]},"properties":{"name":"EV charging","network":"EV charging","status":"unknown","source":"OpenStreetMap (charge-finder mirror)"}},{"type":"Feature","geometry":{"type":"Point","coordinates":[-105.4495,36.5964]},"properties":{"name":"EV charging","network":"EV charging","status":"unknown","source":"OpenStreetMap (charge-finder mirror)"}},{"type":"Feature","geometry":{"type":"Point","coordinates":[-71.0064,46.8601]},"properties":{"name":"EV charging","network":"EV charging","status":"unknown","source":"OpenStreetMap (charge-finder mirror)"}},{"type":"Feature","geometry":{"type":"Point","coordinates":[-121.9213,36.5525]},"properties":{"name":"ChargePoint","network":"ChargePoint","stalls":2,"status":"unknown","source":"OpenStreetMap (charge-finder mirror)"}},{"type":"Feature","geometry":{"type":"Point","coordinates":[-80.3712,25.7599]},"properties":{"name":"SemaCharge Charging Station","network":"EV charging","stalls":2,"status":"unknown","source":"OpenStreetMap (charge-finder mirror)"}},{"type":"Feature","geometry":{"type":"Point","coordinates":[-76.3264,39.5032]},"properties":{"name":"EV charging","network":"EV charging","status":"unknown","source":"OpenStreetMap (charge-finder mirror)"}},{"type":"Feature","geometry":{"type":"Point","coordinates":[-117.9217,33.821]},"properties":{"name":"ChargePoint","network":"ChargePoint","stalls":2,"status":"unknown","source":"OpenStreetMap (charge-finder mirror)"}},{"type":"Feature","geometry":{"type":"Point","coordinates":[-76.3546,39.5271]},"properties":{"name":"SemaConnect","network":"SemaConnect","stalls":2,"status":"unknown","source":"OpenStreetMap (charge-finder mirror)"}},{"type":"Feature","geometry":{"type":"Point","coordinates":[-76.3074,39.468]},"properties":{"name":"ChargePoint","network":"ChargePoint","stalls":1,"status":"unknown","source":"OpenStreetMap (charge-finder mirror)"}},{"type":"Feature","geometry":{"type":"Point","coordinates":[-76.3075,39.468]},"properties":{"name":"ChargePoint","network":"ChargePoint","stalls":1,"status":"unknown","source":"OpenStreetMap (charge-finder mirror)"}},{"type":"Feature","geometry":{"type":"Point","coordinates":[-111.5461,40.7241]},"properties":{"name":"EV charging","network":"EV charging","status":"unknown","source":"OpenStreetMap (charge-finder mirror)"}},{"type":"Feature","geometry":{"type":"Point","coordinates":[-88.6994,34.258]},"properties":{"name":"EV charging","network":"EV charging","stalls":3,"status":"24/7","source":"OpenStreetMap (charge-finder mirror)"}},{"type":"Feature","geometry":{"type":"Point","coordinates":[-80.3723,25.7541]},"properties":{"name":"SemaCharge Charging Station","network":"EV charging","stalls":1,"status":"unknown","source":"OpenStreetMap (charge-finder mirror)"}},{"type":"Feature","geometry":{"type":"Point","coordinates":[-73.5414,45.5386]},"properties":{"name":"Circuit \u00e9lectrique","network":"Circuit \u00e9lectrique","stalls":2,"status":"unknown","source":"OpenStreetMap (charge-finder mirror)"}},{"type":"Feature","geometry":{"type":"Point","coordinates":[-73.787,45.595]},"properties":{"name":"Circuit \u00e9lectrique","network":"Circuit \u00e9lectrique","status":"unknown","source":"OpenStreetMap (charge-finder mirror)"}},{"type":"Feature","geometry":{"type":"Point","coordinates":[-73.6418,45.5516]},"properties":{"name":"Circuit Electrique","network":"Circuit Electrique","stalls":1,"status":"unknown","source":"OpenStreetMap (charge-finder mirror)"}},{"type":"Feature","geometry":{"type":"Point","coordinates":[-80.1396,25.9086]},"properties":{"name":"Blink","network":"Blink","stalls":2,"status":"24/7","source":"OpenStreetMap (charge-finder mirror)"}},{"type":"Feature","geometry":{"type":"Point","coordinates":[-117.6246,33.4365]},"properties":{"name":"EV charging","network":"EV charging","status":"unknown","source":"OpenStreetMap (charge-finder mirror)"}},{"type":"Feature","geometry":{"type":"Point","coordinates":[-105.243,40.0096]},"properties":{"name":"EV charging","network":"EV charging","status":"unknown","source":"OpenStreetMap (charge-finder mirror)"}},{"type":"Feature","geometry":{"type":"Point","coordinates":[-105.2498,40.0089]},"properties":{"name":"EV charging","network":"EV charging","status":"unknown","source":"OpenStreetMap (charge-finder mirror)"}},{"type":"Feature","geometry":{"type":"Point","coordinates":[-73.2204,44.4759]},"properties":{"name":"EV charging","network":"EV charging","status":"unknown","source":"OpenStreetMap (charge-finder mirror)"}},{"type":"Feature","geometry":{"type":"Point","coordinates":[-73.2204,44.476]},"properties":{"name":"EV charging","network":"EV charging","status":"unknown","source":"OpenStreetMap (charge-finder mirror)"}},{"type":"Feature","geometry":{"type":"Point","coordinates":[-94.7742,39.0109]},"properties":{"name":"ChargePoint","network":"ChargePoint","stalls":6,"status":"unknown","source":"OpenStreetMap (charge-finder mirror)"}},{"type":"Feature","geometry":{"type":"Point","coordinates":[-94.7415,39.0155]},"properties":{"name":"ChargePoint","network":"ChargePoint","stalls":6,"status":"unknown","source":"OpenStreetMap (charge-finder mirror)"}},{"type":"Feature","geometry":{"type":"Point","coordinates":[-94.7996,38.9881]},"properties":{"name":"ChargePoint","network":"ChargePoint","stalls":6,"status":"unknown","source":"OpenStreetMap (charge-finder mirror)"}},{"type":"Feature","geometry":{"type":"Point","coordinates":[-94.778,38.9808]},"properties":{"name":"ChargePoint","network":"ChargePoint","stalls":6,"status":"unknown","source":"OpenStreetMap (charge-finder mirror)"}},{"type":"Feature","geometry":{"type":"Point","coordinates":[-94.6998,38.989]},"properties":{"name":"ChargePoint","network":"ChargePoint","stalls":6,"status":"unknown","source":"OpenStreetMap (charge-finder mirror)"}},{"type":"Feature","geometry":{"type":"Point","coordinates":[-94.6808,39.0012]},"properties":{"name":"ChargePoint","network":"ChargePoint","stalls":6,"status":"unknown","source":"OpenStreetMap (charge-finder mirror)"}},{"type":"Feature","geometry":{"type":"Point","coordinates":[-94.6586,39.0127]},"properties":{"name":"ChargePoint","network":"ChargePoint","stalls":6,"status":"unknown","source":"OpenStreetMap (charge-finder mirror)"}},{"type":"Feature","geometry":{"type":"Point","coordinates":[-94.6497,39.0229]},"properties":{"name":"ChargePoint","network":"ChargePoint","stalls":6,"status":"unknown","source":"OpenStreetMap (charge-finder mirror)"}},{"type":"Feature","geometry":{"type":"Point","coordinates":[-94.6586,39.0234]},"properties":{"name":"ChargePoint","network":"ChargePoint","stalls":6,"status":"unknown","source":"OpenStreetMap (charge-finder mirror)"}},{"type":"Feature","geometry":{"type":"Point","coordinates":[-94.7606,38.9724]},"properties":{"name":"ChargePoint","network":"ChargePoint","stalls":1,"status":"unknown","source":"OpenStreetMap (charge-finder mirror)"}},{"type":"Feature","geometry":{"type":"Point","coordinates":[-80.1397,25.9093]},"properties":{"name":"Blink","network":"Blink","stalls":2,"status":"24/7","source":"OpenStreetMap (charge-finder mirror)"}},{"type":"Feature","geometry":{"type":"Point","coordinates":[-89.5098,43.0947]},"properties":{"name":"EV charging","network":"EV charging","status":"unknown","source":"OpenStreetMap (charge-finder mirror)"}},{"type":"Feature","geometry":{"type":"Point","coordinates":[-97.7936,30.3633]},"properties":{"name":"ChargePoint","network":"ChargePoint","status":"unknown","source":"OpenStreetMap (charge-finder mirror)"}},{"type":"Feature","geometry":{"type":"Point","coordinates":[-117.3875,33.225]},"properties":{"name":"EV","network":"Pacific Views Event Center","stalls":2,"status":"24/7","source":"OpenStreetMap (charge-finder mirror)"}},{"type":"Feature","geometry":{"type":"Point","coordinates":[-80.1221,25.9463]},"properties":{"name":"Publix Charging Station","network":"EV charging","stalls":2,"status":"unknown","source":"OpenStreetMap (charge-finder mirror)"}},{"type":"Feature","geometry":{"type":"Point","coordinates":[-122.636,45.5329]},"properties":{"name":"Blink","network":"Blink","stalls":2,"status":"unknown","source":"OpenStreetMap (charge-finder mirror)"}},{"type":"Feature","geometry":{"type":"Point","coordinates":[-122.2172,37.7996]},"properties":{"name":"ChargePoint","network":"ChargePoint","stalls":2,"status":"24/7","source":"OpenStreetMap (charge-finder mirror)"}},{"type":"Feature","geometry":{"type":"Point","coordinates":[-122.4486,37.8041]},"properties":{"name":"Charge Across Town","network":"Charge Across Town","status":"unknown","source":"OpenStreetMap (charge-finder mirror)"}},{"type":"Feature","geometry":{"type":"Point","coordinates":[-122.8,38.0409]},"properties":{"name":"Adopt a Charger","network":"Adopt a Charger","status":"unknown","source":"OpenStreetMap (charge-finder mirror)"}},{"type":"Feature","geometry":{"type":"Point","coordinates":[-121.9366,36.6172]},"properties":{"name":"ChargePoint","network":"ChargePoint","status":"unknown","source":"OpenStreetMap (charge-finder mirror)"}},{"type":"Feature","geometry":{"type":"Point","coordinates":[-119.8212,39.5261]},"properties":{"name":"ChargePoint","network":"ChargePoint","stalls":1,"status":"unknown","source":"OpenStreetMap (charge-finder mirror)"}},{"type":"Feature","geometry":{"type":"Point","coordinates":[-84.1743,34.0969]},"properties":{"name":"EVgo","network":"EVgo","stalls":1,"status":"unknown","source":"OpenStreetMap (charge-finder mirror)"}},{"type":"Feature","geometry":{"type":"Point","coordinates":[-82.9512,34.6844]},"properties":{"name":"CATbus","network":"CATbus","status":"unknown","source":"OpenStreetMap (charge-finder mirror)"}},{"type":"Feature","geometry":{"type":"Point","coordinates":[-83.3461,32.3806]},"properties":{"name":"Middle Georgia State University","network":"Middle Georgia State University","stalls":2,"status":"24/7","source":"OpenStreetMap (charge-finder mirror)"}},{"type":"Feature","geometry":{"type":"Point","coordinates":[-70.6629,42.6137]},"properties":{"name":"EV charging","network":"EV charging","stalls":2,"status":"unknown","source":"OpenStreetMap (charge-finder mirror)"}},{"type":"Feature","geometry":{"type":"Point","coordinates":[-85.3375,42.934]},"properties":{"name":"EV charging","network":"EV charging","status":"unknown","source":"OpenStreetMap (charge-finder mirror)"}},{"type":"Feature","geometry":{"type":"Point","coordinates":[-78.8789,38.4699]},"properties":{"name":"Eastern Mennonite University","network":"Eastern Mennonite University","stalls":2,"status":"unknown","source":"OpenStreetMap (charge-finder mirror)"}},{"type":"Feature","geometry":{"type":"Point","coordinates":[-105.1301,39.9813]},"properties":{"name":"Blink","network":"Blink","status":"unknown","source":"OpenStreetMap (charge-finder mirror)"}},{"type":"Feature","geometry":{"type":"Point","coordinates":[-77.0342,38.9922]},"properties":{"name":"EV charging","network":"EV charging","status":"unknown","source":"OpenStreetMap (charge-finder mirror)"}},{"type":"Feature","geometry":{"type":"Point","coordinates":[-84.484,42.7265]},"properties":{"name":"ChargePoint","network":"ChargePoint","stalls":1,"status":"24/7","source":"OpenStreetMap (charge-finder mirror)"}},{"type":"Feature","geometry":{"type":"Point","coordinates":[-90.4818,41.5288]},"properties":{"name":"Teriyaki Madness Destination Charger","network":"Teriyaki Madness","stalls":2,"status":"unknown","source":"OpenStreetMap (charge-finder mirror)"}},{"type":"Feature","geometry":{"type":"Point","coordinates":[-76.6008,38.5622]},"properties":{"name":"Bayside Chevrolet","network":"EV charging","stalls":1,"status":"24/7","source":"OpenStreetMap (charge-finder mirror)"}},{"type":"Feature","geometry":{"type":"Point","coordinates":[-123.3883,48.4931]},"properties":{"name":"EV charging","network":"EV charging","stalls":2,"status":"unknown","source":"OpenStreetMap (charge-finder mirror)"}},{"type":"Feature","geometry":{"type":"Point","coordinates":[-122.1959,47.6436]},"properties":{"name":"ChargePoint","network":"ChargePoint","status":"unknown","source":"OpenStreetMap (charge-finder mirror)"}},{"type":"Feature","geometry":{"type":"Point","coordinates":[-84.2927,33.7782]},"properties":{"name":"EV charging","network":"EV charging","status":"unknown","source":"OpenStreetMap (charge-finder mirror)"}},{"type":"Feature","geometry":{"type":"Point","coordinates":[-122.8784,45.1507]},"properties":{"name":"EV charging","network":"EV charging","stalls":1,"status":"unknown","source":"OpenStreetMap (charge-finder mirror)"}},{"type":"Feature","geometry":{"type":"Point","coordinates":[-89.5089,34.3622]},"properties":{"name":"EV charging","network":"EV charging","status":"unknown","source":"OpenStreetMap (charge-finder mirror)"}},{"type":"Feature","geometry":{"type":"Point","coordinates":[-87.9099,41.9798]},"properties":{"name":"EV charging","network":"EV charging","status":"unknown","source":"OpenStreetMap (charge-finder mirror)"}},{"type":"Feature","geometry":{"type":"Point","coordinates":[-87.9106,41.977]},"properties":{"name":"EV charging","network":"EV charging","status":"unknown","source":"OpenStreetMap (charge-finder mirror)"}},{"type":"Feature","geometry":{"type":"Point","coordinates":[-87.9099,41.9808]},"properties":{"name":"EV charging","network":"EV charging","status":"unknown","source":"OpenStreetMap (charge-finder mirror)"}},{"type":"Feature","geometry":{"type":"Point","coordinates":[-87.9065,41.9802]},"properties":{"name":"EV charging","network":"EV charging","status":"unknown","source":"OpenStreetMap (charge-finder mirror)"}},{"type":"Feature","geometry":{"type":"Point","coordinates":[-122.4619,48.7439]},"properties":{"name":"eVgo","network":"EVgo","stalls":2,"status":"unknown","source":"OpenStreetMap (charge-finder mirror)"}},{"type":"Feature","geometry":{"type":"Point","coordinates":[-117.7769,33.6737]},"properties":{"name":"EV charging","network":"EV charging","status":"unknown","source":"OpenStreetMap (charge-finder mirror)"}},{"type":"Feature","geometry":{"type":"Point","coordinates":[-117.777,33.6736]},"properties":{"name":"EV charging","network":"EV charging","status":"unknown","source":"OpenStreetMap (charge-finder mirror)"}},{"type":"Feature","geometry":{"type":"Point","coordinates":[-117.7771,33.6735]},"properties":{"name":"EV charging","network":"EV charging","status":"unknown","source":"OpenStreetMap (charge-finder mirror)"}},{"type":"Feature","geometry":{"type":"Point","coordinates":[-76.4963,38.2922]},"properties":{"name":"Nissan of Lexington Park","network":"Nissan","stalls":2,"status":"24/7","source":"OpenStreetMap (charge-finder mirror)"}},{"type":"Feature","geometry":{"type":"Point","coordinates":[-73.6077,45.5418]},"properties":{"name":"Circuit \u00e9lectrique","network":"Circuit \u00e9lectrique","stalls":2,"status":"unknown","source":"OpenStreetMap (charge-finder mirror)"}},{"type":"Feature","geometry":{"type":"Point","coordinates":[-84.4659,33.8919]},"properties":{"name":"Georgia Power","network":"Georgia Power","stalls":2,"status":"24/7","source":"OpenStreetMap (charge-finder mirror)"}},{"type":"Feature","geometry":{"type":"Point","coordinates":[-84.4657,33.8918]},"properties":{"name":"Georgia Power","network":"Georgia Power","stalls":2,"status":"24/7","source":"OpenStreetMap (charge-finder mirror)"}},{"type":"Feature","geometry":{"type":"Point","coordinates":[-84.4657,33.8918]},"properties":{"name":"Georgia Power","network":"Georgia Power","stalls":2,"status":"24/7","source":"OpenStreetMap (charge-finder mirror)"}},{"type":"Feature","geometry":{"type":"Point","coordinates":[-77.3621,35.6023]},"properties":{"name":"Greenville NC East Carolina 2","network":"ChargePoint","status":"24/7","source":"OpenStreetMap (charge-finder mirror)"}},{"type":"Feature","geometry":{"type":"Point","coordinates":[-73.6138,45.541]},"properties":{"name":"Circuit \u00e9lectrique","network":"Circuit \u00e9lectrique","status":"unknown","source":"OpenStreetMap (charge-finder mirror)"}},{"type":"Feature","geometry":{"type":"Point","coordinates":[-81.7471,26.783]},"properties":{"name":"EV charging","network":"EV charging","status":"unknown","source":"OpenStreetMap (charge-finder mirror)"}},{"type":"Feature","geometry":{"type":"Point","coordinates":[-89.4802,43.0138]},"properties":{"name":"EV charging","network":"EV charging","status":"unknown","source":"OpenStreetMap (charge-finder mirror)"}},{"type":"Feature","geometry":{"type":"Point","coordinates":[-89.502,43.0488]},"properties":{"name":"ChargePoint","network":"ChargePoint","stalls":2,"status":"unknown","source":"OpenStreetMap (charge-finder mirror)"}},{"type":"Feature","geometry":{"type":"Point","coordinates":[-89.5066,42.9729]},"properties":{"name":"ChargePoint","network":"ChargePoint","stalls":1,"status":"unknown","source":"OpenStreetMap (charge-finder mirror)"}},{"type":"Feature","geometry":{"type":"Point","coordinates":[-89.3765,43.0776]},"properties":{"name":"ChargePoint","network":"ChargePoint","status":"unknown","source":"OpenStreetMap (charge-finder mirror)"}},{"type":"Feature","geometry":{"type":"Point","coordinates":[-122.1332,38.0199]},"properties":{"name":"EV charging","network":"EV charging","status":"unknown","source":"OpenStreetMap (charge-finder mirror)"}},{"type":"Feature","geometry":{"type":"Point","coordinates":[-84.4797,42.7258]},"properties":{"name":"ChargePoint","network":"ChargePoint","stalls":2,"status":"24/7","source":"OpenStreetMap (charge-finder mirror)"}},{"type":"Feature","geometry":{"type":"Point","coordinates":[-84.4814,42.7213]},"properties":{"name":"ChargePoint","network":"ChargePoint","stalls":2,"status":"24/7","source":"OpenStreetMap (charge-finder mirror)"}},{"type":"Feature","geometry":{"type":"Point","coordinates":[-84.484,42.7266]},"properties":{"name":"ChargePoint","network":"ChargePoint","stalls":1,"status":"24/7","source":"OpenStreetMap (charge-finder mirror)"}},{"type":"Feature","geometry":{"type":"Point","coordinates":[-84.484,42.7266]},"properties":{"name":"ChargePoint","network":"ChargePoint","stalls":1,"status":"24/7","source":"OpenStreetMap (charge-finder mirror)"}},{"type":"Feature","geometry":{"type":"Point","coordinates":[-84.4863,42.7295]},"properties":{"name":"ChargePoint","network":"ChargePoint","stalls":2,"status":"24/7","source":"OpenStreetMap (charge-finder mirror)"}},{"type":"Feature","geometry":{"type":"Point","coordinates":[-118.3449,34.1022]},"properties":{"name":"EV charging","network":"EV charging","stalls":1,"status":"unknown","source":"OpenStreetMap (charge-finder mirror)"}},{"type":"Feature","geometry":{"type":"Point","coordinates":[-122.3694,47.6624]},"properties":{"name":"Volta","network":"Volta","status":"unknown","source":"OpenStreetMap (charge-finder mirror)"}},{"type":"Feature","geometry":{"type":"Point","coordinates":[-73.193,46.086]},"properties":{"name":"BRCC Berthierville","network":"EV charging","status":"unknown","source":"OpenStreetMap (charge-finder mirror)"}},{"type":"Feature","geometry":{"type":"Point","coordinates":[-77.6945,43.0555]},"properties":{"name":"EV Connect","network":"EV Connect","status":"unknown","source":"OpenStreetMap (charge-finder mirror)"}},{"type":"Feature","geometry":{"type":"Point","coordinates":[-73.701,46.037]},"properties":{"name":"ChargePoint","network":"ChargePoint","stalls":2,"status":"unknown","source":"OpenStreetMap (charge-finder mirror)"}},{"type":"Feature","geometry":{"type":"Point","coordinates":[-73.5833,45.537]},"properties":{"name":"EV charging","network":"EV charging","status":"unknown","source":"OpenStreetMap (charge-finder mirror)"}},{"type":"Feature","geometry":{"type":"Point","coordinates":[-66.5984,45.9718]},"properties":{"name":"NB Power - Gilbert Street","network":"NB Power","status":"unknown","source":"OpenStreetMap (charge-finder mirror)"}},{"type":"Feature","geometry":{"type":"Point","coordinates":[-75.3546,37.9241]},"properties":{"name":"Refuge Inn","network":"Refuge Inn","status":"24/7","source":"OpenStreetMap (charge-finder mirror)"}},{"type":"Feature","geometry":{"type":"Point","coordinates":[-111.8565,33.392]},"properties":{"name":"The Mesa Tower","network":"Noodoe EV","stalls":6,"status":"24/7","source":"OpenStreetMap (charge-finder mirror)"}},{"type":"Feature","geometry":{"type":"Point","coordinates":[-76.8135,39.2518]},"properties":{"name":"EV charging","network":"EV charging","stalls":4,"status":"unknown","source":"OpenStreetMap (charge-finder mirror)"}},{"type":"Feature","geometry":{"type":"Point","coordinates":[-118.003,33.6574]},"properties":{"name":"EV charging","network":"EV charging","stalls":2,"status":"unknown","source":"OpenStreetMap (charge-finder mirror)"}},{"type":"Feature","geometry":{"type":"Point","coordinates":[-93.244,44.9742]},"properties":{"name":"ChargePoint","network":"ChargePoint","stalls":2,"status":"unknown","source":"OpenStreetMap (charge-finder mirror)"}},{"type":"Feature","geometry":{"type":"Point","coordinates":[-73.6228,45.4974]},"properties":{"name":"circuit electrique","network":"Circuit \u00e9lectrique","status":"unknown","source":"OpenStreetMap (charge-finder mirror)"}},{"type":"Feature","geometry":{"type":"Point","coordinates":[-87.8893,41.9813]},"properties":{"name":"chargepoint.com","network":"chargepoint.com","status":"unknown","source":"OpenStreetMap (charge-finder mirror)"}},{"type":"Feature","geometry":{"type":"Point","coordinates":[-73.6136,45.536]},"properties":{"name":"Circuit \u00e9lectrique","network":"Circuit \u00e9lectrique","status":"unknown","source":"OpenStreetMap (charge-finder mirror)"}},{"type":"Feature","geometry":{"type":"Point","coordinates":[-84.5549,42.7271]},"properties":{"name":"Clipper Creek","network":"Clipper Creek","stalls":1,"status":"unknown","source":"OpenStreetMap (charge-finder mirror)"}},{"type":"Feature","geometry":{"type":"Point","coordinates":[-123.5107,48.4382]},"properties":{"name":"EV charging","network":"EV charging","status":"unknown","source":"OpenStreetMap (charge-finder mirror)"}},{"type":"Feature","geometry":{"type":"Point","coordinates":[-81.7479,26.784]},"properties":{"name":"EV charging","network":"EV charging","status":"unknown","source":"OpenStreetMap (charge-finder mirror)"}},{"type":"Feature","geometry":{"type":"Point","coordinates":[-121.1184,38.6504]},"properties":{"name":"ChargePoint","network":"ChargePoint","status":"24/7","source":"OpenStreetMap (charge-finder mirror)"}},{"type":"Feature","geometry":{"type":"Point","coordinates":[-121.1185,38.6504]},"properties":{"name":"ChargePoint","network":"ChargePoint","status":"24/7","source":"OpenStreetMap (charge-finder mirror)"}},{"type":"Feature","geometry":{"type":"Point","coordinates":[-67.2742,45.1928]},"properties":{"name":"22 Budd Avenue","network":"NB Power","status":"unknown","source":"OpenStreetMap (charge-finder mirror)"}},{"type":"Feature","geometry":{"type":"Point","coordinates":[-67.0433,45.0732]},"properties":{"name":"NBCC Saint Andrews","network":"AddEnergie","stalls":1,"status":"unknown","source":"OpenStreetMap (charge-finder mirror)"}},{"type":"Feature","geometry":{"type":"Point","coordinates":[-86.1133,42.7896]},"properties":{"name":"ChargePoint","network":"ChargePoint","stalls":2,"status":"unknown","source":"OpenStreetMap (charge-finder mirror)"}},{"type":"Feature","geometry":{"type":"Point","coordinates":[-87.9399,42.2303]},"properties":{"name":"ChargePoint","network":"ChargePoint","stalls":2,"status":"unknown","source":"OpenStreetMap (charge-finder mirror)"}},{"type":"Feature","geometry":{"type":"Point","coordinates":[-87.9441,42.2309]},"properties":{"name":"CDW Charging station","network":"CDW","stalls":2,"status":"unknown","source":"OpenStreetMap (charge-finder mirror)"}},{"type":"Feature","geometry":{"type":"Point","coordinates":[-87.9488,42.2442]},"properties":{"name":"Volta","network":"Volta","stalls":2,"status":"unknown","source":"OpenStreetMap (charge-finder mirror)"}},{"type":"Feature","geometry":{"type":"Point","coordinates":[-73.6231,45.5298]},"properties":{"name":"Le Circuit \u00c9lectrique","network":"Le Circuit \u00c9lectrique","stalls":2,"status":"unknown","source":"OpenStreetMap (charge-finder mirror)"}},{"type":"Feature","geometry":{"type":"Point","coordinates":[-121.3779,45.6885]},"properties":{"name":"EV charging","network":"EV charging","stalls":1,"status":"unknown","source":"OpenStreetMap (charge-finder mirror)"}},{"type":"Feature","geometry":{"type":"Point","coordinates":[-106.032,35.6123]},"properties":{"name":"EV charging","network":"EV charging","status":"unknown","source":"OpenStreetMap (charge-finder mirror)"}},{"type":"Feature","geometry":{"type":"Point","coordinates":[-88.3431,41.8855]},"properties":{"name":"EV charging","network":"EV charging","stalls":2,"status":"unknown","source":"OpenStreetMap (charge-finder mirror)"}},{"type":"Feature","geometry":{"type":"Point","coordinates":[-122.0423,37.3405]},"properties":{"name":"EV charging","network":"EV charging","status":"unknown","source":"OpenStreetMap (charge-finder mirror)"}},{"type":"Feature","geometry":{"type":"Point","coordinates":[-124.4428,49.346]},"properties":{"name":"EV charging","network":"EV charging","status":"unknown","source":"OpenStreetMap (charge-finder mirror)"}},{"type":"Feature","geometry":{"type":"Point","coordinates":[-123.9266,45.9785]},"properties":{"name":"ChargePoint","network":"ChargePoint","status":"unknown","source":"OpenStreetMap (charge-finder mirror)"}},{"type":"Feature","geometry":{"type":"Point","coordinates":[-111.4244,37.9022]},"properties":{"name":"EV charging","network":"EV charging","status":"unknown","source":"OpenStreetMap (charge-finder mirror)"}},{"type":"Feature","geometry":{"type":"Point","coordinates":[-118.1571,34.1624]},"properties":{"name":"EV charging","network":"EV charging","status":"unknown","source":"OpenStreetMap (charge-finder mirror)"}},{"type":"Feature","geometry":{"type":"Point","coordinates":[-105.2351,40.0256]},"properties":{"name":"EV charging","network":"EV charging","stalls":1,"status":"unknown","source":"OpenStreetMap (charge-finder mirror)"}},{"type":"Feature","geometry":{"type":"Point","coordinates":[-105.0948,40.5214]},"properties":{"name":"EV charging","network":"EV charging","status":"unknown","source":"OpenStreetMap (charge-finder mirror)"}},{"type":"Feature","geometry":{"type":"Point","coordinates":[-72.8609,41.7087]},"properties":{"name":"EV charging","network":"EV charging","status":"unknown","source":"OpenStreetMap (charge-finder mirror)"}},{"type":"Feature","geometry":{"type":"Point","coordinates":[-116.968,32.6247]},"properties":{"name":"Volta","network":"Volta","status":"unknown","source":"OpenStreetMap (charge-finder mirror)"}},{"type":"Feature","geometry":{"type":"Point","coordinates":[-96.8213,32.9539]},"properties":{"name":"AT&T","network":"AT&T","stalls":2,"status":"unknown","source":"OpenStreetMap (charge-finder mirror)"}},{"type":"Feature","geometry":{"type":"Point","coordinates":[-89.9925,35.0621]},"properties":{"name":"Greyhound","network":"Greyhound","status":"unknown","source":"OpenStreetMap (charge-finder mirror)"}},{"type":"Feature","geometry":{"type":"Point","coordinates":[-80.2562,35.8214]},"properties":{"name":"EV charging","network":"EV charging","stalls":2,"status":"unknown","source":"OpenStreetMap (charge-finder mirror)"}},{"type":"Feature","geometry":{"type":"Point","coordinates":[-90.0789,29.9459]},"properties":{"name":"greyhound","network":"greyhound","status":"unknown","source":"OpenStreetMap (charge-finder mirror)"}},{"type":"Feature","geometry":{"type":"Point","coordinates":[-82.5757,35.7026]},"properties":{"name":"EV charging","network":"EV charging","status":"unknown","source":"OpenStreetMap (charge-finder mirror)"}},{"type":"Feature","geometry":{"type":"Point","coordinates":[-69.9949,41.8824]},"properties":{"name":"ChargePoint","network":"ChargePoint","status":"unknown","source":"OpenStreetMap (charge-finder mirror)"}},{"type":"Feature","geometry":{"type":"Point","coordinates":[-122.8246,38.4005]},"properties":{"name":"ChargePoint","network":"ChargePoint","stalls":2,"status":"24/7","source":"OpenStreetMap (charge-finder mirror)"}},{"type":"Feature","geometry":{"type":"Point","coordinates":[-122.3007,47.4437]},"properties":{"name":"EV charging","network":"EV charging","stalls":12,"status":"unknown","source":"OpenStreetMap (charge-finder mirror)"}},{"type":"Feature","geometry":{"type":"Point","coordinates":[-122.3002,47.4441]},"properties":{"name":"EV charging","network":"EV charging","stalls":12,"status":"unknown","source":"OpenStreetMap (charge-finder mirror)"}},{"type":"Feature","geometry":{"type":"Point","coordinates":[-88.1014,30.6705]},"properties":{"name":"Greyhound","network":"Greyhound","status":"unknown","source":"OpenStreetMap (charge-finder mirror)"}},{"type":"Feature","geometry":{"type":"Point","coordinates":[-84.2826,30.445]},"properties":{"name":"greyhound","network":"greyhound","status":"unknown","source":"OpenStreetMap (charge-finder mirror)"}},{"type":"Feature","geometry":{"type":"Point","coordinates":[-108.2882,37.3454]},"properties":{"name":"Mancos Wayside Park EV Charger","network":"ChargePoint","status":"unknown","source":"OpenStreetMap (charge-finder mirror)"}},{"type":"Feature","geometry":{"type":"Point","coordinates":[-73.6052,45.5496]},"properties":{"name":"EV charging","network":"EV charging","status":"unknown","source":"OpenStreetMap (charge-finder mirror)"}},{"type":"Feature","geometry":{"type":"Point","coordinates":[-122.9582,45.3027]},"properties":{"name":"Blink","network":"Blink","stalls":2,"status":"unknown","source":"OpenStreetMap (charge-finder mirror)"}},{"type":"Feature","geometry":{"type":"Point","coordinates":[-85.3101,35.044]},"properties":{"name":"ChargePoint","network":"ChargePoint","stalls":2,"status":"unknown","source":"OpenStreetMap (charge-finder mirror)"}},{"type":"Feature","geometry":{"type":"Point","coordinates":[-123.4039,48.6478]},"properties":{"name":"BC Hydro","network":"BC Hydro","status":"unknown","source":"OpenStreetMap (charge-finder mirror)"}},{"type":"Feature","geometry":{"type":"Point","coordinates":[-122.8269,38.3996]},"properties":{"name":"the city","network":"the city","status":"unknown","source":"OpenStreetMap (charge-finder mirror)"}},{"type":"Feature","geometry":{"type":"Point","coordinates":[-121.7345,46.7866]},"properties":{"name":"EV charging","network":"EV charging","status":"unknown","source":"OpenStreetMap (charge-finder mirror)"}},{"type":"Feature","geometry":{"type":"Point","coordinates":[-88.2245,40.1157]},"properties":{"name":"ChargePoint","network":"ChargePoint","stalls":2,"status":"unknown","source":"OpenStreetMap (charge-finder mirror)"}},{"type":"Feature","geometry":{"type":"Point","coordinates":[-117.4582,33.9125]},"properties":{"name":"EV charging","network":"EV charging","status":"unknown","source":"OpenStreetMap (charge-finder mirror)"}},{"type":"Feature","geometry":{"type":"Point","coordinates":[-122.4763,37.7279]},"properties":{"name":"EV charging","network":"EV charging","status":"unknown","source":"OpenStreetMap (charge-finder mirror)"}},{"type":"Feature","geometry":{"type":"Point","coordinates":[-85.9626,39.312]},"properties":{"name":"EV charging","network":"EV charging","status":"unknown","source":"OpenStreetMap (charge-finder mirror)"}},{"type":"Feature","geometry":{"type":"Point","coordinates":[-73.9905,40.6773]},"properties":{"name":"EV charging","network":"EV charging","status":"unknown","source":"OpenStreetMap (charge-finder mirror)"}},{"type":"Feature","geometry":{"type":"Point","coordinates":[-80.3742,25.76]},"properties":{"name":"SemaCharge Charging Station","network":"EV charging","stalls":2,"status":"unknown","source":"OpenStreetMap (charge-finder mirror)"}},{"type":"Feature","geometry":{"type":"Point","coordinates":[-93.2702,44.9925]},"properties":{"name":"EV charging","network":"EV charging","stalls":1,"status":"unknown","source":"OpenStreetMap (charge-finder mirror)"}},{"type":"Feature","geometry":{"type":"Point","coordinates":[-82.0469,27.0238]},"properties":{"name":"EV charging","network":"EV charging","status":"unknown","source":"OpenStreetMap (charge-finder mirror)"}},{"type":"Feature","geometry":{"type":"Point","coordinates":[-76.3153,39.4636]},"properties":{"name":"Electrify America","network":"Electrify America","stalls":8,"status":"unknown","source":"OpenStreetMap (charge-finder mirror)"}},{"type":"Feature","geometry":{"type":"Point","coordinates":[-72.9071,41.4767]},"properties":{"name":"EV charging","network":"EV charging","status":"unknown","source":"OpenStreetMap (charge-finder mirror)"}},{"type":"Feature","geometry":{"type":"Point","coordinates":[-117.223,32.8756]},"properties":{"name":"ChargePoint","network":"ChargePoint","stalls":2,"status":"unknown","source":"OpenStreetMap (charge-finder mirror)"}},{"type":"Feature","geometry":{"type":"Point","coordinates":[-84.5116,39.1317]},"properties":{"name":"Daniels Street Fast Charger","network":"University of Cincinnati","stalls":2,"status":"24/7","source":"OpenStreetMap (charge-finder mirror)"}},{"type":"Feature","geometry":{"type":"Point","coordinates":[-71.5397,41.9196]},"properties":{"name":"ChargePoint","network":"ChargePoint","status":"unknown","source":"OpenStreetMap (charge-finder mirror)"}},{"type":"Feature","geometry":{"type":"Point","coordinates":[-119.5837,37.7466]},"properties":{"name":"GreenPath","network":"GreenPath","status":"unknown","source":"OpenStreetMap (charge-finder mirror)"}},{"type":"Feature","geometry":{"type":"Point","coordinates":[-122.2592,47.4599]},"properties":{"name":"Volta","network":"Volta","stalls":1,"status":"unknown","source":"OpenStreetMap (charge-finder mirror)"}},{"type":"Feature","geometry":{"type":"Point","coordinates":[-105.0153,39.5602]},"properties":{"name":"EV charging","network":"EV charging","stalls":2,"status":"unknown","source":"OpenStreetMap (charge-finder mirror)"}},{"type":"Feature","geometry":{"type":"Point","coordinates":[-105.1134,39.9607]},"properties":{"name":"Schneider EVlink","network":"Schneider EVlink","stalls":2,"status":"unknown","source":"OpenStreetMap (charge-finder mirror)"}},{"type":"Feature","geometry":{"type":"Point","coordinates":[-118.5272,34.242]},"properties":{"name":"EV charging","network":"EV charging","status":"unknown","source":"OpenStreetMap (charge-finder mirror)"}},{"type":"Feature","geometry":{"type":"Point","coordinates":[-76.3262,39.4988]},"properties":{"name":"EV charging","network":"EV charging","status":"unknown","source":"OpenStreetMap (charge-finder mirror)"}},{"type":"Feature","geometry":{"type":"Point","coordinates":[-89.9548,38.8106]},"properties":{"name":"ChargePoint","network":"ChargePoint","stalls":1,"status":"unknown","source":"OpenStreetMap (charge-finder mirror)"}},{"type":"Feature","geometry":{"type":"Point","coordinates":[-76.7844,39.1699]},"properties":{"name":"Blink","network":"Blink","stalls":3,"status":"unknown","source":"OpenStreetMap (charge-finder mirror)"}},{"type":"Feature","geometry":{"type":"Point","coordinates":[-122.4658,47.2751]},"properties":{"name":"EV charging","network":"EV charging","status":"unknown","source":"OpenStreetMap (charge-finder mirror)"}},{"type":"Feature","geometry":{"type":"Point","coordinates":[-80.4902,43.383]},"properties":{"name":"Sun Country Highway","network":"Sun Country Highway","status":"unknown","source":"OpenStreetMap (charge-finder mirror)"}},{"type":"Feature","geometry":{"type":"Point","coordinates":[-122.2056,47.6159]},"properties":{"name":"EV charging","network":"EV charging","stalls":5,"status":"unknown","source":"OpenStreetMap (charge-finder mirror)"}},{"type":"Feature","geometry":{"type":"Point","coordinates":[-73.6391,45.7035]},"properties":{"name":"HydroQuebec","network":"HydroQuebec","status":"unknown","source":"OpenStreetMap (charge-finder mirror)"}},{"type":"Feature","geometry":{"type":"Point","coordinates":[-80.5249,43.4635]},"properties":{"name":"CIGI","network":"CIGI","stalls":4,"status":"unknown","source":"OpenStreetMap (charge-finder mirror)"}},{"type":"Feature","geometry":{"type":"Point","coordinates":[-73.2062,44.4735]},"properties":{"name":"Champlain College","network":"Champlain College","stalls":1,"status":"unknown","source":"OpenStreetMap (charge-finder mirror)"}},{"type":"Feature","geometry":{"type":"Point","coordinates":[-76.2318,39.4981]},"properties":{"name":"EV Institute","network":"EV Institute","status":"unknown","source":"OpenStreetMap (charge-finder mirror)"}},{"type":"Feature","geometry":{"type":"Point","coordinates":[-84.6208,42.7471]},"properties":{"name":"bosch","network":"bosch","stalls":1,"status":"24/7","source":"OpenStreetMap (charge-finder mirror)"}},{"type":"Feature","geometry":{"type":"Point","coordinates":[-73.9775,40.6564]},"properties":{"name":"EVgo","network":"eVgo","status":"unknown","source":"OpenStreetMap (charge-finder mirror)"}},{"type":"Feature","geometry":{"type":"Point","coordinates":[-80.4481,43.4188]},"properties":{"name":"Sun Country Highway","network":"Sun Country Highway","status":"unknown","source":"OpenStreetMap (charge-finder mirror)"}},{"type":"Feature","geometry":{"type":"Point","coordinates":[-82.632,27.7725]},"properties":{"name":"EV charging","network":"EV charging","status":"unknown","source":"OpenStreetMap (charge-finder mirror)"}},{"type":"Feature","geometry":{"type":"Point","coordinates":[-122.7323,38.4582]},"properties":{"name":"eVgo","network":"eVgo","stalls":3,"status":"unknown","source":"OpenStreetMap (charge-finder mirror)"}},{"type":"Feature","geometry":{"type":"Point","coordinates":[-80.4322,37.2342]},"properties":{"name":"EV charging","network":"EV charging","status":"unknown","source":"OpenStreetMap (charge-finder mirror)"}},{"type":"Feature","geometry":{"type":"Point","coordinates":[-70.9546,42.1671]},"properties":{"name":"99 Restaurant Charger","network":"ChargePoint","stalls":5,"status":"24/7","source":"OpenStreetMap (charge-finder mirror)"}},{"type":"Feature","geometry":{"type":"Point","coordinates":[-80.442,43.4721]},"properties":{"name":"FLO","network":"FLO","status":"Mo-Th 07:30-20:00; Fr 07:30-18:00; Sa 09:00-17:00","source":"OpenStreetMap (charge-finder mirror)"}},{"type":"Feature","geometry":{"type":"Point","coordinates":[-117.2685,33.1046]},"properties":{"name":"Volta","network":"Volta Charging","stalls":2,"status":"unknown","source":"OpenStreetMap (charge-finder mirror)"}},{"type":"Feature","geometry":{"type":"Point","coordinates":[-105.5715,36.4086]},"properties":{"name":"EV charging","network":"EV charging","status":"unknown","source":"OpenStreetMap (charge-finder mirror)"}},{"type":"Feature","geometry":{"type":"Point","coordinates":[-117.2874,33.1375]},"properties":{"name":"Theofisher SD / B07 B08","network":"ChargePoint","stalls":1,"status":"24/7","source":"OpenStreetMap (charge-finder mirror)"}},{"type":"Feature","geometry":{"type":"Point","coordinates":[-117.2875,33.1376]},"properties":{"name":"Theofisher SD / B11 B12","network":"ChargePoint","stalls":2,"status":"24/7","source":"OpenStreetMap (charge-finder mirror)"}},{"type":"Feature","geometry":{"type":"Point","coordinates":[-117.2875,33.1376]},"properties":{"name":"Theofisher SD / B13 B14","network":"ChargePoint","stalls":2,"status":"24/7","source":"OpenStreetMap (charge-finder mirror)"}},{"type":"Feature","geometry":{"type":"Point","coordinates":[-117.2872,33.1374]},"properties":{"name":"Theofisher SD / B01 B02","network":"ChargePoint","stalls":2,"status":"24/7","source":"OpenStreetMap (charge-finder mirror)"}},{"type":"Feature","geometry":{"type":"Point","coordinates":[-73.4191,45.4544]},"properties":{"name":"EV charging","network":"EV charging","status":"unknown","source":"OpenStreetMap (charge-finder mirror)"}},{"type":"Feature","geometry":{"type":"Point","coordinates":[-80.5196,43.4637]},"properties":{"name":"City of Waterloo","network":"City of Waterloo","stalls":2,"status":"unknown","source":"OpenStreetMap (charge-finder mirror)"}},{"type":"Feature","geometry":{"type":"Point","coordinates":[-83.0512,40.0066]},"properties":{"name":"EV charging","network":"EV charging","status":"unknown","source":"OpenStreetMap (charge-finder mirror)"}},{"type":"Feature","geometry":{"type":"Point","coordinates":[-75.8916,45.3167]},"properties":{"name":"EV charging","network":"EV charging","stalls":2,"status":"unknown","source":"OpenStreetMap (charge-finder mirror)"}},{"type":"Feature","geometry":{"type":"Point","coordinates":[-79.596,43.6698]},"properties":{"name":"EV charging","network":"EV charging","status":"unknown","source":"OpenStreetMap (charge-finder mirror)"}},{"type":"Feature","geometry":{"type":"Point","coordinates":[-79.5961,43.6697]},"properties":{"name":"EV charging","network":"EV charging","status":"unknown","source":"OpenStreetMap (charge-finder mirror)"}},{"type":"Feature","geometry":{"type":"Point","coordinates":[-79.5961,43.6697]},"properties":{"name":"EV charging","network":"EV charging","status":"unknown","source":"OpenStreetMap (charge-finder mirror)"}},{"type":"Feature","geometry":{"type":"Point","coordinates":[-72.6481,41.5625]},"properties":{"name":"City of Middletown","network":"City of Middletown","stalls":2,"status":"unknown","source":"OpenStreetMap (charge-finder mirror)"}},{"type":"Feature","geometry":{"type":"Point","coordinates":[-72.648,41.5623]},"properties":{"name":"City of Middletown","network":"City of Middletown","stalls":2,"status":"unknown","source":"OpenStreetMap (charge-finder mirror)"}},{"type":"Feature","geometry":{"type":"Point","coordinates":[-80.4529,43.4187]},"properties":{"name":"Sun Country Highway","network":"Sun Country Highway","status":"24/7","source":"OpenStreetMap (charge-finder mirror)"}},{"type":"Feature","geometry":{"type":"Point","coordinates":[-117.1201,32.6788]},"properties":{"name":"ChargePoint","network":"ChargePoint","stalls":2,"status":"unknown","source":"OpenStreetMap (charge-finder mirror)"}},{"type":"Feature","geometry":{"type":"Point","coordinates":[-79.6733,47.528]},"properties":{"name":"Bosch","network":"Bosch","status":"24/7","source":"OpenStreetMap (charge-finder mirror)"}},{"type":"Feature","geometry":{"type":"Point","coordinates":[-79.6736,47.526]},"properties":{"name":"Tim Hortons","network":"Tim Hortons","status":"24/7","source":"OpenStreetMap (charge-finder mirror)"}},{"type":"Feature","geometry":{"type":"Point","coordinates":[-79.4401,46.3088]},"properties":{"name":"True North Chev","network":"True North Chev","status":"unknown","source":"OpenStreetMap (charge-finder mirror)"}},{"type":"Feature","geometry":{"type":"Point","coordinates":[-79.4482,46.3149]},"properties":{"name":"ecamion","network":"ecamion","status":"24/7","source":"OpenStreetMap (charge-finder mirror)"}},{"type":"Feature","geometry":{"type":"Point","coordinates":[-80.5123,43.4507]},"properties":{"name":"FLO","network":"FLO","status":"24/7","source":"OpenStreetMap (charge-finder mirror)"}},{"type":"Feature","geometry":{"type":"Point","coordinates":[-77.265,38.9334]},"properties":{"name":"The Barns at Wolf Trap","network":"ChargePoint","status":"24/7","source":"OpenStreetMap (charge-finder mirror)"}},{"type":"Feature","geometry":{"type":"Point","coordinates":[-80.4436,43.4312]},"properties":{"name":"Kitchener Mitsubishi","network":"Kitchener Mitsubishi","status":"24/7","source":"OpenStreetMap (charge-finder mirror)"}},{"type":"Feature","geometry":{"type":"Point","coordinates":[-76.6113,39.2811]},"properties":{"name":"Maryland Science Center","network":"EV charging","status":"24/7","source":"OpenStreetMap (charge-finder mirror)"}},{"type":"Feature","geometry":{"type":"Point","coordinates":[-80.4458,43.42]},"properties":{"name":"MOPAR","network":"MOPAR","status":"Mo-Th 09:00-21:00; Fr 09:00-17:30; Sa 09:00-17:00","source":"OpenStreetMap (charge-finder mirror)"}},{"type":"Feature","geometry":{"type":"Point","coordinates":[-80.4395,43.4252]},"properties":{"name":"AddENERGIE","network":"AddENERGIE","status":"24/7","source":"OpenStreetMap (charge-finder mirror)"}},{"type":"Feature","geometry":{"type":"Point","coordinates":[-80.5299,43.476]},"properties":{"name":"Wilfrid Laurier University","network":"Wilfrid Laurier University","status":"24/7","source":"OpenStreetMap (charge-finder mirror)"}},{"type":"Feature","geometry":{"type":"Point","coordinates":[-73.6179,45.5486]},"properties":{"name":"EV charging","network":"EV charging","status":"unknown","source":"OpenStreetMap (charge-finder mirror)"}},{"type":"Feature","geometry":{"type":"Point","coordinates":[-80.4921,43.4517]},"properties":{"name":"City of Kitchener","network":"City of Kitchener","status":"Mo-Fr 06:30-22:00; Sa,Su 07:00-22:00","source":"OpenStreetMap (charge-finder mirror)"}},{"type":"Feature","geometry":{"type":"Point","coordinates":[-106.014,35.6451]},"properties":{"name":"Greenlots","network":"Shell Recharge Solutions","status":"24/7","source":"OpenStreetMap (charge-finder mirror)"}},{"type":"Feature","geometry":{"type":"Point","coordinates":[-76.9585,38.8964]},"properties":{"name":"ChargePoint","network":"ChargePoint","status":"24/7","source":"OpenStreetMap (charge-finder mirror)"}},{"type":"Feature","geometry":{"type":"Point","coordinates":[-80.5538,43.454]},"properties":{"name":"Scotiabank","network":"Scotiabank","status":"24/7","source":"OpenStreetMap (charge-finder mirror)"}},{"type":"Feature","geometry":{"type":"Point","coordinates":[-80.5236,43.4821]},"properties":{"name":"BMW","network":"BMW","status":"24/7","source":"OpenStreetMap (charge-finder mirror)"}},{"type":"Feature","geometry":{"type":"Point","coordinates":[-80.5251,43.4915]},"properties":{"name":"Manulife Financial","network":"Manulife Financial","status":"24/7","source":"OpenStreetMap (charge-finder mirror)"}},{"type":"Feature","geometry":{"type":"Point","coordinates":[-122.7092,38.3239]},"properties":{"name":"ChargePoint","network":"ChargePoint","stalls":6,"status":"unknown","source":"OpenStreetMap (charge-finder mirror)"}},{"type":"Feature","geometry":{"type":"Point","coordinates":[-80.9971,43.3533]},"properties":{"name":"Ford","network":"Ford","status":"24/7","source":"OpenStreetMap (charge-finder mirror)"}},{"type":"Feature","geometry":{"type":"Point","coordinates":[-122.0821,37.4099]},"properties":{"name":"EV charging","network":"EV charging","stalls":2,"status":"unknown","source":"OpenStreetMap (charge-finder mirror)"}},{"type":"Feature","geometry":{"type":"Point","coordinates":[-122.0814,37.4106]},"properties":{"name":"EV charging","network":"EV charging","stalls":2,"status":"unknown","source":"OpenStreetMap (charge-finder mirror)"}},{"type":"Feature","geometry":{"type":"Point","coordinates":[-80.9993,43.3507]},"properties":{"name":"BOSCH","network":"BOSCH","status":"24/7","source":"OpenStreetMap (charge-finder mirror)"}},{"type":"Feature","geometry":{"type":"Point","coordinates":[-81.0082,43.3601]},"properties":{"name":"Bank of Nova Scotia","network":"Bank of Nova Scotia","status":"24/7","source":"OpenStreetMap (charge-finder mirror)"}},{"type":"Feature","geometry":{"type":"Point","coordinates":[-80.9834,43.3684]},"properties":{"name":"Sun Country Highway","network":"Sun Country Highway","status":"24/7","source":"OpenStreetMap (charge-finder mirror)"}},{"type":"Feature","geometry":{"type":"Point","coordinates":[-80.703,43.3716]},"properties":{"name":"Ford","network":"Ford","status":"Mo-Th 09:00-20:00; Fr 09:00-18:00; Sa 09:00-16:00","source":"OpenStreetMap (charge-finder mirror)"}},{"type":"Feature","geometry":{"type":"Point","coordinates":[-88.7421,42.8396]},"properties":{"name":"EV charging","network":"EV charging","status":"unknown","source":"OpenStreetMap (charge-finder mirror)"}},{"type":"Feature","geometry":{"type":"Point","coordinates":[-81.5407,43.6173]},"properties":{"name":"Sun Country Highway","network":"Sun Country Highway","status":"24/7","source":"OpenStreetMap (charge-finder mirror)"}},{"type":"Feature","geometry":{"type":"Point","coordinates":[-81.7084,43.7452]},"properties":{"name":"Sun Country Highway","network":"Sun Country Highway","stalls":4,"status":"24/7","source":"OpenStreetMap (charge-finder mirror)"}},{"type":"Feature","geometry":{"type":"Point","coordinates":[-76.5345,47.041]},"properties":{"name":"Le Circuit \u00c9lectrique","network":"Le Circuit \u00c9lectrique","stalls":6,"status":"unknown","source":"OpenStreetMap (charge-finder mirror)"}},{"type":"Feature","geometry":{"type":"Point","coordinates":[-122.9905,45.5131]},"properties":{"name":"Blink","network":"Blink","status":"unknown","source":"OpenStreetMap (charge-finder mirror)"}},{"type":"Feature","geometry":{"type":"Point","coordinates":[-71.3246,42.6498]},"properties":{"name":"EV charging","network":"EV charging","status":"unknown","source":"OpenStreetMap (charge-finder mirror)"}},{"type":"Feature","geometry":{"type":"Point","coordinates":[-74.1526,42.6849]},"properties":{"name":"EV charging","network":"EV charging","status":"unknown","source":"OpenStreetMap (charge-finder mirror)"}},{"type":"Feature","geometry":{"type":"Point","coordinates":[-83.6701,32.6169]},"properties":{"name":"EV charging","network":"EV charging","status":"unknown","source":"OpenStreetMap (charge-finder mirror)"}},{"type":"Feature","geometry":{"type":"Point","coordinates":[-72.9685,45.6404]},"properties":{"name":"Circuit \u00e9lectrique","network":"Circuit \u00e9lectrique","stalls":7,"status":"unknown","source":"OpenStreetMap (charge-finder mirror)"}},{"type":"Feature","geometry":{"type":"Point","coordinates":[-80.5261,43.4638]},"properties":{"name":"CIGI","network":"CIGI","stalls":2,"status":"unknown","source":"OpenStreetMap (charge-finder mirror)"}},{"type":"Feature","geometry":{"type":"Point","coordinates":[-118.9342,34.2063]},"properties":{"name":"ChargePoint","network":"ChargePoint","status":"unknown","source":"OpenStreetMap (charge-finder mirror)"}},{"type":"Feature","geometry":{"type":"Point","coordinates":[-78.7572,42.9624]},"properties":{"name":"ChargePoint","network":"ChargePoint","stalls":2,"status":"unknown","source":"OpenStreetMap (charge-finder mirror)"}},{"type":"Feature","geometry":{"type":"Point","coordinates":[-72.5195,45.8989]},"properties":{"name":"Le Circuit \u00e9lectrique","network":"Hydro-Quebec","stalls":2,"status":"unknown","source":"OpenStreetMap (charge-finder mirror)"}},{"type":"Feature","geometry":{"type":"Point","coordinates":[-106.1225,38.8469]},"properties":{"name":"Riverfront Park","network":"ChargePoint","status":"unknown","source":"OpenStreetMap (charge-finder mirror)"}},{"type":"Feature","geometry":{"type":"Point","coordinates":[-80.5452,43.4967]},"properties":{"name":"Nissan","network":"Nissan","status":"24/7","source":"OpenStreetMap (charge-finder mirror)"}},{"type":"Feature","geometry":{"type":"Point","coordinates":[-80.5387,43.5005]},"properties":{"name":"BOSCH","network":"BOSCH","status":"24/7","source":"OpenStreetMap (charge-finder mirror)"}},{"type":"Feature","geometry":{"type":"Point","coordinates":[-80.5308,43.4987]},"properties":{"name":"BOSCH","network":"BOSCH","status":"24/7","source":"OpenStreetMap (charge-finder mirror)"}},{"type":"Feature","geometry":{"type":"Point","coordinates":[-84.7556,43.8443]},"properties":{"name":"Clipper Creek","network":"Clipper Creek","stalls":4,"status":"24/7","source":"OpenStreetMap (charge-finder mirror)"}},{"type":"Feature","geometry":{"type":"Point","coordinates":[-87.9004,41.9739]},"properties":{"name":"EV charging","network":"EV charging","status":"unknown","source":"OpenStreetMap (charge-finder mirror)"}},{"type":"Feature","geometry":{"type":"Point","coordinates":[-87.9005,41.9744]},"properties":{"name":"EV charging","network":"EV charging","status":"unknown","source":"OpenStreetMap (charge-finder mirror)"}},{"type":"Feature","geometry":{"type":"Point","coordinates":[-116.2836,43.5915]},"properties":{"name":"Electrify America","network":"Electrify America","status":"unknown","source":"OpenStreetMap (charge-finder mirror)"}},{"type":"Feature","geometry":{"type":"Point","coordinates":[-122.2273,47.443]},"properties":{"name":"Blink","network":"Blink","stalls":1,"status":"unknown","source":"OpenStreetMap (charge-finder mirror)"}},{"type":"Feature","geometry":{"type":"Point","coordinates":[-122.2273,47.4428]},"properties":{"name":"Blink","network":"Blink","stalls":1,"status":"unknown","source":"OpenStreetMap (charge-finder mirror)"}},{"type":"Feature","geometry":{"type":"Point","coordinates":[-77.0066,38.9781]},"properties":{"name":"RS Automotive","network":"RS Automotive","stalls":4,"status":"unknown","source":"OpenStreetMap (charge-finder mirror)"}},{"type":"Feature","geometry":{"type":"Point","coordinates":[-117.8283,33.7036]},"properties":{"name":"ChargePoint","network":"ChargePoint","stalls":1,"status":"unknown","source":"OpenStreetMap (charge-finder mirror)"}},{"type":"Feature","geometry":{"type":"Point","coordinates":[-96.7506,32.9848]},"properties":{"name":"Blink","network":"Blink","stalls":1,"status":"24/7","source":"OpenStreetMap (charge-finder mirror)"}},{"type":"Feature","geometry":{"type":"Point","coordinates":[-122.8991,42.3242]},"properties":{"name":"EV charging","network":"EV charging","stalls":1,"status":"unknown","source":"OpenStreetMap (charge-finder mirror)"}},{"type":"Feature","geometry":{"type":"Point","coordinates":[-73.2062,44.4723]},"properties":{"name":"Rowell Annex","network":"Champlain College","stalls":2,"status":"unknown","source":"OpenStreetMap (charge-finder mirror)"}},{"type":"Feature","geometry":{"type":"Point","coordinates":[-74.9983,44.6628]},"properties":{"name":"ChargePoint","network":"ChargePoint","status":"unknown","source":"OpenStreetMap (charge-finder mirror)"}},{"type":"Feature","geometry":{"type":"Point","coordinates":[-73.5987,45.5266]},"properties":{"name":"Circuit \u00e9lectrique","network":"Circuit \u00e9lectrique","stalls":2,"status":"unknown","source":"OpenStreetMap (charge-finder mirror)"}},{"type":"Feature","geometry":{"type":"Point","coordinates":[-75.5665,40.5646]},"properties":{"name":"ChargePoint Charging Station","network":"EV charging","status":"unknown","source":"OpenStreetMap (charge-finder mirror)"}},{"type":"Feature","geometry":{"type":"Point","coordinates":[-80.7862,36.3931]},"properties":{"name":"ChargePoint Charging Station","network":"ChargePoint","status":"unknown","source":"OpenStreetMap (charge-finder mirror)"}},{"type":"Feature","geometry":{"type":"Point","coordinates":[-122.5793,45.4907]},"properties":{"name":"EV charging","network":"EV charging","status":"unknown","source":"OpenStreetMap (charge-finder mirror)"}},{"type":"Feature","geometry":{"type":"Point","coordinates":[-120.3704,37.9776]},"properties":{"name":"EV charging","network":"EV charging","status":"unknown","source":"OpenStreetMap (charge-finder mirror)"}},{"type":"Feature","geometry":{"type":"Point","coordinates":[-120.3889,38.0281]},"properties":{"name":"EV charging","network":"EV charging","status":"unknown","source":"OpenStreetMap (charge-finder mirror)"}},{"type":"Feature","geometry":{"type":"Point","coordinates":[-73.1821,44.4684]},"properties":{"name":"EV charging","network":"EV charging","status":"unknown","source":"OpenStreetMap (charge-finder mirror)"}},{"type":"Feature","geometry":{"type":"Point","coordinates":[-84.249,39.1447]},"properties":{"name":"EV charging","network":"EV charging","stalls":10,"status":"unknown","source":"OpenStreetMap (charge-finder mirror)"}},{"type":"Feature","geometry":{"type":"Point","coordinates":[-77.2283,38.8791]},"properties":{"name":"EV charging","network":"EV charging","status":"unknown","source":"OpenStreetMap (charge-finder mirror)"}},{"type":"Feature","geometry":{"type":"Point","coordinates":[-113.5196,37.1271]},"properties":{"name":"Electrify America","network":"Electrify America","stalls":4,"status":"unknown","source":"OpenStreetMap (charge-finder mirror)"}},{"type":"Feature","geometry":{"type":"Point","coordinates":[-83.6297,41.5584]},"properties":{"name":"EV charging","network":"EV charging","stalls":2,"status":"unknown","source":"OpenStreetMap (charge-finder mirror)"}},{"type":"Feature","geometry":{"type":"Point","coordinates":[-66.5606,45.8515]},"properties":{"name":"EV charging","network":"EV charging","status":"unknown","source":"OpenStreetMap (charge-finder mirror)"}},{"type":"Feature","geometry":{"type":"Point","coordinates":[-66.5606,45.8516]},"properties":{"name":"EV charging","network":"EV charging","status":"unknown","source":"OpenStreetMap (charge-finder mirror)"}},{"type":"Feature","geometry":{"type":"Point","coordinates":[-77.7692,39.6262]},"properties":{"name":"DC Corridor Hagerstown #1","network":"ChargePoint","stalls":6,"status":"24/7","source":"OpenStreetMap (charge-finder mirror)"}},{"type":"Feature","geometry":{"type":"Point","coordinates":[-77.3815,34.7616]},"properties":{"name":"Nissan charge station","network":"Nissan","status":"unknown","source":"OpenStreetMap (charge-finder mirror)"}},{"type":"Feature","geometry":{"type":"Point","coordinates":[-83.2158,42.6713]},"properties":{"name":"EV charging","network":"EV charging","stalls":2,"status":"unknown","source":"OpenStreetMap (charge-finder mirror)"}},{"type":"Feature","geometry":{"type":"Point","coordinates":[-83.2156,42.6705]},"properties":{"name":"EV charging","network":"EV charging","stalls":2,"status":"unknown","source":"OpenStreetMap (charge-finder mirror)"}},{"type":"Feature","geometry":{"type":"Point","coordinates":[-76.0823,38.9512]},"properties":{"name":"EV charging","network":"EV charging","status":"unknown","source":"OpenStreetMap (charge-finder mirror)"}},{"type":"Feature","geometry":{"type":"Point","coordinates":[-79.2701,36.0748]},"properties":{"name":"ChargePoint","network":"ChargePoint","stalls":4,"status":"unknown","source":"OpenStreetMap (charge-finder mirror)"}},{"type":"Feature","geometry":{"type":"Point","coordinates":[-83.7941,42.2739]},"properties":{"name":"ChargePoint","network":"ChargePoint","status":"unknown","source":"OpenStreetMap (charge-finder mirror)"}},{"type":"Feature","geometry":{"type":"Point","coordinates":[-123.0714,49.1764]},"properties":{"name":"ChargePoint","network":"ChargePoint","stalls":2,"status":"unknown","source":"OpenStreetMap (charge-finder mirror)"}},{"type":"Feature","geometry":{"type":"Point","coordinates":[-93.6638,45.0128]},"properties":{"name":"Protolabs, Inc","network":"Protolabs, Inc","stalls":2,"status":"unknown","source":"OpenStreetMap (charge-finder mirror)"}},{"type":"Feature","geometry":{"type":"Point","coordinates":[-89.5288,43.0912]},"properties":{"name":"ChargePoint","network":"ChargePoint","stalls":2,"status":"unknown","source":"OpenStreetMap (charge-finder mirror)"}},{"type":"Feature","geometry":{"type":"Point","coordinates":[-117.241,33.5944]},"properties":{"name":"EV charging","network":"EV charging","status":"unknown","source":"OpenStreetMap (charge-finder mirror)"}},{"type":"Feature","geometry":{"type":"Point","coordinates":[-85.6172,45.1289]},"properties":{"name":"Public","network":"Public","status":"unknown","source":"OpenStreetMap (charge-finder mirror)"}},{"type":"Feature","geometry":{"type":"Point","coordinates":[-71.3142,46.7959]},"properties":{"name":"EV charging","network":"EV charging","status":"unknown","source":"OpenStreetMap (charge-finder mirror)"}},{"type":"Feature","geometry":{"type":"Point","coordinates":[-117.3038,33.6555]},"properties":{"name":"EV charging","network":"EV charging","status":"unknown","source":"OpenStreetMap (charge-finder mirror)"}},{"type":"Feature","geometry":{"type":"Point","coordinates":[-90.4075,38.5825]},"properties":{"name":"EV charging","network":"EV charging","stalls":1,"status":"unknown","source":"OpenStreetMap (charge-finder mirror)"}},{"type":"Feature","geometry":{"type":"Point","coordinates":[-96.8242,33.1031]},"properties":{"name":"EV charging","network":"EV charging","status":"unknown","source":"OpenStreetMap (charge-finder mirror)"}},{"type":"Feature","geometry":{"type":"Point","coordinates":[-95.4858,30.1845]},"properties":{"name":"Electric Circuit","network":"Electric Circuit","stalls":40,"status":"unknown","source":"OpenStreetMap (charge-finder mirror)"}},{"type":"Feature","geometry":{"type":"Point","coordinates":[-93.1695,44.9362]},"properties":{"name":"EV charging","network":"EV charging","status":"unknown","source":"OpenStreetMap (charge-finder mirror)"}},{"type":"Feature","geometry":{"type":"Point","coordinates":[-73.3043,45.4325]},"properties":{"name":"Le Circuit \u00e9lectrique","network":"Le Circuit \u00e9lectrique","status":"unknown","source":"OpenStreetMap (charge-finder mirror)"}},{"type":"Feature","geometry":{"type":"Point","coordinates":[-73.3069,45.4307]},"properties":{"name":"EV charging","network":"EV charging","status":"unknown","source":"OpenStreetMap (charge-finder mirror)"}},{"type":"Feature","geometry":{"type":"Point","coordinates":[-73.3039,45.4311]},"properties":{"name":"EV charging","network":"EV charging","status":"unknown","source":"OpenStreetMap (charge-finder mirror)"}},{"type":"Feature","geometry":{"type":"Point","coordinates":[-105.0148,40.5252]},"properties":{"name":"ChargePoint","network":"ChargePoint","status":"unknown","source":"OpenStreetMap (charge-finder mirror)"}},{"type":"Feature","geometry":{"type":"Point","coordinates":[-105.0123,40.5255]},"properties":{"name":"ChargePoint","network":"ChargePoint","status":"unknown","source":"OpenStreetMap (charge-finder mirror)"}},{"type":"Feature","geometry":{"type":"Point","coordinates":[-120.5418,46.9767]},"properties":{"name":"Clipper Creek J1772","network":"Clipper Creek","status":"unknown","source":"OpenStreetMap (charge-finder mirror)"}},{"type":"Feature","geometry":{"type":"Point","coordinates":[-75.3996,43.2137]},"properties":{"name":"Griffiss Utilities","network":"Griffiss Utilities","stalls":2,"status":"unknown","source":"OpenStreetMap (charge-finder mirror)"}},{"type":"Feature","geometry":{"type":"Point","coordinates":[-88.2938,42.1017]},"properties":{"name":"Volta","network":"Volta","status":"unknown","source":"OpenStreetMap (charge-finder mirror)"}},{"type":"Feature","geometry":{"type":"Point","coordinates":[-117.8848,33.701]},"properties":{"name":"eVgo","network":"eVgo","stalls":1,"status":"unknown","source":"OpenStreetMap (charge-finder mirror)"}},{"type":"Feature","geometry":{"type":"Point","coordinates":[-122.4991,37.897]},"properties":{"name":"ChargePoint","network":"ChargePoint","stalls":2,"status":"unknown","source":"OpenStreetMap (charge-finder mirror)"}},{"type":"Feature","geometry":{"type":"Point","coordinates":[-88.0298,41.9698]},"properties":{"name":"EV charging","network":"EV charging","status":"unknown","source":"OpenStreetMap (charge-finder mirror)"}},{"type":"Feature","geometry":{"type":"Point","coordinates":[-81.577,28.4034]},"properties":{"name":"ChargePoint","network":"ChargePoint","status":"unknown","source":"OpenStreetMap (charge-finder mirror)"}},{"type":"Feature","geometry":{"type":"Point","coordinates":[-79.6672,44.411]},"properties":{"name":"Georgian College Electric Vehicle Charging Station","network":"Georgian College Centre for Applied Research and Innovation","status":"07:00-23:00","source":"OpenStreetMap (charge-finder mirror)"}},{"type":"Feature","geometry":{"type":"Point","coordinates":[-94.4611,39.2422]},"properties":{"name":"ChargePoint","network":"ChargePoint","stalls":6,"status":"unknown","source":"OpenStreetMap (charge-finder mirror)"}},{"type":"Feature","geometry":{"type":"Point","coordinates":[-75.6745,39.8709]},"properties":{"name":"J1772 Charging Station","network":"EV charging","stalls":1,"status":"unknown","source":"OpenStreetMap (charge-finder mirror)"}},{"type":"Feature","geometry":{"type":"Point","coordinates":[-84.4244,33.6539]},"properties":{"name":"ChargePoint","network":"ChargePoint","status":"unknown","source":"OpenStreetMap (charge-finder mirror)"}},{"type":"Feature","geometry":{"type":"Point","coordinates":[-84.4243,33.6538]},"properties":{"name":"ChargePoint","network":"ChargePoint","status":"unknown","source":"OpenStreetMap (charge-finder mirror)"}},{"type":"Feature","geometry":{"type":"Point","coordinates":[-84.4242,33.6538]},"properties":{"name":"ChargePoint","network":"ChargePoint","status":"unknown","source":"OpenStreetMap (charge-finder mirror)"}},{"type":"Feature","geometry":{"type":"Point","coordinates":[-84.424,33.6538]},"properties":{"name":"ChargePoint","network":"ChargePoint","status":"unknown","source":"OpenStreetMap (charge-finder mirror)"}},{"type":"Feature","geometry":{"type":"Point","coordinates":[-84.4239,33.6538]},"properties":{"name":"ChargePoint","network":"ChargePoint","status":"unknown","source":"OpenStreetMap (charge-finder mirror)"}},{"type":"Feature","geometry":{"type":"Point","coordinates":[-84.4238,33.6538]},"properties":{"name":"ChargePoint","network":"ChargePoint","status":"unknown","source":"OpenStreetMap (charge-finder mirror)"}},{"type":"Feature","geometry":{"type":"Point","coordinates":[-84.4237,33.6538]},"properties":{"name":"ChargePoint","network":"ChargePoint","status":"unknown","source":"OpenStreetMap (charge-finder mirror)"}},{"type":"Feature","geometry":{"type":"Point","coordinates":[-84.4619,33.646]},"properties":{"name":"ChargePoint","network":"ChargePoint","status":"unknown","source":"OpenStreetMap (charge-finder mirror)"}},{"type":"Feature","geometry":{"type":"Point","coordinates":[-84.4617,33.646]},"properties":{"name":"ChargePoint","network":"ChargePoint","status":"unknown","source":"OpenStreetMap (charge-finder mirror)"}},{"type":"Feature","geometry":{"type":"Point","coordinates":[-84.4615,33.646]},"properties":{"name":"ChargePoint","network":"ChargePoint","status":"unknown","source":"OpenStreetMap (charge-finder mirror)"}},{"type":"Feature","geometry":{"type":"Point","coordinates":[-83.185,35.3106]},"properties":{"name":"EV charging","network":"EV charging","stalls":2,"status":"unknown","source":"OpenStreetMap (charge-finder mirror)"}},{"type":"Feature","geometry":{"type":"Point","coordinates":[-86.1493,39.7799]},"properties":{"name":"Indiana Power & Light","network":"Indiana Power & Light","status":"unknown","source":"OpenStreetMap (charge-finder mirror)"}},{"type":"Feature","geometry":{"type":"Point","coordinates":[-86.1493,39.78]},"properties":{"name":"Indiana Power & Light","network":"Indiana Power & Light","status":"unknown","source":"OpenStreetMap (charge-finder mirror)"}},{"type":"Feature","geometry":{"type":"Point","coordinates":[-84.7642,33.3829]},"properties":{"name":"EV charging","network":"EV charging","status":"unknown","source":"OpenStreetMap (charge-finder mirror)"}},{"type":"Feature","geometry":{"type":"Point","coordinates":[-66.1297,48.1055]},"properties":{"name":"EV charging","network":"EV charging","status":"unknown","source":"OpenStreetMap (charge-finder mirror)"}},{"type":"Feature","geometry":{"type":"Point","coordinates":[-84.7767,34.173]},"properties":{"name":"ChargePoint","network":"ChargePoint","status":"unknown","source":"OpenStreetMap (charge-finder mirror)"}},{"type":"Feature","geometry":{"type":"Point","coordinates":[-72.5917,41.7046]},"properties":{"name":"EV charging","network":"EV charging","status":"unknown","source":"OpenStreetMap (charge-finder mirror)"}},{"type":"Feature","geometry":{"type":"Point","coordinates":[-79.9485,43.2281]},"properties":{"name":"EV charging","network":"EV charging","status":"unknown","source":"OpenStreetMap (charge-finder mirror)"}},{"type":"Feature","geometry":{"type":"Point","coordinates":[-75.6783,45.5039]},"properties":{"name":"Circuit \u00e9lectrique","network":"Circuit \u00e9lectrique","stalls":4,"status":"unknown","source":"OpenStreetMap (charge-finder mirror)"}},{"type":"Feature","geometry":{"type":"Point","coordinates":[-74.6817,40.2894]},"properties":{"name":"Dewey","network":"eVgo","stalls":1,"status":"unknown","source":"OpenStreetMap (charge-finder mirror)"}},{"type":"Feature","geometry":{"type":"Point","coordinates":[-74.6817,40.2894]},"properties":{"name":"C3026","network":"eVgo","stalls":1,"status":"unknown","source":"OpenStreetMap (charge-finder mirror)"}},{"type":"Feature","geometry":{"type":"Point","coordinates":[-81.7302,30.3143]},"properties":{"name":"eVgo","network":"eVgo","status":"unknown","source":"OpenStreetMap (charge-finder mirror)"}},{"type":"Feature","geometry":{"type":"Point","coordinates":[-73.6121,45.2663]},"properties":{"name":"Flo","network":"Flo","status":"unknown","source":"OpenStreetMap (charge-finder mirror)"}},{"type":"Feature","geometry":{"type":"Point","coordinates":[-73.6179,45.2605]},"properties":{"name":"Le Circuit \u00e9lectrique","network":"Le Circuit \u00e9lectrique","status":"unknown","source":"OpenStreetMap (charge-finder mirror)"}},{"type":"Feature","geometry":{"type":"Point","coordinates":[-121.2976,38.7931]},"properties":{"name":"EV charging","network":"EV charging","stalls":2,"status":"unknown","source":"OpenStreetMap (charge-finder mirror)"}},{"type":"Feature","geometry":{"type":"Point","coordinates":[-117.864,34.1356]},"properties":{"name":"EV charging","network":"EV charging","status":"unknown","source":"OpenStreetMap (charge-finder mirror)"}},{"type":"Feature","geometry":{"type":"Point","coordinates":[-84.5066,34.1929]},"properties":{"name":"ChargePoint","network":"ChargePoint","stalls":3,"status":"unknown","source":"OpenStreetMap (charge-finder mirror)"}},{"type":"Feature","geometry":{"type":"Point","coordinates":[-121.2981,38.7939]},"properties":{"name":"EV charging","network":"EV charging","stalls":4,"status":"unknown","source":"OpenStreetMap (charge-finder mirror)"}},{"type":"Feature","geometry":{"type":"Point","coordinates":[-119.1242,46.2422]},"properties":{"name":"Greenlots","network":"Greenlots","stalls":1,"status":"24/7","source":"OpenStreetMap (charge-finder mirror)"}},{"type":"Feature","geometry":{"type":"Point","coordinates":[-120.5434,46.979]},"properties":{"name":"Electrify America","network":"Electrify America","stalls":1,"status":"24/7","source":"OpenStreetMap (charge-finder mirror)"}},{"type":"Feature","geometry":{"type":"Point","coordinates":[-120.5435,46.979]},"properties":{"name":"Electrify America","network":"Electrify America","stalls":1,"status":"24/7","source":"OpenStreetMap (charge-finder mirror)"}},{"type":"Feature","geometry":{"type":"Point","coordinates":[-121.7935,47.4913]},"properties":{"name":"Electrify America","network":"Electrify America","stalls":4,"status":"unknown","source":"OpenStreetMap (charge-finder mirror)"}},{"type":"Feature","geometry":{"type":"Point","coordinates":[-115.1377,36.0814]},"properties":{"name":"EV charging","network":"EV charging","status":"unknown","source":"OpenStreetMap (charge-finder mirror)"}},{"type":"Feature","geometry":{"type":"Point","coordinates":[-117.8291,34.0018]},"properties":{"name":"EV charging","network":"EV charging","status":"unknown","source":"OpenStreetMap (charge-finder mirror)"}},{"type":"Feature","geometry":{"type":"Point","coordinates":[-71.4347,41.7356]},"properties":{"name":"eVgo","network":"eVgo","status":"unknown","source":"OpenStreetMap (charge-finder mirror)"}},{"type":"Feature","geometry":{"type":"Point","coordinates":[-111.8822,33.2431]},"properties":{"name":"ChargePoint","network":"ChargePoint","stalls":1,"status":"unknown","source":"OpenStreetMap (charge-finder mirror)"}},{"type":"Feature","geometry":{"type":"Point","coordinates":[-111.9327,33.3075]},"properties":{"name":"EV charging","network":"EV charging","stalls":3,"status":"unknown","source":"OpenStreetMap (charge-finder mirror)"}},{"type":"Feature","geometry":{"type":"Point","coordinates":[-71.4757,46.9434]},"properties":{"name":"EV charging","network":"EV charging","status":"unknown","source":"OpenStreetMap (charge-finder mirror)"}},{"type":"Feature","geometry":{"type":"Point","coordinates":[-122.2815,38.3021]},"properties":{"name":"EV charging","network":"EV charging","status":"unknown","source":"OpenStreetMap (charge-finder mirror)"}},{"type":"Feature","geometry":{"type":"Point","coordinates":[-122.8005,38.5327]},"properties":{"name":"EV charging","network":"EV charging","status":"unknown","source":"OpenStreetMap (charge-finder mirror)"}},{"type":"Feature","geometry":{"type":"Point","coordinates":[-122.5127,38.0574]},"properties":{"name":"ChargePoint","network":"ChargePoint","stalls":2,"status":"unknown","source":"OpenStreetMap (charge-finder mirror)"}},{"type":"Feature","geometry":{"type":"Point","coordinates":[-122.5139,38.0589]},"properties":{"name":"ChargePoint","network":"ChargePoint","stalls":2,"status":"unknown","source":"OpenStreetMap (charge-finder mirror)"}},{"type":"Feature","geometry":{"type":"Point","coordinates":[-76.5075,37.1197]},"properties":{"name":"Walmart 1773","network":"Electrify America","stalls":10,"status":"24/7","source":"OpenStreetMap (charge-finder mirror)"}},{"type":"Feature","geometry":{"type":"Point","coordinates":[-94.2492,39.0221]},"properties":{"name":"Evergy","network":"Evergy","status":"unknown","source":"OpenStreetMap (charge-finder mirror)"}},{"type":"Feature","geometry":{"type":"Point","coordinates":[-122.149,39.1565]},"properties":{"name":"EV charging","network":"EV charging","stalls":1,"status":"unknown","source":"OpenStreetMap (charge-finder mirror)"}},{"type":"Feature","geometry":{"type":"Point","coordinates":[-84.6738,42.7392]},"properties":{"name":"Electrify America","network":"Electrify America","stalls":8,"status":"24/7","source":"OpenStreetMap (charge-finder mirror)"}},{"type":"Feature","geometry":{"type":"Point","coordinates":[-80.4521,43.475]},"properties":{"name":"Bingemans","network":"Bingemans","status":"24/7","source":"OpenStreetMap (charge-finder mirror)"}},{"type":"Feature","geometry":{"type":"Point","coordinates":[-85.0688,33.5688]},"properties":{"name":"EV charging","network":"EV charging","status":"unknown","source":"OpenStreetMap (charge-finder mirror)"}},{"type":"Feature","geometry":{"type":"Point","coordinates":[-123.7903,39.2746]},"properties":{"name":"Clipper Creek","network":"Clipper Creek","status":"unknown","source":"OpenStreetMap (charge-finder mirror)"}},{"type":"Feature","geometry":{"type":"Point","coordinates":[-116.6856,43.6658]},"properties":{"name":"EV charging","network":"EV charging","status":"unknown","source":"OpenStreetMap (charge-finder mirror)"}},{"type":"Feature","geometry":{"type":"Point","coordinates":[-122.0613,37.9442]},"properties":{"name":"ChargePoint","network":"ChargePoint","status":"unknown","source":"OpenStreetMap (charge-finder mirror)"}},{"type":"Feature","geometry":{"type":"Point","coordinates":[-72.5233,42.3887]},"properties":{"name":"ChargePoint","network":"ChargePoint","stalls":2,"status":"unknown","source":"OpenStreetMap (charge-finder mirror)"}},{"type":"Feature","geometry":{"type":"Point","coordinates":[-122.0404,37.3241]},"properties":{"name":"EV charging","network":"EV charging","status":"unknown","source":"OpenStreetMap (charge-finder mirror)"}},{"type":"Feature","geometry":{"type":"Point","coordinates":[-121.6455,37.1136]},"properties":{"name":"EV charging","network":"EV charging","status":"24/7","source":"OpenStreetMap (charge-finder mirror)"}},{"type":"Feature","geometry":{"type":"Point","coordinates":[-121.6628,37.1252]},"properties":{"name":"EV charging","network":"EV charging","status":"24/7","source":"OpenStreetMap (charge-finder mirror)"}},{"type":"Feature","geometry":{"type":"Point","coordinates":[-71.4569,41.7613]},"properties":{"name":"ChargePoint","network":"ChargePoint","stalls":2,"status":"unknown","source":"OpenStreetMap (charge-finder mirror)"}},{"type":"Feature","geometry":{"type":"Point","coordinates":[-117.9271,33.813]},"properties":{"name":"ChargePoint","network":"ChargePoint","stalls":22,"status":"unknown","source":"OpenStreetMap (charge-finder mirror)"}},{"type":"Feature","geometry":{"type":"Point","coordinates":[-73.865,45.5477]},"properties":{"name":"BRCC Ar\u00e9na Hartland-Monahan","network":"Circuit Electrique","stalls":2,"status":"24/7","source":"OpenStreetMap (charge-finder mirror)"}},{"type":"Feature","geometry":{"type":"Point","coordinates":[-104.9899,39.9631]},"properties":{"name":"eVgo","network":"eVgo","status":"unknown","source":"OpenStreetMap (charge-finder mirror)"}},{"type":"Feature","geometry":{"type":"Point","coordinates":[-77.5144,43.0912]},"properties":{"name":"Town of Pittsford","network":"Town of Pittsford","stalls":2,"status":"unknown","source":"OpenStreetMap (charge-finder mirror)"}},{"type":"Feature","geometry":{"type":"Point","coordinates":[-96.819,33.0906]},"properties":{"name":"EV charging","network":"EV charging","stalls":2,"status":"unknown","source":"OpenStreetMap (charge-finder mirror)"}},{"type":"Feature","geometry":{"type":"Point","coordinates":[-119.2497,34.2712]},"properties":{"name":"eVgo","network":"eVgo","status":"unknown","source":"OpenStreetMap (charge-finder mirror)"}},{"type":"Feature","geometry":{"type":"Point","coordinates":[-87.8632,42.0789]},"properties":{"name":"ChargePoint","network":"ChargePoint","status":"unknown","source":"OpenStreetMap (charge-finder mirror)"}},{"type":"Feature","geometry":{"type":"Point","coordinates":[-123.6991,48.7778]},"properties":{"name":"EV charging","network":"EV charging","status":"unknown","source":"OpenStreetMap (charge-finder mirror)"}},{"type":"Feature","geometry":{"type":"Point","coordinates":[-72.3116,43.7032]},"properties":{"name":"King Arthur EV Charging","network":"Autel","stalls":2,"status":"unknown","source":"OpenStreetMap (charge-finder mirror)"}},{"type":"Feature","geometry":{"type":"Point","coordinates":[-73.9389,41.653]},"properties":{"name":"IBM Building 008 Charger","network":"IBM","status":"unknown","source":"OpenStreetMap (charge-finder mirror)"}},{"type":"Feature","geometry":{"type":"Point","coordinates":[-95.9291,41.2253]},"properties":{"name":"EV charging","network":"EV charging","stalls":4,"status":"unknown","source":"OpenStreetMap (charge-finder mirror)"}},{"type":"Feature","geometry":{"type":"Point","coordinates":[-120.9529,39.1006]},"properties":{"name":"EV charging","network":"EV charging","status":"unknown","source":"OpenStreetMap (charge-finder mirror)"}},{"type":"Feature","geometry":{"type":"Point","coordinates":[-80.7932,28.3614]},"properties":{"name":"Electrify America","network":"Electrify America","stalls":4,"status":"unknown","source":"OpenStreetMap (charge-finder mirror)"}},{"type":"Feature","geometry":{"type":"Point","coordinates":[-78.8256,35.7813]},"properties":{"name":"Town of Cary","network":"Town of Cary","stalls":2,"status":"sunrise-sunset","source":"OpenStreetMap (charge-finder mirror)"}},{"type":"Feature","geometry":{"type":"Point","coordinates":[-71.4631,41.7167]},"properties":{"name":"EV charging","network":"EV charging","status":"unknown","source":"OpenStreetMap (charge-finder mirror)"}},{"type":"Feature","geometry":{"type":"Point","coordinates":[-72.27,46.7558]},"properties":{"name":"EV charging","network":"EV charging","status":"unknown","source":"OpenStreetMap (charge-finder mirror)"}},{"type":"Feature","geometry":{"type":"Point","coordinates":[-122.9117,45.5457]},"properties":{"name":"ChargePoint","network":"ChargePoint","status":"unknown","source":"OpenStreetMap (charge-finder mirror)"}},{"type":"Feature","geometry":{"type":"Point","coordinates":[-122.9117,45.5456]},"properties":{"name":"ChargePoint","network":"ChargePoint","status":"unknown","source":"OpenStreetMap (charge-finder mirror)"}},{"type":"Feature","geometry":{"type":"Point","coordinates":[-122.9117,45.5456]},"properties":{"name":"ChargePoint","network":"ChargePoint","status":"unknown","source":"OpenStreetMap (charge-finder mirror)"}},{"type":"Feature","geometry":{"type":"Point","coordinates":[-77.092,38.8894]},"properties":{"name":"EV charging","network":"EV charging","status":"unknown","source":"OpenStreetMap (charge-finder mirror)"}},{"type":"Feature","geometry":{"type":"Point","coordinates":[-85.1251,41.122]},"properties":{"name":"EV charging","network":"EV charging","status":"unknown","source":"OpenStreetMap (charge-finder mirror)"}},{"type":"Feature","geometry":{"type":"Point","coordinates":[-73.5429,45.5836]},"properties":{"name":"EV charging","network":"EV charging","stalls":2,"status":"unknown","source":"OpenStreetMap (charge-finder mirror)"}},{"type":"Feature","geometry":{"type":"Point","coordinates":[-76.833,39.2459]},"properties":{"name":"EV charging","network":"EV charging","stalls":1,"status":"unknown","source":"OpenStreetMap (charge-finder mirror)"}},{"type":"Feature","geometry":{"type":"Point","coordinates":[-84.4083,42.2474]},"properties":{"name":"Clipper Creek","network":"Clipper Creek","stalls":2,"status":"unknown","source":"OpenStreetMap (charge-finder mirror)"}},{"type":"Feature","geometry":{"type":"Point","coordinates":[-122.1712,37.7998]},"properties":{"name":"Blink","network":"Blink","status":"unknown","source":"OpenStreetMap (charge-finder mirror)"}},{"type":"Feature","geometry":{"type":"Point","coordinates":[-77.4459,43.1612]},"properties":{"name":"Penfield Town Hall Vehicle Charging Station","network":"Town of Penfield","status":"unknown","source":"OpenStreetMap (charge-finder mirror)"}},{"type":"Feature","geometry":{"type":"Point","coordinates":[-88.0542,42.0676]},"properties":{"name":"EV charging","network":"EV charging","status":"unknown","source":"OpenStreetMap (charge-finder mirror)"}},{"type":"Feature","geometry":{"type":"Point","coordinates":[-100.2136,25.9358]},"properties":{"name":"GANAMEX","network":"GANAMEX","status":"unknown","source":"OpenStreetMap (charge-finder mirror)"}},{"type":"Feature","geometry":{"type":"Point","coordinates":[-104.6136,38.2654]},"properties":{"name":"ChargePoint Charging Station","network":"ChargePoint","stalls":2,"status":"unknown","source":"OpenStreetMap (charge-finder mirror)"}},{"type":"Feature","geometry":{"type":"Point","coordinates":[-104.7077,38.3327]},"properties":{"name":"ChargePoint Charging Station","network":"EV charging","stalls":2,"status":"unknown","source":"OpenStreetMap (charge-finder mirror)"}},{"type":"Feature","geometry":{"type":"Point","coordinates":[-104.6253,38.3325]},"properties":{"name":"ChargePoint Charging Station","network":"ChargePoint","stalls":2,"status":"unknown","source":"OpenStreetMap (charge-finder mirror)"}},{"type":"Feature","geometry":{"type":"Point","coordinates":[-105.034,39.7907]},"properties":{"name":"Regis University","network":"Regis University","stalls":2,"status":"unknown","source":"OpenStreetMap (charge-finder mirror)"}},{"type":"Feature","geometry":{"type":"Point","coordinates":[-105.0321,39.7909]},"properties":{"name":"Regis University","network":"Regis University","stalls":2,"status":"unknown","source":"OpenStreetMap (charge-finder mirror)"}},{"type":"Feature","geometry":{"type":"Point","coordinates":[-97.9683,29.616]},"properties":{"name":"Vitesco Technologies","network":"Vitesco Technologies","stalls":2,"status":"unknown","source":"OpenStreetMap (charge-finder mirror)"}},{"type":"Feature","geometry":{"type":"Point","coordinates":[-97.9682,29.6159]},"properties":{"name":"Vitesco Technologies","network":"Vitesco Technologies","stalls":2,"status":"unknown","source":"OpenStreetMap (charge-finder mirror)"}},{"type":"Feature","geometry":{"type":"Point","coordinates":[-117.37,47.2347]},"properties":{"name":"Greenlots","network":"Greenlots","stalls":1,"status":"unknown","source":"OpenStreetMap (charge-finder mirror)"}},{"type":"Feature","geometry":{"type":"Point","coordinates":[-117.3983,47.6635]},"properties":{"name":"Avista","network":"Avista","stalls":1,"status":"24/7","source":"OpenStreetMap (charge-finder mirror)"}},{"type":"Feature","geometry":{"type":"Point","coordinates":[-122.8053,38.5105]},"properties":{"name":"EV charging","network":"EV charging","stalls":2,"status":"unknown","source":"OpenStreetMap (charge-finder mirror)"}},{"type":"Feature","geometry":{"type":"Point","coordinates":[-71.0701,42.4586]},"properties":{"name":"ChargePoint","network":"ChargePoint","stalls":2,"status":"unknown","source":"OpenStreetMap (charge-finder mirror)"}},{"type":"Feature","geometry":{"type":"Point","coordinates":[-117.9091,33.8017]},"properties":{"name":"ChargePoint","network":"ChargePoint","status":"24/7","source":"OpenStreetMap (charge-finder mirror)"}},{"type":"Feature","geometry":{"type":"Point","coordinates":[-74.2374,39.5695]},"properties":{"name":"ChargePoint","network":"ChargePoint","stalls":2,"status":"unknown","source":"OpenStreetMap (charge-finder mirror)"}},{"type":"Feature","geometry":{"type":"Point","coordinates":[-80.4193,37.2073]},"properties":{"name":"Corporate Research Center","network":"Corporate Research Center","stalls":2,"status":"24/7","source":"OpenStreetMap (charge-finder mirror)"}},{"type":"Feature","geometry":{"type":"Point","coordinates":[-80.4173,37.2052]},"properties":{"name":"Corporate Research Center","network":"Corporate Research Center","stalls":1,"status":"24/7","source":"OpenStreetMap (charge-finder mirror)"}},{"type":"Feature","geometry":{"type":"Point","coordinates":[-86.1382,30.3201]},"properties":{"name":"Level 2 J1772 Charger","network":"Seaside","stalls":1,"status":"unknown","source":"OpenStreetMap (charge-finder mirror)"}},{"type":"Feature","geometry":{"type":"Point","coordinates":[-76.7883,38.541]},"properties":{"name":"All American HD DCFAST Hog","network":"ChargePoint","stalls":1,"status":"24/7","source":"OpenStreetMap (charge-finder mirror)"}},{"type":"Feature","geometry":{"type":"Point","coordinates":[-121.4923,38.4639]},"properties":{"name":"Volta Charger","network":"Volta","status":"unknown","source":"OpenStreetMap (charge-finder mirror)"}},{"type":"Feature","geometry":{"type":"Point","coordinates":[-73.9626,45.3887]},"properties":{"name":"Circuit \u00e9lectrique","network":"Circuit \u00e9lectrique","status":"unknown","source":"OpenStreetMap (charge-finder mirror)"}},{"type":"Feature","geometry":{"type":"Point","coordinates":[-95.4267,29.7257]},"properties":{"name":"EVgo","network":"EVgo","stalls":1,"status":"unknown","source":"OpenStreetMap (charge-finder mirror)"}},{"type":"Feature","geometry":{"type":"Point","coordinates":[-89.7035,39.8009]},"properties":{"name":"Blink","network":"Blink","status":"unknown","source":"OpenStreetMap (charge-finder mirror)"}},{"type":"Feature","geometry":{"type":"Point","coordinates":[-105.0479,39.8628]},"properties":{"name":"ChargePoint","network":"ChargePoint","stalls":2,"status":"unknown","source":"OpenStreetMap (charge-finder mirror)"}},{"type":"Feature","geometry":{"type":"Point","coordinates":[-122.0176,37.6532]},"properties":{"name":"EV charging","network":"EV charging","status":"unknown","source":"OpenStreetMap (charge-finder mirror)"}},{"type":"Feature","geometry":{"type":"Point","coordinates":[-119.5185,34.3981]},"properties":{"name":"ChargePoint","network":"ChargePoint","stalls":2,"status":"unknown","source":"OpenStreetMap (charge-finder mirror)"}},{"type":"Feature","geometry":{"type":"Point","coordinates":[-71.8437,46.3891]},"properties":{"name":"Le Circuit \u00c9lectrique","network":"Le Circuit \u00c9lectrique","status":"unknown","source":"OpenStreetMap (charge-finder mirror)"}},{"type":"Feature","geometry":{"type":"Point","coordinates":[-118.1401,33.7896]},"properties":{"name":"Blink Charging Station","network":"Blink","stalls":4,"status":"24/7","source":"OpenStreetMap (charge-finder mirror)"}},{"type":"Feature","geometry":{"type":"Point","coordinates":[-96.8179,32.9616]},"properties":{"name":"EV charging","network":"EV charging","status":"unknown","source":"OpenStreetMap (charge-finder mirror)"}},{"type":"Feature","geometry":{"type":"Point","coordinates":[-74.8953,40.6669]},"properties":{"name":"EV charging","network":"EV charging","status":"unknown","source":"OpenStreetMap (charge-finder mirror)"}},{"type":"Feature","geometry":{"type":"Point","coordinates":[-121.3432,43.966]},"properties":{"name":"EV charging","network":"EV charging","stalls":6,"status":"unknown","source":"OpenStreetMap (charge-finder mirror)"}},{"type":"Feature","geometry":{"type":"Point","coordinates":[-105.8708,37.7061]},"properties":{"name":"Car charger","network":"EV charging","stalls":2,"status":"unknown","source":"OpenStreetMap (charge-finder mirror)"}},{"type":"Feature","geometry":{"type":"Point","coordinates":[-121.2524,44.7639]},"properties":{"name":"EV charging","network":"EV charging","status":"unknown","source":"OpenStreetMap (charge-finder mirror)"}},{"type":"Feature","geometry":{"type":"Point","coordinates":[-77.8956,35.9721]},"properties":{"name":"Sheetz 504","network":"Electrify America","stalls":4,"status":"24/7","source":"OpenStreetMap (charge-finder mirror)"}},{"type":"Feature","geometry":{"type":"Point","coordinates":[-118.3866,34.0453]},"properties":{"name":"FLO","network":"FLO","status":"unknown","source":"OpenStreetMap (charge-finder mirror)"}},{"type":"Feature","geometry":{"type":"Point","coordinates":[-122.1436,37.429]},"properties":{"name":"ChargePoint","network":"ChargePoint","stalls":2,"status":"unknown","source":"OpenStreetMap (charge-finder mirror)"}},{"type":"Feature","geometry":{"type":"Point","coordinates":[-118.4291,34.04]},"properties":{"name":"EVSE","network":"EV charging","status":"unknown","source":"OpenStreetMap (charge-finder mirror)"}},{"type":"Feature","geometry":{"type":"Point","coordinates":[-76.4684,39.3745]},"properties":{"name":"Volta","network":"Volta","stalls":1,"status":"unknown","source":"OpenStreetMap (charge-finder mirror)"}},{"type":"Feature","geometry":{"type":"Point","coordinates":[-76.4682,39.3744]},"properties":{"name":"Volta","network":"Volta","stalls":1,"status":"unknown","source":"OpenStreetMap (charge-finder mirror)"}},{"type":"Feature","geometry":{"type":"Point","coordinates":[-76.4662,39.3749]},"properties":{"name":"Volta","network":"Volta","status":"unknown","source":"OpenStreetMap (charge-finder mirror)"}},{"type":"Feature","geometry":{"type":"Point","coordinates":[-76.4677,39.3762]},"properties":{"name":"Volta","network":"Volta","stalls":1,"status":"unknown","source":"OpenStreetMap (charge-finder mirror)"}},{"type":"Feature","geometry":{"type":"Point","coordinates":[-76.5541,38.8886]},"properties":{"name":"SI Facilities","network":"ChargePoint","stalls":2,"status":"unknown","source":"OpenStreetMap (charge-finder mirror)"}},{"type":"Feature","geometry":{"type":"Point","coordinates":[-122.3304,47.5974]},"properties":{"name":"ChargePoint","network":"ChargePoint","status":"unknown","source":"OpenStreetMap (charge-finder mirror)"}},{"type":"Feature","geometry":{"type":"Point","coordinates":[-123.2291,44.9263]},"properties":{"name":"Blink","network":"Blink","status":"unknown","source":"OpenStreetMap (charge-finder mirror)"}},{"type":"Feature","geometry":{"type":"Point","coordinates":[-123.0417,44.943]},"properties":{"name":"Blink","network":"Blink","stalls":2,"status":"sunrise-sunset","source":"OpenStreetMap (charge-finder mirror)"}},{"type":"Feature","geometry":{"type":"Point","coordinates":[-123.0405,44.9388]},"properties":{"name":"Blink","network":"Blink","status":"unknown","source":"OpenStreetMap (charge-finder mirror)"}},{"type":"Feature","geometry":{"type":"Point","coordinates":[-123.0282,44.9314]},"properties":{"name":"EV charging","network":"EV charging","status":"unknown","source":"OpenStreetMap (charge-finder mirror)"}},{"type":"Feature","geometry":{"type":"Point","coordinates":[-124.0162,44.9284]},"properties":{"name":"ChargePoint","network":"ChargePoint","status":"unknown","source":"OpenStreetMap (charge-finder mirror)"}},{"type":"Feature","geometry":{"type":"Point","coordinates":[-122.8445,45.3684]},"properties":{"name":"Blink","network":"Blink","stalls":1,"status":"unknown","source":"OpenStreetMap (charge-finder mirror)"}},{"type":"Feature","geometry":{"type":"Point","coordinates":[-122.8488,45.3673]},"properties":{"name":"EV charging","network":"EV charging","status":"unknown","source":"OpenStreetMap (charge-finder mirror)"}},{"type":"Feature","geometry":{"type":"Point","coordinates":[-75.7018,45.4229]},"properties":{"name":"EV charging","network":"EV charging","stalls":2,"status":"unknown","source":"OpenStreetMap (charge-finder mirror)"}},{"type":"Feature","geometry":{"type":"Point","coordinates":[-92.9615,44.9644]},"properties":{"name":"ChargePoint","network":"ChargePoint","status":"unknown","source":"OpenStreetMap (charge-finder mirror)"}},{"type":"Feature","geometry":{"type":"Point","coordinates":[-93.2159,44.9185]},"properties":{"name":"ChargePoint","network":"ChargePoint","stalls":4,"status":"unknown","source":"OpenStreetMap (charge-finder mirror)"}},{"type":"Feature","geometry":{"type":"Point","coordinates":[-76.0889,43.1318]},"properties":{"name":"EV charging","network":"EV charging","status":"unknown","source":"OpenStreetMap (charge-finder mirror)"}},{"type":"Feature","geometry":{"type":"Point","coordinates":[-76.0887,43.1318]},"properties":{"name":"EV charging","network":"EV charging","status":"unknown","source":"OpenStreetMap (charge-finder mirror)"}},{"type":"Feature","geometry":{"type":"Point","coordinates":[-76.0886,43.1318]},"properties":{"name":"EV charging","network":"EV charging","status":"unknown","source":"OpenStreetMap (charge-finder mirror)"}},{"type":"Feature","geometry":{"type":"Point","coordinates":[-76.0885,43.1318]},"properties":{"name":"EV charging","network":"EV charging","status":"unknown","source":"OpenStreetMap (charge-finder mirror)"}},{"type":"Feature","geometry":{"type":"Point","coordinates":[-76.3478,39.5336]},"properties":{"name":"BGE EVsmart","network":"BGE EVsmart","status":"unknown","source":"OpenStreetMap (charge-finder mirror)"}},{"type":"Feature","geometry":{"type":"Point","coordinates":[-87.8244,42.1067]},"properties":{"name":"EV charging","network":"EV charging","status":"unknown","source":"OpenStreetMap (charge-finder mirror)"}},{"type":"Feature","geometry":{"type":"Point","coordinates":[-122.6742,45.5154]},"properties":{"name":"Blink","network":"Blink","status":"unknown","source":"OpenStreetMap (charge-finder mirror)"}},{"type":"Feature","geometry":{"type":"Point","coordinates":[-122.6762,45.5187]},"properties":{"name":"Blink","network":"Blink","stalls":4,"status":"unknown","source":"OpenStreetMap (charge-finder mirror)"}},{"type":"Feature","geometry":{"type":"Point","coordinates":[-73.5692,45.4879]},"properties":{"name":"Circuit \u00e9lectrique","network":"Circuit \u00e9lectrique","stalls":2,"status":"unknown","source":"OpenStreetMap (charge-finder mirror)"}},{"type":"Feature","geometry":{"type":"Point","coordinates":[-122.1335,38.0197]},"properties":{"name":"EV charging","network":"EV charging","status":"unknown","source":"OpenStreetMap (charge-finder mirror)"}},{"type":"Feature","geometry":{"type":"Point","coordinates":[-122.1334,38.0198]},"properties":{"name":"EV charging","network":"EV charging","status":"unknown","source":"OpenStreetMap (charge-finder mirror)"}},{"type":"Feature","geometry":{"type":"Point","coordinates":[-122.1333,38.0198]},"properties":{"name":"EV charging","network":"EV charging","status":"unknown","source":"OpenStreetMap (charge-finder mirror)"}},{"type":"Feature","geometry":{"type":"Point","coordinates":[-122.1332,38.0199]},"properties":{"name":"EV charging","network":"EV charging","status":"unknown","source":"OpenStreetMap (charge-finder mirror)"}},{"type":"Feature","geometry":{"type":"Point","coordinates":[-122.7161,38.3628]},"properties":{"name":"ChargePoint","network":"ChargePoint","stalls":2,"status":"unknown","source":"OpenStreetMap (charge-finder mirror)"}},{"type":"Feature","geometry":{"type":"Point","coordinates":[-122.7229,38.3935]},"properties":{"name":"EV charging","network":"EV charging","status":"unknown","source":"OpenStreetMap (charge-finder mirror)"}},{"type":"Feature","geometry":{"type":"Point","coordinates":[-122.7229,38.3934]},"properties":{"name":"EV charging","network":"EV charging","status":"unknown","source":"OpenStreetMap (charge-finder mirror)"}},{"type":"Feature","geometry":{"type":"Point","coordinates":[-122.7229,38.3933]},"properties":{"name":"EV charging","network":"EV charging","status":"unknown","source":"OpenStreetMap (charge-finder mirror)"}},{"type":"Feature","geometry":{"type":"Point","coordinates":[-80.6658,28.037]},"properties":{"name":"EV charging","network":"EV charging","status":"unknown","source":"OpenStreetMap (charge-finder mirror)"}},{"type":"Feature","geometry":{"type":"Point","coordinates":[-81.4556,39.4132]},"properties":{"name":"Clipper Creek","network":"Clipper Creek","stalls":2,"status":"unknown","source":"OpenStreetMap (charge-finder mirror)"}},{"type":"Feature","geometry":{"type":"Point","coordinates":[-122.4278,45.5297]},"properties":{"name":"Blink","network":"Blink","stalls":1,"status":"unknown","source":"OpenStreetMap (charge-finder mirror)"}},{"type":"Feature","geometry":{"type":"Point","coordinates":[-122.4278,45.5297]},"properties":{"name":"Blink","network":"Blink","stalls":1,"status":"unknown","source":"OpenStreetMap (charge-finder mirror)"}},{"type":"Feature","geometry":{"type":"Point","coordinates":[-76.8387,39.2723]},"properties":{"name":"BGE","network":"BGE","stalls":2,"status":"unknown","source":"OpenStreetMap (charge-finder mirror)"}},{"type":"Feature","geometry":{"type":"Point","coordinates":[-73.572,45.4053]},"properties":{"name":"Le circuit \u00e9lectrique","network":"Le circuit \u00e9lectrique","status":"unknown","source":"OpenStreetMap (charge-finder mirror)"}},{"type":"Feature","geometry":{"type":"Point","coordinates":[-122.1334,38.0194]},"properties":{"name":"EV charging","network":"EV charging","status":"unknown","source":"OpenStreetMap (charge-finder mirror)"}},{"type":"Feature","geometry":{"type":"Point","coordinates":[-122.8114,38.5493]},"properties":{"name":"EV charging","network":"EV charging","stalls":1,"status":"unknown","source":"OpenStreetMap (charge-finder mirror)"}},{"type":"Feature","geometry":{"type":"Point","coordinates":[-121.4715,38.5657]},"properties":{"name":"Shell Recharge Solutions","network":"Shell Recharge Solutions","status":"unknown","source":"OpenStreetMap (charge-finder mirror)"}},{"type":"Feature","geometry":{"type":"Point","coordinates":[-121.5047,38.5678]},"properties":{"name":"EVgo","network":"EVgo","stalls":6,"status":"unknown","source":"OpenStreetMap (charge-finder mirror)"}},{"type":"Feature","geometry":{"type":"Point","coordinates":[-121.551,38.589]},"properties":{"name":"Electrify America","network":"Electrify America","stalls":3,"status":"unknown","source":"OpenStreetMap (charge-finder mirror)"}},{"type":"Feature","geometry":{"type":"Point","coordinates":[-95.4726,29.7849]},"properties":{"name":"Blink","network":"Blink","stalls":2,"status":"unknown","source":"OpenStreetMap (charge-finder mirror)"}},{"type":"Feature","geometry":{"type":"Point","coordinates":[-121.3536,38.7923]},"properties":{"name":"EV charging","network":"EV charging","stalls":2,"status":"unknown","source":"OpenStreetMap (charge-finder mirror)"}},{"type":"Feature","geometry":{"type":"Point","coordinates":[-121.3538,38.7932]},"properties":{"name":"ChargePoint","network":"ChargePoint","stalls":1,"status":"unknown","source":"OpenStreetMap (charge-finder mirror)"}},{"type":"Feature","geometry":{"type":"Point","coordinates":[-73.9597,45.4136]},"properties":{"name":"EV charging","network":"EV charging","stalls":2,"status":"unknown","source":"OpenStreetMap (charge-finder mirror)"}},{"type":"Feature","geometry":{"type":"Point","coordinates":[-86.7544,33.5614]},"properties":{"name":"EV charging","network":"EV charging","status":"unknown","source":"OpenStreetMap (charge-finder mirror)"}},{"type":"Feature","geometry":{"type":"Point","coordinates":[-77.6271,37.4274]},"properties":{"name":"EV charging","network":"EV charging","status":"unknown","source":"OpenStreetMap (charge-finder mirror)"}},{"type":"Feature","geometry":{"type":"Point","coordinates":[-122.3315,37.5783]},"properties":{"name":"ChargePoint","network":"ChargePoint","status":"unknown","source":"OpenStreetMap (charge-finder mirror)"}},{"type":"Feature","geometry":{"type":"Point","coordinates":[-72.3514,41.2829]},"properties":{"name":"EV charging","network":"EV charging","status":"unknown","source":"OpenStreetMap (charge-finder mirror)"}},{"type":"Feature","geometry":{"type":"Point","coordinates":[-123.6409,48.8651]},"properties":{"name":"North Cowichan","network":"North Cowichan","stalls":2,"status":"unknown","source":"OpenStreetMap (charge-finder mirror)"}},{"type":"Feature","geometry":{"type":"Point","coordinates":[-81.7003,43.5649]},"properties":{"name":"EV charging","network":"EV charging","stalls":2,"status":"unknown","source":"OpenStreetMap (charge-finder mirror)"}},{"type":"Feature","geometry":{"type":"Point","coordinates":[-123.0816,49.0425]},"properties":{"name":"EV charging","network":"EV charging","stalls":10,"status":"unknown","source":"OpenStreetMap (charge-finder mirror)"}},{"type":"Feature","geometry":{"type":"Point","coordinates":[-123.0894,49.041]},"properties":{"name":"ChargePoint","network":"ChargePoint","stalls":2,"status":"unknown","source":"OpenStreetMap (charge-finder mirror)"}},{"type":"Feature","geometry":{"type":"Point","coordinates":[-117.3187,33.1215]},"properties":{"name":"EVgo","network":"eVgo","stalls":1,"status":"unknown","source":"OpenStreetMap (charge-finder mirror)"}},{"type":"Feature","geometry":{"type":"Point","coordinates":[-73.4453,45.7405]},"properties":{"name":"BRCC Caisse Desjardins Pierre-Le-Gardeur","network":"EV charging","status":"unknown","source":"OpenStreetMap (charge-finder mirror)"}},{"type":"Feature","geometry":{"type":"Point","coordinates":[-73.5419,45.3757]},"properties":{"name":"Flo","network":"Flo","status":"unknown","source":"OpenStreetMap (charge-finder mirror)"}},{"type":"Feature","geometry":{"type":"Point","coordinates":[-73.5324,45.3782]},"properties":{"name":"EV charging","network":"EV charging","status":"unknown","source":"OpenStreetMap (charge-finder mirror)"}},{"type":"Feature","geometry":{"type":"Point","coordinates":[-121.4989,38.6399]},"properties":{"name":"Electrify America","network":"Electrify America","stalls":4,"status":"unknown","source":"OpenStreetMap (charge-finder mirror)"}},{"type":"Feature","geometry":{"type":"Point","coordinates":[-83.6437,41.3695]},"properties":{"name":"Clipper Creek Electric Vehicle Charge Station","network":"EV charging","status":"unknown","source":"OpenStreetMap (charge-finder mirror)"}},{"type":"Feature","geometry":{"type":"Point","coordinates":[-122.8584,45.5665]},"properties":{"name":"EV charging","network":"EV charging","stalls":2,"status":"unknown","source":"OpenStreetMap (charge-finder mirror)"}},{"type":"Feature","geometry":{"type":"Point","coordinates":[-122.7795,45.4522]},"properties":{"name":"Volta","network":"Volta","status":"unknown","source":"OpenStreetMap (charge-finder mirror)"}},{"type":"Feature","geometry":{"type":"Point","coordinates":[-78.2673,33.9144]},"properties":{"name":"ChargePoint","network":"ChargePoint","stalls":1,"status":"unknown","source":"OpenStreetMap (charge-finder mirror)"}},{"type":"Feature","geometry":{"type":"Point","coordinates":[-79.8116,36.0646]},"properties":{"name":"University of North Carolina at Greensboro","network":"University of North Carolina at Greensboro","stalls":9,"status":"unknown","source":"OpenStreetMap (charge-finder mirror)"}},{"type":"Feature","geometry":{"type":"Point","coordinates":[-74.0969,45.5667]},"properties":{"name":"CE","network":"Circuit \u00c9lectrique","status":"unknown","source":"OpenStreetMap (charge-finder mirror)"}},{"type":"Feature","geometry":{"type":"Point","coordinates":[-121.3642,38.5964]},"properties":{"name":"eVgo","network":"eVgo","status":"unknown","source":"OpenStreetMap (charge-finder mirror)"}},{"type":"Feature","geometry":{"type":"Point","coordinates":[-123.0087,49.1465]},"properties":{"name":"EV charging","network":"EV charging","stalls":2,"status":"unknown","source":"OpenStreetMap (charge-finder mirror)"}},{"type":"Feature","geometry":{"type":"Point","coordinates":[-72.546,41.2519]},"properties":{"name":"EV charging","network":"EV charging","status":"unknown","source":"OpenStreetMap (charge-finder mirror)"}},{"type":"Feature","geometry":{"type":"Point","coordinates":[-71.7974,45.1454]},"properties":{"name":"Circuit \u00e9lectrique","network":"Circuit \u00e9lectrique","stalls":1,"status":"unknown","source":"OpenStreetMap (charge-finder mirror)"}},{"type":"Feature","geometry":{"type":"Point","coordinates":[-73.618,45.2606]},"properties":{"name":"Caisse Populaire","network":"Caisse Populaire","status":"unknown","source":"OpenStreetMap (charge-finder mirror)"}},{"type":"Feature","geometry":{"type":"Point","coordinates":[-123.3668,48.4188]},"properties":{"name":"EV charging","network":"EV charging","status":"unknown","source":"OpenStreetMap (charge-finder mirror)"}},{"type":"Feature","geometry":{"type":"Point","coordinates":[-111.856,40.6255]},"properties":{"name":"ChargePoint","network":"ChargePoint","stalls":2,"status":"unknown","source":"OpenStreetMap (charge-finder mirror)"}},{"type":"Feature","geometry":{"type":"Point","coordinates":[-111.7896,33.3356]},"properties":{"name":"ChargePoint","network":"ChargePoint","status":"unknown","source":"OpenStreetMap (charge-finder mirror)"}},{"type":"Feature","geometry":{"type":"Point","coordinates":[-122.4055,47.6795]},"properties":{"name":"Blink","network":"Blink","stalls":4,"status":"unknown","source":"OpenStreetMap (charge-finder mirror)"}},{"type":"Feature","geometry":{"type":"Point","coordinates":[-72.6481,41.5624]},"properties":{"name":"City of Middletown","network":"City of Middletown","stalls":2,"status":"unknown","source":"OpenStreetMap (charge-finder mirror)"}},{"type":"Feature","geometry":{"type":"Point","coordinates":[-72.488,45.8828]},"properties":{"name":"EV charging","network":"EV charging","status":"unknown","source":"OpenStreetMap (charge-finder mirror)"}},{"type":"Feature","geometry":{"type":"Point","coordinates":[-122.7143,38.4402]},"properties":{"name":"EV charging","network":"EV charging","status":"unknown","source":"OpenStreetMap (charge-finder mirror)"}},{"type":"Feature","geometry":{"type":"Point","coordinates":[-72.4929,45.8811]},"properties":{"name":"Flo","network":"Flo","status":"unknown","source":"OpenStreetMap (charge-finder mirror)"}},{"type":"Feature","geometry":{"type":"Point","coordinates":[-95.4454,30.1269]},"properties":{"name":"eVgo","network":"eVgo","stalls":2,"status":"unknown","source":"OpenStreetMap (charge-finder mirror)"}},{"type":"Feature","geometry":{"type":"Point","coordinates":[-75.7015,35.2076]},"properties":{"name":"Hatteras Landing","network":"ChargePoint","stalls":2,"status":"24/7","source":"OpenStreetMap (charge-finder mirror)"}},{"type":"Feature","geometry":{"type":"Point","coordinates":[-119.5496,49.186]},"properties":{"name":"EV charging","network":"EV charging","status":"unknown","source":"OpenStreetMap (charge-finder mirror)"}},{"type":"Feature","geometry":{"type":"Point","coordinates":[-84.329,39.2726]},"properties":{"name":"Harper's Point EV Charging Station","network":"EV charging","status":"unknown","source":"OpenStreetMap (charge-finder mirror)"}},{"type":"Feature","geometry":{"type":"Point","coordinates":[-72.514,45.9096]},"properties":{"name":"EV charging","network":"EV charging","stalls":4,"status":"unknown","source":"OpenStreetMap (charge-finder mirror)"}},{"type":"Feature","geometry":{"type":"Point","coordinates":[-71.0264,42.4614]},"properties":{"name":"eVgo","network":"eVgo","status":"unknown","source":"OpenStreetMap (charge-finder mirror)"}},{"type":"Feature","geometry":{"type":"Point","coordinates":[-76.6452,37.294]},"properties":{"name":"EV charging","network":"EV charging","stalls":3,"status":"unknown","source":"OpenStreetMap (charge-finder mirror)"}},{"type":"Feature","geometry":{"type":"Point","coordinates":[-121.2463,38.7636]},"properties":{"name":"EV charging","network":"EV charging","status":"unknown","source":"OpenStreetMap (charge-finder mirror)"}},{"type":"Feature","geometry":{"type":"Point","coordinates":[-71.0816,42.4044]},"properties":{"name":"ChargePoint","network":"ChargePoint","stalls":2,"status":"unknown","source":"OpenStreetMap (charge-finder mirror)"}},{"type":"Feature","geometry":{"type":"Point","coordinates":[-71.0234,42.4324]},"properties":{"name":"ChargePoint","network":"ChargePoint","status":"unknown","source":"OpenStreetMap (charge-finder mirror)"}},{"type":"Feature","geometry":{"type":"Point","coordinates":[-75.1924,40.9846]},"properties":{"name":"ChargePoint","network":"ChargePoint","stalls":2,"status":"unknown","source":"OpenStreetMap (charge-finder mirror)"}},{"type":"Feature","geometry":{"type":"Point","coordinates":[-81.4116,31.0459]},"properties":{"name":"EV charging","network":"EV charging","status":"unknown","source":"OpenStreetMap (charge-finder mirror)"}},{"type":"Feature","geometry":{"type":"Point","coordinates":[-75.1829,40.9911]},"properties":{"name":"Electrify America","network":"Electrify America","stalls":8,"status":"unknown","source":"OpenStreetMap (charge-finder mirror)"}},{"type":"Feature","geometry":{"type":"Point","coordinates":[-82.3268,34.8143]},"properties":{"name":"CUiCar","network":"Clemson University","stalls":2,"status":"unknown","source":"OpenStreetMap (charge-finder mirror)"}},{"type":"Feature","geometry":{"type":"Point","coordinates":[-95.8932,41.1403]},"properties":{"name":"EV charging","network":"EV charging","status":"unknown","source":"OpenStreetMap (charge-finder mirror)"}},{"type":"Feature","geometry":{"type":"Point","coordinates":[-109.0732,44.523]},"properties":{"name":"Watzilla","network":"Watzilla","stalls":2,"status":"unknown","source":"OpenStreetMap (charge-finder mirror)"}},{"type":"Feature","geometry":{"type":"Point","coordinates":[-80.2313,43.5336]},"properties":{"name":"J-1772","network":"Sun Country","stalls":6,"status":"unknown","source":"OpenStreetMap (charge-finder mirror)"}},{"type":"Feature","geometry":{"type":"Point","coordinates":[-79.4968,39.1081]},"properties":{"name":"EV charging","network":"EV charging","status":"unknown","source":"OpenStreetMap (charge-finder mirror)"}},{"type":"Feature","geometry":{"type":"Point","coordinates":[-79.4969,39.1081]},"properties":{"name":"EV charging","network":"EV charging","status":"unknown","source":"OpenStreetMap (charge-finder mirror)"}},{"type":"Feature","geometry":{"type":"Point","coordinates":[-123.1553,49.2359]},"properties":{"name":"BC Hydro - Vancouver - Kerrisdale","network":"BC Hydro","stalls":2,"status":"08:00-17:00","source":"OpenStreetMap (charge-finder mirror)"}},{"type":"Feature","geometry":{"type":"Point","coordinates":[-103.6132,43.7641]},"properties":{"name":"ClipperCreek","network":"ClipperCreek","stalls":2,"status":"unknown","source":"OpenStreetMap (charge-finder mirror)"}},{"type":"Feature","geometry":{"type":"Point","coordinates":[-97.4126,32.7002]},"properties":{"name":"General Electric","network":"General Electric","stalls":2,"status":"unknown","source":"OpenStreetMap (charge-finder mirror)"}},{"type":"Feature","geometry":{"type":"Point","coordinates":[-109.6393,43.5346]},"properties":{"name":"EV charging","network":"EV charging","stalls":2,"status":"unknown","source":"OpenStreetMap (charge-finder mirror)"}},{"type":"Feature","geometry":{"type":"Point","coordinates":[-72.478,45.8663]},"properties":{"name":"EV charging","network":"EV charging","stalls":1,"status":"unknown","source":"OpenStreetMap (charge-finder mirror)"}},{"type":"Feature","geometry":{"type":"Point","coordinates":[-71.1097,42.1285]},"properties":{"name":"EV charging","network":"EV charging","status":"unknown","source":"OpenStreetMap (charge-finder mirror)"}},{"type":"Feature","geometry":{"type":"Point","coordinates":[-72.4872,45.8811]},"properties":{"name":"EV charging","network":"EV charging","stalls":2,"status":"unknown","source":"OpenStreetMap (charge-finder mirror)"}},{"type":"Feature","geometry":{"type":"Point","coordinates":[-85.7572,38.2434]},"properties":{"name":"LouLift Electric Bus Charger","network":"Transit Authority of River City","stalls":1,"status":"unknown","source":"OpenStreetMap (charge-finder mirror)"}},{"type":"Feature","geometry":{"type":"Point","coordinates":[-98.6895,35.5234]},"properties":{"name":"EV charging","network":"EV charging","status":"unknown","source":"OpenStreetMap (charge-finder mirror)"}},{"type":"Feature","geometry":{"type":"Point","coordinates":[-98.6895,35.5234]},"properties":{"name":"EV charging","network":"EV charging","status":"unknown","source":"OpenStreetMap (charge-finder mirror)"}},{"type":"Feature","geometry":{"type":"Point","coordinates":[-85.7495,30.1545]},"properties":{"name":"EV charging","network":"EV charging","status":"unknown","source":"OpenStreetMap (charge-finder mirror)"}},{"type":"Feature","geometry":{"type":"Point","coordinates":[-122.7457,38.4389]},"properties":{"name":"ChargePoint","network":"ChargePoint","status":"unknown","source":"OpenStreetMap (charge-finder mirror)"}},{"type":"Feature","geometry":{"type":"Point","coordinates":[-123.1332,49.2032]},"properties":{"name":"EV charging","network":"EV charging","stalls":1,"status":"unknown","source":"OpenStreetMap (charge-finder mirror)"}},{"type":"Feature","geometry":{"type":"Point","coordinates":[-94.6112,39.0439]},"properties":{"name":"EV charging","network":"EV charging","status":"unknown","source":"OpenStreetMap (charge-finder mirror)"}},{"type":"Feature","geometry":{"type":"Point","coordinates":[-94.6112,39.0439]},"properties":{"name":"EV charging","network":"EV charging","status":"unknown","source":"OpenStreetMap (charge-finder mirror)"}},{"type":"Feature","geometry":{"type":"Point","coordinates":[-72.5325,45.9045]},"properties":{"name":"EV charging","network":"EV charging","stalls":2,"status":"unknown","source":"OpenStreetMap (charge-finder mirror)"}},{"type":"Feature","geometry":{"type":"Point","coordinates":[-87.2537,30.4794]},"properties":{"name":"ChargePoint","network":"ChargePoint","status":"unknown","source":"OpenStreetMap (charge-finder mirror)"}},{"type":"Feature","geometry":{"type":"Point","coordinates":[-110.8245,32.3019]},"properties":{"name":"EV charging","network":"EV charging","status":"unknown","source":"OpenStreetMap (charge-finder mirror)"}},{"type":"Feature","geometry":{"type":"Point","coordinates":[-122.803,38.5098]},"properties":{"name":"EV charging","network":"EV charging","status":"unknown","source":"OpenStreetMap (charge-finder mirror)"}},{"type":"Feature","geometry":{"type":"Point","coordinates":[-74.0425,40.7172]},"properties":{"name":"EV charging","network":"EV charging","stalls":2,"status":"unknown","source":"OpenStreetMap (charge-finder mirror)"}},{"type":"Feature","geometry":{"type":"Point","coordinates":[-79.605,37.4485]},"properties":{"name":"Peaks of Otter Restaurant","network":"EV charging","stalls":2,"status":"24/7","source":"OpenStreetMap (charge-finder mirror)"}},{"type":"Feature","geometry":{"type":"Point","coordinates":[-111.84,33.3208]},"properties":{"name":"ChargePoint","network":"ChargePoint","status":"unknown","source":"OpenStreetMap (charge-finder mirror)"}},{"type":"Feature","geometry":{"type":"Point","coordinates":[-111.841,33.3045]},"properties":{"name":"Blink","network":"Blink","status":"unknown","source":"OpenStreetMap (charge-finder mirror)"}},{"type":"Feature","geometry":{"type":"Point","coordinates":[-111.8411,33.3005]},"properties":{"name":"Blink","network":"Blink","status":"unknown","source":"OpenStreetMap (charge-finder mirror)"}},{"type":"Feature","geometry":{"type":"Point","coordinates":[-105.2006,39.7279]},"properties":{"name":"JeffCo Station 1","network":"ChargePoint","stalls":2,"status":"unknown","source":"OpenStreetMap (charge-finder mirror)"}},{"type":"Feature","geometry":{"type":"Point","coordinates":[-91.5038,47.1201]},"properties":{"name":"EV charging","network":"EV charging","stalls":2,"status":"unknown","source":"OpenStreetMap (charge-finder mirror)"}},{"type":"Feature","geometry":{"type":"Point","coordinates":[-111.8391,33.2654]},"properties":{"name":"ChargePoint","network":"ChargePoint","status":"unknown","source":"OpenStreetMap (charge-finder mirror)"}},{"type":"Feature","geometry":{"type":"Point","coordinates":[-111.8408,33.2647]},"properties":{"name":"ChargePoint","network":"ChargePoint","status":"unknown","source":"OpenStreetMap (charge-finder mirror)"}},{"type":"Feature","geometry":{"type":"Point","coordinates":[-80.0786,40.6488]},"properties":{"name":"ChargePoint","network":"ChargePoint","status":"unknown","source":"OpenStreetMap (charge-finder mirror)"}},{"type":"Feature","geometry":{"type":"Point","coordinates":[-123.171,44.0633]},"properties":{"name":"Blink","network":"Blink","status":"unknown","source":"OpenStreetMap (charge-finder mirror)"}},{"type":"Feature","geometry":{"type":"Point","coordinates":[-77.6483,43.1804]},"properties":{"name":"Clipper Creek","network":"Clipper Creek","stalls":2,"status":"unknown","source":"OpenStreetMap (charge-finder mirror)"}},{"type":"Feature","geometry":{"type":"Point","coordinates":[-105.9407,35.6906]},"properties":{"name":"EV charging","network":"EV charging","status":"unknown","source":"OpenStreetMap (charge-finder mirror)"}},{"type":"Feature","geometry":{"type":"Point","coordinates":[-73.6464,43.3094]},"properties":{"name":"EV charging","network":"EV charging","stalls":2,"status":"unknown","source":"OpenStreetMap (charge-finder mirror)"}},{"type":"Feature","geometry":{"type":"Point","coordinates":[-68.8794,47.6837]},"properties":{"name":"Le Circuit \u00c9lectrique","network":"Le Circuit \u00c9lectrique","status":"unknown","source":"OpenStreetMap (charge-finder mirror)"}},{"type":"Feature","geometry":{"type":"Point","coordinates":[-72.5191,45.8812]},"properties":{"name":"EV charging","network":"EV charging","stalls":2,"status":"unknown","source":"OpenStreetMap (charge-finder mirror)"}},{"type":"Feature","geometry":{"type":"Point","coordinates":[-119.0346,34.2159]},"properties":{"name":"EV charging","network":"EV charging","status":"unknown","source":"OpenStreetMap (charge-finder mirror)"}},{"type":"Feature","geometry":{"type":"Point","coordinates":[-83.6388,41.3749]},"properties":{"name":"chargepoint","network":"chargepoint","stalls":2,"status":"unknown","source":"OpenStreetMap (charge-finder mirror)"}},{"type":"Feature","geometry":{"type":"Point","coordinates":[-73.1532,44.1257]},"properties":{"name":"ChargePoint","network":"ChargePoint","status":"unknown","source":"OpenStreetMap (charge-finder mirror)"}},{"type":"Feature","geometry":{"type":"Point","coordinates":[-121.9375,46.7515]},"properties":{"name":"EV charging","network":"EV charging","status":"unknown","source":"OpenStreetMap (charge-finder mirror)"}},{"type":"Feature","geometry":{"type":"Point","coordinates":[-73.4222,43.8493]},"properties":{"name":"ChargePoint","network":"ChargePoint","status":"unknown","source":"OpenStreetMap (charge-finder mirror)"}},{"type":"Feature","geometry":{"type":"Point","coordinates":[-101.8408,33.5994]},"properties":{"name":"SPEC ChargePoint Station","network":"ChargePoint","status":"unknown","source":"OpenStreetMap (charge-finder mirror)"}},{"type":"Feature","geometry":{"type":"Point","coordinates":[-100.2269,34.4313]},"properties":{"name":"SPEC ChargePoint","network":"ChargePoint","stalls":2,"status":"unknown","source":"OpenStreetMap (charge-finder mirror)"}},{"type":"Feature","geometry":{"type":"Point","coordinates":[-71.502,45.0785]},"properties":{"name":"C\u00c9","network":"Circuit Electrique","status":"unknown","source":"OpenStreetMap (charge-finder mirror)"}},{"type":"Feature","geometry":{"type":"Point","coordinates":[-71.0618,42.3612]},"properties":{"name":"ChargePoint","network":"ChargePoint","stalls":2,"status":"unknown","source":"OpenStreetMap (charge-finder mirror)"}},{"type":"Feature","geometry":{"type":"Point","coordinates":[-93.1618,44.4553]},"properties":{"name":"EV charging","network":"EV charging","status":"unknown","source":"OpenStreetMap (charge-finder mirror)"}},{"type":"Feature","geometry":{"type":"Point","coordinates":[-71.0596,42.1626]},"properties":{"name":"ChargePoint","network":"ChargePoint","stalls":2,"status":"24/7","source":"OpenStreetMap (charge-finder mirror)"}},{"type":"Feature","geometry":{"type":"Point","coordinates":[-72.4815,45.8637]},"properties":{"name":"EV charging","network":"EV charging","stalls":2,"status":"unknown","source":"OpenStreetMap (charge-finder mirror)"}},{"type":"Feature","geometry":{"type":"Point","coordinates":[-71.6713,42.2908]},"properties":{"name":"Volta","network":"Volta","status":"unknown","source":"OpenStreetMap (charge-finder mirror)"}},{"type":"Feature","geometry":{"type":"Point","coordinates":[-111.7191,33.2909]},"properties":{"name":"Blink","network":"Blink","status":"unknown","source":"OpenStreetMap (charge-finder mirror)"}},{"type":"Feature","geometry":{"type":"Point","coordinates":[-122.104,47.6713]},"properties":{"name":"Blink","network":"Blink","status":"unknown","source":"OpenStreetMap (charge-finder mirror)"}},{"type":"Feature","geometry":{"type":"Point","coordinates":[-122.1039,47.6713]},"properties":{"name":"Blink","network":"Blink","status":"unknown","source":"OpenStreetMap (charge-finder mirror)"}},{"type":"Feature","geometry":{"type":"Point","coordinates":[-84.5747,33.8357]},"properties":{"name":"Volta","network":"Volta","status":"unknown","source":"OpenStreetMap (charge-finder mirror)"}},{"type":"Feature","geometry":{"type":"Point","coordinates":[-111.7228,33.2319]},"properties":{"name":"Blink","network":"Blink","stalls":3,"status":"unknown","source":"OpenStreetMap (charge-finder mirror)"}},{"type":"Feature","geometry":{"type":"Point","coordinates":[-80.4602,36.3407]},"properties":{"name":"North Carolina Division of Parks & Recreation","network":"North Carolina Division of Parks & Recreation","status":"unknown","source":"OpenStreetMap (charge-finder mirror)"}},{"type":"Feature","geometry":{"type":"Point","coordinates":[-82.992,39.9528]},"properties":{"name":"EV charging","network":"EV charging","stalls":6,"status":"24/7","source":"OpenStreetMap (charge-finder mirror)"}},{"type":"Feature","geometry":{"type":"Point","coordinates":[-79.8199,43.3266]},"properties":{"name":"EV charging","network":"EV charging","stalls":2,"status":"unknown","source":"OpenStreetMap (charge-finder mirror)"}},{"type":"Feature","geometry":{"type":"Point","coordinates":[-84.0603,39.7709]},"properties":{"name":"Soin Medical Center","network":"Soin Medical Center","stalls":1,"status":"unknown","source":"OpenStreetMap (charge-finder mirror)"}},{"type":"Feature","geometry":{"type":"Point","coordinates":[-117.8268,33.9205]},"properties":{"name":"EV charging","network":"EV charging","stalls":2,"status":"unknown","source":"OpenStreetMap (charge-finder mirror)"}},{"type":"Feature","geometry":{"type":"Point","coordinates":[-123.0852,44.0548]},"properties":{"name":"Blink","network":"Blink","stalls":2,"status":"unknown","source":"OpenStreetMap (charge-finder mirror)"}},{"type":"Feature","geometry":{"type":"Point","coordinates":[-123.1264,44.0985]},"properties":{"name":"Blink","network":"Blink","status":"unknown","source":"OpenStreetMap (charge-finder mirror)"}},{"type":"Feature","geometry":{"type":"Point","coordinates":[-77.4259,38.9779]},"properties":{"name":"Electrify America","network":"Electrify America","stalls":4,"status":"24/7","source":"OpenStreetMap (charge-finder mirror)"}},{"type":"Feature","geometry":{"type":"Point","coordinates":[-73.9246,40.7923]},"properties":{"name":"EV charging","network":"EV charging","status":"unknown","source":"OpenStreetMap (charge-finder mirror)"}},{"type":"Feature","geometry":{"type":"Point","coordinates":[-71.0556,42.3562]},"properties":{"name":"ChargePoint","network":"ChargePoint","status":"unknown","source":"OpenStreetMap (charge-finder mirror)"}},{"type":"Feature","geometry":{"type":"Point","coordinates":[-121.9823,46.7593]},"properties":{"name":"EV charging","network":"EV charging","stalls":4,"status":"24/7","source":"OpenStreetMap (charge-finder mirror)"}},{"type":"Feature","geometry":{"type":"Point","coordinates":[-93.0353,45.1672]},"properties":{"name":"ChargePoint Network","network":"ChargePoint Network","stalls":1,"status":"unknown","source":"OpenStreetMap (charge-finder mirror)"}},{"type":"Feature","geometry":{"type":"Point","coordinates":[-76.8952,40.0739]},"properties":{"name":"ClipperCreek Charging Station","network":"EV charging","stalls":2,"status":"unknown","source":"OpenStreetMap (charge-finder mirror)"}},{"type":"Feature","geometry":{"type":"Point","coordinates":[-70.1856,42.0512]},"properties":{"name":"ChargePoint","network":"ChargePoint","stalls":2,"status":"unknown","source":"OpenStreetMap (charge-finder mirror)"}},{"type":"Feature","geometry":{"type":"Point","coordinates":[-111.7327,33.3856]},"properties":{"name":"ChargePoint","network":"ChargePoint","status":"unknown","source":"OpenStreetMap (charge-finder mirror)"}},{"type":"Feature","geometry":{"type":"Point","coordinates":[-111.7416,33.3094]},"properties":{"name":"eVgo","network":"eVgo","status":"unknown","source":"OpenStreetMap (charge-finder mirror)"}},{"type":"Feature","geometry":{"type":"Point","coordinates":[-79.3841,43.6507]},"properties":{"name":"ChargePoint","network":"ChargePoint","stalls":2,"status":"unknown","source":"OpenStreetMap (charge-finder mirror)"}},{"type":"Feature","geometry":{"type":"Point","coordinates":[-96.6746,33.1439]},"properties":{"name":"Cinemark Allen 16 & XD","network":"Cinemark Allen 16 & XD","status":"24/7","source":"OpenStreetMap (charge-finder mirror)"}},{"type":"Feature","geometry":{"type":"Point","coordinates":[-77.0379,39.0583]},"properties":{"name":"Leviton","network":"Leviton","stalls":2,"status":"unknown","source":"OpenStreetMap (charge-finder mirror)"}},{"type":"Feature","geometry":{"type":"Point","coordinates":[-111.6376,33.3515]},"properties":{"name":"ChargePoint","network":"ChargePoint","status":"unknown","source":"OpenStreetMap (charge-finder mirror)"}},{"type":"Feature","geometry":{"type":"Point","coordinates":[-105.2828,39.9989]},"properties":{"name":"Chautauqa ranger station","network":"ChargePoint","stalls":2,"status":"unknown","source":"OpenStreetMap (charge-finder mirror)"}},{"type":"Feature","geometry":{"type":"Point","coordinates":[-123.0736,44.044]},"properties":{"name":"EV charging","network":"EV charging","status":"unknown","source":"OpenStreetMap (charge-finder mirror)"}},{"type":"Feature","geometry":{"type":"Point","coordinates":[-111.6411,33.2494]},"properties":{"name":"ChargePoint","network":"ChargePoint","status":"unknown","source":"OpenStreetMap (charge-finder mirror)"}},{"type":"Feature","geometry":{"type":"Point","coordinates":[-117.9258,33.8046]},"properties":{"name":"ChargePoint","network":"ChargePoint","stalls":44,"status":"unknown","source":"OpenStreetMap (charge-finder mirror)"}},{"type":"Feature","geometry":{"type":"Point","coordinates":[-89.3717,43.0143]},"properties":{"name":"EV charging","network":"EV charging","status":"unknown","source":"OpenStreetMap (charge-finder mirror)"}},{"type":"Feature","geometry":{"type":"Point","coordinates":[-77.4498,39.6337]},"properties":{"name":"National Park Service","network":"National Park Service","stalls":2,"status":"24/7","source":"OpenStreetMap (charge-finder mirror)"}},{"type":"Feature","geometry":{"type":"Point","coordinates":[-121.9681,38.5219]},"properties":{"name":"EV charging","network":"EV charging","status":"unknown","source":"OpenStreetMap (charge-finder mirror)"}},{"type":"Feature","geometry":{"type":"Point","coordinates":[-79.838,37.4557]},"properties":{"name":"Electrify America","network":"Electrify America","status":"unknown","source":"OpenStreetMap (charge-finder mirror)"}},{"type":"Feature","geometry":{"type":"Point","coordinates":[-83.2889,42.707]},"properties":{"name":"Sun Country","network":"Sun Country","stalls":2,"status":"24/7","source":"OpenStreetMap (charge-finder mirror)"}},{"type":"Feature","geometry":{"type":"Point","coordinates":[-83.5276,40.3029]},"properties":{"name":"EV charging","network":"EV charging","status":"unknown","source":"OpenStreetMap (charge-finder mirror)"}},{"type":"Feature","geometry":{"type":"Point","coordinates":[-122.9592,45.5063]},"properties":{"name":"PGE Electric Avenue Hillsboro","network":"Portland General Electric","stalls":6,"status":"unknown","source":"OpenStreetMap (charge-finder mirror)"}},{"type":"Feature","geometry":{"type":"Point","coordinates":[-108.56,39.0676]},"properties":{"name":"ChargePoint","network":"ChargePoint","stalls":2,"status":"unknown","source":"OpenStreetMap (charge-finder mirror)"}},{"type":"Feature","geometry":{"type":"Point","coordinates":[-82.5654,35.703]},"properties":{"name":"EV charging","network":"EV charging","status":"unknown","source":"OpenStreetMap (charge-finder mirror)"}},{"type":"Feature","geometry":{"type":"Point","coordinates":[-82.8249,35.8934]},"properties":{"name":"EV charging","network":"EV charging","status":"unknown","source":"OpenStreetMap (charge-finder mirror)"}},{"type":"Feature","geometry":{"type":"Point","coordinates":[-73.92,45.6712]},"properties":{"name":"EV charging","network":"EV charging","status":"unknown","source":"OpenStreetMap (charge-finder mirror)"}},{"type":"Feature","geometry":{"type":"Point","coordinates":[-81.5269,41.0803]},"properties":{"name":"EV charging","network":"EV charging","status":"unknown","source":"OpenStreetMap (charge-finder mirror)"}},{"type":"Feature","geometry":{"type":"Point","coordinates":[-89.3181,43.1206]},"properties":{"name":"ChargePoint","network":"ChargePoint","stalls":1,"status":"unknown","source":"OpenStreetMap (charge-finder mirror)"}},{"type":"Feature","geometry":{"type":"Point","coordinates":[-73.723,45.3477]},"properties":{"name":"EV charging","network":"EV charging","stalls":5,"status":"unknown","source":"OpenStreetMap (charge-finder mirror)"}},{"type":"Feature","geometry":{"type":"Point","coordinates":[-84.3201,39.2998]},"properties":{"name":"latitude apartments","network":"latitude apartments","stalls":2,"status":"unknown","source":"OpenStreetMap (charge-finder mirror)"}},{"type":"Feature","geometry":{"type":"Point","coordinates":[-111.9286,33.6352]},"properties":{"name":"ChargePoint","network":"ChargePoint","status":"unknown","source":"OpenStreetMap (charge-finder mirror)"}},{"type":"Feature","geometry":{"type":"Point","coordinates":[-111.9258,33.6339]},"properties":{"name":"Blink","network":"Blink","status":"unknown","source":"OpenStreetMap (charge-finder mirror)"}},{"type":"Feature","geometry":{"type":"Point","coordinates":[-117.7309,33.9989]},"properties":{"name":"EV charging","network":"EV charging","status":"unknown","source":"OpenStreetMap (charge-finder mirror)"}},{"type":"Feature","geometry":{"type":"Point","coordinates":[-122.3931,47.5231]},"properties":{"name":"ChargePoint","network":"ChargePoint","stalls":1,"status":"unknown","source":"OpenStreetMap (charge-finder mirror)"}},{"type":"Feature","geometry":{"type":"Point","coordinates":[-122.3931,47.5231]},"properties":{"name":"ChargePoint","network":"ChargePoint","stalls":1,"status":"unknown","source":"OpenStreetMap (charge-finder mirror)"}},{"type":"Feature","geometry":{"type":"Point","coordinates":[-122.3933,47.5231]},"properties":{"name":"ChargePoint","network":"ChargePoint","stalls":1,"status":"unknown","source":"OpenStreetMap (charge-finder mirror)"}},{"type":"Feature","geometry":{"type":"Point","coordinates":[-122.865,45.5365]},"properties":{"name":"Volta","network":"Volta","stalls":4,"status":"unknown","source":"OpenStreetMap (charge-finder mirror)"}},{"type":"Feature","geometry":{"type":"Point","coordinates":[-112.4019,34.5494]},"properties":{"name":"EV charging","network":"EV charging","status":"unknown","source":"OpenStreetMap (charge-finder mirror)"}},{"type":"Feature","geometry":{"type":"Point","coordinates":[-123.0551,45.5217]},"properties":{"name":"Blink","network":"Blink","stalls":2,"status":"unknown","source":"OpenStreetMap (charge-finder mirror)"}},{"type":"Feature","geometry":{"type":"Point","coordinates":[-105.9374,35.6825]},"properties":{"name":"ChargePoint","network":"ChargePoint","stalls":2,"status":"24/7","source":"OpenStreetMap (charge-finder mirror)"}},{"type":"Feature","geometry":{"type":"Point","coordinates":[-122.8871,45.5374]},"properties":{"name":"EV charging","network":"EV charging","stalls":1,"status":"unknown","source":"OpenStreetMap (charge-finder mirror)"}},{"type":"Feature","geometry":{"type":"Point","coordinates":[-122.264,49.0484]},"properties":{"name":"FLO","network":"FLO","stalls":2,"status":"unknown","source":"OpenStreetMap (charge-finder mirror)"}},{"type":"Feature","geometry":{"type":"Point","coordinates":[-122.255,49.0685]},"properties":{"name":"Flo","network":"Flo","stalls":2,"status":"unknown","source":"OpenStreetMap (charge-finder mirror)"}},{"type":"Feature","geometry":{"type":"Point","coordinates":[-122.2618,49.0479]},"properties":{"name":"ChargePoint","network":"ChargePoint","stalls":4,"status":"unknown","source":"OpenStreetMap (charge-finder mirror)"}},{"type":"Feature","geometry":{"type":"Point","coordinates":[-71.525,41.4838]},"properties":{"name":"EV charging","network":"EV charging","status":"unknown","source":"OpenStreetMap (charge-finder mirror)"}},{"type":"Feature","geometry":{"type":"Point","coordinates":[-71.5348,41.4892]},"properties":{"name":"EV charging","network":"EV charging","status":"unknown","source":"OpenStreetMap (charge-finder mirror)"}},{"type":"Feature","geometry":{"type":"Point","coordinates":[-97.7446,30.3929]},"properties":{"name":"EV charging","network":"EV charging","status":"unknown","source":"OpenStreetMap (charge-finder mirror)"}},{"type":"Feature","geometry":{"type":"Point","coordinates":[-84.544,42.7323]},"properties":{"name":"Greenlots","network":"Greenlots","stalls":2,"status":"24/7","source":"OpenStreetMap (charge-finder mirror)"}},{"type":"Feature","geometry":{"type":"Point","coordinates":[-94.1591,45.5623]},"properties":{"name":"EV charging","network":"EV charging","status":"unknown","source":"OpenStreetMap (charge-finder mirror)"}},{"type":"Feature","geometry":{"type":"Point","coordinates":[-122.3146,49.0572]},"properties":{"name":"EV charging","network":"EV charging","status":"unknown","source":"OpenStreetMap (charge-finder mirror)"}},{"type":"Feature","geometry":{"type":"Point","coordinates":[-122.7691,45.3969]},"properties":{"name":"EV charging","network":"EV charging","status":"unknown","source":"OpenStreetMap (charge-finder mirror)"}},{"type":"Feature","geometry":{"type":"Point","coordinates":[-112.2658,33.5092]},"properties":{"name":"Electrify America","network":"Electrify America","stalls":6,"status":"unknown","source":"OpenStreetMap (charge-finder mirror)"}},{"type":"Feature","geometry":{"type":"Point","coordinates":[-111.9067,33.4315]},"properties":{"name":"ChargePoint","network":"ChargePoint","status":"unknown","source":"OpenStreetMap (charge-finder mirror)"}},{"type":"Feature","geometry":{"type":"Point","coordinates":[-87.6692,41.9825]},"properties":{"name":"Volta","network":"Volta","stalls":1,"status":"unknown","source":"OpenStreetMap (charge-finder mirror)"}},{"type":"Feature","geometry":{"type":"Point","coordinates":[-118.382,34.0159]},"properties":{"name":"EV charging","network":"EV charging","status":"unknown","source":"OpenStreetMap (charge-finder mirror)"}},{"type":"Feature","geometry":{"type":"Point","coordinates":[-118.3819,34.0159]},"properties":{"name":"EV charging","network":"EV charging","status":"unknown","source":"OpenStreetMap (charge-finder mirror)"}},{"type":"Feature","geometry":{"type":"Point","coordinates":[-95.8458,41.2279]},"properties":{"name":"Electrify America","network":"Electrify America","status":"unknown","source":"OpenStreetMap (charge-finder mirror)"}},{"type":"Feature","geometry":{"type":"Point","coordinates":[-69.1658,48.1192]},"properties":{"name":"Borne Circuit \u00e9lectrique","network":"EV charging","stalls":2,"status":"unknown","source":"OpenStreetMap (charge-finder mirror)"}},{"type":"Feature","geometry":{"type":"Point","coordinates":[-74.631,41.0406]},"properties":{"name":"ChargePoint","network":"ChargePoint","status":"unknown","source":"OpenStreetMap (charge-finder mirror)"}},{"type":"Feature","geometry":{"type":"Point","coordinates":[-124.7837,49.2675]},"properties":{"name":"BC Hydro","network":"BC Hydro","status":"unknown","source":"OpenStreetMap (charge-finder mirror)"}},{"type":"Feature","geometry":{"type":"Point","coordinates":[-96.3993,30.1676]},"properties":{"name":"City of Brenham","network":"City of Brenham","stalls":2,"status":"unknown","source":"OpenStreetMap (charge-finder mirror)"}},{"type":"Feature","geometry":{"type":"Point","coordinates":[-105.2788,40.0191]},"properties":{"name":"ChargePoint","network":"ChargePoint","stalls":2,"status":"unknown","source":"OpenStreetMap (charge-finder mirror)"}},{"type":"Feature","geometry":{"type":"Point","coordinates":[-77.3466,39.328]},"properties":{"name":"EV charging","network":"EV charging","status":"unknown","source":"OpenStreetMap (charge-finder mirror)"}},{"type":"Feature","geometry":{"type":"Point","coordinates":[-123.2298,44.8458]},"properties":{"name":"WCEH Monmouth","network":"EVCS","stalls":2,"status":"24/7","source":"OpenStreetMap (charge-finder mirror)"}},{"type":"Feature","geometry":{"type":"Point","coordinates":[-88.0412,41.7209]},"properties":{"name":"Volta Charging Station","network":"Volta","status":"unknown","source":"OpenStreetMap (charge-finder mirror)"}},{"type":"Feature","geometry":{"type":"Point","coordinates":[-122.8814,45.534]},"properties":{"name":"Blink","network":"Blink","stalls":2,"status":"unknown","source":"OpenStreetMap (charge-finder mirror)"}},{"type":"Feature","geometry":{"type":"Point","coordinates":[-122.8765,45.5406]},"properties":{"name":"ShorePower","network":"ShorePower","stalls":4,"status":"unknown","source":"OpenStreetMap (charge-finder mirror)"}},{"type":"Feature","geometry":{"type":"Point","coordinates":[-87.9946,42.0483]},"properties":{"name":"ChargePoint","network":"ChargePoint","stalls":2,"status":"unknown","source":"OpenStreetMap (charge-finder mirror)"}},{"type":"Feature","geometry":{"type":"Point","coordinates":[-117.6496,34.099]},"properties":{"name":"EV charging","network":"EV charging","status":"unknown","source":"OpenStreetMap (charge-finder mirror)"}},{"type":"Feature","geometry":{"type":"Point","coordinates":[-72.3155,43.7252]},"properties":{"name":"ChargePoint","network":"ChargePoint","status":"unknown","source":"OpenStreetMap (charge-finder mirror)"}},{"type":"Feature","geometry":{"type":"Point","coordinates":[-122.7845,45.4862]},"properties":{"name":"EV charging","network":"EV charging","status":"unknown","source":"OpenStreetMap (charge-finder mirror)"}},{"type":"Feature","geometry":{"type":"Point","coordinates":[-122.7845,45.4861]},"properties":{"name":"EV charging","network":"EV charging","status":"unknown","source":"OpenStreetMap (charge-finder mirror)"}},{"type":"Feature","geometry":{"type":"Point","coordinates":[-82.3957,40.3752]},"properties":{"name":"ChargePoint","network":"ChargePoint","status":"unknown","source":"OpenStreetMap (charge-finder mirror)"}},{"type":"Feature","geometry":{"type":"Point","coordinates":[-117.6791,34.1059]},"properties":{"name":"eVgo","network":"eVgo","stalls":4,"status":"unknown","source":"OpenStreetMap (charge-finder mirror)"}},{"type":"Feature","geometry":{"type":"Point","coordinates":[-83.7401,43.3258]},"properties":{"name":"ChargePoint","network":"ChargePoint","status":"24/7","source":"OpenStreetMap (charge-finder mirror)"}},{"type":"Feature","geometry":{"type":"Point","coordinates":[-74.1335,40.9625]},"properties":{"name":"Glen Rock","network":"Glen Rock","stalls":1,"status":"unknown","source":"OpenStreetMap (charge-finder mirror)"}},{"type":"Feature","geometry":{"type":"Point","coordinates":[-73.6393,45.515]},"properties":{"name":"Circuit \u00e9lectrique","network":"Circuit \u00e9lectrique","status":"unknown","source":"OpenStreetMap (charge-finder mirror)"}},{"type":"Feature","geometry":{"type":"Point","coordinates":[-74.0851,45.4623]},"properties":{"name":"Circuit \u00e9lectrique","network":"Circuit \u00e9lectrique","stalls":2,"status":"unknown","source":"OpenStreetMap (charge-finder mirror)"}},{"type":"Feature","geometry":{"type":"Point","coordinates":[-73.7178,45.5356]},"properties":{"name":"Circuit \u00e9lectrique","network":"Circuit \u00e9lectrique","stalls":2,"status":"unknown","source":"OpenStreetMap (charge-finder mirror)"}},{"type":"Feature","geometry":{"type":"Point","coordinates":[-80.4019,34.7606]},"properties":{"name":"EV charging","network":"EV charging","status":"unknown","source":"OpenStreetMap (charge-finder mirror)"}},{"type":"Feature","geometry":{"type":"Point","coordinates":[-73.4432,45.5694]},"properties":{"name":"BRCC - Ville de Boucherville - R\u00e9no-D\u00e9p\u00f4t","network":"Le Circuit \u00c9lectrique","status":"unknown","source":"OpenStreetMap (charge-finder mirror)"}},{"type":"Feature","geometry":{"type":"Point","coordinates":[-73.3316,45.5771]},"properties":{"name":"Circuit \u00c9lectrique","network":"Circuit \u00c9lectrique","status":"unknown","source":"OpenStreetMap (charge-finder mirror)"}},{"type":"Feature","geometry":{"type":"Point","coordinates":[-71.1767,46.7962]},"properties":{"name":"Circuit \u00c9lectrique","network":"Circuit \u00c9lectrique","status":"unknown","source":"OpenStreetMap (charge-finder mirror)"}},{"type":"Feature","geometry":{"type":"Point","coordinates":[-72.3131,46.0582]},"properties":{"name":"BRCC - Madrid 2.0","network":"Circuit \u00c9lectrique","status":"unknown","source":"OpenStreetMap (charge-finder mirror)"}},{"type":"Feature","geometry":{"type":"Point","coordinates":[-68.5202,48.4576]},"properties":{"name":"Circuit \u00e9lectrique","network":"Circuit \u00e9lectrique","status":"unknown","source":"OpenStreetMap (charge-finder mirror)"}},{"type":"Feature","geometry":{"type":"Point","coordinates":[-70.5681,46.9798]},"properties":{"name":"Circuit \u00c9lectrique","network":"Circuit \u00c9lectrique","status":"unknown","source":"OpenStreetMap (charge-finder mirror)"}},{"type":"Feature","geometry":{"type":"Point","coordinates":[-78.1782,39.6987]},"properties":{"name":"Electric Vehicle Institute","network":"Electric Vehicle Institute","stalls":2,"status":"unknown","source":"OpenStreetMap (charge-finder mirror)"}},{"type":"Feature","geometry":{"type":"Point","coordinates":[-69.9937,41.7881]},"properties":{"name":"ChargePoint","network":"ChargePoint","stalls":2,"status":"unknown","source":"OpenStreetMap (charge-finder mirror)"}},{"type":"Feature","geometry":{"type":"Point","coordinates":[-98.4937,29.4462]},"properties":{"name":"ChargePoint","network":"ChargePoint","status":"unknown","source":"OpenStreetMap (charge-finder mirror)"}},{"type":"Feature","geometry":{"type":"Point","coordinates":[-123.4791,48.4312]},"properties":{"name":"EV charging","network":"EV charging","status":"unknown","source":"OpenStreetMap (charge-finder mirror)"}},{"type":"Feature","geometry":{"type":"Point","coordinates":[-73.0912,46.0352]},"properties":{"name":"EV charging","network":"EV charging","status":"unknown","source":"OpenStreetMap (charge-finder mirror)"}},{"type":"Feature","geometry":{"type":"Point","coordinates":[-73.0912,46.0346]},"properties":{"name":"BRCC - Saint-Hubert Sorel-Tracy","network":"Circuit \u00c9lectrique","status":"unknown","source":"OpenStreetMap (charge-finder mirror)"}},{"type":"Feature","geometry":{"type":"Point","coordinates":[-88.9714,42.2692]},"properties":{"name":"EV charging","network":"EV charging","stalls":2,"status":"24/7","source":"OpenStreetMap (charge-finder mirror)"}},{"type":"Feature","geometry":{"type":"Point","coordinates":[-88.9682,42.2715]},"properties":{"name":"EV charging","network":"EV charging","stalls":1,"status":"24/7","source":"OpenStreetMap (charge-finder mirror)"}},{"type":"Feature","geometry":{"type":"Point","coordinates":[-122.2839,47.8636]},"properties":{"name":"Volta","network":"Volta","status":"unknown","source":"OpenStreetMap (charge-finder mirror)"}},{"type":"Feature","geometry":{"type":"Point","coordinates":[-86.8379,40.4181]},"properties":{"name":"EV charging","network":"EV charging","status":"unknown","source":"OpenStreetMap (charge-finder mirror)"}},{"type":"Feature","geometry":{"type":"Point","coordinates":[-82.9818,39.3366]},"properties":{"name":"Chargepoint","network":"Chargepoint","status":"24/7","source":"OpenStreetMap (charge-finder mirror)"}},{"type":"Feature","geometry":{"type":"Point","coordinates":[-123.4782,48.4317]},"properties":{"name":"EV charging","network":"EV charging","status":"unknown","source":"OpenStreetMap (charge-finder mirror)"}},{"type":"Feature","geometry":{"type":"Point","coordinates":[-76.0621,39.3692]},"properties":{"name":"EV charging","network":"EV charging","status":"unknown","source":"OpenStreetMap (charge-finder mirror)"}},{"type":"Feature","geometry":{"type":"Point","coordinates":[-81.9365,34.9561]},"properties":{"name":"EV charging","network":"EV charging","status":"unknown","source":"OpenStreetMap (charge-finder mirror)"}},{"type":"Feature","geometry":{"type":"Point","coordinates":[-124.1319,40.5819]},"properties":{"name":"ChargePoint","network":"ChargePoint","stalls":2,"status":"24/7","source":"OpenStreetMap (charge-finder mirror)"}},{"type":"Feature","geometry":{"type":"Point","coordinates":[-124.1328,40.5816]},"properties":{"name":"ChargePoint","network":"ChargePoint","stalls":2,"status":"24/7","source":"OpenStreetMap (charge-finder mirror)"}},{"type":"Feature","geometry":{"type":"Point","coordinates":[-124.2646,40.5765]},"properties":{"name":"ChargePoint","network":"ChargePoint","stalls":2,"status":"24/7","source":"OpenStreetMap (charge-finder mirror)"}},{"type":"Feature","geometry":{"type":"Point","coordinates":[-124.1902,40.7771]},"properties":{"name":"EV Charging Station","network":"Electrify America","stalls":2,"status":"24/7","source":"OpenStreetMap (charge-finder mirror)"}},{"type":"Feature","geometry":{"type":"Point","coordinates":[-76.8179,39.1931]},"properties":{"name":"EVsmart","network":"Shell Recharge","stalls":8,"status":"24/7","source":"OpenStreetMap (charge-finder mirror)"}},{"type":"Feature","geometry":{"type":"Point","coordinates":[-124.1703,40.8052]},"properties":{"name":"ChargePoint","network":"ChargePoint","stalls":2,"status":"24/7","source":"OpenStreetMap (charge-finder mirror)"}},{"type":"Feature","geometry":{"type":"Point","coordinates":[-124.1557,40.5975]},"properties":{"name":"Handicap EV Charger","network":"EV charging","status":"24/7","source":"OpenStreetMap (charge-finder mirror)"}},{"type":"Feature","geometry":{"type":"Point","coordinates":[-112.0727,33.4927]},"properties":{"name":"ChargePoint","network":"ChargePoint","stalls":2,"status":"unknown","source":"OpenStreetMap (charge-finder mirror)"}},{"type":"Feature","geometry":{"type":"Point","coordinates":[-124.0783,40.8728]},"properties":{"name":"SERC EV Charger","network":"Schatz Energy Research Center","stalls":1,"status":"24/7","source":"OpenStreetMap (charge-finder mirror)"}},{"type":"Feature","geometry":{"type":"Point","coordinates":[-121.8896,37.7051]},"properties":{"name":"eVgo","network":"EVgo","status":"unknown","source":"OpenStreetMap (charge-finder mirror)"}},{"type":"Feature","geometry":{"type":"Point","coordinates":[-121.8895,37.7052]},"properties":{"name":"eVgo","network":"EVgo","status":"unknown","source":"OpenStreetMap (charge-finder mirror)"}},{"type":"Feature","geometry":{"type":"Point","coordinates":[-79.1786,37.3463]},"properties":{"name":"EV charging","network":"EV charging","status":"unknown","source":"OpenStreetMap (charge-finder mirror)"}},{"type":"Feature","geometry":{"type":"Point","coordinates":[-115.1496,36.1142]},"properties":{"name":"ChargePoint","network":"ChargePoint","status":"unknown","source":"OpenStreetMap (charge-finder mirror)"}},{"type":"Feature","geometry":{"type":"Point","coordinates":[-124.1414,40.7834]},"properties":{"name":"ChargePoint","network":"ChargePoint","stalls":4,"status":"24/7","source":"OpenStreetMap (charge-finder mirror)"}},{"type":"Feature","geometry":{"type":"Point","coordinates":[-117.2113,34.121]},"properties":{"name":"ChargePoint","network":"ChargePoint","stalls":2,"status":"unknown","source":"OpenStreetMap (charge-finder mirror)"}},{"type":"Feature","geometry":{"type":"Point","coordinates":[-71.4563,41.7564]},"properties":{"name":"ChargePoint","network":"ChargePoint","status":"unknown","source":"OpenStreetMap (charge-finder mirror)"}},{"type":"Feature","geometry":{"type":"Point","coordinates":[-112.0645,33.6724]},"properties":{"name":"EV charging","network":"EV charging","status":"unknown","source":"OpenStreetMap (charge-finder mirror)"}},{"type":"Feature","geometry":{"type":"Point","coordinates":[-105.2108,39.7298]},"properties":{"name":"Schneider Electric","network":"Schneider Electric","status":"unknown","source":"OpenStreetMap (charge-finder mirror)"}},{"type":"Feature","geometry":{"type":"Point","coordinates":[-124.1033,40.9429]},"properties":{"name":"ChargePoint","network":"ChargePoint","stalls":2,"status":"24/7","source":"OpenStreetMap (charge-finder mirror)"}},{"type":"Feature","geometry":{"type":"Point","coordinates":[-74.113,42.039]},"properties":{"name":"EV charging","network":"EV charging","status":"unknown","source":"OpenStreetMap (charge-finder mirror)"}},{"type":"Feature","geometry":{"type":"Point","coordinates":[-122.5478,38.0085]},"properties":{"name":"Volta","network":"Volta","status":"unknown","source":"OpenStreetMap (charge-finder mirror)"}},{"type":"Feature","geometry":{"type":"Point","coordinates":[-122.5466,38.0079]},"properties":{"name":"Volta","network":"Volta","status":"unknown","source":"OpenStreetMap (charge-finder mirror)"}},{"type":"Feature","geometry":{"type":"Point","coordinates":[-93.7897,41.5842]},"properties":{"name":"Ashworth Plaza","network":"EV charging","status":"unknown","source":"OpenStreetMap (charge-finder mirror)"}},{"type":"Feature","geometry":{"type":"Point","coordinates":[-77.6752,43.0847]},"properties":{"name":"EV charging","network":"EV charging","stalls":2,"status":"unknown","source":"OpenStreetMap (charge-finder mirror)"}},{"type":"Feature","geometry":{"type":"Point","coordinates":[-77.6734,43.0862]},"properties":{"name":"ChargePoint","network":"ChargePoint","stalls":4,"status":"unknown","source":"OpenStreetMap (charge-finder mirror)"}},{"type":"Feature","geometry":{"type":"Point","coordinates":[-77.6816,43.086]},"properties":{"name":"EV charging","network":"EV charging","status":"unknown","source":"OpenStreetMap (charge-finder mirror)"}},{"type":"Feature","geometry":{"type":"Point","coordinates":[-78.7044,46.3178]},"properties":{"name":"KSI188 CSS / CHAdeMO Fast Charging Station","network":"EV charging","status":"unknown","source":"OpenStreetMap (charge-finder mirror)"}},{"type":"Feature","geometry":{"type":"Point","coordinates":[-87.9076,45.7862]},"properties":{"name":"ChargePoint","network":"ChargePoint","status":"unknown","source":"OpenStreetMap (charge-finder mirror)"}},{"type":"Feature","geometry":{"type":"Point","coordinates":[-81.4206,39.3908]},"properties":{"name":"EV charging","network":"EV charging","stalls":1,"status":"unknown","source":"OpenStreetMap (charge-finder mirror)"}},{"type":"Feature","geometry":{"type":"Point","coordinates":[-71.1328,42.3892]},"properties":{"name":"EV charging","network":"EV charging","stalls":2,"status":"unknown","source":"OpenStreetMap (charge-finder mirror)"}},{"type":"Feature","geometry":{"type":"Point","coordinates":[-105.2234,39.7556]},"properties":{"name":"ChargePoint","network":"ChargePoint","stalls":2,"status":"unknown","source":"OpenStreetMap (charge-finder mirror)"}},{"type":"Feature","geometry":{"type":"Point","coordinates":[-118.8724,34.8292]},"properties":{"name":"CalTrans","network":"CalTrans","stalls":7,"status":"unknown","source":"OpenStreetMap (charge-finder mirror)"}},{"type":"Feature","geometry":{"type":"Point","coordinates":[-122.0162,37.3363]},"properties":{"name":"EV charging","network":"EV charging","stalls":7,"status":"unknown","source":"OpenStreetMap (charge-finder mirror)"}},{"type":"Feature","geometry":{"type":"Point","coordinates":[-85.4502,46.0935]},"properties":{"name":"adoba ecotel + suites","network":"adoba ecotel + suites","stalls":1,"status":"unknown","source":"OpenStreetMap (charge-finder mirror)"}},{"type":"Feature","geometry":{"type":"Point","coordinates":[-85.4502,46.0935]},"properties":{"name":"adoba ecotel + suites","network":"adoba ecotel + suites","stalls":1,"status":"unknown","source":"OpenStreetMap (charge-finder mirror)"}},{"type":"Feature","geometry":{"type":"Point","coordinates":[-120.6439,35.2468]},"properties":{"name":"Mindbody EV Charging","network":"Mindbody","stalls":8,"status":"Mo-Fr 06:00-19:00; Sa,Su 00:00-24:00","source":"OpenStreetMap (charge-finder mirror)"}},{"type":"Feature","geometry":{"type":"Point","coordinates":[-122.7536,45.4325]},"properties":{"name":"Electrify America","network":"Electrify America","stalls":8,"status":"24/7","source":"OpenStreetMap (charge-finder mirror)"}},{"type":"Feature","geometry":{"type":"Point","coordinates":[-105.0025,39.5594]},"properties":{"name":"ChargePoint","network":"ChargePoint","status":"unknown","source":"OpenStreetMap (charge-finder mirror)"}},{"type":"Feature","geometry":{"type":"Point","coordinates":[-75.6415,38.41]},"properties":{"name":"ChargePoint","network":"ChargePoint","stalls":1,"status":"24/7","source":"OpenStreetMap (charge-finder mirror)"}},{"type":"Feature","geometry":{"type":"Point","coordinates":[-123.0469,49.0072]},"properties":{"name":"FLO","network":"FLO","status":"unknown","source":"OpenStreetMap (charge-finder mirror)"}},{"type":"Feature","geometry":{"type":"Point","coordinates":[-123.4164,48.4931]},"properties":{"name":"EV charging","network":"EV charging","status":"unknown","source":"OpenStreetMap (charge-finder mirror)"}},{"type":"Feature","geometry":{"type":"Point","coordinates":[-123.4154,48.4901]},"properties":{"name":"EV charging","network":"EV charging","status":"unknown","source":"OpenStreetMap (charge-finder mirror)"}},{"type":"Feature","geometry":{"type":"Point","coordinates":[-116.9625,33.2519]},"properties":{"name":"ChargePoint","network":"ChargePoint","status":"unknown","source":"OpenStreetMap (charge-finder mirror)"}},{"type":"Feature","geometry":{"type":"Point","coordinates":[-111.8587,40.7234]},"properties":{"name":"ChargePoint","network":"ChargePoint","stalls":2,"status":"unknown","source":"OpenStreetMap (charge-finder mirror)"}},{"type":"Feature","geometry":{"type":"Point","coordinates":[-106.3026,39.2362]},"properties":{"name":"EV charging","network":"EV charging","stalls":1,"status":"unknown","source":"OpenStreetMap (charge-finder mirror)"}},{"type":"Feature","geometry":{"type":"Point","coordinates":[-81.8458,36.0848]},"properties":{"name":"ChargePoint Charging Station","network":"EV charging","status":"unknown","source":"OpenStreetMap (charge-finder mirror)"}},{"type":"Feature","geometry":{"type":"Point","coordinates":[-105.1165,39.9601]},"properties":{"name":"ChargePoint","network":"ChargePoint","stalls":2,"status":"unknown","source":"OpenStreetMap (charge-finder mirror)"}},{"type":"Feature","geometry":{"type":"Point","coordinates":[-105.1174,39.96]},"properties":{"name":"ChargePoint","network":"ChargePoint","stalls":2,"status":"unknown","source":"OpenStreetMap (charge-finder mirror)"}},{"type":"Feature","geometry":{"type":"Point","coordinates":[-105.219,39.7503]},"properties":{"name":"EV charging","network":"EV charging","stalls":2,"status":"unknown","source":"OpenStreetMap (charge-finder mirror)"}},{"type":"Feature","geometry":{"type":"Point","coordinates":[-76.6224,39.2798]},"properties":{"name":"Electric Vehicle Institute","network":"Electric Vehicle Institute","stalls":2,"status":"unknown","source":"OpenStreetMap (charge-finder mirror)"}},{"type":"Feature","geometry":{"type":"Point","coordinates":[-105.1865,39.7233]},"properties":{"name":"EV charging","network":"EV charging","status":"unknown","source":"OpenStreetMap (charge-finder mirror)"}},{"type":"Feature","geometry":{"type":"Point","coordinates":[-121.9747,37.3384]},"properties":{"name":"Volta","network":"Volta","stalls":2,"status":"unknown","source":"OpenStreetMap (charge-finder mirror)"}},{"type":"Feature","geometry":{"type":"Point","coordinates":[-122.3751,47.6683]},"properties":{"name":"Volta","network":"Volta","stalls":1,"status":"unknown","source":"OpenStreetMap (charge-finder mirror)"}},{"type":"Feature","geometry":{"type":"Point","coordinates":[-73.4654,45.4824]},"properties":{"name":"Flo Charging Station","network":"EV charging","stalls":2,"status":"unknown","source":"OpenStreetMap (charge-finder mirror)"}},{"type":"Feature","geometry":{"type":"Point","coordinates":[-105.1039,40.0065]},"properties":{"name":"Electrify America","network":"Electrify America","stalls":4,"status":"unknown","source":"OpenStreetMap (charge-finder mirror)"}},{"type":"Feature","geometry":{"type":"Point","coordinates":[-71.6241,42.5381]},"properties":{"name":"Devens Sherman Square","network":"ChargePoint","stalls":2,"status":"unknown","source":"OpenStreetMap (charge-finder mirror)"}},{"type":"Feature","geometry":{"type":"Point","coordinates":[-73.6645,45.557]},"properties":{"name":"Circuit \u00e9lectrique","network":"Circuit \u00e9lectrique","stalls":2,"status":"unknown","source":"OpenStreetMap (charge-finder mirror)"}},{"type":"Feature","geometry":{"type":"Point","coordinates":[-111.8704,33.3925]},"properties":{"name":"Blink","network":"Blink","status":"unknown","source":"OpenStreetMap (charge-finder mirror)"}},{"type":"Feature","geometry":{"type":"Point","coordinates":[-78.9517,47.5453]},"properties":{"name":"March\u00e9 public de Moffet","network":"EV charging","status":"unknown","source":"OpenStreetMap (charge-finder mirror)"}},{"type":"Feature","geometry":{"type":"Point","coordinates":[-121.9781,37.3447]},"properties":{"name":"ChargePoint","network":"ChargePoint","stalls":2,"status":"unknown","source":"OpenStreetMap (charge-finder mirror)"}},{"type":"Feature","geometry":{"type":"Point","coordinates":[-121.0769,38.8947]},"properties":{"name":"EV charging","network":"EV charging","status":"unknown","source":"OpenStreetMap (charge-finder mirror)"}},{"type":"Feature","geometry":{"type":"Point","coordinates":[-121.9681,37.3635]},"properties":{"name":"Beam","network":"Silicon Valley Power","stalls":2,"status":"unknown","source":"OpenStreetMap (charge-finder mirror)"}},{"type":"Feature","geometry":{"type":"Point","coordinates":[-120.6252,35.2308]},"properties":{"name":"EV Charging Station","network":"Tolosa Winery","status":"unknown","source":"OpenStreetMap (charge-finder mirror)"}},{"type":"Feature","geometry":{"type":"Point","coordinates":[-105.2201,39.7552]},"properties":{"name":"EV charging","network":"EV charging","stalls":2,"status":"unknown","source":"OpenStreetMap (charge-finder mirror)"}},{"type":"Feature","geometry":{"type":"Point","coordinates":[-96.8603,33.1515]},"properties":{"name":"Blink","network":"Blink","stalls":1,"status":"24/7","source":"OpenStreetMap (charge-finder mirror)"}},{"type":"Feature","geometry":{"type":"Point","coordinates":[-111.7062,33.384]},"properties":{"name":"Blink","network":"Blink","status":"unknown","source":"OpenStreetMap (charge-finder mirror)"}},{"type":"Feature","geometry":{"type":"Point","coordinates":[-91.8024,43.313]},"properties":{"name":"ChargePoint","network":"ChargePoint","stalls":2,"status":"unknown","source":"OpenStreetMap (charge-finder mirror)"}},{"type":"Feature","geometry":{"type":"Point","coordinates":[-105.1463,39.9284]},"properties":{"name":"Blink","network":"Blink","stalls":1,"status":"unknown","source":"OpenStreetMap (charge-finder mirror)"}},{"type":"Feature","geometry":{"type":"Point","coordinates":[-72.9091,41.3599]},"properties":{"name":"EV charging","network":"EV charging","stalls":2,"status":"unknown","source":"OpenStreetMap (charge-finder mirror)"}},{"type":"Feature","geometry":{"type":"Point","coordinates":[-117.3091,33.1312]},"properties":{"name":"Blink Charging Station","network":"Blink","status":"unknown","source":"OpenStreetMap (charge-finder mirror)"}},{"type":"Feature","geometry":{"type":"Point","coordinates":[-105.2498,39.991]},"properties":{"name":"ChargePoint","network":"ChargePoint","stalls":2,"status":"unknown","source":"OpenStreetMap (charge-finder mirror)"}},{"type":"Feature","geometry":{"type":"Point","coordinates":[-122.9006,45.5361]},"properties":{"name":"EV charging","network":"EV charging","stalls":4,"status":"unknown","source":"OpenStreetMap (charge-finder mirror)"}},{"type":"Feature","geometry":{"type":"Point","coordinates":[-72.6944,42.366]},"properties":{"name":"National Grid","network":"National Grid","stalls":2,"status":"unknown","source":"OpenStreetMap (charge-finder mirror)"}},{"type":"Feature","geometry":{"type":"Point","coordinates":[-72.6301,42.3179]},"properties":{"name":"ChargePoint","network":"ChargePoint","stalls":4,"status":"unknown","source":"OpenStreetMap (charge-finder mirror)"}},{"type":"Feature","geometry":{"type":"Point","coordinates":[-111.1753,45.7638]},"properties":{"name":"Yellowstone Harley-Davidson","network":"EV charging","status":"unknown","source":"OpenStreetMap (charge-finder mirror)"}},{"type":"Feature","geometry":{"type":"Point","coordinates":[-122.3017,47.3431]},"properties":{"name":"EV charging","network":"EV charging","stalls":1,"status":"unknown","source":"OpenStreetMap (charge-finder mirror)"}},{"type":"Feature","geometry":{"type":"Point","coordinates":[-122.3091,47.6603]},"properties":{"name":"EV charging","network":"EV charging","stalls":1,"status":"unknown","source":"OpenStreetMap (charge-finder mirror)"}},{"type":"Feature","geometry":{"type":"Point","coordinates":[-90.1965,38.9513]},"properties":{"name":"EV charging","network":"EV charging","stalls":1,"status":"unknown","source":"OpenStreetMap (charge-finder mirror)"}},{"type":"Feature","geometry":{"type":"Point","coordinates":[-73.4806,45.4261]},"properties":{"name":"EV charging","network":"EV charging","stalls":2,"status":"unknown","source":"OpenStreetMap (charge-finder mirror)"}},{"type":"Feature","geometry":{"type":"Point","coordinates":[-122.3431,47.7019]},"properties":{"name":"Volta","network":"Volta","stalls":2,"status":"unknown","source":"OpenStreetMap (charge-finder mirror)"}},{"type":"Feature","geometry":{"type":"Point","coordinates":[-122.254,37.537]},"properties":{"name":"ChargePoint","network":"ChargePoint","stalls":2,"status":"unknown","source":"OpenStreetMap (charge-finder mirror)"}},{"type":"Feature","geometry":{"type":"Point","coordinates":[-122.1574,37.4386]},"properties":{"name":"ChargePoint","network":"ChargePoint","stalls":2,"status":"unknown","source":"OpenStreetMap (charge-finder mirror)"}},{"type":"Feature","geometry":{"type":"Point","coordinates":[-76.9372,38.9694]},"properties":{"name":"EV charging","network":"EV charging","stalls":4,"status":"unknown","source":"OpenStreetMap (charge-finder mirror)"}},{"type":"Feature","geometry":{"type":"Point","coordinates":[-121.9577,37.2615]},"properties":{"name":"ChargePoint","network":"ChargePoint","stalls":6,"status":"unknown","source":"OpenStreetMap (charge-finder mirror)"}},{"type":"Feature","geometry":{"type":"Point","coordinates":[-99.763,29.7239]},"properties":{"name":"ChargePoint","network":"ChargePoint","stalls":2,"status":"unknown","source":"OpenStreetMap (charge-finder mirror)"}},{"type":"Feature","geometry":{"type":"Point","coordinates":[-105.2223,39.7552]},"properties":{"name":"ChargePoint","network":"ChargePoint","stalls":2,"status":"unknown","source":"OpenStreetMap (charge-finder mirror)"}},{"type":"Feature","geometry":{"type":"Point","coordinates":[-104.7956,39.7746]},"properties":{"name":"Hampton Inn","network":"Hampton Inn","stalls":2,"status":"unknown","source":"OpenStreetMap (charge-finder mirror)"}},{"type":"Feature","geometry":{"type":"Point","coordinates":[-104.7956,39.7748]},"properties":{"name":"Hampton Inn","network":"Hampton Inn","stalls":2,"status":"unknown","source":"OpenStreetMap (charge-finder mirror)"}},{"type":"Feature","geometry":{"type":"Point","coordinates":[-104.7954,39.7748]},"properties":{"name":"Hampton Inn","network":"Hampton Inn","stalls":2,"status":"unknown","source":"OpenStreetMap (charge-finder mirror)"}},{"type":"Feature","geometry":{"type":"Point","coordinates":[-104.7953,39.775]},"properties":{"name":"Hampton Inn","network":"Hampton Inn","stalls":2,"status":"unknown","source":"OpenStreetMap (charge-finder mirror)"}},{"type":"Feature","geometry":{"type":"Point","coordinates":[-81.0992,29.213]},"properties":{"name":"EV charging","network":"EV charging","status":"unknown","source":"OpenStreetMap (charge-finder mirror)"}},{"type":"Feature","geometry":{"type":"Point","coordinates":[-81.0995,29.2143]},"properties":{"name":"EV charging","network":"EV charging","status":"unknown","source":"OpenStreetMap (charge-finder mirror)"}},{"type":"Feature","geometry":{"type":"Point","coordinates":[-72.3192,43.6464]},"properties":{"name":"ChargePoint","network":"ChargePoint","stalls":4,"status":"unknown","source":"OpenStreetMap (charge-finder mirror)"}},{"type":"Feature","geometry":{"type":"Point","coordinates":[-121.9443,37.3477]},"properties":{"name":"ChargePoint","network":"ChargePoint","stalls":3,"status":"unknown","source":"OpenStreetMap (charge-finder mirror)"}},{"type":"Feature","geometry":{"type":"Point","coordinates":[-74.8721,40.2948]},"properties":{"name":"EV charging","network":"EV charging","stalls":1,"status":"unknown","source":"OpenStreetMap (charge-finder mirror)"}},{"type":"Feature","geometry":{"type":"Point","coordinates":[-74.8719,40.2949]},"properties":{"name":"EV charging","network":"EV charging","stalls":1,"status":"unknown","source":"OpenStreetMap (charge-finder mirror)"}},{"type":"Feature","geometry":{"type":"Point","coordinates":[-73.1673,45.9866]},"properties":{"name":"Le Circuit \u00c9lectrique","network":"Le Circuit \u00c9lectrique","status":"unknown","source":"OpenStreetMap (charge-finder mirror)"}},{"type":"Feature","geometry":{"type":"Point","coordinates":[-121.9767,37.3436]},"properties":{"name":"ChargePoint","network":"ChargePoint","stalls":5,"status":"unknown","source":"OpenStreetMap (charge-finder mirror)"}},{"type":"Feature","geometry":{"type":"Point","coordinates":[-122.4694,48.7381]},"properties":{"name":"EV charging","network":"EV charging","stalls":2,"status":"unknown","source":"OpenStreetMap (charge-finder mirror)"}},{"type":"Feature","geometry":{"type":"Point","coordinates":[-76.5131,37.1223]},"properties":{"name":"Denbigh FF","network":"ChargePoint","stalls":2,"status":"24/7","source":"OpenStreetMap (charge-finder mirror)"}},{"type":"Feature","geometry":{"type":"Point","coordinates":[-85.5337,42.9152]},"properties":{"name":"ChargePoint","network":"ChargePoint","status":"unknown","source":"OpenStreetMap (charge-finder mirror)"}},{"type":"Feature","geometry":{"type":"Point","coordinates":[-122.1461,37.4261]},"properties":{"name":"ChargePoint","network":"ChargePoint","status":"unknown","source":"OpenStreetMap (charge-finder mirror)"}},{"type":"Feature","geometry":{"type":"Point","coordinates":[-73.6929,45.4924]},"properties":{"name":"EV charging","network":"EV charging","stalls":6,"status":"unknown","source":"OpenStreetMap (charge-finder mirror)"}},{"type":"Feature","geometry":{"type":"Point","coordinates":[-112.0317,33.3836]},"properties":{"name":"Blink","network":"Blink","status":"unknown","source":"OpenStreetMap (charge-finder mirror)"}},{"type":"Feature","geometry":{"type":"Point","coordinates":[-104.7064,39.6059]},"properties":{"name":"Electrify America","network":"Electrify America","stalls":8,"status":"unknown","source":"OpenStreetMap (charge-finder mirror)"}},{"type":"Feature","geometry":{"type":"Point","coordinates":[-76.884,39.2069]},"properties":{"name":"Blink","network":"Blink","status":"unknown","source":"OpenStreetMap (charge-finder mirror)"}},{"type":"Feature","geometry":{"type":"Point","coordinates":[-83.8431,42.2864]},"properties":{"name":"Shell Recharge Solutions","network":"Shell Recharge Solutions","status":"unknown","source":"OpenStreetMap (charge-finder mirror)"}},{"type":"Feature","geometry":{"type":"Point","coordinates":[-122.4297,37.8042]},"properties":{"name":"Rivian Waypoints","network":"Rivian Waypoints","status":"unknown","source":"OpenStreetMap (charge-finder mirror)"}},{"type":"Feature","geometry":{"type":"Point","coordinates":[-95.4545,30.1633]},"properties":{"name":"Volta Charging Station","network":"Volta","status":"unknown","source":"OpenStreetMap (charge-finder mirror)"}},{"type":"Feature","geometry":{"type":"Point","coordinates":[-72.8726,41.3565]},"properties":{"name":"EV charging","network":"EV charging","stalls":4,"status":"unknown","source":"OpenStreetMap (charge-finder mirror)"}},{"type":"Feature","geometry":{"type":"Point","coordinates":[-71.1096,42.1285]},"properties":{"name":"EV charging","network":"EV charging","status":"unknown","source":"OpenStreetMap (charge-finder mirror)"}},{"type":"Feature","geometry":{"type":"Point","coordinates":[-71.1097,42.1285]},"properties":{"name":"EV charging","network":"EV charging","status":"unknown","source":"OpenStreetMap (charge-finder mirror)"}},{"type":"Feature","geometry":{"type":"Point","coordinates":[-111.9736,33.413]},"properties":{"name":"Blink","network":"Blink","stalls":1,"status":"unknown","source":"OpenStreetMap (charge-finder mirror)"}},{"type":"Feature","geometry":{"type":"Point","coordinates":[-111.9736,33.4129]},"properties":{"name":"Blink","network":"Blink","stalls":1,"status":"unknown","source":"OpenStreetMap (charge-finder mirror)"}},{"type":"Feature","geometry":{"type":"Point","coordinates":[-111.9736,33.4128]},"properties":{"name":"Blink","network":"Blink","stalls":1,"status":"unknown","source":"OpenStreetMap (charge-finder mirror)"}},{"type":"Feature","geometry":{"type":"Point","coordinates":[-122.6409,49.1634]},"properties":{"name":"EV charging","network":"EV charging","status":"unknown","source":"OpenStreetMap (charge-finder mirror)"}},{"type":"Feature","geometry":{"type":"Point","coordinates":[-73.7551,45.3446]},"properties":{"name":"Le Circuit \u00e9lectrique","network":"Le Circuit \u00e9lectrique","stalls":2,"status":"unknown","source":"OpenStreetMap (charge-finder mirror)"}},{"type":"Feature","geometry":{"type":"Point","coordinates":[-75.4329,39.9155]},"properties":{"name":"EV charging","network":"EV charging","status":"unknown","source":"OpenStreetMap (charge-finder mirror)"}},{"type":"Feature","geometry":{"type":"Point","coordinates":[-122.7031,45.5574]},"properties":{"name":"Electric Island","network":"EV charging","status":"unknown","source":"OpenStreetMap (charge-finder mirror)"}},{"type":"Feature","geometry":{"type":"Point","coordinates":[-78.1836,39.6994]},"properties":{"name":"ChargePoint","network":"ChargePoint","stalls":2,"status":"unknown","source":"OpenStreetMap (charge-finder mirror)"}},{"type":"Feature","geometry":{"type":"Point","coordinates":[-105.1739,39.9554]},"properties":{"name":"Electrify America","network":"Electrify America","stalls":4,"status":"unknown","source":"OpenStreetMap (charge-finder mirror)"}},{"type":"Feature","geometry":{"type":"Point","coordinates":[-117.4395,34.0991]},"properties":{"name":"Blink","network":"Blink","status":"unknown","source":"OpenStreetMap (charge-finder mirror)"}},{"type":"Feature","geometry":{"type":"Point","coordinates":[-77.5365,35.8985]},"properties":{"name":"Town of Tarboro - Chamber of Commerce","network":"EV charging","stalls":2,"status":"unknown","source":"OpenStreetMap (charge-finder mirror)"}},{"type":"Feature","geometry":{"type":"Point","coordinates":[-87.8149,42.1498]},"properties":{"name":"EV charging","network":"EV charging","status":"unknown","source":"OpenStreetMap (charge-finder mirror)"}},{"type":"Feature","geometry":{"type":"Point","coordinates":[-83.6156,42.2444]},"properties":{"name":"Ypsilanti Performance Space","network":"Ypsilanti Performance Space","status":"unknown","source":"OpenStreetMap (charge-finder mirror)"}},{"type":"Feature","geometry":{"type":"Point","coordinates":[-78.9074,43.0104]},"properties":{"name":"ChargePoint","network":"ChargePoint","stalls":2,"status":"Mo-Su 06:00-21:00","source":"OpenStreetMap (charge-finder mirror)"}},{"type":"Feature","geometry":{"type":"Point","coordinates":[-122.1512,47.7542]},"properties":{"name":"Electrify America","network":"Electrify America","stalls":4,"status":"unknown","source":"OpenStreetMap (charge-finder mirror)"}},{"type":"Feature","geometry":{"type":"Point","coordinates":[-117.4388,34.0949]},"properties":{"name":"EV Connect","network":"EV Connect","status":"unknown","source":"OpenStreetMap (charge-finder mirror)"}},{"type":"Feature","geometry":{"type":"Point","coordinates":[-117.5294,34.1133]},"properties":{"name":"Blink","network":"Blink","stalls":4,"status":"unknown","source":"OpenStreetMap (charge-finder mirror)"}},{"type":"Feature","geometry":{"type":"Point","coordinates":[-121.9552,37.3575]},"properties":{"name":"ChargePoint","network":"ChargePoint","stalls":4,"status":"unknown","source":"OpenStreetMap (charge-finder mirror)"}},{"type":"Feature","geometry":{"type":"Point","coordinates":[-123.3229,42.4615]},"properties":{"name":"AeroVironment","network":"AeroVironment","status":"unknown","source":"OpenStreetMap (charge-finder mirror)"}},{"type":"Feature","geometry":{"type":"Point","coordinates":[-123.7902,40.0672]},"properties":{"name":"ChargePoint","network":"ChargePoint","stalls":1,"status":"24/7","source":"OpenStreetMap (charge-finder mirror)"}},{"type":"Feature","geometry":{"type":"Point","coordinates":[-123.4833,39.6893]},"properties":{"name":"ChargePoint","network":"ChargePoint","stalls":1,"status":"24/7","source":"OpenStreetMap (charge-finder mirror)"}},{"type":"Feature","geometry":{"type":"Point","coordinates":[-123.4833,39.6892]},"properties":{"name":"ChargePoint","network":"ChargePoint","stalls":2,"status":"24/7","source":"OpenStreetMap (charge-finder mirror)"}},{"type":"Feature","geometry":{"type":"Point","coordinates":[-123.1946,39.1513]},"properties":{"name":"ChargePoint","network":"ChargePoint","stalls":1,"status":"24/7","source":"OpenStreetMap (charge-finder mirror)"}},{"type":"Feature","geometry":{"type":"Point","coordinates":[-85.6131,42.2841]},"properties":{"name":"EV charging","network":"EV charging","status":"unknown","source":"OpenStreetMap (charge-finder mirror)"}},{"type":"Feature","geometry":{"type":"Point","coordinates":[-123.0133,38.7846]},"properties":{"name":"ChargePoint","network":"ChargePoint","stalls":1,"status":"24/7","source":"OpenStreetMap (charge-finder mirror)"}},{"type":"Feature","geometry":{"type":"Point","coordinates":[-71.156,42.7443]},"properties":{"name":"ChargePoint","network":"ChargePoint","stalls":2,"status":"unknown","source":"OpenStreetMap (charge-finder mirror)"}},{"type":"Feature","geometry":{"type":"Point","coordinates":[-71.1598,42.741]},"properties":{"name":"EV charging","network":"EV charging","status":"unknown","source":"OpenStreetMap (charge-finder mirror)"}},{"type":"Feature","geometry":{"type":"Point","coordinates":[-71.1598,42.741]},"properties":{"name":"EV charging","network":"EV charging","status":"unknown","source":"OpenStreetMap (charge-finder mirror)"}},{"type":"Feature","geometry":{"type":"Point","coordinates":[-122.5147,37.9281]},"properties":{"name":"eVgo","network":"eVgo","stalls":1,"status":"24/7","source":"OpenStreetMap (charge-finder mirror)"}},{"type":"Feature","geometry":{"type":"Point","coordinates":[-122.5147,37.928]},"properties":{"name":"eVgo","network":"eVgo","stalls":1,"status":"24/7","source":"OpenStreetMap (charge-finder mirror)"}},{"type":"Feature","geometry":{"type":"Point","coordinates":[-122.5227,37.9736]},"properties":{"name":"MCE Solar Charge","network":"EV charging","stalls":10,"status":"24/7","source":"OpenStreetMap (charge-finder mirror)"}},{"type":"Feature","geometry":{"type":"Point","coordinates":[-80.7268,28.2421]},"properties":{"name":"ChargePoint","network":"ChargePoint","status":"unknown","source":"OpenStreetMap (charge-finder mirror)"}},{"type":"Feature","geometry":{"type":"Point","coordinates":[-73.5987,45.3791]},"properties":{"name":"EV charging","network":"EV charging","stalls":3,"status":"unknown","source":"OpenStreetMap (charge-finder mirror)"}},{"type":"Feature","geometry":{"type":"Point","coordinates":[-123.0681,49.0356]},"properties":{"name":"BC Hydro","network":"BC Hydro","stalls":2,"status":"unknown","source":"OpenStreetMap (charge-finder mirror)"}},{"type":"Feature","geometry":{"type":"Point","coordinates":[-122.8271,47.4507]},"properties":{"name":"Blink","network":"Blink","status":"unknown","source":"OpenStreetMap (charge-finder mirror)"}},{"type":"Feature","geometry":{"type":"Point","coordinates":[-118.4476,34.0518]},"properties":{"name":"West L.A. Customer Service Center","network":"LADWP","stalls":1,"status":"24/7","source":"OpenStreetMap (charge-finder mirror)"}},{"type":"Feature","geometry":{"type":"Point","coordinates":[-77.4439,38.8885]},"properties":{"name":"EV charging","network":"EV charging","stalls":2,"status":"unknown","source":"OpenStreetMap (charge-finder mirror)"}},{"type":"Feature","geometry":{"type":"Point","coordinates":[-77.4439,38.8885]},"properties":{"name":"EV charging","network":"EV charging","stalls":2,"status":"unknown","source":"OpenStreetMap (charge-finder mirror)"}},{"type":"Feature","geometry":{"type":"Point","coordinates":[-72.8001,41.8805]},"properties":{"name":"EV charging","network":"EV charging","stalls":2,"status":"unknown","source":"OpenStreetMap (charge-finder mirror)"}},{"type":"Feature","geometry":{"type":"Point","coordinates":[-105.1352,39.9316]},"properties":{"name":"eVgo","network":"EVgo","stalls":2,"status":"unknown","source":"OpenStreetMap (charge-finder mirror)"}},{"type":"Feature","geometry":{"type":"Point","coordinates":[-121.3277,36.4282]},"properties":{"name":"SemaConnect Charging Station","network":"EV charging","status":"unknown","source":"OpenStreetMap (charge-finder mirror)"}},{"type":"Feature","geometry":{"type":"Point","coordinates":[-77.4396,39.0074]},"properties":{"name":"Volta","network":"Volta","stalls":2,"status":"24/7","source":"OpenStreetMap (charge-finder mirror)"}},{"type":"Feature","geometry":{"type":"Point","coordinates":[-77.4367,39.0072]},"properties":{"name":"Volta","network":"Volta","stalls":2,"status":"06:00-24:00","source":"OpenStreetMap (charge-finder mirror)"}},{"type":"Feature","geometry":{"type":"Point","coordinates":[-77.5011,39.0363]},"properties":{"name":"Volta","network":"Volta","stalls":1,"status":"24/7","source":"OpenStreetMap (charge-finder mirror)"}},{"type":"Feature","geometry":{"type":"Point","coordinates":[-77.4849,39.0667]},"properties":{"name":"Volta","network":"Volta","stalls":1,"status":"24/7","source":"OpenStreetMap (charge-finder mirror)"}},{"type":"Feature","geometry":{"type":"Point","coordinates":[-122.4977,37.8652]},"properties":{"name":"ChargePoint","network":"ChargePoint","stalls":2,"status":"24/7","source":"OpenStreetMap (charge-finder mirror)"}},{"type":"Feature","geometry":{"type":"Point","coordinates":[-105.2059,39.7021]},"properties":{"name":"EV charging","network":"EV charging","stalls":2,"status":"unknown","source":"OpenStreetMap (charge-finder mirror)"}},{"type":"Feature","geometry":{"type":"Point","coordinates":[-122.7898,38.528]},"properties":{"name":"eVgo","network":"eVgo","stalls":1,"status":"24/7","source":"OpenStreetMap (charge-finder mirror)"}},{"type":"Feature","geometry":{"type":"Point","coordinates":[-123.3501,39.4039]},"properties":{"name":"Electrify America","network":"Electrify America","stalls":4,"status":"24/7","source":"OpenStreetMap (charge-finder mirror)"}},{"type":"Feature","geometry":{"type":"Point","coordinates":[-99.0755,29.7277]},"properties":{"name":"BEC BANDERA BW","network":"ChargePoint","stalls":2,"status":"24/7","source":"OpenStreetMap (charge-finder mirror)"}},{"type":"Feature","geometry":{"type":"Point","coordinates":[-94.7335,38.9237]},"properties":{"name":"Blink","network":"Blink","stalls":2,"status":"24/7","source":"OpenStreetMap (charge-finder mirror)"}},{"type":"Feature","geometry":{"type":"Point","coordinates":[-111.825,40.6696]},"properties":{"name":"EV charging","network":"EV charging","stalls":2,"status":"unknown","source":"OpenStreetMap (charge-finder mirror)"}},{"type":"Feature","geometry":{"type":"Point","coordinates":[-122.7905,49.2865]},"properties":{"name":"FLO","network":"FLO","stalls":4,"status":"unknown","source":"OpenStreetMap (charge-finder mirror)"}},{"type":"Feature","geometry":{"type":"Point","coordinates":[-76.6543,39.3537]},"properties":{"name":"EV charging","network":"EV charging","status":"unknown","source":"OpenStreetMap (charge-finder mirror)"}},{"type":"Feature","geometry":{"type":"Point","coordinates":[-105.0104,39.7558]},"properties":{"name":"EVgo","network":"EVgo","stalls":1,"status":"24/7","source":"OpenStreetMap (charge-finder mirror)"}},{"type":"Feature","geometry":{"type":"Point","coordinates":[-89.5867,40.6707]},"properties":{"name":"EV charging","network":"EV charging","status":"unknown","source":"OpenStreetMap (charge-finder mirror)"}},{"type":"Feature","geometry":{"type":"Point","coordinates":[-116.836,34.9075]},"properties":{"name":"ChargePoint","network":"ChargePoint","status":"unknown","source":"OpenStreetMap (charge-finder mirror)"}},{"type":"Feature","geometry":{"type":"Point","coordinates":[-84.2484,30.5111]},"properties":{"name":"Electrify America","network":"Electrify America","stalls":1,"status":"24/7","source":"OpenStreetMap (charge-finder mirror)"}},{"type":"Feature","geometry":{"type":"Point","coordinates":[-84.2483,30.5111]},"properties":{"name":"Electrify America","network":"Electrify America","stalls":1,"status":"24/7","source":"OpenStreetMap (charge-finder mirror)"}},{"type":"Feature","geometry":{"type":"Point","coordinates":[-83.7626,31.9635]},"properties":{"name":"Electrify America","network":"Electrify America","stalls":1,"status":"24/7","source":"OpenStreetMap (charge-finder mirror)"}},{"type":"Feature","geometry":{"type":"Point","coordinates":[-83.7627,31.9634]},"properties":{"name":"Electrify America","network":"Electrify America","stalls":1,"status":"24/7","source":"OpenStreetMap (charge-finder mirror)"}},{"type":"Feature","geometry":{"type":"Point","coordinates":[-118.4386,34.0514]},"properties":{"name":"FLO","network":"FLO","stalls":1,"status":"Mo-Sa 08:00-20:00 open \"2 Hour parking only\"","source":"OpenStreetMap (charge-finder mirror)"}},{"type":"Feature","geometry":{"type":"Point","coordinates":[-84.3046,34.0388]},"properties":{"name":"Electrify America","network":"Electrify America","stalls":1,"status":"24/7","source":"OpenStreetMap (charge-finder mirror)"}},{"type":"Feature","geometry":{"type":"Point","coordinates":[-84.3046,34.0388]},"properties":{"name":"Electrify America","network":"Electrify America","stalls":1,"status":"24/7","source":"OpenStreetMap (charge-finder mirror)"}},{"type":"Feature","geometry":{"type":"Point","coordinates":[-97.7698,30.2748]},"properties":{"name":"PIE AE AUSTIN HS DCFC1","network":"ChargePoint","stalls":1,"status":"24/7","source":"OpenStreetMap (charge-finder mirror)"}},{"type":"Feature","geometry":{"type":"Point","coordinates":[-82.0282,33.5111]},"properties":{"name":"EV charging","network":"EV charging","status":"unknown","source":"OpenStreetMap (charge-finder mirror)"}},{"type":"Feature","geometry":{"type":"Point","coordinates":[-73.722,45.7065]},"properties":{"name":"EV charging","network":"EV charging","stalls":6,"status":"unknown","source":"OpenStreetMap (charge-finder mirror)"}},{"type":"Feature","geometry":{"type":"Point","coordinates":[-122.3047,47.6561]},"properties":{"name":"University of Washington","network":"University of Washington","stalls":1,"status":"unknown","source":"OpenStreetMap (charge-finder mirror)"}},{"type":"Feature","geometry":{"type":"Point","coordinates":[-122.3048,47.656]},"properties":{"name":"University of Washington","network":"University of Washington","stalls":1,"status":"unknown","source":"OpenStreetMap (charge-finder mirror)"}},{"type":"Feature","geometry":{"type":"Point","coordinates":[-73.7183,45.7076]},"properties":{"name":"EV charging","network":"EV charging","stalls":2,"status":"unknown","source":"OpenStreetMap (charge-finder mirror)"}},{"type":"Feature","geometry":{"type":"Point","coordinates":[-122.2736,37.5576]},"properties":{"name":"ChargePoint","network":"ChargePoint","status":"unknown","source":"OpenStreetMap (charge-finder mirror)"}},{"type":"Feature","geometry":{"type":"Point","coordinates":[-122.2703,37.5592]},"properties":{"name":"eVgo","network":"eVgo","status":"unknown","source":"OpenStreetMap (charge-finder mirror)"}},{"type":"Feature","geometry":{"type":"Point","coordinates":[-122.2703,37.5592]},"properties":{"name":"eVgo","network":"eVgo","status":"unknown","source":"OpenStreetMap (charge-finder mirror)"}},{"type":"Feature","geometry":{"type":"Point","coordinates":[-79.5103,43.8551]},"properties":{"name":"EV charging","network":"EV charging","stalls":2,"status":"unknown","source":"OpenStreetMap (charge-finder mirror)"}},{"type":"Feature","geometry":{"type":"Point","coordinates":[-122.9879,44.9389]},"properties":{"name":"ChargePoint","network":"ChargePoint","stalls":4,"status":"07:00-24:00","source":"OpenStreetMap (charge-finder mirror)"}},{"type":"Feature","geometry":{"type":"Point","coordinates":[-72.2399,45.3583]},"properties":{"name":"FLO","network":"FLO","status":"unknown","source":"OpenStreetMap (charge-finder mirror)"}},{"type":"Feature","geometry":{"type":"Point","coordinates":[-72.1657,45.3111]},"properties":{"name":"Circuit \u00e9lectrique","network":"Circuit \u00e9lectrique","stalls":1,"status":"unknown","source":"OpenStreetMap (charge-finder mirror)"}},{"type":"Feature","geometry":{"type":"Point","coordinates":[-72.1553,45.2662]},"properties":{"name":"Circuit \u00e9lectrique","network":"Circuit \u00e9lectrique","stalls":2,"status":"unknown","source":"OpenStreetMap (charge-finder mirror)"}},{"type":"Feature","geometry":{"type":"Point","coordinates":[-72.2208,45.318]},"properties":{"name":"FLO","network":"FLO","stalls":4,"status":"unknown","source":"OpenStreetMap (charge-finder mirror)"}},{"type":"Feature","geometry":{"type":"Point","coordinates":[-86.9581,34.7874]},"properties":{"name":"Electrify America Athens","network":"Electrify America","stalls":2,"status":"24/7","source":"OpenStreetMap (charge-finder mirror)"}},{"type":"Feature","geometry":{"type":"Point","coordinates":[-105.106,40.584]},"properties":{"name":"EV charging","network":"EV charging","status":"unknown","source":"OpenStreetMap (charge-finder mirror)"}},{"type":"Feature","geometry":{"type":"Point","coordinates":[-122.9362,47.0453]},"properties":{"name":"Electrify America","network":"Electrify America","status":"unknown","source":"OpenStreetMap (charge-finder mirror)"}},{"type":"Feature","geometry":{"type":"Point","coordinates":[-122.7716,47.0596]},"properties":{"name":"Electrify America","network":"Electrify America","status":"unknown","source":"OpenStreetMap (charge-finder mirror)"}},{"type":"Feature","geometry":{"type":"Point","coordinates":[-122.6262,47.0941]},"properties":{"name":"Blink","network":"Blink","status":"unknown","source":"OpenStreetMap (charge-finder mirror)"}},{"type":"Feature","geometry":{"type":"Point","coordinates":[-72.0975,45.0108]},"properties":{"name":"EV charging","network":"EV charging","stalls":2,"status":"unknown","source":"OpenStreetMap (charge-finder mirror)"}},{"type":"Feature","geometry":{"type":"Point","coordinates":[-105.2547,40.0121]},"properties":{"name":"City of Boulder","network":"City of Boulder","stalls":2,"status":"unknown","source":"OpenStreetMap (charge-finder mirror)"}},{"type":"Feature","geometry":{"type":"Point","coordinates":[-79.0241,35.8604]},"properties":{"name":"EV charging","network":"EV charging","status":"unknown","source":"OpenStreetMap (charge-finder mirror)"}},{"type":"Feature","geometry":{"type":"Point","coordinates":[-79.024,35.8604]},"properties":{"name":"EV charging","network":"EV charging","status":"unknown","source":"OpenStreetMap (charge-finder mirror)"}},{"type":"Feature","geometry":{"type":"Point","coordinates":[-95.8547,40.6769]},"properties":{"name":"ChargePoint","network":"ChargePoint","stalls":2,"status":"unknown","source":"OpenStreetMap (charge-finder mirror)"}},{"type":"Feature","geometry":{"type":"Point","coordinates":[-82.7207,28.2506]},"properties":{"name":"EV charging","network":"EV charging","status":"unknown","source":"OpenStreetMap (charge-finder mirror)"}},{"type":"Feature","geometry":{"type":"Point","coordinates":[-83.7667,32.882]},"properties":{"name":"ChargePoint","network":"ChargePoint","stalls":4,"status":"24/7","source":"OpenStreetMap (charge-finder mirror)"}},{"type":"Feature","geometry":{"type":"Point","coordinates":[-123.7901,40.0097]},"properties":{"name":"Electrify America EV Charger","network":"Electrify America","stalls":4,"status":"24/7","source":"OpenStreetMap (charge-finder mirror)"}},{"type":"Feature","geometry":{"type":"Point","coordinates":[-87.9891,34.138]},"properties":{"name":"Sonic Drive-In Charging Station","network":"Sonic Drive-In","stalls":1,"status":"unknown","source":"OpenStreetMap (charge-finder mirror)"}},{"type":"Feature","geometry":{"type":"Point","coordinates":[-73.7185,45.561]},"properties":{"name":"Circuit \u00e9lectrique","network":"Circuit \u00e9lectrique","stalls":4,"status":"unknown","source":"OpenStreetMap (charge-finder mirror)"}},{"type":"Feature","geometry":{"type":"Point","coordinates":[-83.533,36.1063]},"properties":{"name":"ChargePoint","network":"ChargePoint","stalls":2,"status":"unknown","source":"OpenStreetMap (charge-finder mirror)"}},{"type":"Feature","geometry":{"type":"Point","coordinates":[-105.9594,35.6886]},"properties":{"name":"EV charging","network":"EV charging","status":"unknown","source":"OpenStreetMap (charge-finder mirror)"}},{"type":"Feature","geometry":{"type":"Point","coordinates":[-122.5262,45.6205]},"properties":{"name":"ChargePoint","network":"ChargePoint","stalls":2,"status":"unknown","source":"OpenStreetMap (charge-finder mirror)"}},{"type":"Feature","geometry":{"type":"Point","coordinates":[-92.7184,44.9587]},"properties":{"name":"Zef Energy","network":"Zef Energy","stalls":4,"status":"24/7","source":"OpenStreetMap (charge-finder mirror)"}},{"type":"Feature","geometry":{"type":"Point","coordinates":[-77.4361,38.829]},"properties":{"name":"EV charging","network":"EV charging","status":"unknown","source":"OpenStreetMap (charge-finder mirror)"}},{"type":"Feature","geometry":{"type":"Point","coordinates":[-77.4362,38.829]},"properties":{"name":"EV charging","network":"EV charging","status":"unknown","source":"OpenStreetMap (charge-finder mirror)"}},{"type":"Feature","geometry":{"type":"Point","coordinates":[-121.0537,39.2334]},"properties":{"name":"AJA Video Systems","network":"AJA Video Systems","stalls":6,"status":"unknown","source":"OpenStreetMap (charge-finder mirror)"}},{"type":"Feature","geometry":{"type":"Point","coordinates":[-71.0694,42.5029]},"properties":{"name":"ChargePoint","network":"ChargePoint","status":"unknown","source":"OpenStreetMap (charge-finder mirror)"}},{"type":"Feature","geometry":{"type":"Point","coordinates":[-72.2295,48.5324]},"properties":{"name":"FLO","network":"FLO","status":"unknown","source":"OpenStreetMap (charge-finder mirror)"}},{"type":"Feature","geometry":{"type":"Point","coordinates":[-97.1273,33.1781]},"properties":{"name":"ChargePoint","network":"ChargePoint","status":"24/7","source":"OpenStreetMap (charge-finder mirror)"}},{"type":"Feature","geometry":{"type":"Point","coordinates":[-82.3843,29.6206]},"properties":{"name":"Electrify America","network":"Electrify America","stalls":1,"status":"24/7","source":"OpenStreetMap (charge-finder mirror)"}},{"type":"Feature","geometry":{"type":"Point","coordinates":[-82.3843,29.6206]},"properties":{"name":"Electrify America","network":"Electrify America","stalls":1,"status":"24/7","source":"OpenStreetMap (charge-finder mirror)"}},{"type":"Feature","geometry":{"type":"Point","coordinates":[-82.6383,30.2386]},"properties":{"name":"Electrify America","network":"Electrify America","stalls":1,"status":"24/7","source":"OpenStreetMap (charge-finder mirror)"}},{"type":"Feature","geometry":{"type":"Point","coordinates":[-82.6383,30.2386]},"properties":{"name":"Electrify America","network":"Electrify America","stalls":1,"status":"24/7","source":"OpenStreetMap (charge-finder mirror)"}},{"type":"Feature","geometry":{"type":"Point","coordinates":[-79.5239,43.8341]},"properties":{"name":"EV charging","network":"EV charging","status":"unknown","source":"OpenStreetMap (charge-finder mirror)"}},{"type":"Feature","geometry":{"type":"Point","coordinates":[-122.3488,40.5861]},"properties":{"name":"ChargePoint","network":"ChargePoint","status":"unknown","source":"OpenStreetMap (charge-finder mirror)"}},{"type":"Feature","geometry":{"type":"Point","coordinates":[-73.5846,46.2009]},"properties":{"name":"av environment","network":"av environment","status":"unknown","source":"OpenStreetMap (charge-finder mirror)"}},{"type":"Feature","geometry":{"type":"Point","coordinates":[-84.5831,42.6974]},"properties":{"name":"Blink","network":"Blink","stalls":2,"status":"unknown","source":"OpenStreetMap (charge-finder mirror)"}},{"type":"Feature","geometry":{"type":"Point","coordinates":[-89.7544,43.5472]},"properties":{"name":"EV charging","network":"EV charging","status":"unknown","source":"OpenStreetMap (charge-finder mirror)"}},{"type":"Feature","geometry":{"type":"Point","coordinates":[-72.6849,44.466]},"properties":{"name":"ChargePoint","network":"ChargePoint","status":"unknown","source":"OpenStreetMap (charge-finder mirror)"}},{"type":"Feature","geometry":{"type":"Point","coordinates":[-74.5537,40.5619]},"properties":{"name":"EV charging","network":"EV charging","status":"unknown","source":"OpenStreetMap (charge-finder mirror)"}},{"type":"Feature","geometry":{"type":"Point","coordinates":[-76.7243,39.1542]},"properties":{"name":"eVgo","network":"eVgo","status":"unknown","source":"OpenStreetMap (charge-finder mirror)"}},{"type":"Feature","geometry":{"type":"Point","coordinates":[-76.7762,39.1777]},"properties":{"name":"EV charging","network":"EV charging","stalls":2,"status":"unknown","source":"OpenStreetMap (charge-finder mirror)"}},{"type":"Feature","geometry":{"type":"Point","coordinates":[-72.397,43.6375]},"properties":{"name":"Blink","network":"Blink","status":"unknown","source":"OpenStreetMap (charge-finder mirror)"}},{"type":"Feature","geometry":{"type":"Point","coordinates":[-90.157,41.4326]},"properties":{"name":"EV charging","network":"EV charging","status":"unknown","source":"OpenStreetMap (charge-finder mirror)"}},{"type":"Feature","geometry":{"type":"Point","coordinates":[-85.834,33.5995]},"properties":{"name":"Electrify America Oxford","network":"Electrify America","stalls":2,"status":"24/7","source":"OpenStreetMap (charge-finder mirror)"}},{"type":"Feature","geometry":{"type":"Point","coordinates":[-71.9252,45.3977]},"properties":{"name":"Flo Charging Station","network":"FLO","stalls":2,"status":"unknown","source":"OpenStreetMap (charge-finder mirror)"}},{"type":"Feature","geometry":{"type":"Point","coordinates":[-74.0077,45.5338]},"properties":{"name":"EV charging","network":"EV charging","status":"unknown","source":"OpenStreetMap (charge-finder mirror)"}},{"type":"Feature","geometry":{"type":"Point","coordinates":[-85.4975,32.572]},"properties":{"name":"Electrify America Auburn","network":"Electrify America","stalls":2,"status":"24/7","source":"OpenStreetMap (charge-finder mirror)"}},{"type":"Feature","geometry":{"type":"Point","coordinates":[-73.5715,45.6059]},"properties":{"name":"EV charging","network":"EV charging","stalls":2,"status":"unknown","source":"OpenStreetMap (charge-finder mirror)"}},{"type":"Feature","geometry":{"type":"Point","coordinates":[-121.9568,37.2668]},"properties":{"name":"ChargePoint","network":"ChargePoint","status":"unknown","source":"OpenStreetMap (charge-finder mirror)"}},{"type":"Feature","geometry":{"type":"Point","coordinates":[-72.9895,45.1207]},"properties":{"name":"EV charging","network":"EV charging","status":"unknown","source":"OpenStreetMap (charge-finder mirror)"}},{"type":"Feature","geometry":{"type":"Point","coordinates":[-72.0387,45.168]},"properties":{"name":"Circuit \u00e9lectrique","network":"Circuit \u00e9lectrique","stalls":2,"status":"unknown","source":"OpenStreetMap (charge-finder mirror)"}},{"type":"Feature","geometry":{"type":"Point","coordinates":[-72.9333,45.3663]},"properties":{"name":"Circuit \u00e9lectrique","network":"Circuit \u00e9lectrique","status":"unknown","source":"OpenStreetMap (charge-finder mirror)"}},{"type":"Feature","geometry":{"type":"Point","coordinates":[-74.2211,46.3183]},"properties":{"name":"Circuit \u00e9lectrique","network":"Circuit \u00e9lectrique","stalls":2,"status":"unknown","source":"OpenStreetMap (charge-finder mirror)"}},{"type":"Feature","geometry":{"type":"Point","coordinates":[-74.2206,46.3376]},"properties":{"name":"Circuit \u00e9lectrique","network":"Circuit \u00e9lectrique","stalls":2,"status":"unknown","source":"OpenStreetMap (charge-finder mirror)"}},{"type":"Feature","geometry":{"type":"Point","coordinates":[-123.0242,44.9415]},"properties":{"name":"Blink","network":"Blink","status":"unknown","source":"OpenStreetMap (charge-finder mirror)"}},{"type":"Feature","geometry":{"type":"Point","coordinates":[-112.5246,37.0491]},"properties":{"name":"EV charging","network":"EV charging","status":"unknown","source":"OpenStreetMap (charge-finder mirror)"}},{"type":"Feature","geometry":{"type":"Point","coordinates":[-122.9162,49.2009]},"properties":{"name":"EV charging","network":"EV charging","stalls":2,"status":"unknown","source":"OpenStreetMap (charge-finder mirror)"}},{"type":"Feature","geometry":{"type":"Point","coordinates":[-84.2916,30.435]},"properties":{"name":"Clipper Creek","network":"Clipper Creek","stalls":2,"status":"unknown","source":"OpenStreetMap (charge-finder mirror)"}},{"type":"Feature","geometry":{"type":"Point","coordinates":[-122.9492,45.5519]},"properties":{"name":"ChargePoint","network":"ChargePoint","status":"unknown","source":"OpenStreetMap (charge-finder mirror)"}},{"type":"Feature","geometry":{"type":"Point","coordinates":[-114.0777,36.7975]},"properties":{"name":"EV charging","network":"EV charging","stalls":2,"status":"unknown","source":"OpenStreetMap (charge-finder mirror)"}},{"type":"Feature","geometry":{"type":"Point","coordinates":[-70.5591,46.7272]},"properties":{"name":"EV charging","network":"EV charging","stalls":2,"status":"unknown","source":"OpenStreetMap (charge-finder mirror)"}},{"type":"Feature","geometry":{"type":"Point","coordinates":[-73.2196,44.4628]},"properties":{"name":"EV charging","network":"EV charging","status":"unknown","source":"OpenStreetMap (charge-finder mirror)"}},{"type":"Feature","geometry":{"type":"Point","coordinates":[-73.6298,45.5094]},"properties":{"name":"EV charging","network":"EV charging","status":"unknown","source":"OpenStreetMap (charge-finder mirror)"}},{"type":"Feature","geometry":{"type":"Point","coordinates":[-75.659,36.0095]},"properties":{"name":"EV charging","network":"EV charging","stalls":3,"status":"unknown","source":"OpenStreetMap (charge-finder mirror)"}},{"type":"Feature","geometry":{"type":"Point","coordinates":[-122.7364,38.4801]},"properties":{"name":"ChargePoint","network":"ChargePoint","stalls":1,"status":"24/7","source":"OpenStreetMap (charge-finder mirror)"}},{"type":"Feature","geometry":{"type":"Point","coordinates":[-71.891,45.2777]},"properties":{"name":"Circuit \u00e9lectrique","network":"Circuit \u00e9lectrique","status":"unknown","source":"OpenStreetMap (charge-finder mirror)"}},{"type":"Feature","geometry":{"type":"Point","coordinates":[-66.3759,48.0663]},"properties":{"name":"EV charging","network":"EV charging","stalls":1,"status":"unknown","source":"OpenStreetMap (charge-finder mirror)"}},{"type":"Feature","geometry":{"type":"Point","coordinates":[-73.6253,45.5566]},"properties":{"name":"EV charging","network":"EV charging","stalls":2,"status":"unknown","source":"OpenStreetMap (charge-finder mirror)"}},{"type":"Feature","geometry":{"type":"Point","coordinates":[-80.8079,28.6107]},"properties":{"name":"City of Titusville. FL","network":"City of Titusville. FL","stalls":2,"status":"unknown","source":"OpenStreetMap (charge-finder mirror)"}},{"type":"Feature","geometry":{"type":"Point","coordinates":[-73.6551,45.5336]},"properties":{"name":"FLO","network":"FLO","stalls":2,"status":"unknown","source":"OpenStreetMap (charge-finder mirror)"}},{"type":"Feature","geometry":{"type":"Point","coordinates":[-96.1012,41.248]},"properties":{"name":"EV charging","network":"EV charging","status":"unknown","source":"OpenStreetMap (charge-finder mirror)"}},{"type":"Feature","geometry":{"type":"Point","coordinates":[-73.6316,45.5055]},"properties":{"name":"EV charging","network":"EV charging","status":"unknown","source":"OpenStreetMap (charge-finder mirror)"}},{"type":"Feature","geometry":{"type":"Point","coordinates":[-84.5519,42.7195]},"properties":{"name":"ChargePoint","network":"ChargePoint","stalls":2,"status":"24/7","source":"OpenStreetMap (charge-finder mirror)"}},{"type":"Feature","geometry":{"type":"Point","coordinates":[-82.0134,34.4991]},"properties":{"name":"EV charging","network":"EV charging","status":"unknown","source":"OpenStreetMap (charge-finder mirror)"}},{"type":"Feature","geometry":{"type":"Point","coordinates":[-97.7543,30.2669]},"properties":{"name":"PIE AE SEAHOLM DC-5","network":"ChargePoint","stalls":1,"status":"24/7","source":"OpenStreetMap (charge-finder mirror)"}},{"type":"Feature","geometry":{"type":"Point","coordinates":[-76.9054,39.1497]},"properties":{"name":"Sema","network":"EV charging","stalls":2,"status":"unknown","source":"OpenStreetMap (charge-finder mirror)"}},{"type":"Feature","geometry":{"type":"Point","coordinates":[-76.9059,39.1494]},"properties":{"name":"Sema","network":"EV charging","stalls":1,"status":"unknown","source":"OpenStreetMap (charge-finder mirror)"}},{"type":"Feature","geometry":{"type":"Point","coordinates":[-77.056,34.6596]},"properties":{"name":"Emerald Isle","network":"ChargePoint","stalls":2,"status":"24/7","source":"OpenStreetMap (charge-finder mirror)"}},{"type":"Feature","geometry":{"type":"Point","coordinates":[-83.7601,32.4338]},"properties":{"name":"ChargePoint","network":"ChargePoint","status":"24/7","source":"OpenStreetMap (charge-finder mirror)"}},{"type":"Feature","geometry":{"type":"Point","coordinates":[-77.2191,39.1446]},"properties":{"name":"Blink","network":"Blink","status":"unknown","source":"OpenStreetMap (charge-finder mirror)"}},{"type":"Feature","geometry":{"type":"Point","coordinates":[-73.626,45.5001]},"properties":{"name":"EV charging","network":"EV charging","stalls":2,"status":"unknown","source":"OpenStreetMap (charge-finder mirror)"}},{"type":"Feature","geometry":{"type":"Point","coordinates":[-73.3815,45.5016]},"properties":{"name":"Borne de recharge","network":"EV charging","status":"unknown","source":"OpenStreetMap (charge-finder mirror)"}},{"type":"Feature","geometry":{"type":"Point","coordinates":[-84.2833,30.4429]},"properties":{"name":"Blink","network":"Blink","stalls":1,"status":"unknown","source":"OpenStreetMap (charge-finder mirror)"}},{"type":"Feature","geometry":{"type":"Point","coordinates":[-84.2995,30.4381]},"properties":{"name":"ChargePoint","network":"ChargePoint","stalls":2,"status":"unknown","source":"OpenStreetMap (charge-finder mirror)"}},{"type":"Feature","geometry":{"type":"Point","coordinates":[-84.2634,30.4401]},"properties":{"name":"GE","network":"GE","stalls":1,"status":"unknown","source":"OpenStreetMap (charge-finder mirror)"}},{"type":"Feature","geometry":{"type":"Point","coordinates":[-84.2699,30.4634]},"properties":{"name":"EV charging","network":"EV charging","stalls":1,"status":"unknown","source":"OpenStreetMap (charge-finder mirror)"}},{"type":"Feature","geometry":{"type":"Point","coordinates":[-90.4684,49.0413]},"properties":{"name":"EV charging","network":"EV charging","status":"unknown","source":"OpenStreetMap (charge-finder mirror)"}},{"type":"Feature","geometry":{"type":"Point","coordinates":[-84.2757,30.4371]},"properties":{"name":"ChargePoint","network":"ChargePoint","stalls":2,"status":"24/7","source":"OpenStreetMap (charge-finder mirror)"}},{"type":"Feature","geometry":{"type":"Point","coordinates":[-84.9704,32.5316]},"properties":{"name":"ChargePoint","network":"ChargePoint","stalls":1,"status":"24/7","source":"OpenStreetMap (charge-finder mirror)"}},{"type":"Feature","geometry":{"type":"Point","coordinates":[-122.3381,49.0339]},"properties":{"name":"EV charging","network":"EV charging","status":"unknown","source":"OpenStreetMap (charge-finder mirror)"}},{"type":"Feature","geometry":{"type":"Point","coordinates":[-72.8357,44.1876]},"properties":{"name":"ChargePoint","network":"ChargePoint","status":"unknown","source":"OpenStreetMap (charge-finder mirror)"}},{"type":"Feature","geometry":{"type":"Point","coordinates":[-84.9414,32.5061]},"properties":{"name":"ChargePoint","network":"ChargePoint","stalls":1,"status":"unknown","source":"OpenStreetMap (charge-finder mirror)"}},{"type":"Feature","geometry":{"type":"Point","coordinates":[-79.6926,43.6154]},"properties":{"name":"EV charging","network":"EV charging","status":"unknown","source":"OpenStreetMap (charge-finder mirror)"}},{"type":"Feature","geometry":{"type":"Point","coordinates":[-79.8808,43.2288]},"properties":{"name":"FLO Canadian Tire - Hamilton Mountain","network":"FLO","stalls":4,"status":"24/7","source":"OpenStreetMap (charge-finder mirror)"}},{"type":"Feature","geometry":{"type":"Point","coordinates":[-76.9061,38.9239]},"properties":{"name":"SAE J1772","network":"EV charging","status":"unknown","source":"OpenStreetMap (charge-finder mirror)"}},{"type":"Feature","geometry":{"type":"Point","coordinates":[-97.7541,30.2669]},"properties":{"name":"PIE AE SEAHOLM DC-4","network":"ChargePoint","stalls":2,"status":"24/7","source":"OpenStreetMap (charge-finder mirror)"}},{"type":"Feature","geometry":{"type":"Point","coordinates":[-74.0383,45.4132]},"properties":{"name":"Chargepoin+","network":"Chargepoin+","stalls":4,"status":"unknown","source":"OpenStreetMap (charge-finder mirror)"}},{"type":"Feature","geometry":{"type":"Point","coordinates":[-77.0492,38.8543]},"properties":{"name":"ChargePoint","network":"ChargePoint","status":"unknown","source":"OpenStreetMap (charge-finder mirror)"}},{"type":"Feature","geometry":{"type":"Point","coordinates":[-84.3766,30.1117]},"properties":{"name":"EV charging","network":"EV charging","stalls":1,"status":"unknown","source":"OpenStreetMap (charge-finder mirror)"}},{"type":"Feature","geometry":{"type":"Point","coordinates":[-84.3766,30.1117]},"properties":{"name":"EV charging","network":"EV charging","stalls":1,"status":"unknown","source":"OpenStreetMap (charge-finder mirror)"}},{"type":"Feature","geometry":{"type":"Point","coordinates":[-84.3766,30.1117]},"properties":{"name":"EV charging","network":"EV charging","stalls":1,"status":"unknown","source":"OpenStreetMap (charge-finder mirror)"}},{"type":"Feature","geometry":{"type":"Point","coordinates":[-105.2207,39.7562]},"properties":{"name":"EV charging","network":"EV charging","stalls":2,"status":"unknown","source":"OpenStreetMap (charge-finder mirror)"}},{"type":"Feature","geometry":{"type":"Point","coordinates":[-122.7157,38.368]},"properties":{"name":"Electrify America","network":"EV charging","stalls":1,"status":"24/7","source":"OpenStreetMap (charge-finder mirror)"}},{"type":"Feature","geometry":{"type":"Point","coordinates":[-74.0511,45.4126]},"properties":{"name":"EV charging","network":"EV charging","stalls":2,"status":"unknown","source":"OpenStreetMap (charge-finder mirror)"}},{"type":"Feature","geometry":{"type":"Point","coordinates":[-122.8306,49.283]},"properties":{"name":"ChargePoint","network":"ChargePoint","stalls":2,"status":"unknown","source":"OpenStreetMap (charge-finder mirror)"}},{"type":"Feature","geometry":{"type":"Point","coordinates":[-118.4374,34.05]},"properties":{"name":"eVgo","network":"EVgo","stalls":4,"status":"unknown","source":"OpenStreetMap (charge-finder mirror)"}},{"type":"Feature","geometry":{"type":"Point","coordinates":[-98.0645,30.1922]},"properties":{"name":"ChargePoint","network":"ChargePoint","status":"unknown","source":"OpenStreetMap (charge-finder mirror)"}},{"type":"Feature","geometry":{"type":"Point","coordinates":[-70.6638,46.128]},"properties":{"name":"FLO","network":"FLO","stalls":2,"status":"unknown","source":"OpenStreetMap (charge-finder mirror)"}},{"type":"Feature","geometry":{"type":"Point","coordinates":[-83.942,33.0411]},"properties":{"name":"Electrify America Forsyth","network":"Electrify America","stalls":1,"status":"24/7","source":"OpenStreetMap (charge-finder mirror)"}},{"type":"Feature","geometry":{"type":"Point","coordinates":[-83.942,33.0412]},"properties":{"name":"Electrify America Forsyth","network":"Electrify America","stalls":1,"status":"24/7","source":"OpenStreetMap (charge-finder mirror)"}},{"type":"Feature","geometry":{"type":"Point","coordinates":[-74.2707,40.9358]},"properties":{"name":"ChargePoint Charging Station","network":"ChargePoint","status":"unknown","source":"OpenStreetMap (charge-finder mirror)"}},{"type":"Feature","geometry":{"type":"Point","coordinates":[-84.2301,39.5774]},"properties":{"name":"EV charging","network":"EV charging","stalls":2,"status":"unknown","source":"OpenStreetMap (charge-finder mirror)"}},{"type":"Feature","geometry":{"type":"Point","coordinates":[-123.0266,44.9342]},"properties":{"name":"Blink","network":"Blink","stalls":2,"status":"unknown","source":"OpenStreetMap (charge-finder mirror)"}},{"type":"Feature","geometry":{"type":"Point","coordinates":[-123.0254,44.9382]},"properties":{"name":"ChargePoint","network":"ChargePoint","stalls":2,"status":"unknown","source":"OpenStreetMap (charge-finder mirror)"}},{"type":"Feature","geometry":{"type":"Point","coordinates":[-70.6039,41.5483]},"properties":{"name":"EV charging","network":"EV charging","stalls":7,"status":"unknown","source":"OpenStreetMap (charge-finder mirror)"}},{"type":"Feature","geometry":{"type":"Point","coordinates":[-123.4891,48.4131]},"properties":{"name":"EV charging","network":"EV charging","status":"unknown","source":"OpenStreetMap (charge-finder mirror)"}},{"type":"Feature","geometry":{"type":"Point","coordinates":[-83.9127,33.022]},"properties":{"name":"PMC Enterprises","network":"PMC Enterprises","stalls":2,"status":"unknown","source":"OpenStreetMap (charge-finder mirror)"}},{"type":"Feature","geometry":{"type":"Point","coordinates":[-84.1826,30.4736]},"properties":{"name":"Blink","network":"Blink","stalls":1,"status":"unknown","source":"OpenStreetMap (charge-finder mirror)"}},{"type":"Feature","geometry":{"type":"Point","coordinates":[-72.2461,43.6541]},"properties":{"name":"EV charging","network":"EV charging","status":"unknown","source":"OpenStreetMap (charge-finder mirror)"}},{"type":"Feature","geometry":{"type":"Point","coordinates":[-122.3267,37.562]},"properties":{"name":"EV charging","network":"EV charging","status":"unknown","source":"OpenStreetMap (charge-finder mirror)"}},{"type":"Feature","geometry":{"type":"Point","coordinates":[-119.7184,39.5349]},"properties":{"name":"EV charging","network":"EV charging","stalls":4,"status":"unknown","source":"OpenStreetMap (charge-finder mirror)"}},{"type":"Feature","geometry":{"type":"Point","coordinates":[-121.9342,37.374]},"properties":{"name":"EV charging","network":"EV charging","status":"unknown","source":"OpenStreetMap (charge-finder mirror)"}},{"type":"Feature","geometry":{"type":"Point","coordinates":[-121.9343,37.3741]},"properties":{"name":"EV charging","network":"EV charging","status":"unknown","source":"OpenStreetMap (charge-finder mirror)"}},{"type":"Feature","geometry":{"type":"Point","coordinates":[-121.9344,37.3741]},"properties":{"name":"EV charging","network":"EV charging","status":"unknown","source":"OpenStreetMap (charge-finder mirror)"}},{"type":"Feature","geometry":{"type":"Point","coordinates":[-121.9344,37.3742]},"properties":{"name":"EV charging","network":"EV charging","status":"unknown","source":"OpenStreetMap (charge-finder mirror)"}},{"type":"Feature","geometry":{"type":"Point","coordinates":[-121.9345,37.3743]},"properties":{"name":"EV charging","network":"EV charging","status":"unknown","source":"OpenStreetMap (charge-finder mirror)"}},{"type":"Feature","geometry":{"type":"Point","coordinates":[-84.2451,33.8456]},"properties":{"name":"Electrify America","network":"Electrify America","stalls":8,"status":"unknown","source":"OpenStreetMap (charge-finder mirror)"}},{"type":"Feature","geometry":{"type":"Point","coordinates":[-83.0634,42.3536]},"properties":{"name":"Wayne State University - Parking Structure #8","network":"Wayne State University Parking and Transportation Services Department","status":"unknown","source":"OpenStreetMap (charge-finder mirror)"}},{"type":"Feature","geometry":{"type":"Point","coordinates":[-83.038,42.3292]},"properties":{"name":"Beaubien Place Garage","network":"EV charging","status":"24/7","source":"OpenStreetMap (charge-finder mirror)"}},{"type":"Feature","geometry":{"type":"Point","coordinates":[-83.186,42.3079]},"properties":{"name":"Rhombus Energy Solutions","network":"Rhombus","status":"unknown","source":"OpenStreetMap (charge-finder mirror)"}},{"type":"Feature","geometry":{"type":"Point","coordinates":[-83.1331,42.46]},"properties":{"name":"Ferndale Public Library","network":"EV charging","status":"unknown","source":"OpenStreetMap (charge-finder mirror)"}},{"type":"Feature","geometry":{"type":"Point","coordinates":[-83.0526,42.3435]},"properties":{"name":"Bedrock John R 1","network":"ChargePoint","status":"24/7","source":"OpenStreetMap (charge-finder mirror)"}},{"type":"Feature","geometry":{"type":"Point","coordinates":[-83.0739,42.3578]},"properties":{"name":"Wayne State University - Parking Structure #5","network":"Wayne State University Parking and Transportation Services Department","status":"unknown","source":"OpenStreetMap (charge-finder mirror)"}},{"type":"Feature","geometry":{"type":"Point","coordinates":[-79.5599,43.627]},"properties":{"name":"EV charging","network":"EV charging","status":"unknown","source":"OpenStreetMap (charge-finder mirror)"}},{"type":"Feature","geometry":{"type":"Point","coordinates":[-122.986,49.2169]},"properties":{"name":"FLO","network":"FLO","stalls":3,"status":"unknown","source":"OpenStreetMap (charge-finder mirror)"}},{"type":"Feature","geometry":{"type":"Point","coordinates":[-122.4775,37.7291]},"properties":{"name":"Volta","network":"Volta","status":"unknown","source":"OpenStreetMap (charge-finder mirror)"}},{"type":"Feature","geometry":{"type":"Point","coordinates":[-104.7994,38.8119]},"properties":{"name":"ChargePoint","network":"ChargePoint","stalls":2,"status":"unknown","source":"OpenStreetMap (charge-finder mirror)"}},{"type":"Feature","geometry":{"type":"Point","coordinates":[-104.7838,39.5595]},"properties":{"name":"Electrify America","network":"Electrify America","status":"unknown","source":"OpenStreetMap (charge-finder mirror)"}},{"type":"Feature","geometry":{"type":"Point","coordinates":[-104.7838,39.5595]},"properties":{"name":"Electrify America","network":"Electrify America","status":"unknown","source":"OpenStreetMap (charge-finder mirror)"}},{"type":"Feature","geometry":{"type":"Point","coordinates":[-117.1502,32.765]},"properties":{"name":"eVgo","network":"eVgo","stalls":1,"status":"unknown","source":"OpenStreetMap (charge-finder mirror)"}},{"type":"Feature","geometry":{"type":"Point","coordinates":[-104.7987,38.7907]},"properties":{"name":"Volta","network":"Volta","stalls":1,"status":"unknown","source":"OpenStreetMap (charge-finder mirror)"}},{"type":"Feature","geometry":{"type":"Point","coordinates":[-79.359,39.5618]},"properties":{"name":"EV charging","network":"EV charging","status":"unknown","source":"OpenStreetMap (charge-finder mirror)"}},{"type":"Feature","geometry":{"type":"Point","coordinates":[-104.8974,38.8581]},"properties":{"name":"EV charging","network":"EV charging","stalls":5,"status":"unknown","source":"OpenStreetMap (charge-finder mirror)"}},{"type":"Feature","geometry":{"type":"Point","coordinates":[-104.8182,38.8898]},"properties":{"name":"Domino's EV Charger","network":"EV charging","stalls":2,"status":"unknown","source":"OpenStreetMap (charge-finder mirror)"}},{"type":"Feature","geometry":{"type":"Point","coordinates":[-104.9117,38.8574]},"properties":{"name":"EV charging","network":"EV charging","status":"unknown","source":"OpenStreetMap (charge-finder mirror)"}},{"type":"Feature","geometry":{"type":"Point","coordinates":[-104.8221,38.832]},"properties":{"name":"ChargePoint","network":"ChargePoint","status":"unknown","source":"OpenStreetMap (charge-finder mirror)"}},{"type":"Feature","geometry":{"type":"Point","coordinates":[-83.8694,30.5446]},"properties":{"name":"Duke Energy","network":"Duke Energy","stalls":1,"status":"24/7","source":"OpenStreetMap (charge-finder mirror)"}},{"type":"Feature","geometry":{"type":"Point","coordinates":[-83.8694,30.5446]},"properties":{"name":"Duke Energy","network":"Duke Energy","stalls":1,"status":"24/7","source":"OpenStreetMap (charge-finder mirror)"}},{"type":"Feature","geometry":{"type":"Point","coordinates":[-118.7071,34.1265]},"properties":{"name":"eVgo","network":"eVgo","stalls":1,"status":"unknown","source":"OpenStreetMap (charge-finder mirror)"}},{"type":"Feature","geometry":{"type":"Point","coordinates":[-124.1812,41.7507]},"properties":{"name":"ChargePoint","network":"ChargePoint","status":"unknown","source":"OpenStreetMap (charge-finder mirror)"}},{"type":"Feature","geometry":{"type":"Point","coordinates":[-76.6325,39.3266]},"properties":{"name":"EV charging","network":"EV charging","status":"unknown","source":"OpenStreetMap (charge-finder mirror)"}},{"type":"Feature","geometry":{"type":"Point","coordinates":[-104.7282,38.9431]},"properties":{"name":"ChargePoint","network":"ChargePoint","status":"unknown","source":"OpenStreetMap (charge-finder mirror)"}},{"type":"Feature","geometry":{"type":"Point","coordinates":[-104.9012,39.6263]},"properties":{"name":"EV charging","network":"EV charging","stalls":6,"status":"unknown","source":"OpenStreetMap (charge-finder mirror)"}},{"type":"Feature","geometry":{"type":"Point","coordinates":[-109.0351,31.8701]},"properties":{"name":"EV charging","network":"EV charging","stalls":1,"status":"unknown","source":"OpenStreetMap (charge-finder mirror)"}},{"type":"Feature","geometry":{"type":"Point","coordinates":[-123.0987,49.3713]},"properties":{"name":"EV charging","network":"EV charging","status":"unknown","source":"OpenStreetMap (charge-finder mirror)"}},{"type":"Feature","geometry":{"type":"Point","coordinates":[-99.3146,38.8991]},"properties":{"name":"TownePlace Suites","network":"TownePlace Suites","stalls":1,"status":"unknown","source":"OpenStreetMap (charge-finder mirror)"}},{"type":"Feature","geometry":{"type":"Point","coordinates":[-106.9631,38.5266]},"properties":{"name":"EV charging","network":"EV charging","stalls":1,"status":"unknown","source":"OpenStreetMap (charge-finder mirror)"}},{"type":"Feature","geometry":{"type":"Point","coordinates":[-88.185,41.7686]},"properties":{"name":"EV charging","network":"EV charging","stalls":2,"status":"unknown","source":"OpenStreetMap (charge-finder mirror)"}},{"type":"Feature","geometry":{"type":"Point","coordinates":[-88.1844,41.7692]},"properties":{"name":"EV charging","network":"EV charging","stalls":2,"status":"unknown","source":"OpenStreetMap (charge-finder mirror)"}},{"type":"Feature","geometry":{"type":"Point","coordinates":[-88.0339,41.9472]},"properties":{"name":"EV charging","network":"EV charging","status":"unknown","source":"OpenStreetMap (charge-finder mirror)"}},{"type":"Feature","geometry":{"type":"Point","coordinates":[-70.4958,41.6191]},"properties":{"name":"EV charging","network":"EV charging","status":"unknown","source":"OpenStreetMap (charge-finder mirror)"}},{"type":"Feature","geometry":{"type":"Point","coordinates":[-70.4958,41.6192]},"properties":{"name":"EV charging","network":"EV charging","status":"unknown","source":"OpenStreetMap (charge-finder mirror)"}},{"type":"Feature","geometry":{"type":"Point","coordinates":[-106.5208,39.6332]},"properties":{"name":"ChargePoint","network":"ChargePoint","stalls":1,"status":"unknown","source":"OpenStreetMap (charge-finder mirror)"}},{"type":"Feature","geometry":{"type":"Point","coordinates":[-124.0497,49.2378]},"properties":{"name":"EV charging","network":"EV charging","status":"unknown","source":"OpenStreetMap (charge-finder mirror)"}},{"type":"Feature","geometry":{"type":"Point","coordinates":[-73.5021,45.3761]},"properties":{"name":"EV charging","network":"EV charging","stalls":3,"status":"unknown","source":"OpenStreetMap (charge-finder mirror)"}},{"type":"Feature","geometry":{"type":"Point","coordinates":[-73.1206,41.8035]},"properties":{"name":"EV charging","network":"EV charging","status":"unknown","source":"OpenStreetMap (charge-finder mirror)"}},{"type":"Feature","geometry":{"type":"Point","coordinates":[-73.7599,42.7279]},"properties":{"name":"EV charging","network":"EV charging","stalls":2,"status":"unknown","source":"OpenStreetMap (charge-finder mirror)"}},{"type":"Feature","geometry":{"type":"Point","coordinates":[-99.3146,38.8982]},"properties":{"name":"EV charging","network":"EV charging","status":"unknown","source":"OpenStreetMap (charge-finder mirror)"}},{"type":"Feature","geometry":{"type":"Point","coordinates":[-111.8865,40.5018]},"properties":{"name":"EV charging","network":"EV charging","status":"unknown","source":"OpenStreetMap (charge-finder mirror)"}},{"type":"Feature","geometry":{"type":"Point","coordinates":[-93.8527,41.574]},"properties":{"name":"Electrify America","network":"Electrify America","status":"unknown","source":"OpenStreetMap (charge-finder mirror)"}},{"type":"Feature","geometry":{"type":"Point","coordinates":[-93.8526,41.574]},"properties":{"name":"Electrify America","network":"Electrify America","status":"unknown","source":"OpenStreetMap (charge-finder mirror)"}},{"type":"Feature","geometry":{"type":"Point","coordinates":[-73.4532,45.746]},"properties":{"name":"Circuit \u00e9lectrique","network":"Circuit \u00e9lectrique","stalls":2,"status":"unknown","source":"OpenStreetMap (charge-finder mirror)"}},{"type":"Feature","geometry":{"type":"Point","coordinates":[-73.0755,41.3943]},"properties":{"name":"EV charging","network":"EV charging","status":"unknown","source":"OpenStreetMap (charge-finder mirror)"}},{"type":"Feature","geometry":{"type":"Point","coordinates":[-73.0529,41.313]},"properties":{"name":"EV charging","network":"EV charging","status":"unknown","source":"OpenStreetMap (charge-finder mirror)"}},{"type":"Feature","geometry":{"type":"Point","coordinates":[-77.0216,39.306]},"properties":{"name":"BGE","network":"BGE","stalls":8,"status":"unknown","source":"OpenStreetMap (charge-finder mirror)"}},{"type":"Feature","geometry":{"type":"Point","coordinates":[-81.4209,39.3912]},"properties":{"name":"EV charging","network":"EV charging","stalls":1,"status":"unknown","source":"OpenStreetMap (charge-finder mirror)"}},{"type":"Feature","geometry":{"type":"Point","coordinates":[-90.2418,38.6013]},"properties":{"name":"EVgo Charging Station","network":"eVgo","stalls":2,"status":"unknown","source":"OpenStreetMap (charge-finder mirror)"}},{"type":"Feature","geometry":{"type":"Point","coordinates":[-72.3237,43.6254]},"properties":{"name":"Electrify America","network":"Electrify America","status":"unknown","source":"OpenStreetMap (charge-finder mirror)"}},{"type":"Feature","geometry":{"type":"Point","coordinates":[-85.6084,44.7568]},"properties":{"name":"Blink","network":"Blink","stalls":4,"status":"unknown","source":"OpenStreetMap (charge-finder mirror)"}},{"type":"Feature","geometry":{"type":"Point","coordinates":[-83.9823,30.8366]},"properties":{"name":"Konnectronix","network":"City of Thomasville","stalls":1,"status":"24/7","source":"OpenStreetMap (charge-finder mirror)"}},{"type":"Feature","geometry":{"type":"Point","coordinates":[-123.3909,48.4548]},"properties":{"name":"FLO","network":"FLO","stalls":2,"status":"unknown","source":"OpenStreetMap (charge-finder mirror)"}},{"type":"Feature","geometry":{"type":"Point","coordinates":[-104.7998,38.9343]},"properties":{"name":"eVgo","network":"eVgo","stalls":3,"status":"unknown","source":"OpenStreetMap (charge-finder mirror)"}},{"type":"Feature","geometry":{"type":"Point","coordinates":[-83.939,33.8796]},"properties":{"name":"Volta","network":"Volta","stalls":1,"status":"Mo-Sa 06:00-00:00; Su 06:00-24:00","source":"OpenStreetMap (charge-finder mirror)"}},{"type":"Feature","geometry":{"type":"Point","coordinates":[-76.6287,39.3351]},"properties":{"name":"Blink","network":"Blink","stalls":2,"status":"unknown","source":"OpenStreetMap (charge-finder mirror)"}},{"type":"Feature","geometry":{"type":"Point","coordinates":[-118.3949,33.8723]},"properties":{"name":"EVgo","network":"EVgo","status":"unknown","source":"OpenStreetMap (charge-finder mirror)"}},{"type":"Feature","geometry":{"type":"Point","coordinates":[-86.6481,36.0449]},"properties":{"name":"EV charging","network":"EV charging","stalls":2,"status":"24/7","source":"OpenStreetMap (charge-finder mirror)"}},{"type":"Feature","geometry":{"type":"Point","coordinates":[-75.2437,45.597]},"properties":{"name":"Circuit \u00e9lectrique","network":"Circuit \u00e9lectrique","status":"unknown","source":"OpenStreetMap (charge-finder mirror)"}},{"type":"Feature","geometry":{"type":"Point","coordinates":[-85.1512,33.6926]},"properties":{"name":"ChargePoint","network":"ChargePoint","stalls":3,"status":"unknown","source":"OpenStreetMap (charge-finder mirror)"}},{"type":"Feature","geometry":{"type":"Point","coordinates":[-77.2167,39.1455]},"properties":{"name":"ChargePoint","network":"ChargePoint","status":"unknown","source":"OpenStreetMap (charge-finder mirror)"}},{"type":"Feature","geometry":{"type":"Point","coordinates":[-77.1948,39.1337]},"properties":{"name":"ChargePoint","network":"ChargePoint","status":"unknown","source":"OpenStreetMap (charge-finder mirror)"}},{"type":"Feature","geometry":{"type":"Point","coordinates":[-77.2352,39.113]},"properties":{"name":"50kW CCS & CHAdeMO DC fast charger","network":"ChargePoint","status":"unknown","source":"OpenStreetMap (charge-finder mirror)"}},{"type":"Feature","geometry":{"type":"Point","coordinates":[-73.9913,40.5851]},"properties":{"name":"ChargePoint","network":"ChargePoint","stalls":1,"status":"unknown","source":"OpenStreetMap (charge-finder mirror)"}},{"type":"Feature","geometry":{"type":"Point","coordinates":[-84.3002,30.4345]},"properties":{"name":"ChargePoint","network":"ChargePoint","stalls":2,"status":"unknown","source":"OpenStreetMap (charge-finder mirror)"}},{"type":"Feature","geometry":{"type":"Point","coordinates":[-119.5977,37.7431]},"properties":{"name":"EV charging","network":"EV charging","status":"unknown","source":"OpenStreetMap (charge-finder mirror)"}},{"type":"Feature","geometry":{"type":"Point","coordinates":[-73.5831,45.3781]},"properties":{"name":"EV charging","network":"EV charging","stalls":3,"status":"unknown","source":"OpenStreetMap (charge-finder mirror)"}},{"type":"Feature","geometry":{"type":"Point","coordinates":[-71.2997,41.9895]},"properties":{"name":"ChargePoint","network":"ChargePoint","stalls":2,"status":"Mo-Fr 07:00-17:00;PH off","source":"OpenStreetMap (charge-finder mirror)"}},{"type":"Feature","geometry":{"type":"Point","coordinates":[-122.1869,48.0955]},"properties":{"name":"Electrify America","network":"EV charging","status":"unknown","source":"OpenStreetMap (charge-finder mirror)"}},{"type":"Feature","geometry":{"type":"Point","coordinates":[-119.8734,34.4289]},"properties":{"name":"EV charging","network":"EV charging","stalls":20,"status":"unknown","source":"OpenStreetMap (charge-finder mirror)"}},{"type":"Feature","geometry":{"type":"Point","coordinates":[-73.6237,45.5026]},"properties":{"name":"EV charging","network":"EV charging","status":"unknown","source":"OpenStreetMap (charge-finder mirror)"}},{"type":"Feature","geometry":{"type":"Point","coordinates":[-124.8138,49.2346]},"properties":{"name":"EV charging","network":"EV charging","status":"unknown","source":"OpenStreetMap (charge-finder mirror)"}},{"type":"Feature","geometry":{"type":"Point","coordinates":[-120.6293,35.1368]},"properties":{"name":"Electrify America DC Fast Chargers","network":"Electrify America","status":"unknown","source":"OpenStreetMap (charge-finder mirror)"}},{"type":"Feature","geometry":{"type":"Point","coordinates":[-73.6176,45.5043]},"properties":{"name":"Circuit \u00e9lectrique","network":"Circuit \u00e9lectrique","stalls":2,"status":"unknown","source":"OpenStreetMap (charge-finder mirror)"}},{"type":"Feature","geometry":{"type":"Point","coordinates":[-72.1423,45.6612]},"properties":{"name":"Circuit \u00e9lectrique","network":"Circuit \u00e9lectrique","status":"unknown","source":"OpenStreetMap (charge-finder mirror)"}},{"type":"Feature","geometry":{"type":"Point","coordinates":[-72.0089,45.7823]},"properties":{"name":"Circuit \u00e9lectrique","network":"Circuit \u00e9lectrique","stalls":1,"status":"unknown","source":"OpenStreetMap (charge-finder mirror)"}},{"type":"Feature","geometry":{"type":"Point","coordinates":[-71.9385,45.7775]},"properties":{"name":"Circuit \u00e9lectrique","network":"Circuit \u00e9lectrique","stalls":1,"status":"unknown","source":"OpenStreetMap (charge-finder mirror)"}},{"type":"Feature","geometry":{"type":"Point","coordinates":[-71.9273,45.7703]},"properties":{"name":"Circuit \u00e9lectrique","network":"Circuit \u00e9lectrique","stalls":2,"status":"unknown","source":"OpenStreetMap (charge-finder mirror)"}},{"type":"Feature","geometry":{"type":"Point","coordinates":[-85.4249,44.8744]},"properties":{"name":"Elk Rapids Lakeshore Inn","network":"Elk Rapids Lakeshore Inn","stalls":1,"status":"unknown","source":"OpenStreetMap (charge-finder mirror)"}},{"type":"Feature","geometry":{"type":"Point","coordinates":[-96.7534,32.986]},"properties":{"name":"EV charging","network":"EV charging","stalls":1,"status":"unknown","source":"OpenStreetMap (charge-finder mirror)"}},{"type":"Feature","geometry":{"type":"Point","coordinates":[-96.7537,32.9921]},"properties":{"name":"EV charging","network":"EV charging","stalls":1,"status":"unknown","source":"OpenStreetMap (charge-finder mirror)"}},{"type":"Feature","geometry":{"type":"Point","coordinates":[-122.3129,37.8646]},"properties":{"name":"ChargePoint","network":"ChargePoint","stalls":2,"status":"24/7","source":"OpenStreetMap (charge-finder mirror)"}},{"type":"Feature","geometry":{"type":"Point","coordinates":[-121.0642,37.6947]},"properties":{"name":"EV charging","network":"EV charging","status":"unknown","source":"OpenStreetMap (charge-finder mirror)"}},{"type":"Feature","geometry":{"type":"Point","coordinates":[-78.1698,43.9587]},"properties":{"name":"EV charging","network":"EV charging","stalls":1,"status":"unknown","source":"OpenStreetMap (charge-finder mirror)"}},{"type":"Feature","geometry":{"type":"Point","coordinates":[-76.7972,39.2695]},"properties":{"name":"EV charging","network":"EV charging","status":"unknown","source":"OpenStreetMap (charge-finder mirror)"}},{"type":"Feature","geometry":{"type":"Point","coordinates":[-73.5691,45.5176]},"properties":{"name":"Circuit \u00e9lectrique","network":"Circuit \u00e9lectrique","stalls":2,"status":"unknown","source":"OpenStreetMap (charge-finder mirror)"}},{"type":"Feature","geometry":{"type":"Point","coordinates":[-122.2313,37.4849]},"properties":{"name":"EV charging","network":"EV charging","status":"unknown","source":"OpenStreetMap (charge-finder mirror)"}},{"type":"Feature","geometry":{"type":"Point","coordinates":[-107.5179,39.5682]},"properties":{"name":"ChargePoint","network":"ChargePoint","status":"unknown","source":"OpenStreetMap (charge-finder mirror)"}},{"type":"Feature","geometry":{"type":"Point","coordinates":[-73.6222,45.4964]},"properties":{"name":"Circuit \u00e9lectrique","network":"Circuit \u00e9lectrique","stalls":2,"status":"unknown","source":"OpenStreetMap (charge-finder mirror)"}},{"type":"Feature","geometry":{"type":"Point","coordinates":[-83.9648,34.8752]},"properties":{"name":"ChargePoint","network":"ChargePoint","status":"unknown","source":"OpenStreetMap (charge-finder mirror)"}},{"type":"Feature","geometry":{"type":"Point","coordinates":[-105.2257,39.7564]},"properties":{"name":"ChargePoint","network":"ChargePoint","status":"unknown","source":"OpenStreetMap (charge-finder mirror)"}},{"type":"Feature","geometry":{"type":"Point","coordinates":[-81.057,33.9938]},"properties":{"name":"EV charging","network":"EV charging","status":"unknown","source":"OpenStreetMap (charge-finder mirror)"}},{"type":"Feature","geometry":{"type":"Point","coordinates":[-72.2053,46.5714]},"properties":{"name":"BRCC-Sainte-Anne-de-la-P\u00e9rade-Info Touristique","network":"Le Circuit \u00c9lectrique","stalls":2,"status":"unknown","source":"OpenStreetMap (charge-finder mirror)"}},{"type":"Feature","geometry":{"type":"Point","coordinates":[-105.9559,35.6701]},"properties":{"name":"EV charging","network":"EV charging","status":"unknown","source":"OpenStreetMap (charge-finder mirror)"}},{"type":"Feature","geometry":{"type":"Point","coordinates":[-71.8147,46.8997]},"properties":{"name":"EV charging","network":"EV charging","stalls":1,"status":"unknown","source":"OpenStreetMap (charge-finder mirror)"}},{"type":"Feature","geometry":{"type":"Point","coordinates":[-76.1643,39.5111]},"properties":{"name":"BGE","network":"BGE","status":"unknown","source":"OpenStreetMap (charge-finder mirror)"}},{"type":"Feature","geometry":{"type":"Point","coordinates":[-75.6093,45.4328]},"properties":{"name":"first capital","network":"first capital","stalls":2,"status":"unknown","source":"OpenStreetMap (charge-finder mirror)"}},{"type":"Feature","geometry":{"type":"Point","coordinates":[-76.4898,39.3368]},"properties":{"name":"Electrify America","network":"Electrify America","stalls":4,"status":"unknown","source":"OpenStreetMap (charge-finder mirror)"}},{"type":"Feature","geometry":{"type":"Point","coordinates":[-91.185,30.4515]},"properties":{"name":"Green Park","network":"telefonix","stalls":1,"status":"unknown","source":"OpenStreetMap (charge-finder mirror)"}},{"type":"Feature","geometry":{"type":"Point","coordinates":[-91.1895,30.4522]},"properties":{"name":"Green Park","network":"telefonix","stalls":1,"status":"unknown","source":"OpenStreetMap (charge-finder mirror)"}},{"type":"Feature","geometry":{"type":"Point","coordinates":[-105.1286,40.1471]},"properties":{"name":"ChargePoint","network":"ChargePoint","stalls":2,"status":"unknown","source":"OpenStreetMap (charge-finder mirror)"}},{"type":"Feature","geometry":{"type":"Point","coordinates":[-105.0915,40.0015]},"properties":{"name":"ChargePoint","network":"ChargePoint","stalls":2,"status":"unknown","source":"OpenStreetMap (charge-finder mirror)"}},{"type":"Feature","geometry":{"type":"Point","coordinates":[-105.09,40.0011]},"properties":{"name":"ChargePoint","network":"ChargePoint","stalls":2,"status":"unknown","source":"OpenStreetMap (charge-finder mirror)"}},{"type":"Feature","geometry":{"type":"Point","coordinates":[-105.0846,39.9675]},"properties":{"name":"Blink","network":"Blink","stalls":2,"status":"unknown","source":"OpenStreetMap (charge-finder mirror)"}},{"type":"Feature","geometry":{"type":"Point","coordinates":[-75.6777,39.8732]},"properties":{"name":"EV charging","network":"EV charging","status":"unknown","source":"OpenStreetMap (charge-finder mirror)"}},{"type":"Feature","geometry":{"type":"Point","coordinates":[-74.0709,39.9444]},"properties":{"name":"ChargePoint","network":"ChargePoint","status":"unknown","source":"OpenStreetMap (charge-finder mirror)"}},{"type":"Feature","geometry":{"type":"Point","coordinates":[-105.8686,37.4674]},"properties":{"name":"EV charging","network":"EV charging","status":"unknown","source":"OpenStreetMap (charge-finder mirror)"}},{"type":"Feature","geometry":{"type":"Point","coordinates":[-75.3931,40.0865]},"properties":{"name":"ChargePoint","network":"ChargePoint","stalls":2,"status":"unknown","source":"OpenStreetMap (charge-finder mirror)"}},{"type":"Feature","geometry":{"type":"Point","coordinates":[-75.4115,40.0904]},"properties":{"name":"ChargePoint","network":"ChargePoint","status":"unknown","source":"OpenStreetMap (charge-finder mirror)"}},{"type":"Feature","geometry":{"type":"Point","coordinates":[-75.4116,40.0942]},"properties":{"name":"ChargePoint","network":"ChargePoint","status":"unknown","source":"OpenStreetMap (charge-finder mirror)"}},{"type":"Feature","geometry":{"type":"Point","coordinates":[-75.371,40.0898]},"properties":{"name":"Blink","network":"Blink","stalls":2,"status":"unknown","source":"OpenStreetMap (charge-finder mirror)"}},{"type":"Feature","geometry":{"type":"Point","coordinates":[-75.404,40.0959]},"properties":{"name":"Blink","network":"Blink","status":"unknown","source":"OpenStreetMap (charge-finder mirror)"}},{"type":"Feature","geometry":{"type":"Point","coordinates":[-105.0837,39.9726]},"properties":{"name":"Simens","network":"Simens","stalls":2,"status":"unknown","source":"OpenStreetMap (charge-finder mirror)"}},{"type":"Feature","geometry":{"type":"Point","coordinates":[-73.9998,45.7761]},"properties":{"name":"Circuit \u00e9lectrique","network":"Circuit \u00e9lectrique","stalls":4,"status":"unknown","source":"OpenStreetMap (charge-finder mirror)"}},{"type":"Feature","geometry":{"type":"Point","coordinates":[-73.9991,45.7741]},"properties":{"name":"Circuit \u00e9lectrique","network":"Circuit \u00e9lectrique","stalls":2,"status":"unknown","source":"OpenStreetMap (charge-finder mirror)"}},{"type":"Feature","geometry":{"type":"Point","coordinates":[-73.997,45.7618]},"properties":{"name":"Circuit \u00e9lectrique","network":"Circuit \u00e9lectrique","stalls":1,"status":"unknown","source":"OpenStreetMap (charge-finder mirror)"}},{"type":"Feature","geometry":{"type":"Point","coordinates":[-72.506,46.2726]},"properties":{"name":"EV charging","network":"EV charging","stalls":1,"status":"unknown","source":"OpenStreetMap (charge-finder mirror)"}},{"type":"Feature","geometry":{"type":"Point","coordinates":[-121.4403,49.3793]},"properties":{"name":"Electrify Canada","network":"EV charging","status":"unknown","source":"OpenStreetMap (charge-finder mirror)"}},{"type":"Feature","geometry":{"type":"Point","coordinates":[-70.3848,43.4585]},"properties":{"name":"EVCS","network":"EVCS","stalls":2,"status":"unknown","source":"OpenStreetMap (charge-finder mirror)"}},{"type":"Feature","geometry":{"type":"Point","coordinates":[-123.0057,49.2283]},"properties":{"name":"ChargePoint","network":"ChargePoint","stalls":1,"status":"unknown","source":"OpenStreetMap (charge-finder mirror)"}},{"type":"Feature","geometry":{"type":"Point","coordinates":[-84.8377,42.5615]},"properties":{"name":"ChargePoint","network":"ChargePoint","stalls":2,"status":"24/7","source":"OpenStreetMap (charge-finder mirror)"}},{"type":"Feature","geometry":{"type":"Point","coordinates":[-88.2068,41.7159]},"properties":{"name":"EV charging","network":"EV charging","stalls":1,"status":"unknown","source":"OpenStreetMap (charge-finder mirror)"}},{"type":"Feature","geometry":{"type":"Point","coordinates":[-76.5699,44.2802]},"properties":{"name":"Petro-Canada - DC Fast Electric Car Charger","network":"Petro-Canada","stalls":1,"status":"unknown","source":"OpenStreetMap (charge-finder mirror)"}},{"type":"Feature","geometry":{"type":"Point","coordinates":[-75.0101,40.1536]},"properties":{"name":"ChargePoint","network":"ChargePoint","status":"unknown","source":"OpenStreetMap (charge-finder mirror)"}},{"type":"Feature","geometry":{"type":"Point","coordinates":[-74.8865,40.1343]},"properties":{"name":"Volta","network":"Volta","status":"unknown","source":"OpenStreetMap (charge-finder mirror)"}},{"type":"Feature","geometry":{"type":"Point","coordinates":[-75.1144,40.1471]},"properties":{"name":"Volta","network":"Volta","status":"unknown","source":"OpenStreetMap (charge-finder mirror)"}},{"type":"Feature","geometry":{"type":"Point","coordinates":[-72.0388,45.1677]},"properties":{"name":"Circuit \u00e9lectrique","network":"Circuit \u00e9lectrique","stalls":2,"status":"unknown","source":"OpenStreetMap (charge-finder mirror)"}},{"type":"Feature","geometry":{"type":"Point","coordinates":[-106.8275,40.4681]},"properties":{"name":"ChargePoint","network":"ChargePoint","status":"unknown","source":"OpenStreetMap (charge-finder mirror)"}},{"type":"Feature","geometry":{"type":"Point","coordinates":[-79.9205,43.2601]},"properties":{"name":"FLO McMaster University - Gerald Hatch Centre","network":"FLO","stalls":4,"status":"unknown","source":"OpenStreetMap (charge-finder mirror)"}},{"type":"Feature","geometry":{"type":"Point","coordinates":[-80.709,35.3718]},"properties":{"name":"ChargePoint","network":"ChargePoint","status":"unknown","source":"OpenStreetMap (charge-finder mirror)"}},{"type":"Feature","geometry":{"type":"Point","coordinates":[-79.8627,43.2174]},"properties":{"name":"FLO Cadillac Fairview - Lime Ridge Mall","network":"FLO","stalls":4,"status":"unknown","source":"OpenStreetMap (charge-finder mirror)"}},{"type":"Feature","geometry":{"type":"Point","coordinates":[-123.7897,39.4892]},"properties":{"name":"EV charging","network":"EV charging","stalls":2,"status":"unknown","source":"OpenStreetMap (charge-finder mirror)"}},{"type":"Feature","geometry":{"type":"Point","coordinates":[-74.0291,45.4018]},"properties":{"name":"EV charging","network":"EV charging","stalls":2,"status":"unknown","source":"OpenStreetMap (charge-finder mirror)"}},{"type":"Feature","geometry":{"type":"Point","coordinates":[-74.0307,45.4117]},"properties":{"name":"ChargePoint","network":"ChargePoint","stalls":4,"status":"unknown","source":"OpenStreetMap (charge-finder mirror)"}},{"type":"Feature","geometry":{"type":"Point","coordinates":[-74.0289,45.4131]},"properties":{"name":"EV charging","network":"EV charging","stalls":2,"status":"unknown","source":"OpenStreetMap (charge-finder mirror)"}},{"type":"Feature","geometry":{"type":"Point","coordinates":[-74.028,45.4135]},"properties":{"name":"EV charging","network":"EV charging","stalls":2,"status":"unknown","source":"OpenStreetMap (charge-finder mirror)"}},{"type":"Feature","geometry":{"type":"Point","coordinates":[-123.0342,44.8909]},"properties":{"name":"Blink","network":"Blink","stalls":1,"status":"unknown","source":"OpenStreetMap (charge-finder mirror)"}},{"type":"Feature","geometry":{"type":"Point","coordinates":[-105.1775,40.0021]},"properties":{"name":"ChargePoint","network":"ChargePoint","stalls":2,"status":"unknown","source":"OpenStreetMap (charge-finder mirror)"}},{"type":"Feature","geometry":{"type":"Point","coordinates":[-82.3664,28.1309]},"properties":{"name":"Electrify America","network":"Electrify America","stalls":2,"status":"24/7","source":"OpenStreetMap (charge-finder mirror)"}},{"type":"Feature","geometry":{"type":"Point","coordinates":[-82.3664,28.1308]},"properties":{"name":"Electrify America","network":"Electrify America","stalls":2,"status":"24/7","source":"OpenStreetMap (charge-finder mirror)"}},{"type":"Feature","geometry":{"type":"Point","coordinates":[-82.3663,28.1309]},"properties":{"name":"Electrify America","network":"Electrify America","stalls":2,"status":"24/7","source":"OpenStreetMap (charge-finder mirror)"}},{"type":"Feature","geometry":{"type":"Point","coordinates":[-82.3664,28.1309]},"properties":{"name":"Electrify America","network":"Electrify America","stalls":2,"status":"24/7","source":"OpenStreetMap (charge-finder mirror)"}},{"type":"Feature","geometry":{"type":"Point","coordinates":[-73.6442,45.4949]},"properties":{"name":"Circuit \u00e9lectrique","network":"Circuit \u00e9lectrique","stalls":2,"status":"unknown","source":"OpenStreetMap (charge-finder mirror)"}},{"type":"Feature","geometry":{"type":"Point","coordinates":[-111.8893,40.7081]},"properties":{"name":"Harley-Davidson","network":"Harley-Davidson","stalls":4,"status":"unknown","source":"OpenStreetMap (charge-finder mirror)"}},{"type":"Feature","geometry":{"type":"Point","coordinates":[-72.5173,45.3475]},"properties":{"name":"Le Circuit \u00c9lectrique","network":"Le Circuit \u00c9lectrique","stalls":2,"status":"unknown","source":"OpenStreetMap (charge-finder mirror)"}},{"type":"Feature","geometry":{"type":"Point","coordinates":[-122.4313,37.7838]},"properties":{"name":"Electrify America","network":"Electrify America","stalls":4,"status":"24/7","source":"OpenStreetMap (charge-finder mirror)"}},{"type":"Feature","geometry":{"type":"Point","coordinates":[-74.3935,45.6314]},"properties":{"name":"flo - P\u00e9troles B\u00e9lisle- Brownsburg-Chatham","network":"FLO","status":"unknown","source":"OpenStreetMap (charge-finder mirror)"}},{"type":"Feature","geometry":{"type":"Point","coordinates":[-104.7253,39.7184]},"properties":{"name":"ChargePoint","network":"ChargePoint","status":"unknown","source":"OpenStreetMap (charge-finder mirror)"}},{"type":"Feature","geometry":{"type":"Point","coordinates":[-104.8169,38.9104]},"properties":{"name":"EV charging","network":"EV charging","status":"unknown","source":"OpenStreetMap (charge-finder mirror)"}},{"type":"Feature","geometry":{"type":"Point","coordinates":[-72.3391,43.6442]},"properties":{"name":"Blink","network":"Blink","status":"unknown","source":"OpenStreetMap (charge-finder mirror)"}},{"type":"Feature","geometry":{"type":"Point","coordinates":[-119.7636,39.1578]},"properties":{"name":"ChargePoint","network":"ChargePoint","stalls":6,"status":"unknown","source":"OpenStreetMap (charge-finder mirror)"}},{"type":"Feature","geometry":{"type":"Point","coordinates":[-119.7598,39.1738]},"properties":{"name":"EV charging","network":"EV charging","stalls":2,"status":"unknown","source":"OpenStreetMap (charge-finder mirror)"}},{"type":"Feature","geometry":{"type":"Point","coordinates":[-73.9205,45.7107]},"properties":{"name":"EXO - Gare Mirabel","network":"Le Circuit \u00c9lectrique","stalls":4,"status":"unknown","source":"OpenStreetMap (charge-finder mirror)"}},{"type":"Feature","geometry":{"type":"Point","coordinates":[-73.9292,45.7056]},"properties":{"name":"BRCC - Caisse Desjardins de l'Envol\u00e9e - Mirabel","network":"Le Circuit \u00c9lectrique","stalls":2,"status":"unknown","source":"OpenStreetMap (charge-finder mirror)"}},{"type":"Feature","geometry":{"type":"Point","coordinates":[-73.9348,45.6947]},"properties":{"name":"FLO","network":"FLO","stalls":2,"status":"unknown","source":"OpenStreetMap (charge-finder mirror)"}},{"type":"Feature","geometry":{"type":"Point","coordinates":[-71.5399,43.2052]},"properties":{"name":"ChargePoint","network":"ChargePoint","stalls":4,"status":"unknown","source":"OpenStreetMap (charge-finder mirror)"}},{"type":"Feature","geometry":{"type":"Point","coordinates":[-84.7776,47.9874]},"properties":{"name":"EV charging","network":"EV charging","status":"unknown","source":"OpenStreetMap (charge-finder mirror)"}},{"type":"Feature","geometry":{"type":"Point","coordinates":[-105.0479,40.0405]},"properties":{"name":"ChargePoint","network":"ChargePoint","stalls":2,"status":"unknown","source":"OpenStreetMap (charge-finder mirror)"}},{"type":"Feature","geometry":{"type":"Point","coordinates":[-105.2106,40.0031]},"properties":{"name":"ChargePoint","network":"ChargePoint","stalls":2,"status":"unknown","source":"OpenStreetMap (charge-finder mirror)"}},{"type":"Feature","geometry":{"type":"Point","coordinates":[-104.6853,39.6371]},"properties":{"name":"ChargePoint","network":"ChargePoint","stalls":2,"status":"unknown","source":"OpenStreetMap (charge-finder mirror)"}},{"type":"Feature","geometry":{"type":"Point","coordinates":[-91.6392,42.0337]},"properties":{"name":"ChargePoint","network":"ChargePoint","stalls":2,"status":"unknown","source":"OpenStreetMap (charge-finder mirror)"}},{"type":"Feature","geometry":{"type":"Point","coordinates":[-105.1184,39.9699]},"properties":{"name":"ChargePoint","network":"ChargePoint","stalls":2,"status":"unknown","source":"OpenStreetMap (charge-finder mirror)"}},{"type":"Feature","geometry":{"type":"Point","coordinates":[-105.5132,40.3777]},"properties":{"name":"ChargePoint","network":"ChargePoint","stalls":4,"status":"unknown","source":"OpenStreetMap (charge-finder mirror)"}},{"type":"Feature","geometry":{"type":"Point","coordinates":[-104.8986,39.7707]},"properties":{"name":"Electrify America","network":"Electrify America","stalls":12,"status":"unknown","source":"OpenStreetMap (charge-finder mirror)"}},{"type":"Feature","geometry":{"type":"Point","coordinates":[-122.3247,47.7084]},"properties":{"name":"Electrify America Charging Station","network":"Electrify America","stalls":4,"status":"unknown","source":"OpenStreetMap (charge-finder mirror)"}},{"type":"Feature","geometry":{"type":"Point","coordinates":[-76.919,38.6301]},"properties":{"name":"EV charging","network":"EV charging","status":"unknown","source":"OpenStreetMap (charge-finder mirror)"}},{"type":"Feature","geometry":{"type":"Point","coordinates":[-75.6581,40.0575]},"properties":{"name":"Blink","network":"Blink","status":"unknown","source":"OpenStreetMap (charge-finder mirror)"}},{"type":"Feature","geometry":{"type":"Point","coordinates":[-75.5291,40.0534]},"properties":{"name":"ChargePoint","network":"ChargePoint","status":"unknown","source":"OpenStreetMap (charge-finder mirror)"}},{"type":"Feature","geometry":{"type":"Point","coordinates":[-75.6744,40.0687]},"properties":{"name":"ChargePoint","network":"ChargePoint","status":"unknown","source":"OpenStreetMap (charge-finder mirror)"}},{"type":"Feature","geometry":{"type":"Point","coordinates":[-74.0389,45.4045]},"properties":{"name":"EV charging","network":"EV charging","stalls":2,"status":"unknown","source":"OpenStreetMap (charge-finder mirror)"}},{"type":"Feature","geometry":{"type":"Point","coordinates":[-77.5767,43.1263]},"properties":{"name":"Town of Brighton","network":"Town of Brighton","stalls":2,"status":"unknown","source":"OpenStreetMap (charge-finder mirror)"}},{"type":"Feature","geometry":{"type":"Point","coordinates":[-77.508,43.112]},"properties":{"name":"31F Park and Ride","network":"EV charging","stalls":4,"status":"unknown","source":"OpenStreetMap (charge-finder mirror)"}},{"type":"Feature","geometry":{"type":"Point","coordinates":[-105.2104,40.0137]},"properties":{"name":"Boulder JCC","network":"Clipper Creek","stalls":2,"status":"unknown","source":"OpenStreetMap (charge-finder mirror)"}},{"type":"Feature","geometry":{"type":"Point","coordinates":[-105.2194,40.023]},"properties":{"name":"ChargePoint","network":"ChargePoint","status":"unknown","source":"OpenStreetMap (charge-finder mirror)"}},{"type":"Feature","geometry":{"type":"Point","coordinates":[-76.6401,38.6912]},"properties":{"name":"Fairview Library","network":"Greenlots","stalls":2,"status":"closed","source":"OpenStreetMap (charge-finder mirror)"}},{"type":"Feature","geometry":{"type":"Point","coordinates":[-76.8631,38.9063]},"properties":{"name":"eVgo","network":"EVgo","status":"24/7","source":"OpenStreetMap (charge-finder mirror)"}},{"type":"Feature","geometry":{"type":"Point","coordinates":[-76.8633,38.9062]},"properties":{"name":"eVgo","network":"EVgo","status":"24/7","source":"OpenStreetMap (charge-finder mirror)"}},{"type":"Feature","geometry":{"type":"Point","coordinates":[-76.8635,38.9062]},"properties":{"name":"eVgo","network":"EVgo","status":"24/7","source":"OpenStreetMap (charge-finder mirror)"}},{"type":"Feature","geometry":{"type":"Point","coordinates":[-76.8637,38.9061]},"properties":{"name":"eVgo","network":"EVgo","status":"24/7","source":"OpenStreetMap (charge-finder mirror)"}},{"type":"Feature","geometry":{"type":"Point","coordinates":[-76.8659,38.9066]},"properties":{"name":"eVgo","network":"EVgo","status":"24/7","source":"OpenStreetMap (charge-finder mirror)"}},{"type":"Feature","geometry":{"type":"Point","coordinates":[-78.9564,33.7506]},"properties":{"name":"ChargePoint","network":"ChargePoint","status":"unknown","source":"OpenStreetMap (charge-finder mirror)"}},{"type":"Feature","geometry":{"type":"Point","coordinates":[-77.29,38.6565]},"properties":{"name":"eVgo","network":"EVgo","status":"unknown","source":"OpenStreetMap (charge-finder mirror)"}},{"type":"Feature","geometry":{"type":"Point","coordinates":[-77.2983,38.6453]},"properties":{"name":"Electrify America","network":"Electrify America","status":"unknown","source":"OpenStreetMap (charge-finder mirror)"}},{"type":"Feature","geometry":{"type":"Point","coordinates":[-77.2995,38.6384]},"properties":{"name":"Blink","network":"Blink","status":"unknown","source":"OpenStreetMap (charge-finder mirror)"}},{"type":"Feature","geometry":{"type":"Point","coordinates":[-77.2569,38.611]},"properties":{"name":"Blink","network":"Blink","stalls":2,"status":"unknown","source":"OpenStreetMap (charge-finder mirror)"}},{"type":"Feature","geometry":{"type":"Point","coordinates":[-117.923,33.8613]},"properties":{"name":"Volta","network":"Volta","status":"unknown","source":"OpenStreetMap (charge-finder mirror)"}},{"type":"Feature","geometry":{"type":"Point","coordinates":[-77.1548,38.7655]},"properties":{"name":"eVgo","network":"eVgo","status":"unknown","source":"OpenStreetMap (charge-finder mirror)"}},{"type":"Feature","geometry":{"type":"Point","coordinates":[-122.8737,38.6131]},"properties":{"name":"ChargePoint","network":"ChargePoint","stalls":6,"status":"24/7","source":"OpenStreetMap (charge-finder mirror)"}},{"type":"Feature","geometry":{"type":"Point","coordinates":[-111.8108,41.7421]},"properties":{"name":"EV charging","network":"EV charging","stalls":2,"status":"unknown","source":"OpenStreetMap (charge-finder mirror)"}},{"type":"Feature","geometry":{"type":"Point","coordinates":[-77.0127,38.9748]},"properties":{"name":"EV charging","network":"EV charging","status":"unknown","source":"OpenStreetMap (charge-finder mirror)"}},{"type":"Feature","geometry":{"type":"Point","coordinates":[-76.5423,39.3723]},"properties":{"name":"Volta","network":"Volta","stalls":2,"status":"unknown","source":"OpenStreetMap (charge-finder mirror)"}},{"type":"Feature","geometry":{"type":"Point","coordinates":[-76.8328,39.2093]},"properties":{"name":"ChargePoint","network":"ChargePoint","stalls":2,"status":"unknown","source":"OpenStreetMap (charge-finder mirror)"}},{"type":"Feature","geometry":{"type":"Point","coordinates":[-124.0853,40.8683]},"properties":{"name":"ChargePoint","network":"ChargePoint","stalls":1,"status":"24/7","source":"OpenStreetMap (charge-finder mirror)"}},{"type":"Feature","geometry":{"type":"Point","coordinates":[-79.6146,43.6895]},"properties":{"name":"EV charging","network":"EV charging","stalls":2,"status":"unknown","source":"OpenStreetMap (charge-finder mirror)"}},{"type":"Feature","geometry":{"type":"Point","coordinates":[-122.399,37.7927]},"properties":{"name":"Bell Resources","network":"Bell Resources","status":"Mo-Fr 09:00-17:00","source":"OpenStreetMap (charge-finder mirror)"}},{"type":"Feature","geometry":{"type":"Point","coordinates":[-111.8703,33.3925]},"properties":{"name":"Blink","network":"Blink","status":"unknown","source":"OpenStreetMap (charge-finder mirror)"}},{"type":"Feature","geometry":{"type":"Point","coordinates":[-73.6401,45.4954]},"properties":{"name":"Circuit \u00e9lectrique","network":"Circuit \u00e9lectrique","stalls":2,"status":"unknown","source":"OpenStreetMap (charge-finder mirror)"}},{"type":"Feature","geometry":{"type":"Point","coordinates":[-74.8688,40.1887]},"properties":{"name":"Blink","network":"Blink","status":"unknown","source":"OpenStreetMap (charge-finder mirror)"}},{"type":"Feature","geometry":{"type":"Point","coordinates":[-74.8959,40.1603]},"properties":{"name":"ChargePoint","network":"ChargePoint","status":"unknown","source":"OpenStreetMap (charge-finder mirror)"}},{"type":"Feature","geometry":{"type":"Point","coordinates":[-74.883,40.1935]},"properties":{"name":"Blink","network":"Blink","status":"unknown","source":"OpenStreetMap (charge-finder mirror)"}},{"type":"Feature","geometry":{"type":"Point","coordinates":[-75.1454,39.927]},"properties":{"name":"Blink","network":"Blink","status":"unknown","source":"OpenStreetMap (charge-finder mirror)"}},{"type":"Feature","geometry":{"type":"Point","coordinates":[-89.6737,44.7854]},"properties":{"name":"EV charging","network":"EV charging","status":"unknown","source":"OpenStreetMap (charge-finder mirror)"}},{"type":"Feature","geometry":{"type":"Point","coordinates":[-74.3907,40.4315]},"properties":{"name":"Volta","network":"Volta","status":"unknown","source":"OpenStreetMap (charge-finder mirror)"}},{"type":"Feature","geometry":{"type":"Point","coordinates":[-91.6584,41.9712]},"properties":{"name":"EV charging","network":"EV charging","status":"unknown","source":"OpenStreetMap (charge-finder mirror)"}},{"type":"Feature","geometry":{"type":"Point","coordinates":[-71.9494,45.4017]},"properties":{"name":"BRCC - Carrefour de l'Estrie","network":"Le Circuit \u00c9lectrique","stalls":1,"status":"unknown","source":"OpenStreetMap (charge-finder mirror)"}},{"type":"Feature","geometry":{"type":"Point","coordinates":[-75.0266,39.9349]},"properties":{"name":"Electrify America","network":"Electrify America","status":"unknown","source":"OpenStreetMap (charge-finder mirror)"}},{"type":"Feature","geometry":{"type":"Point","coordinates":[-75.0531,39.9265]},"properties":{"name":"Blink","network":"Blink","status":"unknown","source":"OpenStreetMap (charge-finder mirror)"}},{"type":"Feature","geometry":{"type":"Point","coordinates":[-72.5266,45.2142]},"properties":{"name":"Desjardins - CdS de Ville de Lac Brome","network":"Le Circuit \u00c9lectrique","stalls":1,"status":"unknown","source":"OpenStreetMap (charge-finder mirror)"}},{"type":"Feature","geometry":{"type":"Point","coordinates":[-72.651,45.3176]},"properties":{"name":"Bromont - Ar\u00e9na John-Savage","network":"Le Circuit \u00c9lectrique","stalls":1,"status":"unknown","source":"OpenStreetMap (charge-finder mirror)"}},{"type":"Feature","geometry":{"type":"Point","coordinates":[-72.6498,45.3331]},"properties":{"name":"Bromont - Bureau d'information touristique","network":"Le Circuit \u00c9lectrique","stalls":1,"status":"unknown","source":"OpenStreetMap (charge-finder mirror)"}},{"type":"Feature","geometry":{"type":"Point","coordinates":[-73.5692,45.603]},"properties":{"name":"Circuit \u00e9lectrique","network":"Circuit \u00e9lectrique","stalls":2,"status":"unknown","source":"OpenStreetMap (charge-finder mirror)"}},{"type":"Feature","geometry":{"type":"Point","coordinates":[-73.6456,45.4913]},"properties":{"name":"EV charging","network":"EV charging","stalls":2,"status":"unknown","source":"OpenStreetMap (charge-finder mirror)"}},{"type":"Feature","geometry":{"type":"Point","coordinates":[-81.4791,41.1654]},"properties":{"name":"EV charging","network":"EV charging","status":"unknown","source":"OpenStreetMap (charge-finder mirror)"}},{"type":"Feature","geometry":{"type":"Point","coordinates":[-73.4756,41.3781]},"properties":{"name":"EVO Charging","network":"EV charging","stalls":3,"status":"unknown","source":"OpenStreetMap (charge-finder mirror)"}},{"type":"Feature","geometry":{"type":"Point","coordinates":[-71.03,42.2765]},"properties":{"name":"ChargePoint","network":"ChargePoint","stalls":4,"status":"24/7","source":"OpenStreetMap (charge-finder mirror)"}},{"type":"Feature","geometry":{"type":"Point","coordinates":[-66.6218,45.9857]},"properties":{"name":"EV charging","network":"EV charging","status":"unknown","source":"OpenStreetMap (charge-finder mirror)"}},{"type":"Feature","geometry":{"type":"Point","coordinates":[-72.7459,46.5478]},"properties":{"name":"Electric Circuit Charging Station","network":"Circuit \u00e9lectrique","status":"unknown","source":"OpenStreetMap (charge-finder mirror)"}},{"type":"Feature","geometry":{"type":"Point","coordinates":[-72.7481,46.5401]},"properties":{"name":"Electric Circuit Charging Station","network":"Circuit \u00e9lectrique","status":"unknown","source":"OpenStreetMap (charge-finder mirror)"}},{"type":"Feature","geometry":{"type":"Point","coordinates":[-72.7487,46.5462]},"properties":{"name":"Borne de recharge V\u00c9/EV Charging station","network":"EV charging","status":"unknown","source":"OpenStreetMap (charge-finder mirror)"}},{"type":"Feature","geometry":{"type":"Point","coordinates":[-72.7556,46.517]},"properties":{"name":"Electric Circuit Charging Station","network":"Circuit \u00e9lectrique","status":"unknown","source":"OpenStreetMap (charge-finder mirror)"}},{"type":"Feature","geometry":{"type":"Point","coordinates":[-72.7425,46.5232]},"properties":{"name":"Electric Circuit Charging Station","network":"Circuit \u00e9lectrique","status":"unknown","source":"OpenStreetMap (charge-finder mirror)"}},{"type":"Feature","geometry":{"type":"Point","coordinates":[-72.7451,46.5188]},"properties":{"name":"Borne de recharge V\u00c9/EV Charging station","network":"EV charging","status":"unknown","source":"OpenStreetMap (charge-finder mirror)"}},{"type":"Feature","geometry":{"type":"Point","coordinates":[-72.7268,46.5028]},"properties":{"name":"BRCC EVduty R\u00f4tisserie Fus\u00e9e Shawinigan Sud","network":"EV charging","status":"unknown","source":"OpenStreetMap (charge-finder mirror)"}},{"type":"Feature","geometry":{"type":"Point","coordinates":[-72.7479,46.5594]},"properties":{"name":"Borne de recharge V\u00c9/EV Charging station","network":"EV charging","status":"unknown","source":"OpenStreetMap (charge-finder mirror)"}},{"type":"Feature","geometry":{"type":"Point","coordinates":[-72.7724,46.5612]},"properties":{"name":"Add\u00c9nergie Station de recharge","network":"Add\u00c9nergie Station de recharge","status":"unknown","source":"OpenStreetMap (charge-finder mirror)"}},{"type":"Feature","geometry":{"type":"Point","coordinates":[-123.1461,49.2699]},"properties":{"name":"EV charging","network":"EV charging","stalls":2,"status":"unknown","source":"OpenStreetMap (charge-finder mirror)"}},{"type":"Feature","geometry":{"type":"Point","coordinates":[-123.0385,49.3374]},"properties":{"name":"EV charging","network":"EV charging","status":"unknown","source":"OpenStreetMap (charge-finder mirror)"}},{"type":"Feature","geometry":{"type":"Point","coordinates":[-85.2863,42.6501]},"properties":{"name":"EV charging","network":"EV charging","stalls":2,"status":"unknown","source":"OpenStreetMap (charge-finder mirror)"}},{"type":"Feature","geometry":{"type":"Point","coordinates":[-72.7394,46.5619]},"properties":{"name":"Flo","network":"FLO","status":"unknown","source":"OpenStreetMap (charge-finder mirror)"}},{"type":"Feature","geometry":{"type":"Point","coordinates":[-72.8303,46.5009]},"properties":{"name":"Flo","network":"FLO","status":"unknown","source":"OpenStreetMap (charge-finder mirror)"}},{"type":"Feature","geometry":{"type":"Point","coordinates":[-72.7078,46.4826]},"properties":{"name":"Flo","network":"FLO","status":"unknown","source":"OpenStreetMap (charge-finder mirror)"}},{"type":"Feature","geometry":{"type":"Point","coordinates":[-72.6572,46.4894]},"properties":{"name":"Flo","network":"FLO","status":"unknown","source":"OpenStreetMap (charge-finder mirror)"}},{"type":"Feature","geometry":{"type":"Point","coordinates":[-72.7848,46.7862]},"properties":{"name":"Flo","network":"FLO","status":"unknown","source":"OpenStreetMap (charge-finder mirror)"}},{"type":"Feature","geometry":{"type":"Point","coordinates":[-72.5663,46.7287]},"properties":{"name":"Flo","network":"FLO","status":"unknown","source":"OpenStreetMap (charge-finder mirror)"}},{"type":"Feature","geometry":{"type":"Point","coordinates":[-72.5608,46.7304]},"properties":{"name":"Flo","network":"FLO","status":"unknown","source":"OpenStreetMap (charge-finder mirror)"}},{"type":"Feature","geometry":{"type":"Point","coordinates":[-72.5649,46.7265]},"properties":{"name":"Flo","network":"FLO","status":"unknown","source":"OpenStreetMap (charge-finder mirror)"}},{"type":"Feature","geometry":{"type":"Point","coordinates":[-72.7406,46.692]},"properties":{"name":"Flo","network":"FLO","stalls":1,"status":"unknown","source":"OpenStreetMap (charge-finder mirror)"}},{"type":"Feature","geometry":{"type":"Point","coordinates":[-72.5024,46.6671]},"properties":{"name":"Flo","network":"FLO","status":"unknown","source":"OpenStreetMap (charge-finder mirror)"}},{"type":"Feature","geometry":{"type":"Point","coordinates":[-72.6803,46.6193]},"properties":{"name":"Flo","network":"FLO","status":"unknown","source":"OpenStreetMap (charge-finder mirror)"}},{"type":"Feature","geometry":{"type":"Point","coordinates":[-72.6949,46.6131]},"properties":{"name":"Flo","network":"FLO","status":"unknown","source":"OpenStreetMap (charge-finder mirror)"}},{"type":"Feature","geometry":{"type":"Point","coordinates":[-72.7369,46.6136]},"properties":{"name":"Flo","network":"FLO","status":"unknown","source":"OpenStreetMap (charge-finder mirror)"}},{"type":"Feature","geometry":{"type":"Point","coordinates":[-72.7493,46.578]},"properties":{"name":"Flo","network":"FLO","status":"unknown","source":"OpenStreetMap (charge-finder mirror)"}},{"type":"Feature","geometry":{"type":"Point","coordinates":[-111.8077,41.7457]},"properties":{"name":"EV charging","network":"EV charging","status":"unknown","source":"OpenStreetMap (charge-finder mirror)"}},{"type":"Feature","geometry":{"type":"Point","coordinates":[-118.3278,33.8022]},"properties":{"name":"Volta","network":"Volta","status":"unknown","source":"OpenStreetMap (charge-finder mirror)"}},{"type":"Feature","geometry":{"type":"Point","coordinates":[-80.2924,43.5239]},"properties":{"name":"EV charging","network":"EV charging","status":"unknown","source":"OpenStreetMap (charge-finder mirror)"}},{"type":"Feature","geometry":{"type":"Point","coordinates":[-123.0347,49.2584]},"properties":{"name":"BC Hydro Fast Charging Station","network":"BC Hydro","stalls":2,"status":"unknown","source":"OpenStreetMap (charge-finder mirror)"}},{"type":"Feature","geometry":{"type":"Point","coordinates":[-122.2648,37.4488]},"properties":{"name":"EVlink","network":"EVlink","status":"unknown","source":"OpenStreetMap (charge-finder mirror)"}},{"type":"Feature","geometry":{"type":"Point","coordinates":[-122.2647,37.4489]},"properties":{"name":"EVlink","network":"EVlink","status":"unknown","source":"OpenStreetMap (charge-finder mirror)"}},{"type":"Feature","geometry":{"type":"Point","coordinates":[-122.9989,49.2542]},"properties":{"name":"FLO","network":"FLO","stalls":2,"status":"unknown","source":"OpenStreetMap (charge-finder mirror)"}},{"type":"Feature","geometry":{"type":"Point","coordinates":[-123.0038,49.246]},"properties":{"name":"BCIT","network":"BCIT","stalls":4,"status":"unknown","source":"OpenStreetMap (charge-finder mirror)"}},{"type":"Feature","geometry":{"type":"Point","coordinates":[-72.5827,46.3164]},"properties":{"name":"ChargePoint Charging Station","network":"ChargePoint","status":"unknown","source":"OpenStreetMap (charge-finder mirror)"}},{"type":"Feature","geometry":{"type":"Point","coordinates":[-72.591,46.3335]},"properties":{"name":"Electric Circuit Charging Station","network":"Circuit \u00e9lectrique","status":"unknown","source":"OpenStreetMap (charge-finder mirror)"}},{"type":"Feature","geometry":{"type":"Point","coordinates":[-123.3898,48.5376]},"properties":{"name":"Petro-Canada","network":"Petro-Canada","status":"24/7","source":"OpenStreetMap (charge-finder mirror)"}},{"type":"Feature","geometry":{"type":"Point","coordinates":[-74.6135,46.1321]},"properties":{"name":"BRCC","network":"Le Circuit \u00c9lectrique","status":"unknown","source":"OpenStreetMap (charge-finder mirror)"}},{"type":"Feature","geometry":{"type":"Point","coordinates":[-122.4877,48.7881]},"properties":{"name":"Clipper Creek","network":"Clipper Creek","status":"unknown","source":"OpenStreetMap (charge-finder mirror)"}},{"type":"Feature","geometry":{"type":"Point","coordinates":[-80.0293,32.7926]},"properties":{"name":"AAA","network":"EV charging","stalls":2,"status":"unknown","source":"OpenStreetMap (charge-finder mirror)"}},{"type":"Feature","geometry":{"type":"Point","coordinates":[-78.3151,35.5082]},"properties":{"name":"Carolina Premium Outlets","network":"Electrify America","stalls":4,"status":"unknown","source":"OpenStreetMap (charge-finder mirror)"}},{"type":"Feature","geometry":{"type":"Point","coordinates":[-81.1137,29.2581]},"properties":{"name":"Electrify America","network":"Electrify America","status":"unknown","source":"OpenStreetMap (charge-finder mirror)"}},{"type":"Feature","geometry":{"type":"Point","coordinates":[-72.7074,46.4827]},"properties":{"name":"Electric Circuit Charging Station","network":"Circuit \u00e9lectrique","status":"unknown","source":"OpenStreetMap (charge-finder mirror)"}},{"type":"Feature","geometry":{"type":"Point","coordinates":[-105.5206,40.3824]},"properties":{"name":"EV charging","network":"EV charging","stalls":4,"status":"unknown","source":"OpenStreetMap (charge-finder mirror)"}},{"type":"Feature","geometry":{"type":"Point","coordinates":[-118.3532,33.8496]},"properties":{"name":"ChargePoint","network":"ChargePoint","stalls":2,"status":"unknown","source":"OpenStreetMap (charge-finder mirror)"}},{"type":"Feature","geometry":{"type":"Point","coordinates":[-122.2653,37.446]},"properties":{"name":"ChargePoint","network":"ChargePoint","status":"unknown","source":"OpenStreetMap (charge-finder mirror)"}},{"type":"Feature","geometry":{"type":"Point","coordinates":[-122.2655,37.446]},"properties":{"name":"ChargePoint","network":"ChargePoint","status":"unknown","source":"OpenStreetMap (charge-finder mirror)"}},{"type":"Feature","geometry":{"type":"Point","coordinates":[-122.2654,37.446]},"properties":{"name":"ChargePoint","network":"ChargePoint","status":"unknown","source":"OpenStreetMap (charge-finder mirror)"}},{"type":"Feature","geometry":{"type":"Point","coordinates":[-105.0114,40.0025]},"properties":{"name":"Electrify America","network":"Electrify America","stalls":4,"status":"unknown","source":"OpenStreetMap (charge-finder mirror)"}},{"type":"Feature","geometry":{"type":"Point","coordinates":[-117.0741,33.0474]},"properties":{"name":"OpConnect","network":"OpConnect","stalls":5,"status":"unknown","source":"OpenStreetMap (charge-finder mirror)"}},{"type":"Feature","geometry":{"type":"Point","coordinates":[-73.7041,42.7806]},"properties":{"name":"EV charging","network":"EV charging","status":"unknown","source":"OpenStreetMap (charge-finder mirror)"}},{"type":"Feature","geometry":{"type":"Point","coordinates":[-71.2986,46.8317]},"properties":{"name":"Simons - Galeries de la Capitale","network":"FLO","status":"unknown","source":"OpenStreetMap (charge-finder mirror)"}},{"type":"Feature","geometry":{"type":"Point","coordinates":[-81.4119,29.9232]},"properties":{"name":"ChargePoint","network":"ChargePoint","status":"unknown","source":"OpenStreetMap (charge-finder mirror)"}},{"type":"Feature","geometry":{"type":"Point","coordinates":[-72.8059,45.688]},"properties":{"name":"Circuit \u00e9lectrique","network":"Circuit \u00e9lectrique","stalls":6,"status":"unknown","source":"OpenStreetMap (charge-finder mirror)"}},{"type":"Feature","geometry":{"type":"Point","coordinates":[-72.9637,45.639]},"properties":{"name":"Circuit \u00e9lectrique","network":"Circuit \u00e9lectrique","status":"unknown","source":"OpenStreetMap (charge-finder mirror)"}},{"type":"Feature","geometry":{"type":"Point","coordinates":[-72.9762,45.6168]},"properties":{"name":"Circuit \u00e9lectrique","network":"Circuit \u00e9lectrique","stalls":6,"status":"unknown","source":"OpenStreetMap (charge-finder mirror)"}},{"type":"Feature","geometry":{"type":"Point","coordinates":[-72.9761,45.6168]},"properties":{"name":"Circuit \u00e9lectrique","network":"Circuit \u00e9lectrique","stalls":6,"status":"unknown","source":"OpenStreetMap (charge-finder mirror)"}},{"type":"Feature","geometry":{"type":"Point","coordinates":[-72.9761,45.6168]},"properties":{"name":"Circuit \u00e9lectrique","network":"Circuit \u00e9lectrique","stalls":6,"status":"unknown","source":"OpenStreetMap (charge-finder mirror)"}},{"type":"Feature","geometry":{"type":"Point","coordinates":[-72.9741,45.6185]},"properties":{"name":"Circuit \u00e9lectrique","network":"Circuit \u00e9lectrique","stalls":6,"status":"unknown","source":"OpenStreetMap (charge-finder mirror)"}},{"type":"Feature","geometry":{"type":"Point","coordinates":[-72.9741,45.6184]},"properties":{"name":"Circuit \u00e9lectrique","network":"Circuit \u00e9lectrique","stalls":6,"status":"unknown","source":"OpenStreetMap (charge-finder mirror)"}},{"type":"Feature","geometry":{"type":"Point","coordinates":[-72.974,45.6184]},"properties":{"name":"Circuit \u00e9lectrique","network":"Circuit \u00e9lectrique","stalls":6,"status":"unknown","source":"OpenStreetMap (charge-finder mirror)"}},{"type":"Feature","geometry":{"type":"Point","coordinates":[-105.941,35.683]},"properties":{"name":"EV charging","network":"EV charging","status":"unknown","source":"OpenStreetMap (charge-finder mirror)"}},{"type":"Feature","geometry":{"type":"Point","coordinates":[-118.3491,33.834]},"properties":{"name":"eVgo","network":"eVgo","stalls":20,"status":"unknown","source":"OpenStreetMap (charge-finder mirror)"}},{"type":"Feature","geometry":{"type":"Point","coordinates":[-122.6328,45.5348]},"properties":{"name":"EVgo","network":"EVgo","stalls":1,"status":"unknown","source":"OpenStreetMap (charge-finder mirror)"}},{"type":"Feature","geometry":{"type":"Point","coordinates":[-94.8442,38.8629]},"properties":{"name":"EV charging","network":"EV charging","status":"unknown","source":"OpenStreetMap (charge-finder mirror)"}},{"type":"Feature","geometry":{"type":"Point","coordinates":[-75.1617,40.0819]},"properties":{"name":"ChargePoint","network":"ChargePoint","status":"unknown","source":"OpenStreetMap (charge-finder mirror)"}},{"type":"Feature","geometry":{"type":"Point","coordinates":[-123.0634,43.7968]},"properties":{"name":"Blink","network":"Blink","stalls":2,"status":"unknown","source":"OpenStreetMap (charge-finder mirror)"}},{"type":"Feature","geometry":{"type":"Point","coordinates":[-72.5471,46.3827]},"properties":{"name":"Electric Circuit Charging Station","network":"Circuit \u00e9lectrique","stalls":1,"status":"unknown","source":"OpenStreetMap (charge-finder mirror)"}},{"type":"Feature","geometry":{"type":"Point","coordinates":[-72.5217,46.3824]},"properties":{"name":"Borne de recharge V\u00c9/EV Charging station","network":"Borne de recharge V\u00c9/EV Charging station","status":"unknown","source":"OpenStreetMap (charge-finder mirror)"}},{"type":"Feature","geometry":{"type":"Point","coordinates":[-72.5943,46.3622]},"properties":{"name":"Electric Circuit Charging Station","network":"Circuit \u00e9lectrique","status":"unknown","source":"OpenStreetMap (charge-finder mirror)"}},{"type":"Feature","geometry":{"type":"Point","coordinates":[-72.5907,46.3604]},"properties":{"name":"Electric Circuit Charging Station","network":"Circuit \u00e9lectrique","stalls":1,"status":"unknown","source":"OpenStreetMap (charge-finder mirror)"}},{"type":"Feature","geometry":{"type":"Point","coordinates":[-72.5876,46.3563]},"properties":{"name":"Flo Station de recharge","network":"FLO","status":"unknown","source":"OpenStreetMap (charge-finder mirror)"}},{"type":"Feature","geometry":{"type":"Point","coordinates":[-72.5452,46.343]},"properties":{"name":"Roulez \u00c9lectrique Station de Recharge","network":"Roulez \u00c9lectrique Station de Recharge","status":"unknown","source":"OpenStreetMap (charge-finder mirror)"}},{"type":"Feature","geometry":{"type":"Point","coordinates":[-72.5452,46.3431]},"properties":{"name":"Electric Circuit Charging Station","network":"Circuit \u00e9lectrique","status":"unknown","source":"OpenStreetMap (charge-finder mirror)"}},{"type":"Feature","geometry":{"type":"Point","coordinates":[-72.539,46.3527]},"properties":{"name":"Flo Charging Station","network":"FLO","stalls":2,"status":"unknown","source":"OpenStreetMap (charge-finder mirror)"}},{"type":"Feature","geometry":{"type":"Point","coordinates":[-72.5784,46.337]},"properties":{"name":"Borne de recharge V\u00c9/EV Charging station","network":"Borne de recharge V\u00c9/EV Charging station","status":"unknown","source":"OpenStreetMap (charge-finder mirror)"}},{"type":"Feature","geometry":{"type":"Point","coordinates":[-73.6297,45.4782]},"properties":{"name":"EV charging","network":"EV charging","status":"unknown","source":"OpenStreetMap (charge-finder mirror)"}},{"type":"Feature","geometry":{"type":"Point","coordinates":[-98.7925,32.4034]},"properties":{"name":"Electrify America Charging Station","network":"Electrify America","status":"24/7","source":"OpenStreetMap (charge-finder mirror)"}},{"type":"Feature","geometry":{"type":"Point","coordinates":[-82.5794,28.8749]},"properties":{"name":"Duke Energy","network":"Duke Energy","stalls":2,"status":"unknown","source":"OpenStreetMap (charge-finder mirror)"}},{"type":"Feature","geometry":{"type":"Point","coordinates":[-82.5794,28.8749]},"properties":{"name":"Duke Energy","network":"Duke Energy","stalls":2,"status":"unknown","source":"OpenStreetMap (charge-finder mirror)"}},{"type":"Feature","geometry":{"type":"Point","coordinates":[-117.2492,32.8663]},"properties":{"name":"ChargePoint","network":"ChargePoint","stalls":2,"status":"unknown","source":"OpenStreetMap (charge-finder mirror)"}},{"type":"Feature","geometry":{"type":"Point","coordinates":[-72.562,46.3458]},"properties":{"name":"Flo Charging Station","network":"FLO","status":"unknown","source":"OpenStreetMap (charge-finder mirror)"}},{"type":"Feature","geometry":{"type":"Point","coordinates":[-72.5461,46.3446]},"properties":{"name":"FLO","network":"FLO","status":"unknown","source":"OpenStreetMap (charge-finder mirror)"}},{"type":"Feature","geometry":{"type":"Point","coordinates":[-72.5803,46.3433]},"properties":{"name":"FLO","network":"FLO","status":"unknown","source":"OpenStreetMap (charge-finder mirror)"}},{"type":"Feature","geometry":{"type":"Point","coordinates":[-72.5741,46.3132]},"properties":{"name":"FLO","network":"FLO","status":"unknown","source":"OpenStreetMap (charge-finder mirror)"}},{"type":"Feature","geometry":{"type":"Point","coordinates":[-84.3932,42.2522]},"properties":{"name":"ChargePoint","network":"ChargePoint","stalls":2,"status":"24/7","source":"OpenStreetMap (charge-finder mirror)"}},{"type":"Feature","geometry":{"type":"Point","coordinates":[-122.5575,45.5733]},"properties":{"name":"Volta","network":"Volta","stalls":2,"status":"unknown","source":"OpenStreetMap (charge-finder mirror)"}},{"type":"Feature","geometry":{"type":"Point","coordinates":[-116.4692,35.0318]},"properties":{"name":"CalTrans","network":"CalTrans","stalls":2,"status":"unknown","source":"OpenStreetMap (charge-finder mirror)"}},{"type":"Feature","geometry":{"type":"Point","coordinates":[-76.6206,39.1683]},"properties":{"name":"JBA Chevrolet","network":"EV charging","stalls":1,"status":"unknown","source":"OpenStreetMap (charge-finder mirror)"}},{"type":"Feature","geometry":{"type":"Point","coordinates":[-73.6307,45.4841]},"properties":{"name":"EV charging","network":"EV charging","status":"unknown","source":"OpenStreetMap (charge-finder mirror)"}},{"type":"Feature","geometry":{"type":"Point","coordinates":[-76.5889,38.5371]},"properties":{"name":"Prince Frederick Ford","network":"EV charging","stalls":1,"status":"24/7","source":"OpenStreetMap (charge-finder mirror)"}},{"type":"Feature","geometry":{"type":"Point","coordinates":[-122.1248,47.8389]},"properties":{"name":"EV charging","network":"EV charging","status":"unknown","source":"OpenStreetMap (charge-finder mirror)"}},{"type":"Feature","geometry":{"type":"Point","coordinates":[-72.6187,46.2953]},"properties":{"name":"Borne de recharge V\u00c9/EV Charging station","network":"Borne de recharge V\u00c9/EV Charging station","status":"unknown","source":"OpenStreetMap (charge-finder mirror)"}},{"type":"Feature","geometry":{"type":"Point","coordinates":[-72.8785,46.2612]},"properties":{"name":"Electric Circuit Charging Station","network":"Circuit \u00e9lectrique","status":"unknown","source":"OpenStreetMap (charge-finder mirror)"}},{"type":"Feature","geometry":{"type":"Point","coordinates":[-72.9228,46.2577]},"properties":{"name":"Electric Circuit Charging Station","network":"Circuit \u00e9lectrique","status":"unknown","source":"OpenStreetMap (charge-finder mirror)"}},{"type":"Feature","geometry":{"type":"Point","coordinates":[-73.2004,46.0891]},"properties":{"name":"Electric Circuit Charging Station","network":"Circuit \u00e9lectrique","status":"unknown","source":"OpenStreetMap (charge-finder mirror)"}},{"type":"Feature","geometry":{"type":"Point","coordinates":[-73.1931,46.086]},"properties":{"name":"Electric Circuit Charging Station","network":"Circuit \u00e9lectrique","status":"unknown","source":"OpenStreetMap (charge-finder mirror)"}},{"type":"Feature","geometry":{"type":"Point","coordinates":[-72.6006,46.3279]},"properties":{"name":"EV charging","network":"EV charging","status":"unknown","source":"OpenStreetMap (charge-finder mirror)"}},{"type":"Feature","geometry":{"type":"Point","coordinates":[-72.6011,46.3246]},"properties":{"name":"Le Circuit \u00e9lectrique","network":"Le Circuit \u00c9lectrique","status":"unknown","source":"OpenStreetMap (charge-finder mirror)"}},{"type":"Feature","geometry":{"type":"Point","coordinates":[-72.5396,46.2929]},"properties":{"name":"EV charging","network":"EV charging","status":"unknown","source":"OpenStreetMap (charge-finder mirror)"}},{"type":"Feature","geometry":{"type":"Point","coordinates":[-72.5807,46.3517]},"properties":{"name":"BRCC","network":"BRCC","status":"unknown","source":"OpenStreetMap (charge-finder mirror)"}},{"type":"Feature","geometry":{"type":"Point","coordinates":[-72.5721,46.3504]},"properties":{"name":"EV charging","network":"EV charging","status":"unknown","source":"OpenStreetMap (charge-finder mirror)"}},{"type":"Feature","geometry":{"type":"Point","coordinates":[-71.6114,42.4333]},"properties":{"name":"EV Charging Station","network":"Town of Bolton","stalls":2,"status":"unknown","source":"OpenStreetMap (charge-finder mirror)"}},{"type":"Feature","geometry":{"type":"Point","coordinates":[-75.6017,35.9124]},"properties":{"name":"ChargePoint","network":"ChargePoint","stalls":2,"status":"unknown","source":"OpenStreetMap (charge-finder mirror)"}},{"type":"Feature","geometry":{"type":"Point","coordinates":[-77.3688,38.9551]},"properties":{"name":"Electrify America","network":"Electrify America","stalls":4,"status":"unknown","source":"OpenStreetMap (charge-finder mirror)"}},{"type":"Feature","geometry":{"type":"Point","coordinates":[-84.4159,33.6794]},"properties":{"name":"Electrify America","network":"Electrify America","stalls":1,"status":"24/7","source":"OpenStreetMap (charge-finder mirror)"}},{"type":"Feature","geometry":{"type":"Point","coordinates":[-84.4159,33.6795]},"properties":{"name":"Electrify America","network":"Electrify America","stalls":1,"status":"24/7","source":"OpenStreetMap (charge-finder mirror)"}},{"type":"Feature","geometry":{"type":"Point","coordinates":[-84.4159,33.6796]},"properties":{"name":"Electrify America","network":"Electrify America","stalls":1,"status":"24/7","source":"OpenStreetMap (charge-finder mirror)"}},{"type":"Feature","geometry":{"type":"Point","coordinates":[-84.4159,33.6797]},"properties":{"name":"Electrify America","network":"Electrify America","stalls":1,"status":"24/7","source":"OpenStreetMap (charge-finder mirror)"}},{"type":"Feature","geometry":{"type":"Point","coordinates":[-72.5549,46.3707]},"properties":{"name":"BRCC Trois-Rivi\u00e8res (Cap-de-la-Madeleine)","network":"EV charging","status":"unknown","source":"OpenStreetMap (charge-finder mirror)"}},{"type":"Feature","geometry":{"type":"Point","coordinates":[-74.079,45.388]},"properties":{"name":"EV charging","network":"EV charging","stalls":1,"status":"unknown","source":"OpenStreetMap (charge-finder mirror)"}},{"type":"Feature","geometry":{"type":"Point","coordinates":[-76.4795,44.2325]},"properties":{"name":"FLO","network":"FLO","stalls":3,"status":"unknown","source":"OpenStreetMap (charge-finder mirror)"}},{"type":"Feature","geometry":{"type":"Point","coordinates":[-82.1741,29.1584]},"properties":{"name":"Phone Charging Station","network":"EV charging","status":"unknown","source":"OpenStreetMap (charge-finder mirror)"}},{"type":"Feature","geometry":{"type":"Point","coordinates":[-82.1729,29.1587]},"properties":{"name":"Phone Charging Station","network":"EV charging","status":"unknown","source":"OpenStreetMap (charge-finder mirror)"}},{"type":"Feature","geometry":{"type":"Point","coordinates":[-105.1034,39.9896]},"properties":{"name":"ChargePoint","network":"ChargePoint","stalls":2,"status":"unknown","source":"OpenStreetMap (charge-finder mirror)"}},{"type":"Feature","geometry":{"type":"Point","coordinates":[-122.0485,37.3173]},"properties":{"name":"EV charging","network":"EV charging","stalls":2,"status":"unknown","source":"OpenStreetMap (charge-finder mirror)"}},{"type":"Feature","geometry":{"type":"Point","coordinates":[-122.0504,37.318]},"properties":{"name":"EV charging","network":"EV charging","stalls":2,"status":"unknown","source":"OpenStreetMap (charge-finder mirror)"}},{"type":"Feature","geometry":{"type":"Point","coordinates":[-122.0514,37.3215]},"properties":{"name":"EV charging","network":"EV charging","stalls":2,"status":"unknown","source":"OpenStreetMap (charge-finder mirror)"}},{"type":"Feature","geometry":{"type":"Point","coordinates":[-122.0515,37.3215]},"properties":{"name":"EV charging","network":"EV charging","stalls":2,"status":"unknown","source":"OpenStreetMap (charge-finder mirror)"}},{"type":"Feature","geometry":{"type":"Point","coordinates":[-122.05,37.3172]},"properties":{"name":"EV charging","network":"EV charging","stalls":2,"status":"unknown","source":"OpenStreetMap (charge-finder mirror)"}},{"type":"Feature","geometry":{"type":"Point","coordinates":[-122.05,37.317]},"properties":{"name":"EV charging","network":"EV charging","stalls":2,"status":"unknown","source":"OpenStreetMap (charge-finder mirror)"}},{"type":"Feature","geometry":{"type":"Point","coordinates":[-122.0498,37.3161]},"properties":{"name":"EV charging","network":"EV charging","stalls":2,"status":"unknown","source":"OpenStreetMap (charge-finder mirror)"}},{"type":"Feature","geometry":{"type":"Point","coordinates":[-122.0498,37.3162]},"properties":{"name":"EV charging","network":"EV charging","stalls":2,"status":"unknown","source":"OpenStreetMap (charge-finder mirror)"}},{"type":"Feature","geometry":{"type":"Point","coordinates":[-122.0499,37.3163]},"properties":{"name":"EV charging","network":"EV charging","stalls":2,"status":"unknown","source":"OpenStreetMap (charge-finder mirror)"}},{"type":"Feature","geometry":{"type":"Point","coordinates":[-122.0499,37.3164]},"properties":{"name":"EV charging","network":"EV charging","stalls":2,"status":"unknown","source":"OpenStreetMap (charge-finder mirror)"}},{"type":"Feature","geometry":{"type":"Point","coordinates":[-122.0511,37.3205]},"properties":{"name":"EV charging","network":"EV charging","stalls":2,"status":"unknown","source":"OpenStreetMap (charge-finder mirror)"}},{"type":"Feature","geometry":{"type":"Point","coordinates":[-122.0509,37.319]},"properties":{"name":"EV charging","network":"EV charging","stalls":2,"status":"unknown","source":"OpenStreetMap (charge-finder mirror)"}},{"type":"Feature","geometry":{"type":"Point","coordinates":[-122.0492,37.3168]},"properties":{"name":"EV charging","network":"EV charging","stalls":2,"status":"unknown","source":"OpenStreetMap (charge-finder mirror)"}},{"type":"Feature","geometry":{"type":"Point","coordinates":[-122.2425,47.2996]},"properties":{"name":"Volta","network":"Volta","status":"unknown","source":"OpenStreetMap (charge-finder mirror)"}},{"type":"Feature","geometry":{"type":"Point","coordinates":[-76.5362,44.2574]},"properties":{"name":"FLO","network":"FLO","stalls":4,"status":"unknown","source":"OpenStreetMap (charge-finder mirror)"}},{"type":"Feature","geometry":{"type":"Point","coordinates":[-75.3073,39.9263]},"properties":{"name":"Blink","network":"Blink","status":"unknown","source":"OpenStreetMap (charge-finder mirror)"}},{"type":"Feature","geometry":{"type":"Point","coordinates":[-123.0891,44.0537]},"properties":{"name":"JuiceBox EV Station","network":"JuiceNet","status":"unknown","source":"OpenStreetMap (charge-finder mirror)"}},{"type":"Feature","geometry":{"type":"Point","coordinates":[-76.5679,44.2193]},"properties":{"name":"FLO","network":"FLO","status":"unknown","source":"OpenStreetMap (charge-finder mirror)"}},{"type":"Feature","geometry":{"type":"Point","coordinates":[-86.9743,34.5464]},"properties":{"name":"EV Connect","network":"EV Connect","stalls":1,"status":"unknown","source":"OpenStreetMap (charge-finder mirror)"}},{"type":"Feature","geometry":{"type":"Point","coordinates":[-91.2963,46.1096]},"properties":{"name":"EV charging","network":"EV charging","stalls":2,"status":"unknown","source":"OpenStreetMap (charge-finder mirror)"}},{"type":"Feature","geometry":{"type":"Point","coordinates":[-84.5987,33.4003]},"properties":{"name":"Electrify America","network":"Electrify America","stalls":1,"status":"24/7","source":"OpenStreetMap (charge-finder mirror)"}},{"type":"Feature","geometry":{"type":"Point","coordinates":[-84.5987,33.4003]},"properties":{"name":"Electrify America","network":"Electrify America","stalls":1,"status":"24/7","source":"OpenStreetMap (charge-finder mirror)"}},{"type":"Feature","geometry":{"type":"Point","coordinates":[-73.8697,45.4831]},"properties":{"name":"EV charging","network":"EV charging","status":"unknown","source":"OpenStreetMap (charge-finder mirror)"}},{"type":"Feature","geometry":{"type":"Point","coordinates":[-73.8698,45.4832]},"properties":{"name":"EV charging","network":"EV charging","status":"unknown","source":"OpenStreetMap (charge-finder mirror)"}},{"type":"Feature","geometry":{"type":"Point","coordinates":[-94.7783,38.9256]},"properties":{"name":"ChargePoint","network":"ChargePoint","status":"unknown","source":"OpenStreetMap (charge-finder mirror)"}},{"type":"Feature","geometry":{"type":"Point","coordinates":[-94.7783,38.9258]},"properties":{"name":"ChargePoint","network":"ChargePoint","status":"unknown","source":"OpenStreetMap (charge-finder mirror)"}},{"type":"Feature","geometry":{"type":"Point","coordinates":[-94.7783,38.9258]},"properties":{"name":"ChargePoint","network":"ChargePoint","status":"unknown","source":"OpenStreetMap (charge-finder mirror)"}},{"type":"Feature","geometry":{"type":"Point","coordinates":[-121.4285,49.3752]},"properties":{"name":"Petro-Canada","network":"EV charging","stalls":4,"status":"unknown","source":"OpenStreetMap (charge-finder mirror)"}},{"type":"Feature","geometry":{"type":"Point","coordinates":[-89.0359,34.4951]},"properties":{"name":"EV charging","network":"EV charging","stalls":1,"status":"24/7","source":"OpenStreetMap (charge-finder mirror)"}},{"type":"Feature","geometry":{"type":"Point","coordinates":[-85.6493,44.739]},"properties":{"name":"Great Wolf Lodge","network":"Great Wolf Lodge","stalls":2,"status":"unknown","source":"OpenStreetMap (charge-finder mirror)"}},{"type":"Feature","geometry":{"type":"Point","coordinates":[-76.6167,39.3174]},"properties":{"name":"eVgo","network":"eVgo","stalls":4,"status":"unknown","source":"OpenStreetMap (charge-finder mirror)"}},{"type":"Feature","geometry":{"type":"Point","coordinates":[-116.5274,33.8452]},"properties":{"name":"EV charging","network":"EV charging","status":"unknown","source":"OpenStreetMap (charge-finder mirror)"}},{"type":"Feature","geometry":{"type":"Point","coordinates":[-73.7014,42.7754]},"properties":{"name":"ChargePoint","network":"ChargePoint","status":"unknown","source":"OpenStreetMap (charge-finder mirror)"}},{"type":"Feature","geometry":{"type":"Point","coordinates":[-121.5115,45.7124]},"properties":{"name":"EV charging","network":"EV charging","stalls":1,"status":"unknown","source":"OpenStreetMap (charge-finder mirror)"}},{"type":"Feature","geometry":{"type":"Point","coordinates":[-86.2144,32.3662]},"properties":{"name":"Electrify America","network":"Electrify America","stalls":1,"status":"24/7","source":"OpenStreetMap (charge-finder mirror)"}},{"type":"Feature","geometry":{"type":"Point","coordinates":[-86.2144,32.3663]},"properties":{"name":"Electrify America","network":"Electrify America","stalls":1,"status":"24/7","source":"OpenStreetMap (charge-finder mirror)"}},{"type":"Feature","geometry":{"type":"Point","coordinates":[-121.2633,38.7703]},"properties":{"name":"Volta","network":"Volta","status":"unknown","source":"OpenStreetMap (charge-finder mirror)"}},{"type":"Feature","geometry":{"type":"Point","coordinates":[-74.2563,42.2993]},"properties":{"name":"EV charging","network":"EV charging","stalls":2,"status":"unknown","source":"OpenStreetMap (charge-finder mirror)"}},{"type":"Feature","geometry":{"type":"Point","coordinates":[-73.6642,45.9063]},"properties":{"name":"BRCC FLO 50kW","network":"FLO","status":"unknown","source":"OpenStreetMap (charge-finder mirror)"}},{"type":"Feature","geometry":{"type":"Point","coordinates":[-76.8371,39.2155]},"properties":{"name":"ChargePoint","network":"ChargePoint","status":"unknown","source":"OpenStreetMap (charge-finder mirror)"}},{"type":"Feature","geometry":{"type":"Point","coordinates":[-88.9829,40.5078]},"properties":{"name":"EV charging","network":"EV charging","stalls":2,"status":"unknown","source":"OpenStreetMap (charge-finder mirror)"}},{"type":"Feature","geometry":{"type":"Point","coordinates":[-111.9665,33.3796]},"properties":{"name":"Electrify America","network":"Electrify America","stalls":7,"status":"24/7","source":"OpenStreetMap (charge-finder mirror)"}},{"type":"Feature","geometry":{"type":"Point","coordinates":[-112.3781,33.6571]},"properties":{"name":"TurboDock EV Charging Station","network":"TurboDock","stalls":2,"status":"unknown","source":"OpenStreetMap (charge-finder mirror)"}},{"type":"Feature","geometry":{"type":"Point","coordinates":[-114.7838,36.0102]},"properties":{"name":"ClipperCreek","network":"EV charging","stalls":1,"status":"unknown","source":"OpenStreetMap (charge-finder mirror)"}},{"type":"Feature","geometry":{"type":"Point","coordinates":[-78.2105,37.9798]},"properties":{"name":"EV charging","network":"EV charging","status":"unknown","source":"OpenStreetMap (charge-finder mirror)"}},{"type":"Feature","geometry":{"type":"Point","coordinates":[-97.6672,30.2112]},"properties":{"name":"ChargePoint","network":"ChargePoint","stalls":1,"status":"24/7","source":"OpenStreetMap (charge-finder mirror)"}},{"type":"Feature","geometry":{"type":"Point","coordinates":[-122.9479,49.2216]},"properties":{"name":"ChargePoint","network":"ChargePoint","stalls":2,"status":"unknown","source":"OpenStreetMap (charge-finder mirror)"}},{"type":"Feature","geometry":{"type":"Point","coordinates":[-71.332,46.8033]},"properties":{"name":"Circuit \u00e9lectrique","network":"Circuit \u00e9lectrique","stalls":2,"status":"unknown","source":"OpenStreetMap (charge-finder mirror)"}},{"type":"Feature","geometry":{"type":"Point","coordinates":[-93.1695,44.9404]},"properties":{"name":"Evie Carshare","network":"Evie Carshare","stalls":2,"status":"unknown","source":"OpenStreetMap (charge-finder mirror)"}},{"type":"Feature","geometry":{"type":"Point","coordinates":[-109.5513,38.5812]},"properties":{"name":"EV charging","network":"EV charging","status":"unknown","source":"OpenStreetMap (charge-finder mirror)"}},{"type":"Feature","geometry":{"type":"Point","coordinates":[-71.3085,41.9822]},"properties":{"name":"AmpUp","network":"AmpUp","stalls":4,"status":"24/7","source":"OpenStreetMap (charge-finder mirror)"}},{"type":"Feature","geometry":{"type":"Point","coordinates":[-118.3966,34.0314]},"properties":{"name":"FLO","network":"FLO","status":"unknown","source":"OpenStreetMap (charge-finder mirror)"}},{"type":"Feature","geometry":{"type":"Point","coordinates":[-88.9507,40.4973]},"properties":{"name":"ChargePoint","network":"ChargePoint","stalls":2,"status":"unknown","source":"OpenStreetMap (charge-finder mirror)"}},{"type":"Feature","geometry":{"type":"Point","coordinates":[-72.8914,42.9652]},"properties":{"name":"Clipper Creek","network":"Clipper Creek","stalls":3,"status":"unknown","source":"OpenStreetMap (charge-finder mirror)"}},{"type":"Feature","geometry":{"type":"Point","coordinates":[-87.5289,33.2248]},"properties":{"name":"EV charging","network":"EV charging","stalls":2,"status":"unknown","source":"OpenStreetMap (charge-finder mirror)"}},{"type":"Feature","geometry":{"type":"Point","coordinates":[-74.9519,40.111]},"properties":{"name":"Volta","network":"Volta","status":"unknown","source":"OpenStreetMap (charge-finder mirror)"}},{"type":"Feature","geometry":{"type":"Point","coordinates":[-124.2108,40.6268]},"properties":{"name":"ChargePoint","network":"ChargePoint","stalls":2,"status":"24/7","source":"OpenStreetMap (charge-finder mirror)"}},{"type":"Feature","geometry":{"type":"Point","coordinates":[-81.9358,34.9495]},"properties":{"name":"EV charging","network":"EV charging","status":"unknown","source":"OpenStreetMap (charge-finder mirror)"}},{"type":"Feature","geometry":{"type":"Point","coordinates":[-74.074,40.9235]},"properties":{"name":"Blink","network":"Blink","stalls":4,"status":"unknown","source":"OpenStreetMap (charge-finder mirror)"}},{"type":"Feature","geometry":{"type":"Point","coordinates":[-117.5595,34.0766]},"properties":{"name":"ChargePoint","network":"ChargePoint","status":"unknown","source":"OpenStreetMap (charge-finder mirror)"}},{"type":"Feature","geometry":{"type":"Point","coordinates":[-89.2941,43.1512]},"properties":{"name":"EV charging","network":"EV charging","stalls":2,"status":"unknown","source":"OpenStreetMap (charge-finder mirror)"}},{"type":"Feature","geometry":{"type":"Point","coordinates":[-89.2944,43.1516]},"properties":{"name":"EV charging","network":"EV charging","stalls":2,"status":"unknown","source":"OpenStreetMap (charge-finder mirror)"}},{"type":"Feature","geometry":{"type":"Point","coordinates":[-89.2943,43.1515]},"properties":{"name":"EV charging","network":"EV charging","stalls":2,"status":"unknown","source":"OpenStreetMap (charge-finder mirror)"}},{"type":"Feature","geometry":{"type":"Point","coordinates":[-89.2942,43.1514]},"properties":{"name":"EV charging","network":"EV charging","status":"unknown","source":"OpenStreetMap (charge-finder mirror)"}},{"type":"Feature","geometry":{"type":"Point","coordinates":[-89.2941,43.1513]},"properties":{"name":"EV charging","network":"EV charging","stalls":2,"status":"unknown","source":"OpenStreetMap (charge-finder mirror)"}},{"type":"Feature","geometry":{"type":"Point","coordinates":[-89.2941,43.1512]},"properties":{"name":"EV charging","network":"EV charging","stalls":2,"status":"unknown","source":"OpenStreetMap (charge-finder mirror)"}},{"type":"Feature","geometry":{"type":"Point","coordinates":[-76.9649,44.2606]},"properties":{"name":"Canadian Tire Napanee","network":"Canadian Tire Napanee","status":"24/7","source":"OpenStreetMap (charge-finder mirror)"}},{"type":"Feature","geometry":{"type":"Point","coordinates":[-73.0231,46.0625]},"properties":{"name":"FLO","network":"FLO","status":"unknown","source":"OpenStreetMap (charge-finder mirror)"}},{"type":"Feature","geometry":{"type":"Point","coordinates":[-81.9319,34.9526]},"properties":{"name":"EV charging","network":"EV charging","status":"unknown","source":"OpenStreetMap (charge-finder mirror)"}},{"type":"Feature","geometry":{"type":"Point","coordinates":[-81.9333,34.9505]},"properties":{"name":"EV charging","network":"EV charging","status":"unknown","source":"OpenStreetMap (charge-finder mirror)"}},{"type":"Feature","geometry":{"type":"Point","coordinates":[-84.3044,33.8759]},"properties":{"name":"EV charging","network":"EV charging","status":"unknown","source":"OpenStreetMap (charge-finder mirror)"}},{"type":"Feature","geometry":{"type":"Point","coordinates":[-73.1224,41.1982]},"properties":{"name":"Stratford Square","network":"Electrify America","stalls":8,"status":"unknown","source":"OpenStreetMap (charge-finder mirror)"}},{"type":"Feature","geometry":{"type":"Point","coordinates":[-87.8143,42.1502]},"properties":{"name":"Volta","network":"Volta","status":"unknown","source":"OpenStreetMap (charge-finder mirror)"}},{"type":"Feature","geometry":{"type":"Point","coordinates":[-88.2246,40.1171]},"properties":{"name":"EV charging","network":"EV charging","status":"unknown","source":"OpenStreetMap (charge-finder mirror)"}},{"type":"Feature","geometry":{"type":"Point","coordinates":[-72.293,41.9563]},"properties":{"name":"EV charging","network":"EV charging","status":"unknown","source":"OpenStreetMap (charge-finder mirror)"}},{"type":"Feature","geometry":{"type":"Point","coordinates":[-89.4212,43.0363]},"properties":{"name":"EV charging","network":"EV charging","status":"unknown","source":"OpenStreetMap (charge-finder mirror)"}},{"type":"Feature","geometry":{"type":"Point","coordinates":[-94.7732,38.922]},"properties":{"name":"EV charging","network":"EV charging","status":"unknown","source":"OpenStreetMap (charge-finder mirror)"}},{"type":"Feature","geometry":{"type":"Point","coordinates":[-94.7732,38.9221]},"properties":{"name":"EV charging","network":"EV charging","status":"unknown","source":"OpenStreetMap (charge-finder mirror)"}},{"type":"Feature","geometry":{"type":"Point","coordinates":[-72.6173,46.2257]},"properties":{"name":"Electric Circuit Charging Station","network":"Circuit \u00e9lectrique","status":"unknown","source":"OpenStreetMap (charge-finder mirror)"}},{"type":"Feature","geometry":{"type":"Point","coordinates":[-72.618,46.229]},"properties":{"name":"Flo Charging Station","network":"FLO","status":"unknown","source":"OpenStreetMap (charge-finder mirror)"}},{"type":"Feature","geometry":{"type":"Point","coordinates":[-72.7726,46.4404]},"properties":{"name":"Borne de recharge V\u00c9/EV Charging station","network":"EV charging","status":"unknown","source":"OpenStreetMap (charge-finder mirror)"}},{"type":"Feature","geometry":{"type":"Point","coordinates":[-111.911,33.3939]},"properties":{"name":"Volta","network":"Volta","stalls":1,"status":"unknown","source":"OpenStreetMap (charge-finder mirror)"}},{"type":"Feature","geometry":{"type":"Point","coordinates":[-122.2973,37.8806]},"properties":{"name":"eVgo","network":"EVgo","stalls":10,"status":"24/7","source":"OpenStreetMap (charge-finder mirror)"}},{"type":"Feature","geometry":{"type":"Point","coordinates":[-72.7894,46.3672]},"properties":{"name":"Electric Circuit Charging Station","network":"Circuit \u00e9lectrique","status":"unknown","source":"OpenStreetMap (charge-finder mirror)"}},{"type":"Feature","geometry":{"type":"Point","coordinates":[-73.0006,46.4507]},"properties":{"name":"Parking P3 Borne de recharge V\u00c9/EV Charging station","network":"EV charging","stalls":1,"status":"unknown","source":"OpenStreetMap (charge-finder mirror)"}},{"type":"Feature","geometry":{"type":"Point","coordinates":[-123.0309,49.2591]},"properties":{"name":"FLO","network":"FLO","status":"unknown","source":"OpenStreetMap (charge-finder mirror)"}},{"type":"Feature","geometry":{"type":"Point","coordinates":[-84.3356,33.828]},"properties":{"name":"ChargePoint","network":"ChargePoint","status":"unknown","source":"OpenStreetMap (charge-finder mirror)"}},{"type":"Feature","geometry":{"type":"Point","coordinates":[-84.3354,33.8282]},"properties":{"name":"Volta","network":"Volta","stalls":4,"status":"unknown","source":"OpenStreetMap (charge-finder mirror)"}},{"type":"Feature","geometry":{"type":"Point","coordinates":[-72.0638,41.5275]},"properties":{"name":"Norwich Public Utilities","network":"Norwich Public Utilities","stalls":4,"status":"24/7","source":"OpenStreetMap (charge-finder mirror)"}},{"type":"Feature","geometry":{"type":"Point","coordinates":[-72.0741,41.5256]},"properties":{"name":"Franklin Street Public","network":"ChargePoint, Inc.","stalls":2,"status":"24/7","source":"OpenStreetMap (charge-finder mirror)"}},{"type":"Feature","geometry":{"type":"Point","coordinates":[-71.8101,42.2754]},"properties":{"name":"ChargePoint","network":"ChargePoint","stalls":2,"status":"unknown","source":"OpenStreetMap (charge-finder mirror)"}},{"type":"Feature","geometry":{"type":"Point","coordinates":[-73.5527,45.4957]},"properties":{"name":"Le Circuit \u00c9lectrique","network":"Le Circuit \u00c9lectrique","stalls":2,"status":"unknown","source":"OpenStreetMap (charge-finder mirror)"}},{"type":"Feature","geometry":{"type":"Point","coordinates":[-89.2976,43.1512]},"properties":{"name":"EV charging","network":"EV charging","stalls":2,"status":"unknown","source":"OpenStreetMap (charge-finder mirror)"}},{"type":"Feature","geometry":{"type":"Point","coordinates":[-89.2977,43.1512]},"properties":{"name":"EV charging","network":"EV charging","stalls":2,"status":"unknown","source":"OpenStreetMap (charge-finder mirror)"}},{"type":"Feature","geometry":{"type":"Point","coordinates":[-81.5571,28.3569]},"properties":{"name":"EV charging","network":"EV charging","status":"unknown","source":"OpenStreetMap (charge-finder mirror)"}},{"type":"Feature","geometry":{"type":"Point","coordinates":[-81.5571,28.3568]},"properties":{"name":"EV charging","network":"EV charging","status":"unknown","source":"OpenStreetMap (charge-finder mirror)"}},{"type":"Feature","geometry":{"type":"Point","coordinates":[-74.0774,45.3909]},"properties":{"name":"EV charging","network":"EV charging","stalls":2,"status":"unknown","source":"OpenStreetMap (charge-finder mirror)"}},{"type":"Feature","geometry":{"type":"Point","coordinates":[-74.0753,45.3899]},"properties":{"name":"EV charging","network":"EV charging","stalls":3,"status":"unknown","source":"OpenStreetMap (charge-finder mirror)"}},{"type":"Feature","geometry":{"type":"Point","coordinates":[-122.153,38.052]},"properties":{"name":"EV charging","network":"EV charging","status":"unknown","source":"OpenStreetMap (charge-finder mirror)"}},{"type":"Feature","geometry":{"type":"Point","coordinates":[-73.7057,42.7816]},"properties":{"name":"EV charging","network":"EV charging","status":"unknown","source":"OpenStreetMap (charge-finder mirror)"}},{"type":"Feature","geometry":{"type":"Point","coordinates":[-73.7057,42.7816]},"properties":{"name":"EV charging","network":"EV charging","status":"unknown","source":"OpenStreetMap (charge-finder mirror)"}},{"type":"Feature","geometry":{"type":"Point","coordinates":[-73.7053,42.7816]},"properties":{"name":"EV charging","network":"EV charging","status":"unknown","source":"OpenStreetMap (charge-finder mirror)"}},{"type":"Feature","geometry":{"type":"Point","coordinates":[-73.7054,42.7817]},"properties":{"name":"EV charging","network":"EV charging","status":"unknown","source":"OpenStreetMap (charge-finder mirror)"}},{"type":"Feature","geometry":{"type":"Point","coordinates":[-73.7055,42.7818]},"properties":{"name":"EV charging","network":"EV charging","status":"unknown","source":"OpenStreetMap (charge-finder mirror)"}},{"type":"Feature","geometry":{"type":"Point","coordinates":[-73.8873,40.7722]},"properties":{"name":"EV charging","network":"EV charging","status":"unknown","source":"OpenStreetMap (charge-finder mirror)"}},{"type":"Feature","geometry":{"type":"Point","coordinates":[-73.5611,45.5452]},"properties":{"name":"Le Circuit \u00c9lectrique","network":"Le Circuit \u00c9lectrique","stalls":2,"status":"unknown","source":"OpenStreetMap (charge-finder mirror)"}},{"type":"Feature","geometry":{"type":"Point","coordinates":[-76.9328,39.3963]},"properties":{"name":"Semacharge","network":"Semacharge","stalls":2,"status":"unknown","source":"OpenStreetMap (charge-finder mirror)"}},{"type":"Feature","geometry":{"type":"Point","coordinates":[-97.0986,33.1764]},"properties":{"name":"Volta Charging Station","network":"Volta","status":"Mo-Su 06:00-00:00","source":"OpenStreetMap (charge-finder mirror)"}},{"type":"Feature","geometry":{"type":"Point","coordinates":[-95.7629,39.0386]},"properties":{"name":"Electrify America","network":"Electrify America","status":"unknown","source":"OpenStreetMap (charge-finder mirror)"}},{"type":"Feature","geometry":{"type":"Point","coordinates":[-89.5209,43.1398]},"properties":{"name":"EV charging","network":"EV charging","stalls":1,"status":"unknown","source":"OpenStreetMap (charge-finder mirror)"}},{"type":"Feature","geometry":{"type":"Point","coordinates":[-76.6691,39.4172]},"properties":{"name":"greenlots","network":"greenlots","stalls":2,"status":"unknown","source":"OpenStreetMap (charge-finder mirror)"}},{"type":"Feature","geometry":{"type":"Point","coordinates":[-72.2052,46.5723]},"properties":{"name":"Borne de recharge V\u00c9/EV Charging station","network":"EV charging","status":"unknown","source":"OpenStreetMap (charge-finder mirror)"}},{"type":"Feature","geometry":{"type":"Point","coordinates":[-85.3507,34.9737]},"properties":{"name":"ChargePoint","network":"ChargePoint","stalls":2,"status":"unknown","source":"OpenStreetMap (charge-finder mirror)"}},{"type":"Feature","geometry":{"type":"Point","coordinates":[-118.3952,33.894]},"properties":{"name":"ChargePoint","network":"ChargePoint","stalls":1,"status":"unknown","source":"OpenStreetMap (charge-finder mirror)"}},{"type":"Feature","geometry":{"type":"Point","coordinates":[-118.3939,33.9011]},"properties":{"name":"ChargePoint","network":"ChargePoint","status":"unknown","source":"OpenStreetMap (charge-finder mirror)"}},{"type":"Feature","geometry":{"type":"Point","coordinates":[-76.2859,39.5594]},"properties":{"name":"BGE","network":"BGE","status":"unknown","source":"OpenStreetMap (charge-finder mirror)"}},{"type":"Feature","geometry":{"type":"Point","coordinates":[-122.8036,49.0326]},"properties":{"name":"SWTCH Energy","network":"SWTCH Energy","status":"unknown","source":"OpenStreetMap (charge-finder mirror)"}},{"type":"Feature","geometry":{"type":"Point","coordinates":[-118.3766,33.8722]},"properties":{"name":"ChargePoint","network":"ChargePoint","stalls":1,"status":"24/7","source":"OpenStreetMap (charge-finder mirror)"}},{"type":"Feature","geometry":{"type":"Point","coordinates":[-105.4447,38.136]},"properties":{"name":"EV charging","network":"EV charging","status":"unknown","source":"OpenStreetMap (charge-finder mirror)"}},{"type":"Feature","geometry":{"type":"Point","coordinates":[-89.4305,43.0761]},"properties":{"name":"EV charging","network":"EV charging","stalls":2,"status":"unknown","source":"OpenStreetMap (charge-finder mirror)"}},{"type":"Feature","geometry":{"type":"Point","coordinates":[-89.502,43.0487]},"properties":{"name":"ChargePoint","network":"ChargePoint","stalls":2,"status":"unknown","source":"OpenStreetMap (charge-finder mirror)"}},{"type":"Feature","geometry":{"type":"Point","coordinates":[-106.6103,35.2772]},"properties":{"name":"EV charging","network":"EV charging","status":"unknown","source":"OpenStreetMap (charge-finder mirror)"}},{"type":"Feature","geometry":{"type":"Point","coordinates":[-117.0126,46.729]},"properties":{"name":"University Of Idaho -IRIC Charging Station","network":"ChargePoint","stalls":2,"status":"unknown","source":"OpenStreetMap (charge-finder mirror)"}},{"type":"Feature","geometry":{"type":"Point","coordinates":[-73.3964,45.8253]},"properties":{"name":"Flo Charging Station","network":"FLO","status":"unknown","source":"OpenStreetMap (charge-finder mirror)"}},{"type":"Feature","geometry":{"type":"Point","coordinates":[-73.4531,45.7572]},"properties":{"name":"Electric Circuit Station de recharge","network":"EV charging","status":"unknown","source":"OpenStreetMap (charge-finder mirror)"}},{"type":"Feature","geometry":{"type":"Point","coordinates":[-121.946,37.359]},"properties":{"name":"ChargePoint","network":"ChargePoint","stalls":2,"status":"unknown","source":"OpenStreetMap (charge-finder mirror)"}},{"type":"Feature","geometry":{"type":"Point","coordinates":[-121.9459,37.3589]},"properties":{"name":"ChargePoint","network":"ChargePoint","stalls":2,"status":"unknown","source":"OpenStreetMap (charge-finder mirror)"}},{"type":"Feature","geometry":{"type":"Point","coordinates":[-118.4086,33.886]},"properties":{"name":"ClipperCreek","network":"ClipperCreek","stalls":2,"status":"unknown","source":"OpenStreetMap (charge-finder mirror)"}},{"type":"Feature","geometry":{"type":"Point","coordinates":[-89.3117,43.1101]},"properties":{"name":"Electrify America","network":"Electrify America","stalls":1,"status":"unknown","source":"OpenStreetMap (charge-finder mirror)"}},{"type":"Feature","geometry":{"type":"Point","coordinates":[-89.3116,43.1102]},"properties":{"name":"Electrify America","network":"Electrify America","stalls":1,"status":"unknown","source":"OpenStreetMap (charge-finder mirror)"}},{"type":"Feature","geometry":{"type":"Point","coordinates":[-77.6959,39.4909]},"properties":{"name":"ChargePoint","network":"ChargePoint","status":"unknown","source":"OpenStreetMap (charge-finder mirror)"}},{"type":"Feature","geometry":{"type":"Point","coordinates":[-77.5477,39.443]},"properties":{"name":"ChargePoint","network":"ChargePoint","status":"unknown","source":"OpenStreetMap (charge-finder mirror)"}},{"type":"Feature","geometry":{"type":"Point","coordinates":[-77.411,39.1449]},"properties":{"name":"EV charging","network":"EV charging","status":"unknown","source":"OpenStreetMap (charge-finder mirror)"}},{"type":"Feature","geometry":{"type":"Point","coordinates":[-85.8335,41.5799]},"properties":{"name":"ChargePoint","network":"ChargePoint","stalls":2,"status":"unknown","source":"OpenStreetMap (charge-finder mirror)"}},{"type":"Feature","geometry":{"type":"Point","coordinates":[-123.8274,46.1887]},"properties":{"name":"Blink","network":"Blink","status":"unknown","source":"OpenStreetMap (charge-finder mirror)"}},{"type":"Feature","geometry":{"type":"Point","coordinates":[-122.2522,37.8738]},"properties":{"name":"EV charging","network":"EV charging","stalls":3,"status":"unknown","source":"OpenStreetMap (charge-finder mirror)"}},{"type":"Feature","geometry":{"type":"Point","coordinates":[-87.2085,41.6227]},"properties":{"name":"ChargePoint","network":"ChargePoint","stalls":2,"status":"unknown","source":"OpenStreetMap (charge-finder mirror)"}},{"type":"Feature","geometry":{"type":"Point","coordinates":[-117.0744,33.1032]},"properties":{"name":"Electrify America","network":"Electrify America","status":"unknown","source":"OpenStreetMap (charge-finder mirror)"}},{"type":"Feature","geometry":{"type":"Point","coordinates":[-89.3464,43.1302]},"properties":{"name":"ChargePoint","network":"ChargePoint","stalls":1,"status":"unknown","source":"OpenStreetMap (charge-finder mirror)"}},{"type":"Feature","geometry":{"type":"Point","coordinates":[-123.0819,49.266]},"properties":{"name":"ChargePoint (EA employees only)","network":"ChargePoint","stalls":4,"status":"unknown","source":"OpenStreetMap (charge-finder mirror)"}},{"type":"Feature","geometry":{"type":"Point","coordinates":[-118.2597,33.8416]},"properties":{"name":"Blink","network":"Blink","stalls":4,"status":"unknown","source":"OpenStreetMap (charge-finder mirror)"}},{"type":"Feature","geometry":{"type":"Point","coordinates":[-122.4052,47.207]},"properties":{"name":"ChargePoint","network":"ChargePoint","status":"unknown","source":"OpenStreetMap (charge-finder mirror)"}},{"type":"Feature","geometry":{"type":"Point","coordinates":[-117.9746,34.0694]},"properties":{"name":"eVgo","network":"eVgo","status":"unknown","source":"OpenStreetMap (charge-finder mirror)"}},{"type":"Feature","geometry":{"type":"Point","coordinates":[-76.5628,38.9431]},"properties":{"name":"Giant Food","network":"Volta","status":"unknown","source":"OpenStreetMap (charge-finder mirror)"}},{"type":"Feature","geometry":{"type":"Point","coordinates":[-122.1514,37.408]},"properties":{"name":"EV charging","network":"EV charging","stalls":2,"status":"unknown","source":"OpenStreetMap (charge-finder mirror)"}},{"type":"Feature","geometry":{"type":"Point","coordinates":[-122.1551,37.4064]},"properties":{"name":"EV charging","network":"EV charging","stalls":2,"status":"unknown","source":"OpenStreetMap (charge-finder mirror)"}},{"type":"Feature","geometry":{"type":"Point","coordinates":[-122.153,37.4069]},"properties":{"name":"EV charging","network":"EV charging","stalls":2,"status":"unknown","source":"OpenStreetMap (charge-finder mirror)"}},{"type":"Feature","geometry":{"type":"Point","coordinates":[-122.1543,37.4075]},"properties":{"name":"EV charging","network":"EV charging","stalls":2,"status":"unknown","source":"OpenStreetMap (charge-finder mirror)"}},{"type":"Feature","geometry":{"type":"Point","coordinates":[-122.1527,37.4081]},"properties":{"name":"EV charging","network":"EV charging","stalls":2,"status":"unknown","source":"OpenStreetMap (charge-finder mirror)"}},{"type":"Feature","geometry":{"type":"Point","coordinates":[-118.3924,33.8634]},"properties":{"name":"EV charging","network":"EV charging","stalls":1,"status":"unknown","source":"OpenStreetMap (charge-finder mirror)"}},{"type":"Feature","geometry":{"type":"Point","coordinates":[-111.2171,39.9503]},"properties":{"name":"ChargePoint","network":"ChargePoint","stalls":2,"status":"unknown","source":"OpenStreetMap (charge-finder mirror)"}},{"type":"Feature","geometry":{"type":"Point","coordinates":[-111.6415,40.1302]},"properties":{"name":"ChargePoint","network":"ChargePoint","stalls":2,"status":"unknown","source":"OpenStreetMap (charge-finder mirror)"}},{"type":"Feature","geometry":{"type":"Point","coordinates":[-95.2708,38.9566]},"properties":{"name":"EV charging","network":"EV charging","stalls":2,"status":"unknown","source":"OpenStreetMap (charge-finder mirror)"}},{"type":"Feature","geometry":{"type":"Point","coordinates":[-73.5791,45.4937]},"properties":{"name":"Circuit \u00e9lectrique","network":"Circuit \u00e9lectrique","stalls":2,"status":"unknown","source":"OpenStreetMap (charge-finder mirror)"}},{"type":"Feature","geometry":{"type":"Point","coordinates":[-122.1392,37.4267]},"properties":{"name":"EV charging","network":"EV charging","status":"unknown","source":"OpenStreetMap (charge-finder mirror)"}},{"type":"Feature","geometry":{"type":"Point","coordinates":[-83.7086,32.9205]},"properties":{"name":"EV charging","network":"EV charging","status":"unknown","source":"OpenStreetMap (charge-finder mirror)"}},{"type":"Feature","geometry":{"type":"Point","coordinates":[-122.9942,49.2551]},"properties":{"name":"ChargePoint","network":"ChargePoint","stalls":2,"status":"unknown","source":"OpenStreetMap (charge-finder mirror)"}},{"type":"Feature","geometry":{"type":"Point","coordinates":[-116.6886,43.6677]},"properties":{"name":"Konnectronix","network":"Konnectronix","stalls":1,"status":"unknown","source":"OpenStreetMap (charge-finder mirror)"}},{"type":"Feature","geometry":{"type":"Point","coordinates":[-111.8182,41.7586]},"properties":{"name":"EV charging","network":"EV charging","status":"unknown","source":"OpenStreetMap (charge-finder mirror)"}},{"type":"Feature","geometry":{"type":"Point","coordinates":[-88.3989,44.2626]},"properties":{"name":"ChargePoint","network":"ChargePoint","status":"unknown","source":"OpenStreetMap (charge-finder mirror)"}},{"type":"Feature","geometry":{"type":"Point","coordinates":[-84.5333,42.7328]},"properties":{"name":"EV charging","network":"EV charging","stalls":2,"status":"unknown","source":"OpenStreetMap (charge-finder mirror)"}},{"type":"Feature","geometry":{"type":"Point","coordinates":[-122.8235,47.4542]},"properties":{"name":"EV charging","network":"EV charging","status":"unknown","source":"OpenStreetMap (charge-finder mirror)"}},{"type":"Feature","geometry":{"type":"Point","coordinates":[-74.9594,40.1208]},"properties":{"name":"ChargePoint","network":"ChargePoint","status":"unknown","source":"OpenStreetMap (charge-finder mirror)"}},{"type":"Feature","geometry":{"type":"Point","coordinates":[-74.9768,40.1212]},"properties":{"name":"ChargePoint","network":"ChargePoint","status":"unknown","source":"OpenStreetMap (charge-finder mirror)"}},{"type":"Feature","geometry":{"type":"Point","coordinates":[-78.5104,40.0534]},"properties":{"name":"Electrify America","network":"Electrify America","status":"unknown","source":"OpenStreetMap (charge-finder mirror)"}},{"type":"Feature","geometry":{"type":"Point","coordinates":[-76.4419,38.3741]},"properties":{"name":"Volta","network":"Volta","stalls":1,"status":"unknown","source":"OpenStreetMap (charge-finder mirror)"}},{"type":"Feature","geometry":{"type":"Point","coordinates":[-122.3394,47.4674]},"properties":{"name":"ChargePoint","network":"ChargePoint","stalls":1,"status":"unknown","source":"OpenStreetMap (charge-finder mirror)"}},{"type":"Feature","geometry":{"type":"Point","coordinates":[-81.4423,40.8786]},"properties":{"name":"ChargePoint","network":"ChargePoint","status":"unknown","source":"OpenStreetMap (charge-finder mirror)"}},{"type":"Feature","geometry":{"type":"Point","coordinates":[-99.0935,40.6742]},"properties":{"name":"EV charging","network":"EV charging","status":"unknown","source":"OpenStreetMap (charge-finder mirror)"}},{"type":"Feature","geometry":{"type":"Point","coordinates":[-68.5314,48.4265]},"properties":{"name":"FLO","network":"FLO","status":"unknown","source":"OpenStreetMap (charge-finder mirror)"}},{"type":"Feature","geometry":{"type":"Point","coordinates":[-71.0127,42.4079]},"properties":{"name":"ChargePoint","network":"ChargePoint","stalls":6,"status":"unknown","source":"OpenStreetMap (charge-finder mirror)"}},{"type":"Feature","geometry":{"type":"Point","coordinates":[-116.9006,32.8231]},"properties":{"name":"Electrify America","network":"Electrify America","status":"unknown","source":"OpenStreetMap (charge-finder mirror)"}},{"type":"Feature","geometry":{"type":"Point","coordinates":[-70.9955,42.4075]},"properties":{"name":"ChargePoint","network":"ChargePoint","stalls":4,"status":"unknown","source":"OpenStreetMap (charge-finder mirror)"}},{"type":"Feature","geometry":{"type":"Point","coordinates":[-71.0005,42.4113]},"properties":{"name":"ChargePoint","network":"ChargePoint","stalls":10,"status":"unknown","source":"OpenStreetMap (charge-finder mirror)"}},{"type":"Feature","geometry":{"type":"Point","coordinates":[-123.3345,49.3798]},"properties":{"name":"Flo","network":"Flo","stalls":2,"status":"unknown","source":"OpenStreetMap (charge-finder mirror)"}},{"type":"Feature","geometry":{"type":"Point","coordinates":[-78.9502,34.437]},"properties":{"name":"BEMC Boardman","network":"ChargePoint","status":"24/7","source":"OpenStreetMap (charge-finder mirror)"}},{"type":"Feature","geometry":{"type":"Point","coordinates":[-104.8193,38.7349]},"properties":{"name":"Rivian","network":"Rivian","stalls":2,"status":"unknown","source":"OpenStreetMap (charge-finder mirror)"}},{"type":"Feature","geometry":{"type":"Point","coordinates":[-118.3792,33.8952]},"properties":{"name":"eVgo","network":"eVgo","stalls":2,"status":"unknown","source":"OpenStreetMap (charge-finder mirror)"}},{"type":"Feature","geometry":{"type":"Point","coordinates":[-81.4353,40.9145]},"properties":{"name":"ChargePoint","network":"ChargePoint","status":"unknown","source":"OpenStreetMap (charge-finder mirror)"}},{"type":"Feature","geometry":{"type":"Point","coordinates":[-105.2303,40.0298]},"properties":{"name":"ChargePoint","network":"ChargePoint","stalls":4,"status":"unknown","source":"OpenStreetMap (charge-finder mirror)"}},{"type":"Feature","geometry":{"type":"Point","coordinates":[-118.3939,33.866]},"properties":{"name":"EV charging","network":"EV charging","stalls":1,"status":"unknown","source":"OpenStreetMap (charge-finder mirror)"}},{"type":"Feature","geometry":{"type":"Point","coordinates":[-118.3947,33.8997]},"properties":{"name":"Blink","network":"Blink","stalls":6,"status":"unknown","source":"OpenStreetMap (charge-finder mirror)"}},{"type":"Feature","geometry":{"type":"Point","coordinates":[-71.1837,42.4021]},"properties":{"name":"EV charging","network":"EV charging","stalls":2,"status":"unknown","source":"OpenStreetMap (charge-finder mirror)"}},{"type":"Feature","geometry":{"type":"Point","coordinates":[-90.6665,42.0686]},"properties":{"name":"ChargePoint","network":"ChargePoint","status":"unknown","source":"OpenStreetMap (charge-finder mirror)"}},{"type":"Feature","geometry":{"type":"Point","coordinates":[-73.6658,45.5543]},"properties":{"name":"Circuit \u00e9lectrique","network":"Circuit \u00e9lectrique","stalls":2,"status":"unknown","source":"OpenStreetMap (charge-finder mirror)"}},{"type":"Feature","geometry":{"type":"Point","coordinates":[-89.5213,43.055]},"properties":{"name":"ChargePoint","network":"ChargePoint","status":"unknown","source":"OpenStreetMap (charge-finder mirror)"}},{"type":"Feature","geometry":{"type":"Point","coordinates":[-121.0669,38.6477]},"properties":{"name":"ClipperCreek","network":"ClipperCreek","stalls":2,"status":"unknown","source":"OpenStreetMap (charge-finder mirror)"}},{"type":"Feature","geometry":{"type":"Point","coordinates":[-72.5097,43.6271]},"properties":{"name":"EV charging","network":"EV charging","stalls":2,"status":"unknown","source":"OpenStreetMap (charge-finder mirror)"}},{"type":"Feature","geometry":{"type":"Point","coordinates":[-79.1881,43.7829]},"properties":{"name":"Wheelchair Charger","network":"University of Toronto Scarborough","stalls":2,"status":"unknown","source":"OpenStreetMap (charge-finder mirror)"}},{"type":"Feature","geometry":{"type":"Point","coordinates":[-122.3053,37.8647]},"properties":{"name":"Chargepoint","network":"EV charging","status":"unknown","source":"OpenStreetMap (charge-finder mirror)"}},{"type":"Feature","geometry":{"type":"Point","coordinates":[-81.7387,26.7857]},"properties":{"name":"EV charging","network":"EV charging","status":"unknown","source":"OpenStreetMap (charge-finder mirror)"}},{"type":"Feature","geometry":{"type":"Point","coordinates":[-73.6082,45.5215]},"properties":{"name":"Circuit \u00e9lectrique","network":"Circuit \u00e9lectrique","stalls":2,"status":"unknown","source":"OpenStreetMap (charge-finder mirror)"}},{"type":"Feature","geometry":{"type":"Point","coordinates":[-76.8193,39.2822]},"properties":{"name":"EV charging","network":"EV charging","status":"unknown","source":"OpenStreetMap (charge-finder mirror)"}},{"type":"Feature","geometry":{"type":"Point","coordinates":[-117.8111,33.7486]},"properties":{"name":"Volta","network":"Volta","stalls":2,"status":"unknown","source":"OpenStreetMap (charge-finder mirror)"}},{"type":"Feature","geometry":{"type":"Point","coordinates":[-81.7474,26.784]},"properties":{"name":"EV charging","network":"EV charging","status":"unknown","source":"OpenStreetMap (charge-finder mirror)"}},{"type":"Feature","geometry":{"type":"Point","coordinates":[-122.815,45.5266]},"properties":{"name":"Volta","network":"Volta","stalls":2,"status":"unknown","source":"OpenStreetMap (charge-finder mirror)"}},{"type":"Feature","geometry":{"type":"Point","coordinates":[-116.3508,43.6183]},"properties":{"name":"Volta","network":"Volta","status":"unknown","source":"OpenStreetMap (charge-finder mirror)"}},{"type":"Feature","geometry":{"type":"Point","coordinates":[-122.1459,47.5836]},"properties":{"name":"ChargePoint","network":"ChargePoint","status":"unknown","source":"OpenStreetMap (charge-finder mirror)"}},{"type":"Feature","geometry":{"type":"Point","coordinates":[-122.1457,47.5836]},"properties":{"name":"ChargePoint","network":"ChargePoint","status":"unknown","source":"OpenStreetMap (charge-finder mirror)"}},{"type":"Feature","geometry":{"type":"Point","coordinates":[-122.1504,47.585]},"properties":{"name":"Blink","network":"Blink","stalls":1,"status":"unknown","source":"OpenStreetMap (charge-finder mirror)"}},{"type":"Feature","geometry":{"type":"Point","coordinates":[-122.1475,47.5858]},"properties":{"name":"Blink","network":"Blink","status":"unknown","source":"OpenStreetMap (charge-finder mirror)"}},{"type":"Feature","geometry":{"type":"Point","coordinates":[-122.0775,37.5407]},"properties":{"name":"EV charging","network":"EV charging","status":"unknown","source":"OpenStreetMap (charge-finder mirror)"}},{"type":"Feature","geometry":{"type":"Point","coordinates":[-118.3958,33.886]},"properties":{"name":"EV charging","network":"EV charging","status":"unknown","source":"OpenStreetMap (charge-finder mirror)"}},{"type":"Feature","geometry":{"type":"Point","coordinates":[-84.4241,39.3273]},"properties":{"name":"EV charging","network":"EV charging","status":"unknown","source":"OpenStreetMap (charge-finder mirror)"}},{"type":"Feature","geometry":{"type":"Point","coordinates":[-106.7923,37.4731]},"properties":{"name":"ChargePoint","network":"ChargePoint","stalls":2,"status":"24/7","source":"OpenStreetMap (charge-finder mirror)"}},{"type":"Feature","geometry":{"type":"Point","coordinates":[-122.311,47.6567]},"properties":{"name":"EV charging","network":"EV charging","status":"unknown","source":"OpenStreetMap (charge-finder mirror)"}},{"type":"Feature","geometry":{"type":"Point","coordinates":[-74.4685,40.8135]},"properties":{"name":"EV charging","network":"EV charging","status":"unknown","source":"OpenStreetMap (charge-finder mirror)"}},{"type":"Feature","geometry":{"type":"Point","coordinates":[-106.6627,35.2187]},"properties":{"name":"ChargePoint","network":"ChargePoint","stalls":1,"status":"24/7","source":"OpenStreetMap (charge-finder mirror)"}},{"type":"Feature","geometry":{"type":"Point","coordinates":[-119.2319,38.2551]},"properties":{"name":"Electrify America","network":"Electrify America","stalls":4,"status":"unknown","source":"OpenStreetMap (charge-finder mirror)"}},{"type":"Feature","geometry":{"type":"Point","coordinates":[-97.6979,30.3023]},"properties":{"name":"ChargePoint","network":"ChargePoint","status":"unknown","source":"OpenStreetMap (charge-finder mirror)"}},{"type":"Feature","geometry":{"type":"Point","coordinates":[-97.6979,30.3022]},"properties":{"name":"ChargePoint","network":"ChargePoint","status":"unknown","source":"OpenStreetMap (charge-finder mirror)"}},{"type":"Feature","geometry":{"type":"Point","coordinates":[-73.9185,45.4216]},"properties":{"name":"EV charging","network":"EV charging","stalls":2,"status":"unknown","source":"OpenStreetMap (charge-finder mirror)"}},{"type":"Feature","geometry":{"type":"Point","coordinates":[-84.4091,38.0168]},"properties":{"name":"ChargePoint","network":"ChargePoint","status":"unknown","source":"OpenStreetMap (charge-finder mirror)"}},{"type":"Feature","geometry":{"type":"Point","coordinates":[-118.3478,33.8315]},"properties":{"name":"Electrify America","network":"Electrify America","stalls":8,"status":"unknown","source":"OpenStreetMap (charge-finder mirror)"}},{"type":"Feature","geometry":{"type":"Point","coordinates":[-111.953,40.693]},"properties":{"name":"SpringHill Suites","network":"SpringHill Suites","status":"unknown","source":"OpenStreetMap (charge-finder mirror)"}},{"type":"Feature","geometry":{"type":"Point","coordinates":[-84.1068,35.9129]},"properties":{"name":"EV charging","network":"EV charging","stalls":6,"status":"24/7","source":"OpenStreetMap (charge-finder mirror)"}},{"type":"Feature","geometry":{"type":"Point","coordinates":[-105.0552,39.7458]},"properties":{"name":"Electrify America","network":"Electrify America","stalls":6,"status":"unknown","source":"OpenStreetMap (charge-finder mirror)"}},{"type":"Feature","geometry":{"type":"Point","coordinates":[-73.5774,45.496]},"properties":{"name":"Circuit \u00e9lectrique","network":"Circuit \u00e9lectrique","status":"unknown","source":"OpenStreetMap (charge-finder mirror)"}},{"type":"Feature","geometry":{"type":"Point","coordinates":[-118.3778,33.889]},"properties":{"name":"ChargePoint","network":"ChargePoint","stalls":2,"status":"unknown","source":"OpenStreetMap (charge-finder mirror)"}},{"type":"Feature","geometry":{"type":"Point","coordinates":[-123.1066,49.2437]},"properties":{"name":"EV charging","network":"EV charging","stalls":3,"status":"unknown","source":"OpenStreetMap (charge-finder mirror)"}},{"type":"Feature","geometry":{"type":"Point","coordinates":[-87.7834,41.7165]},"properties":{"name":"Volta","network":"Volta","status":"unknown","source":"OpenStreetMap (charge-finder mirror)"}},{"type":"Feature","geometry":{"type":"Point","coordinates":[-77.7239,36.2689]},"properties":{"name":"Halifax Shell","network":"ChargePoint","status":"unknown","source":"OpenStreetMap (charge-finder mirror)"}},{"type":"Feature","geometry":{"type":"Point","coordinates":[-76.625,39.4287]},"properties":{"name":"ChargePoint","network":"ChargePoint","stalls":2,"status":"unknown","source":"OpenStreetMap (charge-finder mirror)"}},{"type":"Feature","geometry":{"type":"Point","coordinates":[-73.7247,45.4792]},"properties":{"name":"EV charging","network":"EV charging","stalls":26,"status":"unknown","source":"OpenStreetMap (charge-finder mirror)"}},{"type":"Feature","geometry":{"type":"Point","coordinates":[-71.3057,46.8298]},"properties":{"name":"EV charging","network":"EV charging","status":"unknown","source":"OpenStreetMap (charge-finder mirror)"}},{"type":"Feature","geometry":{"type":"Point","coordinates":[-80.858,35.2193]},"properties":{"name":"ChargePoint","network":"ChargePoint","stalls":2,"status":"unknown","source":"OpenStreetMap (charge-finder mirror)"}},{"type":"Feature","geometry":{"type":"Point","coordinates":[-73.5441,45.5527]},"properties":{"name":"Circuit \u00e9lectrique","network":"Circuit \u00e9lectrique","stalls":2,"status":"unknown","source":"OpenStreetMap (charge-finder mirror)"}},{"type":"Feature","geometry":{"type":"Point","coordinates":[-83.2341,33.0762]},"properties":{"name":"Georgia College","network":"Georgia College","stalls":2,"status":"24/7","source":"OpenStreetMap (charge-finder mirror)"}},{"type":"Feature","geometry":{"type":"Point","coordinates":[-97.8475,30.5617]},"properties":{"name":"ChargePoint","network":"ChargePoint","stalls":1,"status":"unknown","source":"OpenStreetMap (charge-finder mirror)"}},{"type":"Feature","geometry":{"type":"Point","coordinates":[-77.4137,36.1454]},"properties":{"name":"ChargePoint Charging Station","network":"EV charging","stalls":2,"status":"unknown","source":"OpenStreetMap (charge-finder mirror)"}},{"type":"Feature","geometry":{"type":"Point","coordinates":[-122.1708,47.5759]},"properties":{"name":"Volta","network":"Volta","stalls":1,"status":"unknown","source":"OpenStreetMap (charge-finder mirror)"}},{"type":"Feature","geometry":{"type":"Point","coordinates":[-122.1704,47.5786]},"properties":{"name":"Volta","network":"Volta","stalls":1,"status":"unknown","source":"OpenStreetMap (charge-finder mirror)"}},{"type":"Feature","geometry":{"type":"Point","coordinates":[-93.8832,39.1864]},"properties":{"name":"ChargePoint","network":"ChargePoint","stalls":4,"status":"unknown","source":"OpenStreetMap (charge-finder mirror)"}},{"type":"Feature","geometry":{"type":"Point","coordinates":[-93.884,39.1851]},"properties":{"name":"ChargePoint","network":"ChargePoint","stalls":4,"status":"unknown","source":"OpenStreetMap (charge-finder mirror)"}},{"type":"Feature","geometry":{"type":"Point","coordinates":[-106.925,37.847]},"properties":{"name":"ChargePoint","network":"ChargePoint","stalls":1,"status":"unknown","source":"OpenStreetMap (charge-finder mirror)"}},{"type":"Feature","geometry":{"type":"Point","coordinates":[-77.2628,38.8704]},"properties":{"name":"EV charging","network":"EV charging","status":"unknown","source":"OpenStreetMap (charge-finder mirror)"}},{"type":"Feature","geometry":{"type":"Point","coordinates":[-77.2628,38.8703]},"properties":{"name":"EV charging","network":"EV charging","status":"unknown","source":"OpenStreetMap (charge-finder mirror)"}},{"type":"Feature","geometry":{"type":"Point","coordinates":[-122.174,47.6786]},"properties":{"name":"Volta","network":"Volta","status":"unknown","source":"OpenStreetMap (charge-finder mirror)"}},{"type":"Feature","geometry":{"type":"Point","coordinates":[-72.1583,45.2689]},"properties":{"name":"FLO","network":"FLO","status":"unknown","source":"OpenStreetMap (charge-finder mirror)"}},{"type":"Feature","geometry":{"type":"Point","coordinates":[-71.3999,42.0859]},"properties":{"name":"AmpUp","network":"AmpUp","stalls":2,"status":"24/7","source":"OpenStreetMap (charge-finder mirror)"}},{"type":"Feature","geometry":{"type":"Point","coordinates":[-74.0038,40.7102]},"properties":{"name":"EV charging","network":"EV charging","status":"unknown","source":"OpenStreetMap (charge-finder mirror)"}},{"type":"Feature","geometry":{"type":"Point","coordinates":[-73.9696,40.7479]},"properties":{"name":"Bus Charging Station","network":"New York City Transit Authority","status":"unknown","source":"OpenStreetMap (charge-finder mirror)"}},{"type":"Feature","geometry":{"type":"Point","coordinates":[-73.6248,45.5201]},"properties":{"name":"EV charging","network":"EV charging","stalls":2,"status":"unknown","source":"OpenStreetMap (charge-finder mirror)"}},{"type":"Feature","geometry":{"type":"Point","coordinates":[-74.956,40.138]},"properties":{"name":"Volta Charging Station","network":"Volta","status":"unknown","source":"OpenStreetMap (charge-finder mirror)"}},{"type":"Feature","geometry":{"type":"Point","coordinates":[-74.9526,40.1384]},"properties":{"name":"Volta Charging Station","network":"Volta","status":"unknown","source":"OpenStreetMap (charge-finder mirror)"}},{"type":"Feature","geometry":{"type":"Point","coordinates":[-75.2794,40.117]},"properties":{"name":"Electrify America","network":"Electrify America","status":"unknown","source":"OpenStreetMap (charge-finder mirror)"}},{"type":"Feature","geometry":{"type":"Point","coordinates":[-75.0882,39.9971]},"properties":{"name":"eVgo","network":"eVgo","status":"unknown","source":"OpenStreetMap (charge-finder mirror)"}},{"type":"Feature","geometry":{"type":"Point","coordinates":[-122.154,47.6167]},"properties":{"name":"EV charging","network":"EV charging","stalls":1,"status":"unknown","source":"OpenStreetMap (charge-finder mirror)"}},{"type":"Feature","geometry":{"type":"Point","coordinates":[-118.394,33.8659]},"properties":{"name":"EV charging","network":"EV charging","stalls":1,"status":"unknown","source":"OpenStreetMap (charge-finder mirror)"}},{"type":"Feature","geometry":{"type":"Point","coordinates":[-97.3491,32.7516]},"properties":{"name":"EV charging","network":"EV charging","stalls":1,"status":"unknown","source":"OpenStreetMap (charge-finder mirror)"}},{"type":"Feature","geometry":{"type":"Point","coordinates":[-97.3509,32.7521]},"properties":{"name":"ChargePoint","network":"ChargePoint","stalls":1,"status":"24/7","source":"OpenStreetMap (charge-finder mirror)"}},{"type":"Feature","geometry":{"type":"Point","coordinates":[-84.7325,39.5118]},"properties":{"name":"Miami University","network":"Miami University","stalls":2,"status":"unknown","source":"OpenStreetMap (charge-finder mirror)"}},{"type":"Feature","geometry":{"type":"Point","coordinates":[-81.4382,41.5238]},"properties":{"name":"eVgo","network":"eVgo","stalls":6,"status":"unknown","source":"OpenStreetMap (charge-finder mirror)"}},{"type":"Feature","geometry":{"type":"Point","coordinates":[-122.9027,45.4966]},"properties":{"name":"ChargePoint","network":"ChargePoint","stalls":4,"status":"unknown","source":"OpenStreetMap (charge-finder mirror)"}},{"type":"Feature","geometry":{"type":"Point","coordinates":[-122.3265,47.6095]},"properties":{"name":"EV charging","network":"EV charging","status":"unknown","source":"OpenStreetMap (charge-finder mirror)"}},{"type":"Feature","geometry":{"type":"Point","coordinates":[-122.3266,47.6094]},"properties":{"name":"EV charging","network":"EV charging","status":"unknown","source":"OpenStreetMap (charge-finder mirror)"}},{"type":"Feature","geometry":{"type":"Point","coordinates":[-111.956,40.67]},"properties":{"name":"ChargePoint","network":"ChargePoint","stalls":2,"status":"unknown","source":"OpenStreetMap (charge-finder mirror)"}},{"type":"Feature","geometry":{"type":"Point","coordinates":[-111.956,40.67]},"properties":{"name":"ChargePoint","network":"ChargePoint","stalls":2,"status":"unknown","source":"OpenStreetMap (charge-finder mirror)"}},{"type":"Feature","geometry":{"type":"Point","coordinates":[-111.956,40.6701]},"properties":{"name":"ChargePoint","network":"ChargePoint","stalls":2,"status":"unknown","source":"OpenStreetMap (charge-finder mirror)"}},{"type":"Feature","geometry":{"type":"Point","coordinates":[-111.956,40.6702]},"properties":{"name":"ChargePoint","network":"ChargePoint","stalls":2,"status":"unknown","source":"OpenStreetMap (charge-finder mirror)"}},{"type":"Feature","geometry":{"type":"Point","coordinates":[-111.956,40.6703]},"properties":{"name":"ChargePoint","network":"ChargePoint","stalls":2,"status":"unknown","source":"OpenStreetMap (charge-finder mirror)"}},{"type":"Feature","geometry":{"type":"Point","coordinates":[-111.956,40.6704]},"properties":{"name":"ChargePoint","network":"ChargePoint","stalls":2,"status":"unknown","source":"OpenStreetMap (charge-finder mirror)"}},{"type":"Feature","geometry":{"type":"Point","coordinates":[-87.8675,41.7817]},"properties":{"name":"ChargePoint","network":"ChargePoint","status":"unknown","source":"OpenStreetMap (charge-finder mirror)"}},{"type":"Feature","geometry":{"type":"Point","coordinates":[-80.2967,25.9814]},"properties":{"name":"EV charging","network":"EV charging","stalls":2,"status":"unknown","source":"OpenStreetMap (charge-finder mirror)"}},{"type":"Feature","geometry":{"type":"Point","coordinates":[-71.7883,42.2851]},"properties":{"name":"ChargePoint","network":"ChargePoint","status":"unknown","source":"OpenStreetMap (charge-finder mirror)"}},{"type":"Feature","geometry":{"type":"Point","coordinates":[-78.6973,42.9464]},"properties":{"name":"EV Connect","network":"EV Connect","stalls":2,"status":"unknown","source":"OpenStreetMap (charge-finder mirror)"}},{"type":"Feature","geometry":{"type":"Point","coordinates":[-109.5679,37.2816]},"properties":{"name":"ChargePoint","network":"ChargePoint","stalls":2,"status":"24/7","source":"OpenStreetMap (charge-finder mirror)"}},{"type":"Feature","geometry":{"type":"Point","coordinates":[-71.6552,42.2842]},"properties":{"name":"Electrify America","network":"Electrify America","stalls":4,"status":"unknown","source":"OpenStreetMap (charge-finder mirror)"}},{"type":"Feature","geometry":{"type":"Point","coordinates":[-123.015,49.2552]},"properties":{"name":"FLO","network":"FLO","stalls":2,"status":"unknown","source":"OpenStreetMap (charge-finder mirror)"}},{"type":"Feature","geometry":{"type":"Point","coordinates":[-82.2315,39.46]},"properties":{"name":"EV charging","network":"EV charging","status":"unknown","source":"OpenStreetMap (charge-finder mirror)"}},{"type":"Feature","geometry":{"type":"Point","coordinates":[-118.3998,33.8735]},"properties":{"name":"EV charging","network":"EV charging","stalls":2,"status":"unknown","source":"OpenStreetMap (charge-finder mirror)"}},{"type":"Feature","geometry":{"type":"Point","coordinates":[-84.015,33.6335]},"properties":{"name":"Electrify America","network":"Electrify America","stalls":1,"status":"24/7","source":"OpenStreetMap (charge-finder mirror)"}},{"type":"Feature","geometry":{"type":"Point","coordinates":[-84.0149,33.6335]},"properties":{"name":"Electrify America","network":"Electrify America","stalls":1,"status":"24/7","source":"OpenStreetMap (charge-finder mirror)"}},{"type":"Feature","geometry":{"type":"Point","coordinates":[-121.9955,37.8205]},"properties":{"name":"ChargePoint","network":"ChargePoint","status":"unknown","source":"OpenStreetMap (charge-finder mirror)"}},{"type":"Feature","geometry":{"type":"Point","coordinates":[-122.1433,47.5806]},"properties":{"name":"EV charging","network":"EV charging","status":"unknown","source":"OpenStreetMap (charge-finder mirror)"}},{"type":"Feature","geometry":{"type":"Point","coordinates":[-122.144,47.5805]},"properties":{"name":"EV charging","network":"EV charging","status":"unknown","source":"OpenStreetMap (charge-finder mirror)"}},{"type":"Feature","geometry":{"type":"Point","coordinates":[-122.1431,47.5809]},"properties":{"name":"EV charging","network":"EV charging","status":"unknown","source":"OpenStreetMap (charge-finder mirror)"}},{"type":"Feature","geometry":{"type":"Point","coordinates":[-89.3752,43.0807]},"properties":{"name":"EV charging","network":"EV charging","status":"unknown","source":"OpenStreetMap (charge-finder mirror)"}},{"type":"Feature","geometry":{"type":"Point","coordinates":[-89.3751,43.0808]},"properties":{"name":"EV charging","network":"EV charging","status":"unknown","source":"OpenStreetMap (charge-finder mirror)"}},{"type":"Feature","geometry":{"type":"Point","coordinates":[-121.7239,38.6714]},"properties":{"name":"ChargePoint","network":"ChargePoint","stalls":3,"status":"unknown","source":"OpenStreetMap (charge-finder mirror)"}},{"type":"Feature","geometry":{"type":"Point","coordinates":[-121.5415,38.6567]},"properties":{"name":"EV charging","network":"EV charging","stalls":1,"status":"unknown","source":"OpenStreetMap (charge-finder mirror)"}},{"type":"Feature","geometry":{"type":"Point","coordinates":[-121.5106,38.6569]},"properties":{"name":"EV charging","network":"EV charging","status":"unknown","source":"OpenStreetMap (charge-finder mirror)"}},{"type":"Feature","geometry":{"type":"Point","coordinates":[-121.4936,38.6384]},"properties":{"name":"EV charging","network":"EV charging","status":"unknown","source":"OpenStreetMap (charge-finder mirror)"}},{"type":"Feature","geometry":{"type":"Point","coordinates":[-121.6991,38.5542]},"properties":{"name":"ChargePoint","network":"ChargePoint","status":"unknown","source":"OpenStreetMap (charge-finder mirror)"}},{"type":"Feature","geometry":{"type":"Point","coordinates":[-71.1199,42.3963]},"properties":{"name":"ChargePoint","network":"ChargePoint","status":"unknown","source":"OpenStreetMap (charge-finder mirror)"}},{"type":"Feature","geometry":{"type":"Point","coordinates":[-74.6032,46.1749]},"properties":{"name":"Le Circuit \u00c9lectrique","network":"Le Circuit \u00c9lectrique","status":"unknown","source":"OpenStreetMap (charge-finder mirror)"}},{"type":"Feature","geometry":{"type":"Point","coordinates":[-111.6655,35.2016]},"properties":{"name":"Lowell Observatory","network":"Lowell Observatory","stalls":2,"status":"unknown","source":"OpenStreetMap (charge-finder mirror)"}},{"type":"Feature","geometry":{"type":"Point","coordinates":[-122.2921,47.723]},"properties":{"name":"Electrify America Charging Station","network":"Electrify America","stalls":4,"status":"unknown","source":"OpenStreetMap (charge-finder mirror)"}},{"type":"Feature","geometry":{"type":"Point","coordinates":[-122.2925,47.7237]},"properties":{"name":"Blink Charging Station","network":"Blink","stalls":3,"status":"24/7","source":"OpenStreetMap (charge-finder mirror)"}},{"type":"Feature","geometry":{"type":"Point","coordinates":[-123.4345,48.1161]},"properties":{"name":"Volta","network":"Volta","status":"unknown","source":"OpenStreetMap (charge-finder mirror)"}},{"type":"Feature","geometry":{"type":"Point","coordinates":[-112.5438,37.1256]},"properties":{"name":"Best Friends Animal Society","network":"Best Friends Animal Society","stalls":2,"status":"unknown","source":"OpenStreetMap (charge-finder mirror)"}},{"type":"Feature","geometry":{"type":"Point","coordinates":[-78.8713,42.883]},"properties":{"name":"EV charging","network":"EV charging","status":"unknown","source":"OpenStreetMap (charge-finder mirror)"}},{"type":"Feature","geometry":{"type":"Point","coordinates":[-76.5362,38.6925]},"properties":{"name":"Shell Recharge Solutions","network":"Shell Recharge Solutions","status":"unknown","source":"OpenStreetMap (charge-finder mirror)"}},{"type":"Feature","geometry":{"type":"Point","coordinates":[-76.5361,38.6925]},"properties":{"name":"Shell Recharge Solutions","network":"Shell Recharge Solutions","status":"unknown","source":"OpenStreetMap (charge-finder mirror)"}},{"type":"Feature","geometry":{"type":"Point","coordinates":[-122.2673,47.832]},"properties":{"name":"Electrify America","network":"Electrify America","stalls":4,"status":"unknown","source":"OpenStreetMap (charge-finder mirror)"}},{"type":"Feature","geometry":{"type":"Point","coordinates":[-75.9464,43.9792]},"properties":{"name":"Evolve NY Chargers","network":"Evolve NY","status":"unknown","source":"OpenStreetMap (charge-finder mirror)"}},{"type":"Feature","geometry":{"type":"Point","coordinates":[-119.7481,38.941]},"properties":{"name":"EV charging","network":"EV charging","stalls":2,"status":"unknown","source":"OpenStreetMap (charge-finder mirror)"}},{"type":"Feature","geometry":{"type":"Point","coordinates":[-119.7464,38.9398]},"properties":{"name":"EV charging","network":"EV charging","stalls":2,"status":"unknown","source":"OpenStreetMap (charge-finder mirror)"}},{"type":"Feature","geometry":{"type":"Point","coordinates":[-119.7635,38.9537]},"properties":{"name":"EV charging","network":"EV charging","status":"unknown","source":"OpenStreetMap (charge-finder mirror)"}},{"type":"Feature","geometry":{"type":"Point","coordinates":[-119.7674,39.1614]},"properties":{"name":"Bank Saloon","network":"Bank Saloon","status":"unknown","source":"OpenStreetMap (charge-finder mirror)"}},{"type":"Feature","geometry":{"type":"Point","coordinates":[-86.4745,33.5798]},"properties":{"name":"ChargeLab","network":"ChargeLab","stalls":1,"status":"unknown","source":"OpenStreetMap (charge-finder mirror)"}},{"type":"Feature","geometry":{"type":"Point","coordinates":[-111.8365,41.7351]},"properties":{"name":"EV charging","network":"EV charging","status":"unknown","source":"OpenStreetMap (charge-finder mirror)"}},{"type":"Feature","geometry":{"type":"Point","coordinates":[-77.4778,43.0623]},"properties":{"name":"Evoke","network":"Evoke","stalls":2,"status":"unknown","source":"OpenStreetMap (charge-finder mirror)"}},{"type":"Feature","geometry":{"type":"Point","coordinates":[-122.316,47.7093]},"properties":{"name":"eVgo","network":"EVgo","stalls":2,"status":"unknown","source":"OpenStreetMap (charge-finder mirror)"}},{"type":"Feature","geometry":{"type":"Point","coordinates":[-86.6684,33.5238]},"properties":{"name":"ChargePoint","network":"ChargePoint","stalls":1,"status":"24/7","source":"OpenStreetMap (charge-finder mirror)"}},{"type":"Feature","geometry":{"type":"Point","coordinates":[-71.3701,46.7634]},"properties":{"name":"EV charging","network":"EV charging","status":"unknown","source":"OpenStreetMap (charge-finder mirror)"}},{"type":"Feature","geometry":{"type":"Point","coordinates":[-71.3783,46.7376]},"properties":{"name":"EV charging","network":"EV charging","status":"unknown","source":"OpenStreetMap (charge-finder mirror)"}},{"type":"Feature","geometry":{"type":"Point","coordinates":[-71.3469,46.7775]},"properties":{"name":"EV charging","network":"EV charging","status":"unknown","source":"OpenStreetMap (charge-finder mirror)"}},{"type":"Feature","geometry":{"type":"Point","coordinates":[-71.3316,46.779]},"properties":{"name":"EV charging","network":"EV charging","status":"unknown","source":"OpenStreetMap (charge-finder mirror)"}},{"type":"Feature","geometry":{"type":"Point","coordinates":[-71.3547,46.7733]},"properties":{"name":"EV charging","network":"EV charging","status":"unknown","source":"OpenStreetMap (charge-finder mirror)"}},{"type":"Feature","geometry":{"type":"Point","coordinates":[-72.9165,41.3111]},"properties":{"name":"EV charging","network":"EV charging","stalls":2,"status":"unknown","source":"OpenStreetMap (charge-finder mirror)"}},{"type":"Feature","geometry":{"type":"Point","coordinates":[-73.9441,40.7757]},"properties":{"name":"plugNYC","network":"EV charging","status":"unknown","source":"OpenStreetMap (charge-finder mirror)"}},{"type":"Feature","geometry":{"type":"Point","coordinates":[-122.3381,37.5204]},"properties":{"name":"Electrify America","network":"Electrify America","stalls":4,"status":"unknown","source":"OpenStreetMap (charge-finder mirror)"}},{"type":"Feature","geometry":{"type":"Point","coordinates":[-117.2313,32.8685]},"properties":{"name":"EV charging","network":"EV charging","status":"unknown","source":"OpenStreetMap (charge-finder mirror)"}},{"type":"Feature","geometry":{"type":"Point","coordinates":[-81.6366,30.4854]},"properties":{"name":"ALDI","network":"ALDI","status":"unknown","source":"OpenStreetMap (charge-finder mirror)"}},{"type":"Feature","geometry":{"type":"Point","coordinates":[-87.8819,41.9968]},"properties":{"name":"ChargePoint","network":"ChargePoint","status":"unknown","source":"OpenStreetMap (charge-finder mirror)"}},{"type":"Feature","geometry":{"type":"Point","coordinates":[-118.3168,33.8723]},"properties":{"name":"Volta","network":"Volta","stalls":1,"status":"unknown","source":"OpenStreetMap (charge-finder mirror)"}},{"type":"Feature","geometry":{"type":"Point","coordinates":[-71.1204,42.3071]},"properties":{"name":"EV charging","network":"EV charging","status":"unknown","source":"OpenStreetMap (charge-finder mirror)"}},{"type":"Feature","geometry":{"type":"Point","coordinates":[-74.3389,45.2118]},"properties":{"name":"Le Circuit \u00c9lectrique","network":"Le Circuit \u00c9lectrique","stalls":4,"status":"unknown","source":"OpenStreetMap (charge-finder mirror)"}},{"type":"Feature","geometry":{"type":"Point","coordinates":[-91.4284,44.7747]},"properties":{"name":"Electrify America","network":"Electrify America","stalls":1,"status":"unknown","source":"OpenStreetMap (charge-finder mirror)"}},{"type":"Feature","geometry":{"type":"Point","coordinates":[-91.4283,44.7748]},"properties":{"name":"Electrify America","network":"Electrify America","stalls":1,"status":"unknown","source":"OpenStreetMap (charge-finder mirror)"}},{"type":"Feature","geometry":{"type":"Point","coordinates":[-74.0385,45.4106]},"properties":{"name":"EV charging","network":"EV charging","stalls":2,"status":"unknown","source":"OpenStreetMap (charge-finder mirror)"}},{"type":"Feature","geometry":{"type":"Point","coordinates":[-104.813,39.8875]},"properties":{"name":"Electrify America","network":"Electrify America","stalls":6,"status":"unknown","source":"OpenStreetMap (charge-finder mirror)"}},{"type":"Feature","geometry":{"type":"Point","coordinates":[-89.299,43.155]},"properties":{"name":"Chargepoint","network":"ChargePoint","stalls":2,"status":"unknown","source":"OpenStreetMap (charge-finder mirror)"}},{"type":"Feature","geometry":{"type":"Point","coordinates":[-107.3448,39.5561]},"properties":{"name":"Electrify America","network":"Electrify America","stalls":8,"status":"24/7","source":"OpenStreetMap (charge-finder mirror)"}},{"type":"Feature","geometry":{"type":"Point","coordinates":[-118.3967,33.9248]},"properties":{"name":"Blink","network":"Blink","status":"unknown","source":"OpenStreetMap (charge-finder mirror)"}},{"type":"Feature","geometry":{"type":"Point","coordinates":[-76.7364,39.388]},"properties":{"name":"EV charging","network":"EV charging","stalls":2,"status":"24/7","source":"OpenStreetMap (charge-finder mirror)"}},{"type":"Feature","geometry":{"type":"Point","coordinates":[-92.8989,44.9457]},"properties":{"name":"Electrify America","network":"Electrify America","stalls":1,"status":"unknown","source":"OpenStreetMap (charge-finder mirror)"}},{"type":"Feature","geometry":{"type":"Point","coordinates":[-92.8989,44.9457]},"properties":{"name":"Electrify America","network":"Electrify America","stalls":1,"status":"unknown","source":"OpenStreetMap (charge-finder mirror)"}},{"type":"Feature","geometry":{"type":"Point","coordinates":[-92.8988,44.9457]},"properties":{"name":"Electrify America","network":"Electrify America","stalls":1,"status":"unknown","source":"OpenStreetMap (charge-finder mirror)"}},{"type":"Feature","geometry":{"type":"Point","coordinates":[-92.8987,44.9457]},"properties":{"name":"Electrify America","network":"Electrify America","stalls":1,"status":"unknown","source":"OpenStreetMap (charge-finder mirror)"}},{"type":"Feature","geometry":{"type":"Point","coordinates":[-106.8185,39.1919]},"properties":{"name":"ChargePoint","network":"ChargePoint","stalls":1,"status":"unknown","source":"OpenStreetMap (charge-finder mirror)"}},{"type":"Feature","geometry":{"type":"Point","coordinates":[-122.1815,48.1517]},"properties":{"name":"EV charging","network":"EV charging","status":"unknown","source":"OpenStreetMap (charge-finder mirror)"}},{"type":"Feature","geometry":{"type":"Point","coordinates":[-82.3756,29.6252]},"properties":{"name":"ChargePoint","network":"ChargePoint","stalls":2,"status":"24/7","source":"OpenStreetMap (charge-finder mirror)"}},{"type":"Feature","geometry":{"type":"Point","coordinates":[-90.5086,44.0192]},"properties":{"name":"Electrify America","network":"Electrify America","stalls":1,"status":"unknown","source":"OpenStreetMap (charge-finder mirror)"}},{"type":"Feature","geometry":{"type":"Point","coordinates":[-90.5086,44.0192]},"properties":{"name":"Electrify America","network":"Electrify America","stalls":1,"status":"unknown","source":"OpenStreetMap (charge-finder mirror)"}},{"type":"Feature","geometry":{"type":"Point","coordinates":[-90.5083,44.0181]},"properties":{"name":"EV charging","network":"EV charging","status":"unknown","source":"OpenStreetMap (charge-finder mirror)"}},{"type":"Feature","geometry":{"type":"Point","coordinates":[-71.0948,42.3797]},"properties":{"name":"EV charging","network":"EV charging","status":"unknown","source":"OpenStreetMap (charge-finder mirror)"}},{"type":"Feature","geometry":{"type":"Point","coordinates":[-117.2193,32.8746]},"properties":{"name":"ChargePoint","network":"ChargePoint","stalls":2,"status":"unknown","source":"OpenStreetMap (charge-finder mirror)"}},{"type":"Feature","geometry":{"type":"Point","coordinates":[-73.5408,45.5541]},"properties":{"name":"Circuit \u00e9lectrique","network":"Circuit \u00e9lectrique","stalls":2,"status":"unknown","source":"OpenStreetMap (charge-finder mirror)"}},{"type":"Feature","geometry":{"type":"Point","coordinates":[-73.5409,45.554]},"properties":{"name":"Circuit \u00e9lectrique","network":"Circuit \u00e9lectrique","stalls":2,"status":"unknown","source":"OpenStreetMap (charge-finder mirror)"}},{"type":"Feature","geometry":{"type":"Point","coordinates":[-78.8212,43.0022]},"properties":{"name":"EV charging","network":"EV charging","stalls":1,"status":"unknown","source":"OpenStreetMap (charge-finder mirror)"}},{"type":"Feature","geometry":{"type":"Point","coordinates":[-78.8872,43.0191]},"properties":{"name":"ChargePoint","network":"ChargePoint","stalls":2,"status":"unknown","source":"OpenStreetMap (charge-finder mirror)"}},{"type":"Feature","geometry":{"type":"Point","coordinates":[-78.8386,42.971]},"properties":{"name":"ChargePoint","network":"ChargePoint","stalls":4,"status":"unknown","source":"OpenStreetMap (charge-finder mirror)"}},{"type":"Feature","geometry":{"type":"Point","coordinates":[-78.8261,43.0226]},"properties":{"name":"ChargePoint","network":"ChargePoint","stalls":2,"status":"unknown","source":"OpenStreetMap (charge-finder mirror)"}},{"type":"Feature","geometry":{"type":"Point","coordinates":[-79.5603,43.6128]},"properties":{"name":"FLO","network":"FLO","status":"unknown","source":"OpenStreetMap (charge-finder mirror)"}},{"type":"Feature","geometry":{"type":"Point","coordinates":[-74.2978,40.2504]},"properties":{"name":"EV charging","network":"EV charging","status":"unknown","source":"OpenStreetMap (charge-finder mirror)"}},{"type":"Feature","geometry":{"type":"Point","coordinates":[-73.6758,45.5517]},"properties":{"name":"Circuit \u00e9lectrique","network":"Circuit \u00e9lectrique","stalls":2,"status":"unknown","source":"OpenStreetMap (charge-finder mirror)"}},{"type":"Feature","geometry":{"type":"Point","coordinates":[-73.5546,45.605]},"properties":{"name":"Circuit \u00e9lectrique","network":"Hydro-Qu\u00e9bec","stalls":1,"status":"unknown","source":"OpenStreetMap (charge-finder mirror)"}},{"type":"Feature","geometry":{"type":"Point","coordinates":[-118.016,33.8046]},"properties":{"name":"eVgo","network":"eVgo","status":"unknown","source":"OpenStreetMap (charge-finder mirror)"}},{"type":"Feature","geometry":{"type":"Point","coordinates":[-90.6642,42.4968]},"properties":{"name":"EV charging","network":"EV charging","status":"unknown","source":"OpenStreetMap (charge-finder mirror)"}},{"type":"Feature","geometry":{"type":"Point","coordinates":[-96.824,32.9671]},"properties":{"name":"Bank of America Addison","network":"Bank of America Addison","status":"Mo-Fr 08:00-17:00","source":"OpenStreetMap (charge-finder mirror)"}},{"type":"Feature","geometry":{"type":"Point","coordinates":[-98.4634,29.471]},"properties":{"name":"CPSESATX CENTRALMKT_GW01","network":"CPSESATX CENTRALMKT_GW01","status":"24/7","source":"OpenStreetMap (charge-finder mirror)"}},{"type":"Feature","geometry":{"type":"Point","coordinates":[-98.4634,29.4709]},"properties":{"name":"CPSESATX CENTRALMKT_GW04","network":"CPSESATX CENTRALMKT_GW04","status":"24/7","source":"OpenStreetMap (charge-finder mirror)"}},{"type":"Feature","geometry":{"type":"Point","coordinates":[-97.164,33.2318]},"properties":{"name":"Kohls Denton TX","network":"Kohls Denton TX","status":"24/7","source":"OpenStreetMap (charge-finder mirror)"}},{"type":"Feature","geometry":{"type":"Point","coordinates":[-97.1141,33.1735]},"properties":{"name":"ChargePoint","network":"ChargePoint","status":"24/7","source":"OpenStreetMap (charge-finder mirror)"}},{"type":"Feature","geometry":{"type":"Point","coordinates":[-118.016,33.8046]},"properties":{"name":"eVgo","network":"eVgo","status":"unknown","source":"OpenStreetMap (charge-finder mirror)"}},{"type":"Feature","geometry":{"type":"Point","coordinates":[-118.0159,33.8047]},"properties":{"name":"eVgo","network":"eVgo","status":"unknown","source":"OpenStreetMap (charge-finder mirror)"}},{"type":"Feature","geometry":{"type":"Point","coordinates":[-118.0159,33.8047]},"properties":{"name":"eVgo","network":"eVgo","status":"unknown","source":"OpenStreetMap (charge-finder mirror)"}},{"type":"Feature","geometry":{"type":"Point","coordinates":[-96.3996,30.1406]},"properties":{"name":"EV charging","network":"EV charging","status":"unknown","source":"OpenStreetMap (charge-finder mirror)"}},{"type":"Feature","geometry":{"type":"Point","coordinates":[-96.3997,30.1406]},"properties":{"name":"EV charging","network":"EV charging","status":"unknown","source":"OpenStreetMap (charge-finder mirror)"}},{"type":"Feature","geometry":{"type":"Point","coordinates":[-96.8281,32.9266]},"properties":{"name":"Clay Cooley Nissan","network":"Clay Cooley Nissan","status":"unknown","source":"OpenStreetMap (charge-finder mirror)"}},{"type":"Feature","geometry":{"type":"Point","coordinates":[-96.9151,32.9099]},"properties":{"name":"The Towers at Mercer Crossing","network":"Blink","stalls":3,"status":"24/7","source":"OpenStreetMap (charge-finder mirror)"}},{"type":"Feature","geometry":{"type":"Point","coordinates":[-96.9206,32.911]},"properties":{"name":"The Luxe at Mercer Crossing","network":"Blink","stalls":3,"status":"unknown","source":"OpenStreetMap (charge-finder mirror)"}},{"type":"Feature","geometry":{"type":"Point","coordinates":[-96.8736,32.9326]},"properties":{"name":"Farmers Branch Manske Library","network":"Farmers Branch Manske Library","status":"24/7","source":"OpenStreetMap (charge-finder mirror)"}},{"type":"Feature","geometry":{"type":"Point","coordinates":[-97.0675,33.1571]},"properties":{"name":"Gunn Nissan Denton","network":"Gunn Nissan Denton","status":"unknown","source":"OpenStreetMap (charge-finder mirror)"}},{"type":"Feature","geometry":{"type":"Point","coordinates":[-111.9159,33.3105]},"properties":{"name":"Garmin International","network":"Garmin International","stalls":8,"status":"unknown","source":"OpenStreetMap (charge-finder mirror)"}},{"type":"Feature","geometry":{"type":"Point","coordinates":[-89.7612,43.602]},"properties":{"name":"EV charging","network":"EV charging","stalls":1,"status":"unknown","source":"OpenStreetMap (charge-finder mirror)"}},{"type":"Feature","geometry":{"type":"Point","coordinates":[-101.9389,35.1594]},"properties":{"name":"McGavock Nissan Amarillo","network":"McGavock Nissan Amarillo","status":"unknown","source":"OpenStreetMap (charge-finder mirror)"}},{"type":"Feature","geometry":{"type":"Point","coordinates":[-101.9376,35.1591]},"properties":{"name":"PETE'S CHARGER KIA CHARGER","network":"PETE'S CHARGER KIA CHARGER","status":"Mo-Su 07:30-17:00","source":"OpenStreetMap (charge-finder mirror)"}},{"type":"Feature","geometry":{"type":"Point","coordinates":[-96.682,33.0918]},"properties":{"name":"ChargePoint","network":"ChargePoint","status":"24/7","source":"OpenStreetMap (charge-finder mirror)"}},{"type":"Feature","geometry":{"type":"Point","coordinates":[-96.6872,33.0853]},"properties":{"name":"Inkwell Watters Creek Apartments","network":"Inkwell Watters Creek Apartments","status":"24/7","source":"OpenStreetMap (charge-finder mirror)"}},{"type":"Feature","geometry":{"type":"Point","coordinates":[-95.2346,29.4541]},"properties":{"name":"Nissan of Alvin","network":"Nissan of Alvin","status":"unknown","source":"OpenStreetMap (charge-finder mirror)"}},{"type":"Feature","geometry":{"type":"Point","coordinates":[-95.2195,29.4203]},"properties":{"name":"PNMR STATION 1B","network":"PNMR STATION 1B","status":"24/7","source":"OpenStreetMap (charge-finder mirror)"}},{"type":"Feature","geometry":{"type":"Point","coordinates":[-96.1171,30.602]},"properties":{"name":"ChargePoint","network":"ChargePoint","status":"24/7","source":"OpenStreetMap (charge-finder mirror)"}},{"type":"Feature","geometry":{"type":"Point","coordinates":[-97.1278,32.6798]},"properties":{"name":"Volta","network":"Volta","status":"Mo-Su 06:00-00:00","source":"OpenStreetMap (charge-finder mirror)"}},{"type":"Feature","geometry":{"type":"Point","coordinates":[-97.1312,32.679]},"properties":{"name":"Volta","network":"Volta","status":"Mo-Su 06:00-00:00","source":"OpenStreetMap (charge-finder mirror)"}},{"type":"Feature","geometry":{"type":"Point","coordinates":[-97.0815,32.7457]},"properties":{"name":"Globe Life Park in Arlington Lot W","network":"Globe Life Park in Arlington Lot W","status":"Mo-Su 00:00-01:00,07:00-00:00","source":"OpenStreetMap (charge-finder mirror)"}},{"type":"Feature","geometry":{"type":"Point","coordinates":[-97.0868,32.7537]},"properties":{"name":"Globe Life Park in Arlington","network":"Globe Life Park in Arlington","status":"Mo-Su 00:00-01:00,07:00-00:00","source":"OpenStreetMap (charge-finder mirror)"}},{"type":"Feature","geometry":{"type":"Point","coordinates":[-97.0928,32.6831]},"properties":{"name":"AOC III","network":"AOC III","status":"unknown","source":"OpenStreetMap (charge-finder mirror)"}},{"type":"Feature","geometry":{"type":"Point","coordinates":[-97.0633,32.77]},"properties":{"name":"Cracker Barrel","network":"Cracker Barrel","status":"24/7","source":"OpenStreetMap (charge-finder mirror)"}},{"type":"Feature","geometry":{"type":"Point","coordinates":[-97.1358,32.6577]},"properties":{"name":"CHPT EVSE ARLINGTON 1","network":"CHPT EVSE ARLINGTON 1","status":"Mo-Su 07:00-22:00","source":"OpenStreetMap (charge-finder mirror)"}},{"type":"Feature","geometry":{"type":"Point","coordinates":[-97.0787,32.6051]},"properties":{"name":"PRA STATION 1","network":"PRA STATION 1","status":"24/7","source":"OpenStreetMap (charge-finder mirror)"}},{"type":"Feature","geometry":{"type":"Point","coordinates":[-97.1083,32.7325]},"properties":{"name":"UTA COLLEGE PARK #1","network":"UTA COLLEGE PARK #1","status":"24/7","source":"OpenStreetMap (charge-finder mirror)"}},{"type":"Feature","geometry":{"type":"Point","coordinates":[-97.1266,32.7264]},"properties":{"name":"UTA MAV STAD LOT 26","network":"UTA MAV STAD LOT 26","status":"24/7","source":"OpenStreetMap (charge-finder mirror)"}},{"type":"Feature","geometry":{"type":"Point","coordinates":[-96.937,33.2217]},"properties":{"name":"Walgreens","network":"Walgreens","status":"24/7","source":"OpenStreetMap (charge-finder mirror)"}},{"type":"Feature","geometry":{"type":"Point","coordinates":[-97.9448,30.3846]},"properties":{"name":"TRAVIS STATION 2","network":"TRAVIS STATION 2","status":"24/7","source":"OpenStreetMap (charge-finder mirror)"}},{"type":"Feature","geometry":{"type":"Point","coordinates":[-97.946,30.3844]},"properties":{"name":"TRAVIS STATION 3","network":"TRAVIS STATION 3","status":"24/7","source":"OpenStreetMap (charge-finder mirror)"}},{"type":"Feature","geometry":{"type":"Point","coordinates":[-97.9465,30.3131]},"properties":{"name":"GALLERIA OAKS 1","network":"GALLERIA OAKS 1","status":"24/7","source":"OpenStreetMap (charge-finder mirror)"}},{"type":"Feature","geometry":{"type":"Point","coordinates":[-97.9824,30.2028]},"properties":{"name":"VIEW @ BELTERRA STATION #1","network":"VIEW @ BELTERRA STATION #1","status":"24/7","source":"OpenStreetMap (charge-finder mirror)"}},{"type":"Feature","geometry":{"type":"Point","coordinates":[-97.7863,30.1966]},"properties":{"name":"McDonald's @ 500 W William Cannon Dr","network":"McDonald's @ 500 W William Cannon Dr","status":"24/7","source":"OpenStreetMap (charge-finder mirror)"}},{"type":"Feature","geometry":{"type":"Point","coordinates":[-97.8327,30.2149]},"properties":{"name":"Firestone Complete Auto Care Southcross Plaza Shopping Center","network":"Firestone Complete Auto Care Southcross Plaza Shopping Center","status":"24/7","source":"OpenStreetMap (charge-finder mirror)"}},{"type":"Feature","geometry":{"type":"Point","coordinates":[-97.7331,30.4384]},"properties":{"name":"The Monterra Apartments","network":"The Monterra Apartments","status":"24/7","source":"OpenStreetMap (charge-finder mirror)"}},{"type":"Feature","geometry":{"type":"Point","coordinates":[-122.0475,37.0853]},"properties":{"name":"EV charging","network":"EV charging","status":"unknown","source":"OpenStreetMap (charge-finder mirror)"}},{"type":"Feature","geometry":{"type":"Point","coordinates":[-97.0592,32.8246]},"properties":{"name":"EV charging","network":"EV charging","stalls":1,"status":"24/7","source":"OpenStreetMap (charge-finder mirror)"}},{"type":"Feature","geometry":{"type":"Point","coordinates":[-92.7218,44.9688]},"properties":{"name":"EV charging","network":"EV charging","status":"unknown","source":"OpenStreetMap (charge-finder mirror)"}},{"type":"Feature","geometry":{"type":"Point","coordinates":[-77.0106,38.982]},"properties":{"name":"EV charging","network":"EV charging","status":"unknown","source":"OpenStreetMap (charge-finder mirror)"}},{"type":"Feature","geometry":{"type":"Point","coordinates":[-97.8589,30.2475]},"properties":{"name":"ChargePoint","network":"ChargePoint","stalls":2,"status":"24/7","source":"OpenStreetMap (charge-finder mirror)"}},{"type":"Feature","geometry":{"type":"Point","coordinates":[-97.8634,30.251]},"properties":{"name":"ChargePoint","network":"ChargePoint","stalls":2,"status":"24/7","source":"OpenStreetMap (charge-finder mirror)"}},{"type":"Feature","geometry":{"type":"Point","coordinates":[-97.8733,30.3833]},"properties":{"name":"STEINER RANCH EV CHARGER #1","network":"STEINER RANCH EV CHARGER #1","stalls":2,"status":"24/7","source":"OpenStreetMap (charge-finder mirror)"}},{"type":"Feature","geometry":{"type":"Point","coordinates":[-97.8774,30.3809]},"properties":{"name":"MERITAGE STATIONorth 2","network":"MERITAGE STATIONorth 2","status":"24/7","source":"OpenStreetMap (charge-finder mirror)"}},{"type":"Feature","geometry":{"type":"Point","coordinates":[-97.8868,30.3858]},"properties":{"name":"PIE AE TACARASR1","network":"PIE AE TACARASR1","stalls":2,"status":"24/7","source":"OpenStreetMap (charge-finder mirror)"}},{"type":"Feature","geometry":{"type":"Point","coordinates":[-97.8879,30.2312]},"properties":{"name":"ChargePoint","network":"ChargePoint","status":"24/7","source":"OpenStreetMap (charge-finder mirror)"}},{"type":"Feature","geometry":{"type":"Point","coordinates":[-97.89,30.2487]},"properties":{"name":"ChargePoint","network":"ChargePoint","stalls":2,"status":"24/7","source":"OpenStreetMap (charge-finder mirror)"}},{"type":"Feature","geometry":{"type":"Point","coordinates":[-75.6325,35.9641]},"properties":{"name":"ChargePoint","network":"ChargePoint","stalls":2,"status":"unknown","source":"OpenStreetMap (charge-finder mirror)"}},{"type":"Feature","geometry":{"type":"Point","coordinates":[-92.0957,46.786]},"properties":{"name":"EV charging","network":"EV charging","stalls":2,"status":"unknown","source":"OpenStreetMap (charge-finder mirror)"}},{"type":"Feature","geometry":{"type":"Point","coordinates":[-92.0959,46.7859]},"properties":{"name":"EV charging","network":"EV charging","stalls":2,"status":"unknown","source":"OpenStreetMap (charge-finder mirror)"}},{"type":"Feature","geometry":{"type":"Point","coordinates":[-111.0359,45.7004]},"properties":{"name":"Northwestern Energy","network":"Northwestern Energy","status":"24/7","source":"OpenStreetMap (charge-finder mirror)"}},{"type":"Feature","geometry":{"type":"Point","coordinates":[-97.8295,30.2161]},"properties":{"name":"ChargePoint","network":"ChargePoint","stalls":2,"status":"24/7","source":"OpenStreetMap (charge-finder mirror)"}},{"type":"Feature","geometry":{"type":"Point","coordinates":[-97.846,30.2468]},"properties":{"name":"ChargePoint","network":"ChargePoint","stalls":2,"status":"24/7","source":"OpenStreetMap (charge-finder mirror)"}},{"type":"Feature","geometry":{"type":"Point","coordinates":[-97.8481,30.4053]},"properties":{"name":"ChargePoint","network":"ChargePoint","stalls":2,"status":"24/7","source":"OpenStreetMap (charge-finder mirror)"}},{"type":"Feature","geometry":{"type":"Point","coordinates":[-97.8582,30.2476]},"properties":{"name":"ChargePoint","network":"ChargePoint","stalls":2,"status":"24/7","source":"OpenStreetMap (charge-finder mirror)"}},{"type":"Feature","geometry":{"type":"Point","coordinates":[-97.8078,30.3379]},"properties":{"name":"HPI 3700 3900 SC #2","network":"ChargePoint","stalls":2,"status":"24/7","source":"OpenStreetMap (charge-finder mirror)"}},{"type":"Feature","geometry":{"type":"Point","coordinates":[-97.808,30.3379]},"properties":{"name":"HPI 3700 3900 SC 3","network":"ChargePoint","stalls":2,"status":"24/7","source":"OpenStreetMap (charge-finder mirror)"}},{"type":"Feature","geometry":{"type":"Point","coordinates":[-97.8183,30.2441]},"properties":{"name":"GAINESRANCH GAINES 1","network":"ChargePoint","stalls":2,"status":"24/7","source":"OpenStreetMap (charge-finder mirror)"}},{"type":"Feature","geometry":{"type":"Point","coordinates":[-97.8263,30.2913]},"properties":{"name":"ENDEAVOR REG VILL WESTLAKE 1","network":"ChargePoint","stalls":2,"status":"24/7","source":"OpenStreetMap (charge-finder mirror)"}},{"type":"Feature","geometry":{"type":"Point","coordinates":[-97.8277,30.2925]},"properties":{"name":"PIE AE WEST LAKE DC1","network":"ChargePoint","stalls":1,"status":"24/7","source":"OpenStreetMap (charge-finder mirror)"}},{"type":"Feature","geometry":{"type":"Point","coordinates":[-97.8277,30.2925]},"properties":{"name":"PIE AE WEST LAKE DC4","network":"ChargePoint","stalls":1,"status":"24/7","source":"OpenStreetMap (charge-finder mirror)"}},{"type":"Feature","geometry":{"type":"Point","coordinates":[-97.8012,30.1853]},"properties":{"name":"PIE AE PUBDITTMAR1","network":"ChargePoint","stalls":2,"status":"24/7","source":"OpenStreetMap (charge-finder mirror)"}},{"type":"Feature","geometry":{"type":"Point","coordinates":[-97.8017,30.3722]},"properties":{"name":"LADERA BEND GATED GARAGE 2","network":"ChargePoint","stalls":2,"status":"24/7","source":"OpenStreetMap (charge-finder mirror)"}},{"type":"Feature","geometry":{"type":"Point","coordinates":[-97.8018,30.3724]},"properties":{"name":"LADERA BEND GATED GARAGE GW","network":"ChargePoint","stalls":2,"status":"24/7","source":"OpenStreetMap (charge-finder mirror)"}},{"type":"Feature","geometry":{"type":"Point","coordinates":[-97.8029,30.3554]},"properties":{"name":"PENNYBACKER AQUILA BRDG PT1","network":"ChargePoint","stalls":2,"status":"24/7","source":"OpenStreetMap (charge-finder mirror)"}},{"type":"Feature","geometry":{"type":"Point","coordinates":[-97.8065,30.3369]},"properties":{"name":"HPI 3700 EV 2","network":"ChargePoint","stalls":1,"status":"24/7","source":"OpenStreetMap (charge-finder mirror)"}},{"type":"Feature","geometry":{"type":"Point","coordinates":[-97.8065,30.3368]},"properties":{"name":"HPI 3700 EV 4","network":"ChargePoint","stalls":1,"status":"24/7","source":"OpenStreetMap (charge-finder mirror)"}},{"type":"Feature","geometry":{"type":"Point","coordinates":[-97.8065,30.3369]},"properties":{"name":"HPI 3700 EV 1","network":"ChargePoint","stalls":1,"status":"24/7","source":"OpenStreetMap (charge-finder mirror)"}},{"type":"Feature","geometry":{"type":"Point","coordinates":[-87.6834,45.0708]},"properties":{"name":"Koehne Chevrolet Buick GMC","network":"Koehne Chevrolet Buick GMC","status":"unknown","source":"OpenStreetMap (charge-finder mirror)"}},{"type":"Feature","geometry":{"type":"Point","coordinates":[-121.9161,37.3416]},"properties":{"name":"EV charging","network":"EV charging","stalls":4,"status":"unknown","source":"OpenStreetMap (charge-finder mirror)"}},{"type":"Feature","geometry":{"type":"Point","coordinates":[-121.3169,44.0226]},"properties":{"name":"Electrify America","network":"Electrify America","stalls":4,"status":"24/7","source":"OpenStreetMap (charge-finder mirror)"}},{"type":"Feature","geometry":{"type":"Point","coordinates":[-76.8858,40.2655]},"properties":{"name":"ChargePoint Charging Station","network":"ChargePoint","stalls":8,"status":"unknown","source":"OpenStreetMap (charge-finder mirror)"}},{"type":"Feature","geometry":{"type":"Point","coordinates":[-97.7787,30.4778]},"properties":{"name":"PALOMA RIDGE PALOMA BDG C #6","network":"ChargePoint","stalls":2,"status":"24/7","source":"OpenStreetMap (charge-finder mirror)"}},{"type":"Feature","geometry":{"type":"Point","coordinates":[-97.7782,30.4779]},"properties":{"name":"PALOMA RIDGE PALOMA BDG C #4","network":"ChargePoint","stalls":2,"status":"24/7","source":"OpenStreetMap (charge-finder mirror)"}},{"type":"Feature","geometry":{"type":"Point","coordinates":[-97.7782,30.4779]},"properties":{"name":"PALOMA RIDGE PALOMA BDG C #5","network":"ChargePoint","stalls":2,"status":"24/7","source":"OpenStreetMap (charge-finder mirror)"}},{"type":"Feature","geometry":{"type":"Point","coordinates":[-97.7781,30.478]},"properties":{"name":"PALOMA RIDGE PALOMA BDG C #3","network":"ChargePoint","stalls":2,"status":"24/7","source":"OpenStreetMap (charge-finder mirror)"}},{"type":"Feature","geometry":{"type":"Point","coordinates":[-97.785,30.2683]},"properties":{"name":"BEE CAVE RD AUSTIN EYE","network":"ChargePoint","stalls":2,"status":"24/7","source":"OpenStreetMap (charge-finder mirror)"}},{"type":"Feature","geometry":{"type":"Point","coordinates":[-97.7894,30.1439]},"properties":{"name":"ONIONCREEK OC1","network":"ChargePoint","stalls":2,"status":"24/7","source":"OpenStreetMap (charge-finder mirror)"}},{"type":"Feature","geometry":{"type":"Point","coordinates":[-97.796,30.4719]},"properties":{"name":"WEINSTEIN WHITESTONE 1","network":"ChargePoint","stalls":2,"status":"24/7","source":"OpenStreetMap (charge-finder mirror)"}},{"type":"Feature","geometry":{"type":"Point","coordinates":[-97.7963,30.216]},"properties":{"name":"PIE AE PUBACCSOAUSTIN1","network":"ChargePoint","stalls":2,"status":"24/7","source":"OpenStreetMap (charge-finder mirror)"}},{"type":"Feature","geometry":{"type":"Point","coordinates":[-97.8009,30.3712]},"properties":{"name":"LADERA BEND BUILDING 3","network":"ChargePoint","stalls":2,"status":"24/7","source":"OpenStreetMap (charge-finder mirror)"}},{"type":"Feature","geometry":{"type":"Point","coordinates":[-94.0418,44.1896]},"properties":{"name":"EV charging","network":"EV charging","status":"unknown","source":"OpenStreetMap (charge-finder mirror)"}},{"type":"Feature","geometry":{"type":"Point","coordinates":[-97.7682,30.4551]},"properties":{"name":"WEINSTEIN ANDERSON 1","network":"ChargePoint","stalls":2,"status":"24/7","source":"OpenStreetMap (charge-finder mirror)"}},{"type":"Feature","geometry":{"type":"Point","coordinates":[-97.7699,30.2748]},"properties":{"name":"PIE AE AUSTIN HS DCFC3","network":"ChargePoint","stalls":1,"status":"24/7","source":"OpenStreetMap (charge-finder mirror)"}},{"type":"Feature","geometry":{"type":"Point","coordinates":[-97.7721,30.1695]},"properties":{"name":"TERRA TERRA2","network":"ChargePoint","stalls":2,"status":"24/7","source":"OpenStreetMap (charge-finder mirror)"}},{"type":"Feature","geometry":{"type":"Point","coordinates":[-97.773,30.1803]},"properties":{"name":"CONCORD AUSTIN STATION 6","network":"ChargePoint","stalls":1,"status":"24/7","source":"OpenStreetMap (charge-finder mirror)"}},{"type":"Feature","geometry":{"type":"Point","coordinates":[-97.7731,30.1803]},"properties":{"name":"CONCORD AUSTIN STATION 4","network":"ChargePoint","stalls":1,"status":"24/7","source":"OpenStreetMap (charge-finder mirror)"}},{"type":"Feature","geometry":{"type":"Point","coordinates":[-97.7731,30.1803]},"properties":{"name":"CONCORD AUSTIN STATION 2","network":"ChargePoint","stalls":1,"status":"24/7","source":"OpenStreetMap (charge-finder mirror)"}},{"type":"Feature","geometry":{"type":"Point","coordinates":[-97.7756,30.1708]},"properties":{"name":"TERRA TERRA1","network":"ChargePoint","stalls":2,"status":"24/7","source":"OpenStreetMap (charge-finder mirror)"}},{"type":"Feature","geometry":{"type":"Point","coordinates":[-97.7597,30.2718]},"properties":{"name":"THE CLARK THE CLARK 2","network":"ChargePoint","stalls":2,"status":"24/7","source":"OpenStreetMap (charge-finder mirror)"}},{"type":"Feature","geometry":{"type":"Point","coordinates":[-97.767,30.4766]},"properties":{"name":"SEWELL JLRNA DEMO LINE","network":"ChargePoint","stalls":2,"status":"24/7","source":"OpenStreetMap (charge-finder mirror)"}},{"type":"Feature","geometry":{"type":"Point","coordinates":[-97.7552,30.4294]},"properties":{"name":"RPP GARAGE GARAGE 2","network":"ChargePoint","stalls":2,"status":"24/7","source":"OpenStreetMap (charge-finder mirror)"}},{"type":"Feature","geometry":{"type":"Point","coordinates":[-97.7599,30.2731]},"properties":{"name":"PIE AE PUBGABLESPRESS 1","network":"ChargePoint","stalls":2,"status":"24/7","source":"OpenStreetMap (charge-finder mirror)"}},{"type":"Feature","geometry":{"type":"Point","coordinates":[-97.7648,30.2742]},"properties":{"name":"PIE AE PUBGABLES 5TH 1","network":"ChargePoint","stalls":2,"status":"24/7","source":"OpenStreetMap (charge-finder mirror)"}},{"type":"Feature","geometry":{"type":"Point","coordinates":[-97.7576,30.3166]},"properties":{"name":"PIE AE PUB CAMP MABRY 1","network":"ChargePoint","stalls":2,"status":"24/7","source":"OpenStreetMap (charge-finder mirror)"}},{"type":"Feature","geometry":{"type":"Point","coordinates":[-97.768,30.2984]},"properties":{"name":"PIE AE HOWSONBRCHLIBR 1","network":"ChargePoint","stalls":2,"status":"24/7","source":"OpenStreetMap (charge-finder mirror)"}},{"type":"Feature","geometry":{"type":"Point","coordinates":[-97.7593,30.2635]},"properties":{"name":"COA FLEET PIE TOOMEY #1","network":"ChargePoint","stalls":2,"status":"24/7","source":"OpenStreetMap (charge-finder mirror)"}},{"type":"Feature","geometry":{"type":"Point","coordinates":[-97.761,30.1999]},"properties":{"name":"BMW SOUTH AUS CPE100STATION 2","network":"ChargePoint","stalls":1,"status":"24/7","source":"OpenStreetMap (charge-finder mirror)"}},{"type":"Feature","geometry":{"type":"Point","coordinates":[-104.7948,39.7752]},"properties":{"name":"EV charging","network":"EV charging","stalls":2,"status":"unknown","source":"OpenStreetMap (charge-finder mirror)"}},{"type":"Feature","geometry":{"type":"Point","coordinates":[-74.4362,44.2205]},"properties":{"name":"EV charging","network":"EV charging","status":"unknown","source":"OpenStreetMap (charge-finder mirror)"}},{"type":"Feature","geometry":{"type":"Point","coordinates":[-89.6188,40.6991]},"properties":{"name":"Bradley University","network":"Bradley University","stalls":2,"status":"unknown","source":"OpenStreetMap (charge-finder mirror)"}},{"type":"Feature","geometry":{"type":"Point","coordinates":[-80.8542,35.4098]},"properties":{"name":"ChargePoint","network":"ChargePoint","status":"unknown","source":"OpenStreetMap (charge-finder mirror)"}},{"type":"Feature","geometry":{"type":"Point","coordinates":[-83.4765,33.561]},"properties":{"name":"ChargePoint","network":"ChargePoint","stalls":1,"status":"24/7","source":"OpenStreetMap (charge-finder mirror)"}},{"type":"Feature","geometry":{"type":"Point","coordinates":[-121.6795,44.0038]},"properties":{"name":"EV charging","network":"EV charging","stalls":6,"status":"unknown","source":"OpenStreetMap (charge-finder mirror)"}},{"type":"Feature","geometry":{"type":"Point","coordinates":[-97.7544,30.267]},"properties":{"name":"PIE AE SEAHOLM DC-8","network":"ChargePoint","stalls":2,"status":"24/7","source":"OpenStreetMap (charge-finder mirror)"}},{"type":"Feature","geometry":{"type":"Point","coordinates":[-97.7527,30.26]},"properties":{"name":"PIE AE PALMER STATION 7","network":"ChargePoint","stalls":2,"status":"24/7","source":"OpenStreetMap (charge-finder mirror)"}},{"type":"Feature","geometry":{"type":"Point","coordinates":[-97.7536,30.2185]},"properties":{"name":"AISD PAC CENTRAL OFFICE2","network":"ChargePoint","stalls":2,"status":"24/7","source":"OpenStreetMap (charge-finder mirror)"}},{"type":"Feature","geometry":{"type":"Point","coordinates":[-97.7536,30.2184]},"properties":{"name":"AISD PAC CENTRAL OFFICE3","network":"ChargePoint","stalls":2,"status":"24/7","source":"OpenStreetMap (charge-finder mirror)"}},{"type":"Feature","geometry":{"type":"Point","coordinates":[-97.7544,30.4281]},"properties":{"name":"RPP GARAGE ISLAND GW","network":"ChargePoint","stalls":2,"status":"24/7","source":"OpenStreetMap (charge-finder mirror)"}},{"type":"Feature","geometry":{"type":"Point","coordinates":[-97.7545,30.3506]},"properties":{"name":"RIDGE OFFICE THE RIDGE GW","network":"ChargePoint","stalls":2,"status":"24/7","source":"OpenStreetMap (charge-finder mirror)"}},{"type":"Feature","geometry":{"type":"Point","coordinates":[-97.755,30.2683]},"properties":{"name":"PARK PLAZA STATION1","network":"ChargePoint","stalls":2,"status":"24/7","source":"OpenStreetMap (charge-finder mirror)"}},{"type":"Feature","geometry":{"type":"Point","coordinates":[-97.7514,30.334]},"properties":{"name":"PIE AE NWRECCENTER 4","network":"ChargePoint","stalls":1,"status":"24/7","source":"OpenStreetMap (charge-finder mirror)"}},{"type":"Feature","geometry":{"type":"Point","coordinates":[-97.7526,30.4586]},"properties":{"name":"7700 PARMER 7700 PARMER 3","network":"ChargePoint","stalls":2,"status":"24/7","source":"OpenStreetMap (charge-finder mirror)"}},{"type":"Feature","geometry":{"type":"Point","coordinates":[-97.7507,30.2708]},"properties":{"name":"835 CHARGER STATION1","network":"ChargePoint","stalls":2,"status":"24/7","source":"OpenStreetMap (charge-finder mirror)"}},{"type":"Feature","geometry":{"type":"Point","coordinates":[-97.7518,30.2592]},"properties":{"name":"PIE AE PALMER STATION 3","network":"ChargePoint","stalls":2,"status":"24/7","source":"OpenStreetMap (charge-finder mirror)"}},{"type":"Feature","geometry":{"type":"Point","coordinates":[-97.7519,30.2583]},"properties":{"name":"PIE AE TLC STATI0N 2","network":"ChargePoint","stalls":2,"status":"24/7","source":"OpenStreetMap (charge-finder mirror)"}},{"type":"Feature","geometry":{"type":"Point","coordinates":[-97.7517,30.2661]},"properties":{"name":"COA NEWCENTRALLIB 1","network":"ChargePoint","stalls":2,"status":"24/7","source":"OpenStreetMap (charge-finder mirror)"}},{"type":"Feature","geometry":{"type":"Point","coordinates":[-97.7517,30.2661]},"properties":{"name":"COA NEWCENTRALLIB 2","network":"ChargePoint","stalls":2,"status":"24/7","source":"OpenStreetMap (charge-finder mirror)"}},{"type":"Feature","geometry":{"type":"Point","coordinates":[-97.752,30.2269]},"properties":{"name":"ST. ED'S GARAGE STATION1","network":"ChargePoint","stalls":2,"status":"24/7","source":"OpenStreetMap (charge-finder mirror)"}},{"type":"Feature","geometry":{"type":"Point","coordinates":[-97.7163,30.4222]},"properties":{"name":"PIE AE MILWOOD LIB 2","network":"ChargePoint","stalls":2,"status":"24/7","source":"OpenStreetMap (charge-finder mirror)"}},{"type":"Feature","geometry":{"type":"Point","coordinates":[-97.7194,30.4057]},"properties":{"name":"TR DOMAINorth 11 STATION 1","network":"ChargePoint","stalls":2,"status":"24/7","source":"OpenStreetMap (charge-finder mirror)"}},{"type":"Feature","geometry":{"type":"Point","coordinates":[-97.72,30.4011]},"properties":{"name":"NORTHSIDE NORDSTROM L1 #2","network":"ChargePoint","stalls":2,"status":"24/7","source":"OpenStreetMap (charge-finder mirror)"}},{"type":"Feature","geometry":{"type":"Point","coordinates":[-97.7201,30.401]},"properties":{"name":"NORTHSIDE NORDSTROM L1 #1","network":"ChargePoint","stalls":2,"status":"24/7","source":"OpenStreetMap (charge-finder mirror)"}},{"type":"Feature","geometry":{"type":"Point","coordinates":[-97.7201,30.4011]},"properties":{"name":"NORTHSIDE NORDSTROM L2 #2","network":"ChargePoint","stalls":2,"status":"24/7","source":"OpenStreetMap (charge-finder mirror)"}},{"type":"Feature","geometry":{"type":"Point","coordinates":[-97.7231,30.3965]},"properties":{"name":"GALLERY DOMAIN GALLERY DOMAIN","network":"ChargePoint","stalls":2,"status":"24/7","source":"OpenStreetMap (charge-finder mirror)"}},{"type":"Feature","geometry":{"type":"Point","coordinates":[-97.6934,30.3005]},"properties":{"name":"PIE AE AFS DC1","network":"ChargePoint","stalls":1,"status":"24/7","source":"OpenStreetMap (charge-finder mirror)"}},{"type":"Feature","geometry":{"type":"Point","coordinates":[-97.7248,30.3895]},"properties":{"name":"PIE AE PUB UTPICKLE 2","network":"ChargePoint","stalls":2,"status":"24/7","source":"OpenStreetMap (charge-finder mirror)"}},{"type":"Feature","geometry":{"type":"Point","coordinates":[-97.739,30.3301]},"properties":{"name":"BURNET FLATS BURNET FLATS G1","network":"ChargePoint","stalls":2,"status":"24/7","source":"OpenStreetMap (charge-finder mirror)"}},{"type":"Feature","geometry":{"type":"Point","coordinates":[-97.7416,30.2673]},"properties":{"name":"SIENNATHOMPSON #4","network":"ChargePoint","stalls":2,"status":"24/7","source":"OpenStreetMap (charge-finder mirror)"}},{"type":"Feature","geometry":{"type":"Point","coordinates":[-97.7417,30.267]},"properties":{"name":"SIENNATHOMPSON #1","network":"ChargePoint","stalls":2,"status":"24/7","source":"OpenStreetMap (charge-finder mirror)"}},{"type":"Feature","geometry":{"type":"Point","coordinates":[-97.7422,30.2652]},"properties":{"name":"WHITLEY MAIN PIEM WHITLEY","network":"ChargePoint","stalls":2,"status":"24/7","source":"OpenStreetMap (charge-finder mirror)"}},{"type":"Feature","geometry":{"type":"Point","coordinates":[-97.749,30.2569]},"properties":{"name":"PIE AE OTC 3FL PKGSTA 2","network":"ChargePoint","stalls":2,"status":"24/7","source":"OpenStreetMap (charge-finder mirror)"}},{"type":"Feature","geometry":{"type":"Point","coordinates":[-97.7492,30.2569]},"properties":{"name":"PIE AE OTC 3FL PKGSTA 3","network":"ChargePoint","stalls":2,"status":"24/7","source":"OpenStreetMap (charge-finder mirror)"}},{"type":"Feature","geometry":{"type":"Point","coordinates":[-97.6349,30.2779]},"properties":{"name":"ENDEAVOR RE GRP CHD BLDG 2","network":"ChargePoint","stalls":2,"status":"24/7","source":"OpenStreetMap (charge-finder mirror)"}},{"type":"Feature","geometry":{"type":"Point","coordinates":[-97.6352,30.2774]},"properties":{"name":"ENDEAVOR RE GRP CHD BLDG 4","network":"ChargePoint","stalls":2,"status":"24/7","source":"OpenStreetMap (charge-finder mirror)"}},{"type":"Feature","geometry":{"type":"Point","coordinates":[-97.6689,30.3309]},"properties":{"name":"INTBIO EV CHGR INTBIO EV CHGR 1","network":"ChargePoint","stalls":2,"status":"24/7","source":"OpenStreetMap (charge-finder mirror)"}},{"type":"Feature","geometry":{"type":"Point","coordinates":[-97.7427,30.2677]},"properties":{"name":"515 CONGRESS 515 CONGRESS P9","network":"ChargePoint","stalls":2,"status":"24/7","source":"OpenStreetMap (charge-finder mirror)"}},{"type":"Feature","geometry":{"type":"Point","coordinates":[-97.7429,30.2653]},"properties":{"name":"301CONGRESS STATION 3","network":"ChargePoint","stalls":2,"status":"24/7","source":"OpenStreetMap (charge-finder mirror)"}},{"type":"Feature","geometry":{"type":"Point","coordinates":[-97.7278,30.2611]},"properties":{"name":"ChargePoint Foundry Station 3","network":"ChargePoint","stalls":2,"status":"24/7","source":"OpenStreetMap (charge-finder mirror)"}},{"type":"Feature","geometry":{"type":"Point","coordinates":[-97.7279,30.2611]},"properties":{"name":"ChargePoint Foundry Station 2","network":"ChargePoint","stalls":2,"status":"24/7","source":"OpenStreetMap (charge-finder mirror)"}},{"type":"Feature","geometry":{"type":"Point","coordinates":[-97.7443,30.2666]},"properties":{"name":"BRANDYWINE AUST COLORADO 2","network":"ChargePoint","stalls":2,"status":"24/7","source":"OpenStreetMap (charge-finder mirror)"}},{"type":"Feature","geometry":{"type":"Point","coordinates":[-97.7205,30.2419]},"properties":{"name":"ORACLE ATX23 G1 3;ORACLE ATX23 G1 5","network":"ChargePoint","stalls":2,"status":"24/7","source":"OpenStreetMap (charge-finder mirror)"}},{"type":"Feature","geometry":{"type":"Point","coordinates":[-97.7205,30.2419]},"properties":{"name":"ORACLE ATX23 G1 3","network":"ChargePoint","stalls":2,"status":"24/7","source":"OpenStreetMap (charge-finder mirror)"}},{"type":"Feature","geometry":{"type":"Point","coordinates":[-97.7203,30.242]},"properties":{"name":"ORACLE ATX23 G1 3;ORACLE ATX23 G1 1","network":"ChargePoint","stalls":2,"status":"24/7","source":"OpenStreetMap (charge-finder mirror)"}},{"type":"Feature","geometry":{"type":"Point","coordinates":[-97.7202,30.2419]},"properties":{"name":"ORACLE ATX23 G1 3","network":"ChargePoint","stalls":2,"status":"24/7","source":"OpenStreetMap (charge-finder mirror)"}},{"type":"Feature","geometry":{"type":"Point","coordinates":[-97.7203,30.2419]},"properties":{"name":"ORACLE ATX23 G2 6","network":"ChargePoint","stalls":2,"status":"24/7","source":"OpenStreetMap (charge-finder mirror)"}},{"type":"Feature","geometry":{"type":"Point","coordinates":[-97.7203,30.242]},"properties":{"name":"ORACLE ATX23 G1 2","network":"ChargePoint","stalls":2,"status":"24/7","source":"OpenStreetMap (charge-finder mirror)"}},{"type":"Feature","geometry":{"type":"Point","coordinates":[-97.7205,30.2419]},"properties":{"name":"ORACLE ATX23 G2 5","network":"ChargePoint","stalls":2,"status":"24/7","source":"OpenStreetMap (charge-finder mirror)"}},{"type":"Feature","geometry":{"type":"Point","coordinates":[-97.7133,30.3815]},"properties":{"name":"PIE AE SMART CHARGE 2","network":"ChargePoint","stalls":2,"status":"24/7","source":"OpenStreetMap (charge-finder mirror)"}},{"type":"Feature","geometry":{"type":"Point","coordinates":[-97.6642,30.4174]},"properties":{"name":"PIE AE PUB PEARSON CTR1","network":"ChargePoint","stalls":2,"status":"24/7","source":"OpenStreetMap (charge-finder mirror)"}},{"type":"Feature","geometry":{"type":"Point","coordinates":[-97.6807,30.3372]},"properties":{"name":"PIE AE RUTHERFORDCAMP 2","network":"ChargePoint","stalls":2,"status":"24/7","source":"OpenStreetMap (charge-finder mirror)"}},{"type":"Feature","geometry":{"type":"Point","coordinates":[-97.6807,30.3371]},"properties":{"name":"PIE AE RUTHERFORDCAMP 3","network":"ChargePoint","stalls":2,"status":"24/7","source":"OpenStreetMap (charge-finder mirror)"}},{"type":"Feature","geometry":{"type":"Point","coordinates":[-75.7187,40.0651]},"properties":{"name":"EV charging","network":"EV charging","stalls":2,"status":"unknown","source":"OpenStreetMap (charge-finder mirror)"}},{"type":"Feature","geometry":{"type":"Point","coordinates":[-88.4806,43.7919]},"properties":{"name":"EV charging","network":"EV charging","stalls":2,"status":"unknown","source":"OpenStreetMap (charge-finder mirror)"}},{"type":"Feature","geometry":{"type":"Point","coordinates":[-88.4805,43.7919]},"properties":{"name":"EV charging","network":"EV charging","stalls":1,"status":"unknown","source":"OpenStreetMap (charge-finder mirror)"}},{"type":"Feature","geometry":{"type":"Point","coordinates":[-97.7346,30.2752]},"properties":{"name":"DSMCUT EVSE05 FLOOR L3","network":"ChargePoint","stalls":2,"status":"24/7","source":"OpenStreetMap (charge-finder mirror)"}},{"type":"Feature","geometry":{"type":"Point","coordinates":[-97.7346,30.2752]},"properties":{"name":"DSMCUT EVSE06 FLOOR L2","network":"ChargePoint","stalls":2,"status":"24/7","source":"OpenStreetMap (charge-finder mirror)"}},{"type":"Feature","geometry":{"type":"Point","coordinates":[-97.7346,30.2752]},"properties":{"name":"DSMCUT EVSE04 FLOOR L4","network":"ChargePoint","stalls":2,"status":"24/7","source":"OpenStreetMap (charge-finder mirror)"}},{"type":"Feature","geometry":{"type":"Point","coordinates":[-97.7208,30.406]},"properties":{"name":"WHOLE FOODS MKT DOMAINorth STAT 3","network":"ChargePoint","stalls":2,"status":"24/7","source":"OpenStreetMap (charge-finder mirror)"}},{"type":"Feature","geometry":{"type":"Point","coordinates":[-97.7207,30.406]},"properties":{"name":"WHOLE FOODS MKT DOMAINorth STAT 1","network":"ChargePoint","stalls":2,"status":"24/7","source":"OpenStreetMap (charge-finder mirror)"}},{"type":"Feature","geometry":{"type":"Point","coordinates":[-97.7224,30.4043]},"properties":{"name":"NORTHSIDE BLUE GARAGE #3","network":"ChargePoint","stalls":2,"status":"24/7","source":"OpenStreetMap (charge-finder mirror)"}},{"type":"Feature","geometry":{"type":"Point","coordinates":[-97.7224,30.4043]},"properties":{"name":"NORTHSIDE BLUE GARAGE #4","network":"ChargePoint","stalls":2,"status":"24/7","source":"OpenStreetMap (charge-finder mirror)"}},{"type":"Feature","geometry":{"type":"Point","coordinates":[-97.7233,30.402]},"properties":{"name":"NORTHSIDE RED GARAGE #3","network":"ChargePoint","stalls":2,"status":"24/7","source":"OpenStreetMap (charge-finder mirror)"}},{"type":"Feature","geometry":{"type":"Point","coordinates":[-97.7241,30.3987]},"properties":{"name":"PARKING LEVEL 1 GATEWAY 1 MAIN","network":"ChargePoint","stalls":2,"status":"24/7","source":"OpenStreetMap (charge-finder mirror)"}},{"type":"Feature","geometry":{"type":"Point","coordinates":[-97.7201,30.4035]},"properties":{"name":"NORTHSIDE PALM WAY #2","network":"ChargePoint","stalls":2,"status":"24/7","source":"OpenStreetMap (charge-finder mirror)"}},{"type":"Feature","geometry":{"type":"Point","coordinates":[-97.6482,30.3841]},"properties":{"name":"LUCENT STATIONorth 2","network":"ChargePoint","stalls":2,"status":"24/7","source":"OpenStreetMap (charge-finder mirror)"}},{"type":"Feature","geometry":{"type":"Point","coordinates":[-87.5085,33.2059]},"properties":{"name":"Midstates Petroleum","network":"ChargePoint","stalls":2,"status":"24/7","source":"OpenStreetMap (charge-finder mirror)"}},{"type":"Feature","geometry":{"type":"Point","coordinates":[-79.1657,35.7202]},"properties":{"name":"ChargePoint","network":"ChargePoint","status":"unknown","source":"OpenStreetMap (charge-finder mirror)"}},{"type":"Feature","geometry":{"type":"Point","coordinates":[-97.6669,30.2771]},"properties":{"name":"PIE AE TECHNICENTER","network":"ChargePoint","stalls":2,"status":"24/7","source":"OpenStreetMap (charge-finder mirror)"}},{"type":"Feature","geometry":{"type":"Point","coordinates":[-97.667,30.2771]},"properties":{"name":"PIE AE TECHNICENTER","network":"ChargePoint","stalls":2,"status":"24/7","source":"OpenStreetMap (charge-finder mirror)"}},{"type":"Feature","geometry":{"type":"Point","coordinates":[-97.6578,30.4099]},"properties":{"name":"PARMER AUSTIN STATION","network":"ChargePoint","stalls":2,"status":"24/7","source":"OpenStreetMap (charge-finder mirror)"}},{"type":"Feature","geometry":{"type":"Point","coordinates":[-97.6622,30.3384]},"properties":{"name":"PIE AE PUBACCSVSCTRST 1","network":"ChargePoint","stalls":2,"status":"24/7","source":"OpenStreetMap (charge-finder mirror)"}},{"type":"Feature","geometry":{"type":"Point","coordinates":[-97.6671,30.277]},"properties":{"name":"PIE AE TECHNICENTER","network":"ChargePoint","stalls":2,"status":"24/7","source":"OpenStreetMap (charge-finder mirror)"}},{"type":"Feature","geometry":{"type":"Point","coordinates":[-97.7434,30.2646]},"properties":{"name":"P1 EV STATION","network":"ChargePoint","stalls":2,"status":"24/7","source":"OpenStreetMap (charge-finder mirror)"}},{"type":"Feature","geometry":{"type":"Point","coordinates":[-97.7261,30.2275]},"properties":{"name":"ROSCOE PROPERTI THE CONNECTION","network":"ChargePoint","stalls":2,"status":"24/7","source":"OpenStreetMap (charge-finder mirror)"}},{"type":"Feature","geometry":{"type":"Point","coordinates":[-97.6523,30.4113]},"properties":{"name":"PARMER AUSTIN STATION PIC 3","network":"ChargePoint","stalls":2,"status":"24/7","source":"OpenStreetMap (charge-finder mirror)"}},{"type":"Feature","geometry":{"type":"Point","coordinates":[-97.6617,30.3298]},"properties":{"name":"SLEEP INN 1","network":"ChargePoint","stalls":2,"status":"24/7","source":"OpenStreetMap (charge-finder mirror)"}},{"type":"Feature","geometry":{"type":"Point","coordinates":[-97.7098,30.3292]},"properties":{"name":"HABITAT SUITES DUAL PORT","network":"ChargePoint","stalls":2,"status":"24/7","source":"OpenStreetMap (charge-finder mirror)"}},{"type":"Feature","geometry":{"type":"Point","coordinates":[-97.6922,30.2164]},"properties":{"name":"PIE AE ERCOT 2","network":"ChargePoint","stalls":2,"status":"24/7","source":"OpenStreetMap (charge-finder mirror)"}},{"type":"Feature","geometry":{"type":"Point","coordinates":[-97.7235,30.2617]},"properties":{"name":"1801 E 6TH AUSTIN 1801 2","network":"ChargePoint","stalls":2,"status":"24/7","source":"OpenStreetMap (charge-finder mirror)"}},{"type":"Feature","geometry":{"type":"Point","coordinates":[-97.7239,30.2617]},"properties":{"name":"1801 E 6TH AUSTIN 1801 3","network":"ChargePoint","stalls":2,"status":"24/7","source":"OpenStreetMap (charge-finder mirror)"}},{"type":"Feature","geometry":{"type":"Point","coordinates":[-97.7334,30.265]},"properties":{"name":"ENDEAVOR REG 901 E 6TH St 3","network":"ChargePoint","stalls":2,"status":"24/7","source":"OpenStreetMap (charge-finder mirror)"}},{"type":"Feature","geometry":{"type":"Point","coordinates":[-118.6857,34.0383]},"properties":{"name":"ChargePoint","network":"ChargePoint","status":"unknown","source":"OpenStreetMap (charge-finder mirror)"}},{"type":"Feature","geometry":{"type":"Point","coordinates":[-97.689,30.2514]},"properties":{"name":"PIE AE ANIMAL SERVICE2","network":"ChargePoint","stalls":2,"status":"24/7","source":"OpenStreetMap (charge-finder mirror)"}},{"type":"Feature","geometry":{"type":"Point","coordinates":[-97.6908,30.2516]},"properties":{"name":"PIE AE ANIMAL SERVICE5","network":"ChargePoint","stalls":2,"status":"24/7","source":"OpenStreetMap (charge-finder mirror)"}},{"type":"Feature","geometry":{"type":"Point","coordinates":[-97.6908,30.2515]},"properties":{"name":"PIE AE ANIMAL SERVICE3","network":"ChargePoint","stalls":2,"status":"24/7","source":"OpenStreetMap (charge-finder mirror)"}},{"type":"Feature","geometry":{"type":"Point","coordinates":[-97.8094,30.2284]},"properties":{"name":"Toney Burger Activity Center and Streetadium","network":"EV charging","stalls":1,"status":"unknown","source":"OpenStreetMap (charge-finder mirror)"}},{"type":"Feature","geometry":{"type":"Point","coordinates":[-97.7297,30.2765]},"properties":{"name":"PIE AE PUBDENNYSNORTH2","network":"ChargePoint","stalls":2,"status":"24/7","source":"OpenStreetMap (charge-finder mirror)"}},{"type":"Feature","geometry":{"type":"Point","coordinates":[-97.6624,30.2055]},"properties":{"name":"COA LOT J SW","network":"ChargePoint","stalls":2,"status":"24/7","source":"OpenStreetMap (charge-finder mirror)"}},{"type":"Feature","geometry":{"type":"Point","coordinates":[-97.662,30.2118]},"properties":{"name":"PARK&ZOOM VALET #6","network":"ChargePoint","stalls":2,"status":"24/7","source":"OpenStreetMap (charge-finder mirror)"}},{"type":"Feature","geometry":{"type":"Point","coordinates":[-97.6623,30.2117]},"properties":{"name":"PARK&ZOOM VALET #3","network":"ChargePoint","stalls":2,"status":"24/7","source":"OpenStreetMap (charge-finder mirror)"}},{"type":"Feature","geometry":{"type":"Point","coordinates":[-97.707,30.2232]},"properties":{"name":"Radius on Grove","network":"SemaCharge Network","stalls":2,"status":"unknown","source":"OpenStreetMap (charge-finder mirror)"}},{"type":"Feature","geometry":{"type":"Point","coordinates":[-97.7116,30.4052]},"properties":{"name":"PIE AE VILLATGRACYFARM","network":"ChargePoint","stalls":2,"status":"24/7","source":"OpenStreetMap (charge-finder mirror)"}},{"type":"Feature","geometry":{"type":"Point","coordinates":[-97.6508,30.2055]},"properties":{"name":"AVIATIONorth AUS CMF 1","network":"ChargePoint","stalls":2,"status":"24/7","source":"OpenStreetMap (charge-finder mirror)"}},{"type":"Feature","geometry":{"type":"Point","coordinates":[-97.6509,30.2045]},"properties":{"name":"AVIATIONorth AUSWAREHOUSE 2","network":"ChargePoint","stalls":2,"status":"24/7","source":"OpenStreetMap (charge-finder mirror)"}},{"type":"Feature","geometry":{"type":"Point","coordinates":[-97.6709,30.4325]},"properties":{"name":"Virginia College","network":"EV charging","stalls":1,"status":"24/7","source":"OpenStreetMap (charge-finder mirror)"}},{"type":"Feature","geometry":{"type":"Point","coordinates":[-97.7127,30.3227]},"properties":{"name":"PIE AE PUBACCHIGHLAND 1","network":"ChargePoint","stalls":2,"status":"24/7","source":"OpenStreetMap (charge-finder mirror)"}},{"type":"Feature","geometry":{"type":"Point","coordinates":[-97.6922,30.2164]},"properties":{"name":"PIE AE ERCOT","network":"ChargePoint","stalls":1,"status":"24/7","source":"OpenStreetMap (charge-finder mirror)"}},{"type":"Feature","geometry":{"type":"Point","coordinates":[-97.7187,30.3886]},"properties":{"name":"AUSTIN FC SIX","network":"ChargePoint","stalls":2,"status":"24/7","source":"OpenStreetMap (charge-finder mirror)"}},{"type":"Feature","geometry":{"type":"Point","coordinates":[-97.7188,30.3886]},"properties":{"name":"AUSTIN FC EIGHT","network":"ChargePoint","stalls":2,"status":"24/7","source":"OpenStreetMap (charge-finder mirror)"}},{"type":"Feature","geometry":{"type":"Point","coordinates":[-97.7182,30.387]},"properties":{"name":"AUSTIN FC FOUR","network":"ChargePoint","stalls":2,"status":"24/7","source":"OpenStreetMap (charge-finder mirror)"}},{"type":"Feature","geometry":{"type":"Point","coordinates":[-97.7208,30.3886]},"properties":{"name":"AUSTIN FC TWO","network":"ChargePoint","stalls":2,"status":"24/7","source":"OpenStreetMap (charge-finder mirror)"}},{"type":"Feature","geometry":{"type":"Point","coordinates":[-97.7208,30.3885]},"properties":{"name":"AUSTIN FC ONE","network":"ChargePoint","stalls":2,"status":"24/7","source":"OpenStreetMap (charge-finder mirror)"}},{"type":"Feature","geometry":{"type":"Point","coordinates":[-79.1474,37.4177]},"properties":{"name":"EV charging","network":"EV charging","stalls":1,"status":"unknown","source":"OpenStreetMap (charge-finder mirror)"}},{"type":"Feature","geometry":{"type":"Point","coordinates":[-121.5891,38.6778]},"properties":{"name":"Electrify America","network":"Electrify America","stalls":8,"status":"unknown","source":"OpenStreetMap (charge-finder mirror)"}},{"type":"Feature","geometry":{"type":"Point","coordinates":[-97.7395,30.2562]},"properties":{"name":"WOTL SMART CHAR WINDSORONLAKE 1","network":"ChargePoint","stalls":2,"status":"24/7","source":"OpenStreetMap (charge-finder mirror)"}},{"type":"Feature","geometry":{"type":"Point","coordinates":[-97.6663,30.2047]},"properties":{"name":"COA DOA CONRAC1","network":"ChargePoint","stalls":2,"status":"24/7","source":"OpenStreetMap (charge-finder mirror)"}},{"type":"Feature","geometry":{"type":"Point","coordinates":[-97.6692,30.2046]},"properties":{"name":"AVIATION 1ST FLOOR R","network":"ChargePoint","stalls":2,"status":"24/7","source":"OpenStreetMap (charge-finder mirror)"}},{"type":"Feature","geometry":{"type":"Point","coordinates":[-97.6696,30.2047]},"properties":{"name":"AVIATION 5TH FLOOR","network":"ChargePoint","stalls":2,"status":"24/7","source":"OpenStreetMap (charge-finder mirror)"}},{"type":"Feature","geometry":{"type":"Point","coordinates":[-97.7231,30.2711]},"properties":{"name":"Kealing Middle School","network":"EV charging","stalls":1,"status":"unknown","source":"OpenStreetMap (charge-finder mirror)"}},{"type":"Feature","geometry":{"type":"Point","coordinates":[-97.7271,30.4073]},"properties":{"name":"NATIONAL INSTRU 23&24","network":"ChargePoint","stalls":2,"status":"24/7","source":"OpenStreetMap (charge-finder mirror)"}},{"type":"Feature","geometry":{"type":"Point","coordinates":[-97.7252,30.4088]},"properties":{"name":"NATIONAL INSTRU 13&14","network":"ChargePoint","stalls":2,"status":"24/7","source":"OpenStreetMap (charge-finder mirror)"}},{"type":"Feature","geometry":{"type":"Point","coordinates":[-97.7253,30.4087]},"properties":{"name":"NATIONAL INSTRU 9&10","network":"ChargePoint","stalls":2,"status":"24/7","source":"OpenStreetMap (charge-finder mirror)"}},{"type":"Feature","geometry":{"type":"Point","coordinates":[-97.7253,30.4087]},"properties":{"name":"NATIONAL INSTRU 3&4","network":"ChargePoint","stalls":2,"status":"24/7","source":"OpenStreetMap (charge-finder mirror)"}},{"type":"Feature","geometry":{"type":"Point","coordinates":[-97.7277,30.4085]},"properties":{"name":"NATIONAL INSTRU 19&20","network":"ChargePoint","stalls":2,"status":"24/7","source":"OpenStreetMap (charge-finder mirror)"}},{"type":"Feature","geometry":{"type":"Point","coordinates":[-97.7395,30.2585]},"properties":{"name":"PIE AE MACC STATION 2","network":"ChargePoint","stalls":2,"status":"24/7","source":"OpenStreetMap (charge-finder mirror)"}},{"type":"Feature","geometry":{"type":"Point","coordinates":[-97.7426,30.2887]},"properties":{"name":"PIE AE PUB UT ANTONIO 1","network":"ChargePoint","stalls":2,"status":"24/7","source":"OpenStreetMap (charge-finder mirror)"}},{"type":"Feature","geometry":{"type":"Point","coordinates":[-97.6396,30.3776]},"properties":{"name":"SAS SAMSUNG 5","network":"ChargePoint","stalls":2,"status":"24/7","source":"OpenStreetMap (charge-finder mirror)"}},{"type":"Feature","geometry":{"type":"Point","coordinates":[-97.6397,30.3775]},"properties":{"name":"SAS SAMSUNG 4","network":"ChargePoint","stalls":2,"status":"24/7","source":"OpenStreetMap (charge-finder mirror)"}},{"type":"Feature","geometry":{"type":"Point","coordinates":[-97.6397,30.3775]},"properties":{"name":"SAS SAMSUNG 3","network":"ChargePoint","stalls":2,"status":"24/7","source":"OpenStreetMap (charge-finder mirror)"}},{"type":"Feature","geometry":{"type":"Point","coordinates":[-97.7416,30.2359]},"properties":{"name":"120 ENTRANCE ACH MAIN","network":"ChargePoint","stalls":2,"status":"24/7","source":"OpenStreetMap (charge-finder mirror)"}},{"type":"Feature","geometry":{"type":"Point","coordinates":[-97.7924,30.163]},"properties":{"name":"TARGET CORP STATION 2","network":"ChargePoint","stalls":2,"status":"Mo-Su 07:00-00:00","source":"OpenStreetMap (charge-finder mirror)"}},{"type":"Feature","geometry":{"type":"Point","coordinates":[-97.7304,30.2405]},"properties":{"name":"1500 ROYAL ELEMENT AUSTIN","network":"ChargePoint","stalls":2,"status":"24/7","source":"OpenStreetMap (charge-finder mirror)"}},{"type":"Feature","geometry":{"type":"Point","coordinates":[-97.7315,30.3747]},"properties":{"name":"Town North Nissan","network":"EV charging","stalls":1,"status":"unknown","source":"OpenStreetMap (charge-finder mirror)"}},{"type":"Feature","geometry":{"type":"Point","coordinates":[-97.7107,30.3184]},"properties":{"name":"BUILDING 7 EVCS STATION1","network":"ChargePoint","stalls":2,"status":"24/7","source":"OpenStreetMap (charge-finder mirror)"}},{"type":"Feature","geometry":{"type":"Point","coordinates":[-97.7387,30.2586]},"properties":{"name":"70 RAINEY DC250 DC250","network":"ChargePoint","stalls":1,"status":"24/7","source":"OpenStreetMap (charge-finder mirror)"}},{"type":"Feature","geometry":{"type":"Point","coordinates":[-83.3704,41.4896]},"properties":{"name":"EV charging","network":"EV charging","stalls":1,"status":"unknown","source":"OpenStreetMap (charge-finder mirror)"}},{"type":"Feature","geometry":{"type":"Point","coordinates":[-83.3705,41.4895]},"properties":{"name":"EV charging","network":"EV charging","status":"unknown","source":"OpenStreetMap (charge-finder mirror)"}},{"type":"Feature","geometry":{"type":"Point","coordinates":[-83.3667,41.4911]},"properties":{"name":"Electrify America","network":"Electrify America","status":"unknown","source":"OpenStreetMap (charge-finder mirror)"}},{"type":"Feature","geometry":{"type":"Point","coordinates":[-83.3668,41.491]},"properties":{"name":"Electrify America","network":"Electrify America","status":"unknown","source":"OpenStreetMap (charge-finder mirror)"}},{"type":"Feature","geometry":{"type":"Point","coordinates":[-97.7058,30.4042]},"properties":{"name":"ACCAE NORTHRIDGE 1","network":"ChargePoint","stalls":2,"status":"24/7","source":"OpenStreetMap (charge-finder mirror)"}},{"type":"Feature","geometry":{"type":"Point","coordinates":[-97.6674,30.2114]},"properties":{"name":"ABIA RETAIL LLC STATION 01","network":"ChargePoint","stalls":2,"status":"24/7","source":"OpenStreetMap (charge-finder mirror)"}},{"type":"Feature","geometry":{"type":"Point","coordinates":[-97.662,30.2184]},"properties":{"name":"FASTPARK AUS 4","network":"ChargePoint","stalls":2,"status":"24/7","source":"OpenStreetMap (charge-finder mirror)"}},{"type":"Feature","geometry":{"type":"Point","coordinates":[-97.662,30.2183]},"properties":{"name":"FASTPARK AUS 1","network":"ChargePoint","stalls":2,"status":"24/7","source":"OpenStreetMap (charge-finder mirror)"}},{"type":"Feature","geometry":{"type":"Point","coordinates":[-97.662,30.2185]},"properties":{"name":"FASTPARK AUS 8","network":"ChargePoint","stalls":2,"status":"24/7","source":"OpenStreetMap (charge-finder mirror)"}},{"type":"Feature","geometry":{"type":"Point","coordinates":[-97.662,30.2185]},"properties":{"name":"FASTPARK AUS 7","network":"ChargePoint","stalls":2,"status":"24/7","source":"OpenStreetMap (charge-finder mirror)"}},{"type":"Feature","geometry":{"type":"Point","coordinates":[-97.6649,30.2104]},"properties":{"name":"HYATT PLACE HP STATION 1","network":"ChargePoint","stalls":2,"status":"24/7","source":"OpenStreetMap (charge-finder mirror)"}},{"type":"Feature","geometry":{"type":"Point","coordinates":[-97.8022,30.1276]},"properties":{"name":"Reveal at Onion Creek","network":"SemaCharge Network","stalls":3,"status":"unknown","source":"OpenStreetMap (charge-finder mirror)"}},{"type":"Feature","geometry":{"type":"Point","coordinates":[-97.8016,30.1478]},"properties":{"name":"Akins High School","network":"EV charging","stalls":2,"status":"24/7","source":"OpenStreetMap (charge-finder mirror)"}},{"type":"Feature","geometry":{"type":"Point","coordinates":[-97.7472,30.2774]},"properties":{"name":"ACCAE RIO GRANDE SUR 2","network":"ChargePoint","stalls":2,"status":"24/7","source":"OpenStreetMap (charge-finder mirror)"}},{"type":"Feature","geometry":{"type":"Point","coordinates":[-97.7061,30.2682]},"properties":{"name":"PIE AE PUB ACC EVIEW 2","network":"ChargePoint","stalls":2,"status":"24/7","source":"OpenStreetMap (charge-finder mirror)"}},{"type":"Feature","geometry":{"type":"Point","coordinates":[-97.7493,30.4508]},"properties":{"name":"16 OAKVILLE APTS","network":"ChargePoint","stalls":2,"status":"24/7","source":"OpenStreetMap (charge-finder mirror)"}},{"type":"Feature","geometry":{"type":"Point","coordinates":[-97.7189,30.3895]},"properties":{"name":"COPELAND STATION1","network":"ChargePoint","stalls":2,"status":"24/7","source":"OpenStreetMap (charge-finder mirror)"}},{"type":"Feature","geometry":{"type":"Point","coordinates":[-97.7448,30.2709]},"properties":{"name":"PIE AE TRAVIS CO L2","network":"ChargePoint","stalls":1,"status":"24/7","source":"OpenStreetMap (charge-finder mirror)"}},{"type":"Feature","geometry":{"type":"Point","coordinates":[-97.7465,30.2676]},"properties":{"name":"REPUBLICSQUARE GABLES REPUB 1","network":"ChargePoint","stalls":2,"status":"24/7","source":"OpenStreetMap (charge-finder mirror)"}},{"type":"Feature","geometry":{"type":"Point","coordinates":[-97.7458,30.2669]},"properties":{"name":"REPUBLICSQUARE GABLES REPUB 4","network":"ChargePoint","stalls":2,"status":"24/7","source":"OpenStreetMap (charge-finder mirror)"}},{"type":"Feature","geometry":{"type":"Point","coordinates":[-97.7455,30.2666]},"properties":{"name":"REPUBLICSQUARE GABLES REPUB 3","network":"ChargePoint","stalls":2,"status":"24/7","source":"OpenStreetMap (charge-finder mirror)"}},{"type":"Feature","geometry":{"type":"Point","coordinates":[-97.747,30.2649]},"properties":{"name":"PIE AE CITY HALL STAT 2","network":"ChargePoint","stalls":2,"status":"24/7","source":"OpenStreetMap (charge-finder mirror)"}},{"type":"Feature","geometry":{"type":"Point","coordinates":[-97.7494,30.2765]},"properties":{"name":"ChargePoint","network":"ChargePoint","stalls":2,"status":"24/7","source":"OpenStreetMap (charge-finder mirror)"}},{"type":"Feature","geometry":{"type":"Point","coordinates":[-97.7389,30.2689]},"properties":{"name":"PIE AE PUBSTDAVIDSST 1","network":"ChargePoint","stalls":2,"status":"24/7","source":"OpenStreetMap (charge-finder mirror)"}},{"type":"Feature","geometry":{"type":"Point","coordinates":[-97.7341,30.3134]},"properties":{"name":"LEVITON TRIANGLE AVE","network":"ChargePoint","stalls":2,"status":"24/7","source":"OpenStreetMap (charge-finder mirror)"}},{"type":"Feature","geometry":{"type":"Point","coordinates":[-97.7056,30.4043]},"properties":{"name":"PIE AE PUB ACC NRIDGE 2","network":"ChargePoint","stalls":2,"status":"24/7","source":"OpenStreetMap (charge-finder mirror)"}},{"type":"Feature","geometry":{"type":"Point","coordinates":[-121.9994,37.8202]},"properties":{"name":"ChargePoint","network":"ChargePoint","status":"unknown","source":"OpenStreetMap (charge-finder mirror)"}},{"type":"Feature","geometry":{"type":"Point","coordinates":[-97.7295,30.2318]},"properties":{"name":"ROSCOE PROPERTIES CURRENT MAIN","network":"ChargePoint","stalls":2,"status":"24/7","source":"OpenStreetMap (charge-finder mirror)"}},{"type":"Feature","geometry":{"type":"Point","coordinates":[-97.7093,30.3254]},"properties":{"name":"AUSTIN DOT PDC EV #9","network":"ChargePoint","stalls":2,"status":"24/7","source":"OpenStreetMap (charge-finder mirror)"}},{"type":"Feature","geometry":{"type":"Point","coordinates":[-97.7089,30.3259]},"properties":{"name":"AUSTIN DOT PDC EV #3","network":"ChargePoint","stalls":2,"status":"24/7","source":"OpenStreetMap (charge-finder mirror)"}},{"type":"Feature","geometry":{"type":"Point","coordinates":[-97.7089,30.326]},"properties":{"name":"AUSTIN DOT PDC EV #2","network":"ChargePoint","stalls":2,"status":"24/7","source":"OpenStreetMap (charge-finder mirror)"}},{"type":"Feature","geometry":{"type":"Point","coordinates":[-97.7092,30.3258]},"properties":{"name":"AUSTIN DOT PDC EV #6","network":"ChargePoint","stalls":2,"status":"24/7","source":"OpenStreetMap (charge-finder mirror)"}},{"type":"Feature","geometry":{"type":"Point","coordinates":[-97.7094,30.3258]},"properties":{"name":"AUSTIN DOT PDC EV #7","network":"ChargePoint","stalls":2,"status":"24/7","source":"OpenStreetMap (charge-finder mirror)"}},{"type":"Feature","geometry":{"type":"Point","coordinates":[-97.7116,30.3252]},"properties":{"name":"ChargePoint","network":"ChargePoint","stalls":2,"status":"24/7","source":"OpenStreetMap (charge-finder mirror)"}},{"type":"Feature","geometry":{"type":"Point","coordinates":[-97.7116,30.3253]},"properties":{"name":"ChargePoint","network":"ChargePoint","stalls":2,"status":"24/7","source":"OpenStreetMap (charge-finder mirror)"}},{"type":"Feature","geometry":{"type":"Point","coordinates":[-97.7119,30.3254]},"properties":{"name":"ChargePoint","network":"ChargePoint","stalls":2,"status":"24/7","source":"OpenStreetMap (charge-finder mirror)"}},{"type":"Feature","geometry":{"type":"Point","coordinates":[-97.7119,30.3254]},"properties":{"name":"ChargePoint","network":"ChargePoint","stalls":2,"status":"24/7","source":"OpenStreetMap (charge-finder mirror)"}},{"type":"Feature","geometry":{"type":"Point","coordinates":[-97.712,30.3252]},"properties":{"name":"ChargePoint","network":"ChargePoint","stalls":2,"status":"24/7","source":"OpenStreetMap (charge-finder mirror)"}},{"type":"Feature","geometry":{"type":"Point","coordinates":[-97.712,30.3252]},"properties":{"name":"ChargePoint","network":"ChargePoint","stalls":2,"status":"24/7","source":"OpenStreetMap (charge-finder mirror)"}},{"type":"Feature","geometry":{"type":"Point","coordinates":[-71.0902,41.5774]},"properties":{"name":"Town Hall Westport Annex","network":"ChargePoint","stalls":2,"status":"unknown","source":"OpenStreetMap (charge-finder mirror)"}},{"type":"Feature","geometry":{"type":"Point","coordinates":[-84.7634,33.724]},"properties":{"name":"Electrify America","network":"Electrify America","stalls":2,"status":"24/7","source":"OpenStreetMap (charge-finder mirror)"}},{"type":"Feature","geometry":{"type":"Point","coordinates":[-113.0101,40.7622]},"properties":{"name":"brand=ChargePoint","network":"brand=ChargePoint","status":"unknown","source":"OpenStreetMap (charge-finder mirror)"}},{"type":"Feature","geometry":{"type":"Point","coordinates":[-113.0181,40.7554]},"properties":{"name":"ChargePoint","network":"ChargePoint","stalls":2,"status":"unknown","source":"OpenStreetMap (charge-finder mirror)"}},{"type":"Feature","geometry":{"type":"Point","coordinates":[-113.0101,40.7622]},"properties":{"name":"brand=ChargePoint","network":"brand=ChargePoint","status":"unknown","source":"OpenStreetMap (charge-finder mirror)"}},{"type":"Feature","geometry":{"type":"Point","coordinates":[-109.5671,37.2819]},"properties":{"name":"brand=ChargePoint","network":"brand=ChargePoint","status":"unknown","source":"OpenStreetMap (charge-finder mirror)"}},{"type":"Feature","geometry":{"type":"Point","coordinates":[-109.3434,37.8695]},"properties":{"name":"brand=ChargePoint","network":"brand=ChargePoint","status":"unknown","source":"OpenStreetMap (charge-finder mirror)"}},{"type":"Feature","geometry":{"type":"Point","coordinates":[-117.7917,33.7185]},"properties":{"name":"ChargePoint","network":"ChargePoint","status":"unknown","source":"OpenStreetMap (charge-finder mirror)"}},{"type":"Feature","geometry":{"type":"Point","coordinates":[-117.7536,33.6558]},"properties":{"name":"ChargePoint","network":"ChargePoint","status":"unknown","source":"OpenStreetMap (charge-finder mirror)"}},{"type":"Feature","geometry":{"type":"Point","coordinates":[-117.7481,33.6638]},"properties":{"name":"ChargePoint","network":"ChargePoint","status":"unknown","source":"OpenStreetMap (charge-finder mirror)"}},{"type":"Feature","geometry":{"type":"Point","coordinates":[-117.7853,33.7051]},"properties":{"name":"Volta","network":"Volta","status":"unknown","source":"OpenStreetMap (charge-finder mirror)"}},{"type":"Feature","geometry":{"type":"Point","coordinates":[-117.808,33.6824]},"properties":{"name":"SemmaConnect","network":"EV charging","status":"unknown","source":"OpenStreetMap (charge-finder mirror)"}},{"type":"Feature","geometry":{"type":"Point","coordinates":[-94.7026,39.3124]},"properties":{"name":"ChargePoint","network":"ChargePoint","stalls":24,"status":"unknown","source":"OpenStreetMap (charge-finder mirror)"}},{"type":"Feature","geometry":{"type":"Point","coordinates":[-76.1399,44.3408]},"properties":{"name":"ChargePoint","network":"ChargePoint","status":"unknown","source":"OpenStreetMap (charge-finder mirror)"}},{"type":"Feature","geometry":{"type":"Point","coordinates":[-84.2349,33.506]},"properties":{"name":"Electrify America","network":"Electrify America","stalls":1,"status":"24/7","source":"OpenStreetMap (charge-finder mirror)"}},{"type":"Feature","geometry":{"type":"Point","coordinates":[-84.2349,33.506]},"properties":{"name":"Electrify America","network":"Electrify America","stalls":1,"status":"24/7","source":"OpenStreetMap (charge-finder mirror)"}},{"type":"Feature","geometry":{"type":"Point","coordinates":[-122.3815,47.2971]},"properties":{"name":"Volta","network":"Volta","stalls":2,"status":"unknown","source":"OpenStreetMap (charge-finder mirror)"}},{"type":"Feature","geometry":{"type":"Point","coordinates":[-74.2124,42.205]},"properties":{"name":"EV charging","network":"EV charging","status":"unknown","source":"OpenStreetMap (charge-finder mirror)"}},{"type":"Feature","geometry":{"type":"Point","coordinates":[-121.7831,49.3027]},"properties":{"name":"EV charging","network":"EV charging","status":"unknown","source":"OpenStreetMap (charge-finder mirror)"}},{"type":"Feature","geometry":{"type":"Point","coordinates":[-81.3469,28.8009]},"properties":{"name":"EV charging","network":"EV charging","stalls":4,"status":"unknown","source":"OpenStreetMap (charge-finder mirror)"}},{"type":"Feature","geometry":{"type":"Point","coordinates":[-105.1638,39.9561]},"properties":{"name":"ChargePoint","network":"ChargePoint","stalls":2,"status":"unknown","source":"OpenStreetMap (charge-finder mirror)"}},{"type":"Feature","geometry":{"type":"Point","coordinates":[-122.9068,49.2156]},"properties":{"name":"EV charging","network":"EV charging","status":"unknown","source":"OpenStreetMap (charge-finder mirror)"}},{"type":"Feature","geometry":{"type":"Point","coordinates":[-105.938,35.684]},"properties":{"name":"ChargePoint","network":"ChargePoint","status":"unknown","source":"OpenStreetMap (charge-finder mirror)"}},{"type":"Feature","geometry":{"type":"Point","coordinates":[-98.5495,29.4941]},"properties":{"name":"CPSESATX WONDERLAND 03","network":"ChargePoint","stalls":1,"status":"24/7","source":"OpenStreetMap (charge-finder mirror)"}},{"type":"Feature","geometry":{"type":"Point","coordinates":[-98.5496,29.494]},"properties":{"name":"CPSESATX WONDERLAND 03","network":"ChargePoint","stalls":1,"status":"24/7","source":"OpenStreetMap (charge-finder mirror)"}},{"type":"Feature","geometry":{"type":"Point","coordinates":[-94.0791,29.9645]},"properties":{"name":"FCC Beaumont","network":"EV charging","stalls":7,"status":"unknown","source":"OpenStreetMap (charge-finder mirror)"}},{"type":"Feature","geometry":{"type":"Point","coordinates":[-94.9725,29.8072]},"properties":{"name":"Baytown Nissan","network":"EV charging","stalls":1,"status":"unknown","source":"OpenStreetMap (charge-finder mirror)"}},{"type":"Feature","geometry":{"type":"Point","coordinates":[-94.9792,29.7971]},"properties":{"name":"Kohls Baytown TX","network":"Volta","stalls":2,"status":"Mo-Su 06:00-00:00","source":"OpenStreetMap (charge-finder mirror)"}},{"type":"Feature","geometry":{"type":"Point","coordinates":[-98.5497,29.494]},"properties":{"name":"CPSESATX WONDERLAND 03","network":"ChargePoint","stalls":1,"status":"24/7","source":"OpenStreetMap (charge-finder mirror)"}},{"type":"Feature","geometry":{"type":"Point","coordinates":[-97.1332,32.8338]},"properties":{"name":"McDonald's","network":"Revitalize Charging Solutions","stalls":2,"status":"24/7","source":"OpenStreetMap (charge-finder mirror)"}},{"type":"Feature","geometry":{"type":"Point","coordinates":[-97.9424,30.3092]},"properties":{"name":"PIE AE PUBHILL.CGAL1","network":"ChargePoint","stalls":2,"status":"24/7","source":"OpenStreetMap (charge-finder mirror)"}},{"type":"Feature","geometry":{"type":"Point","coordinates":[-97.938,30.3074]},"properties":{"name":"WHOLE FOODS MKT BEE CAVE St1","network":"ChargePoint","stalls":2,"status":"24/7","source":"OpenStreetMap (charge-finder mirror)"}},{"type":"Feature","geometry":{"type":"Point","coordinates":[-118.058,34.6948]},"properties":{"name":"BEAM","network":"BEAM","stalls":2,"status":"unknown","source":"OpenStreetMap (charge-finder mirror)"}},{"type":"Feature","geometry":{"type":"Point","coordinates":[-76.6543,39.4931]},"properties":{"name":"Bosch Power Xpress","network":"EV charging","status":"unknown","source":"OpenStreetMap (charge-finder mirror)"}},{"type":"Feature","geometry":{"type":"Point","coordinates":[-76.6525,39.4936]},"properties":{"name":"ChargePoint","network":"ChargePoint","status":"unknown","source":"OpenStreetMap (charge-finder mirror)"}},{"type":"Feature","geometry":{"type":"Point","coordinates":[-76.6523,39.4936]},"properties":{"name":"ChargePoint","network":"ChargePoint","status":"unknown","source":"OpenStreetMap (charge-finder mirror)"}},{"type":"Feature","geometry":{"type":"Point","coordinates":[-76.6523,39.4937]},"properties":{"name":"ChargePoint","network":"ChargePoint","status":"unknown","source":"OpenStreetMap (charge-finder mirror)"}},{"type":"Feature","geometry":{"type":"Point","coordinates":[-76.6524,39.4937]},"properties":{"name":"ChargePoint","network":"ChargePoint","status":"unknown","source":"OpenStreetMap (charge-finder mirror)"}},{"type":"Feature","geometry":{"type":"Point","coordinates":[-76.6522,39.4937]},"properties":{"name":"ChargePoint","network":"ChargePoint","status":"unknown","source":"OpenStreetMap (charge-finder mirror)"}},{"type":"Feature","geometry":{"type":"Point","coordinates":[-73.6468,45.4532]},"properties":{"name":"Circuit \u00e9lectrique","network":"Circuit \u00e9lectrique","stalls":2,"status":"unknown","source":"OpenStreetMap (charge-finder mirror)"}},{"type":"Feature","geometry":{"type":"Point","coordinates":[-79.0847,43.0924]},"properties":{"name":"AmbuEnergy","network":"AmbuEnergy","stalls":2,"status":"unknown","source":"OpenStreetMap (charge-finder mirror)"}},{"type":"Feature","geometry":{"type":"Point","coordinates":[-97.0053,32.9412]},"properties":{"name":"AZ STATION 01 STATION 3","network":"ChargePoint","stalls":2,"status":"24/7","source":"OpenStreetMap (charge-finder mirror)"}},{"type":"Feature","geometry":{"type":"Point","coordinates":[-97.0195,32.9461]},"properties":{"name":"EVgo","network":"EVgo","stalls":2,"status":"24/7","source":"OpenStreetMap (charge-finder mirror)"}},{"type":"Feature","geometry":{"type":"Point","coordinates":[-96.984,32.9377]},"properties":{"name":"OLYMPUS 6","network":"ChargePoint","stalls":2,"status":"24/7","source":"OpenStreetMap (charge-finder mirror)"}},{"type":"Feature","geometry":{"type":"Point","coordinates":[-96.9881,32.9396]},"properties":{"name":"OLYMPUS 11","network":"ChargePoint","stalls":2,"status":"24/7","source":"OpenStreetMap (charge-finder mirror)"}},{"type":"Feature","geometry":{"type":"Point","coordinates":[-96.9852,32.9357]},"properties":{"name":"OLYMPUS 7 OLYMPUS 7","network":"ChargePoint","stalls":2,"status":"24/7","source":"OpenStreetMap (charge-finder mirror)"}},{"type":"Feature","geometry":{"type":"Point","coordinates":[-96.9839,32.9355]},"properties":{"name":"OLYMPUS 2","network":"ChargePoint","stalls":2,"status":"24/7","source":"OpenStreetMap (charge-finder mirror)"}},{"type":"Feature","geometry":{"type":"Point","coordinates":[-96.9839,32.9355]},"properties":{"name":"OLYMPUS 3 OLYMPUS 3","network":"ChargePoint","stalls":2,"status":"24/7","source":"OpenStreetMap (charge-finder mirror)"}},{"type":"Feature","geometry":{"type":"Point","coordinates":[-96.9914,32.9882]},"properties":{"name":"Coppell Market Center","network":"Volta","stalls":2,"status":"Mo-Su 06:00-00:00","source":"OpenStreetMap (charge-finder mirror)"}},{"type":"Feature","geometry":{"type":"Point","coordinates":[-96.8003,33.2746]},"properties":{"name":"LIGHT FARMS LFC 1","network":"ChargePoint","stalls":1,"status":"24/7","source":"OpenStreetMap (charge-finder mirror)"}},{"type":"Feature","geometry":{"type":"Point","coordinates":[-96.8025,32.896]},"properties":{"name":"Preston Royal Village","network":"SemaCharge Network","stalls":4,"status":"unknown","source":"OpenStreetMap (charge-finder mirror)"}},{"type":"Feature","geometry":{"type":"Point","coordinates":[-122.2945,37.8367]},"properties":{"name":"Volta","network":"Volta","stalls":1,"status":"unknown","source":"OpenStreetMap (charge-finder mirror)"}},{"type":"Feature","geometry":{"type":"Point","coordinates":[-122.9103,39.1653]},"properties":{"name":"EV charging","network":"EV charging","status":"unknown","source":"OpenStreetMap (charge-finder mirror)"}},{"type":"Feature","geometry":{"type":"Point","coordinates":[-123.4673,48.9299]},"properties":{"name":"EV charging","network":"EV charging","status":"unknown","source":"OpenStreetMap (charge-finder mirror)"}},{"type":"Feature","geometry":{"type":"Point","coordinates":[-73.5672,45.4944]},"properties":{"name":"Circuit \u00e9lectrique","network":"Circuit \u00e9lectrique","stalls":2,"status":"unknown","source":"OpenStreetMap (charge-finder mirror)"}},{"type":"Feature","geometry":{"type":"Point","coordinates":[-84.4173,33.6595]},"properties":{"name":"eVgo","network":"eVgo","status":"unknown","source":"OpenStreetMap (charge-finder mirror)"}},{"type":"Feature","geometry":{"type":"Point","coordinates":[-75.059,38.4308]},"properties":{"name":"EV charging","network":"EV charging","stalls":2,"status":"unknown","source":"OpenStreetMap (charge-finder mirror)"}},{"type":"Feature","geometry":{"type":"Point","coordinates":[-84.4479,33.6506]},"properties":{"name":"EV charging","network":"EV charging","status":"unknown","source":"OpenStreetMap (charge-finder mirror)"}},{"type":"Feature","geometry":{"type":"Point","coordinates":[-118.4025,34.0289]},"properties":{"name":"FLO","network":"FLO","stalls":1,"status":"unknown","source":"OpenStreetMap (charge-finder mirror)"}},{"type":"Feature","geometry":{"type":"Point","coordinates":[-75.089,38.3331]},"properties":{"name":"EV charging","network":"EV charging","stalls":2,"status":"unknown","source":"OpenStreetMap (charge-finder mirror)"}},{"type":"Feature","geometry":{"type":"Point","coordinates":[-83.3181,30.8263]},"properties":{"name":"Electrify America","network":"Electrify America","stalls":2,"status":"24/7","source":"OpenStreetMap (charge-finder mirror)"}},{"type":"Feature","geometry":{"type":"Point","coordinates":[-93.6424,42.0299]},"properties":{"name":"US Agricultural Research Service","network":"ChargePoint","stalls":2,"status":"unknown","source":"OpenStreetMap (charge-finder mirror)"}},{"type":"Feature","geometry":{"type":"Point","coordinates":[-91.6705,47.0192]},"properties":{"name":"LV 2 Siemens","network":"EV charging","stalls":1,"status":"unknown","source":"OpenStreetMap (charge-finder mirror)"}},{"type":"Feature","geometry":{"type":"Point","coordinates":[-124.1118,43.6985]},"properties":{"name":"WCEH Reedsport","network":"WCEH","status":"unknown","source":"OpenStreetMap (charge-finder mirror)"}},{"type":"Feature","geometry":{"type":"Point","coordinates":[-87.9556,42.7266]},"properties":{"name":"EV charging","network":"EV charging","stalls":2,"status":"unknown","source":"OpenStreetMap (charge-finder mirror)"}},{"type":"Feature","geometry":{"type":"Point","coordinates":[-122.0028,37.2927]},"properties":{"name":"PowerFlex EV Charging Stations","network":"EV charging","status":"unknown","source":"OpenStreetMap (charge-finder mirror)"}},{"type":"Feature","geometry":{"type":"Point","coordinates":[-69.5895,45.4486]},"properties":{"name":"ChargePoint","network":"ChargePoint","stalls":2,"status":"unknown","source":"OpenStreetMap (charge-finder mirror)"}},{"type":"Feature","geometry":{"type":"Point","coordinates":[-121.5529,38.6618]},"properties":{"name":"ChargePoint","network":"ChargePoint","status":"unknown","source":"OpenStreetMap (charge-finder mirror)"}},{"type":"Feature","geometry":{"type":"Point","coordinates":[-113.876,48.618]},"properties":{"name":"EV charging","network":"EV charging","status":"unknown","source":"OpenStreetMap (charge-finder mirror)"}},{"type":"Feature","geometry":{"type":"Point","coordinates":[-81.4864,31.2139]},"properties":{"name":"Electrify America","network":"Electrify America","stalls":1,"status":"24/7","source":"OpenStreetMap (charge-finder mirror)"}},{"type":"Feature","geometry":{"type":"Point","coordinates":[-81.4864,31.214]},"properties":{"name":"Electrify America","network":"Electrify America","stalls":1,"status":"24/7","source":"OpenStreetMap (charge-finder mirror)"}},{"type":"Feature","geometry":{"type":"Point","coordinates":[-82.8689,34.1097]},"properties":{"name":"ClipperCreek","network":"ClipperCreek","stalls":2,"status":"unknown","source":"OpenStreetMap (charge-finder mirror)"}},{"type":"Feature","geometry":{"type":"Point","coordinates":[-121.9554,37.2672]},"properties":{"name":"ChargePoint","network":"ChargePoint","status":"unknown","source":"OpenStreetMap (charge-finder mirror)"}},{"type":"Feature","geometry":{"type":"Point","coordinates":[-104.9794,40.1399]},"properties":{"name":"ChargePoint Charging Station","network":"ChargePoint","stalls":4,"status":"unknown","source":"OpenStreetMap (charge-finder mirror)"}},{"type":"Feature","geometry":{"type":"Point","coordinates":[-105.3609,39.9193]},"properties":{"name":"ChargePoint Charging Station","network":"ChargePoint","stalls":1,"status":"unknown","source":"OpenStreetMap (charge-finder mirror)"}},{"type":"Feature","geometry":{"type":"Point","coordinates":[-123.1168,48.0807]},"properties":{"name":"Volta","network":"Volta","stalls":1,"status":"unknown","source":"OpenStreetMap (charge-finder mirror)"}},{"type":"Feature","geometry":{"type":"Point","coordinates":[-123.0974,48.0798]},"properties":{"name":"Blink","network":"Blink","status":"unknown","source":"OpenStreetMap (charge-finder mirror)"}},{"type":"Feature","geometry":{"type":"Point","coordinates":[-122.829,47.0496]},"properties":{"name":"Volta","network":"Volta","stalls":1,"status":"unknown","source":"OpenStreetMap (charge-finder mirror)"}},{"type":"Feature","geometry":{"type":"Point","coordinates":[-121.5211,38.659]},"properties":{"name":"ChargePoint","network":"ChargePoint","stalls":8,"status":"unknown","source":"OpenStreetMap (charge-finder mirror)"}},{"type":"Feature","geometry":{"type":"Point","coordinates":[-121.493,38.6389]},"properties":{"name":"EV charging","network":"EV charging","stalls":4,"status":"unknown","source":"OpenStreetMap (charge-finder mirror)"}},{"type":"Feature","geometry":{"type":"Point","coordinates":[-121.4861,38.6418]},"properties":{"name":"ChargePoint","network":"ChargePoint","status":"unknown","source":"OpenStreetMap (charge-finder mirror)"}},{"type":"Feature","geometry":{"type":"Point","coordinates":[-88.449,42.3164]},"properties":{"name":"EV charging","network":"EV charging","status":"unknown","source":"OpenStreetMap (charge-finder mirror)"}},{"type":"Feature","geometry":{"type":"Point","coordinates":[-92.7263,44.9644]},"properties":{"name":"EV charging","network":"EV charging","stalls":2,"status":"24/7","source":"OpenStreetMap (charge-finder mirror)"}},{"type":"Feature","geometry":{"type":"Point","coordinates":[-70.7074,44.3799]},"properties":{"name":"EV charging","network":"EV charging","stalls":1,"status":"unknown","source":"OpenStreetMap (charge-finder mirror)"}},{"type":"Feature","geometry":{"type":"Point","coordinates":[-70.792,44.4109]},"properties":{"name":"EV charging","network":"EV charging","status":"unknown","source":"OpenStreetMap (charge-finder mirror)"}},{"type":"Feature","geometry":{"type":"Point","coordinates":[-76.737,38.9428]},"properties":{"name":"Electrify America","network":"Electrify America","status":"unknown","source":"OpenStreetMap (charge-finder mirror)"}},{"type":"Feature","geometry":{"type":"Point","coordinates":[-80.3743,25.76]},"properties":{"name":"Sema Charging Station","network":"EV charging","status":"unknown","source":"OpenStreetMap (charge-finder mirror)"}},{"type":"Feature","geometry":{"type":"Point","coordinates":[-80.3801,25.7582]},"properties":{"name":"Sema Car Charging Station","network":"EV charging","status":"unknown","source":"OpenStreetMap (charge-finder mirror)"}},{"type":"Feature","geometry":{"type":"Point","coordinates":[-80.3802,25.7582]},"properties":{"name":"Sema Car Charging Station","network":"EV charging","status":"unknown","source":"OpenStreetMap (charge-finder mirror)"}},{"type":"Feature","geometry":{"type":"Point","coordinates":[-124.1055,44.3131]},"properties":{"name":"WCEH Yachats","network":"WCEH","stalls":1,"status":"unknown","source":"OpenStreetMap (charge-finder mirror)"}},{"type":"Feature","geometry":{"type":"Point","coordinates":[-124.0875,43.9817]},"properties":{"name":"WCEH Florence","network":"WCEH","stalls":1,"status":"unknown","source":"OpenStreetMap (charge-finder mirror)"}},{"type":"Feature","geometry":{"type":"Point","coordinates":[-123.8331,46.1899]},"properties":{"name":"WCEH Astoria","network":"WCEH","stalls":1,"status":"unknown","source":"OpenStreetMap (charge-finder mirror)"}},{"type":"Feature","geometry":{"type":"Point","coordinates":[-123.9559,45.8892]},"properties":{"name":"WCEH Cannon Beach","network":"WCEH","stalls":1,"status":"unknown","source":"OpenStreetMap (charge-finder mirror)"}},{"type":"Feature","geometry":{"type":"Point","coordinates":[-122.2052,47.4747]},"properties":{"name":"EV charging","network":"EV charging","status":"unknown","source":"OpenStreetMap (charge-finder mirror)"}},{"type":"Feature","geometry":{"type":"Point","coordinates":[-122.2828,47.5388]},"properties":{"name":"eVgo","network":"eVgo","status":"unknown","source":"OpenStreetMap (charge-finder mirror)"}},{"type":"Feature","geometry":{"type":"Point","coordinates":[-122.2873,47.564]},"properties":{"name":"Volta","network":"Volta","status":"unknown","source":"OpenStreetMap (charge-finder mirror)"}},{"type":"Feature","geometry":{"type":"Point","coordinates":[-122.352,47.5463]},"properties":{"name":"ChargePoint","network":"ChargePoint","status":"unknown","source":"OpenStreetMap (charge-finder mirror)"}},{"type":"Feature","geometry":{"type":"Point","coordinates":[-71.8001,45.1336]},"properties":{"name":"Le Circuit \u00c9lectrique","network":"Le Circuit \u00c9lectrique","stalls":1,"status":"unknown","source":"OpenStreetMap (charge-finder mirror)"}},{"type":"Feature","geometry":{"type":"Point","coordinates":[-122.975,45.5202]},"properties":{"name":"Volta","network":"Volta","stalls":2,"status":"unknown","source":"OpenStreetMap (charge-finder mirror)"}},{"type":"Feature","geometry":{"type":"Point","coordinates":[-81.835,36.0902]},"properties":{"name":"ChargePoint Charging Station","network":"EV charging","status":"unknown","source":"OpenStreetMap (charge-finder mirror)"}},{"type":"Feature","geometry":{"type":"Point","coordinates":[-122.3695,47.6594]},"properties":{"name":"EV charging","network":"EV charging","status":"unknown","source":"OpenStreetMap (charge-finder mirror)"}},{"type":"Feature","geometry":{"type":"Point","coordinates":[-69.727,44.7802]},"properties":{"name":"ChargePoint","network":"ChargePoint","stalls":2,"status":"unknown","source":"OpenStreetMap (charge-finder mirror)"}},{"type":"Feature","geometry":{"type":"Point","coordinates":[-69.727,44.7803]},"properties":{"name":"ChargePoint","network":"ChargePoint","stalls":2,"status":"unknown","source":"OpenStreetMap (charge-finder mirror)"}},{"type":"Feature","geometry":{"type":"Point","coordinates":[-73.3493,45.8912]},"properties":{"name":"Electric Circuit Station de recharge","network":"Circuit \u00e9lectrique","stalls":2,"status":"unknown","source":"OpenStreetMap (charge-finder mirror)"}},{"type":"Feature","geometry":{"type":"Point","coordinates":[-73.3493,45.8912]},"properties":{"name":"Electric Circuit Station de recharge","network":"Circuit \u00e9lectrique","stalls":2,"status":"unknown","source":"OpenStreetMap (charge-finder mirror)"}},{"type":"Feature","geometry":{"type":"Point","coordinates":[-117.8742,33.6176]},"properties":{"name":"ChargePoint","network":"ChargePoint","stalls":4,"status":"unknown","source":"OpenStreetMap (charge-finder mirror)"}},{"type":"Feature","geometry":{"type":"Point","coordinates":[-73.8216,45.6219]},"properties":{"name":"EV charging","network":"EV charging","stalls":2,"status":"unknown","source":"OpenStreetMap (charge-finder mirror)"}},{"type":"Feature","geometry":{"type":"Point","coordinates":[-88.8182,43.4566]},"properties":{"name":"EV charging","network":"EV charging","status":"unknown","source":"OpenStreetMap (charge-finder mirror)"}},{"type":"Feature","geometry":{"type":"Point","coordinates":[-86.4314,36.969]},"properties":{"name":"EV charging","network":"EV charging","stalls":1,"status":"unknown","source":"OpenStreetMap (charge-finder mirror)"}},{"type":"Feature","geometry":{"type":"Point","coordinates":[-94.3642,45.9739]},"properties":{"name":"Zef Energy","network":"Zef Energy","status":"unknown","source":"OpenStreetMap (charge-finder mirror)"}},{"type":"Feature","geometry":{"type":"Point","coordinates":[-122.8084,45.491]},"properties":{"name":"ChargePoint","network":"ChargePoint","stalls":1,"status":"unknown","source":"OpenStreetMap (charge-finder mirror)"}},{"type":"Feature","geometry":{"type":"Point","coordinates":[-122.1804,39.2402]},"properties":{"name":"Caltrans","network":"Caltrans","stalls":2,"status":"unknown","source":"OpenStreetMap (charge-finder mirror)"}},{"type":"Feature","geometry":{"type":"Point","coordinates":[-110.7591,43.4804]},"properties":{"name":"EV charging","network":"EV charging","status":"unknown","source":"OpenStreetMap (charge-finder mirror)"}},{"type":"Feature","geometry":{"type":"Point","coordinates":[-81.5524,30.1835]},"properties":{"name":"Electrify America","network":"Electrify America","stalls":1,"status":"unknown","source":"OpenStreetMap (charge-finder mirror)"}},{"type":"Feature","geometry":{"type":"Point","coordinates":[-81.5524,30.1834]},"properties":{"name":"Electrify America","network":"Electrify America","stalls":1,"status":"unknown","source":"OpenStreetMap (charge-finder mirror)"}},{"type":"Feature","geometry":{"type":"Point","coordinates":[-73.569,45.5082]},"properties":{"name":"Charging station","network":"EV charging","status":"unknown","source":"OpenStreetMap (charge-finder mirror)"}},{"type":"Feature","geometry":{"type":"Point","coordinates":[-73.5664,45.5137]},"properties":{"name":"Charging station","network":"EV charging","status":"unknown","source":"OpenStreetMap (charge-finder mirror)"}},{"type":"Feature","geometry":{"type":"Point","coordinates":[-73.5664,45.5136]},"properties":{"name":"Charging station","network":"EV charging","status":"unknown","source":"OpenStreetMap (charge-finder mirror)"}},{"type":"Feature","geometry":{"type":"Point","coordinates":[-72.996,45.1198]},"properties":{"name":"EVlink","network":"Ville de Bedford","stalls":2,"status":"unknown","source":"OpenStreetMap (charge-finder mirror)"}},{"type":"Feature","geometry":{"type":"Point","coordinates":[-122.3102,38.3216]},"properties":{"name":"EV charging","network":"EV charging","stalls":4,"status":"unknown","source":"OpenStreetMap (charge-finder mirror)"}},{"type":"Feature","geometry":{"type":"Point","coordinates":[-121.2725,38.6649]},"properties":{"name":"Volta","network":"Volta","status":"unknown","source":"OpenStreetMap (charge-finder mirror)"}},{"type":"Feature","geometry":{"type":"Point","coordinates":[-121.2715,38.6603]},"properties":{"name":"Blink","network":"Blink","status":"unknown","source":"OpenStreetMap (charge-finder mirror)"}},{"type":"Feature","geometry":{"type":"Point","coordinates":[-118.3486,33.8044]},"properties":{"name":"ChargePoint","network":"ChargePoint","stalls":2,"status":"unknown","source":"OpenStreetMap (charge-finder mirror)"}},{"type":"Feature","geometry":{"type":"Point","coordinates":[-105.2571,40.0184]},"properties":{"name":"Electrify America","network":"Electrify America","stalls":4,"status":"unknown","source":"OpenStreetMap (charge-finder mirror)"}},{"type":"Feature","geometry":{"type":"Point","coordinates":[-123.0323,49.2151]},"properties":{"name":"EV charging","network":"EV charging","stalls":4,"status":"unknown","source":"OpenStreetMap (charge-finder mirror)"}},{"type":"Feature","geometry":{"type":"Point","coordinates":[-76.8167,39.2276]},"properties":{"name":"Volta","network":"Volta","stalls":1,"status":"unknown","source":"OpenStreetMap (charge-finder mirror)"}},{"type":"Feature","geometry":{"type":"Point","coordinates":[-121.9715,38.8812]},"properties":{"name":"EV charging","network":"EV charging","status":"unknown","source":"OpenStreetMap (charge-finder mirror)"}},{"type":"Feature","geometry":{"type":"Point","coordinates":[-71.5119,42.215]},"properties":{"name":"EV charging","network":"EV charging","stalls":2,"status":"unknown","source":"OpenStreetMap (charge-finder mirror)"}},{"type":"Feature","geometry":{"type":"Point","coordinates":[-73.5709,45.4888]},"properties":{"name":"Circuit \u00e9lectrique","network":"Circuit \u00e9lectrique","stalls":2,"status":"unknown","source":"OpenStreetMap (charge-finder mirror)"}},{"type":"Feature","geometry":{"type":"Point","coordinates":[-72.8913,42.965]},"properties":{"name":"Clipper Creek","network":"Clipper Creek","stalls":3,"status":"unknown","source":"OpenStreetMap (charge-finder mirror)"}},{"type":"Feature","geometry":{"type":"Point","coordinates":[-122.6575,45.6925]},"properties":{"name":"Blink","network":"Blink","stalls":1,"status":"unknown","source":"OpenStreetMap (charge-finder mirror)"}},{"type":"Feature","geometry":{"type":"Point","coordinates":[-68.1259,48.6288]},"properties":{"name":"EV charging","network":"EV charging","status":"unknown","source":"OpenStreetMap (charge-finder mirror)"}},{"type":"Feature","geometry":{"type":"Point","coordinates":[-78.9905,42.6362]},"properties":{"name":"EV charging","network":"EV charging","status":"unknown","source":"OpenStreetMap (charge-finder mirror)"}},{"type":"Feature","geometry":{"type":"Point","coordinates":[-122.7267,45.573]},"properties":{"name":"ChargePoint","network":"ChargePoint","stalls":4,"status":"24/7","source":"OpenStreetMap (charge-finder mirror)"}},{"type":"Feature","geometry":{"type":"Point","coordinates":[-73.8864,45.561]},"properties":{"name":"EV charging","network":"EV charging","stalls":1,"status":"unknown","source":"OpenStreetMap (charge-finder mirror)"}},{"type":"Feature","geometry":{"type":"Point","coordinates":[-84.3011,33.9002]},"properties":{"name":"EV charging","network":"EV charging","stalls":1,"status":"unknown","source":"OpenStreetMap (charge-finder mirror)"}},{"type":"Feature","geometry":{"type":"Point","coordinates":[-84.5723,34.0111]},"properties":{"name":"Electrify America","network":"Electrify America","stalls":1,"status":"24/7","source":"OpenStreetMap (charge-finder mirror)"}},{"type":"Feature","geometry":{"type":"Point","coordinates":[-84.5723,34.011]},"properties":{"name":"Electrify America","network":"Electrify America","stalls":1,"status":"24/7","source":"OpenStreetMap (charge-finder mirror)"}},{"type":"Feature","geometry":{"type":"Point","coordinates":[-84.5723,34.011]},"properties":{"name":"Electrify America","network":"Electrify America","stalls":1,"status":"24/7","source":"OpenStreetMap (charge-finder mirror)"}},{"type":"Feature","geometry":{"type":"Point","coordinates":[-84.5723,34.011]},"properties":{"name":"Electrify America","network":"Electrify America","stalls":1,"status":"24/7","source":"OpenStreetMap (charge-finder mirror)"}},{"type":"Feature","geometry":{"type":"Point","coordinates":[-84.5723,34.011]},"properties":{"name":"Electrify America","network":"Electrify America","stalls":1,"status":"24/7","source":"OpenStreetMap (charge-finder mirror)"}},{"type":"Feature","geometry":{"type":"Point","coordinates":[-97.6275,30.48]},"properties":{"name":"ChargePoint","network":"ChargePoint","stalls":2,"status":"unknown","source":"OpenStreetMap (charge-finder mirror)"}},{"type":"Feature","geometry":{"type":"Point","coordinates":[-73.8686,45.5691]},"properties":{"name":"Circuit \u00e9lectrique","network":"Circuit \u00e9lectrique","stalls":1,"status":"unknown","source":"OpenStreetMap (charge-finder mirror)"}},{"type":"Feature","geometry":{"type":"Point","coordinates":[-94.143,45.5454]},"properties":{"name":"EV charging","network":"EV charging","stalls":2,"status":"unknown","source":"OpenStreetMap (charge-finder mirror)"}},{"type":"Feature","geometry":{"type":"Point","coordinates":[-122.879,42.3479]},"properties":{"name":"ChargePoint","network":"ChargePoint","stalls":4,"status":"unknown","source":"OpenStreetMap (charge-finder mirror)"}},{"type":"Feature","geometry":{"type":"Point","coordinates":[-73.5383,45.569]},"properties":{"name":"Circuit \u00e9lectrique","network":"Circuit \u00e9lectrique","stalls":3,"status":"unknown","source":"OpenStreetMap (charge-finder mirror)"}},{"type":"Feature","geometry":{"type":"Point","coordinates":[-105.0104,39.7558]},"properties":{"name":"EVgo","network":"EVgo","stalls":1,"status":"24/7","source":"OpenStreetMap (charge-finder mirror)"}},{"type":"Feature","geometry":{"type":"Point","coordinates":[-122.7078,45.5382]},"properties":{"name":"EV charging","network":"EV charging","stalls":4,"status":"unknown","source":"OpenStreetMap (charge-finder mirror)"}},{"type":"Feature","geometry":{"type":"Point","coordinates":[-73.8198,45.6294]},"properties":{"name":"EV charging","network":"EV charging","stalls":4,"status":"unknown","source":"OpenStreetMap (charge-finder mirror)"}},{"type":"Feature","geometry":{"type":"Point","coordinates":[-77.4303,34.7526]},"properties":{"name":"EV charging","network":"EV charging","status":"unknown","source":"OpenStreetMap (charge-finder mirror)"}},{"type":"Feature","geometry":{"type":"Point","coordinates":[-121.7489,37.9586]},"properties":{"name":"ChargePoint","network":"ChargePoint","status":"unknown","source":"OpenStreetMap (charge-finder mirror)"}},{"type":"Feature","geometry":{"type":"Point","coordinates":[-121.737,37.9432]},"properties":{"name":"eVgo","network":"eVgo","status":"unknown","source":"OpenStreetMap (charge-finder mirror)"}},{"type":"Feature","geometry":{"type":"Point","coordinates":[-71.0464,42.2847]},"properties":{"name":"electrify america","network":"Electrify America","stalls":4,"status":"24/7","source":"OpenStreetMap (charge-finder mirror)"}},{"type":"Feature","geometry":{"type":"Point","coordinates":[-76.3295,39.4336]},"properties":{"name":"ChargePoint","network":"ChargePoint","status":"unknown","source":"OpenStreetMap (charge-finder mirror)"}},{"type":"Feature","geometry":{"type":"Point","coordinates":[-118.4472,34.0336]},"properties":{"name":"FLO","network":"FLO","status":"unknown","source":"OpenStreetMap (charge-finder mirror)"}},{"type":"Feature","geometry":{"type":"Point","coordinates":[-77.4544,37.6043]},"properties":{"name":"EVgo","network":"EVgo","status":"unknown","source":"OpenStreetMap (charge-finder mirror)"}},{"type":"Feature","geometry":{"type":"Point","coordinates":[-73.6202,40.7443]},"properties":{"name":"01","network":"Volta","stalls":1,"status":"unknown","source":"OpenStreetMap (charge-finder mirror)"}},{"type":"Feature","geometry":{"type":"Point","coordinates":[-76.6502,39.3232]},"properties":{"name":"EV charging","network":"EV charging","stalls":4,"status":"unknown","source":"OpenStreetMap (charge-finder mirror)"}},{"type":"Feature","geometry":{"type":"Point","coordinates":[-70.8967,46.9166]},"properties":{"name":"EV charging","network":"EV charging","status":"unknown","source":"OpenStreetMap (charge-finder mirror)"}},{"type":"Feature","geometry":{"type":"Point","coordinates":[-118.0561,33.8676]},"properties":{"name":"EV charging","network":"EV charging","status":"unknown","source":"OpenStreetMap (charge-finder mirror)"}},{"type":"Feature","geometry":{"type":"Point","coordinates":[-121.2285,37.7828]},"properties":{"name":"Clipper Creek","network":"Clipper Creek","stalls":1,"status":"unknown","source":"OpenStreetMap (charge-finder mirror)"}},{"type":"Feature","geometry":{"type":"Point","coordinates":[-111.9393,40.6687]},"properties":{"name":"Blink","network":"Blink","status":"unknown","source":"OpenStreetMap (charge-finder mirror)"}},{"type":"Feature","geometry":{"type":"Point","coordinates":[-105.9954,35.6025]},"properties":{"name":"EV charging","network":"EV charging","stalls":2,"status":"unknown","source":"OpenStreetMap (charge-finder mirror)"}},{"type":"Feature","geometry":{"type":"Point","coordinates":[-73.5996,40.7137]},"properties":{"name":"EV charging","network":"EV charging","status":"unknown","source":"OpenStreetMap (charge-finder mirror)"}},{"type":"Feature","geometry":{"type":"Point","coordinates":[-73.5991,40.7131]},"properties":{"name":"ChargePoint","network":"ChargePoint","stalls":2,"status":"unknown","source":"OpenStreetMap (charge-finder mirror)"}},{"type":"Feature","geometry":{"type":"Point","coordinates":[-121.303,38.1169]},"properties":{"name":"ChargePoint","network":"ChargePoint","status":"unknown","source":"OpenStreetMap (charge-finder mirror)"}},{"type":"Feature","geometry":{"type":"Point","coordinates":[-121.2571,38.1371]},"properties":{"name":"EV charging","network":"EV charging","status":"unknown","source":"OpenStreetMap (charge-finder mirror)"}},{"type":"Feature","geometry":{"type":"Point","coordinates":[-121.2755,38.1346]},"properties":{"name":"EV charging","network":"EV charging","status":"unknown","source":"OpenStreetMap (charge-finder mirror)"}},{"type":"Feature","geometry":{"type":"Point","coordinates":[-121.2759,38.1373]},"properties":{"name":"EV charging","network":"EV charging","status":"unknown","source":"OpenStreetMap (charge-finder mirror)"}},{"type":"Feature","geometry":{"type":"Point","coordinates":[-121.3738,38.051]},"properties":{"name":"ChargePoint","network":"ChargePoint","status":"unknown","source":"OpenStreetMap (charge-finder mirror)"}},{"type":"Feature","geometry":{"type":"Point","coordinates":[-79.2729,43.1926]},"properties":{"name":"FLO","network":"FLO","stalls":2,"status":"unknown","source":"OpenStreetMap (charge-finder mirror)"}},{"type":"Feature","geometry":{"type":"Point","coordinates":[-122.2989,47.4098]},"properties":{"name":"Volta","network":"Volta","stalls":1,"status":"unknown","source":"OpenStreetMap (charge-finder mirror)"}},{"type":"Feature","geometry":{"type":"Point","coordinates":[-118.3865,33.926]},"properties":{"name":"ChargePoint","network":"ChargePoint","stalls":1,"status":"unknown","source":"OpenStreetMap (charge-finder mirror)"}},{"type":"Feature","geometry":{"type":"Point","coordinates":[-118.3257,33.821]},"properties":{"name":"EV Connect","network":"EV Connect","stalls":1,"status":"unknown","source":"OpenStreetMap (charge-finder mirror)"}},{"type":"Feature","geometry":{"type":"Point","coordinates":[-82.1383,28.6669]},"properties":{"name":"Electrify America","network":"Electrify America","stalls":1,"status":"unknown","source":"OpenStreetMap (charge-finder mirror)"}},{"type":"Feature","geometry":{"type":"Point","coordinates":[-82.1383,28.6669]},"properties":{"name":"Electrify America","network":"Electrify America","stalls":1,"status":"unknown","source":"OpenStreetMap (charge-finder mirror)"}},{"type":"Feature","geometry":{"type":"Point","coordinates":[-85.1581,35.0357]},"properties":{"name":"ChargePoint","network":"ChargePoint","stalls":2,"status":"unknown","source":"OpenStreetMap (charge-finder mirror)"}},{"type":"Feature","geometry":{"type":"Point","coordinates":[-71.0143,46.4357]},"properties":{"name":"EV charging","network":"EV charging","stalls":2,"status":"unknown","source":"OpenStreetMap (charge-finder mirror)"}},{"type":"Feature","geometry":{"type":"Point","coordinates":[-89.4208,43.0363]},"properties":{"name":"EV charging","network":"EV charging","status":"unknown","source":"OpenStreetMap (charge-finder mirror)"}},{"type":"Feature","geometry":{"type":"Point","coordinates":[-118.3353,33.8717]},"properties":{"name":"ChargePoint","network":"ChargePoint","stalls":2,"status":"unknown","source":"OpenStreetMap (charge-finder mirror)"}},{"type":"Feature","geometry":{"type":"Point","coordinates":[-73.6317,45.4813]},"properties":{"name":"EV charging","network":"EV charging","status":"unknown","source":"OpenStreetMap (charge-finder mirror)"}},{"type":"Feature","geometry":{"type":"Point","coordinates":[-73.6379,45.4841]},"properties":{"name":"EV charging","network":"EV charging","status":"unknown","source":"OpenStreetMap (charge-finder mirror)"}},{"type":"Feature","geometry":{"type":"Point","coordinates":[-83.7815,42.2785]},"properties":{"name":"Enel","network":"EV charging","stalls":7,"status":"unknown","source":"OpenStreetMap (charge-finder mirror)"}},{"type":"Feature","geometry":{"type":"Point","coordinates":[-83.7815,42.2784]},"properties":{"name":"Enel","network":"EV charging","stalls":7,"status":"unknown","source":"OpenStreetMap (charge-finder mirror)"}},{"type":"Feature","geometry":{"type":"Point","coordinates":[-78.0611,40.9146]},"properties":{"name":"EV charging","network":"EV charging","stalls":2,"status":"unknown","source":"OpenStreetMap (charge-finder mirror)"}},{"type":"Feature","geometry":{"type":"Point","coordinates":[-80.2458,43.4356]},"properties":{"name":"EV charging","network":"EV charging","status":"unknown","source":"OpenStreetMap (charge-finder mirror)"}},{"type":"Feature","geometry":{"type":"Point","coordinates":[-123.9919,40.8826]},"properties":{"name":"ChargePoint","network":"ChargePoint","status":"unknown","source":"OpenStreetMap (charge-finder mirror)"}},{"type":"Feature","geometry":{"type":"Point","coordinates":[-123.9985,40.8848]},"properties":{"name":"ChargePoint","network":"ChargePoint","stalls":2,"status":"unknown","source":"OpenStreetMap (charge-finder mirror)"}},{"type":"Feature","geometry":{"type":"Point","coordinates":[-85.2353,35.102]},"properties":{"name":"ChargePoint","network":"ChargePoint","stalls":2,"status":"unknown","source":"OpenStreetMap (charge-finder mirror)"}},{"type":"Feature","geometry":{"type":"Point","coordinates":[-87.6454,41.8647]},"properties":{"name":"Blink","network":"Blink","status":"unknown","source":"OpenStreetMap (charge-finder mirror)"}},{"type":"Feature","geometry":{"type":"Point","coordinates":[-87.6455,41.8647]},"properties":{"name":"Blink","network":"Blink","status":"unknown","source":"OpenStreetMap (charge-finder mirror)"}},{"type":"Feature","geometry":{"type":"Point","coordinates":[-87.6396,41.867]},"properties":{"name":"Volta","network":"Volta","status":"unknown","source":"OpenStreetMap (charge-finder mirror)"}},{"type":"Feature","geometry":{"type":"Point","coordinates":[-83.0043,42.8025]},"properties":{"name":"ChargePoint","network":"ChargePoint","stalls":2,"status":"unknown","source":"OpenStreetMap (charge-finder mirror)"}},{"type":"Feature","geometry":{"type":"Point","coordinates":[-117.7468,40.9546]},"properties":{"name":"Electrify America","network":"EV charging","stalls":4,"status":"unknown","source":"OpenStreetMap (charge-finder mirror)"}},{"type":"Feature","geometry":{"type":"Point","coordinates":[-84.568,42.8426]},"properties":{"name":"ChargePoint","network":"ChargePoint","stalls":2,"status":"unknown","source":"OpenStreetMap (charge-finder mirror)"}},{"type":"Feature","geometry":{"type":"Point","coordinates":[-73.5296,45.5581]},"properties":{"name":"Circuit \u00e9lectrique","network":"Circuit \u00e9lectrique","stalls":2,"status":"unknown","source":"OpenStreetMap (charge-finder mirror)"}},{"type":"Feature","geometry":{"type":"Point","coordinates":[-86.107,39.9142]},"properties":{"name":"eVgo","network":"EVgo","stalls":3,"status":"unknown","source":"OpenStreetMap (charge-finder mirror)"}},{"type":"Feature","geometry":{"type":"Point","coordinates":[-86.1462,39.9577]},"properties":{"name":"ChargePoint","network":"ChargePoint","stalls":4,"status":"unknown","source":"OpenStreetMap (charge-finder mirror)"}},{"type":"Feature","geometry":{"type":"Point","coordinates":[-86.0645,39.9075]},"properties":{"name":"ChargePoint","network":"ChargePoint","status":"unknown","source":"OpenStreetMap (charge-finder mirror)"}},{"type":"Feature","geometry":{"type":"Point","coordinates":[-117.6075,33.4509]},"properties":{"name":"ChargePoint","network":"ChargePoint","status":"unknown","source":"OpenStreetMap (charge-finder mirror)"}},{"type":"Feature","geometry":{"type":"Point","coordinates":[-117.6114,33.4271]},"properties":{"name":"EV Connect","network":"EV Connect","status":"unknown","source":"OpenStreetMap (charge-finder mirror)"}},{"type":"Feature","geometry":{"type":"Point","coordinates":[-118.3443,33.8603]},"properties":{"name":"ChargePoint","network":"ChargePoint","status":"unknown","source":"OpenStreetMap (charge-finder mirror)"}},{"type":"Feature","geometry":{"type":"Point","coordinates":[-122.4038,37.6441]},"properties":{"name":"EV Range","network":"EV charging","status":"unknown","source":"OpenStreetMap (charge-finder mirror)"}},{"type":"Feature","geometry":{"type":"Point","coordinates":[-69.0985,48.7269]},"properties":{"name":"EV charging","network":"EV charging","status":"unknown","source":"OpenStreetMap (charge-finder mirror)"}},{"type":"Feature","geometry":{"type":"Point","coordinates":[-71.5025,46.9785]},"properties":{"name":"EV charging","network":"EV charging","stalls":2,"status":"unknown","source":"OpenStreetMap (charge-finder mirror)"}},{"type":"Feature","geometry":{"type":"Point","coordinates":[-77.4293,41.7366]},"properties":{"name":"EV charging","network":"EV charging","stalls":2,"status":"unknown","source":"OpenStreetMap (charge-finder mirror)"}},{"type":"Feature","geometry":{"type":"Point","coordinates":[-84.1661,34.0697]},"properties":{"name":"Volta","network":"Volta","status":"unknown","source":"OpenStreetMap (charge-finder mirror)"}},{"type":"Feature","geometry":{"type":"Point","coordinates":[-73.9497,40.6994]},"properties":{"name":"Revel","network":"EV charging","stalls":25,"status":"unknown","source":"OpenStreetMap (charge-finder mirror)"}},{"type":"Feature","geometry":{"type":"Point","coordinates":[-95.546,42.474]},"properties":{"name":"EV charging","network":"EV charging","status":"unknown","source":"OpenStreetMap (charge-finder mirror)"}},{"type":"Feature","geometry":{"type":"Point","coordinates":[-94.1578,42.5051]},"properties":{"name":"EV charging","network":"EV charging","status":"unknown","source":"OpenStreetMap (charge-finder mirror)"}},{"type":"Feature","geometry":{"type":"Point","coordinates":[-95.1487,42.4668]},"properties":{"name":"EV charging","network":"EV charging","status":"unknown","source":"OpenStreetMap (charge-finder mirror)"}},{"type":"Feature","geometry":{"type":"Point","coordinates":[-118.9526,44.4141]},"properties":{"name":"OTEC","network":"OTEC","status":"unknown","source":"OpenStreetMap (charge-finder mirror)"}},{"type":"Feature","geometry":{"type":"Point","coordinates":[-122.206,47.8102]},"properties":{"name":"Volta","network":"Volta","status":"unknown","source":"OpenStreetMap (charge-finder mirror)"}},{"type":"Feature","geometry":{"type":"Point","coordinates":[-75.3582,40.0918]},"properties":{"name":"volta charging station","network":"volta","stalls":2,"status":"unknown","source":"OpenStreetMap (charge-finder mirror)"}},{"type":"Feature","geometry":{"type":"Point","coordinates":[-71.8639,45.4496]},"properties":{"name":"Le Circuit \u00c9lectrique","network":"Le Circuit \u00c9lectrique","status":"unknown","source":"OpenStreetMap (charge-finder mirror)"}},{"type":"Feature","geometry":{"type":"Point","coordinates":[-120.0365,46.9477]},"properties":{"name":"Envision Solar","network":"EV charging","status":"unknown","source":"OpenStreetMap (charge-finder mirror)"}},{"type":"Feature","geometry":{"type":"Point","coordinates":[-116.9767,33.2276]},"properties":{"name":"EV charging","network":"EV charging","status":"unknown","source":"OpenStreetMap (charge-finder mirror)"}},{"type":"Feature","geometry":{"type":"Point","coordinates":[-121.5529,38.587]},"properties":{"name":"ChargePoint","network":"ChargePoint","stalls":2,"status":"unknown","source":"OpenStreetMap (charge-finder mirror)"}},{"type":"Feature","geometry":{"type":"Point","coordinates":[-123.1627,48.1489]},"properties":{"name":"EV charging","network":"EV charging","status":"unknown","source":"OpenStreetMap (charge-finder mirror)"}},{"type":"Feature","geometry":{"type":"Point","coordinates":[-118.3514,33.8324]},"properties":{"name":"Volta","network":"Volta","stalls":1,"status":"unknown","source":"OpenStreetMap (charge-finder mirror)"}},{"type":"Feature","geometry":{"type":"Point","coordinates":[-88.541,43.1389]},"properties":{"name":"EV charging","network":"EV charging","status":"unknown","source":"OpenStreetMap (charge-finder mirror)"}},{"type":"Feature","geometry":{"type":"Point","coordinates":[-122.8797,45.5278]},"properties":{"name":"EV charging","network":"EV charging","status":"unknown","source":"OpenStreetMap (charge-finder mirror)"}},{"type":"Feature","geometry":{"type":"Point","coordinates":[-122.8798,45.5277]},"properties":{"name":"EV charging","network":"EV charging","status":"unknown","source":"OpenStreetMap (charge-finder mirror)"}},{"type":"Feature","geometry":{"type":"Point","coordinates":[-122.8798,45.5276]},"properties":{"name":"EV charging","network":"EV charging","status":"unknown","source":"OpenStreetMap (charge-finder mirror)"}},{"type":"Feature","geometry":{"type":"Point","coordinates":[-122.8797,45.5277]},"properties":{"name":"EV charging","network":"EV charging","status":"unknown","source":"OpenStreetMap (charge-finder mirror)"}},{"type":"Feature","geometry":{"type":"Point","coordinates":[-122.2978,37.8848]},"properties":{"name":"Volta","network":"Volta","stalls":2,"status":"unknown","source":"OpenStreetMap (charge-finder mirror)"}},{"type":"Feature","geometry":{"type":"Point","coordinates":[-77.3857,34.786]},"properties":{"name":"Charge point","network":"Charge point","status":"unknown","source":"OpenStreetMap (charge-finder mirror)"}},{"type":"Feature","geometry":{"type":"Point","coordinates":[-86.1219,39.977]},"properties":{"name":"EV charging","network":"EV charging","stalls":2,"status":"unknown","source":"OpenStreetMap (charge-finder mirror)"}},{"type":"Feature","geometry":{"type":"Point","coordinates":[-122.3123,47.3139]},"properties":{"name":"Blink","network":"Blink","stalls":3,"status":"unknown","source":"OpenStreetMap (charge-finder mirror)"}},{"type":"Feature","geometry":{"type":"Point","coordinates":[-71.7749,44.3065]},"properties":{"name":"EV charging","network":"EV charging","status":"unknown","source":"OpenStreetMap (charge-finder mirror)"}},{"type":"Feature","geometry":{"type":"Point","coordinates":[-122.1992,47.4971]},"properties":{"name":"Electrify America","network":"Electrify America","stalls":4,"status":"unknown","source":"OpenStreetMap (charge-finder mirror)"}},{"type":"Feature","geometry":{"type":"Point","coordinates":[-72.5579,42.8825]},"properties":{"name":"Blink","network":"Blink","status":"unknown","source":"OpenStreetMap (charge-finder mirror)"}},{"type":"Feature","geometry":{"type":"Point","coordinates":[-121.9791,37.2856]},"properties":{"name":"EVgo","network":"EVgo","status":"unknown","source":"OpenStreetMap (charge-finder mirror)"}},{"type":"Feature","geometry":{"type":"Point","coordinates":[-71.7908,42.327]},"properties":{"name":"Volta","network":"Volta","stalls":1,"status":"unknown","source":"OpenStreetMap (charge-finder mirror)"}},{"type":"Feature","geometry":{"type":"Point","coordinates":[-71.2387,42.3698]},"properties":{"name":"Walnut Street Lot Charging Station","network":"WattZilla","stalls":2,"status":"unknown","source":"OpenStreetMap (charge-finder mirror)"}},{"type":"Feature","geometry":{"type":"Point","coordinates":[-93.6431,42.0017]},"properties":{"name":"ChargePoint","network":"ChargePoint","stalls":2,"status":"unknown","source":"OpenStreetMap (charge-finder mirror)"}},{"type":"Feature","geometry":{"type":"Point","coordinates":[-93.6096,42.0259]},"properties":{"name":"ChargePoint","network":"ChargePoint","stalls":2,"status":"unknown","source":"OpenStreetMap (charge-finder mirror)"}},{"type":"Feature","geometry":{"type":"Point","coordinates":[-120.6025,46.5889]},"properties":{"name":"ChargePoint","network":"ChargePoint","status":"24/7","source":"OpenStreetMap (charge-finder mirror)"}},{"type":"Feature","geometry":{"type":"Point","coordinates":[-96.8662,32.8439]},"properties":{"name":"EV charging","network":"EV charging","status":"unknown","source":"OpenStreetMap (charge-finder mirror)"}},{"type":"Feature","geometry":{"type":"Point","coordinates":[-85.2804,35.0439]},"properties":{"name":"ChargePoint","network":"ChargePoint","stalls":2,"status":"unknown","source":"OpenStreetMap (charge-finder mirror)"}},{"type":"Feature","geometry":{"type":"Point","coordinates":[-117.841,34.0457]},"properties":{"name":"ChargePoint","network":"ChargePoint","stalls":2,"status":"05:00-23:00","source":"OpenStreetMap (charge-finder mirror)"}},{"type":"Feature","geometry":{"type":"Point","coordinates":[-117.8401,34.0463]},"properties":{"name":"ChargePoint","network":"ChargePoint","stalls":2,"status":"05:00-23:00","source":"OpenStreetMap (charge-finder mirror)"}},{"type":"Feature","geometry":{"type":"Point","coordinates":[-117.841,34.0458]},"properties":{"name":"ChargePoint","network":"ChargePoint","stalls":4,"status":"05:00-23:00","source":"OpenStreetMap (charge-finder mirror)"}},{"type":"Feature","geometry":{"type":"Point","coordinates":[-76.5964,42.5446]},"properties":{"name":"ChargePoint","network":"ChargePoint","stalls":2,"status":"unknown","source":"OpenStreetMap (charge-finder mirror)"}},{"type":"Feature","geometry":{"type":"Point","coordinates":[-117.103,32.6999]},"properties":{"name":"EVGO Chrging Station","network":"EV charging","status":"unknown","source":"OpenStreetMap (charge-finder mirror)"}},{"type":"Feature","geometry":{"type":"Point","coordinates":[-84.8653,45.4165]},"properties":{"name":"EV charging","network":"EV charging","stalls":4,"status":"unknown","source":"OpenStreetMap (charge-finder mirror)"}},{"type":"Feature","geometry":{"type":"Point","coordinates":[-87.9388,42.9068]},"properties":{"name":"EV charging","network":"EV charging","stalls":1,"status":"unknown","source":"OpenStreetMap (charge-finder mirror)"}},{"type":"Feature","geometry":{"type":"Point","coordinates":[-122.2618,49.0478]},"properties":{"name":"ChargePoint","network":"ChargePoint","stalls":4,"status":"unknown","source":"OpenStreetMap (charge-finder mirror)"}},{"type":"Feature","geometry":{"type":"Point","coordinates":[-121.7885,49.3032]},"properties":{"name":"Clipper Creek","network":"Clipper Creek","stalls":1,"status":"unknown","source":"OpenStreetMap (charge-finder mirror)"}},{"type":"Feature","geometry":{"type":"Point","coordinates":[-82.8527,31.4903]},"properties":{"name":"ChargePoint","network":"ChargePoint","stalls":1,"status":"unknown","source":"OpenStreetMap (charge-finder mirror)"}},{"type":"Feature","geometry":{"type":"Point","coordinates":[-72.9382,41.3146]},"properties":{"name":"EV charging","network":"EV charging","stalls":1,"status":"unknown","source":"OpenStreetMap (charge-finder mirror)"}},{"type":"Feature","geometry":{"type":"Point","coordinates":[-95.9278,41.258]},"properties":{"name":"ChargePoint","network":"ChargePoint","stalls":4,"status":"unknown","source":"OpenStreetMap (charge-finder mirror)"}},{"type":"Feature","geometry":{"type":"Point","coordinates":[-82.3468,29.6404]},"properties":{"name":"ChargePoint","network":"ChargePoint","status":"unknown","source":"OpenStreetMap (charge-finder mirror)"}},{"type":"Feature","geometry":{"type":"Point","coordinates":[-82.3464,29.6398]},"properties":{"name":"EV charging","network":"EV charging","status":"unknown","source":"OpenStreetMap (charge-finder mirror)"}},{"type":"Feature","geometry":{"type":"Point","coordinates":[-72.9046,43.1137]},"properties":{"name":"ChargePoint","network":"ChargePoint","status":"unknown","source":"OpenStreetMap (charge-finder mirror)"}},{"type":"Feature","geometry":{"type":"Point","coordinates":[-122.4291,37.6468]},"properties":{"name":"ChargeNet","network":"ChargeNet","stalls":6,"status":"unknown","source":"OpenStreetMap (charge-finder mirror)"}},{"type":"Feature","geometry":{"type":"Point","coordinates":[-82.3595,29.6485]},"properties":{"name":"ChargePoint","network":"ChargePoint","stalls":2,"status":"unknown","source":"OpenStreetMap (charge-finder mirror)"}},{"type":"Feature","geometry":{"type":"Point","coordinates":[-121.9431,37.7242]},"properties":{"name":"Blink","network":"Blink","status":"unknown","source":"OpenStreetMap (charge-finder mirror)"}},{"type":"Feature","geometry":{"type":"Point","coordinates":[-79.5,40.3021]},"properties":{"name":"EV charging","network":"EV charging","status":"unknown","source":"OpenStreetMap (charge-finder mirror)"}},{"type":"Feature","geometry":{"type":"Point","coordinates":[-118.5776,34.4441]},"properties":{"name":"Electrify America","network":"Electrify America","stalls":6,"status":"unknown","source":"OpenStreetMap (charge-finder mirror)"}},{"type":"Feature","geometry":{"type":"Point","coordinates":[-121.9421,37.5109]},"properties":{"name":"Electrify America","network":"Electrify America","status":"unknown","source":"OpenStreetMap (charge-finder mirror)"}},{"type":"Feature","geometry":{"type":"Point","coordinates":[-120.9554,39.0852]},"properties":{"name":"EV charging","network":"EV charging","status":"unknown","source":"OpenStreetMap (charge-finder mirror)"}},{"type":"Feature","geometry":{"type":"Point","coordinates":[-71.806,42.2742]},"properties":{"name":"ChargePoint","network":"ChargePoint","stalls":2,"status":"unknown","source":"OpenStreetMap (charge-finder mirror)"}},{"type":"Feature","geometry":{"type":"Point","coordinates":[-79.8312,40.5396]},"properties":{"name":"Sheetz Pittsburgh","network":"EV charging","stalls":6,"status":"unknown","source":"OpenStreetMap (charge-finder mirror)"}},{"type":"Feature","geometry":{"type":"Point","coordinates":[-72.8924,44.1369]},"properties":{"name":"EV charging","network":"EV charging","status":"unknown","source":"OpenStreetMap (charge-finder mirror)"}},{"type":"Feature","geometry":{"type":"Point","coordinates":[-121.3208,36.416]},"properties":{"name":"EV Range","network":"EV charging","stalls":4,"status":"unknown","source":"OpenStreetMap (charge-finder mirror)"}},{"type":"Feature","geometry":{"type":"Point","coordinates":[-120.2311,39.1971]},"properties":{"name":"EV Range","network":"EV charging","stalls":4,"status":"unknown","source":"OpenStreetMap (charge-finder mirror)"}},{"type":"Feature","geometry":{"type":"Point","coordinates":[-73.9487,42.0777]},"properties":{"name":"ChargePoint","network":"ChargePoint","stalls":2,"status":"unknown","source":"OpenStreetMap (charge-finder mirror)"}},{"type":"Feature","geometry":{"type":"Point","coordinates":[-71.7667,42.2847]},"properties":{"name":"ChargePoint","network":"ChargePoint","stalls":1,"status":"unknown","source":"OpenStreetMap (charge-finder mirror)"}},{"type":"Feature","geometry":{"type":"Point","coordinates":[-84.1856,34.1702]},"properties":{"name":"Volta","network":"Volta","stalls":1,"status":"unknown","source":"OpenStreetMap (charge-finder mirror)"}},{"type":"Feature","geometry":{"type":"Point","coordinates":[-110.1617,38.9958]},"properties":{"name":"Electrify America","network":"Electrify America","stalls":6,"status":"unknown","source":"OpenStreetMap (charge-finder mirror)"}},{"type":"Feature","geometry":{"type":"Point","coordinates":[-99.3203,38.9024]},"properties":{"name":"Electrify America","network":"Electrify America","status":"unknown","source":"OpenStreetMap (charge-finder mirror)"}},{"type":"Feature","geometry":{"type":"Point","coordinates":[-73.5597,45.4845]},"properties":{"name":"Circuit \u00e9lectrique","network":"Circuit \u00e9lectrique","status":"unknown","source":"OpenStreetMap (charge-finder mirror)"}},{"type":"Feature","geometry":{"type":"Point","coordinates":[-123.3021,42.4357]},"properties":{"name":"Electrify America","network":"Electrify America","stalls":4,"status":"24/7","source":"OpenStreetMap (charge-finder mirror)"}},{"type":"Feature","geometry":{"type":"Point","coordinates":[-104.8125,39.7403]},"properties":{"name":"eVgo","network":"EVgo","stalls":6,"status":"unknown","source":"OpenStreetMap (charge-finder mirror)"}},{"type":"Feature","geometry":{"type":"Point","coordinates":[-121.7945,38.6695]},"properties":{"name":"EV charging","network":"EV charging","stalls":2,"status":"unknown","source":"OpenStreetMap (charge-finder mirror)"}},{"type":"Feature","geometry":{"type":"Point","coordinates":[-77.6365,39.9304]},"properties":{"name":"Tru by Hilton Chambersburg","network":"Tru by Hilton Chambersburg","stalls":2,"status":"24/7","source":"OpenStreetMap (charge-finder mirror)"}},{"type":"Feature","geometry":{"type":"Point","coordinates":[-83.0405,42.3301]},"properties":{"name":"eVgo","network":"EVgo","stalls":2,"status":"unknown","source":"OpenStreetMap (charge-finder mirror)"}},{"type":"Feature","geometry":{"type":"Point","coordinates":[-121.7729,38.6784]},"properties":{"name":"EV charging","network":"EV charging","stalls":2,"status":"unknown","source":"OpenStreetMap (charge-finder mirror)"}},{"type":"Feature","geometry":{"type":"Point","coordinates":[-122.247,37.8101]},"properties":{"name":"eVgo","network":"eVgo","stalls":6,"status":"unknown","source":"OpenStreetMap (charge-finder mirror)"}},{"type":"Feature","geometry":{"type":"Point","coordinates":[-83.9933,35.7366]},"properties":{"name":"Food City","network":"Food City","stalls":2,"status":"unknown","source":"OpenStreetMap (charge-finder mirror)"}},{"type":"Feature","geometry":{"type":"Point","coordinates":[-88.207,41.7132]},"properties":{"name":"EV charging","network":"EV charging","stalls":1,"status":"unknown","source":"OpenStreetMap (charge-finder mirror)"}},{"type":"Feature","geometry":{"type":"Point","coordinates":[-88.2081,41.7129]},"properties":{"name":"EV charging","network":"EV charging","stalls":1,"status":"unknown","source":"OpenStreetMap (charge-finder mirror)"}},{"type":"Feature","geometry":{"type":"Point","coordinates":[-122.1811,37.4544]},"properties":{"name":"ChargePoint","network":"ChargePoint","status":"unknown","source":"OpenStreetMap (charge-finder mirror)"}},{"type":"Feature","geometry":{"type":"Point","coordinates":[-76.4927,38.9474]},"properties":{"name":"BGE","network":"BGE","status":"unknown","source":"OpenStreetMap (charge-finder mirror)"}},{"type":"Feature","geometry":{"type":"Point","coordinates":[-122.6769,45.5122]},"properties":{"name":"EV charging","network":"EV charging","stalls":5,"status":"unknown","source":"OpenStreetMap (charge-finder mirror)"}},{"type":"Feature","geometry":{"type":"Point","coordinates":[-72.5778,46.3468]},"properties":{"name":"Borne de recharge V\u00c9/EV Charging station","network":"Borne de recharge V\u00c9/EV Charging station","status":"unknown","source":"OpenStreetMap (charge-finder mirror)"}},{"type":"Feature","geometry":{"type":"Point","coordinates":[-72.5391,46.3511]},"properties":{"name":"Circuit \u00e9lectrique","network":"Circuit \u00e9lectrique","status":"unknown","source":"OpenStreetMap (charge-finder mirror)"}},{"type":"Feature","geometry":{"type":"Point","coordinates":[-71.1235,42.3954]},"properties":{"name":"ChargePoint","network":"ChargePoint","stalls":2,"status":"unknown","source":"OpenStreetMap (charge-finder mirror)"}},{"type":"Feature","geometry":{"type":"Point","coordinates":[-121.2702,38.6159]},"properties":{"name":"Volta","network":"Volta","status":"unknown","source":"OpenStreetMap (charge-finder mirror)"}},{"type":"Feature","geometry":{"type":"Point","coordinates":[-122.9952,44.9264]},"properties":{"name":"ChargePoint","network":"ChargePoint","status":"unknown","source":"OpenStreetMap (charge-finder mirror)"}},{"type":"Feature","geometry":{"type":"Point","coordinates":[-84.5432,42.7338]},"properties":{"name":"EV charging","network":"EV charging","stalls":2,"status":"unknown","source":"OpenStreetMap (charge-finder mirror)"}},{"type":"Feature","geometry":{"type":"Point","coordinates":[-76.7529,39.2819]},"properties":{"name":"Volta","network":"Volta","status":"unknown","source":"OpenStreetMap (charge-finder mirror)"}},{"type":"Feature","geometry":{"type":"Point","coordinates":[-71.0863,42.4496]},"properties":{"name":"ChargePoint","network":"ChargePoint","stalls":2,"status":"unknown","source":"OpenStreetMap (charge-finder mirror)"}},{"type":"Feature","geometry":{"type":"Point","coordinates":[-71.0877,42.4498]},"properties":{"name":"ChargePoint","network":"ChargePoint","stalls":2,"status":"unknown","source":"OpenStreetMap (charge-finder mirror)"}},{"type":"Feature","geometry":{"type":"Point","coordinates":[-71.0868,42.4509]},"properties":{"name":"ChargePoint","network":"ChargePoint","stalls":2,"status":"unknown","source":"OpenStreetMap (charge-finder mirror)"}},{"type":"Feature","geometry":{"type":"Point","coordinates":[-75.9711,40.3601]},"properties":{"name":"EV charging","network":"EV charging","stalls":1,"status":"unknown","source":"OpenStreetMap (charge-finder mirror)"}},{"type":"Feature","geometry":{"type":"Point","coordinates":[-123.0388,44.9424]},"properties":{"name":"Blink","network":"Blink","stalls":4,"status":"unknown","source":"OpenStreetMap (charge-finder mirror)"}},{"type":"Feature","geometry":{"type":"Point","coordinates":[-122.8665,49.2338]},"properties":{"name":"ChargePoint","network":"ChargePoint","stalls":4,"status":"06:30-22:00","source":"OpenStreetMap (charge-finder mirror)"}},{"type":"Feature","geometry":{"type":"Point","coordinates":[-72.9191,41.2963]},"properties":{"name":"ChargePoint","network":"ChargePoint","stalls":2,"status":"unknown","source":"OpenStreetMap (charge-finder mirror)"}},{"type":"Feature","geometry":{"type":"Point","coordinates":[-76.6317,34.7116]},"properties":{"name":"ChargePoint","network":"ChargePoint","status":"unknown","source":"OpenStreetMap (charge-finder mirror)"}},{"type":"Feature","geometry":{"type":"Point","coordinates":[-122.6762,49.1172]},"properties":{"name":"TD Canada Trust","network":"TD Canada Trust","status":"unknown","source":"OpenStreetMap (charge-finder mirror)"}},{"type":"Feature","geometry":{"type":"Point","coordinates":[-96.4008,30.1681]},"properties":{"name":"EV charging","network":"EV charging","status":"unknown","source":"OpenStreetMap (charge-finder mirror)"}},{"type":"Feature","geometry":{"type":"Point","coordinates":[-118.4259,33.9682]},"properties":{"name":"flo","network":"flo","status":"unknown","source":"OpenStreetMap (charge-finder mirror)"}},{"type":"Feature","geometry":{"type":"Point","coordinates":[-73.6127,45.5413]},"properties":{"name":"EV charging","network":"EV charging","status":"unknown","source":"OpenStreetMap (charge-finder mirror)"}},{"type":"Feature","geometry":{"type":"Point","coordinates":[-112.1846,33.5387]},"properties":{"name":"APS","network":"APS","status":"unknown","source":"OpenStreetMap (charge-finder mirror)"}},{"type":"Feature","geometry":{"type":"Point","coordinates":[-122.8063,49.2302]},"properties":{"name":"EV charging","network":"EV charging","status":"unknown","source":"OpenStreetMap (charge-finder mirror)"}},{"type":"Feature","geometry":{"type":"Point","coordinates":[-118.4532,34.0403]},"properties":{"name":"FLO","network":"FLO","status":"unknown","source":"OpenStreetMap (charge-finder mirror)"}},{"type":"Feature","geometry":{"type":"Point","coordinates":[-96.7714,32.8889]},"properties":{"name":"Volta","network":"Volta","status":"unknown","source":"OpenStreetMap (charge-finder mirror)"}},{"type":"Feature","geometry":{"type":"Point","coordinates":[-117.2007,33.5624]},"properties":{"name":"ChargePoint","network":"ChargePoint","stalls":2,"status":"unknown","source":"OpenStreetMap (charge-finder mirror)"}},{"type":"Feature","geometry":{"type":"Point","coordinates":[-117.2012,33.5628]},"properties":{"name":"ChargePoint","network":"ChargePoint","stalls":2,"status":"24/7","source":"OpenStreetMap (charge-finder mirror)"}},{"type":"Feature","geometry":{"type":"Point","coordinates":[-98.9057,29.9674]},"properties":{"name":"BEC Comfort","network":"ZEF","status":"unknown","source":"OpenStreetMap (charge-finder mirror)"}},{"type":"Feature","geometry":{"type":"Point","coordinates":[-76.4762,38.9703]},"properties":{"name":"Blink","network":"Blink","status":"unknown","source":"OpenStreetMap (charge-finder mirror)"}},{"type":"Feature","geometry":{"type":"Point","coordinates":[-123.1538,49.1908]},"properties":{"name":"ChargePoint","network":"ChargePoint","status":"unknown","source":"OpenStreetMap (charge-finder mirror)"}},{"type":"Feature","geometry":{"type":"Point","coordinates":[-123.1538,49.1909]},"properties":{"name":"ChargePoint","network":"ChargePoint","status":"unknown","source":"OpenStreetMap (charge-finder mirror)"}},{"type":"Feature","geometry":{"type":"Point","coordinates":[-76.0015,40.3438]},"properties":{"name":"Volta","network":"Volta","status":"unknown","source":"OpenStreetMap (charge-finder mirror)"}},{"type":"Feature","geometry":{"type":"Point","coordinates":[-122.271,47.8289]},"properties":{"name":"EV charging","network":"EV charging","stalls":1,"status":"unknown","source":"OpenStreetMap (charge-finder mirror)"}},{"type":"Feature","geometry":{"type":"Point","coordinates":[-122.2752,47.8309]},"properties":{"name":"EV charging","network":"EV charging","stalls":2,"status":"unknown","source":"OpenStreetMap (charge-finder mirror)"}},{"type":"Feature","geometry":{"type":"Point","coordinates":[-123.2657,44.5446]},"properties":{"name":"Chargepoint","network":"Chargepoint","stalls":2,"status":"unknown","source":"OpenStreetMap (charge-finder mirror)"}},{"type":"Feature","geometry":{"type":"Point","coordinates":[-123.1989,39.1524]},"properties":{"name":"Rivian","network":"EV charging","status":"unknown","source":"OpenStreetMap (charge-finder mirror)"}},{"type":"Feature","geometry":{"type":"Point","coordinates":[-96.386,30.1493]},"properties":{"name":"EV charging","network":"EV charging","status":"unknown","source":"OpenStreetMap (charge-finder mirror)"}},{"type":"Feature","geometry":{"type":"Point","coordinates":[-122.3051,49.1352]},"properties":{"name":"ChargePoint","network":"ChargePoint","status":"unknown","source":"OpenStreetMap (charge-finder mirror)"}},{"type":"Feature","geometry":{"type":"Point","coordinates":[-122.319,49.1294]},"properties":{"name":"EVBox","network":"EVBox","status":"unknown","source":"OpenStreetMap (charge-finder mirror)"}},{"type":"Feature","geometry":{"type":"Point","coordinates":[-123.0789,49.19]},"properties":{"name":"Chargepoint","network":"Chargepoint","status":"10:00-21:00","source":"OpenStreetMap (charge-finder mirror)"}},{"type":"Feature","geometry":{"type":"Point","coordinates":[-121.3665,38.3856]},"properties":{"name":"ClipperCreek charging station","network":"EV charging","status":"unknown","source":"OpenStreetMap (charge-finder mirror)"}},{"type":"Feature","geometry":{"type":"Point","coordinates":[-121.3665,38.3856]},"properties":{"name":"ClipperCreek charging station","network":"EV charging","status":"unknown","source":"OpenStreetMap (charge-finder mirror)"}},{"type":"Feature","geometry":{"type":"Point","coordinates":[-121.3664,38.3857]},"properties":{"name":"ClipperCreek charging station","network":"EV charging","status":"unknown","source":"OpenStreetMap (charge-finder mirror)"}},{"type":"Feature","geometry":{"type":"Point","coordinates":[-122.3171,47.6826]},"properties":{"name":"Volta","network":"Volta","stalls":1,"status":"unknown","source":"OpenStreetMap (charge-finder mirror)"}},{"type":"Feature","geometry":{"type":"Point","coordinates":[-87.8804,37.1082]},"properties":{"name":"Chargepoint","network":"ChargePoint","status":"unknown","source":"OpenStreetMap (charge-finder mirror)"}},{"type":"Feature","geometry":{"type":"Point","coordinates":[-96.1094,41.1797]},"properties":{"name":"Chargepoint","network":"Chargepoint","stalls":3,"status":"unknown","source":"OpenStreetMap (charge-finder mirror)"}},{"type":"Feature","geometry":{"type":"Point","coordinates":[-121.4158,38.4077]},"properties":{"name":"Volta station","network":"Volta","status":"unknown","source":"OpenStreetMap (charge-finder mirror)"}},{"type":"Feature","geometry":{"type":"Point","coordinates":[-120.6635,35.3025]},"properties":{"name":"EV charging","network":"EV charging","status":"unknown","source":"OpenStreetMap (charge-finder mirror)"}},{"type":"Feature","geometry":{"type":"Point","coordinates":[-120.6635,35.3025]},"properties":{"name":"EV charging","network":"EV charging","status":"unknown","source":"OpenStreetMap (charge-finder mirror)"}},{"type":"Feature","geometry":{"type":"Point","coordinates":[-122.2907,47.8074]},"properties":{"name":"EV charging","network":"EV charging","stalls":1,"status":"unknown","source":"OpenStreetMap (charge-finder mirror)"}},{"type":"Feature","geometry":{"type":"Point","coordinates":[-78.8872,35.8565]},"properties":{"name":"ChargePoint","network":"ChargePoint","stalls":8,"status":"unknown","source":"OpenStreetMap (charge-finder mirror)"}},{"type":"Feature","geometry":{"type":"Point","coordinates":[-122.8584,45.4798]},"properties":{"name":"Blink","network":"Blink","stalls":2,"status":"unknown","source":"OpenStreetMap (charge-finder mirror)"}},{"type":"Feature","geometry":{"type":"Point","coordinates":[-72.5728,42.1756]},"properties":{"name":"Electrify America","network":"Electrify America","stalls":4,"status":"unknown","source":"OpenStreetMap (charge-finder mirror)"}},{"type":"Feature","geometry":{"type":"Point","coordinates":[-72.6193,42.586]},"properties":{"name":"ChargePoint","network":"ChargePoint","stalls":2,"status":"unknown","source":"OpenStreetMap (charge-finder mirror)"}},{"type":"Feature","geometry":{"type":"Point","coordinates":[-123.0404,44.0856]},"properties":{"name":"WCEH Springfield","network":"EVCS","stalls":2,"status":"unknown","source":"OpenStreetMap (charge-finder mirror)"}},{"type":"Feature","geometry":{"type":"Point","coordinates":[-93.1666,44.9475]},"properties":{"name":"Evie Carshare","network":"Evie Carshare","stalls":2,"status":"unknown","source":"OpenStreetMap (charge-finder mirror)"}},{"type":"Feature","geometry":{"type":"Point","coordinates":[-119.9602,35.9891]},"properties":{"name":"Electrify America","network":"Electrify America","status":"unknown","source":"OpenStreetMap (charge-finder mirror)"}},{"type":"Feature","geometry":{"type":"Point","coordinates":[-121.0153,37.1048]},"properties":{"name":"EV charging","network":"EV charging","status":"unknown","source":"OpenStreetMap (charge-finder mirror)"}},{"type":"Feature","geometry":{"type":"Point","coordinates":[-78.6749,35.7874]},"properties":{"name":"ChargePoint","network":"ChargePoint","stalls":2,"status":"unknown","source":"OpenStreetMap (charge-finder mirror)"}},{"type":"Feature","geometry":{"type":"Point","coordinates":[-71.1567,42.2056]},"properties":{"name":"ChargePoint","network":"ChargePoint","stalls":2,"status":"unknown","source":"OpenStreetMap (charge-finder mirror)"}},{"type":"Feature","geometry":{"type":"Point","coordinates":[-117.2005,33.562]},"properties":{"name":"ChargePoint","network":"ChargePoint","stalls":2,"status":"unknown","source":"OpenStreetMap (charge-finder mirror)"}},{"type":"Feature","geometry":{"type":"Point","coordinates":[-81.6903,38.3653]},"properties":{"name":"EV charging","network":"EV charging","status":"unknown","source":"OpenStreetMap (charge-finder mirror)"}},{"type":"Feature","geometry":{"type":"Point","coordinates":[-94.5887,39.0878]},"properties":{"name":"Evergy Clean Charge Network","network":"Evergy Clean Charge Network","stalls":2,"status":"unknown","source":"OpenStreetMap (charge-finder mirror)"}},{"type":"Feature","geometry":{"type":"Point","coordinates":[-123.0918,44.0487]},"properties":{"name":"EV charging","network":"EV charging","stalls":2,"status":"unknown","source":"OpenStreetMap (charge-finder mirror)"}},{"type":"Feature","geometry":{"type":"Point","coordinates":[-122.5718,37.8925]},"properties":{"name":"EV charging","network":"EV charging","status":"unknown","source":"OpenStreetMap (charge-finder mirror)"}},{"type":"Feature","geometry":{"type":"Point","coordinates":[-82.6266,27.7735]},"properties":{"name":"J1772 Charger","network":"Shell Recharge Solutions","status":"unknown","source":"OpenStreetMap (charge-finder mirror)"}},{"type":"Feature","geometry":{"type":"Point","coordinates":[-80.7566,35.2955]},"properties":{"name":"Electrify America","network":"EV charging","status":"24/7","source":"OpenStreetMap (charge-finder mirror)"}},{"type":"Feature","geometry":{"type":"Point","coordinates":[-105.9816,35.6561]},"properties":{"name":"eVgo","network":"EVgo","status":"unknown","source":"OpenStreetMap (charge-finder mirror)"}},{"type":"Feature","geometry":{"type":"Point","coordinates":[-87.686,41.9279]},"properties":{"name":"ChargePoint","network":"ChargePoint","stalls":2,"status":"unknown","source":"OpenStreetMap (charge-finder mirror)"}},{"type":"Feature","geometry":{"type":"Point","coordinates":[-76.5508,38.9894]},"properties":{"name":"EV charging","network":"EV charging","status":"unknown","source":"OpenStreetMap (charge-finder mirror)"}},{"type":"Feature","geometry":{"type":"Point","coordinates":[-88.0445,42.0524]},"properties":{"name":"Electrify America","network":"Electrify America","status":"unknown","source":"OpenStreetMap (charge-finder mirror)"}},{"type":"Feature","geometry":{"type":"Point","coordinates":[-76.6953,35.0241]},"properties":{"name":"EV charging","network":"EV charging","status":"unknown","source":"OpenStreetMap (charge-finder mirror)"}},{"type":"Feature","geometry":{"type":"Point","coordinates":[-100.4956,31.4475]},"properties":{"name":"Blink","network":"Blink","stalls":3,"status":"unknown","source":"OpenStreetMap (charge-finder mirror)"}},{"type":"Feature","geometry":{"type":"Point","coordinates":[-79.5306,43.7874]},"properties":{"name":"EV charging","network":"EV charging","status":"unknown","source":"OpenStreetMap (charge-finder mirror)"}},{"type":"Feature","geometry":{"type":"Point","coordinates":[-105.1243,40.1557]},"properties":{"name":"TinkerMill","network":"TinkerMill","status":"unknown","source":"OpenStreetMap (charge-finder mirror)"}},{"type":"Feature","geometry":{"type":"Point","coordinates":[-76.6142,39.1933]},"properties":{"name":"Blink","network":"Blink","status":"unknown","source":"OpenStreetMap (charge-finder mirror)"}},{"type":"Feature","geometry":{"type":"Point","coordinates":[-71.2545,45.4018]},"properties":{"name":"EV charging","network":"EV charging","status":"unknown","source":"OpenStreetMap (charge-finder mirror)"}},{"type":"Feature","geometry":{"type":"Point","coordinates":[-71.493,41.707]},"properties":{"name":"Target Warwick #T1188","network":"EVgo","stalls":4,"status":"unknown","source":"OpenStreetMap (charge-finder mirror)"}},{"type":"Feature","geometry":{"type":"Point","coordinates":[-94.5667,39.0391]},"properties":{"name":"EV charging","network":"EV charging","stalls":2,"status":"unknown","source":"OpenStreetMap (charge-finder mirror)"}},{"type":"Feature","geometry":{"type":"Point","coordinates":[-92.6761,44.857]},"properties":{"name":"EV charging","network":"EV charging","stalls":4,"status":"unknown","source":"OpenStreetMap (charge-finder mirror)"}},{"type":"Feature","geometry":{"type":"Point","coordinates":[-76.6349,39.4595]},"properties":{"name":"ChargePoint","network":"ChargePoint","status":"unknown","source":"OpenStreetMap (charge-finder mirror)"}},{"type":"Feature","geometry":{"type":"Point","coordinates":[-94.5548,39.0784]},"properties":{"name":"EV charging","network":"EV charging","stalls":2,"status":"unknown","source":"OpenStreetMap (charge-finder mirror)"}},{"type":"Feature","geometry":{"type":"Point","coordinates":[-94.5548,39.0783]},"properties":{"name":"EV charging","network":"EV charging","stalls":2,"status":"unknown","source":"OpenStreetMap (charge-finder mirror)"}},{"type":"Feature","geometry":{"type":"Point","coordinates":[-71.3964,41.8325]},"properties":{"name":"EV charging","network":"EV charging","status":"unknown","source":"OpenStreetMap (charge-finder mirror)"}},{"type":"Feature","geometry":{"type":"Point","coordinates":[-73.058,43.1778]},"properties":{"name":"EVgo","network":"EVgo","stalls":1,"status":"unknown","source":"OpenStreetMap (charge-finder mirror)"}},{"type":"Feature","geometry":{"type":"Point","coordinates":[-122.6763,45.5113]},"properties":{"name":"ChargePoint","network":"EV charging","status":"unknown","source":"OpenStreetMap (charge-finder mirror)"}},{"type":"Feature","geometry":{"type":"Point","coordinates":[-121.1885,38.6431]},"properties":{"name":"Electrify America","network":"Electrify America","status":"unknown","source":"OpenStreetMap (charge-finder mirror)"}},{"type":"Feature","geometry":{"type":"Point","coordinates":[-121.5199,38.6418]},"properties":{"name":"EV Connect","network":"EV Connect","stalls":2,"status":"unknown","source":"OpenStreetMap (charge-finder mirror)"}},{"type":"Feature","geometry":{"type":"Point","coordinates":[-75.6219,39.9612]},"properties":{"name":"Volta Charging Station","network":"Volta","status":"unknown","source":"OpenStreetMap (charge-finder mirror)"}},{"type":"Feature","geometry":{"type":"Point","coordinates":[-118.1956,33.7656]},"properties":{"name":"EV charging","network":"EV charging","status":"unknown","source":"OpenStreetMap (charge-finder mirror)"}},{"type":"Feature","geometry":{"type":"Point","coordinates":[-87.2514,33.1902]},"properties":{"name":"Mercedes-Benz Visitors Center","network":"Electrify America","stalls":6,"status":"unknown","source":"OpenStreetMap (charge-finder mirror)"}},{"type":"Feature","geometry":{"type":"Point","coordinates":[-87.6326,41.8763]},"properties":{"name":"ChargePoint","network":"ChargePoint","stalls":2,"status":"unknown","source":"OpenStreetMap (charge-finder mirror)"}},{"type":"Feature","geometry":{"type":"Point","coordinates":[-112.0314,33.3791]},"properties":{"name":"Blink","network":"Blink","status":"unknown","source":"OpenStreetMap (charge-finder mirror)"}},{"type":"Feature","geometry":{"type":"Point","coordinates":[-81.9406,34.956]},"properties":{"name":"EV charging","network":"EV charging","status":"unknown","source":"OpenStreetMap (charge-finder mirror)"}},{"type":"Feature","geometry":{"type":"Point","coordinates":[-79.5633,46.3378]},"properties":{"name":"Ivy","network":"Ivy","status":"unknown","source":"OpenStreetMap (charge-finder mirror)"}},{"type":"Feature","geometry":{"type":"Point","coordinates":[-71.2022,42.1907]},"properties":{"name":"ChargePoint","network":"ChargePoint","stalls":2,"status":"24/7","source":"OpenStreetMap (charge-finder mirror)"}},{"type":"Feature","geometry":{"type":"Point","coordinates":[-71.1876,42.2189]},"properties":{"name":"ChargePoint","network":"ChargePoint","stalls":2,"status":"24/7","source":"OpenStreetMap (charge-finder mirror)"}},{"type":"Feature","geometry":{"type":"Point","coordinates":[-76.8866,40.263]},"properties":{"name":"EV charging","network":"EV charging","status":"unknown","source":"OpenStreetMap (charge-finder mirror)"}},{"type":"Feature","geometry":{"type":"Point","coordinates":[-120.1072,39.2872]},"properties":{"name":"EV charging","network":"EV charging","status":"unknown","source":"OpenStreetMap (charge-finder mirror)"}},{"type":"Feature","geometry":{"type":"Point","coordinates":[-119.1068,46.2289]},"properties":{"name":"Blink","network":"Blink","stalls":1,"status":"unknown","source":"OpenStreetMap (charge-finder mirror)"}},{"type":"Feature","geometry":{"type":"Point","coordinates":[-118.396,34.1819]},"properties":{"name":"EV charging","network":"EV charging","status":"unknown","source":"OpenStreetMap (charge-finder mirror)"}},{"type":"Feature","geometry":{"type":"Point","coordinates":[-122.4889,48.785]},"properties":{"name":"Volta","network":"Volta Charging","status":"06:00-23:59","source":"OpenStreetMap (charge-finder mirror)"}},{"type":"Feature","geometry":{"type":"Point","coordinates":[-122.4891,48.7849]},"properties":{"name":"Volta","network":"Volta Charging","status":"06:00-23:59","source":"OpenStreetMap (charge-finder mirror)"}},{"type":"Feature","geometry":{"type":"Point","coordinates":[-122.4884,48.7854]},"properties":{"name":"Volta","network":"Volta Charging","status":"06:00-23:59","source":"OpenStreetMap (charge-finder mirror)"}},{"type":"Feature","geometry":{"type":"Point","coordinates":[-122.489,48.7849]},"properties":{"name":"Volta","network":"Volta Charging","status":"06:00-23:59","source":"OpenStreetMap (charge-finder mirror)"}},{"type":"Feature","geometry":{"type":"Point","coordinates":[-122.4882,48.7859]},"properties":{"name":"Volta","network":"Volta Charging","status":"06:00-23:59","source":"OpenStreetMap (charge-finder mirror)"}},{"type":"Feature","geometry":{"type":"Point","coordinates":[-77.4436,38.877]},"properties":{"name":"Volta","network":"Volta","stalls":1,"status":"unknown","source":"OpenStreetMap (charge-finder mirror)"}},{"type":"Feature","geometry":{"type":"Point","coordinates":[-77.4422,38.8775]},"properties":{"name":"Volta","network":"Volta","stalls":1,"status":"unknown","source":"OpenStreetMap (charge-finder mirror)"}},{"type":"Feature","geometry":{"type":"Point","coordinates":[-122.3119,40.3538]},"properties":{"name":"EV charging","network":"EV charging","stalls":1,"status":"unknown","source":"OpenStreetMap (charge-finder mirror)"}},{"type":"Feature","geometry":{"type":"Point","coordinates":[-72.8354,45.0529]},"properties":{"name":"EV charging","network":"EV charging","status":"unknown","source":"OpenStreetMap (charge-finder mirror)"}},{"type":"Feature","geometry":{"type":"Point","coordinates":[-74.4202,41.4442]},"properties":{"name":"EvolveNY","network":"EvolveNY","stalls":4,"status":"unknown","source":"OpenStreetMap (charge-finder mirror)"}},{"type":"Feature","geometry":{"type":"Point","coordinates":[-117.4619,33.947]},"properties":{"name":"EV charging","network":"EV charging","status":"unknown","source":"OpenStreetMap (charge-finder mirror)"}},{"type":"Feature","geometry":{"type":"Point","coordinates":[-89.5471,44.5377]},"properties":{"name":"Stevens Point Hyundai ChargePoint 2","network":"Stevens Point Hyundai","status":"unknown","source":"OpenStreetMap (charge-finder mirror)"}},{"type":"Feature","geometry":{"type":"Point","coordinates":[-119.5922,49.4998]},"properties":{"name":"FLO - Downtown Penticton Association","network":"FLO","status":"unknown","source":"OpenStreetMap (charge-finder mirror)"}},{"type":"Feature","geometry":{"type":"Point","coordinates":[-117.9056,48.5458]},"properties":{"name":"Shell Recharge Solutions","network":"Shell Recharge Solutions","status":"unknown","source":"OpenStreetMap (charge-finder mirror)"}},{"type":"Feature","geometry":{"type":"Point","coordinates":[-89.5739,44.5267]},"properties":{"name":"UWSP Lot Y ChargePoint","network":"ChargePoint","stalls":2,"status":"unknown","source":"OpenStreetMap (charge-finder mirror)"}},{"type":"Feature","geometry":{"type":"Point","coordinates":[-89.586,44.5247]},"properties":{"name":"Mid-State EV Charging Station","network":"Mid-State Technical College","stalls":2,"status":"unknown","source":"OpenStreetMap (charge-finder mirror)"}},{"type":"Feature","geometry":{"type":"Point","coordinates":[-77.0439,38.8703]},"properties":{"name":"EV charging","network":"EV charging","status":"unknown","source":"OpenStreetMap (charge-finder mirror)"}},{"type":"Feature","geometry":{"type":"Point","coordinates":[-73.8027,42.4291]},"properties":{"name":"EV charging","network":"EV charging","stalls":2,"status":"24/7","source":"OpenStreetMap (charge-finder mirror)"}},{"type":"Feature","geometry":{"type":"Point","coordinates":[-96.9325,32.8661]},"properties":{"name":"Lakeside Urban Center","network":"EV charging","status":"unknown","source":"OpenStreetMap (charge-finder mirror)"}},{"type":"Feature","geometry":{"type":"Point","coordinates":[-96.9348,32.8744]},"properties":{"name":"EV charging","network":"EV charging","status":"unknown","source":"OpenStreetMap (charge-finder mirror)"}},{"type":"Feature","geometry":{"type":"Point","coordinates":[-97.4307,32.7544]},"properties":{"name":"Electrify America","network":"Electrify America","status":"unknown","source":"OpenStreetMap (charge-finder mirror)"}},{"type":"Feature","geometry":{"type":"Point","coordinates":[-87.8815,41.9933]},"properties":{"name":"EV charging","network":"EV charging","stalls":2,"status":"unknown","source":"OpenStreetMap (charge-finder mirror)"}},{"type":"Feature","geometry":{"type":"Point","coordinates":[-87.8816,41.9933]},"properties":{"name":"EV charging","network":"EV charging","stalls":2,"status":"unknown","source":"OpenStreetMap (charge-finder mirror)"}},{"type":"Feature","geometry":{"type":"Point","coordinates":[-83.8843,33.8334]},"properties":{"name":"EV charging","network":"EV charging","status":"unknown","source":"OpenStreetMap (charge-finder mirror)"}},{"type":"Feature","geometry":{"type":"Point","coordinates":[-74.2416,42.3107]},"properties":{"name":"EV charging","network":"EV charging","stalls":2,"status":"24/7","source":"OpenStreetMap (charge-finder mirror)"}},{"type":"Feature","geometry":{"type":"Point","coordinates":[-82.4844,27.9414]},"properties":{"name":"Eaton","network":"Eaton","status":"unknown","source":"OpenStreetMap (charge-finder mirror)"}},{"type":"Feature","geometry":{"type":"Point","coordinates":[-123.129,44.1019]},"properties":{"name":"EV charging","network":"EV charging","status":"unknown","source":"OpenStreetMap (charge-finder mirror)"}},{"type":"Feature","geometry":{"type":"Point","coordinates":[-72.5601,46.3944]},"properties":{"name":"EVduty","network":"EV charging","status":"unknown","source":"OpenStreetMap (charge-finder mirror)"}},{"type":"Feature","geometry":{"type":"Point","coordinates":[-86.375,39.7118]},"properties":{"name":"EV charging","network":"EV charging","status":"unknown","source":"OpenStreetMap (charge-finder mirror)"}},{"type":"Feature","geometry":{"type":"Point","coordinates":[-95.2609,38.9675]},"properties":{"name":"The Merc Co+op","network":"The Merc Co+op","status":"unknown","source":"OpenStreetMap (charge-finder mirror)"}},{"type":"Feature","geometry":{"type":"Point","coordinates":[-122.3826,47.8055]},"properties":{"name":"Blink","network":"Blink","stalls":1,"status":"unknown","source":"OpenStreetMap (charge-finder mirror)"}},{"type":"Feature","geometry":{"type":"Point","coordinates":[-122.6773,49.1153]},"properties":{"name":"ChargePoint","network":"ChargePoint","status":"unknown","source":"OpenStreetMap (charge-finder mirror)"}},{"type":"Feature","geometry":{"type":"Point","coordinates":[-80.9231,25.143]},"properties":{"name":"EV charging","network":"EV charging","status":"unknown","source":"OpenStreetMap (charge-finder mirror)"}},{"type":"Feature","geometry":{"type":"Point","coordinates":[-95.9231,36.0309]},"properties":{"name":"ChargePoint","network":"ChargePoint","stalls":2,"status":"unknown","source":"OpenStreetMap (charge-finder mirror)"}},{"type":"Feature","geometry":{"type":"Point","coordinates":[-111.8175,33.3785]},"properties":{"name":"ChargePoint","network":"ChargePoint","status":"unknown","source":"OpenStreetMap (charge-finder mirror)"}},{"type":"Feature","geometry":{"type":"Point","coordinates":[-87.6262,41.8368]},"properties":{"name":"EV charging","network":"EV charging","status":"unknown","source":"OpenStreetMap (charge-finder mirror)"}},{"type":"Feature","geometry":{"type":"Point","coordinates":[-77.5827,35.2605]},"properties":{"name":"ChargePoint","network":"ChargePoint","stalls":1,"status":"unknown","source":"OpenStreetMap (charge-finder mirror)"}},{"type":"Feature","geometry":{"type":"Point","coordinates":[-81.2772,28.3711]},"properties":{"name":"Clipper Creek","network":"Clipper Creek","stalls":3,"status":"unknown","source":"OpenStreetMap (charge-finder mirror)"}},{"type":"Feature","geometry":{"type":"Point","coordinates":[-80.7269,28.3551]},"properties":{"name":"ChargePoint","network":"ChargePoint","stalls":2,"status":"unknown","source":"OpenStreetMap (charge-finder mirror)"}},{"type":"Feature","geometry":{"type":"Point","coordinates":[-73.7244,45.5825]},"properties":{"name":"STL","network":"STL","stalls":26,"status":"unknown","source":"OpenStreetMap (charge-finder mirror)"}},{"type":"Feature","geometry":{"type":"Point","coordinates":[-123.0265,44.9692]},"properties":{"name":"ChargePoint","network":"ChargePoint","status":"unknown","source":"OpenStreetMap (charge-finder mirror)"}},{"type":"Feature","geometry":{"type":"Point","coordinates":[-123.0257,44.9692]},"properties":{"name":"ChargePoint","network":"ChargePoint","status":"unknown","source":"OpenStreetMap (charge-finder mirror)"}},{"type":"Feature","geometry":{"type":"Point","coordinates":[-123.0268,44.9686]},"properties":{"name":"Blink","network":"Blink","status":"unknown","source":"OpenStreetMap (charge-finder mirror)"}},{"type":"Feature","geometry":{"type":"Point","coordinates":[-122.8942,49.2514]},"properties":{"name":"ChargePoint","network":"ChargePoint","stalls":2,"status":"unknown","source":"OpenStreetMap (charge-finder mirror)"}},{"type":"Feature","geometry":{"type":"Point","coordinates":[-85.6817,42.952]},"properties":{"name":"EV charging","network":"EV charging","status":"unknown","source":"OpenStreetMap (charge-finder mirror)"}},{"type":"Feature","geometry":{"type":"Point","coordinates":[-87.7638,42.011]},"properties":{"name":"Volta","network":"Volta","stalls":1,"status":"unknown","source":"OpenStreetMap (charge-finder mirror)"}},{"type":"Feature","geometry":{"type":"Point","coordinates":[-87.8248,42.0105]},"properties":{"name":"Volta","network":"Volta","stalls":1,"status":"unknown","source":"OpenStreetMap (charge-finder mirror)"}},{"type":"Feature","geometry":{"type":"Point","coordinates":[-80.5841,25.3954]},"properties":{"name":"EV charging","network":"EV charging","status":"unknown","source":"OpenStreetMap (charge-finder mirror)"}},{"type":"Feature","geometry":{"type":"Point","coordinates":[-77.5326,37.5118]},"properties":{"name":"EV charging","network":"EV charging","status":"unknown","source":"OpenStreetMap (charge-finder mirror)"}},{"type":"Feature","geometry":{"type":"Point","coordinates":[-73.424,41.415]},"properties":{"name":"Hyundai","network":"Hyundai","status":"unknown","source":"OpenStreetMap (charge-finder mirror)"}},{"type":"Feature","geometry":{"type":"Point","coordinates":[-76.5602,38.9776]},"properties":{"name":"Blink","network":"Blink","status":"unknown","source":"OpenStreetMap (charge-finder mirror)"}},{"type":"Feature","geometry":{"type":"Point","coordinates":[-87.8669,41.975]},"properties":{"name":"Volta","network":"Volta","stalls":1,"status":"unknown","source":"OpenStreetMap (charge-finder mirror)"}},{"type":"Feature","geometry":{"type":"Point","coordinates":[-87.866,41.9753]},"properties":{"name":"Electrify America","network":"Electrify America","stalls":1,"status":"unknown","source":"OpenStreetMap (charge-finder mirror)"}},{"type":"Feature","geometry":{"type":"Point","coordinates":[-87.8661,41.9753]},"properties":{"name":"Electrify America","network":"Electrify America","stalls":1,"status":"unknown","source":"OpenStreetMap (charge-finder mirror)"}},{"type":"Feature","geometry":{"type":"Point","coordinates":[-87.8662,41.9753]},"properties":{"name":"Electrify America","network":"Electrify America","stalls":1,"status":"unknown","source":"OpenStreetMap (charge-finder mirror)"}},{"type":"Feature","geometry":{"type":"Point","coordinates":[-73.736,45.5829]},"properties":{"name":"Circuit \u00e9lectrique","network":"Circuit \u00e9lectrique","stalls":4,"status":"unknown","source":"OpenStreetMap (charge-finder mirror)"}},{"type":"Feature","geometry":{"type":"Point","coordinates":[-94.5957,39.0538]},"properties":{"name":"EV charging","network":"EV charging","status":"unknown","source":"OpenStreetMap (charge-finder mirror)"}},{"type":"Feature","geometry":{"type":"Point","coordinates":[-72.739,44.3526]},"properties":{"name":"FLO","network":"FLO","status":"unknown","source":"OpenStreetMap (charge-finder mirror)"}},{"type":"Feature","geometry":{"type":"Point","coordinates":[-100.3558,25.6484]},"properties":{"name":"EV charging","network":"EV charging","status":"unknown","source":"OpenStreetMap (charge-finder mirror)"}},{"type":"Feature","geometry":{"type":"Point","coordinates":[-115.1394,36.1156]},"properties":{"name":"Electrify America","network":"Electrify America","stalls":4,"status":"unknown","source":"OpenStreetMap (charge-finder mirror)"}},{"type":"Feature","geometry":{"type":"Point","coordinates":[-122.6241,45.5135]},"properties":{"name":"Electrify America","network":"Electrify America","stalls":4,"status":"24/7","source":"OpenStreetMap (charge-finder mirror)"}},{"type":"Feature","geometry":{"type":"Point","coordinates":[-86.0798,35.4742]},"properties":{"name":"Electrify America","network":"Electrify America","stalls":1,"status":"unknown","source":"OpenStreetMap (charge-finder mirror)"}},{"type":"Feature","geometry":{"type":"Point","coordinates":[-86.0797,35.4741]},"properties":{"name":"Electrify America","network":"Electrify America","stalls":1,"status":"unknown","source":"OpenStreetMap (charge-finder mirror)"}},{"type":"Feature","geometry":{"type":"Point","coordinates":[-73.7206,45.5605]},"properties":{"name":"EV charging","network":"EV charging","stalls":3,"status":"unknown","source":"OpenStreetMap (charge-finder mirror)"}},{"type":"Feature","geometry":{"type":"Point","coordinates":[-73.7168,45.5583]},"properties":{"name":"EV charging","network":"EV charging","stalls":1,"status":"unknown","source":"OpenStreetMap (charge-finder mirror)"}},{"type":"Feature","geometry":{"type":"Point","coordinates":[-80.9956,46.4698]},"properties":{"name":"EV charging","network":"EV charging","stalls":2,"status":"unknown","source":"OpenStreetMap (charge-finder mirror)"}},{"type":"Feature","geometry":{"type":"Point","coordinates":[-96.8739,32.9108]},"properties":{"name":"Cinemark 17 IMAX","network":"Volta","stalls":2,"status":"unknown","source":"OpenStreetMap (charge-finder mirror)"}},{"type":"Feature","geometry":{"type":"Point","coordinates":[-122.7717,45.301]},"properties":{"name":"Blink","network":"Blink","status":"unknown","source":"OpenStreetMap (charge-finder mirror)"}},{"type":"Feature","geometry":{"type":"Point","coordinates":[-73.7245,45.5624]},"properties":{"name":"Circuit \u00e9lectrique","network":"Circuit \u00e9lectrique","stalls":2,"status":"unknown","source":"OpenStreetMap (charge-finder mirror)"}},{"type":"Feature","geometry":{"type":"Point","coordinates":[-87.941,42.0235]},"properties":{"name":"EVgo","network":"EVgo","status":"unknown","source":"OpenStreetMap (charge-finder mirror)"}},{"type":"Feature","geometry":{"type":"Point","coordinates":[-71.5805,42.4972]},"properties":{"name":"Chargepoint","network":"Chargepoint","stalls":2,"status":"unknown","source":"OpenStreetMap (charge-finder mirror)"}},{"type":"Feature","geometry":{"type":"Point","coordinates":[-94.1229,39.0153]},"properties":{"name":"Evergy","network":"Evergy","status":"unknown","source":"OpenStreetMap (charge-finder mirror)"}},{"type":"Feature","geometry":{"type":"Point","coordinates":[-73.7093,45.5603]},"properties":{"name":"EV charging","network":"EV charging","stalls":2,"status":"unknown","source":"OpenStreetMap (charge-finder mirror)"}},{"type":"Feature","geometry":{"type":"Point","coordinates":[-72.054,46.2189]},"properties":{"name":"EV charging","network":"EV charging","status":"unknown","source":"OpenStreetMap (charge-finder mirror)"}},{"type":"Feature","geometry":{"type":"Point","coordinates":[-88.9781,42.2666]},"properties":{"name":"Electrify America","network":"Electrify America","stalls":1,"status":"unknown","source":"OpenStreetMap (charge-finder mirror)"}},{"type":"Feature","geometry":{"type":"Point","coordinates":[-88.9782,42.2666]},"properties":{"name":"Electrify America","network":"Electrify America","stalls":1,"status":"unknown","source":"OpenStreetMap (charge-finder mirror)"}},{"type":"Feature","geometry":{"type":"Point","coordinates":[-86.5883,33.5445]},"properties":{"name":"Buc-ees #43","network":"Electrify America","stalls":4,"status":"unknown","source":"OpenStreetMap (charge-finder mirror)"}},{"type":"Feature","geometry":{"type":"Point","coordinates":[-79.286,43.8717]},"properties":{"name":"Porsche","network":"Porsche","status":"unknown","source":"OpenStreetMap (charge-finder mirror)"}},{"type":"Feature","geometry":{"type":"Point","coordinates":[-80.106,40.686]},"properties":{"name":"Electrify America","network":"Electrify America","status":"unknown","source":"OpenStreetMap (charge-finder mirror)"}},{"type":"Feature","geometry":{"type":"Point","coordinates":[-84.7321,45.7771]},"properties":{"name":"ChargePoint","network":"ChargePoint","stalls":4,"status":"unknown","source":"OpenStreetMap (charge-finder mirror)"}},{"type":"Feature","geometry":{"type":"Point","coordinates":[-117.3927,33.9539]},"properties":{"name":"EV charging","network":"EV charging","status":"unknown","source":"OpenStreetMap (charge-finder mirror)"}},{"type":"Feature","geometry":{"type":"Point","coordinates":[-77.4699,39.0693]},"properties":{"name":"ChargePoint","network":"ChargePoint","stalls":2,"status":"24/7","source":"OpenStreetMap (charge-finder mirror)"}},{"type":"Feature","geometry":{"type":"Point","coordinates":[-76.0314,40.9835]},"properties":{"name":"EV charging","network":"EV charging","status":"unknown","source":"OpenStreetMap (charge-finder mirror)"}},{"type":"Feature","geometry":{"type":"Point","coordinates":[-122.6713,49.1117]},"properties":{"name":"Langley City Square Wesgroup","network":"SWTCH","status":"unknown","source":"OpenStreetMap (charge-finder mirror)"}},{"type":"Feature","geometry":{"type":"Point","coordinates":[-122.6713,49.1117]},"properties":{"name":"Langley City Square Wesgroup","network":"SWTCH","status":"unknown","source":"OpenStreetMap (charge-finder mirror)"}},{"type":"Feature","geometry":{"type":"Point","coordinates":[-123.272,44.5649]},"properties":{"name":"OSU - 15th & Jefferson Way Lot","network":"Blink Charging","stalls":2,"status":"24/7","source":"OpenStreetMap (charge-finder mirror)"}},{"type":"Feature","geometry":{"type":"Point","coordinates":[-121.7635,38.6623]},"properties":{"name":"EVgo","network":"EVgo","status":"unknown","source":"OpenStreetMap (charge-finder mirror)"}},{"type":"Feature","geometry":{"type":"Point","coordinates":[-121.954,37.411]},"properties":{"name":"EV charging","network":"EV charging","status":"unknown","source":"OpenStreetMap (charge-finder mirror)"}},{"type":"Feature","geometry":{"type":"Point","coordinates":[-121.9541,37.411]},"properties":{"name":"EV charging","network":"EV charging","status":"unknown","source":"OpenStreetMap (charge-finder mirror)"}},{"type":"Feature","geometry":{"type":"Point","coordinates":[-121.9542,37.4111]},"properties":{"name":"EV charging","network":"EV charging","status":"unknown","source":"OpenStreetMap (charge-finder mirror)"}},{"type":"Feature","geometry":{"type":"Point","coordinates":[-121.9543,37.4111]},"properties":{"name":"EV charging","network":"EV charging","status":"unknown","source":"OpenStreetMap (charge-finder mirror)"}},{"type":"Feature","geometry":{"type":"Point","coordinates":[-121.9541,37.4108]},"properties":{"name":"EV charging","network":"EV charging","status":"unknown","source":"OpenStreetMap (charge-finder mirror)"}},{"type":"Feature","geometry":{"type":"Point","coordinates":[-121.9543,37.4109]},"properties":{"name":"EV charging","network":"EV charging","status":"unknown","source":"OpenStreetMap (charge-finder mirror)"}},{"type":"Feature","geometry":{"type":"Point","coordinates":[-121.9543,37.4109]},"properties":{"name":"EV charging","network":"EV charging","status":"unknown","source":"OpenStreetMap (charge-finder mirror)"}},{"type":"Feature","geometry":{"type":"Point","coordinates":[-121.9544,37.411]},"properties":{"name":"EV charging","network":"EV charging","status":"unknown","source":"OpenStreetMap (charge-finder mirror)"}},{"type":"Feature","geometry":{"type":"Point","coordinates":[-121.9545,37.411]},"properties":{"name":"EV charging","network":"EV charging","status":"unknown","source":"OpenStreetMap (charge-finder mirror)"}},{"type":"Feature","geometry":{"type":"Point","coordinates":[-117.2017,33.5627]},"properties":{"name":"ChargePoint","network":"ChargePoint","stalls":2,"status":"24/7","source":"OpenStreetMap (charge-finder mirror)"}},{"type":"Feature","geometry":{"type":"Point","coordinates":[-97.7264,30.2612]},"properties":{"name":"ChargePoint","network":"ChargePoint","stalls":2,"status":"unknown","source":"OpenStreetMap (charge-finder mirror)"}},{"type":"Feature","geometry":{"type":"Point","coordinates":[-97.7264,30.2613]},"properties":{"name":"ChargePoint","network":"ChargePoint","stalls":2,"status":"unknown","source":"OpenStreetMap (charge-finder mirror)"}},{"type":"Feature","geometry":{"type":"Point","coordinates":[-117.877,33.6781]},"properties":{"name":"ChargePoint","network":"ChargePoint","status":"unknown","source":"OpenStreetMap (charge-finder mirror)"}},{"type":"Feature","geometry":{"type":"Point","coordinates":[-122.9048,48.693]},"properties":{"name":"EV charging","network":"EV charging","stalls":1,"status":"unknown","source":"OpenStreetMap (charge-finder mirror)"}},{"type":"Feature","geometry":{"type":"Point","coordinates":[-122.144,47.6293]},"properties":{"name":"Blink","network":"Blink","stalls":1,"status":"unknown","source":"OpenStreetMap (charge-finder mirror)"}},{"type":"Feature","geometry":{"type":"Point","coordinates":[-78.0179,40.5003]},"properties":{"name":"Siemens","network":"Siemens","status":"unknown","source":"OpenStreetMap (charge-finder mirror)"}},{"type":"Feature","geometry":{"type":"Point","coordinates":[-87.9946,42.0482]},"properties":{"name":"ChargePoint","network":"ChargePoint","stalls":2,"status":"unknown","source":"OpenStreetMap (charge-finder mirror)"}},{"type":"Feature","geometry":{"type":"Point","coordinates":[-96.9359,32.8733]},"properties":{"name":"EV charging","network":"EV charging","status":"unknown","source":"OpenStreetMap (charge-finder mirror)"}},{"type":"Feature","geometry":{"type":"Point","coordinates":[-121.9529,49.1661]},"properties":{"name":"BC Hydro","network":"BC Hydro","stalls":4,"status":"unknown","source":"OpenStreetMap (charge-finder mirror)"}},{"type":"Feature","geometry":{"type":"Point","coordinates":[-121.974,49.1006]},"properties":{"name":"ChargePoint","network":"ChargePoint","stalls":2,"status":"unknown","source":"OpenStreetMap (charge-finder mirror)"}},{"type":"Feature","geometry":{"type":"Point","coordinates":[-97.0616,36.1106]},"properties":{"name":"EV charging","network":"EV charging","status":"unknown","source":"OpenStreetMap (charge-finder mirror)"}},{"type":"Feature","geometry":{"type":"Point","coordinates":[-97.0616,36.1105]},"properties":{"name":"EV charging","network":"EV charging","status":"unknown","source":"OpenStreetMap (charge-finder mirror)"}},{"type":"Feature","geometry":{"type":"Point","coordinates":[-121.5947,38.6788]},"properties":{"name":"SMUD","network":"SMUD","status":"24/7","source":"OpenStreetMap (charge-finder mirror)"}},{"type":"Feature","geometry":{"type":"Point","coordinates":[-123.205,44.2142]},"properties":{"name":"EV charging","network":"EV charging","stalls":2,"status":"24/7","source":"OpenStreetMap (charge-finder mirror)"}},{"type":"Feature","geometry":{"type":"Point","coordinates":[-71.3888,42.462]},"properties":{"name":"EV charging","network":"EV charging","status":"unknown","source":"OpenStreetMap (charge-finder mirror)"}},{"type":"Feature","geometry":{"type":"Point","coordinates":[-122.8635,38.6038]},"properties":{"name":"Shell Recharge Solutions","network":"Shell Recharge Solutions","status":"unknown","source":"OpenStreetMap (charge-finder mirror)"}},{"type":"Feature","geometry":{"type":"Point","coordinates":[-121.2837,38.598]},"properties":{"name":"ChargePoint","network":"ChargePoint","stalls":4,"status":"unknown","source":"OpenStreetMap (charge-finder mirror)"}},{"type":"Feature","geometry":{"type":"Point","coordinates":[-73.4821,40.8081]},"properties":{"name":"EV charging","network":"EV charging","stalls":2,"status":"unknown","source":"OpenStreetMap (charge-finder mirror)"}},{"type":"Feature","geometry":{"type":"Point","coordinates":[-94.3568,39.0391]},"properties":{"name":"ChargePoint","network":"ChargePoint","status":"unknown","source":"OpenStreetMap (charge-finder mirror)"}},{"type":"Feature","geometry":{"type":"Point","coordinates":[-76.6576,39.4938]},"properties":{"name":"ChargePoint","network":"ChargePoint","stalls":2,"status":"unknown","source":"OpenStreetMap (charge-finder mirror)"}},{"type":"Feature","geometry":{"type":"Point","coordinates":[-82.4542,27.9386]},"properties":{"name":"TECO","network":"TECO","stalls":10,"status":"unknown","source":"OpenStreetMap (charge-finder mirror)"}},{"type":"Feature","geometry":{"type":"Point","coordinates":[-71.2718,42.0865]},"properties":{"name":"Enel X","network":"Enel X","stalls":2,"status":"24/7","source":"OpenStreetMap (charge-finder mirror)"}},{"type":"Feature","geometry":{"type":"Point","coordinates":[-71.2719,42.0866]},"properties":{"name":"Enel X","network":"Enel X","stalls":2,"status":"24/7","source":"OpenStreetMap (charge-finder mirror)"}},{"type":"Feature","geometry":{"type":"Point","coordinates":[-71.2719,42.0867]},"properties":{"name":"Enel X","network":"Enel X","stalls":2,"status":"24/7","source":"OpenStreetMap (charge-finder mirror)"}},{"type":"Feature","geometry":{"type":"Point","coordinates":[-121.5032,38.6475]},"properties":{"name":"ChargePoint","network":"ChargePoint","status":"unknown","source":"OpenStreetMap (charge-finder mirror)"}},{"type":"Feature","geometry":{"type":"Point","coordinates":[-118.1397,33.8513]},"properties":{"name":"EVgo","network":"EVgo","stalls":2,"status":"unknown","source":"OpenStreetMap (charge-finder mirror)"}},{"type":"Feature","geometry":{"type":"Point","coordinates":[-122.2151,47.48]},"properties":{"name":"Volta","network":"Volta","stalls":1,"status":"unknown","source":"OpenStreetMap (charge-finder mirror)"}},{"type":"Feature","geometry":{"type":"Point","coordinates":[-92.4206,37.118]},"properties":{"name":"TA","network":"TA","status":"unknown","source":"OpenStreetMap (charge-finder mirror)"}},{"type":"Feature","geometry":{"type":"Point","coordinates":[-79.8003,43.7245]},"properties":{"name":"ChargePoint","network":"ChargePoint","stalls":2,"status":"unknown","source":"OpenStreetMap (charge-finder mirror)"}},{"type":"Feature","geometry":{"type":"Point","coordinates":[-76.7011,39.3093]},"properties":{"name":"EV charging","network":"EV charging","status":"unknown","source":"OpenStreetMap (charge-finder mirror)"}},{"type":"Feature","geometry":{"type":"Point","coordinates":[-95.6818,29.8814]},"properties":{"name":"EV charging","network":"EV charging","status":"unknown","source":"OpenStreetMap (charge-finder mirror)"}},{"type":"Feature","geometry":{"type":"Point","coordinates":[-77.7564,39.4554]},"properties":{"name":"EV charging","network":"EV charging","status":"unknown","source":"OpenStreetMap (charge-finder mirror)"}},{"type":"Feature","geometry":{"type":"Point","coordinates":[-123.8071,46.9764]},"properties":{"name":"Electrify America","network":"Electrify America","status":"unknown","source":"OpenStreetMap (charge-finder mirror)"}},{"type":"Feature","geometry":{"type":"Point","coordinates":[-122.7013,49.2956]},"properties":{"name":"EV charging","network":"EV charging","status":"unknown","source":"OpenStreetMap (charge-finder mirror)"}},{"type":"Feature","geometry":{"type":"Point","coordinates":[-74.2883,42.0503]},"properties":{"name":"EV charging","network":"EV charging","status":"unknown","source":"OpenStreetMap (charge-finder mirror)"}},{"type":"Feature","geometry":{"type":"Point","coordinates":[-123.1109,44.6109]},"properties":{"name":"EV charging","network":"EV charging","stalls":1,"status":"unknown","source":"OpenStreetMap (charge-finder mirror)"}},{"type":"Feature","geometry":{"type":"Point","coordinates":[-76.6346,39.4586]},"properties":{"name":"Blink","network":"Blink","status":"unknown","source":"OpenStreetMap (charge-finder mirror)"}},{"type":"Feature","geometry":{"type":"Point","coordinates":[-82.2675,34.915]},"properties":{"name":"Blink","network":"Blink","stalls":2,"status":"unknown","source":"OpenStreetMap (charge-finder mirror)"}},{"type":"Feature","geometry":{"type":"Point","coordinates":[-122.213,47.2935]},"properties":{"name":"Volta","network":"Volta","status":"unknown","source":"OpenStreetMap (charge-finder mirror)"}},{"type":"Feature","geometry":{"type":"Point","coordinates":[-117.3827,33.9703]},"properties":{"name":"EV charging","network":"EV charging","status":"unknown","source":"OpenStreetMap (charge-finder mirror)"}},{"type":"Feature","geometry":{"type":"Point","coordinates":[-121.5779,38.5719]},"properties":{"name":"EV charging","network":"EV charging","stalls":4,"status":"unknown","source":"OpenStreetMap (charge-finder mirror)"}},{"type":"Feature","geometry":{"type":"Point","coordinates":[-73.6758,45.5383]},"properties":{"name":"EV charging","network":"EV charging","stalls":2,"status":"unknown","source":"OpenStreetMap (charge-finder mirror)"}},{"type":"Feature","geometry":{"type":"Point","coordinates":[-83.1317,42.5491]},"properties":{"name":"EV Charging LLC","network":"EV Charging LLC","stalls":4,"status":"unknown","source":"OpenStreetMap (charge-finder mirror)"}},{"type":"Feature","geometry":{"type":"Point","coordinates":[-83.1008,42.5242]},"properties":{"name":"Blink","network":"Blink","stalls":2,"status":"unknown","source":"OpenStreetMap (charge-finder mirror)"}},{"type":"Feature","geometry":{"type":"Point","coordinates":[-83.1828,42.5382]},"properties":{"name":"EVgo","network":"EVgo","stalls":4,"status":"unknown","source":"OpenStreetMap (charge-finder mirror)"}},{"type":"Feature","geometry":{"type":"Point","coordinates":[-122.2031,47.6168]},"properties":{"name":"ChargePoint","network":"EV charging","status":"unknown","source":"OpenStreetMap (charge-finder mirror)"}},{"type":"Feature","geometry":{"type":"Point","coordinates":[-105.1724,40.1045]},"properties":{"name":"ChargePoint","network":"ChargePoint","stalls":4,"status":"unknown","source":"OpenStreetMap (charge-finder mirror)"}},{"type":"Feature","geometry":{"type":"Point","coordinates":[-124.2153,43.3777]},"properties":{"name":"Rivian","network":"Rivian","status":"unknown","source":"OpenStreetMap (charge-finder mirror)"}},{"type":"Feature","geometry":{"type":"Point","coordinates":[-124.2885,42.0542]},"properties":{"name":"WCEH Brookings","network":"EV charging","stalls":2,"status":"unknown","source":"OpenStreetMap (charge-finder mirror)"}},{"type":"Feature","geometry":{"type":"Point","coordinates":[-76.8614,39.2178]},"properties":{"name":"Volta","network":"Volta","status":"unknown","source":"OpenStreetMap (charge-finder mirror)"}},{"type":"Feature","geometry":{"type":"Point","coordinates":[-76.8616,39.2143]},"properties":{"name":"Volta","network":"Volta","status":"unknown","source":"OpenStreetMap (charge-finder mirror)"}},{"type":"Feature","geometry":{"type":"Point","coordinates":[-76.629,39.3341]},"properties":{"name":"Blink","network":"Blink","status":"unknown","source":"OpenStreetMap (charge-finder mirror)"}},{"type":"Feature","geometry":{"type":"Point","coordinates":[-87.8334,41.8296]},"properties":{"name":"ChargePoint","network":"ChargePoint","status":"unknown","source":"OpenStreetMap (charge-finder mirror)"}},{"type":"Feature","geometry":{"type":"Point","coordinates":[-80.2617,40.4965]},"properties":{"name":"EV charging","network":"EV charging","status":"unknown","source":"OpenStreetMap (charge-finder mirror)"}},{"type":"Feature","geometry":{"type":"Point","coordinates":[-122.2941,45.403]},"properties":{"name":"Electrify America","network":"Electrify America","stalls":4,"status":"24/7","source":"OpenStreetMap (charge-finder mirror)"}},{"type":"Feature","geometry":{"type":"Point","coordinates":[-122.4781,45.6177]},"properties":{"name":"Electrify America","network":"Electrify America","stalls":4,"status":"24/7","source":"OpenStreetMap (charge-finder mirror)"}},{"type":"Feature","geometry":{"type":"Point","coordinates":[-122.5934,45.6499]},"properties":{"name":"Electrify America","network":"Electrify America","stalls":4,"status":"24/7","source":"OpenStreetMap (charge-finder mirror)"}},{"type":"Feature","geometry":{"type":"Point","coordinates":[-117.2686,44.3511]},"properties":{"name":"Electrify America","network":"Electrify America","stalls":4,"status":"24/7","source":"OpenStreetMap (charge-finder mirror)"}},{"type":"Feature","geometry":{"type":"Point","coordinates":[-74.2563,40.8351]},"properties":{"name":"Township of Verona","network":"Township of Verona","stalls":2,"status":"unknown","source":"OpenStreetMap (charge-finder mirror)"}},{"type":"Feature","geometry":{"type":"Point","coordinates":[-122.6682,45.5332]},"properties":{"name":"EV charging","network":"EV charging","stalls":6,"status":"unknown","source":"OpenStreetMap (charge-finder mirror)"}},{"type":"Feature","geometry":{"type":"Point","coordinates":[-122.4433,48.7723]},"properties":{"name":"ChargePoint","network":"ChargePoint","stalls":2,"status":"unknown","source":"OpenStreetMap (charge-finder mirror)"}},{"type":"Feature","geometry":{"type":"Point","coordinates":[-122.1437,47.628]},"properties":{"name":"eVgo","network":"eVgo","stalls":2,"status":"24/7","source":"OpenStreetMap (charge-finder mirror)"}},{"type":"Feature","geometry":{"type":"Point","coordinates":[-122.1436,47.628]},"properties":{"name":"eVgo","network":"eVgo","stalls":2,"status":"24/7","source":"OpenStreetMap (charge-finder mirror)"}},{"type":"Feature","geometry":{"type":"Point","coordinates":[-122.1428,47.6319]},"properties":{"name":"Electrify America Charging Station","network":"Electrify America","stalls":1,"status":"24/7","source":"OpenStreetMap (charge-finder mirror)"}},{"type":"Feature","geometry":{"type":"Point","coordinates":[-122.1428,47.6318]},"properties":{"name":"Electrify America Charging Station","network":"Electrify America","stalls":1,"status":"24/7","source":"OpenStreetMap (charge-finder mirror)"}},{"type":"Feature","geometry":{"type":"Point","coordinates":[-122.5315,47.6337]},"properties":{"name":"Bainbridge Island Metro Park & Recreation District","network":"Bainbridge Island Metro Park & Recreation District","status":"unknown","source":"OpenStreetMap (charge-finder mirror)"}},{"type":"Feature","geometry":{"type":"Point","coordinates":[-117.8881,33.8038]},"properties":{"name":"Blink","network":"Blink","stalls":3,"status":"unknown","source":"OpenStreetMap (charge-finder mirror)"}},{"type":"Feature","geometry":{"type":"Point","coordinates":[-70.345,43.623]},"properties":{"name":"Electrify America","network":"Electrify America","status":"unknown","source":"OpenStreetMap (charge-finder mirror)"}},{"type":"Feature","geometry":{"type":"Point","coordinates":[-101.0468,39.3663]},"properties":{"name":"Electrify America","network":"Electrify America","status":"unknown","source":"OpenStreetMap (charge-finder mirror)"}},{"type":"Feature","geometry":{"type":"Point","coordinates":[-99.7415,40.746]},"properties":{"name":"Electrify America","network":"Electrify America","status":"unknown","source":"OpenStreetMap (charge-finder mirror)"}},{"type":"Feature","geometry":{"type":"Point","coordinates":[-96.7491,40.8143]},"properties":{"name":"Electrify America","network":"Electrify America","status":"unknown","source":"OpenStreetMap (charge-finder mirror)"}},{"type":"Feature","geometry":{"type":"Point","coordinates":[-87.974,41.7043]},"properties":{"name":"EV charging","network":"EV charging","status":"unknown","source":"OpenStreetMap (charge-finder mirror)"}},{"type":"Feature","geometry":{"type":"Point","coordinates":[-87.9857,41.7059]},"properties":{"name":"EV charging","network":"EV charging","status":"unknown","source":"OpenStreetMap (charge-finder mirror)"}},{"type":"Feature","geometry":{"type":"Point","coordinates":[-87.9809,41.7129]},"properties":{"name":"EV charging","network":"EV charging","status":"unknown","source":"OpenStreetMap (charge-finder mirror)"}},{"type":"Feature","geometry":{"type":"Point","coordinates":[-87.9801,41.7166]},"properties":{"name":"EV charging","network":"EV charging","status":"unknown","source":"OpenStreetMap (charge-finder mirror)"}},{"type":"Feature","geometry":{"type":"Point","coordinates":[-71.3507,42.4588]},"properties":{"name":"ChargePoint","network":"ChargePoint","stalls":2,"status":"unknown","source":"OpenStreetMap (charge-finder mirror)"}},{"type":"Feature","geometry":{"type":"Point","coordinates":[-71.3528,42.4593]},"properties":{"name":"ChargePoint","network":"ChargePoint","stalls":2,"status":"unknown","source":"OpenStreetMap (charge-finder mirror)"}},{"type":"Feature","geometry":{"type":"Point","coordinates":[-73.9071,42.02]},"properties":{"name":"EV charging","network":"EV charging","status":"unknown","source":"OpenStreetMap (charge-finder mirror)"}},{"type":"Feature","geometry":{"type":"Point","coordinates":[-112.416,33.6385]},"properties":{"name":"ChargePoint","network":"ChargePoint","stalls":2,"status":"unknown","source":"OpenStreetMap (charge-finder mirror)"}},{"type":"Feature","geometry":{"type":"Point","coordinates":[-73.7315,45.5626]},"properties":{"name":"EV charging","network":"EV charging","stalls":2,"status":"unknown","source":"OpenStreetMap (charge-finder mirror)"}},{"type":"Feature","geometry":{"type":"Point","coordinates":[-73.5984,45.5855]},"properties":{"name":"EV charging","network":"EV charging","status":"unknown","source":"OpenStreetMap (charge-finder mirror)"}},{"type":"Feature","geometry":{"type":"Point","coordinates":[-118.7679,39.4752]},"properties":{"name":"EV charging","network":"EV charging","status":"unknown","source":"OpenStreetMap (charge-finder mirror)"}},{"type":"Feature","geometry":{"type":"Point","coordinates":[-122.3835,37.6012]},"properties":{"name":"EVgo","network":"EVgo","stalls":4,"status":"unknown","source":"OpenStreetMap (charge-finder mirror)"}},{"type":"Feature","geometry":{"type":"Point","coordinates":[-79.304,43.8578]},"properties":{"name":"FLO","network":"FLO","status":"unknown","source":"OpenStreetMap (charge-finder mirror)"}},{"type":"Feature","geometry":{"type":"Point","coordinates":[-122.3271,49.0543]},"properties":{"name":"SWTCH","network":"SWTCH","status":"unknown","source":"OpenStreetMap (charge-finder mirror)"}},{"type":"Feature","geometry":{"type":"Point","coordinates":[-122.3271,49.0543]},"properties":{"name":"SWTCH","network":"SWTCH","status":"unknown","source":"OpenStreetMap (charge-finder mirror)"}},{"type":"Feature","geometry":{"type":"Point","coordinates":[-122.3271,49.0543]},"properties":{"name":"SWTCH","network":"SWTCH","status":"unknown","source":"OpenStreetMap (charge-finder mirror)"}},{"type":"Feature","geometry":{"type":"Point","coordinates":[-76.6553,39.4887]},"properties":{"name":"ChargePoint","network":"ChargePoint","stalls":4,"status":"unknown","source":"OpenStreetMap (charge-finder mirror)"}},{"type":"Feature","geometry":{"type":"Point","coordinates":[-76.6573,39.4893]},"properties":{"name":"Royal Farms","network":"Royal Farms","status":"unknown","source":"OpenStreetMap (charge-finder mirror)"}},{"type":"Feature","geometry":{"type":"Point","coordinates":[-73.6674,45.5205]},"properties":{"name":"EV charging","network":"EV charging","stalls":4,"status":"unknown","source":"OpenStreetMap (charge-finder mirror)"}},{"type":"Feature","geometry":{"type":"Point","coordinates":[-80.0643,41.7873]},"properties":{"name":"ChargePoint","network":"ChargePoint","status":"unknown","source":"OpenStreetMap (charge-finder mirror)"}},{"type":"Feature","geometry":{"type":"Point","coordinates":[-80.468,41.4993]},"properties":{"name":"Pennsylvania DCNR","network":"Pennsylvania DCNR","stalls":2,"status":"unknown","source":"OpenStreetMap (charge-finder mirror)"}},{"type":"Feature","geometry":{"type":"Point","coordinates":[-76.8025,39.2759]},"properties":{"name":"BGE","network":"BGE","stalls":8,"status":"unknown","source":"OpenStreetMap (charge-finder mirror)"}},{"type":"Feature","geometry":{"type":"Point","coordinates":[-73.9042,42.0315]},"properties":{"name":"EV charging","network":"EV charging","status":"unknown","source":"OpenStreetMap (charge-finder mirror)"}},{"type":"Feature","geometry":{"type":"Point","coordinates":[-122.6257,45.4915]},"properties":{"name":"EV charging","network":"EV charging","stalls":2,"status":"unknown","source":"OpenStreetMap (charge-finder mirror)"}},{"type":"Feature","geometry":{"type":"Point","coordinates":[-76.59,39.4079]},"properties":{"name":"EV charging","network":"EV charging","stalls":2,"status":"unknown","source":"OpenStreetMap (charge-finder mirror)"}},{"type":"Feature","geometry":{"type":"Point","coordinates":[-71.2254,42.4869]},"properties":{"name":"Volta","network":"Volta","status":"unknown","source":"OpenStreetMap (charge-finder mirror)"}},{"type":"Feature","geometry":{"type":"Point","coordinates":[-96.9692,33.0089]},"properties":{"name":"Universal EV","network":"Universal EV","stalls":2,"status":"unknown","source":"OpenStreetMap (charge-finder mirror)"}},{"type":"Feature","geometry":{"type":"Point","coordinates":[-79.6718,44.5492]},"properties":{"name":"FLO","network":"FLO","stalls":6,"status":"unknown","source":"OpenStreetMap (charge-finder mirror)"}},{"type":"Feature","geometry":{"type":"Point","coordinates":[-97.1339,32.9436]},"properties":{"name":"EV charging","network":"EV charging","status":"unknown","source":"OpenStreetMap (charge-finder mirror)"}},{"type":"Feature","geometry":{"type":"Point","coordinates":[-97.1339,32.9435]},"properties":{"name":"EV charging","network":"EV charging","status":"unknown","source":"OpenStreetMap (charge-finder mirror)"}},{"type":"Feature","geometry":{"type":"Point","coordinates":[-97.1339,32.9435]},"properties":{"name":"EV charging","network":"EV charging","status":"unknown","source":"OpenStreetMap (charge-finder mirror)"}},{"type":"Feature","geometry":{"type":"Point","coordinates":[-97.1339,32.9434]},"properties":{"name":"EV charging","network":"EV charging","status":"unknown","source":"OpenStreetMap (charge-finder mirror)"}},{"type":"Feature","geometry":{"type":"Point","coordinates":[-96.7872,32.9233]},"properties":{"name":"EV charging","network":"EV charging","status":"unknown","source":"OpenStreetMap (charge-finder mirror)"}},{"type":"Feature","geometry":{"type":"Point","coordinates":[-72.8839,44.6459]},"properties":{"name":"EV charging","network":"EV charging","stalls":1,"status":"unknown","source":"OpenStreetMap (charge-finder mirror)"}},{"type":"Feature","geometry":{"type":"Point","coordinates":[-72.8833,44.6456]},"properties":{"name":"EV charging","network":"EV charging","stalls":1,"status":"unknown","source":"OpenStreetMap (charge-finder mirror)"}},{"type":"Feature","geometry":{"type":"Point","coordinates":[-73.7935,45.5579]},"properties":{"name":"Circuit \u00e9lectrique","network":"Circuit \u00e9lectrique","status":"unknown","source":"OpenStreetMap (charge-finder mirror)"}},{"type":"Feature","geometry":{"type":"Point","coordinates":[-114.3706,48.0142]},"properties":{"name":"EV charging","network":"EV charging","status":"unknown","source":"OpenStreetMap (charge-finder mirror)"}},{"type":"Feature","geometry":{"type":"Point","coordinates":[-71.1746,42.1996]},"properties":{"name":"ChargePoint","network":"ChargePoint","stalls":6,"status":"24/7","source":"OpenStreetMap (charge-finder mirror)"}},{"type":"Feature","geometry":{"type":"Point","coordinates":[-75.7314,45.3459]},"properties":{"name":"SWTCH","network":"SWTCH","stalls":2,"status":"unknown","source":"OpenStreetMap (charge-finder mirror)"}},{"type":"Feature","geometry":{"type":"Point","coordinates":[-75.933,45.3123]},"properties":{"name":"Shell Recharge","network":"Shell","stalls":1,"status":"unknown","source":"OpenStreetMap (charge-finder mirror)"}},{"type":"Feature","geometry":{"type":"Point","coordinates":[-111.8918,33.6292]},"properties":{"name":"Blink","network":"Blink","status":"unknown","source":"OpenStreetMap (charge-finder mirror)"}},{"type":"Feature","geometry":{"type":"Point","coordinates":[-73.9757,40.7863]},"properties":{"name":"FLO","network":"FLO","stalls":2,"status":"unknown","source":"OpenStreetMap (charge-finder mirror)"}},{"type":"Feature","geometry":{"type":"Point","coordinates":[-76.6115,39.4123]},"properties":{"name":"EV charging","network":"EV charging","status":"unknown","source":"OpenStreetMap (charge-finder mirror)"}},{"type":"Feature","geometry":{"type":"Point","coordinates":[-123.2935,44.593]},"properties":{"name":"ChargePoint","network":"ChargePoint","status":"unknown","source":"OpenStreetMap (charge-finder mirror)"}},{"type":"Feature","geometry":{"type":"Point","coordinates":[-81.0045,46.4538]},"properties":{"name":"EV charging","network":"EV charging","status":"unknown","source":"OpenStreetMap (charge-finder mirror)"}},{"type":"Feature","geometry":{"type":"Point","coordinates":[-80.5393,43.4748]},"properties":{"name":"FLO","network":"FLO","status":"unknown","source":"OpenStreetMap (charge-finder mirror)"}},{"type":"Feature","geometry":{"type":"Point","coordinates":[-105.1326,39.9842]},"properties":{"name":"ChargePoint","network":"ChargePoint","stalls":2,"status":"unknown","source":"OpenStreetMap (charge-finder mirror)"}},{"type":"Feature","geometry":{"type":"Point","coordinates":[-90.3729,38.4459]},"properties":{"name":"EVGo","network":"EV charging","status":"unknown","source":"OpenStreetMap (charge-finder mirror)"}},{"type":"Feature","geometry":{"type":"Point","coordinates":[-104.8487,39.7646]},"properties":{"name":"EV charging","network":"EV charging","status":"unknown","source":"OpenStreetMap (charge-finder mirror)"}},{"type":"Feature","geometry":{"type":"Point","coordinates":[-104.8488,39.7644]},"properties":{"name":"EV charging","network":"EV charging","status":"unknown","source":"OpenStreetMap (charge-finder mirror)"}},{"type":"Feature","geometry":{"type":"Point","coordinates":[-104.8488,39.7645]},"properties":{"name":"EV charging","network":"EV charging","status":"unknown","source":"OpenStreetMap (charge-finder mirror)"}},{"type":"Feature","geometry":{"type":"Point","coordinates":[-104.8488,39.7646]},"properties":{"name":"EV charging","network":"EV charging","status":"unknown","source":"OpenStreetMap (charge-finder mirror)"}},{"type":"Feature","geometry":{"type":"Point","coordinates":[-104.8488,39.7643]},"properties":{"name":"EV charging","network":"EV charging","status":"unknown","source":"OpenStreetMap (charge-finder mirror)"}},{"type":"Feature","geometry":{"type":"Point","coordinates":[-117.2115,33.557]},"properties":{"name":"ChargePoint","network":"ChargePoint","stalls":1,"status":"unknown","source":"OpenStreetMap (charge-finder mirror)"}},{"type":"Feature","geometry":{"type":"Point","coordinates":[-117.2114,33.5569]},"properties":{"name":"ChargePoint","network":"ChargePoint","stalls":2,"status":"unknown","source":"OpenStreetMap (charge-finder mirror)"}},{"type":"Feature","geometry":{"type":"Point","coordinates":[-117.2105,33.5604]},"properties":{"name":"ChargePoint","network":"ChargePoint","stalls":2,"status":"unknown","source":"OpenStreetMap (charge-finder mirror)"}},{"type":"Feature","geometry":{"type":"Point","coordinates":[-117.2097,33.5601]},"properties":{"name":"ChargePoint","network":"ChargePoint","stalls":1,"status":"unknown","source":"OpenStreetMap (charge-finder mirror)"}},{"type":"Feature","geometry":{"type":"Point","coordinates":[-117.2096,33.5601]},"properties":{"name":"ChargePoint","network":"ChargePoint","stalls":1,"status":"unknown","source":"OpenStreetMap (charge-finder mirror)"}},{"type":"Feature","geometry":{"type":"Point","coordinates":[-75.5263,40.5977]},"properties":{"name":"Electrify America","network":"Electrify America","status":"unknown","source":"OpenStreetMap (charge-finder mirror)"}},{"type":"Feature","geometry":{"type":"Point","coordinates":[-99.3909,36.4351]},"properties":{"name":"Electric Vehicle Charging Station - Lot 9th & Texas","network":"Francis EV Charging","stalls":4,"status":"24/7","source":"OpenStreetMap (charge-finder mirror)"}},{"type":"Feature","geometry":{"type":"Point","coordinates":[-74.6563,40.1878]},"properties":{"name":"ChargePoint","network":"ChargePoint","status":"unknown","source":"OpenStreetMap (charge-finder mirror)"}},{"type":"Feature","geometry":{"type":"Point","coordinates":[-74.7679,40.0066]},"properties":{"name":"ChargePoint","network":"ChargePoint","status":"unknown","source":"OpenStreetMap (charge-finder mirror)"}},{"type":"Feature","geometry":{"type":"Point","coordinates":[-76.6618,38.7252]},"properties":{"name":"Dunkirk Park","network":"EV charging","stalls":2,"status":"unknown","source":"OpenStreetMap (charge-finder mirror)"}},{"type":"Feature","geometry":{"type":"Point","coordinates":[-97.0943,32.9277]},"properties":{"name":"Texas Nissan of Grapevine","network":"Texas Nissan of Grapevine","status":"unknown","source":"OpenStreetMap (charge-finder mirror)"}},{"type":"Feature","geometry":{"type":"Point","coordinates":[-119.2696,46.3484]},"properties":{"name":"Port of Benton","network":"Port of Benton","stalls":1,"status":"unknown","source":"OpenStreetMap (charge-finder mirror)"}},{"type":"Feature","geometry":{"type":"Point","coordinates":[-96.9342,32.8364]},"properties":{"name":"Clay Cooley Nissan Irving","network":"EV charging","status":"unknown","source":"OpenStreetMap (charge-finder mirror)"}},{"type":"Feature","geometry":{"type":"Point","coordinates":[-96.9598,32.9011]},"properties":{"name":"Whole Foods Market","network":"GE WattStation","stalls":2,"status":"24/7","source":"OpenStreetMap (charge-finder mirror)"}},{"type":"Feature","geometry":{"type":"Point","coordinates":[-96.945,32.9438]},"properties":{"name":"Volta","network":"Volta","stalls":1,"status":"unknown","source":"OpenStreetMap (charge-finder mirror)"}},{"type":"Feature","geometry":{"type":"Point","coordinates":[-97.0537,32.6779]},"properties":{"name":"Longhorn Harley Davidson","network":"EV charging","stalls":1,"status":"unknown","source":"OpenStreetMap (charge-finder mirror)"}},{"type":"Feature","geometry":{"type":"Point","coordinates":[-122.6094,49.0911]},"properties":{"name":"ChargePoint","network":"ChargePoint","status":"unknown","source":"OpenStreetMap (charge-finder mirror)"}},{"type":"Feature","geometry":{"type":"Point","coordinates":[-82.7856,39.9284]},"properties":{"name":"EV charging","network":"EV charging","status":"unknown","source":"OpenStreetMap (charge-finder mirror)"}},{"type":"Feature","geometry":{"type":"Point","coordinates":[-77.0438,38.9074]},"properties":{"name":"ChargePoint","network":"ChargePoint","status":"unknown","source":"OpenStreetMap (charge-finder mirror)"}},{"type":"Feature","geometry":{"type":"Point","coordinates":[-77.1181,38.8828]},"properties":{"name":"ChargePoint","network":"ChargePoint","status":"unknown","source":"OpenStreetMap (charge-finder mirror)"}},{"type":"Feature","geometry":{"type":"Point","coordinates":[-77.1088,38.8795]},"properties":{"name":"ChargePoint","network":"ChargePoint","status":"unknown","source":"OpenStreetMap (charge-finder mirror)"}},{"type":"Feature","geometry":{"type":"Point","coordinates":[-77.1191,38.8344]},"properties":{"name":"ChargePoint","network":"ChargePoint","status":"unknown","source":"OpenStreetMap (charge-finder mirror)"}},{"type":"Feature","geometry":{"type":"Point","coordinates":[-122.3301,47.6205]},"properties":{"name":"EVgo","network":"EV charging","status":"unknown","source":"OpenStreetMap (charge-finder mirror)"}},{"type":"Feature","geometry":{"type":"Point","coordinates":[-73.4961,40.5969]},"properties":{"name":"EV charging","network":"EV charging","stalls":2,"status":"unknown","source":"OpenStreetMap (charge-finder mirror)"}},{"type":"Feature","geometry":{"type":"Point","coordinates":[-86.8751,34.2081]},"properties":{"name":"ChargePoint","network":"ChargePoint","stalls":1,"status":"unknown","source":"OpenStreetMap (charge-finder mirror)"}},{"type":"Feature","geometry":{"type":"Point","coordinates":[-77.0056,38.878]},"properties":{"name":"ChargePoint","network":"ChargePoint","status":"unknown","source":"OpenStreetMap (charge-finder mirror)"}},{"type":"Feature","geometry":{"type":"Point","coordinates":[-77.007,38.8712]},"properties":{"name":"ChargePoint","network":"ChargePoint","status":"unknown","source":"OpenStreetMap (charge-finder mirror)"}},{"type":"Feature","geometry":{"type":"Point","coordinates":[-77.0099,38.8666]},"properties":{"name":"ChargePoint","network":"ChargePoint","status":"unknown","source":"OpenStreetMap (charge-finder mirror)"}},{"type":"Feature","geometry":{"type":"Point","coordinates":[-76.9947,38.9321]},"properties":{"name":"ChargePoint","network":"ChargePoint","status":"unknown","source":"OpenStreetMap (charge-finder mirror)"}},{"type":"Feature","geometry":{"type":"Point","coordinates":[-76.9559,38.9678]},"properties":{"name":"Volta","network":"Volta","status":"unknown","source":"OpenStreetMap (charge-finder mirror)"}},{"type":"Feature","geometry":{"type":"Point","coordinates":[-76.9349,39.0477]},"properties":{"name":"ChargePoint","network":"ChargePoint","status":"unknown","source":"OpenStreetMap (charge-finder mirror)"}},{"type":"Feature","geometry":{"type":"Point","coordinates":[-76.9752,39.0197]},"properties":{"name":"EV Connect","network":"EV Connect","status":"unknown","source":"OpenStreetMap (charge-finder mirror)"}},{"type":"Feature","geometry":{"type":"Point","coordinates":[-71.154,42.4165]},"properties":{"name":"Electrify America","network":"Electrify America","status":"unknown","source":"OpenStreetMap (charge-finder mirror)"}},{"type":"Feature","geometry":{"type":"Point","coordinates":[-73.6559,41.98]},"properties":{"name":"EV charging","network":"EV charging","status":"unknown","source":"OpenStreetMap (charge-finder mirror)"}},{"type":"Feature","geometry":{"type":"Point","coordinates":[-73.565,45.4931]},"properties":{"name":"Circuit \u00e9lectrique","network":"Circuit \u00e9lectrique","status":"unknown","source":"OpenStreetMap (charge-finder mirror)"}},{"type":"Feature","geometry":{"type":"Point","coordinates":[-122.6669,47.568]},"properties":{"name":"Blink","network":"Blink","stalls":3,"status":"unknown","source":"OpenStreetMap (charge-finder mirror)"}},{"type":"Feature","geometry":{"type":"Point","coordinates":[-115.0624,36.1144]},"properties":{"name":"ChargePoint","network":"ChargePoint","stalls":8,"status":"unknown","source":"OpenStreetMap (charge-finder mirror)"}},{"type":"Feature","geometry":{"type":"Point","coordinates":[-83.643,41.5269]},"properties":{"name":"ChargePoint","network":"ChargePoint","stalls":4,"status":"unknown","source":"OpenStreetMap (charge-finder mirror)"}},{"type":"Feature","geometry":{"type":"Point","coordinates":[-75.4179,38.9272]},"properties":{"name":"ChargePoint","network":"ChargePoint","status":"unknown","source":"OpenStreetMap (charge-finder mirror)"}},{"type":"Feature","geometry":{"type":"Point","coordinates":[-75.4005,38.6992]},"properties":{"name":"ChargePoint","network":"ChargePoint","status":"unknown","source":"OpenStreetMap (charge-finder mirror)"}},{"type":"Feature","geometry":{"type":"Point","coordinates":[-76.0687,39.2163]},"properties":{"name":"EV charging","network":"EV charging","status":"unknown","source":"OpenStreetMap (charge-finder mirror)"}},{"type":"Feature","geometry":{"type":"Point","coordinates":[-76.0694,39.2243]},"properties":{"name":"EV charging","network":"EV charging","stalls":4,"status":"unknown","source":"OpenStreetMap (charge-finder mirror)"}},{"type":"Feature","geometry":{"type":"Point","coordinates":[-76.9418,38.9527]},"properties":{"name":"EV charging","network":"EV charging","status":"unknown","source":"OpenStreetMap (charge-finder mirror)"}},{"type":"Feature","geometry":{"type":"Point","coordinates":[-119.1202,46.226]},"properties":{"name":"EV charging","network":"EV charging","status":"unknown","source":"OpenStreetMap (charge-finder mirror)"}},{"type":"Feature","geometry":{"type":"Point","coordinates":[-97.214,32.8316]},"properties":{"name":"ChargePoint","network":"ChargePoint","status":"unknown","source":"OpenStreetMap (charge-finder mirror)"}},{"type":"Feature","geometry":{"type":"Point","coordinates":[-97.1859,32.8348]},"properties":{"name":"EVgo","network":"EVgo","stalls":2,"status":"unknown","source":"OpenStreetMap (charge-finder mirror)"}},{"type":"Feature","geometry":{"type":"Point","coordinates":[-96.8885,32.645]},"properties":{"name":"EVgo","network":"EVgo","stalls":4,"status":"unknown","source":"OpenStreetMap (charge-finder mirror)"}},{"type":"Feature","geometry":{"type":"Point","coordinates":[-96.8238,32.6179]},"properties":{"name":"EVgo","network":"EVgo","stalls":4,"status":"unknown","source":"OpenStreetMap (charge-finder mirror)"}},{"type":"Feature","geometry":{"type":"Point","coordinates":[-73.5585,45.4988]},"properties":{"name":"Circuit \u00e9lectrique","network":"Circuit \u00e9lectrique","status":"unknown","source":"OpenStreetMap (charge-finder mirror)"}},{"type":"Feature","geometry":{"type":"Point","coordinates":[-97.133,32.5751]},"properties":{"name":"EVgo","network":"EVgo","status":"unknown","source":"OpenStreetMap (charge-finder mirror)"}},{"type":"Feature","geometry":{"type":"Point","coordinates":[-97.5867,33.2153]},"properties":{"name":"EV charging","network":"EV charging","stalls":2,"status":"unknown","source":"OpenStreetMap (charge-finder mirror)"}},{"type":"Feature","geometry":{"type":"Point","coordinates":[-72.5393,41.8072]},"properties":{"name":"Electrify America","network":"Electrify America","stalls":6,"status":"unknown","source":"OpenStreetMap (charge-finder mirror)"}},{"type":"Feature","geometry":{"type":"Point","coordinates":[-97.2816,33.0229]},"properties":{"name":"Volta","network":"Volta","status":"unknown","source":"OpenStreetMap (charge-finder mirror)"}},{"type":"Feature","geometry":{"type":"Point","coordinates":[-97.0198,33.0192]},"properties":{"name":"ChargePoint","network":"ChargePoint","stalls":1,"status":"24/7","source":"OpenStreetMap (charge-finder mirror)"}},{"type":"Feature","geometry":{"type":"Point","coordinates":[-111.9055,40.9835]},"properties":{"name":"EV charging","network":"EV charging","status":"unknown","source":"OpenStreetMap (charge-finder mirror)"}},{"type":"Feature","geometry":{"type":"Point","coordinates":[-111.9079,40.9836]},"properties":{"name":"EV charging","network":"EV charging","status":"unknown","source":"OpenStreetMap (charge-finder mirror)"}},{"type":"Feature","geometry":{"type":"Point","coordinates":[-73.6155,45.4323]},"properties":{"name":"Hydro-Qu\u00e9bec","network":"Hydro-Qu\u00e9bec","status":"unknown","source":"OpenStreetMap (charge-finder mirror)"}},{"type":"Feature","geometry":{"type":"Point","coordinates":[-123.143,44.0481]},"properties":{"name":"Electrify America","network":"Electrify America","stalls":6,"status":"24/7","source":"OpenStreetMap (charge-finder mirror)"}},{"type":"Feature","geometry":{"type":"Point","coordinates":[-116.9996,32.6419]},"properties":{"name":"EV charging","network":"EV charging","status":"unknown","source":"OpenStreetMap (charge-finder mirror)"}},{"type":"Feature","geometry":{"type":"Point","coordinates":[-108.6065,39.0997]},"properties":{"name":"EV charging","network":"EV charging","status":"unknown","source":"OpenStreetMap (charge-finder mirror)"}},{"type":"Feature","geometry":{"type":"Point","coordinates":[-79.6704,44.2462]},"properties":{"name":"Ivy","network":"Ivy","status":"unknown","source":"OpenStreetMap (charge-finder mirror)"}},{"type":"Feature","geometry":{"type":"Point","coordinates":[-77.0849,38.8644]},"properties":{"name":"EVgo","network":"EVgo","status":"unknown","source":"OpenStreetMap (charge-finder mirror)"}},{"type":"Feature","geometry":{"type":"Point","coordinates":[-77.1887,38.8335]},"properties":{"name":"EVgo","network":"EVgo","status":"unknown","source":"OpenStreetMap (charge-finder mirror)"}},{"type":"Feature","geometry":{"type":"Point","coordinates":[-77.1429,38.8674]},"properties":{"name":"Electrify America","network":"Electrify America","status":"unknown","source":"OpenStreetMap (charge-finder mirror)"}},{"type":"Feature","geometry":{"type":"Point","coordinates":[-106.8269,39.651]},"properties":{"name":"EV charging","network":"EV charging","status":"unknown","source":"OpenStreetMap (charge-finder mirror)"}},{"type":"Feature","geometry":{"type":"Point","coordinates":[-77.6432,43.0781]},"properties":{"name":"Bob Johnson ChargePoint EV Stations","network":"ChargePoint","stalls":3,"status":"unknown","source":"OpenStreetMap (charge-finder mirror)"}},{"type":"Feature","geometry":{"type":"Point","coordinates":[-77.1377,38.8174]},"properties":{"name":"ChargePoint","network":"ChargePoint","status":"unknown","source":"OpenStreetMap (charge-finder mirror)"}},{"type":"Feature","geometry":{"type":"Point","coordinates":[-73.5462,45.5242]},"properties":{"name":"EV charging","network":"EV charging","stalls":2,"status":"unknown","source":"OpenStreetMap (charge-finder mirror)"}},{"type":"Feature","geometry":{"type":"Point","coordinates":[-73.5462,45.5242]},"properties":{"name":"EV charging","network":"EV charging","stalls":2,"status":"unknown","source":"OpenStreetMap (charge-finder mirror)"}},{"type":"Feature","geometry":{"type":"Point","coordinates":[-77.7554,40.6504]},"properties":{"name":"ClipperCreek","network":"EV charging","stalls":2,"status":"unknown","source":"OpenStreetMap (charge-finder mirror)"}},{"type":"Feature","geometry":{"type":"Point","coordinates":[-117.4343,34.1022]},"properties":{"name":"ChargePoint","network":"ChargePoint","status":"unknown","source":"OpenStreetMap (charge-finder mirror)"}},{"type":"Feature","geometry":{"type":"Point","coordinates":[-117.3735,34.1001]},"properties":{"name":"ChargePoint","network":"ChargePoint","status":"unknown","source":"OpenStreetMap (charge-finder mirror)"}},{"type":"Feature","geometry":{"type":"Point","coordinates":[-122.7163,42.1994]},"properties":{"name":"EV charging","network":"EV charging","stalls":2,"status":"unknown","source":"OpenStreetMap (charge-finder mirror)"}},{"type":"Feature","geometry":{"type":"Point","coordinates":[-122.2976,47.156]},"properties":{"name":"Electrify America","network":"Electrify America","status":"unknown","source":"OpenStreetMap (charge-finder mirror)"}},{"type":"Feature","geometry":{"type":"Point","coordinates":[-122.2133,47.9134]},"properties":{"name":"Electrify America","network":"EV charging","status":"unknown","source":"OpenStreetMap (charge-finder mirror)"}},{"type":"Feature","geometry":{"type":"Point","coordinates":[-122.3587,47.6249]},"properties":{"name":"Electrify America","network":"EV charging","status":"unknown","source":"OpenStreetMap (charge-finder mirror)"}},{"type":"Feature","geometry":{"type":"Point","coordinates":[-122.8237,46.9952]},"properties":{"name":"Electrify America","network":"EV charging","status":"unknown","source":"OpenStreetMap (charge-finder mirror)"}},{"type":"Feature","geometry":{"type":"Point","coordinates":[-122.3086,47.2917]},"properties":{"name":"Electrify America","network":"EV charging","status":"unknown","source":"OpenStreetMap (charge-finder mirror)"}},{"type":"Feature","geometry":{"type":"Point","coordinates":[-122.6606,47.7565]},"properties":{"name":"Electrify America","network":"EV charging","status":"unknown","source":"OpenStreetMap (charge-finder mirror)"}},{"type":"Feature","geometry":{"type":"Point","coordinates":[-120.6458,47.5974]},"properties":{"name":"Electrify America","network":"EV charging","status":"unknown","source":"OpenStreetMap (charge-finder mirror)"}},{"type":"Feature","geometry":{"type":"Point","coordinates":[-122.478,48.7511]},"properties":{"name":"ChargePoint","network":"ChargePoint","stalls":2,"status":"unknown","source":"OpenStreetMap (charge-finder mirror)"}},{"type":"Feature","geometry":{"type":"Point","coordinates":[-95.0445,45.0868]},"properties":{"name":"Mills Auto Center","network":"Mills Auto Center","stalls":1,"status":"unknown","source":"OpenStreetMap (charge-finder mirror)"}},{"type":"Feature","geometry":{"type":"Point","coordinates":[-122.8157,45.4968]},"properties":{"name":"EV charging","network":"EV charging","stalls":12,"status":"unknown","source":"OpenStreetMap (charge-finder mirror)"}},{"type":"Feature","geometry":{"type":"Point","coordinates":[-73.552,45.4667]},"properties":{"name":"EV charging","network":"EV charging","stalls":2,"status":"unknown","source":"OpenStreetMap (charge-finder mirror)"}},{"type":"Feature","geometry":{"type":"Point","coordinates":[-73.7288,42.8633]},"properties":{"name":"ChargePoint","network":"ChargePoint","status":"unknown","source":"OpenStreetMap (charge-finder mirror)"}},{"type":"Feature","geometry":{"type":"Point","coordinates":[-83.8169,45.419]},"properties":{"name":"EV charging","network":"EV charging","status":"unknown","source":"OpenStreetMap (charge-finder mirror)"}},{"type":"Feature","geometry":{"type":"Point","coordinates":[-73.3599,40.8043]},"properties":{"name":"ChargePoint","network":"ChargePoint","stalls":2,"status":"unknown","source":"OpenStreetMap (charge-finder mirror)"}},{"type":"Feature","geometry":{"type":"Point","coordinates":[-89.5178,43.1047]},"properties":{"name":"EV charging","network":"EV charging","stalls":1,"status":"unknown","source":"OpenStreetMap (charge-finder mirror)"}},{"type":"Feature","geometry":{"type":"Point","coordinates":[-89.5179,43.1046]},"properties":{"name":"EV charging","network":"EV charging","stalls":1,"status":"unknown","source":"OpenStreetMap (charge-finder mirror)"}},{"type":"Feature","geometry":{"type":"Point","coordinates":[-119.2731,46.281]},"properties":{"name":"EV charging","network":"EV charging","stalls":4,"status":"unknown","source":"OpenStreetMap (charge-finder mirror)"}},{"type":"Feature","geometry":{"type":"Point","coordinates":[-81.9228,34.9483]},"properties":{"name":"EV charging","network":"EV charging","status":"unknown","source":"OpenStreetMap (charge-finder mirror)"}},{"type":"Feature","geometry":{"type":"Point","coordinates":[-82.4641,27.3875]},"properties":{"name":"ChargePoint","network":"ChargePoint","stalls":2,"status":"unknown","source":"OpenStreetMap (charge-finder mirror)"}},{"type":"Feature","geometry":{"type":"Point","coordinates":[-112.416,33.6385]},"properties":{"name":"ChargePoint","network":"ChargePoint","stalls":2,"status":"unknown","source":"OpenStreetMap (charge-finder mirror)"}},{"type":"Feature","geometry":{"type":"Point","coordinates":[-82.5046,27.4455]},"properties":{"name":"EVgo","network":"EVgo","stalls":4,"status":"unknown","source":"OpenStreetMap (charge-finder mirror)"}},{"type":"Feature","geometry":{"type":"Point","coordinates":[-82.4545,27.2699]},"properties":{"name":"7-Eleven","network":"7-Eleven","stalls":2,"status":"unknown","source":"OpenStreetMap (charge-finder mirror)"}},{"type":"Feature","geometry":{"type":"Point","coordinates":[-79.2066,45.3336]},"properties":{"name":"EV charging","network":"EV charging","status":"unknown","source":"OpenStreetMap (charge-finder mirror)"}},{"type":"Feature","geometry":{"type":"Point","coordinates":[-84.5781,34.0119]},"properties":{"name":"Electrical outlet","network":"EV charging","status":"unknown","source":"OpenStreetMap (charge-finder mirror)"}},{"type":"Feature","geometry":{"type":"Point","coordinates":[-80.7448,35.4182]},"properties":{"name":"EV charging","network":"EV charging","status":"unknown","source":"OpenStreetMap (charge-finder mirror)"}},{"type":"Feature","geometry":{"type":"Point","coordinates":[-85.857,41.239]},"properties":{"name":"EV charging","network":"EV charging","status":"unknown","source":"OpenStreetMap (charge-finder mirror)"}},{"type":"Feature","geometry":{"type":"Point","coordinates":[-77.4214,39.3701]},"properties":{"name":"EV charging","network":"EV charging","status":"unknown","source":"OpenStreetMap (charge-finder mirror)"}},{"type":"Feature","geometry":{"type":"Point","coordinates":[-77.4202,39.3688]},"properties":{"name":"EV charging","network":"EV charging","status":"unknown","source":"OpenStreetMap (charge-finder mirror)"}},{"type":"Feature","geometry":{"type":"Point","coordinates":[-111.9947,33.6115]},"properties":{"name":"Blink","network":"Blink","status":"unknown","source":"OpenStreetMap (charge-finder mirror)"}},{"type":"Feature","geometry":{"type":"Point","coordinates":[-122.2555,37.5386]},"properties":{"name":"ChargePoint","network":"ChargePoint","stalls":2,"status":"unknown","source":"OpenStreetMap (charge-finder mirror)"}},{"type":"Feature","geometry":{"type":"Point","coordinates":[-119.2661,46.1952]},"properties":{"name":"Shell Recharge","network":"Shell Recharge","stalls":2,"status":"unknown","source":"OpenStreetMap (charge-finder mirror)"}},{"type":"Feature","geometry":{"type":"Point","coordinates":[-81.9227,34.9484]},"properties":{"name":"EV charging","network":"EV charging","status":"unknown","source":"OpenStreetMap (charge-finder mirror)"}},{"type":"Feature","geometry":{"type":"Point","coordinates":[-73.6452,40.6809]},"properties":{"name":"EV charging","network":"EV charging","stalls":2,"status":"unknown","source":"OpenStreetMap (charge-finder mirror)"}},{"type":"Feature","geometry":{"type":"Point","coordinates":[-81.366,41.2491]},"properties":{"name":"EV charging","network":"EV charging","stalls":2,"status":"unknown","source":"OpenStreetMap (charge-finder mirror)"}},{"type":"Feature","geometry":{"type":"Point","coordinates":[-96.9633,33.0011]},"properties":{"name":"Blink","network":"Blink","stalls":1,"status":"unknown","source":"OpenStreetMap (charge-finder mirror)"}},{"type":"Feature","geometry":{"type":"Point","coordinates":[-120.3626,47.4481]},"properties":{"name":"City of Wenatchee","network":"City of Wenatchee","stalls":1,"status":"unknown","source":"OpenStreetMap (charge-finder mirror)"}},{"type":"Feature","geometry":{"type":"Point","coordinates":[-89.6408,39.7457]},"properties":{"name":"Electrify America","network":"Electrify America","stalls":1,"status":"unknown","source":"OpenStreetMap (charge-finder mirror)"}},{"type":"Feature","geometry":{"type":"Point","coordinates":[-89.6409,39.7457]},"properties":{"name":"Electrify America","network":"Electrify America","stalls":1,"status":"unknown","source":"OpenStreetMap (charge-finder mirror)"}},{"type":"Feature","geometry":{"type":"Point","coordinates":[-73.5483,45.4675]},"properties":{"name":"Circuit \u00e9lectrique","network":"Circuit \u00e9lectrique","status":"unknown","source":"OpenStreetMap (charge-finder mirror)"}},{"type":"Feature","geometry":{"type":"Point","coordinates":[-74.0029,41.9297]},"properties":{"name":"EV charging","network":"EV charging","status":"unknown","source":"OpenStreetMap (charge-finder mirror)"}},{"type":"Feature","geometry":{"type":"Point","coordinates":[-91.9123,30.2929]},"properties":{"name":"Electrify America","network":"Electrify America","status":"unknown","source":"OpenStreetMap (charge-finder mirror)"}},{"type":"Feature","geometry":{"type":"Point","coordinates":[-90.463,41.5907]},"properties":{"name":"Shell Greenlots","network":"Shell Greenlots","stalls":1,"status":"unknown","source":"OpenStreetMap (charge-finder mirror)"}},{"type":"Feature","geometry":{"type":"Point","coordinates":[-90.5255,41.5638]},"properties":{"name":"Shell Green Lots","network":"Shell Green Lots","stalls":1,"status":"unknown","source":"OpenStreetMap (charge-finder mirror)"}},{"type":"Feature","geometry":{"type":"Point","coordinates":[-104.9892,39.6552]},"properties":{"name":"Electrify America","network":"Electrify America","stalls":4,"status":"unknown","source":"OpenStreetMap (charge-finder mirror)"}},{"type":"Feature","geometry":{"type":"Point","coordinates":[-90.5066,41.4546]},"properties":{"name":"EV charging","network":"EV charging","stalls":1,"status":"unknown","source":"OpenStreetMap (charge-finder mirror)"}},{"type":"Feature","geometry":{"type":"Point","coordinates":[-73.5741,45.4955]},"properties":{"name":"Circuit \u00e9lectrique","network":"Circuit \u00e9lectrique","stalls":2,"status":"unknown","source":"OpenStreetMap (charge-finder mirror)"}},{"type":"Feature","geometry":{"type":"Point","coordinates":[-89.6779,40.7801]},"properties":{"name":"ChargePoint","network":"ChargePoint","status":"unknown","source":"OpenStreetMap (charge-finder mirror)"}},{"type":"Feature","geometry":{"type":"Point","coordinates":[-117.712,33.6133]},"properties":{"name":"ChargePoint","network":"ChargePoint","stalls":4,"status":"unknown","source":"OpenStreetMap (charge-finder mirror)"}},{"type":"Feature","geometry":{"type":"Point","coordinates":[-122.7827,45.4505]},"properties":{"name":"Volta","network":"Volta","stalls":2,"status":"unknown","source":"OpenStreetMap (charge-finder mirror)"}},{"type":"Feature","geometry":{"type":"Point","coordinates":[-122.7508,45.397]},"properties":{"name":"Volta","network":"Volta","stalls":2,"status":"unknown","source":"OpenStreetMap (charge-finder mirror)"}},{"type":"Feature","geometry":{"type":"Point","coordinates":[-122.6014,45.3756]},"properties":{"name":"Volta","network":"Volta","stalls":2,"status":"unknown","source":"OpenStreetMap (charge-finder mirror)"}},{"type":"Feature","geometry":{"type":"Point","coordinates":[-122.5745,45.4349]},"properties":{"name":"Volta","network":"Volta","stalls":2,"status":"unknown","source":"OpenStreetMap (charge-finder mirror)"}},{"type":"Feature","geometry":{"type":"Point","coordinates":[-122.5757,45.4366]},"properties":{"name":"Volta","network":"Volta","stalls":2,"status":"unknown","source":"OpenStreetMap (charge-finder mirror)"}},{"type":"Feature","geometry":{"type":"Point","coordinates":[-122.5742,45.4381]},"properties":{"name":"Blink","network":"Blink","stalls":3,"status":"unknown","source":"OpenStreetMap (charge-finder mirror)"}},{"type":"Feature","geometry":{"type":"Point","coordinates":[-122.5719,45.4349]},"properties":{"name":"Volta","network":"Volta","stalls":2,"status":"unknown","source":"OpenStreetMap (charge-finder mirror)"}},{"type":"Feature","geometry":{"type":"Point","coordinates":[-122.7535,45.3965]},"properties":{"name":"Volta","network":"Volta","stalls":2,"status":"unknown","source":"OpenStreetMap (charge-finder mirror)"}},{"type":"Feature","geometry":{"type":"Point","coordinates":[-122.3995,45.5194]},"properties":{"name":"Volta","network":"Volta","stalls":2,"status":"unknown","source":"OpenStreetMap (charge-finder mirror)"}},{"type":"Feature","geometry":{"type":"Point","coordinates":[-122.5332,45.6179]},"properties":{"name":"Volta","network":"Volta","stalls":2,"status":"unknown","source":"OpenStreetMap (charge-finder mirror)"}},{"type":"Feature","geometry":{"type":"Point","coordinates":[-122.5604,45.5324]},"properties":{"name":"Volta","network":"Volta","stalls":2,"status":"unknown","source":"OpenStreetMap (charge-finder mirror)"}},{"type":"Feature","geometry":{"type":"Point","coordinates":[-71.8862,45.4099]},"properties":{"name":"EV charging","network":"EV charging","stalls":2,"status":"unknown","source":"OpenStreetMap (charge-finder mirror)"}},{"type":"Feature","geometry":{"type":"Point","coordinates":[-122.5848,45.6574]},"properties":{"name":"Volta","network":"Volta","stalls":2,"status":"unknown","source":"OpenStreetMap (charge-finder mirror)"}},{"type":"Feature","geometry":{"type":"Point","coordinates":[-122.5835,45.6589]},"properties":{"name":"Volta","network":"Volta","stalls":2,"status":"unknown","source":"OpenStreetMap (charge-finder mirror)"}},{"type":"Feature","geometry":{"type":"Point","coordinates":[-122.8531,45.4285]},"properties":{"name":"ChargePoint","network":"ChargePoint","stalls":1,"status":"unknown","source":"OpenStreetMap (charge-finder mirror)"}},{"type":"Feature","geometry":{"type":"Point","coordinates":[-122.8824,45.4958]},"properties":{"name":"Blink","network":"Blink","stalls":1,"status":"unknown","source":"OpenStreetMap (charge-finder mirror)"}},{"type":"Feature","geometry":{"type":"Point","coordinates":[-122.8203,45.4894]},"properties":{"name":"EV charging","network":"EV charging","stalls":1,"status":"unknown","source":"OpenStreetMap (charge-finder mirror)"}},{"type":"Feature","geometry":{"type":"Point","coordinates":[-122.8158,45.489]},"properties":{"name":"Blink","network":"Blink","stalls":2,"status":"unknown","source":"OpenStreetMap (charge-finder mirror)"}},{"type":"Feature","geometry":{"type":"Point","coordinates":[-122.8255,45.4884]},"properties":{"name":"ChargePoint","network":"ChargePoint","stalls":1,"status":"unknown","source":"OpenStreetMap (charge-finder mirror)"}},{"type":"Feature","geometry":{"type":"Point","coordinates":[-91.5605,41.6829]},"properties":{"name":"ChargePoint","network":"ChargePoint","stalls":6,"status":"unknown","source":"OpenStreetMap (charge-finder mirror)"}},{"type":"Feature","geometry":{"type":"Point","coordinates":[-123.4882,48.4068]},"properties":{"name":"EV charging","network":"EV charging","status":"unknown","source":"OpenStreetMap (charge-finder mirror)"}},{"type":"Feature","geometry":{"type":"Point","coordinates":[-91.6987,41.8901]},"properties":{"name":"ChargePoint","network":"ChargePoint","stalls":2,"status":"unknown","source":"OpenStreetMap (charge-finder mirror)"}},{"type":"Feature","geometry":{"type":"Point","coordinates":[-73.5808,45.4981]},"properties":{"name":"Circuit \u00e9lectrique","network":"Circuit \u00e9lectrique","stalls":2,"status":"unknown","source":"OpenStreetMap (charge-finder mirror)"}},{"type":"Feature","geometry":{"type":"Point","coordinates":[-122.8391,45.5204]},"properties":{"name":"Blink","network":"Blink","stalls":1,"status":"unknown","source":"OpenStreetMap (charge-finder mirror)"}},{"type":"Feature","geometry":{"type":"Point","coordinates":[-122.7818,45.4545]},"properties":{"name":"ChargePoint","network":"ChargePoint","stalls":2,"status":"unknown","source":"OpenStreetMap (charge-finder mirror)"}},{"type":"Feature","geometry":{"type":"Point","coordinates":[-122.7606,45.3027]},"properties":{"name":"PGE Electric Avenue Wilsonville","network":"Portland General Electric","stalls":6,"status":"unknown","source":"OpenStreetMap (charge-finder mirror)"}},{"type":"Feature","geometry":{"type":"Point","coordinates":[-117.6003,33.6325]},"properties":{"name":"R111-EV","network":"EV charging","stalls":3,"status":"unknown","source":"OpenStreetMap (charge-finder mirror)"}},{"type":"Feature","geometry":{"type":"Point","coordinates":[-117.6038,33.6327]},"properties":{"name":"R114-EV","network":"EV charging","stalls":8,"status":"unknown","source":"OpenStreetMap (charge-finder mirror)"}},{"type":"Feature","geometry":{"type":"Point","coordinates":[-91.6542,41.9879]},"properties":{"name":"ChargePoint","network":"ChargePoint","stalls":2,"status":"unknown","source":"OpenStreetMap (charge-finder mirror)"}},{"type":"Feature","geometry":{"type":"Point","coordinates":[-91.6047,41.7223]},"properties":{"name":"ChargePoint","network":"ChargePoint","stalls":2,"status":"unknown","source":"OpenStreetMap (charge-finder mirror)"}},{"type":"Feature","geometry":{"type":"Point","coordinates":[-91.5668,41.6815]},"properties":{"name":"ChargePoint","network":"ChargePoint","stalls":2,"status":"unknown","source":"OpenStreetMap (charge-finder mirror)"}},{"type":"Feature","geometry":{"type":"Point","coordinates":[-91.5197,41.676]},"properties":{"name":"ChargePoint","network":"ChargePoint","stalls":2,"status":"unknown","source":"OpenStreetMap (charge-finder mirror)"}},{"type":"Feature","geometry":{"type":"Point","coordinates":[-91.5505,41.6599]},"properties":{"name":"ChargePoint","network":"ChargePoint","stalls":2,"status":"unknown","source":"OpenStreetMap (charge-finder mirror)"}},{"type":"Feature","geometry":{"type":"Point","coordinates":[-91.5366,41.665]},"properties":{"name":"ChargePoint","network":"ChargePoint","stalls":2,"status":"unknown","source":"OpenStreetMap (charge-finder mirror)"}},{"type":"Feature","geometry":{"type":"Point","coordinates":[-91.5338,41.657]},"properties":{"name":"ChargePoint","network":"ChargePoint","stalls":2,"status":"unknown","source":"OpenStreetMap (charge-finder mirror)"}},{"type":"Feature","geometry":{"type":"Point","coordinates":[-91.5291,41.6598]},"properties":{"name":"ChargePoint","network":"ChargePoint","stalls":2,"status":"unknown","source":"OpenStreetMap (charge-finder mirror)"}},{"type":"Feature","geometry":{"type":"Point","coordinates":[-95.9214,32.6005]},"properties":{"name":"EOS Charge","network":"EOS Charge","stalls":2,"status":"unknown","source":"OpenStreetMap (charge-finder mirror)"}},{"type":"Feature","geometry":{"type":"Point","coordinates":[-123.1982,39.1452]},"properties":{"name":"EV charging","network":"EV charging","status":"unknown","source":"OpenStreetMap (charge-finder mirror)"}},{"type":"Feature","geometry":{"type":"Point","coordinates":[-84.2586,31.6483]},"properties":{"name":"ChargePoint","network":"ChargePoint","stalls":1,"status":"24/7","source":"OpenStreetMap (charge-finder mirror)"}},{"type":"Feature","geometry":{"type":"Point","coordinates":[-122.0802,37.5964]},"properties":{"name":"EVgo","network":"EVgo","status":"unknown","source":"OpenStreetMap (charge-finder mirror)"}},{"type":"Feature","geometry":{"type":"Point","coordinates":[-114.5692,36.666]},"properties":{"name":"Shell Recharge","network":"Shell Recharge Solutions","stalls":2,"status":"unknown","source":"OpenStreetMap (charge-finder mirror)"}},{"type":"Feature","geometry":{"type":"Point","coordinates":[-77.4657,37.5605]},"properties":{"name":"ChargePoint","network":"ChargePoint","stalls":4,"status":"unknown","source":"OpenStreetMap (charge-finder mirror)"}},{"type":"Feature","geometry":{"type":"Point","coordinates":[-81.4896,28.3905]},"properties":{"name":"Electrify America","network":"Electrify America","status":"24/7","source":"OpenStreetMap (charge-finder mirror)"}},{"type":"Feature","geometry":{"type":"Point","coordinates":[-81.4896,28.3904]},"properties":{"name":"Electrify America","network":"Electrify America","status":"24/7","source":"OpenStreetMap (charge-finder mirror)"}},{"type":"Feature","geometry":{"type":"Point","coordinates":[-81.4896,28.3905]},"properties":{"name":"Electrify America","network":"Electrify America","status":"24/7","source":"OpenStreetMap (charge-finder mirror)"}},{"type":"Feature","geometry":{"type":"Point","coordinates":[-83.9962,39.7847]},"properties":{"name":"ChargePoint","network":"ChargePoint","stalls":4,"status":"unknown","source":"OpenStreetMap (charge-finder mirror)"}},{"type":"Feature","geometry":{"type":"Point","coordinates":[-80.9405,46.5306]},"properties":{"name":"EV charging","network":"EV charging","status":"unknown","source":"OpenStreetMap (charge-finder mirror)"}},{"type":"Feature","geometry":{"type":"Point","coordinates":[-91.4444,44.8347]},"properties":{"name":"EV charging","network":"EV charging","status":"unknown","source":"OpenStreetMap (charge-finder mirror)"}},{"type":"Feature","geometry":{"type":"Point","coordinates":[-94.6826,39.0154]},"properties":{"name":"Nissan","network":"Nissan","stalls":1,"status":"unknown","source":"OpenStreetMap (charge-finder mirror)"}},{"type":"Feature","geometry":{"type":"Point","coordinates":[-81.7889,26.1654]},"properties":{"name":"EV charging","network":"EV charging","status":"unknown","source":"OpenStreetMap (charge-finder mirror)"}},{"type":"Feature","geometry":{"type":"Point","coordinates":[-82.7856,27.9145]},"properties":{"name":"EV charging","network":"EV charging","status":"unknown","source":"OpenStreetMap (charge-finder mirror)"}},{"type":"Feature","geometry":{"type":"Point","coordinates":[-89.5087,42.9703]},"properties":{"name":"Blink","network":"Blink","stalls":1,"status":"unknown","source":"OpenStreetMap (charge-finder mirror)"}},{"type":"Feature","geometry":{"type":"Point","coordinates":[-89.5086,42.9703]},"properties":{"name":"Blink","network":"Blink","stalls":1,"status":"unknown","source":"OpenStreetMap (charge-finder mirror)"}},{"type":"Feature","geometry":{"type":"Point","coordinates":[-75.171,39.8904]},"properties":{"name":"ChargePoint","network":"ChargePoint","status":"unknown","source":"OpenStreetMap (charge-finder mirror)"}},{"type":"Feature","geometry":{"type":"Point","coordinates":[-75.186,39.9184]},"properties":{"name":"Electrify America","network":"Electrify America","status":"unknown","source":"OpenStreetMap (charge-finder mirror)"}},{"type":"Feature","geometry":{"type":"Point","coordinates":[-75.2834,39.9039]},"properties":{"name":"EVgo","network":"EVgo","status":"unknown","source":"OpenStreetMap (charge-finder mirror)"}},{"type":"Feature","geometry":{"type":"Point","coordinates":[-117.928,33.8107]},"properties":{"name":"ChargePoint","network":"ChargePoint","stalls":6,"status":"unknown","source":"OpenStreetMap (charge-finder mirror)"}},{"type":"Feature","geometry":{"type":"Point","coordinates":[-122.393,37.6021]},"properties":{"name":"ChargePoint","network":"ChargePoint","stalls":2,"status":"unknown","source":"OpenStreetMap (charge-finder mirror)"}},{"type":"Feature","geometry":{"type":"Point","coordinates":[-122.3929,37.6022]},"properties":{"name":"EVgo","network":"EVgo","stalls":2,"status":"unknown","source":"OpenStreetMap (charge-finder mirror)"}},{"type":"Feature","geometry":{"type":"Point","coordinates":[-122.3929,37.6022]},"properties":{"name":"EVgo","network":"EVgo","stalls":2,"status":"unknown","source":"OpenStreetMap (charge-finder mirror)"}},{"type":"Feature","geometry":{"type":"Point","coordinates":[-75.8378,38.8881]},"properties":{"name":"Shell Recharge Solutions","network":"Shell Recharge Solutions","status":"unknown","source":"OpenStreetMap (charge-finder mirror)"}},{"type":"Feature","geometry":{"type":"Point","coordinates":[-75.8308,38.8868]},"properties":{"name":"Shell Recharge Solutions","network":"Shell Recharge Solutions","status":"unknown","source":"OpenStreetMap (charge-finder mirror)"}},{"type":"Feature","geometry":{"type":"Point","coordinates":[-74.6471,39.6443]},"properties":{"name":"ChargePoint","network":"ChargePoint","status":"unknown","source":"OpenStreetMap (charge-finder mirror)"}},{"type":"Feature","geometry":{"type":"Point","coordinates":[-76.6617,40.2888]},"properties":{"name":"EV charging","network":"EV charging","status":"unknown","source":"OpenStreetMap (charge-finder mirror)"}},{"type":"Feature","geometry":{"type":"Point","coordinates":[-75.6394,40.3333]},"properties":{"name":"Boyertown Museum of Historic Vehicles","network":"Boyertown Museum of Historic Vehicles","status":"unknown","source":"OpenStreetMap (charge-finder mirror)"}},{"type":"Feature","geometry":{"type":"Point","coordinates":[-123.8037,39.4454]},"properties":{"name":"EV charging","network":"EV charging","stalls":2,"status":"unknown","source":"OpenStreetMap (charge-finder mirror)"}},{"type":"Feature","geometry":{"type":"Point","coordinates":[-71.207,42.3469]},"properties":{"name":"ChargePoint","network":"ChargePoint","stalls":2,"status":"unknown","source":"OpenStreetMap (charge-finder mirror)"}},{"type":"Feature","geometry":{"type":"Point","coordinates":[-71.2366,42.3769]},"properties":{"name":"Central Parking Lot Charging Station","network":"WattZilla","stalls":2,"status":"unknown","source":"OpenStreetMap (charge-finder mirror)"}},{"type":"Feature","geometry":{"type":"Point","coordinates":[-105.1406,39.9522]},"properties":{"name":"ChargePoint","network":"ChargePoint","stalls":2,"status":"unknown","source":"OpenStreetMap (charge-finder mirror)"}},{"type":"Feature","geometry":{"type":"Point","coordinates":[-95.9322,41.1854]},"properties":{"name":"EV charging","network":"EV charging","status":"unknown","source":"OpenStreetMap (charge-finder mirror)"}},{"type":"Feature","geometry":{"type":"Point","coordinates":[-122.9957,49.2238]},"properties":{"name":"EV charging","network":"EV charging","status":"unknown","source":"OpenStreetMap (charge-finder mirror)"}},{"type":"Feature","geometry":{"type":"Point","coordinates":[-76.6162,39.2533]},"properties":{"name":"EV charging","network":"EV charging","status":"unknown","source":"OpenStreetMap (charge-finder mirror)"}},{"type":"Feature","geometry":{"type":"Point","coordinates":[-82.3914,28.1928]},"properties":{"name":"Electrify America","network":"Electrify America","status":"24/7","source":"OpenStreetMap (charge-finder mirror)"}},{"type":"Feature","geometry":{"type":"Point","coordinates":[-82.3916,28.1929]},"properties":{"name":"Electrify America","network":"Electrify America","status":"24/7","source":"OpenStreetMap (charge-finder mirror)"}},{"type":"Feature","geometry":{"type":"Point","coordinates":[-82.3915,28.1929]},"properties":{"name":"Electrify America","network":"Electrify America","status":"24/7","source":"OpenStreetMap (charge-finder mirror)"}},{"type":"Feature","geometry":{"type":"Point","coordinates":[-93.2916,45.8689]},"properties":{"name":"Coborn's - DCFC","network":"ZEF Energy","stalls":2,"status":"unknown","source":"OpenStreetMap (charge-finder mirror)"}},{"type":"Feature","geometry":{"type":"Point","coordinates":[-90.8897,46.5885]},"properties":{"name":"EV charging","network":"EV charging","status":"unknown","source":"OpenStreetMap (charge-finder mirror)"}},{"type":"Feature","geometry":{"type":"Point","coordinates":[-111.8325,41.7207]},"properties":{"name":"ChargePoint","network":"ChargePoint","status":"unknown","source":"OpenStreetMap (charge-finder mirror)"}},{"type":"Feature","geometry":{"type":"Point","coordinates":[-123.2049,44.2148]},"properties":{"name":"EV charging","network":"EV charging","stalls":3,"status":"unknown","source":"OpenStreetMap (charge-finder mirror)"}},{"type":"Feature","geometry":{"type":"Point","coordinates":[-122.215,47.4802]},"properties":{"name":"Volta","network":"Volta","stalls":1,"status":"unknown","source":"OpenStreetMap (charge-finder mirror)"}},{"type":"Feature","geometry":{"type":"Point","coordinates":[-121.5859,38.6899]},"properties":{"name":"EV charging","network":"EV charging","status":"unknown","source":"OpenStreetMap (charge-finder mirror)"}},{"type":"Feature","geometry":{"type":"Point","coordinates":[-121.5858,38.6899]},"properties":{"name":"EV charging","network":"EV charging","status":"unknown","source":"OpenStreetMap (charge-finder mirror)"}},{"type":"Feature","geometry":{"type":"Point","coordinates":[-79.0907,35.9258]},"properties":{"name":"EV charging","network":"EV charging","status":"unknown","source":"OpenStreetMap (charge-finder mirror)"}},{"type":"Feature","geometry":{"type":"Point","coordinates":[-82.5074,27.5374]},"properties":{"name":"Electrify America","network":"Electrify America","stalls":1,"status":"24/7","source":"OpenStreetMap (charge-finder mirror)"}},{"type":"Feature","geometry":{"type":"Point","coordinates":[-122.5412,47.8111]},"properties":{"name":"volta","network":"volta","status":"unknown","source":"OpenStreetMap (charge-finder mirror)"}},{"type":"Feature","geometry":{"type":"Point","coordinates":[-88.9694,34.2959]},"properties":{"name":"ChargePoint","network":"ChargePoint","stalls":1,"status":"unknown","source":"OpenStreetMap (charge-finder mirror)"}},{"type":"Feature","geometry":{"type":"Point","coordinates":[-122.0173,47.5438]},"properties":{"name":"Volta","network":"Volta","stalls":2,"status":"unknown","source":"OpenStreetMap (charge-finder mirror)"}},{"type":"Feature","geometry":{"type":"Point","coordinates":[-105.9947,38.5366]},"properties":{"name":"rivian","network":"rivian","status":"unknown","source":"OpenStreetMap (charge-finder mirror)"}},{"type":"Feature","geometry":{"type":"Point","coordinates":[-105.9838,38.5233]},"properties":{"name":"chargepoint","network":"chargepoint","status":"unknown","source":"OpenStreetMap (charge-finder mirror)"}},{"type":"Feature","geometry":{"type":"Point","coordinates":[-93.4654,44.9379]},"properties":{"name":"ChargePoint","network":"ChargePoint","status":"unknown","source":"OpenStreetMap (charge-finder mirror)"}},{"type":"Feature","geometry":{"type":"Point","coordinates":[-76.007,43.026]},"properties":{"name":"EV charging","network":"EV charging","status":"unknown","source":"OpenStreetMap (charge-finder mirror)"}},{"type":"Feature","geometry":{"type":"Point","coordinates":[-122.2701,47.8311]},"properties":{"name":"EV charging","network":"EV charging","stalls":4,"status":"unknown","source":"OpenStreetMap (charge-finder mirror)"}},{"type":"Feature","geometry":{"type":"Point","coordinates":[-83.885,45.4673]},"properties":{"name":"EV charging","network":"EV charging","status":"unknown","source":"OpenStreetMap (charge-finder mirror)"}},{"type":"Feature","geometry":{"type":"Point","coordinates":[-122.5217,47.2467]},"properties":{"name":"EV charging","network":"EV charging","status":"unknown","source":"OpenStreetMap (charge-finder mirror)"}},{"type":"Feature","geometry":{"type":"Point","coordinates":[-122.5259,47.2457]},"properties":{"name":"EV charging","network":"EV charging","status":"unknown","source":"OpenStreetMap (charge-finder mirror)"}},{"type":"Feature","geometry":{"type":"Point","coordinates":[-73.3427,45.5337]},"properties":{"name":"FLO","network":"FLO","stalls":2,"status":"unknown","source":"OpenStreetMap (charge-finder mirror)"}},{"type":"Feature","geometry":{"type":"Point","coordinates":[-73.5692,45.558]},"properties":{"name":"Circuit \u00e9lectrique","network":"Circuit \u00e9lectrique","stalls":2,"status":"unknown","source":"OpenStreetMap (charge-finder mirror)"}},{"type":"Feature","geometry":{"type":"Point","coordinates":[-73.4972,40.7248]},"properties":{"name":"Volta","network":"Volta","stalls":1,"status":"unknown","source":"OpenStreetMap (charge-finder mirror)"}},{"type":"Feature","geometry":{"type":"Point","coordinates":[-122.8481,49.2793]},"properties":{"name":"ChargePoint","network":"ChargePoint","stalls":2,"status":"unknown","source":"OpenStreetMap (charge-finder mirror)"}},{"type":"Feature","geometry":{"type":"Point","coordinates":[-89.7773,43.5288]},"properties":{"name":"EV charging","network":"EV charging","status":"unknown","source":"OpenStreetMap (charge-finder mirror)"}},{"type":"Feature","geometry":{"type":"Point","coordinates":[-75.3796,40.0973]},"properties":{"name":"ChargePoint","network":"ChargePoint","stalls":8,"status":"unknown","source":"OpenStreetMap (charge-finder mirror)"}},{"type":"Feature","geometry":{"type":"Point","coordinates":[-107.7575,38.1634]},"properties":{"name":"ChargePoint","network":"ChargePoint","status":"unknown","source":"OpenStreetMap (charge-finder mirror)"}},{"type":"Feature","geometry":{"type":"Point","coordinates":[-107.7551,38.1521]},"properties":{"name":"Town of Ridgway","network":"Town of Ridgway","status":"unknown","source":"OpenStreetMap (charge-finder mirror)"}},{"type":"Feature","geometry":{"type":"Point","coordinates":[-123.1066,49.3592]},"properties":{"name":"FLO","network":"FLO","stalls":2,"status":"unknown","source":"OpenStreetMap (charge-finder mirror)"}},{"type":"Feature","geometry":{"type":"Point","coordinates":[-122.8305,49.2824]},"properties":{"name":"ChargePoint","network":"ChargePoint","stalls":2,"status":"unknown","source":"OpenStreetMap (charge-finder mirror)"}},{"type":"Feature","geometry":{"type":"Point","coordinates":[-119.1623,46.213]},"properties":{"name":"EV charging","network":"EV charging","status":"unknown","source":"OpenStreetMap (charge-finder mirror)"}},{"type":"Feature","geometry":{"type":"Point","coordinates":[-76.5621,39.2656]},"properties":{"name":"ChargePoint","network":"ChargePoint","stalls":5,"status":"unknown","source":"OpenStreetMap (charge-finder mirror)"}},{"type":"Feature","geometry":{"type":"Point","coordinates":[-89.3626,43.0208]},"properties":{"name":"Clipper Creek","network":"Clipper Creek","stalls":4,"status":"unknown","source":"OpenStreetMap (charge-finder mirror)"}},{"type":"Feature","geometry":{"type":"Point","coordinates":[-121.5281,38.6504]},"properties":{"name":"EvGateway","network":"EvGateway","stalls":4,"status":"unknown","source":"OpenStreetMap (charge-finder mirror)"}},{"type":"Feature","geometry":{"type":"Point","coordinates":[-105.4506,36.5968]},"properties":{"name":"JuiceBox","network":"JuiceBox","status":"unknown","source":"OpenStreetMap (charge-finder mirror)"}},{"type":"Feature","geometry":{"type":"Point","coordinates":[-105.4508,36.5968]},"properties":{"name":"JuiceBox","network":"JuiceBox","status":"unknown","source":"OpenStreetMap (charge-finder mirror)"}},{"type":"Feature","geometry":{"type":"Point","coordinates":[-92.4755,42.7025]},"properties":{"name":"EV charging","network":"EV charging","status":"unknown","source":"OpenStreetMap (charge-finder mirror)"}},{"type":"Feature","geometry":{"type":"Point","coordinates":[-92.4799,42.7281]},"properties":{"name":"EV charging","network":"EV charging","status":"unknown","source":"OpenStreetMap (charge-finder mirror)"}},{"type":"Feature","geometry":{"type":"Point","coordinates":[-121.9378,37.3946]},"properties":{"name":"EVgo","network":"EVgo","stalls":2,"status":"unknown","source":"OpenStreetMap (charge-finder mirror)"}},{"type":"Feature","geometry":{"type":"Point","coordinates":[-93.4275,44.8505]},"properties":{"name":"ChargePoint","network":"ChargePoint","status":"unknown","source":"OpenStreetMap (charge-finder mirror)"}},{"type":"Feature","geometry":{"type":"Point","coordinates":[-124.3731,47.6044]},"properties":{"name":"Blink","network":"EV charging","status":"unknown","source":"OpenStreetMap (charge-finder mirror)"}},{"type":"Feature","geometry":{"type":"Point","coordinates":[-124.5444,47.9149]},"properties":{"name":"EV charging","network":"EV charging","status":"unknown","source":"OpenStreetMap (charge-finder mirror)"}},{"type":"Feature","geometry":{"type":"Point","coordinates":[-124.1517,47.8178]},"properties":{"name":"EV charging","network":"EV charging","status":"unknown","source":"OpenStreetMap (charge-finder mirror)"}},{"type":"Feature","geometry":{"type":"Point","coordinates":[-124.6599,48.3333]},"properties":{"name":"EV charging","network":"EV charging","status":"unknown","source":"OpenStreetMap (charge-finder mirror)"}},{"type":"Feature","geometry":{"type":"Point","coordinates":[-124.6063,48.3664]},"properties":{"name":"EV charging","network":"EV charging","status":"unknown","source":"OpenStreetMap (charge-finder mirror)"}},{"type":"Feature","geometry":{"type":"Point","coordinates":[-123.8478,47.4682]},"properties":{"name":"Blink","network":"EV charging","status":"unknown","source":"OpenStreetMap (charge-finder mirror)"}},{"type":"Feature","geometry":{"type":"Point","coordinates":[-124.1707,47.0426]},"properties":{"name":"EV charging","network":"EV charging","status":"unknown","source":"OpenStreetMap (charge-finder mirror)"}},{"type":"Feature","geometry":{"type":"Point","coordinates":[-123.4435,46.9968]},"properties":{"name":"EV charging","network":"EV charging","status":"unknown","source":"OpenStreetMap (charge-finder mirror)"}},{"type":"Feature","geometry":{"type":"Point","coordinates":[-68.7134,48.3719]},"properties":{"name":"FLO","network":"FLO","status":"unknown","source":"OpenStreetMap (charge-finder mirror)"}},{"type":"Feature","geometry":{"type":"Point","coordinates":[-123.069,47.3472]},"properties":{"name":"EV charging","network":"EV charging","status":"unknown","source":"OpenStreetMap (charge-finder mirror)"}},{"type":"Feature","geometry":{"type":"Point","coordinates":[-121.4132,38.6241]},"properties":{"name":"EVCS","network":"EVCS","status":"unknown","source":"OpenStreetMap (charge-finder mirror)"}},{"type":"Feature","geometry":{"type":"Point","coordinates":[-87.7992,42.1506]},"properties":{"name":"volta","network":"volta","status":"unknown","source":"OpenStreetMap (charge-finder mirror)"}},{"type":"Feature","geometry":{"type":"Point","coordinates":[-75.3082,40.0736]},"properties":{"name":"ChargePoint","network":"ChargePoint","status":"unknown","source":"OpenStreetMap (charge-finder mirror)"}},{"type":"Feature","geometry":{"type":"Point","coordinates":[-122.3216,47.5729]},"properties":{"name":"EV charging","network":"EV charging","status":"unknown","source":"OpenStreetMap (charge-finder mirror)"}},{"type":"Feature","geometry":{"type":"Point","coordinates":[-119.7828,39.5229]},"properties":{"name":"EV charging","network":"EV charging","stalls":1,"status":"unknown","source":"OpenStreetMap (charge-finder mirror)"}},{"type":"Feature","geometry":{"type":"Point","coordinates":[-119.7999,39.5036]},"properties":{"name":"EV charging","network":"EV charging","stalls":6,"status":"unknown","source":"OpenStreetMap (charge-finder mirror)"}},{"type":"Feature","geometry":{"type":"Point","coordinates":[-90.7827,41.6197]},"properties":{"name":"EV charging","network":"EV charging","stalls":2,"status":"unknown","source":"OpenStreetMap (charge-finder mirror)"}},{"type":"Feature","geometry":{"type":"Point","coordinates":[-73.548,45.5623]},"properties":{"name":"EV charging","network":"EV charging","status":"unknown","source":"OpenStreetMap (charge-finder mirror)"}},{"type":"Feature","geometry":{"type":"Point","coordinates":[-71.1194,42.4992]},"properties":{"name":"EV charging","network":"EV charging","status":"unknown","source":"OpenStreetMap (charge-finder mirror)"}},{"type":"Feature","geometry":{"type":"Point","coordinates":[-84.2216,30.4612]},"properties":{"name":"EV charging","network":"EV charging","status":"unknown","source":"OpenStreetMap (charge-finder mirror)"}},{"type":"Feature","geometry":{"type":"Point","coordinates":[-119.7883,39.5181]},"properties":{"name":"EV charging","network":"EV charging","stalls":1,"status":"unknown","source":"OpenStreetMap (charge-finder mirror)"}},{"type":"Feature","geometry":{"type":"Point","coordinates":[-95.9399,36.1235]},"properties":{"name":"Francis Energy","network":"Francis Energy","stalls":8,"status":"unknown","source":"OpenStreetMap (charge-finder mirror)"}},{"type":"Feature","geometry":{"type":"Point","coordinates":[-122.0976,37.4299]},"properties":{"name":"MTV 14","network":"ChargePoint","stalls":4,"status":"unknown","source":"OpenStreetMap (charge-finder mirror)"}},{"type":"Feature","geometry":{"type":"Point","coordinates":[-69.4052,48.3467]},"properties":{"name":"Le Circuit \u00c9lectrique","network":"Le Circuit \u00c9lectrique","stalls":100,"status":"unknown","source":"OpenStreetMap (charge-finder mirror)"}},{"type":"Feature","geometry":{"type":"Point","coordinates":[-120.7232,35.578]},"properties":{"name":"Castoro Cellars","network":"Castoro Cellars","stalls":1,"status":"unknown","source":"OpenStreetMap (charge-finder mirror)"}},{"type":"Feature","geometry":{"type":"Point","coordinates":[-76.4622,39.3748]},"properties":{"name":"EV charging","network":"EV charging","stalls":2,"status":"unknown","source":"OpenStreetMap (charge-finder mirror)"}},{"type":"Feature","geometry":{"type":"Point","coordinates":[-111.9734,33.4696]},"properties":{"name":"EV charging","network":"EV charging","status":"unknown","source":"OpenStreetMap (charge-finder mirror)"}},{"type":"Feature","geometry":{"type":"Point","coordinates":[-70.5426,41.78]},"properties":{"name":"ChargePoint","network":"ChargePoint","stalls":2,"status":"24/7","source":"OpenStreetMap (charge-finder mirror)"}},{"type":"Feature","geometry":{"type":"Point","coordinates":[-70.5425,41.78]},"properties":{"name":"ChargePoint","network":"ChargePoint","stalls":2,"status":"24/7","source":"OpenStreetMap (charge-finder mirror)"}},{"type":"Feature","geometry":{"type":"Point","coordinates":[-79.1789,43.8217]},"properties":{"name":"Flo","network":"Flo","stalls":21,"status":"unknown","source":"OpenStreetMap (charge-finder mirror)"}},{"type":"Feature","geometry":{"type":"Point","coordinates":[-76.0631,38.9396]},"properties":{"name":"EVCS","network":"EVCS","status":"unknown","source":"OpenStreetMap (charge-finder mirror)"}},{"type":"Feature","geometry":{"type":"Point","coordinates":[-79.5339,43.8246]},"properties":{"name":"Autel","network":"Autel","status":"unknown","source":"OpenStreetMap (charge-finder mirror)"}},{"type":"Feature","geometry":{"type":"Point","coordinates":[-87.7878,42.1489]},"properties":{"name":"EV charging","network":"EV charging","status":"unknown","source":"OpenStreetMap (charge-finder mirror)"}},{"type":"Feature","geometry":{"type":"Point","coordinates":[-66.6326,45.9809]},"properties":{"name":"eCharge","network":"eCharge","status":"unknown","source":"OpenStreetMap (charge-finder mirror)"}},{"type":"Feature","geometry":{"type":"Point","coordinates":[-66.6347,45.9793]},"properties":{"name":"EV charging","network":"EV charging","status":"unknown","source":"OpenStreetMap (charge-finder mirror)"}},{"type":"Feature","geometry":{"type":"Point","coordinates":[-80.2532,26.1153]},"properties":{"name":"EV charging","network":"EV charging","status":"unknown","source":"OpenStreetMap (charge-finder mirror)"}},{"type":"Feature","geometry":{"type":"Point","coordinates":[-66.6328,45.9778]},"properties":{"name":"EV charging","network":"EV charging","stalls":6,"status":"unknown","source":"OpenStreetMap (charge-finder mirror)"}},{"type":"Feature","geometry":{"type":"Point","coordinates":[-104.9461,40.102]},"properties":{"name":"EVCS","network":"EVCS","status":"unknown","source":"OpenStreetMap (charge-finder mirror)"}},{"type":"Feature","geometry":{"type":"Point","coordinates":[-66.6178,45.9788]},"properties":{"name":"eCharge","network":"eCharge","stalls":3,"status":"unknown","source":"OpenStreetMap (charge-finder mirror)"}},{"type":"Feature","geometry":{"type":"Point","coordinates":[-93.2623,44.6565]},"properties":{"name":"EV charging","network":"EV charging","status":"unknown","source":"OpenStreetMap (charge-finder mirror)"}},{"type":"Feature","geometry":{"type":"Point","coordinates":[-66.6937,45.948]},"properties":{"name":"Blink","network":"Blink","status":"unknown","source":"OpenStreetMap (charge-finder mirror)"}},{"type":"Feature","geometry":{"type":"Point","coordinates":[-78.1919,43.0148]},"properties":{"name":"ChargePoint","network":"ChargePoint","status":"unknown","source":"OpenStreetMap (charge-finder mirror)"}},{"type":"Feature","geometry":{"type":"Point","coordinates":[-73.5728,45.5523]},"properties":{"name":"Circuit \u00e9lectrique","network":"Circuit \u00e9lectrique","stalls":2,"status":"unknown","source":"OpenStreetMap (charge-finder mirror)"}},{"type":"Feature","geometry":{"type":"Point","coordinates":[-76.4117,41.0124]},"properties":{"name":"Electrify America","network":"Electrify America","stalls":4,"status":"unknown","source":"OpenStreetMap (charge-finder mirror)"}},{"type":"Feature","geometry":{"type":"Point","coordinates":[-75.2492,40.6772]},"properties":{"name":"EV charging","network":"EV charging","stalls":1,"status":"unknown","source":"OpenStreetMap (charge-finder mirror)"}},{"type":"Feature","geometry":{"type":"Point","coordinates":[-75.3406,40.5624]},"properties":{"name":"EV charging","network":"EV charging","stalls":1,"status":"unknown","source":"OpenStreetMap (charge-finder mirror)"}},{"type":"Feature","geometry":{"type":"Point","coordinates":[-97.3143,32.9063]},"properties":{"name":"Volta","network":"Volta","status":"unknown","source":"OpenStreetMap (charge-finder mirror)"}},{"type":"Feature","geometry":{"type":"Point","coordinates":[-97.3141,32.906]},"properties":{"name":"Volta","network":"Volta","status":"unknown","source":"OpenStreetMap (charge-finder mirror)"}},{"type":"Feature","geometry":{"type":"Point","coordinates":[-120.578,38.7622]},"properties":{"name":"EV charging","network":"EV charging","status":"unknown","source":"OpenStreetMap (charge-finder mirror)"}},{"type":"Feature","geometry":{"type":"Point","coordinates":[-120.578,38.7622]},"properties":{"name":"EV charging","network":"EV charging","status":"unknown","source":"OpenStreetMap (charge-finder mirror)"}},{"type":"Feature","geometry":{"type":"Point","coordinates":[-74.1041,40.6159]},"properties":{"name":"Shell","network":"Shell","status":"unknown","source":"OpenStreetMap (charge-finder mirror)"}},{"type":"Feature","geometry":{"type":"Point","coordinates":[-122.3928,37.6011]},"properties":{"name":"ChargePoint","network":"ChargePoint","stalls":4,"status":"unknown","source":"OpenStreetMap (charge-finder mirror)"}},{"type":"Feature","geometry":{"type":"Point","coordinates":[-96.1734,43.0485]},"properties":{"name":"EV charging","network":"EV charging","status":"unknown","source":"OpenStreetMap (charge-finder mirror)"}},{"type":"Feature","geometry":{"type":"Point","coordinates":[-82.001,34.924]},"properties":{"name":"EV charging","network":"EV charging","status":"unknown","source":"OpenStreetMap (charge-finder mirror)"}},{"type":"Feature","geometry":{"type":"Point","coordinates":[-81.9338,34.9569]},"properties":{"name":"EV charging","network":"EV charging","status":"unknown","source":"OpenStreetMap (charge-finder mirror)"}},{"type":"Feature","geometry":{"type":"Point","coordinates":[-72.6426,45.3231]},"properties":{"name":"Hilo","network":"Hilo","stalls":4,"status":"unknown","source":"OpenStreetMap (charge-finder mirror)"}},{"type":"Feature","geometry":{"type":"Point","coordinates":[-122.0613,37.393]},"properties":{"name":"EV Connect","network":"EV Connect","stalls":2,"status":"unknown","source":"OpenStreetMap (charge-finder mirror)"}},{"type":"Feature","geometry":{"type":"Point","coordinates":[-82.4073,32.0233]},"properties":{"name":"EV charging","network":"EV charging","status":"unknown","source":"OpenStreetMap (charge-finder mirror)"}},{"type":"Feature","geometry":{"type":"Point","coordinates":[-83.6668,42.5743]},"properties":{"name":"EVgo Charging Station","network":"EV charging","status":"unknown","source":"OpenStreetMap (charge-finder mirror)"}},{"type":"Feature","geometry":{"type":"Point","coordinates":[-123.1444,48.0856]},"properties":{"name":"EV charging","network":"EV charging","status":"unknown","source":"OpenStreetMap (charge-finder mirror)"}},{"type":"Feature","geometry":{"type":"Point","coordinates":[-83.7122,43.0128]},"properties":{"name":"EV charging","network":"EV charging","stalls":1,"status":"unknown","source":"OpenStreetMap (charge-finder mirror)"}},{"type":"Feature","geometry":{"type":"Point","coordinates":[-97.7093,30.3453]},"properties":{"name":"ChargePoint","network":"ChargePoint","status":"unknown","source":"OpenStreetMap (charge-finder mirror)"}},{"type":"Feature","geometry":{"type":"Point","coordinates":[-122.1326,38.2218]},"properties":{"name":"ChargePoint","network":"ChargePoint","status":"unknown","source":"OpenStreetMap (charge-finder mirror)"}},{"type":"Feature","geometry":{"type":"Point","coordinates":[-122.1331,38.222]},"properties":{"name":"ChargePoint","network":"ChargePoint","status":"unknown","source":"OpenStreetMap (charge-finder mirror)"}},{"type":"Feature","geometry":{"type":"Point","coordinates":[-122.1328,38.2218]},"properties":{"name":"ChargePoint","network":"ChargePoint","status":"unknown","source":"OpenStreetMap (charge-finder mirror)"}},{"type":"Feature","geometry":{"type":"Point","coordinates":[-122.1327,38.2219]},"properties":{"name":"ChargePoint","network":"ChargePoint","status":"unknown","source":"OpenStreetMap (charge-finder mirror)"}},{"type":"Feature","geometry":{"type":"Point","coordinates":[-122.1325,38.2219]},"properties":{"name":"ChargePoint","network":"ChargePoint","status":"unknown","source":"OpenStreetMap (charge-finder mirror)"}},{"type":"Feature","geometry":{"type":"Point","coordinates":[-97.8931,30.2177]},"properties":{"name":"ChargePoint","network":"ChargePoint","stalls":2,"status":"unknown","source":"OpenStreetMap (charge-finder mirror)"}},{"type":"Feature","geometry":{"type":"Point","coordinates":[-73.6544,45.862]},"properties":{"name":"EV charging","network":"EV charging","status":"unknown","source":"OpenStreetMap (charge-finder mirror)"}},{"type":"Feature","geometry":{"type":"Point","coordinates":[-120.9533,39.0991]},"properties":{"name":"EV charging","network":"EV charging","status":"unknown","source":"OpenStreetMap (charge-finder mirror)"}},{"type":"Feature","geometry":{"type":"Point","coordinates":[-82.2688,34.8593]},"properties":{"name":"Rivian Adventure Charger","network":"Rivian Adventure Charger","stalls":6,"status":"unknown","source":"OpenStreetMap (charge-finder mirror)"}},{"type":"Feature","geometry":{"type":"Point","coordinates":[-119.8284,39.5295]},"properties":{"name":"EV charging","network":"EV charging","status":"unknown","source":"OpenStreetMap (charge-finder mirror)"}},{"type":"Feature","geometry":{"type":"Point","coordinates":[-73.5786,45.5485]},"properties":{"name":"Circuit \u00e9lectrique","network":"Circuit \u00e9lectrique","stalls":2,"status":"unknown","source":"OpenStreetMap (charge-finder mirror)"}},{"type":"Feature","geometry":{"type":"Point","coordinates":[-78.662,35.7719]},"properties":{"name":"PowerCharge","network":"PowerCharge","stalls":2,"status":"unknown","source":"OpenStreetMap (charge-finder mirror)"}},{"type":"Feature","geometry":{"type":"Point","coordinates":[-88.9874,40.51]},"properties":{"name":"EV charging","network":"EV charging","status":"unknown","source":"OpenStreetMap (charge-finder mirror)"}},{"type":"Feature","geometry":{"type":"Point","coordinates":[-73.5722,45.5137]},"properties":{"name":"Circuit \u00e9lectrique","network":"Circuit \u00e9lectrique","stalls":2,"status":"unknown","source":"OpenStreetMap (charge-finder mirror)"}},{"type":"Feature","geometry":{"type":"Point","coordinates":[-93.2787,44.747]},"properties":{"name":"Volta","network":"Volta","stalls":1,"status":"unknown","source":"OpenStreetMap (charge-finder mirror)"}},{"type":"Feature","geometry":{"type":"Point","coordinates":[-123.0984,49.2743]},"properties":{"name":"FLO","network":"FLO","stalls":2,"status":"unknown","source":"OpenStreetMap (charge-finder mirror)"}},{"type":"Feature","geometry":{"type":"Point","coordinates":[-116.5577,48.2082]},"properties":{"name":"Loop Charging Station","network":"Loop Charging Station","status":"unknown","source":"OpenStreetMap (charge-finder mirror)"}},{"type":"Feature","geometry":{"type":"Point","coordinates":[-81.4202,31.0583]},"properties":{"name":"EV charging","network":"EV charging","stalls":6,"status":"unknown","source":"OpenStreetMap (charge-finder mirror)"}},{"type":"Feature","geometry":{"type":"Point","coordinates":[-119.1546,36.2977]},"properties":{"name":"ChargePoint","network":"ChargePoint","status":"unknown","source":"OpenStreetMap (charge-finder mirror)"}},{"type":"Feature","geometry":{"type":"Point","coordinates":[-120.2374,36.254]},"properties":{"name":"Electrify America","network":"Electrify America","status":"unknown","source":"OpenStreetMap (charge-finder mirror)"}},{"type":"Feature","geometry":{"type":"Point","coordinates":[-87.6468,41.9468]},"properties":{"name":"Volta Charging Station","network":"Volta","status":"unknown","source":"OpenStreetMap (charge-finder mirror)"}},{"type":"Feature","geometry":{"type":"Point","coordinates":[-117.8813,33.9209]},"properties":{"name":"Blink","network":"Blink","stalls":2,"status":"unknown","source":"OpenStreetMap (charge-finder mirror)"}},{"type":"Feature","geometry":{"type":"Point","coordinates":[-117.8814,33.9209]},"properties":{"name":"Blink","network":"Blink","stalls":2,"status":"unknown","source":"OpenStreetMap (charge-finder mirror)"}},{"type":"Feature","geometry":{"type":"Point","coordinates":[-84.0359,34.1065]},"properties":{"name":"ChargePoint","network":"ChargePoint","status":"unknown","source":"OpenStreetMap (charge-finder mirror)"}},{"type":"Feature","geometry":{"type":"Point","coordinates":[-84.0358,34.1065]},"properties":{"name":"ChargePoint","network":"ChargePoint","status":"unknown","source":"OpenStreetMap (charge-finder mirror)"}},{"type":"Feature","geometry":{"type":"Point","coordinates":[-77.0212,41.2351]},"properties":{"name":"EV charging","network":"EV charging","stalls":2,"status":"unknown","source":"OpenStreetMap (charge-finder mirror)"}},{"type":"Feature","geometry":{"type":"Point","coordinates":[-80.4737,25.4537]},"properties":{"name":"EVgo DC","network":"EVgo DC","status":"unknown","source":"OpenStreetMap (charge-finder mirror)"}},{"type":"Feature","geometry":{"type":"Point","coordinates":[-71.0676,42.138]},"properties":{"name":"ChargePoint","network":"ChargePoint","status":"unknown","source":"OpenStreetMap (charge-finder mirror)"}},{"type":"Feature","geometry":{"type":"Point","coordinates":[-76.5904,40.1394]},"properties":{"name":"Volta","network":"Volta","stalls":1,"status":"unknown","source":"OpenStreetMap (charge-finder mirror)"}},{"type":"Feature","geometry":{"type":"Point","coordinates":[-111.7637,33.2878]},"properties":{"name":"EV charging","network":"EV charging","status":"unknown","source":"OpenStreetMap (charge-finder mirror)"}},{"type":"Feature","geometry":{"type":"Point","coordinates":[-93.348,44.9364]},"properties":{"name":"Chargepoint","network":"Chargepoint","stalls":2,"status":"unknown","source":"OpenStreetMap (charge-finder mirror)"}},{"type":"Feature","geometry":{"type":"Point","coordinates":[-93.0955,44.9516]},"properties":{"name":"ChargePoint","network":"ChargePoint","stalls":2,"status":"unknown","source":"OpenStreetMap (charge-finder mirror)"}},{"type":"Feature","geometry":{"type":"Point","coordinates":[-76.9366,38.9811]},"properties":{"name":"EV charging","network":"EV charging","status":"unknown","source":"OpenStreetMap (charge-finder mirror)"}},{"type":"Feature","geometry":{"type":"Point","coordinates":[-80.81,44.1341]},"properties":{"name":"FLO","network":"FLO","stalls":6,"status":"unknown","source":"OpenStreetMap (charge-finder mirror)"}},{"type":"Feature","geometry":{"type":"Point","coordinates":[-93.1717,45.0139]},"properties":{"name":"Chargepoint","network":"Chargepoint","stalls":2,"status":"unknown","source":"OpenStreetMap (charge-finder mirror)"}},{"type":"Feature","geometry":{"type":"Point","coordinates":[-122.887,38.6803]},"properties":{"name":"EV charging","network":"EV charging","status":"unknown","source":"OpenStreetMap (charge-finder mirror)"}},{"type":"Feature","geometry":{"type":"Point","coordinates":[-83.9283,42.6076]},"properties":{"name":"EV charging","network":"EV charging","stalls":2,"status":"unknown","source":"OpenStreetMap (charge-finder mirror)"}},{"type":"Feature","geometry":{"type":"Point","coordinates":[-74.0306,45.3672]},"properties":{"name":"EV charging","network":"EV charging","status":"unknown","source":"OpenStreetMap (charge-finder mirror)"}},{"type":"Feature","geometry":{"type":"Point","coordinates":[-74.0305,45.3671]},"properties":{"name":"EV charging","network":"EV charging","status":"unknown","source":"OpenStreetMap (charge-finder mirror)"}},{"type":"Feature","geometry":{"type":"Point","coordinates":[-74.0305,45.3671]},"properties":{"name":"EV charging","network":"EV charging","status":"unknown","source":"OpenStreetMap (charge-finder mirror)"}},{"type":"Feature","geometry":{"type":"Point","coordinates":[-122.6876,49.2311]},"properties":{"name":"EV charging","network":"EV charging","status":"unknown","source":"OpenStreetMap (charge-finder mirror)"}},{"type":"Feature","geometry":{"type":"Point","coordinates":[-80.6593,41.1021]},"properties":{"name":"EV charging","network":"EV charging","status":"unknown","source":"OpenStreetMap (charge-finder mirror)"}},{"type":"Feature","geometry":{"type":"Point","coordinates":[-78.7562,41.1195]},"properties":{"name":"Volta","network":"Volta","stalls":1,"status":"unknown","source":"OpenStreetMap (charge-finder mirror)"}},{"type":"Feature","geometry":{"type":"Point","coordinates":[-93.3479,44.8636]},"properties":{"name":"EV charging","network":"EV charging","stalls":2,"status":"unknown","source":"OpenStreetMap (charge-finder mirror)"}},{"type":"Feature","geometry":{"type":"Point","coordinates":[-78.9215,34.9356]},"properties":{"name":"Circle K","network":"Circle K","status":"24/7","source":"OpenStreetMap (charge-finder mirror)"}},{"type":"Feature","geometry":{"type":"Point","coordinates":[-84.4891,33.9089]},"properties":{"name":"Electrify America","network":"Electrify America","status":"24/7","source":"OpenStreetMap (charge-finder mirror)"}},{"type":"Feature","geometry":{"type":"Point","coordinates":[-84.4892,33.9089]},"properties":{"name":"Electrify America","network":"Electrify America","status":"24/7","source":"OpenStreetMap (charge-finder mirror)"}},{"type":"Feature","geometry":{"type":"Point","coordinates":[-76.6385,39.167]},"properties":{"name":"Shell Recharge Solutions","network":"Shell Recharge Solutions","stalls":6,"status":"unknown","source":"OpenStreetMap (charge-finder mirror)"}},{"type":"Feature","geometry":{"type":"Point","coordinates":[-74.9206,45.8978]},"properties":{"name":"Circuit \u00e9lectrique","network":"Circuit \u00e9lectrique","status":"unknown","source":"OpenStreetMap (charge-finder mirror)"}},{"type":"Feature","geometry":{"type":"Point","coordinates":[-122.0404,38.2433]},"properties":{"name":"ChargePoint","network":"ChargePoint","status":"unknown","source":"OpenStreetMap (charge-finder mirror)"}},{"type":"Feature","geometry":{"type":"Point","coordinates":[-84.5213,42.6422]},"properties":{"name":"ChargePoint","network":"ChargePoint","stalls":2,"status":"24/7","source":"OpenStreetMap (charge-finder mirror)"}},{"type":"Feature","geometry":{"type":"Point","coordinates":[-84.5213,42.6422]},"properties":{"name":"ChargePoint","network":"ChargePoint","stalls":1,"status":"24/7","source":"OpenStreetMap (charge-finder mirror)"}},{"type":"Feature","geometry":{"type":"Point","coordinates":[-93.2394,44.8549]},"properties":{"name":"Blink","network":"Blink","stalls":1,"status":"unknown","source":"OpenStreetMap (charge-finder mirror)"}},{"type":"Feature","geometry":{"type":"Point","coordinates":[-93.6156,33.6818]},"properties":{"name":"Electrify America","network":"Electrify America","stalls":4,"status":"unknown","source":"OpenStreetMap (charge-finder mirror)"}},{"type":"Feature","geometry":{"type":"Point","coordinates":[-122.4221,37.7428]},"properties":{"name":"EV charging","network":"EV charging","status":"unknown","source":"OpenStreetMap (charge-finder mirror)"}},{"type":"Feature","geometry":{"type":"Point","coordinates":[-122.422,37.7429]},"properties":{"name":"EV charging","network":"EV charging","status":"unknown","source":"OpenStreetMap (charge-finder mirror)"}},{"type":"Feature","geometry":{"type":"Point","coordinates":[-123.502,48.8666]},"properties":{"name":"EV charging","network":"EV charging","status":"unknown","source":"OpenStreetMap (charge-finder mirror)"}},{"type":"Feature","geometry":{"type":"Point","coordinates":[-118.3517,33.8745]},"properties":{"name":"EVgo","network":"EVgo","status":"unknown","source":"OpenStreetMap (charge-finder mirror)"}},{"type":"Feature","geometry":{"type":"Point","coordinates":[-93.2445,44.8584]},"properties":{"name":"Chargepoint","network":"Chargepoint","stalls":2,"status":"unknown","source":"OpenStreetMap (charge-finder mirror)"}},{"type":"Feature","geometry":{"type":"Point","coordinates":[-92.3143,34.6765]},"properties":{"name":"ChargePoint","network":"ChargePoint","status":"unknown","source":"OpenStreetMap (charge-finder mirror)"}},{"type":"Feature","geometry":{"type":"Point","coordinates":[-93.1549,44.9543]},"properties":{"name":"Chargepoint","network":"Chargepoint","stalls":2,"status":"unknown","source":"OpenStreetMap (charge-finder mirror)"}},{"type":"Feature","geometry":{"type":"Point","coordinates":[-122.037,37.3248]},"properties":{"name":"ChargePoint","network":"ChargePoint","status":"unknown","source":"OpenStreetMap (charge-finder mirror)"}},{"type":"Feature","geometry":{"type":"Point","coordinates":[-79.3111,43.6677]},"properties":{"name":"FLO","network":"FLO","stalls":2,"status":"unknown","source":"OpenStreetMap (charge-finder mirror)"}},{"type":"Feature","geometry":{"type":"Point","coordinates":[-92.066,43.9491]},"properties":{"name":"EV charging","network":"EV charging","stalls":1,"status":"unknown","source":"OpenStreetMap (charge-finder mirror)"}},{"type":"Feature","geometry":{"type":"Point","coordinates":[-76.2752,41.0489]},"properties":{"name":"Volta","network":"Volta","stalls":2,"status":"unknown","source":"OpenStreetMap (charge-finder mirror)"}},{"type":"Feature","geometry":{"type":"Point","coordinates":[-96.8168,32.9543]},"properties":{"name":"EVgo","network":"EVgo","stalls":6,"status":"unknown","source":"OpenStreetMap (charge-finder mirror)"}},{"type":"Feature","geometry":{"type":"Point","coordinates":[-71.4991,41.4392]},"properties":{"name":"ChargePoint","network":"ChargePoint","status":"unknown","source":"OpenStreetMap (charge-finder mirror)"}},{"type":"Feature","geometry":{"type":"Point","coordinates":[-73.8682,40.7022]},"properties":{"name":"EV charging","network":"EV charging","status":"unknown","source":"OpenStreetMap (charge-finder mirror)"}},{"type":"Feature","geometry":{"type":"Point","coordinates":[-73.5412,45.5633]},"properties":{"name":"EV charging","network":"EV charging","status":"unknown","source":"OpenStreetMap (charge-finder mirror)"}},{"type":"Feature","geometry":{"type":"Point","coordinates":[-90.7691,35.041]},"properties":{"name":"ChargePoint","network":"ChargePoint","status":"unknown","source":"OpenStreetMap (charge-finder mirror)"}},{"type":"Feature","geometry":{"type":"Point","coordinates":[-122.7059,42.0811]},"properties":{"name":"MTASHLAND1","network":"Chargepoint","stalls":2,"status":"unknown","source":"OpenStreetMap (charge-finder mirror)"}},{"type":"Feature","geometry":{"type":"Point","coordinates":[-73.5609,45.5527]},"properties":{"name":"Circuit \u00e9lectrique","network":"Circuit \u00e9lectrique","stalls":2,"status":"unknown","source":"OpenStreetMap (charge-finder mirror)"}},{"type":"Feature","geometry":{"type":"Point","coordinates":[-118.0082,33.8957]},"properties":{"name":"Electrify America","network":"Electrify America","stalls":4,"status":"unknown","source":"OpenStreetMap (charge-finder mirror)"}},{"type":"Feature","geometry":{"type":"Point","coordinates":[-118.0642,33.9181]},"properties":{"name":"ChargePoint","network":"ChargePoint","stalls":10,"status":"unknown","source":"OpenStreetMap (charge-finder mirror)"}},{"type":"Feature","geometry":{"type":"Point","coordinates":[-121.7269,38.6708]},"properties":{"name":"EV charging","network":"EV charging","stalls":2,"status":"unknown","source":"OpenStreetMap (charge-finder mirror)"}},{"type":"Feature","geometry":{"type":"Point","coordinates":[-80.0066,45.3423]},"properties":{"name":"FLO","network":"FLO","status":"unknown","source":"OpenStreetMap (charge-finder mirror)"}},{"type":"Feature","geometry":{"type":"Point","coordinates":[-80.0109,45.3437]},"properties":{"name":"Ivy","network":"Ivy","status":"unknown","source":"OpenStreetMap (charge-finder mirror)"}},{"type":"Feature","geometry":{"type":"Point","coordinates":[-73.5639,45.5498]},"properties":{"name":"Circuit \u00e9lectrique","network":"Circuit \u00e9lectrique","stalls":2,"status":"unknown","source":"OpenStreetMap (charge-finder mirror)"}},{"type":"Feature","geometry":{"type":"Point","coordinates":[-73.5584,45.5498]},"properties":{"name":"Circuit \u00e9lectrique","network":"Circuit \u00e9lectrique","stalls":2,"status":"unknown","source":"OpenStreetMap (charge-finder mirror)"}},{"type":"Feature","geometry":{"type":"Point","coordinates":[-73.9777,40.7804]},"properties":{"name":"EV charging","network":"EV charging","status":"unknown","source":"OpenStreetMap (charge-finder mirror)"}},{"type":"Feature","geometry":{"type":"Point","coordinates":[-123.2892,42.9402]},"properties":{"name":"WCEH Canyonville","network":"EVCS","stalls":2,"status":"unknown","source":"OpenStreetMap (charge-finder mirror)"}},{"type":"Feature","geometry":{"type":"Point","coordinates":[-82.7391,33.7376]},"properties":{"name":"EV charging","network":"EV charging","stalls":2,"status":"unknown","source":"OpenStreetMap (charge-finder mirror)"}},{"type":"Feature","geometry":{"type":"Point","coordinates":[-73.5577,45.5614]},"properties":{"name":"Circuit \u00e9lectrique","network":"Circuit \u00e9lectrique","stalls":2,"status":"unknown","source":"OpenStreetMap (charge-finder mirror)"}},{"type":"Feature","geometry":{"type":"Point","coordinates":[-77.66,44.1092]},"properties":{"name":"Ivy","network":"Ivy","stalls":4,"status":"unknown","source":"OpenStreetMap (charge-finder mirror)"}},{"type":"Feature","geometry":{"type":"Point","coordinates":[-122.9143,49.2007]},"properties":{"name":"New Westminster Centre Charger","network":"EV charging","stalls":2,"status":"unknown","source":"OpenStreetMap (charge-finder mirror)"}},{"type":"Feature","geometry":{"type":"Point","coordinates":[-77.1154,39.055]},"properties":{"name":"Volta","network":"Volta","status":"unknown","source":"OpenStreetMap (charge-finder mirror)"}},{"type":"Feature","geometry":{"type":"Point","coordinates":[-72.8115,46.7562]},"properties":{"name":"EV charging","network":"EV charging","stalls":2,"status":"unknown","source":"OpenStreetMap (charge-finder mirror)"}},{"type":"Feature","geometry":{"type":"Point","coordinates":[-71.8379,42.2024]},"properties":{"name":"Electrify America","network":"Electrify America","stalls":8,"status":"unknown","source":"OpenStreetMap (charge-finder mirror)"}},{"type":"Feature","geometry":{"type":"Point","coordinates":[-73.5805,45.5618]},"properties":{"name":"Circuit \u00e9lectrique","network":"Circuit \u00e9lectrique","stalls":2,"status":"unknown","source":"OpenStreetMap (charge-finder mirror)"}},{"type":"Feature","geometry":{"type":"Point","coordinates":[-85.0371,35.9851]},"properties":{"name":"EV charging","network":"EV charging","stalls":1,"status":"unknown","source":"OpenStreetMap (charge-finder mirror)"}},{"type":"Feature","geometry":{"type":"Point","coordinates":[-81.3325,40.8732]},"properties":{"name":"ChargePoint Charging Station","network":"ChargePoint","status":"unknown","source":"OpenStreetMap (charge-finder mirror)"}},{"type":"Feature","geometry":{"type":"Point","coordinates":[-99.3168,38.9025]},"properties":{"name":"EV charging","network":"EV charging","status":"unknown","source":"OpenStreetMap (charge-finder mirror)"}},{"type":"Feature","geometry":{"type":"Point","coordinates":[-122.3453,37.58]},"properties":{"name":"ChargePoint","network":"ChargePoint","stalls":2,"status":"unknown","source":"OpenStreetMap (charge-finder mirror)"}},{"type":"Feature","geometry":{"type":"Point","coordinates":[-119.1319,46.2174]},"properties":{"name":"EV charging","network":"EV charging","stalls":1,"status":"unknown","source":"OpenStreetMap (charge-finder mirror)"}},{"type":"Feature","geometry":{"type":"Point","coordinates":[-73.5524,45.5516]},"properties":{"name":"Circuit \u00e9lectrique","network":"Circuit \u00e9lectrique","stalls":2,"status":"unknown","source":"OpenStreetMap (charge-finder mirror)"}},{"type":"Feature","geometry":{"type":"Point","coordinates":[-73.5759,45.5004]},"properties":{"name":"Circuit \u00e9lectrique","network":"Circuit \u00e9lectrique","stalls":2,"status":"unknown","source":"OpenStreetMap (charge-finder mirror)"}},{"type":"Feature","geometry":{"type":"Point","coordinates":[-73.5019,45.4802]},"properties":{"name":"flo","network":"flo","stalls":2,"status":"unknown","source":"OpenStreetMap (charge-finder mirror)"}},{"type":"Feature","geometry":{"type":"Point","coordinates":[-96.9591,32.9136]},"properties":{"name":"EVgo","network":"EVgo","status":"unknown","source":"OpenStreetMap (charge-finder mirror)"}},{"type":"Feature","geometry":{"type":"Point","coordinates":[-94.2114,36.078]},"properties":{"name":"ChargePoint","network":"ChargePoint","stalls":4,"status":"unknown","source":"OpenStreetMap (charge-finder mirror)"}},{"type":"Feature","geometry":{"type":"Point","coordinates":[-76.9061,38.8042]},"properties":{"name":"ChargePoint","network":"ChargePoint","status":"unknown","source":"OpenStreetMap (charge-finder mirror)"}},{"type":"Feature","geometry":{"type":"Point","coordinates":[-76.9954,38.7604]},"properties":{"name":"ChargePoint","network":"ChargePoint","status":"unknown","source":"OpenStreetMap (charge-finder mirror)"}},{"type":"Feature","geometry":{"type":"Point","coordinates":[-104.796,39.7808]},"properties":{"name":"Electrify America","network":"Electrify America","status":"unknown","source":"OpenStreetMap (charge-finder mirror)"}},{"type":"Feature","geometry":{"type":"Point","coordinates":[-122.1536,47.4507]},"properties":{"name":"EV charging","network":"EV charging","status":"unknown","source":"OpenStreetMap (charge-finder mirror)"}},{"type":"Feature","geometry":{"type":"Point","coordinates":[-112.4557,34.5485]},"properties":{"name":"Blink","network":"Blink","status":"unknown","source":"OpenStreetMap (charge-finder mirror)"}},{"type":"Feature","geometry":{"type":"Point","coordinates":[-112.0989,33.6778]},"properties":{"name":"Blink","network":"Blink","status":"unknown","source":"OpenStreetMap (charge-finder mirror)"}},{"type":"Feature","geometry":{"type":"Point","coordinates":[-112.0992,33.6925]},"properties":{"name":"Blink","network":"Blink","status":"unknown","source":"OpenStreetMap (charge-finder mirror)"}},{"type":"Feature","geometry":{"type":"Point","coordinates":[-112.1053,33.6972]},"properties":{"name":"EV charging","network":"EV charging","status":"unknown","source":"OpenStreetMap (charge-finder mirror)"}},{"type":"Feature","geometry":{"type":"Point","coordinates":[-112.1007,33.7046]},"properties":{"name":"Blink","network":"Blink","status":"unknown","source":"OpenStreetMap (charge-finder mirror)"}},{"type":"Feature","geometry":{"type":"Point","coordinates":[-112.1088,33.716]},"properties":{"name":"ChargePoint","network":"ChargePoint","status":"unknown","source":"OpenStreetMap (charge-finder mirror)"}},{"type":"Feature","geometry":{"type":"Point","coordinates":[-112.112,33.7663]},"properties":{"name":"ChargePoint","network":"ChargePoint","status":"unknown","source":"OpenStreetMap (charge-finder mirror)"}},{"type":"Feature","geometry":{"type":"Point","coordinates":[-112.1214,33.7874]},"properties":{"name":"ChargePoint","network":"ChargePoint","status":"unknown","source":"OpenStreetMap (charge-finder mirror)"}},{"type":"Feature","geometry":{"type":"Point","coordinates":[-112.1667,33.7993]},"properties":{"name":"ChargePoint","network":"ChargePoint","status":"unknown","source":"OpenStreetMap (charge-finder mirror)"}},{"type":"Feature","geometry":{"type":"Point","coordinates":[-112.4031,34.5478]},"properties":{"name":"ChargePoint","network":"ChargePoint","status":"unknown","source":"OpenStreetMap (charge-finder mirror)"}},{"type":"Feature","geometry":{"type":"Point","coordinates":[-112.4116,34.5554]},"properties":{"name":"EV charging","network":"EV charging","status":"unknown","source":"OpenStreetMap (charge-finder mirror)"}},{"type":"Feature","geometry":{"type":"Point","coordinates":[-112.3146,34.584]},"properties":{"name":"EV charging","network":"EV charging","status":"unknown","source":"OpenStreetMap (charge-finder mirror)"}},{"type":"Feature","geometry":{"type":"Point","coordinates":[-114.6063,33.6057]},"properties":{"name":"ChargePoint","network":"ChargePoint","stalls":2,"status":"unknown","source":"OpenStreetMap (charge-finder mirror)"}},{"type":"Feature","geometry":{"type":"Point","coordinates":[-114.5966,33.6136]},"properties":{"name":"ChargePoint","network":"ChargePoint","stalls":2,"status":"unknown","source":"OpenStreetMap (charge-finder mirror)"}},{"type":"Feature","geometry":{"type":"Point","coordinates":[-112.0105,33.6412]},"properties":{"name":"Electrify America","network":"Electrify America","stalls":4,"status":"unknown","source":"OpenStreetMap (charge-finder mirror)"}},{"type":"Feature","geometry":{"type":"Point","coordinates":[-121.4457,43.8743]},"properties":{"name":"EV charging","network":"EV charging","status":"unknown","source":"OpenStreetMap (charge-finder mirror)"}},{"type":"Feature","geometry":{"type":"Point","coordinates":[-122.262,47.4143]},"properties":{"name":"Leviton","network":"Leviton","stalls":1,"status":"unknown","source":"OpenStreetMap (charge-finder mirror)"}},{"type":"Feature","geometry":{"type":"Point","coordinates":[-122.262,47.4127]},"properties":{"name":"EV charging","network":"EV charging","status":"unknown","source":"OpenStreetMap (charge-finder mirror)"}},{"type":"Feature","geometry":{"type":"Point","coordinates":[-84.185,34.17]},"properties":{"name":"Volta","network":"Volta","stalls":1,"status":"unknown","source":"OpenStreetMap (charge-finder mirror)"}},{"type":"Feature","geometry":{"type":"Point","coordinates":[-122.4168,37.7811]},"properties":{"name":"EVgo","network":"EVgo","status":"unknown","source":"OpenStreetMap (charge-finder mirror)"}},{"type":"Feature","geometry":{"type":"Point","coordinates":[-104.7071,39.6084]},"properties":{"name":"Volta","network":"Volta","stalls":2,"status":"unknown","source":"OpenStreetMap (charge-finder mirror)"}},{"type":"Feature","geometry":{"type":"Point","coordinates":[-85.4142,44.8988]},"properties":{"name":"Red E","network":"Red E","stalls":4,"status":"24/7","source":"OpenStreetMap (charge-finder mirror)"}},{"type":"Feature","geometry":{"type":"Point","coordinates":[-85.0375,35.9859]},"properties":{"name":"Mopar","network":"Mopar","stalls":1,"status":"unknown","source":"OpenStreetMap (charge-finder mirror)"}},{"type":"Feature","geometry":{"type":"Point","coordinates":[-116.5587,33.8582]},"properties":{"name":"EV charging","network":"EV charging","status":"unknown","source":"OpenStreetMap (charge-finder mirror)"}},{"type":"Feature","geometry":{"type":"Point","coordinates":[-116.5586,33.8582]},"properties":{"name":"EV Go","network":"EV charging","status":"unknown","source":"OpenStreetMap (charge-finder mirror)"}},{"type":"Feature","geometry":{"type":"Point","coordinates":[-122.9014,45.5512]},"properties":{"name":"Electrify America","network":"Electrify America","stalls":6,"status":"unknown","source":"OpenStreetMap (charge-finder mirror)"}},{"type":"Feature","geometry":{"type":"Point","coordinates":[-122.3172,41.3089]},"properties":{"name":"Rivian Adventure Charger","network":"Rivian Adventure Charger","status":"unknown","source":"OpenStreetMap (charge-finder mirror)"}},{"type":"Feature","geometry":{"type":"Point","coordinates":[-117.0319,32.7394]},"properties":{"name":"ChargePoint","network":"EV charging","status":"24/7","source":"OpenStreetMap (charge-finder mirror)"}},{"type":"Feature","geometry":{"type":"Point","coordinates":[-117.0058,32.7]},"properties":{"name":"ShellRecharge","network":"EV charging","status":"24/7","source":"OpenStreetMap (charge-finder mirror)"}},{"type":"Feature","geometry":{"type":"Point","coordinates":[-73.6046,45.5201]},"properties":{"name":"FLO","network":"FLO","stalls":2,"status":"unknown","source":"OpenStreetMap (charge-finder mirror)"}},{"type":"Feature","geometry":{"type":"Point","coordinates":[-73.5204,45.5286]},"properties":{"name":"FLO","network":"FLO","stalls":4,"status":"unknown","source":"OpenStreetMap (charge-finder mirror)"}},{"type":"Feature","geometry":{"type":"Point","coordinates":[-117.9821,34.1375]},"properties":{"name":"EV charging","network":"EV charging","status":"unknown","source":"OpenStreetMap (charge-finder mirror)"}},{"type":"Feature","geometry":{"type":"Point","coordinates":[-119.4629,49.0337]},"properties":{"name":"FLO","network":"FLO","status":"unknown","source":"OpenStreetMap (charge-finder mirror)"}},{"type":"Feature","geometry":{"type":"Point","coordinates":[-73.5169,45.5285]},"properties":{"name":"EV charging","network":"EV charging","stalls":2,"status":"unknown","source":"OpenStreetMap (charge-finder mirror)"}},{"type":"Feature","geometry":{"type":"Point","coordinates":[-73.5438,45.5601]},"properties":{"name":"Circuit \u00e9lectrique","network":"Circuit \u00e9lectrique","stalls":2,"status":"unknown","source":"OpenStreetMap (charge-finder mirror)"}},{"type":"Feature","geometry":{"type":"Point","coordinates":[-122.0629,37.536]},"properties":{"name":"EV charging","network":"EV charging","status":"unknown","source":"OpenStreetMap (charge-finder mirror)"}},{"type":"Feature","geometry":{"type":"Point","coordinates":[-123.9403,49.1715]},"properties":{"name":"ChargePoint","network":"ChargePoint","stalls":2,"status":"unknown","source":"OpenStreetMap (charge-finder mirror)"}},{"type":"Feature","geometry":{"type":"Point","coordinates":[-73.5996,45.5345]},"properties":{"name":"Circuit \u00e9lectrique","network":"Circuit \u00e9lectrique","stalls":2,"status":"unknown","source":"OpenStreetMap (charge-finder mirror)"}},{"type":"Feature","geometry":{"type":"Point","coordinates":[-94.3704,39.0495]},"properties":{"name":"EV charging","network":"EV charging","status":"unknown","source":"OpenStreetMap (charge-finder mirror)"}},{"type":"Feature","geometry":{"type":"Point","coordinates":[-74.1916,42.9378]},"properties":{"name":"Evolve NY","network":"Evolve NY","status":"unknown","source":"OpenStreetMap (charge-finder mirror)"}},{"type":"Feature","geometry":{"type":"Point","coordinates":[-83.4738,38.8772]},"properties":{"name":"EV charging","network":"EV charging","status":"unknown","source":"OpenStreetMap (charge-finder mirror)"}},{"type":"Feature","geometry":{"type":"Point","coordinates":[-77.4383,43.0185]},"properties":{"name":"EV charging","network":"EV charging","status":"unknown","source":"OpenStreetMap (charge-finder mirror)"}},{"type":"Feature","geometry":{"type":"Point","coordinates":[-77.4383,43.0186]},"properties":{"name":"EV charging","network":"EV charging","status":"unknown","source":"OpenStreetMap (charge-finder mirror)"}},{"type":"Feature","geometry":{"type":"Point","coordinates":[-118.1291,33.94]},"properties":{"name":"ChargePoint","network":"ChargePoint","stalls":2,"status":"unknown","source":"OpenStreetMap (charge-finder mirror)"}},{"type":"Feature","geometry":{"type":"Point","coordinates":[-96.8748,32.9108]},"properties":{"name":"Cinemark 17 IMAX","network":"Volta","stalls":2,"status":"unknown","source":"OpenStreetMap (charge-finder mirror)"}},{"type":"Feature","geometry":{"type":"Point","coordinates":[-72.2687,43.6728]},"properties":{"name":"EV charging","network":"EV charging","stalls":2,"status":"unknown","source":"OpenStreetMap (charge-finder mirror)"}},{"type":"Feature","geometry":{"type":"Point","coordinates":[-73.8184,45.6161]},"properties":{"name":"Circuit \u00e9lectrique","network":"Circuit \u00e9lectrique","stalls":2,"status":"unknown","source":"OpenStreetMap (charge-finder mirror)"}},{"type":"Feature","geometry":{"type":"Point","coordinates":[-71.3052,42.1862]},"properties":{"name":"Electrify America","network":"Electrify America","stalls":4,"status":"24/7","source":"OpenStreetMap (charge-finder mirror)"}},{"type":"Feature","geometry":{"type":"Point","coordinates":[-88.6393,35.4407]},"properties":{"name":"ChargePoint","network":"ChargePoint","stalls":2,"status":"unknown","source":"OpenStreetMap (charge-finder mirror)"}},{"type":"Feature","geometry":{"type":"Point","coordinates":[-82.0834,39.3348]},"properties":{"name":"Shell","network":"Shell","status":"unknown","source":"OpenStreetMap (charge-finder mirror)"}},{"type":"Feature","geometry":{"type":"Point","coordinates":[-82.0834,39.3348]},"properties":{"name":"Shell","network":"Shell","status":"unknown","source":"OpenStreetMap (charge-finder mirror)"}},{"type":"Feature","geometry":{"type":"Point","coordinates":[-122.4593,37.6769]},"properties":{"name":"EVgo","network":"EVgo","status":"unknown","source":"OpenStreetMap (charge-finder mirror)"}},{"type":"Feature","geometry":{"type":"Point","coordinates":[-97.1682,34.2016]},"properties":{"name":"Flying J - EVgo eXtend","network":"EVgo","status":"unknown","source":"OpenStreetMap (charge-finder mirror)"}},{"type":"Feature","geometry":{"type":"Point","coordinates":[-82.0226,34.1752]},"properties":{"name":"EV charging","network":"EV charging","status":"unknown","source":"OpenStreetMap (charge-finder mirror)"}},{"type":"Feature","geometry":{"type":"Point","coordinates":[-119.3978,35.4006]},"properties":{"name":"ChargePoint","network":"ChargePoint","status":"unknown","source":"OpenStreetMap (charge-finder mirror)"}},{"type":"Feature","geometry":{"type":"Point","coordinates":[-120.3398,39.3136]},"properties":{"name":"Sugar Bowl","network":"Sugar Bowl","status":"24/7","source":"OpenStreetMap (charge-finder mirror)"}},{"type":"Feature","geometry":{"type":"Point","coordinates":[-82.097,39.3239]},"properties":{"name":"EV charging","network":"EV charging","stalls":2,"status":"unknown","source":"OpenStreetMap (charge-finder mirror)"}},{"type":"Feature","geometry":{"type":"Point","coordinates":[-122.3751,37.8228]},"properties":{"name":"ChargePoint","network":"ChargePoint","stalls":2,"status":"unknown","source":"OpenStreetMap (charge-finder mirror)"}},{"type":"Feature","geometry":{"type":"Point","coordinates":[-87.9436,42.0115]},"properties":{"name":"EverCharge","network":"EV charging","status":"unknown","source":"OpenStreetMap (charge-finder mirror)"}},{"type":"Feature","geometry":{"type":"Point","coordinates":[-94.532,39.2525]},"properties":{"name":"EV charging","network":"EV charging","status":"unknown","source":"OpenStreetMap (charge-finder mirror)"}},{"type":"Feature","geometry":{"type":"Point","coordinates":[-77.6462,38.8188]},"properties":{"name":"Electrify America","network":"Electrify America","status":"unknown","source":"OpenStreetMap (charge-finder mirror)"}},{"type":"Feature","geometry":{"type":"Point","coordinates":[-94.5339,39.0072]},"properties":{"name":"ChargePoint","network":"ChargePoint","status":"unknown","source":"OpenStreetMap (charge-finder mirror)"}},{"type":"Feature","geometry":{"type":"Point","coordinates":[-94.5338,39.0072]},"properties":{"name":"ChargePoint","network":"ChargePoint","status":"unknown","source":"OpenStreetMap (charge-finder mirror)"}},{"type":"Feature","geometry":{"type":"Point","coordinates":[-94.5311,39.0083]},"properties":{"name":"ChargePoint","network":"ChargePoint","status":"unknown","source":"OpenStreetMap (charge-finder mirror)"}},{"type":"Feature","geometry":{"type":"Point","coordinates":[-94.5297,39.0061]},"properties":{"name":"ChargePoint","network":"ChargePoint","status":"unknown","source":"OpenStreetMap (charge-finder mirror)"}},{"type":"Feature","geometry":{"type":"Point","coordinates":[-94.5296,39.0062]},"properties":{"name":"ChargePoint","network":"ChargePoint","status":"unknown","source":"OpenStreetMap (charge-finder mirror)"}},{"type":"Feature","geometry":{"type":"Point","coordinates":[-120.5868,47.0062]},"properties":{"name":"EV charging","network":"EV charging","status":"unknown","source":"OpenStreetMap (charge-finder mirror)"}},{"type":"Feature","geometry":{"type":"Point","coordinates":[-87.2677,41.6003]},"properties":{"name":"AmpUp","network":"AmpUp","status":"unknown","source":"OpenStreetMap (charge-finder mirror)"}},{"type":"Feature","geometry":{"type":"Point","coordinates":[-111.4943,40.6415]},"properties":{"name":"Juice Bar","network":"Juice Bar","stalls":2,"status":"unknown","source":"OpenStreetMap (charge-finder mirror)"}},{"type":"Feature","geometry":{"type":"Point","coordinates":[-111.7735,34.8444]},"properties":{"name":"Poco Diablo Resort","network":"Poco Diablo Resort","stalls":4,"status":"unknown","source":"OpenStreetMap (charge-finder mirror)"}},{"type":"Feature","geometry":{"type":"Point","coordinates":[-111.503,40.653]},"properties":{"name":"ClipperCreek","network":"ClipperCreek","stalls":2,"status":"unknown","source":"OpenStreetMap (charge-finder mirror)"}},{"type":"Feature","geometry":{"type":"Point","coordinates":[-79.5785,42.3228]},"properties":{"name":"EvConnect","network":"EvConnect","stalls":2,"status":"24/7","source":"OpenStreetMap (charge-finder mirror)"}},{"type":"Feature","geometry":{"type":"Point","coordinates":[-85.0461,35.9982]},"properties":{"name":"7-Eleven","network":"7-Eleven","status":"unknown","source":"OpenStreetMap (charge-finder mirror)"}},{"type":"Feature","geometry":{"type":"Point","coordinates":[-82.0625,32.3789]},"properties":{"name":"ChargePoint","network":"ChargePoint","stalls":2,"status":"unknown","source":"OpenStreetMap (charge-finder mirror)"}},{"type":"Feature","geometry":{"type":"Point","coordinates":[-82.5035,33.5137]},"properties":{"name":"ChargePoint","network":"ChargePoint","stalls":2,"status":"unknown","source":"OpenStreetMap (charge-finder mirror)"}},{"type":"Feature","geometry":{"type":"Point","coordinates":[-111.6533,35.1875]},"properties":{"name":"EV charging","network":"EV charging","stalls":6,"status":"unknown","source":"OpenStreetMap (charge-finder mirror)"}},{"type":"Feature","geometry":{"type":"Point","coordinates":[-111.6564,35.1886]},"properties":{"name":"EV charging","network":"EV charging","stalls":2,"status":"unknown","source":"OpenStreetMap (charge-finder mirror)"}},{"type":"Feature","geometry":{"type":"Point","coordinates":[-111.9511,33.4316]},"properties":{"name":"chargepoint","network":"chargepoint","stalls":2,"status":"unknown","source":"OpenStreetMap (charge-finder mirror)"}},{"type":"Feature","geometry":{"type":"Point","coordinates":[-111.6757,35.1394]},"properties":{"name":"ChargePoint","network":"ChargePoint","stalls":6,"status":"unknown","source":"OpenStreetMap (charge-finder mirror)"}},{"type":"Feature","geometry":{"type":"Point","coordinates":[-111.6574,35.1804]},"properties":{"name":"EV charging","network":"EV charging","status":"unknown","source":"OpenStreetMap (charge-finder mirror)"}},{"type":"Feature","geometry":{"type":"Point","coordinates":[-93.2919,44.9616]},"properties":{"name":"Evie","network":"Evie","stalls":2,"status":"unknown","source":"OpenStreetMap (charge-finder mirror)"}},{"type":"Feature","geometry":{"type":"Point","coordinates":[-114.2414,33.6576]},"properties":{"name":"EV charging","network":"EV charging","stalls":4,"status":"unknown","source":"OpenStreetMap (charge-finder mirror)"}},{"type":"Feature","geometry":{"type":"Point","coordinates":[-122.4172,37.805]},"properties":{"name":"EVgo","network":"EVgo","status":"unknown","source":"OpenStreetMap (charge-finder mirror)"}},{"type":"Feature","geometry":{"type":"Point","coordinates":[-76.257,39.4792]},"properties":{"name":"EV charging","network":"EV charging","status":"unknown","source":"OpenStreetMap (charge-finder mirror)"}},{"type":"Feature","geometry":{"type":"Point","coordinates":[-96.9141,32.9102]},"properties":{"name":"The Wren at Mercer Crossing","network":"Blink","status":"unknown","source":"OpenStreetMap (charge-finder mirror)"}},{"type":"Feature","geometry":{"type":"Point","coordinates":[-71.2115,42.1462]},"properties":{"name":"Audubon Easterly Station 2","network":"ChargePoint","stalls":2,"status":"24/7","source":"OpenStreetMap (charge-finder mirror)"}},{"type":"Feature","geometry":{"type":"Point","coordinates":[-73.6011,45.5615]},"properties":{"name":"Circuit \u00e9lectrique","network":"Circuit \u00e9lectrique","status":"unknown","source":"OpenStreetMap (charge-finder mirror)"}},{"type":"Feature","geometry":{"type":"Point","coordinates":[-88.0914,42.1977]},"properties":{"name":"ChargePoint","network":"ChargePoint","stalls":6,"status":"unknown","source":"OpenStreetMap (charge-finder mirror)"}},{"type":"Feature","geometry":{"type":"Point","coordinates":[-73.5926,45.5591]},"properties":{"name":"Circuit \u00e9lectrique","network":"Circuit \u00e9lectrique","stalls":2,"status":"unknown","source":"OpenStreetMap (charge-finder mirror)"}},{"type":"Feature","geometry":{"type":"Point","coordinates":[-73.589,45.5627]},"properties":{"name":"Circuit \u00e9lectrique","network":"Circuit \u00e9lectrique","stalls":2,"status":"unknown","source":"OpenStreetMap (charge-finder mirror)"}},{"type":"Feature","geometry":{"type":"Point","coordinates":[-71.2201,42.1392]},"properties":{"name":"ChargePoint","network":"ChargePoint","stalls":2,"status":"24/7","source":"OpenStreetMap (charge-finder mirror)"}},{"type":"Feature","geometry":{"type":"Point","coordinates":[-71.2419,42.1572]},"properties":{"name":"Volta","network":"Volta","stalls":1,"status":"24/7","source":"OpenStreetMap (charge-finder mirror)"}},{"type":"Feature","geometry":{"type":"Point","coordinates":[-94.298,39.0325]},"properties":{"name":"EV charging","network":"EV charging","status":"unknown","source":"OpenStreetMap (charge-finder mirror)"}},{"type":"Feature","geometry":{"type":"Point","coordinates":[-95.3976,35.9581]},"properties":{"name":"EV charging","network":"EV charging","status":"unknown","source":"OpenStreetMap (charge-finder mirror)"}},{"type":"Feature","geometry":{"type":"Point","coordinates":[-122.6744,49.1155]},"properties":{"name":"ChargePoint","network":"ChargePoint","stalls":2,"status":"unknown","source":"OpenStreetMap (charge-finder mirror)"}},{"type":"Feature","geometry":{"type":"Point","coordinates":[-122.6744,49.1155]},"properties":{"name":"ChargePoint","network":"ChargePoint","stalls":2,"status":"unknown","source":"OpenStreetMap (charge-finder mirror)"}},{"type":"Feature","geometry":{"type":"Point","coordinates":[-71.2681,42.093]},"properties":{"name":"ChargePoint","network":"ChargePoint","status":"unknown","source":"OpenStreetMap (charge-finder mirror)"}},{"type":"Feature","geometry":{"type":"Point","coordinates":[-71.0321,46.4512]},"properties":{"name":"EV charging","network":"EV charging","stalls":1,"status":"unknown","source":"OpenStreetMap (charge-finder mirror)"}},{"type":"Feature","geometry":{"type":"Point","coordinates":[-122.4776,48.7153]},"properties":{"name":"FLO","network":"FLO","stalls":2,"status":"unknown","source":"OpenStreetMap (charge-finder mirror)"}},{"type":"Feature","geometry":{"type":"Point","coordinates":[-73.5921,45.8564]},"properties":{"name":"Le Circuit \u00c9lectrique","network":"Le Circuit \u00c9lectrique","status":"unknown","source":"OpenStreetMap (charge-finder mirror)"}},{"type":"Feature","geometry":{"type":"Point","coordinates":[-111.8543,38.9316]},"properties":{"name":"Electrify America","network":"Electrify America","status":"unknown","source":"OpenStreetMap (charge-finder mirror)"}},{"type":"Feature","geometry":{"type":"Point","coordinates":[-83.3577,33.9473]},"properties":{"name":"Blink","network":"Blink","stalls":2,"status":"unknown","source":"OpenStreetMap (charge-finder mirror)"}},{"type":"Feature","geometry":{"type":"Point","coordinates":[-75.7376,39.6871]},"properties":{"name":"Blink","network":"Blink","status":"unknown","source":"OpenStreetMap (charge-finder mirror)"}},{"type":"Feature","geometry":{"type":"Point","coordinates":[-117.2045,47.6743]},"properties":{"name":"EV charging","network":"EV charging","status":"unknown","source":"OpenStreetMap (charge-finder mirror)"}},{"type":"Feature","geometry":{"type":"Point","coordinates":[-121.5201,38.6428]},"properties":{"name":"Blink","network":"Blink","status":"unknown","source":"OpenStreetMap (charge-finder mirror)"}},{"type":"Feature","geometry":{"type":"Point","coordinates":[-84.5549,42.7322]},"properties":{"name":"ChargePoint","network":"ChargePoint","stalls":2,"status":"unknown","source":"OpenStreetMap (charge-finder mirror)"}},{"type":"Feature","geometry":{"type":"Point","coordinates":[-121.9704,37.3138]},"properties":{"name":"EV charging","network":"EV charging","stalls":22,"status":"unknown","source":"OpenStreetMap (charge-finder mirror)"}},{"type":"Feature","geometry":{"type":"Point","coordinates":[-122.2081,39.5925]},"properties":{"name":"42kw fast charger","network":"EV charging","status":"unknown","source":"OpenStreetMap (charge-finder mirror)"}},{"type":"Feature","geometry":{"type":"Point","coordinates":[-122.3238,37.5675]},"properties":{"name":"EVgo","network":"EVgo","status":"unknown","source":"OpenStreetMap (charge-finder mirror)"}},{"type":"Feature","geometry":{"type":"Point","coordinates":[-76.6067,39.3898]},"properties":{"name":"EV charging","network":"EV charging","status":"unknown","source":"OpenStreetMap (charge-finder mirror)"}},{"type":"Feature","geometry":{"type":"Point","coordinates":[-73.4103,45.4884]},"properties":{"name":"EV charging","network":"EV charging","status":"unknown","source":"OpenStreetMap (charge-finder mirror)"}},{"type":"Feature","geometry":{"type":"Point","coordinates":[-71.0806,42.346]},"properties":{"name":"Blink","network":"Blink","status":"unknown","source":"OpenStreetMap (charge-finder mirror)"}},{"type":"Feature","geometry":{"type":"Point","coordinates":[-71.3172,42.1076]},"properties":{"name":"MassAudubon Stony Brook","network":"ChargePoint","status":"unknown","source":"OpenStreetMap (charge-finder mirror)"}},{"type":"Feature","geometry":{"type":"Point","coordinates":[-121.5039,38.4809]},"properties":{"name":"ChargePoint","network":"ChargePoint","status":"unknown","source":"OpenStreetMap (charge-finder mirror)"}},{"type":"Feature","geometry":{"type":"Point","coordinates":[-121.9518,49.1585]},"properties":{"name":"FLO","network":"FLO","stalls":2,"status":"unknown","source":"OpenStreetMap (charge-finder mirror)"}},{"type":"Feature","geometry":{"type":"Point","coordinates":[-121.9517,49.1584]},"properties":{"name":"FLO","network":"FLO","stalls":2,"status":"unknown","source":"OpenStreetMap (charge-finder mirror)"}},{"type":"Feature","geometry":{"type":"Point","coordinates":[-121.9523,49.1718]},"properties":{"name":"FLO","network":"FLO","stalls":2,"status":"unknown","source":"OpenStreetMap (charge-finder mirror)"}},{"type":"Feature","geometry":{"type":"Point","coordinates":[-121.952,49.1719]},"properties":{"name":"FLO","network":"FLO","stalls":2,"status":"unknown","source":"OpenStreetMap (charge-finder mirror)"}},{"type":"Feature","geometry":{"type":"Point","coordinates":[-121.9507,49.1706]},"properties":{"name":"EV charging","network":"EV charging","stalls":2,"status":"unknown","source":"OpenStreetMap (charge-finder mirror)"}},{"type":"Feature","geometry":{"type":"Point","coordinates":[-121.9507,49.1706]},"properties":{"name":"EV charging","network":"EV charging","stalls":2,"status":"unknown","source":"OpenStreetMap (charge-finder mirror)"}},{"type":"Feature","geometry":{"type":"Point","coordinates":[-86.3683,35.8544]},"properties":{"name":"EV charging","network":"EV charging","status":"unknown","source":"OpenStreetMap (charge-finder mirror)"}},{"type":"Feature","geometry":{"type":"Point","coordinates":[-86.3683,35.8541]},"properties":{"name":"EV charging","network":"EV charging","status":"unknown","source":"OpenStreetMap (charge-finder mirror)"}},{"type":"Feature","geometry":{"type":"Point","coordinates":[-86.3684,35.8539]},"properties":{"name":"EV charging","network":"EV charging","status":"unknown","source":"OpenStreetMap (charge-finder mirror)"}},{"type":"Feature","geometry":{"type":"Point","coordinates":[-86.3684,35.8536]},"properties":{"name":"EV charging","network":"EV charging","status":"unknown","source":"OpenStreetMap (charge-finder mirror)"}},{"type":"Feature","geometry":{"type":"Point","coordinates":[-86.3684,35.8534]},"properties":{"name":"EV charging","network":"EV charging","status":"unknown","source":"OpenStreetMap (charge-finder mirror)"}},{"type":"Feature","geometry":{"type":"Point","coordinates":[-112.0109,33.6414]},"properties":{"name":"Blink","network":"Blink","stalls":2,"status":"unknown","source":"OpenStreetMap (charge-finder mirror)"}},{"type":"Feature","geometry":{"type":"Point","coordinates":[-121.9531,49.1661]},"properties":{"name":"EV charging","network":"EV charging","status":"unknown","source":"OpenStreetMap (charge-finder mirror)"}},{"type":"Feature","geometry":{"type":"Point","coordinates":[-121.953,49.1661]},"properties":{"name":"EV charging","network":"EV charging","status":"unknown","source":"OpenStreetMap (charge-finder mirror)"}},{"type":"Feature","geometry":{"type":"Point","coordinates":[-75.683,45.3377]},"properties":{"name":"AmbuEnergy","network":"AmbuEnergy","status":"unknown","source":"OpenStreetMap (charge-finder mirror)"}},{"type":"Feature","geometry":{"type":"Point","coordinates":[-82.8853,34.9328]},"properties":{"name":"Rivian","network":"Rivian","stalls":2,"status":"unknown","source":"OpenStreetMap (charge-finder mirror)"}},{"type":"Feature","geometry":{"type":"Point","coordinates":[-73.605,45.4493]},"properties":{"name":"Circuit \u00e9lectrique","network":"Circuit \u00e9lectrique","stalls":2,"status":"unknown","source":"OpenStreetMap (charge-finder mirror)"}},{"type":"Feature","geometry":{"type":"Point","coordinates":[-73.5696,45.4726]},"properties":{"name":"Circuit \u00e9lectrique","network":"Circuit \u00e9lectrique","stalls":2,"status":"unknown","source":"OpenStreetMap (charge-finder mirror)"}},{"type":"Feature","geometry":{"type":"Point","coordinates":[-122.5091,37.7716]},"properties":{"name":"EVgo","network":"EVgo","status":"unknown","source":"OpenStreetMap (charge-finder mirror)"}},{"type":"Feature","geometry":{"type":"Point","coordinates":[-84.5567,42.7334]},"properties":{"name":"ChargePoint","network":"ChargePoint","stalls":2,"status":"unknown","source":"OpenStreetMap (charge-finder mirror)"}},{"type":"Feature","geometry":{"type":"Point","coordinates":[-117.2785,49.1935]},"properties":{"name":"FLO","network":"FLO","status":"unknown","source":"OpenStreetMap (charge-finder mirror)"}},{"type":"Feature","geometry":{"type":"Point","coordinates":[-79.7351,43.6636]},"properties":{"name":"Park and Charge","network":"EV charging","status":"unknown","source":"OpenStreetMap (charge-finder mirror)"}},{"type":"Feature","geometry":{"type":"Point","coordinates":[-78.9733,43.0946]},"properties":{"name":"ChargePoint","network":"ChargePoint","status":"unknown","source":"OpenStreetMap (charge-finder mirror)"}},{"type":"Feature","geometry":{"type":"Point","coordinates":[-73.5865,45.4798]},"properties":{"name":"EV charging","network":"EV charging","status":"unknown","source":"OpenStreetMap (charge-finder mirror)"}},{"type":"Feature","geometry":{"type":"Point","coordinates":[-111.8929,33.3188]},"properties":{"name":"Volta","network":"Volta","status":"unknown","source":"OpenStreetMap (charge-finder mirror)"}},{"type":"Feature","geometry":{"type":"Point","coordinates":[-121.689,38.1604]},"properties":{"name":"evconnect","network":"evconnect","status":"unknown","source":"OpenStreetMap (charge-finder mirror)"}},{"type":"Feature","geometry":{"type":"Point","coordinates":[-82.4258,42.2646]},"properties":{"name":"Electrify Canada","network":"Electrify Canada","stalls":4,"status":"unknown","source":"OpenStreetMap (charge-finder mirror)"}},{"type":"Feature","geometry":{"type":"Point","coordinates":[-85.5883,42.2141]},"properties":{"name":"Electrify America","network":"Electrify America","stalls":6,"status":"unknown","source":"OpenStreetMap (charge-finder mirror)"}},{"type":"Feature","geometry":{"type":"Point","coordinates":[-71.1011,42.129]},"properties":{"name":"ChargePoint","network":"ChargePoint","stalls":1,"status":"unknown","source":"OpenStreetMap (charge-finder mirror)"}},{"type":"Feature","geometry":{"type":"Point","coordinates":[-79.3386,43.7176]},"properties":{"name":"EV charging","network":"EV charging","stalls":2,"status":"unknown","source":"OpenStreetMap (charge-finder mirror)"}},{"type":"Feature","geometry":{"type":"Point","coordinates":[-73.1964,45.5963]},"properties":{"name":"Circuit \u00e9lectrique","network":"Circuit \u00e9lectrique","stalls":4,"status":"unknown","source":"OpenStreetMap (charge-finder mirror)"}},{"type":"Feature","geometry":{"type":"Point","coordinates":[-109.5525,38.5779]},"properties":{"name":"ChargePoint","network":"ChargePoint","status":"unknown","source":"OpenStreetMap (charge-finder mirror)"}},{"type":"Feature","geometry":{"type":"Point","coordinates":[-123.2396,49.3406]},"properties":{"name":"EV charging","network":"EV charging","status":"unknown","source":"OpenStreetMap (charge-finder mirror)"}},{"type":"Feature","geometry":{"type":"Point","coordinates":[-72.7505,42.1217]},"properties":{"name":"Enel","network":"Enel","stalls":2,"status":"unknown","source":"OpenStreetMap (charge-finder mirror)"}},{"type":"Feature","geometry":{"type":"Point","coordinates":[-72.7545,42.1211]},"properties":{"name":"Enel","network":"Enel","stalls":2,"status":"unknown","source":"OpenStreetMap (charge-finder mirror)"}},{"type":"Feature","geometry":{"type":"Point","coordinates":[-72.7646,42.1114]},"properties":{"name":"Enel","network":"Enel","stalls":2,"status":"unknown","source":"OpenStreetMap (charge-finder mirror)"}},{"type":"Feature","geometry":{"type":"Point","coordinates":[-72.7476,42.1127]},"properties":{"name":"Enel","network":"Enel","stalls":2,"status":"unknown","source":"OpenStreetMap (charge-finder mirror)"}},{"type":"Feature","geometry":{"type":"Point","coordinates":[-72.7225,42.112]},"properties":{"name":"Enel","network":"Enel","stalls":2,"status":"unknown","source":"OpenStreetMap (charge-finder mirror)"}},{"type":"Feature","geometry":{"type":"Point","coordinates":[-89.3748,43.0822]},"properties":{"name":"EV charging","network":"EV charging","status":"unknown","source":"OpenStreetMap (charge-finder mirror)"}},{"type":"Feature","geometry":{"type":"Point","coordinates":[-78.7591,35.7803]},"properties":{"name":"EV charging","network":"EV charging","stalls":6,"status":"unknown","source":"OpenStreetMap (charge-finder mirror)"}},{"type":"Feature","geometry":{"type":"Point","coordinates":[-78.9811,43.0882]},"properties":{"name":"EVolve NY Niagara Falls","network":"Electrify America","stalls":4,"status":"unknown","source":"OpenStreetMap (charge-finder mirror)"}},{"type":"Feature","geometry":{"type":"Point","coordinates":[-84.2209,33.4806]},"properties":{"name":"FreeWire","network":"FreeWire","stalls":6,"status":"unknown","source":"OpenStreetMap (charge-finder mirror)"}},{"type":"Feature","geometry":{"type":"Point","coordinates":[-92.7581,45.0429]},"properties":{"name":"ZEF Energy","network":"ZEF Energy","status":"unknown","source":"OpenStreetMap (charge-finder mirror)"}},{"type":"Feature","geometry":{"type":"Point","coordinates":[-122.0047,37.5228]},"properties":{"name":"ChargeNet","network":"ChargeNet","stalls":6,"status":"unknown","source":"OpenStreetMap (charge-finder mirror)"}},{"type":"Feature","geometry":{"type":"Point","coordinates":[-123.9491,45.0191]},"properties":{"name":"ChargePoint","network":"ChargePoint","status":"unknown","source":"OpenStreetMap (charge-finder mirror)"}},{"type":"Feature","geometry":{"type":"Point","coordinates":[-82.0793,33.465]},"properties":{"name":"EV charging","network":"EV charging","status":"unknown","source":"OpenStreetMap (charge-finder mirror)"}},{"type":"Feature","geometry":{"type":"Point","coordinates":[-82.0792,33.4648]},"properties":{"name":"EV charging","network":"EV charging","status":"unknown","source":"OpenStreetMap (charge-finder mirror)"}},{"type":"Feature","geometry":{"type":"Point","coordinates":[-82.0789,33.4646]},"properties":{"name":"EV charging","network":"EV charging","status":"unknown","source":"OpenStreetMap (charge-finder mirror)"}},{"type":"Feature","geometry":{"type":"Point","coordinates":[-80.8896,35.159]},"properties":{"name":"EV charging","network":"EV charging","status":"unknown","source":"OpenStreetMap (charge-finder mirror)"}},{"type":"Feature","geometry":{"type":"Point","coordinates":[-82.6287,35.5651]},"properties":{"name":"EV charging","network":"EV charging","stalls":2,"status":"unknown","source":"OpenStreetMap (charge-finder mirror)"}},{"type":"Feature","geometry":{"type":"Point","coordinates":[-118.3946,33.8723]},"properties":{"name":"EVgo","network":"EVgo","stalls":2,"status":"unknown","source":"OpenStreetMap (charge-finder mirror)"}},{"type":"Feature","geometry":{"type":"Point","coordinates":[-122.4299,37.4626]},"properties":{"name":"ChargePoint","network":"ChargePoint","stalls":2,"status":"unknown","source":"OpenStreetMap (charge-finder mirror)"}},{"type":"Feature","geometry":{"type":"Point","coordinates":[-122.4288,37.4646]},"properties":{"name":"ChargePoint","network":"ChargePoint","stalls":2,"status":"unknown","source":"OpenStreetMap (charge-finder mirror)"}},{"type":"Feature","geometry":{"type":"Point","coordinates":[-123.8244,46.1829]},"properties":{"name":"EVconnect","network":"EV charging","status":"unknown","source":"OpenStreetMap (charge-finder mirror)"}},{"type":"Feature","geometry":{"type":"Point","coordinates":[-98.6167,31.8981]},"properties":{"name":"EV Connect","network":"EV Connect","status":"unknown","source":"OpenStreetMap (charge-finder mirror)"}},{"type":"Feature","geometry":{"type":"Point","coordinates":[-75.6492,39.695]},"properties":{"name":"ChargePoint","network":"ChargePoint","status":"unknown","source":"OpenStreetMap (charge-finder mirror)"}},{"type":"Feature","geometry":{"type":"Point","coordinates":[-76.9254,40.4553]},"properties":{"name":"Volta","network":"Volta","status":"unknown","source":"OpenStreetMap (charge-finder mirror)"}},{"type":"Feature","geometry":{"type":"Point","coordinates":[-105.1488,39.6084]},"properties":{"name":"Electrify America","network":"Electrify America","stalls":3,"status":"unknown","source":"OpenStreetMap (charge-finder mirror)"}},{"type":"Feature","geometry":{"type":"Point","coordinates":[-122.4651,37.7748]},"properties":{"name":"EV charging","network":"EV charging","status":"unknown","source":"OpenStreetMap (charge-finder mirror)"}},{"type":"Feature","geometry":{"type":"Point","coordinates":[-122.4651,37.7751]},"properties":{"name":"EV charging","network":"EV charging","status":"unknown","source":"OpenStreetMap (charge-finder mirror)"}},{"type":"Feature","geometry":{"type":"Point","coordinates":[-71.7233,42.2467]},"properties":{"name":"EVgo","network":"EVgo","status":"unknown","source":"OpenStreetMap (charge-finder mirror)"}},{"type":"Feature","geometry":{"type":"Point","coordinates":[-123.8439,45.4832]},"properties":{"name":"EV charging","network":"EV charging","status":"unknown","source":"OpenStreetMap (charge-finder mirror)"}},{"type":"Feature","geometry":{"type":"Point","coordinates":[-123.842,45.4502]},"properties":{"name":"ChargePoint","network":"ChargePoint","status":"unknown","source":"OpenStreetMap (charge-finder mirror)"}},{"type":"Feature","geometry":{"type":"Point","coordinates":[-73.6536,45.5676]},"properties":{"name":"Circuit \u00e9lectrique","network":"Circuit \u00e9lectrique","stalls":2,"status":"unknown","source":"OpenStreetMap (charge-finder mirror)"}},{"type":"Feature","geometry":{"type":"Point","coordinates":[-72.2786,43.7002]},"properties":{"name":"ChargePoint","network":"ChargePoint","stalls":2,"status":"unknown","source":"OpenStreetMap (charge-finder mirror)"}},{"type":"Feature","geometry":{"type":"Point","coordinates":[-77.2253,38.8661]},"properties":{"name":"eVgo Network","network":"eVgo Network","status":"24/7","source":"OpenStreetMap (charge-finder mirror)"}},{"type":"Feature","geometry":{"type":"Point","coordinates":[-77.1722,38.8801]},"properties":{"name":"eVgo Network","network":"eVgo Network","status":"24/7","source":"OpenStreetMap (charge-finder mirror)"}},{"type":"Feature","geometry":{"type":"Point","coordinates":[-77.2013,38.9225]},"properties":{"name":"eVgo Network","network":"eVgo Network","status":"24/7","source":"OpenStreetMap (charge-finder mirror)"}},{"type":"Feature","geometry":{"type":"Point","coordinates":[-120.6726,35.2574]},"properties":{"name":"EV charging","network":"EV charging","status":"unknown","source":"OpenStreetMap (charge-finder mirror)"}},{"type":"Feature","geometry":{"type":"Point","coordinates":[-123.8448,45.4569]},"properties":{"name":"EV charging","network":"EV charging","status":"unknown","source":"OpenStreetMap (charge-finder mirror)"}},{"type":"Feature","geometry":{"type":"Point","coordinates":[-105.1584,38.9418]},"properties":{"name":"ChargePoint","network":"ChargePoint","stalls":2,"status":"unknown","source":"OpenStreetMap (charge-finder mirror)"}},{"type":"Feature","geometry":{"type":"Point","coordinates":[-75.751,39.6824]},"properties":{"name":"ChargePoint","network":"ChargePoint","status":"unknown","source":"OpenStreetMap (charge-finder mirror)"}},{"type":"Feature","geometry":{"type":"Point","coordinates":[-118.3956,33.8871]},"properties":{"name":"ChargePoint","network":"ChargePoint","stalls":1,"status":"unknown","source":"OpenStreetMap (charge-finder mirror)"}},{"type":"Feature","geometry":{"type":"Point","coordinates":[-104.8826,39.5936]},"properties":{"name":"Electrify America - Target T0147","network":"Electrify America","stalls":4,"status":"unknown","source":"OpenStreetMap (charge-finder mirror)"}},{"type":"Feature","geometry":{"type":"Point","coordinates":[-76.8053,39.2722]},"properties":{"name":"EVsmart","network":"EVsmart","stalls":4,"status":"unknown","source":"OpenStreetMap (charge-finder mirror)"}},{"type":"Feature","geometry":{"type":"Point","coordinates":[-117.1167,32.6786]},"properties":{"name":"ChargePoint","network":"ChargePoint","stalls":2,"status":"unknown","source":"OpenStreetMap"}},{"type":"Feature","geometry":{"type":"Point","coordinates":[-118.412,34.2617]},"properties":{"name":"EV charging","network":"EV charging","status":"unknown","source":"OpenStreetMap"}},{"type":"Feature","geometry":{"type":"Point","coordinates":[-115.1783,36.0892]},"properties":{"name":"EV charging","network":"EV charging","status":"unknown","source":"OpenStreetMap"}},{"type":"Feature","geometry":{"type":"Point","coordinates":[-117.1786,34.0571]},"properties":{"name":"Electrify America","network":"Electrify America","stalls":4,"status":"24/7","source":"OpenStreetMap"}},{"type":"Feature","geometry":{"type":"Point","coordinates":[-117.8337,33.6709]},"properties":{"name":"eVgo","network":"EVgo","status":"unknown","source":"OpenStreetMap"}},{"type":"Feature","geometry":{"type":"Point","coordinates":[-118.3941,33.895]},"properties":{"name":"ChargePoint","network":"ChargePoint","stalls":3,"status":"unknown","source":"OpenStreetMap"}},{"type":"Feature","geometry":{"type":"Point","coordinates":[-120.6635,35.3026]},"properties":{"name":"ChargePoint","network":"ChargePoint","stalls":4,"status":"unknown","source":"OpenStreetMap"}},{"type":"Feature","geometry":{"type":"Point","coordinates":[-119.9602,35.989]},"properties":{"name":"Electrify America","network":"Electrify America","stalls":10,"status":"unknown","source":"OpenStreetMap"}},{"type":"Feature","geometry":{"type":"Point","coordinates":[-115.0334,36.0621]},"properties":{"name":"Electrify America","network":"Electrify America","stalls":8,"status":"unknown","source":"OpenStreetMap"}},{"type":"Feature","geometry":{"type":"Point","coordinates":[-112.4554,34.5476]},"properties":{"name":"Blink","network":"Blink","status":"unknown","source":"OpenStreetMap"}},{"type":"Feature","geometry":{"type":"Point","coordinates":[-111.7735,34.8443]},"properties":{"name":"Poco Diablo Resort","network":"Poco Diablo Resort","stalls":4,"status":"unknown","source":"OpenStreetMap"}},{"type":"Feature","geometry":{"type":"Point","coordinates":[-117.0937,33.4523]},"properties":{"name":"Electric car Chargers","network":"EV charging","status":"unknown","source":"OpenStreetMap"}},{"type":"Feature","geometry":{"type":"Point","coordinates":[-111.7141,33.6009]},"properties":{"name":"ChargePoint","network":"ChargePoint","stalls":2,"status":"unknown","source":"OpenStreetMap"}},{"type":"Feature","geometry":{"type":"Point","coordinates":[-116.9673,32.563]},"properties":{"name":"EV charging","network":"EV charging","status":"unknown","source":"OpenStreetMap"}},{"type":"Feature","geometry":{"type":"Point","coordinates":[-116.9673,32.5628]},"properties":{"name":"EV charging","network":"EV charging","status":"unknown","source":"OpenStreetMap"}},{"type":"Feature","geometry":{"type":"Point","coordinates":[-116.9673,32.5628]},"properties":{"name":"EV charging","network":"EV charging","status":"unknown","source":"OpenStreetMap"}},{"type":"Feature","geometry":{"type":"Point","coordinates":[-118.4209,34.2456]},"properties":{"name":"EVgo","network":"EVgo","stalls":4,"status":"unknown","source":"OpenStreetMap"}},{"type":"Feature","geometry":{"type":"Point","coordinates":[-116.8113,33.9267]},"properties":{"name":"Electrify America","network":"Electrify America","status":"unknown","source":"OpenStreetMap"}},{"type":"Feature","geometry":{"type":"Point","coordinates":[-116.8113,33.9267]},"properties":{"name":"Electrify America","network":"Electrify America","status":"unknown","source":"OpenStreetMap"}},{"type":"Feature","geometry":{"type":"Point","coordinates":[-116.8113,33.9268]},"properties":{"name":"EVgo","network":"EVgo","status":"unknown","source":"OpenStreetMap"}},{"type":"Feature","geometry":{"type":"Point","coordinates":[-118.1097,33.7551]},"properties":{"name":"ChargePoint","network":"ChargePoint","status":"unknown","source":"OpenStreetMap"}},{"type":"Feature","geometry":{"type":"Point","coordinates":[-118.1114,33.7572]},"properties":{"name":"ChargePoint","network":"ChargePoint","status":"unknown","source":"OpenStreetMap"}},{"type":"Feature","geometry":{"type":"Point","coordinates":[-118.4816,34.0069]},"properties":{"name":"EV charging","network":"EV charging","status":"unknown","source":"OpenStreetMap"}},{"type":"Feature","geometry":{"type":"Point","coordinates":[-112.049,33.4362]},"properties":{"name":"Blink","network":"Blink","status":"unknown","source":"OpenStreetMap"}},{"type":"Feature","geometry":{"type":"Point","coordinates":[-117.9734,33.9805]},"properties":{"name":"EV charging","network":"EV charging","status":"unknown","source":"OpenStreetMap"}},{"type":"Feature","geometry":{"type":"Point","coordinates":[-118.3965,33.8835]},"properties":{"name":"Shell Recharge Solutions","network":"Shell Recharge Solutions","stalls":1,"status":"unknown","source":"OpenStreetMap"}},{"type":"Feature","geometry":{"type":"Point","coordinates":[-117.7019,33.466]},"properties":{"name":"EV charging","network":"EV charging","stalls":2,"status":"unknown","source":"OpenStreetMap"}},{"type":"Feature","geometry":{"type":"Point","coordinates":[-115.103,36.0144]},"properties":{"name":"ChargePoint","network":"ChargePoint","stalls":2,"status":"unknown","source":"OpenStreetMap"}},{"type":"Feature","geometry":{"type":"Point","coordinates":[-111.9715,33.3402]},"properties":{"name":"ChargePoint","network":"ChargePoint","stalls":4,"status":"unknown","source":"OpenStreetMap"}},{"type":"Feature","geometry":{"type":"Point","coordinates":[-112.7203,33.9683]},"properties":{"name":"EV LOOP","network":"EV LOOP","stalls":3,"status":"unknown","source":"OpenStreetMap"}},{"type":"Feature","geometry":{"type":"Point","coordinates":[-118.3068,34.1834]},"properties":{"name":"ChargePoint","network":"ChargePoint","stalls":2,"status":"unknown","source":"OpenStreetMap"}},{"type":"Feature","geometry":{"type":"Point","coordinates":[-118.3067,34.1833]},"properties":{"name":"ChargePoint","network":"ChargePoint","stalls":2,"status":"unknown","source":"OpenStreetMap"}},{"type":"Feature","geometry":{"type":"Point","coordinates":[-118.3067,34.1831]},"properties":{"name":"ChargePoint","network":"ChargePoint","stalls":2,"status":"unknown","source":"OpenStreetMap"}},{"type":"Feature","geometry":{"type":"Point","coordinates":[-118.3065,34.1832]},"properties":{"name":"ChargePoint","network":"ChargePoint","stalls":2,"status":"unknown","source":"OpenStreetMap"}},{"type":"Feature","geometry":{"type":"Point","coordinates":[-120.7695,35.8499]},"properties":{"name":"EV charging","network":"EV charging","status":"unknown","source":"OpenStreetMap"}},{"type":"Feature","geometry":{"type":"Point","coordinates":[-117.6476,34.108]},"properties":{"name":"Upland Village Center","network":"Volta","stalls":2,"status":"Mo-Su 06:00-23:59","source":"OpenStreetMap"}},{"type":"Feature","geometry":{"type":"Point","coordinates":[-117.1844,34.0594]},"properties":{"name":"EV charging","network":"EV charging","stalls":18,"status":"24/7","source":"OpenStreetMap"}},{"type":"Feature","geometry":{"type":"Point","coordinates":[-112.1063,33.5305]},"properties":{"name":"Blink","network":"Blink","status":"unknown","source":"OpenStreetMap"}},{"type":"Feature","geometry":{"type":"Point","coordinates":[-112.1348,33.3895]},"properties":{"name":"EVgo","network":"EVgo","status":"unknown","source":"OpenStreetMap"}},{"type":"Feature","geometry":{"type":"Point","coordinates":[-112.1362,33.373]},"properties":{"name":"Blink","network":"Blink","stalls":6,"status":"unknown","source":"OpenStreetMap"}},{"type":"Feature","geometry":{"type":"Point","coordinates":[-112.0744,33.3925]},"properties":{"name":"Blink","network":"Blink","stalls":2,"status":"unknown","source":"OpenStreetMap"}},{"type":"Feature","geometry":{"type":"Point","coordinates":[-118.3955,33.8984]},"properties":{"name":"EVgo","network":"EVgo","status":"unknown","source":"OpenStreetMap"}},{"type":"Feature","geometry":{"type":"Point","coordinates":[-111.9304,33.4351]},"properties":{"name":"ChargePoint","network":"ChargePoint","stalls":2,"status":"unknown","source":"OpenStreetMap"}},{"type":"Feature","geometry":{"type":"Point","coordinates":[-117.6693,35.6238]},"properties":{"name":"EV charging","network":"EV charging","status":"unknown","source":"OpenStreetMap"}},{"type":"Feature","geometry":{"type":"Point","coordinates":[-118.448,34.1542]},"properties":{"name":"EVgo","network":"EVgo","stalls":1,"status":"unknown","source":"OpenStreetMap"}},{"type":"Feature","geometry":{"type":"Point","coordinates":[-112.1226,35.9733]},"properties":{"name":"electrify america","network":"electrify america","stalls":6,"status":"unknown","source":"OpenStreetMap"}},{"type":"Feature","geometry":{"type":"Point","coordinates":[-112.1822,33.6405]},"properties":{"name":"EVgo","network":"EVgo","stalls":6,"status":"24/7","source":"OpenStreetMap"}},{"type":"Feature","geometry":{"type":"Point","coordinates":[-112.1195,33.6101]},"properties":{"name":"EVgo","network":"EVgo","stalls":4,"status":"24/7","source":"OpenStreetMap"}},{"type":"Feature","geometry":{"type":"Point","coordinates":[-119.3916,36.3254]},"properties":{"name":"evconnect","network":"evconnect","stalls":4,"status":"unknown","source":"OpenStreetMap"}},{"type":"Feature","geometry":{"type":"Point","coordinates":[-119.3337,36.2227]},"properties":{"name":"ChargeLab","network":"ChargeLab","stalls":2,"status":"unknown","source":"OpenStreetMap"}},{"type":"Feature","geometry":{"type":"Point","coordinates":[-119.3301,36.1815]},"properties":{"name":"EVConnect","network":"EVConnect","status":"unknown","source":"OpenStreetMap"}},{"type":"Feature","geometry":{"type":"Point","coordinates":[-118.8836,34.1854]},"properties":{"name":"EV charging","network":"EV charging","status":"unknown","source":"OpenStreetMap"}},{"type":"Feature","geometry":{"type":"Point","coordinates":[-118.414,33.9989]},"properties":{"name":"EV charging","network":"EV charging","status":"unknown","source":"OpenStreetMap"}},{"type":"Feature","geometry":{"type":"Point","coordinates":[-117.0841,32.6682]},"properties":{"name":"ChargePoint Charging Station","network":"Charge Point","stalls":10,"status":"24/7","source":"OpenStreetMap"}},{"type":"Feature","geometry":{"type":"Point","coordinates":[-118.3595,34.2372]},"properties":{"name":"JuiceBox","network":"JuiceBox","stalls":9,"status":"unknown","source":"OpenStreetMap"}},{"type":"Feature","geometry":{"type":"Point","coordinates":[-118.927,34.1888]},"properties":{"name":"ChargePoint","network":"ChargePoint","stalls":2,"status":"unknown","source":"OpenStreetMap"}},{"type":"Feature","geometry":{"type":"Point","coordinates":[-118.3289,33.8056]},"properties":{"name":"EV charging","network":"EV charging","status":"unknown","source":"OpenStreetMap"}},{"type":"Feature","geometry":{"type":"Point","coordinates":[-118.0029,36.2739]},"properties":{"name":"Rivian Adventure Network","network":"Rivian Adventure Network","status":"unknown","source":"OpenStreetMap"}},{"type":"Feature","geometry":{"type":"Point","coordinates":[-118.605,34.1912]},"properties":{"name":"EV charging","network":"EV charging","status":"unknown","source":"OpenStreetMap"}},{"type":"Feature","geometry":{"type":"Point","coordinates":[-118.8793,34.2848]},"properties":{"name":"Blink","network":"Blink","stalls":1,"status":"unknown","source":"OpenStreetMap"}},{"type":"Feature","geometry":{"type":"Point","coordinates":[-118.0658,33.8672]},"properties":{"name":"Blink","network":"Blink","stalls":2,"status":"24/7","source":"OpenStreetMap"}},{"type":"Feature","geometry":{"type":"Point","coordinates":[-118.875,34.1903]},"properties":{"name":"ChargePoint","network":"ChargePoint","stalls":1,"status":"unknown","source":"OpenStreetMap"}},{"type":"Feature","geometry":{"type":"Point","coordinates":[-118.3977,33.9575]},"properties":{"name":"Shell Recharge","network":"Shell Recharge","stalls":1,"status":"unknown","source":"OpenStreetMap"}},{"type":"Feature","geometry":{"type":"Point","coordinates":[-111.6843,33.4683]},"properties":{"name":"EVgo","network":"EVgo","stalls":8,"status":"unknown","source":"OpenStreetMap"}},{"type":"Feature","geometry":{"type":"Point","coordinates":[-111.9993,33.4346]},"properties":{"name":"EV charging","network":"EV charging","status":"unknown","source":"OpenStreetMap"}},{"type":"Feature","geometry":{"type":"Point","coordinates":[-118.397,33.8644]},"properties":{"name":"BTCPower","network":"BTCPower","stalls":1,"status":"unknown","source":"OpenStreetMap"}},{"type":"Feature","geometry":{"type":"Point","coordinates":[-118.3904,33.9156]},"properties":{"name":"EV charging","network":"EV charging","status":"unknown","source":"OpenStreetMap"}},{"type":"Feature","geometry":{"type":"Point","coordinates":[-118.3549,33.8391]},"properties":{"name":"Shell Recharge Solutions","network":"Shell Recharge Solutions","stalls":1,"status":"24/7","source":"OpenStreetMap"}},{"type":"Feature","geometry":{"type":"Point","coordinates":[-117.0794,32.5707]},"properties":{"name":"EV charging","network":"EV charging","status":"unknown","source":"OpenStreetMap"}},{"type":"Feature","geometry":{"type":"Point","coordinates":[-117.0795,32.5707]},"properties":{"name":"EV charging","network":"EV charging","status":"unknown","source":"OpenStreetMap"}},{"type":"Feature","geometry":{"type":"Point","coordinates":[-117.0795,32.5707]},"properties":{"name":"EV charging","network":"EV charging","status":"unknown","source":"OpenStreetMap"}},{"type":"Feature","geometry":{"type":"Point","coordinates":[-111.9248,33.4629]},"properties":{"name":"ChargePoint","network":"ChargePoint","status":"unknown","source":"OpenStreetMap"}},{"type":"Feature","geometry":{"type":"Point","coordinates":[-111.9478,33.481]},"properties":{"name":"ChargePoint","network":"ChargePoint","status":"unknown","source":"OpenStreetMap"}},{"type":"Feature","geometry":{"type":"Point","coordinates":[-111.9444,33.4806]},"properties":{"name":"ChargePoint","network":"ChargePoint","status":"unknown","source":"OpenStreetMap"}},{"type":"Feature","geometry":{"type":"Point","coordinates":[-118.369,34.0061]},"properties":{"name":"EV charging","network":"EV charging","stalls":2,"status":"unknown","source":"OpenStreetMap"}},{"type":"Feature","geometry":{"type":"Point","coordinates":[-118.4007,33.8614]},"properties":{"name":"EV charging","network":"EV charging","stalls":2,"status":"unknown","source":"OpenStreetMap"}},{"type":"Feature","geometry":{"type":"Point","coordinates":[-115.1792,36.0988]},"properties":{"name":"ChargePoint","network":"ChargePoint","stalls":6,"status":"unknown","source":"OpenStreetMap"}},{"type":"Feature","geometry":{"type":"Point","coordinates":[-115.1716,35.9993]},"properties":{"name":"Shell","network":"Shell","stalls":5,"status":"unknown","source":"OpenStreetMap"}},{"type":"Feature","geometry":{"type":"Point","coordinates":[-119.3223,36.1082]},"properties":{"name":"Caltrans","network":"Caltrans","stalls":4,"status":"unknown","source":"OpenStreetMap"}},{"type":"Feature","geometry":{"type":"Point","coordinates":[-118.3521,33.8661]},"properties":{"name":"Blink","network":"Blink","stalls":2,"status":"unknown","source":"OpenStreetMap"}},{"type":"Feature","geometry":{"type":"Point","coordinates":[-121.8734,36.5997]},"properties":{"name":"EV charging","network":"EV charging","status":"unknown","source":"OpenStreetMap"}},{"type":"Feature","geometry":{"type":"Point","coordinates":[-117.1826,32.9092]},"properties":{"name":"ChargePoint","network":"ChargePoint","stalls":2,"status":"unknown","source":"OpenStreetMap"}},{"type":"Feature","geometry":{"type":"Point","coordinates":[-117.1876,32.9074]},"properties":{"name":"ChargePoint","network":"ChargePoint","stalls":2,"status":"unknown","source":"OpenStreetMap"}},{"type":"Feature","geometry":{"type":"Point","coordinates":[-117.1861,32.9077]},"properties":{"name":"ChargePoint","network":"ChargePoint","stalls":2,"status":"unknown","source":"OpenStreetMap"}},{"type":"Feature","geometry":{"type":"Point","coordinates":[-117.1929,32.8931]},"properties":{"name":"EVgo","network":"EVgo","stalls":1,"status":"unknown","source":"OpenStreetMap"}},{"type":"Feature","geometry":{"type":"Point","coordinates":[-117.1931,32.8932]},"properties":{"name":"EVgo","network":"EVgo","stalls":1,"status":"unknown","source":"OpenStreetMap"}},{"type":"Feature","geometry":{"type":"Point","coordinates":[-117.194,32.893]},"properties":{"name":"ChargePoint","network":"ChargePoint","stalls":2,"status":"unknown","source":"OpenStreetMap"}},{"type":"Feature","geometry":{"type":"Point","coordinates":[-117.1976,32.8916]},"properties":{"name":"ChargePoint","network":"ChargePoint","stalls":2,"status":"unknown","source":"OpenStreetMap"}},{"type":"Feature","geometry":{"type":"Point","coordinates":[-117.1941,32.8929]},"properties":{"name":"ChargePoint","network":"ChargePoint","stalls":2,"status":"unknown","source":"OpenStreetMap"}},{"type":"Feature","geometry":{"type":"Point","coordinates":[-117.1978,32.8915]},"properties":{"name":"ChargePoint","network":"ChargePoint","stalls":2,"status":"unknown","source":"OpenStreetMap"}},{"type":"Feature","geometry":{"type":"Point","coordinates":[-117.1992,32.8909]},"properties":{"name":"ChargePoint","network":"ChargePoint","stalls":2,"status":"unknown","source":"OpenStreetMap"}},{"type":"Feature","geometry":{"type":"Point","coordinates":[-117.1992,32.8908]},"properties":{"name":"ChargePoint","network":"ChargePoint","stalls":2,"status":"unknown","source":"OpenStreetMap"}},{"type":"Feature","geometry":{"type":"Point","coordinates":[-117.1992,32.8909]},"properties":{"name":"ChargePoint","network":"ChargePoint","stalls":2,"status":"unknown","source":"OpenStreetMap"}},{"type":"Feature","geometry":{"type":"Point","coordinates":[-117.1995,32.8918]},"properties":{"name":"ChargePoint","network":"ChargePoint","stalls":2,"status":"unknown","source":"OpenStreetMap"}},{"type":"Feature","geometry":{"type":"Point","coordinates":[-121.8103,36.6637]},"properties":{"name":"ChargePoint","network":"ChargePoint","stalls":5,"status":"unknown","source":"OpenStreetMap"}},{"type":"Feature","geometry":{"type":"Point","coordinates":[-119.7461,34.4411]},"properties":{"name":"Electrify America","network":"Electrify America","stalls":4,"status":"unknown","source":"OpenStreetMap"}},{"type":"Feature","geometry":{"type":"Point","coordinates":[-118.4666,34.0212]},"properties":{"name":"ChargePoint","network":"ChargePoint","stalls":2,"status":"unknown","source":"OpenStreetMap"}},{"type":"Feature","geometry":{"type":"Point","coordinates":[-118.4666,34.0214]},"properties":{"name":"ChargePoint","network":"ChargePoint","stalls":1,"status":"unknown","source":"OpenStreetMap"}},{"type":"Feature","geometry":{"type":"Point","coordinates":[-118.4665,34.0214]},"properties":{"name":"ChargePoint","network":"ChargePoint","stalls":1,"status":"unknown","source":"OpenStreetMap"}},{"type":"Feature","geometry":{"type":"Point","coordinates":[-118.4664,34.0215]},"properties":{"name":"ChargePoint","network":"ChargePoint","stalls":2,"status":"unknown","source":"OpenStreetMap"}},{"type":"Feature","geometry":{"type":"Point","coordinates":[-121.665,36.6743]},"properties":{"name":"EV charging","network":"EV charging","stalls":1,"status":"unknown","source":"OpenStreetMap"}},{"type":"Feature","geometry":{"type":"Point","coordinates":[-117.3859,34.4251]},"properties":{"name":"ChargePoint","network":"ChargePoint","stalls":4,"status":"unknown","source":"OpenStreetMap"}},{"type":"Feature","geometry":{"type":"Point","coordinates":[-119.292,34.2798]},"properties":{"name":"EV charging","network":"EV charging","stalls":4,"status":"unknown","source":"OpenStreetMap"}},{"type":"Feature","geometry":{"type":"Point","coordinates":[-119.8737,34.4308]},"properties":{"name":"EV charging","network":"EV charging","stalls":2,"status":"unknown","source":"OpenStreetMap"}},{"type":"Feature","geometry":{"type":"Point","coordinates":[-118.2018,33.763]},"properties":{"name":"EV charging","network":"EV charging","stalls":2,"status":"unknown","source":"OpenStreetMap"}},{"type":"Feature","geometry":{"type":"Point","coordinates":[-118.2017,33.7632]},"properties":{"name":"EV charging","network":"EV charging","stalls":2,"status":"unknown","source":"OpenStreetMap"}},{"type":"Feature","geometry":{"type":"Point","coordinates":[-120.69,35.2517]},"properties":{"name":"Electrify America","network":"Electrify America","stalls":10,"status":"unknown","source":"OpenStreetMap"}},{"type":"Feature","geometry":{"type":"Point","coordinates":[-119.2496,34.2673]},"properties":{"name":"Rivian","network":"Rivian","status":"24/7","source":"OpenStreetMap"}},{"type":"Feature","geometry":{"type":"Point","coordinates":[-115.9659,33.678]},"properties":{"name":"ChargePoint","network":"ChargePoint","status":"24/7","source":"OpenStreetMap"}},{"type":"Feature","geometry":{"type":"Point","coordinates":[-118.273,34.0359]},"properties":{"name":"ChargePoint","network":"ChargePoint","status":"24/7","source":"OpenStreetMap"}},{"type":"Feature","geometry":{"type":"Point","coordinates":[-117.6706,33.6805]},"properties":{"name":"Electrify America","network":"Electrify America","stalls":2,"status":"unknown","source":"OpenStreetMap"}},{"type":"Feature","geometry":{"type":"Point","coordinates":[-117.3247,34.4244]},"properties":{"name":"ChargePoint","network":"ChargePoint","stalls":2,"status":"unknown","source":"OpenStreetMap"}},{"type":"Feature","geometry":{"type":"Point","coordinates":[-117.259,33.0494]},"properties":{"name":"Electrify America","network":"Electrify America","stalls":1,"status":"unknown","source":"OpenStreetMap"}},{"type":"Feature","geometry":{"type":"Point","coordinates":[-117.259,33.0494]},"properties":{"name":"Electrify America","network":"Electrify America","stalls":1,"status":"unknown","source":"OpenStreetMap"}},{"type":"Feature","geometry":{"type":"Point","coordinates":[-117.9259,33.9904]},"properties":{"name":"EVgo","network":"EV charging","status":"24/7","source":"OpenStreetMap"}},{"type":"Feature","geometry":{"type":"Point","coordinates":[-118.4665,34.0213]},"properties":{"name":"ChargePoint","network":"ChargePoint","stalls":2,"status":"unknown","source":"OpenStreetMap"}},{"type":"Feature","geometry":{"type":"Point","coordinates":[-118.3768,33.953]},"properties":{"name":"bp pulse","network":"bp pulse","status":"24/7","source":"OpenStreetMap"}},{"type":"Feature","geometry":{"type":"Point","coordinates":[-121.6667,36.7083]},"properties":{"name":"EV charging","network":"EV charging","status":"unknown","source":"OpenStreetMap"}},{"type":"Feature","geometry":{"type":"Point","coordinates":[-117.7992,33.7247]},"properties":{"name":"EV charging","network":"EV charging","stalls":2,"status":"unknown","source":"OpenStreetMap"}},{"type":"Feature","geometry":{"type":"Point","coordinates":[-117.237,32.9992]},"properties":{"name":"EV charging","network":"EV charging","status":"unknown","source":"OpenStreetMap"}},{"type":"Feature","geometry":{"type":"Point","coordinates":[-117.0318,33.7394]},"properties":{"name":"EV charging","network":"EV charging","status":"24/7","source":"OpenStreetMap"}},{"type":"Feature","geometry":{"type":"Point","coordinates":[-117.2024,34.0696]},"properties":{"name":"EV charging","network":"EV charging","status":"24/7","source":"OpenStreetMap"}},{"type":"Feature","geometry":{"type":"Point","coordinates":[-117.7591,33.6947]},"properties":{"name":"Flitway","network":"Flitway","stalls":4,"status":"unknown","source":"OpenStreetMap"}},{"type":"Feature","geometry":{"type":"Point","coordinates":[-117.1942,34.1101]},"properties":{"name":"EV charging","network":"EV charging","status":"24/7","source":"OpenStreetMap"}},{"type":"Feature","geometry":{"type":"Point","coordinates":[-121.6567,36.7141]},"properties":{"name":"EV charging","network":"EV charging","stalls":10,"status":"unknown","source":"OpenStreetMap"}},{"type":"Feature","geometry":{"type":"Point","coordinates":[-111.8769,33.2919]},"properties":{"name":"Xeal Energy","network":"Xeal Energy","stalls":1,"status":"unknown","source":"OpenStreetMap"}},{"type":"Feature","geometry":{"type":"Point","coordinates":[-118.3252,33.8276]},"properties":{"name":"Blink","network":"Blink","stalls":1,"status":"unknown","source":"OpenStreetMap"}},{"type":"Feature","geometry":{"type":"Point","coordinates":[-117.7325,33.6565]},"properties":{"name":"BTCPower","network":"BTCPower","stalls":6,"status":"unknown","source":"OpenStreetMap"}},{"type":"Feature","geometry":{"type":"Point","coordinates":[-117.7324,33.6564]},"properties":{"name":"BTCPower","network":"BTCPower","stalls":6,"status":"unknown","source":"OpenStreetMap"}},{"type":"Feature","geometry":{"type":"Point","coordinates":[-117.7345,33.6564]},"properties":{"name":"EV charging","network":"EV charging","status":"unknown","source":"OpenStreetMap"}},{"type":"Feature","geometry":{"type":"Point","coordinates":[-118.1599,34.0346]},"properties":{"name":"EVCS","network":"EVCS","status":"unknown","source":"OpenStreetMap"}},{"type":"Feature","geometry":{"type":"Point","coordinates":[-121.6193,36.6591]},"properties":{"name":"EV charging","network":"EV charging","status":"unknown","source":"OpenStreetMap"}},{"type":"Feature","geometry":{"type":"Point","coordinates":[-111.8904,33.2794]},"properties":{"name":"ChargePoint","network":"ChargePoint","stalls":2,"status":"unknown","source":"OpenStreetMap"}},{"type":"Feature","geometry":{"type":"Point","coordinates":[-117.2067,32.8992]},"properties":{"name":"Blink","network":"Blink","stalls":1,"status":"unknown","source":"OpenStreetMap"}},{"type":"Feature","geometry":{"type":"Point","coordinates":[-117.2093,32.8976]},"properties":{"name":"ChargePoint","network":"ChargePoint","stalls":2,"status":"unknown","source":"OpenStreetMap"}},{"type":"Feature","geometry":{"type":"Point","coordinates":[-117.2084,32.8997]},"properties":{"name":"ChargePoint","network":"ChargePoint","stalls":8,"status":"unknown","source":"OpenStreetMap"}},{"type":"Feature","geometry":{"type":"Point","coordinates":[-117.2115,32.9002]},"properties":{"name":"ChargePoint","network":"ChargePoint","stalls":18,"status":"unknown","source":"OpenStreetMap"}},{"type":"Feature","geometry":{"type":"Point","coordinates":[-119.0803,34.3457]},"properties":{"name":"EV charging","network":"EV charging","status":"unknown","source":"OpenStreetMap"}},{"type":"Feature","geometry":{"type":"Point","coordinates":[-119.0803,34.3456]},"properties":{"name":"EV charging","network":"EV charging","status":"unknown","source":"OpenStreetMap"}},{"type":"Feature","geometry":{"type":"Point","coordinates":[-117.0913,32.6043]},"properties":{"name":"SkyCharger","network":"SkyCharger","stalls":8,"status":"unknown","source":"OpenStreetMap"}},{"type":"Feature","geometry":{"type":"Point","coordinates":[-117.0417,32.5453]},"properties":{"name":"Electrify America","network":"Electrify America","stalls":6,"status":"unknown","source":"OpenStreetMap"}},{"type":"Feature","geometry":{"type":"Point","coordinates":[-117.1137,32.5844]},"properties":{"name":"Blink","network":"Blink","stalls":3,"status":"unknown","source":"OpenStreetMap"}},{"type":"Feature","geometry":{"type":"Point","coordinates":[-117.8645,34.0196]},"properties":{"name":"She'll","network":"She'll","status":"unknown","source":"OpenStreetMap"}},{"type":"Feature","geometry":{"type":"Point","coordinates":[-118.3962,34.1555]},"properties":{"name":"EVgo 76 Valley Village","network":"EVgo","status":"24/7","source":"OpenStreetMap"}},{"type":"Feature","geometry":{"type":"Point","coordinates":[-118.6391,34.1558]},"properties":{"name":"EVgo","network":"EVgo","stalls":2,"status":"24/7","source":"OpenStreetMap"}},{"type":"Feature","geometry":{"type":"Point","coordinates":[-117.652,33.459]},"properties":{"name":"EVgo","network":"EVgo","stalls":6,"status":"24/7","source":"OpenStreetMap"}},{"type":"Feature","geometry":{"type":"Point","coordinates":[-120.6761,35.2655]},"properties":{"name":"EV charging","network":"EV charging","stalls":2,"status":"unknown","source":"OpenStreetMap"}},{"type":"Feature","geometry":{"type":"Point","coordinates":[-116.4098,34.1255]},"properties":{"name":"ChargePoint","network":"ChargePoint","status":"unknown","source":"OpenStreetMap"}},{"type":"Feature","geometry":{"type":"Point","coordinates":[-119.8293,34.4338]},"properties":{"name":"EV charging","network":"EV charging","status":"unknown","source":"OpenStreetMap"}},{"type":"Feature","geometry":{"type":"Point","coordinates":[-111.653,35.1996]},"properties":{"name":"ChargePoint","network":"ChargePoint","status":"unknown","source":"OpenStreetMap"}},{"type":"Feature","geometry":{"type":"Point","coordinates":[-121.8104,36.6643]},"properties":{"name":"ChargePoint","network":"ChargePoint","stalls":2,"status":"unknown","source":"OpenStreetMap"}},{"type":"Feature","geometry":{"type":"Point","coordinates":[-112.0018,34.7145]},"properties":{"name":"EV charging","network":"EV charging","status":"unknown","source":"OpenStreetMap"}},{"type":"Feature","geometry":{"type":"Point","coordinates":[-110.8197,32.2246]},"properties":{"name":"Blink","network":"Blink","status":"unknown","source":"OpenStreetMap"}},{"type":"Feature","geometry":{"type":"Point","coordinates":[-118.3919,33.9759]},"properties":{"name":"ChargePoint","network":"ChargePoint","status":"unknown","source":"OpenStreetMap"}},{"type":"Feature","geometry":{"type":"Point","coordinates":[-112.5808,33.4359]},"properties":{"name":"Red E","network":"Red E","status":"unknown","source":"OpenStreetMap"}},{"type":"Feature","geometry":{"type":"Point","coordinates":[-114.2388,33.6611]},"properties":{"name":"Rivian Adventure Network","network":"Rivian Adventure Network","status":"unknown","source":"OpenStreetMap"}},{"type":"Feature","geometry":{"type":"Point","coordinates":[-116.2288,33.7412]},"properties":{"name":"Electrify America","network":"Electrify America","status":"unknown","source":"OpenStreetMap"}},{"type":"Feature","geometry":{"type":"Point","coordinates":[-114.9004,33.6099]},"properties":{"name":"ChargePoint","network":"ChargePoint","status":"unknown","source":"OpenStreetMap"}},{"type":"Feature","geometry":{"type":"Point","coordinates":[-114.5208,32.6709]},"properties":{"name":"Circle K","network":"Circle K","status":"unknown","source":"OpenStreetMap"}},{"type":"Feature","geometry":{"type":"Point","coordinates":[-118.1694,33.7968]},"properties":{"name":"ChargingPoint","network":"ChargingPoint","stalls":2,"status":"unknown","source":"OpenStreetMap"}},{"type":"Feature","geometry":{"type":"Point","coordinates":[-118.0734,33.9731]},"properties":{"name":"EVgo","network":"EVgo","stalls":6,"status":"unknown","source":"OpenStreetMap"}},{"type":"Feature","geometry":{"type":"Point","coordinates":[-118.0382,33.9816]},"properties":{"name":"ChargePoint","network":"ChargePoint","stalls":7,"status":"unknown","source":"OpenStreetMap"}},{"type":"Feature","geometry":{"type":"Point","coordinates":[-120.6635,35.3027]},"properties":{"name":"ChargePoint","network":"ChargePoint","stalls":4,"status":"unknown","source":"OpenStreetMap"}},{"type":"Feature","geometry":{"type":"Point","coordinates":[-116.5971,33.0767]},"properties":{"name":"ChargePoint","network":"ChargePoint","status":"unknown","source":"OpenStreetMap"}},{"type":"Feature","geometry":{"type":"Point","coordinates":[-121.5342,36.8415]},"properties":{"name":"Amps EV","network":"Amps EV","stalls":10,"status":"unknown","source":"OpenStreetMap"}},{"type":"Feature","geometry":{"type":"Point","coordinates":[-110.9607,29.0669]},"properties":{"name":"Electrolinera P\u00fablica del Estado de Sonora","network":"Electrolinera P\u00fablica del Estado de Sonora","stalls":10,"status":"unknown","source":"OpenStreetMap"}},{"type":"Feature","geometry":{"type":"Point","coordinates":[-117.9186,33.6694]},"properties":{"name":"Rove","network":"EV charging","status":"24/7","source":"OpenStreetMap"}},{"type":"Feature","geometry":{"type":"Point","coordinates":[-118.4456,33.9771]},"properties":{"name":"EV charging","network":"EV charging","status":"unknown","source":"OpenStreetMap"}},{"type":"Feature","geometry":{"type":"Point","coordinates":[-117.6696,35.6103]},"properties":{"name":"EV charging","network":"EV charging","status":"unknown","source":"OpenStreetMap"}},{"type":"Feature","geometry":{"type":"Point","coordinates":[-118.4815,34.0273]},"properties":{"name":"Electrify America Santa Monica","network":"EV charging","status":"unknown","source":"OpenStreetMap"}},{"type":"Feature","geometry":{"type":"Point","coordinates":[-112.2639,33.5327]},"properties":{"name":"ChargePoint","network":"ChargePoint","stalls":2,"status":"unknown","source":"OpenStreetMap"}},{"type":"Feature","geometry":{"type":"Point","coordinates":[-117.8823,33.9127]},"properties":{"name":"EV charging","network":"EV charging","status":"unknown","source":"OpenStreetMap"}},{"type":"Feature","geometry":{"type":"Point","coordinates":[-117.8075,34.1052]},"properties":{"name":"ChargePoint","network":"ChargePoint","stalls":2,"status":"unknown","source":"OpenStreetMap"}},{"type":"Feature","geometry":{"type":"Point","coordinates":[-118.4274,33.9965]},"properties":{"name":"Electrify America","network":"Electrify America","status":"unknown","source":"OpenStreetMap"}},{"type":"Feature","geometry":{"type":"Point","coordinates":[-116.7544,32.8347]},"properties":{"name":"EVgo","network":"EVgo","stalls":6,"status":"unknown","source":"OpenStreetMap"}},{"type":"Feature","geometry":{"type":"Point","coordinates":[-111.8923,33.28]},"properties":{"name":"Loop","network":"Loop","stalls":1,"status":"unknown","source":"OpenStreetMap"}},{"type":"Feature","geometry":{"type":"Point","coordinates":[-117.0037,34.8913]},"properties":{"name":"Coral Charge","network":"Coral Charge","stalls":6,"status":"unknown","source":"OpenStreetMap"}},{"type":"Feature","geometry":{"type":"Point","coordinates":[-118.4712,34.0175]},"properties":{"name":"Santa Monica College","network":"EV charging","status":"unknown","source":"OpenStreetMap"}},{"type":"Feature","geometry":{"type":"Point","coordinates":[-111.667,35.1758]},"properties":{"name":"Rivian Adventure Network","network":"EV charging","status":"unknown","source":"OpenStreetMap"}},{"type":"Feature","geometry":{"type":"Point","coordinates":[-117.5941,33.64]},"properties":{"name":"Jolt","network":"Jolt","status":"unknown","source":"OpenStreetMap"}},{"type":"Feature","geometry":{"type":"Point","coordinates":[-106.0231,35.6319]},"properties":{"name":"ChargePoint","network":"ChargePoint","stalls":2,"status":"unknown","source":"OpenStreetMap"}},{"type":"Feature","geometry":{"type":"Point","coordinates":[-97.0867,33.0728]},"properties":{"name":"Blink","network":"Blink","stalls":3,"status":"24/7","source":"OpenStreetMap"}},{"type":"Feature","geometry":{"type":"Point","coordinates":[-97.3491,32.7516]},"properties":{"name":"Schneider Electric","network":"Schneider Electric","stalls":1,"status":"unknown","source":"OpenStreetMap"}},{"type":"Feature","geometry":{"type":"Point","coordinates":[-97.3509,32.7521]},"properties":{"name":"ChargePoint","network":"ChargePoint","stalls":1,"status":"24/7","source":"OpenStreetMap"}},{"type":"Feature","geometry":{"type":"Point","coordinates":[-97.7024,30.3047]},"properties":{"name":"AISD Performing Arts Center","network":"ChargePoint","stalls":5,"status":"unknown","source":"OpenStreetMap"}},{"type":"Feature","geometry":{"type":"Point","coordinates":[-97.7194,30.3867]},"properties":{"name":"ChargePoint","network":"ChargePoint","stalls":2,"status":"24/7","source":"OpenStreetMap"}},{"type":"Feature","geometry":{"type":"Point","coordinates":[-97.7195,30.3867]},"properties":{"name":"ChargePoint","network":"ChargePoint","stalls":2,"status":"24/7","source":"OpenStreetMap"}},{"type":"Feature","geometry":{"type":"Point","coordinates":[-96.9627,32.918]},"properties":{"name":"Blink","network":"Blink","stalls":4,"status":"unknown","source":"OpenStreetMap"}},{"type":"Feature","geometry":{"type":"Point","coordinates":[-97.3463,32.7869]},"properties":{"name":"Hotel Drover ChargePoint","network":"ChargePoint","stalls":4,"status":"unknown","source":"OpenStreetMap"}},{"type":"Feature","geometry":{"type":"Point","coordinates":[-96.8069,32.7861]},"properties":{"name":"Perot Museum of Nature and Science","network":"Schneider Electric","stalls":2,"status":"unknown","source":"OpenStreetMap"}},{"type":"Feature","geometry":{"type":"Point","coordinates":[-97.0091,32.673]},"properties":{"name":"Volta","network":"Volta","stalls":2,"status":"unknown","source":"OpenStreetMap"}},{"type":"Feature","geometry":{"type":"Point","coordinates":[-96.9132,32.9103]},"properties":{"name":"Blink","network":"Blink","stalls":4,"status":"unknown","source":"OpenStreetMap"}},{"type":"Feature","geometry":{"type":"Point","coordinates":[-95.5644,29.7375]},"properties":{"name":"Phillips 66","network":"Phillips 66","stalls":6,"status":"unknown","source":"OpenStreetMap"}},{"type":"Feature","geometry":{"type":"Point","coordinates":[-96.9699,32.9014]},"properties":{"name":"EV charging","network":"EV charging","status":"unknown","source":"OpenStreetMap"}},{"type":"Feature","geometry":{"type":"Point","coordinates":[-95.4537,30.1632]},"properties":{"name":"Volta","network":"Volta","status":"unknown","source":"OpenStreetMap"}},{"type":"Feature","geometry":{"type":"Point","coordinates":[-95.458,30.1644]},"properties":{"name":"Volta","network":"Volta","status":"unknown","source":"OpenStreetMap"}},{"type":"Feature","geometry":{"type":"Point","coordinates":[-107.6408,31.8303]},"properties":{"name":"ChargePoint","network":"ChargePoint","stalls":2,"status":"unknown","source":"OpenStreetMap"}},{"type":"Feature","geometry":{"type":"Point","coordinates":[-97.7199,30.4016]},"properties":{"name":"EV charging","network":"EV charging","status":"unknown","source":"OpenStreetMap"}},{"type":"Feature","geometry":{"type":"Point","coordinates":[-96.8503,32.9528]},"properties":{"name":"ChargePoint","network":"ChargePoint","status":"unknown","source":"OpenStreetMap"}},{"type":"Feature","geometry":{"type":"Point","coordinates":[-98.5738,29.5299]},"properties":{"name":"USAA","network":"USAA","stalls":4,"status":"unknown","source":"OpenStreetMap"}},{"type":"Feature","geometry":{"type":"Point","coordinates":[-98.5774,29.5396]},"properties":{"name":"EV charging","network":"EV charging","stalls":8,"status":"unknown","source":"OpenStreetMap"}},{"type":"Feature","geometry":{"type":"Point","coordinates":[-97.7271,30.4113]},"properties":{"name":"EV charging","network":"EV charging","status":"unknown","source":"OpenStreetMap"}},{"type":"Feature","geometry":{"type":"Point","coordinates":[-96.4588,32.8989]},"properties":{"name":"Shell Recharge","network":"Shell Recharge","stalls":1,"status":"unknown","source":"OpenStreetMap"}},{"type":"Feature","geometry":{"type":"Point","coordinates":[-96.9917,32.9882]},"properties":{"name":"Shell Recharge","network":"Shell Recharge","stalls":1,"status":"24/7","source":"OpenStreetMap"}},{"type":"Feature","geometry":{"type":"Point","coordinates":[-103.7018,35.1583]},"properties":{"name":"Electrify America","network":"Electrify America","stalls":8,"status":"unknown","source":"OpenStreetMap"}},{"type":"Feature","geometry":{"type":"Point","coordinates":[-98.7037,29.7573]},"properties":{"name":"BEC - Fairfield Inn & Suites","network":"ZEF Energy","status":"unknown","source":"OpenStreetMap"}},{"type":"Feature","geometry":{"type":"Point","coordinates":[-96.9854,33.018]},"properties":{"name":"Universal EV","network":"Universal EV","stalls":2,"status":"unknown","source":"OpenStreetMap"}},{"type":"Feature","geometry":{"type":"Point","coordinates":[-97.6576,30.5633]},"properties":{"name":"ChargePoint","network":"ChargePoint","stalls":2,"status":"unknown","source":"OpenStreetMap"}},{"type":"Feature","geometry":{"type":"Point","coordinates":[-95.9814,35.4394]},"properties":{"name":"Francis","network":"Francis","stalls":2,"status":"unknown","source":"OpenStreetMap"}},{"type":"Feature","geometry":{"type":"Point","coordinates":[-97.2955,26.0934]},"properties":{"name":"EV charging","network":"EV charging","status":"unknown","source":"OpenStreetMap"}},{"type":"Feature","geometry":{"type":"Point","coordinates":[-95.8542,36.0595]},"properties":{"name":"SemaConnect","network":"SemaConnect","stalls":2,"status":"unknown","source":"OpenStreetMap"}},{"type":"Feature","geometry":{"type":"Point","coordinates":[-97.6735,30.4051]},"properties":{"name":"EVgo","network":"EVgo","stalls":8,"status":"unknown","source":"OpenStreetMap"}},{"type":"Feature","geometry":{"type":"Point","coordinates":[-101.8491,34.7468]},"properties":{"name":"Impower Connection","network":"Impower Connection","status":"unknown","source":"OpenStreetMap"}},{"type":"Feature","geometry":{"type":"Point","coordinates":[-95.3958,29.6892]},"properties":{"name":"ChargePoint","network":"ChargePoint","status":"unknown","source":"OpenStreetMap"}},{"type":"Feature","geometry":{"type":"Point","coordinates":[-97.8263,30.5677]},"properties":{"name":"Xeal","network":"Xeal","stalls":2,"status":"unknown","source":"OpenStreetMap"}},{"type":"Feature","geometry":{"type":"Point","coordinates":[-97.3507,32.7516]},"properties":{"name":"Schneider Electric","network":"Schneider Electric","stalls":1,"status":"unknown","source":"OpenStreetMap"}},{"type":"Feature","geometry":{"type":"Point","coordinates":[-96.8327,33.1075]},"properties":{"name":"EV charging","network":"EV charging","stalls":4,"status":"unknown","source":"OpenStreetMap"}},{"type":"Feature","geometry":{"type":"Point","coordinates":[-96.2938,32.9798]},"properties":{"name":"ChargePoint","network":"ChargePoint","stalls":10,"status":"unknown","source":"OpenStreetMap"}},{"type":"Feature","geometry":{"type":"Point","coordinates":[-105.8077,36.0431]},"properties":{"name":"Loop Tritium","network":"Loop Tritium","status":"unknown","source":"OpenStreetMap"}},{"type":"Feature","geometry":{"type":"Point","coordinates":[-97.0594,32.8239]},"properties":{"name":"Electrify America","network":"Electrify America","stalls":6,"status":"unknown","source":"OpenStreetMap"}},{"type":"Feature","geometry":{"type":"Point","coordinates":[-95.6458,29.7183]},"properties":{"name":"Graviti Energy","network":"Graviti Energy","status":"24/7","source":"OpenStreetMap"}},{"type":"Feature","geometry":{"type":"Point","coordinates":[-95.5642,29.7939]},"properties":{"name":"Graviti Energy","network":"Graviti Energy","status":"24/7","source":"OpenStreetMap"}},{"type":"Feature","geometry":{"type":"Point","coordinates":[-96.7536,32.9862]},"properties":{"name":"Graviti Energy","network":"Graviti Energy","status":"24/7","source":"OpenStreetMap"}},{"type":"Feature","geometry":{"type":"Point","coordinates":[-96.7497,32.984]},"properties":{"name":"Graviti Energy","network":"Graviti Energy","status":"24/7","source":"OpenStreetMap"}},{"type":"Feature","geometry":{"type":"Point","coordinates":[-98.5671,29.5391]},"properties":{"name":"Graviti Energy","network":"Graviti Energy","status":"24/7","source":"OpenStreetMap"}},{"type":"Feature","geometry":{"type":"Point","coordinates":[-95.6064,29.8979]},"properties":{"name":"Graviti Energy","network":"Graviti Energy","status":"24/7","source":"OpenStreetMap"}},{"type":"Feature","geometry":{"type":"Point","coordinates":[-95.2804,29.982]},"properties":{"name":"Graviti Energy","network":"Graviti Energy","status":"24/7","source":"OpenStreetMap"}},{"type":"Feature","geometry":{"type":"Point","coordinates":[-95.2959,29.9427]},"properties":{"name":"Graviti Energy","network":"Graviti Energy","status":"24/7","source":"OpenStreetMap"}},{"type":"Feature","geometry":{"type":"Point","coordinates":[-97.1027,33.1805]},"properties":{"name":"Mercedes-Benz","network":"Mercedes-Benz","status":"24/7","source":"OpenStreetMap"}},{"type":"Feature","geometry":{"type":"Point","coordinates":[-109.8407,32.2642]},"properties":{"name":"IONNA","network":"IONNA","stalls":10,"status":"24/7","source":"OpenStreetMap"}},{"type":"Feature","geometry":{"type":"Point","coordinates":[-96.4475,32.0413]},"properties":{"name":"IONNA","network":"IONNA","stalls":10,"status":"24/7","source":"OpenStreetMap"}},{"type":"Feature","geometry":{"type":"Point","coordinates":[-99.0713,29.724]},"properties":{"name":"ChargeLab","network":"ChargeLab","status":"24/7","source":"OpenStreetMap"}},{"type":"Feature","geometry":{"type":"Point","coordinates":[-96.2318,30.5348]},"properties":{"name":"ChargePoint","network":"EV charging","status":"24/7","source":"OpenStreetMap"}},{"type":"Feature","geometry":{"type":"Point","coordinates":[-96.6988,32.9982]},"properties":{"name":"EV charging","network":"EV charging","status":"24/7","source":"OpenStreetMap"}},{"type":"Feature","geometry":{"type":"Point","coordinates":[-106.044,35.011]},"properties":{"name":"EV charging","network":"EV charging","status":"24/7","source":"OpenStreetMap"}},{"type":"Feature","geometry":{"type":"Point","coordinates":[-97.9649,30.3451]},"properties":{"name":"AmpUp Charging Station","network":"AmpUp","status":"unknown","source":"OpenStreetMap"}},{"type":"Feature","geometry":{"type":"Point","coordinates":[-95.0002,29.8013]},"properties":{"name":"EV charging","network":"EV charging","status":"24/7","source":"OpenStreetMap"}},{"type":"Feature","geometry":{"type":"Point","coordinates":[-97.7044,31.0843]},"properties":{"name":"EV charging","network":"EV charging","status":"24/7","source":"OpenStreetMap"}},{"type":"Feature","geometry":{"type":"Point","coordinates":[-97.5481,35.5226]},"properties":{"name":"EV charging","network":"EV charging","status":"24/7","source":"OpenStreetMap"}},{"type":"Feature","geometry":{"type":"Point","coordinates":[-107.249,33.1564]},"properties":{"name":"EV charging","network":"EV charging","status":"24/7","source":"OpenStreetMap"}},{"type":"Feature","geometry":{"type":"Point","coordinates":[-96.7115,33.0279]},"properties":{"name":"EV charging","network":"EV charging","status":"24/7","source":"OpenStreetMap"}},{"type":"Feature","geometry":{"type":"Point","coordinates":[-96.8117,32.928]},"properties":{"name":"EVgo","network":"EVgo","stalls":4,"status":"unknown","source":"OpenStreetMap"}},{"type":"Feature","geometry":{"type":"Point","coordinates":[-95.9975,36.1476]},"properties":{"name":"La Quinta Downtown Tulsa","network":"La Quinta Downtown Tulsa","stalls":2,"status":"unknown","source":"OpenStreetMap"}},{"type":"Feature","geometry":{"type":"Point","coordinates":[-96.7708,32.8891]},"properties":{"name":"Hyperfuel","network":"Hyperfuel","stalls":8,"status":"unknown","source":"OpenStreetMap"}},{"type":"Feature","geometry":{"type":"Point","coordinates":[-97.4809,35.4594]},"properties":{"name":"Blink","network":"Blink","stalls":16,"status":"unknown","source":"OpenStreetMap"}},{"type":"Feature","geometry":{"type":"Point","coordinates":[-97.964,34.3702]},"properties":{"name":"City of Comanche  EV Charging Station","network":"EV Connect","stalls":1,"status":"24/7","source":"OpenStreetMap"}},{"type":"Feature","geometry":{"type":"Point","coordinates":[-106.5661,35.104]},"properties":{"name":"Electrify America","network":"Electrify America","status":"24/7","source":"OpenStreetMap"}},{"type":"Feature","geometry":{"type":"Point","coordinates":[-96.6971,32.8389]},"properties":{"name":"EVgo","network":"EVgo","status":"unknown","source":"OpenStreetMap"}},{"type":"Feature","geometry":{"type":"Point","coordinates":[-108.77,35.5275]},"properties":{"name":"Electrify America","network":"Electrify America","stalls":4,"status":"unknown","source":"OpenStreetMap"}},{"type":"Feature","geometry":{"type":"Point","coordinates":[-96.9527,32.9069]},"properties":{"name":"7-Eleven","network":"7-Eleven","status":"unknown","source":"OpenStreetMap"}},{"type":"Feature","geometry":{"type":"Point","coordinates":[-96.9518,32.5932]},"properties":{"name":"Blink","network":"Blink","status":"unknown","source":"OpenStreetMap"}},{"type":"Feature","geometry":{"type":"Point","coordinates":[-96.4226,36.8465]},"properties":{"name":"Rivian Waypoints","network":"Rivian Waypoints","stalls":2,"status":"unknown","source":"OpenStreetMap"}},{"type":"Feature","geometry":{"type":"Point","coordinates":[-97.0625,33.044]},"properties":{"name":"EV Pass Port","network":"EV Pass Port","stalls":4,"status":"unknown","source":"OpenStreetMap"}},{"type":"Feature","geometry":{"type":"Point","coordinates":[-106.7252,35.0779]},"properties":{"name":"ChargePoint","network":"ChargePoint","status":"unknown","source":"OpenStreetMap"}},{"type":"Feature","geometry":{"type":"Point","coordinates":[-109.9159,31.4423]},"properties":{"name":"EV charging","network":"EV charging","stalls":4,"status":"unknown","source":"OpenStreetMap"}},{"type":"Feature","geometry":{"type":"Point","coordinates":[-106.6219,35.0754]},"properties":{"name":"Electrify America","network":"Electrify America","status":"unknown","source":"OpenStreetMap"}},{"type":"Feature","geometry":{"type":"Point","coordinates":[-85.3071,35.037]},"properties":{"name":"eVgo","network":"EVgo","stalls":2,"status":"24/7","source":"OpenStreetMap"}},{"type":"Feature","geometry":{"type":"Point","coordinates":[-80.1414,25.9593]},"properties":{"name":"Electric Vehicle Charging Station","network":"EV charging","status":"Mo-Su 05:30-23:30","source":"OpenStreetMap"}},{"type":"Feature","geometry":{"type":"Point","coordinates":[-80.4602,36.3407]},"properties":{"name":"ChargePoint","network":"ChargePoint","status":"unknown","source":"OpenStreetMap"}},{"type":"Feature","geometry":{"type":"Point","coordinates":[-83.7142,32.9236]},"properties":{"name":"Rivian Adventure Network","network":"Rivian","stalls":6,"status":"24/7","source":"OpenStreetMap"}},{"type":"Feature","geometry":{"type":"Point","coordinates":[-80.7663,25.7568]},"properties":{"name":"EV charging","network":"EV charging","stalls":2,"status":"unknown","source":"OpenStreetMap"}},{"type":"Feature","geometry":{"type":"Point","coordinates":[-86.5941,33.548]},"properties":{"name":"ChargePoint","network":"ChargePoint","stalls":4,"status":"unknown","source":"OpenStreetMap"}},{"type":"Feature","geometry":{"type":"Point","coordinates":[-87.8352,34.0095]},"properties":{"name":"Francis Energy","network":"Francis Energy","stalls":4,"status":"unknown","source":"OpenStreetMap"}},{"type":"Feature","geometry":{"type":"Point","coordinates":[-80.0194,32.8731]},"properties":{"name":"EV charging","network":"EV charging","status":"unknown","source":"OpenStreetMap"}},{"type":"Feature","geometry":{"type":"Point","coordinates":[-85.3277,31.3567]},"properties":{"name":"ChargePoint","network":"ChargePoint","stalls":1,"status":"unknown","source":"OpenStreetMap"}},{"type":"Feature","geometry":{"type":"Point","coordinates":[-85.6192,36.0531]},"properties":{"name":"EV charging","network":"EV charging","status":"unknown","source":"OpenStreetMap"}},{"type":"Feature","geometry":{"type":"Point","coordinates":[-87.5526,35.5469]},"properties":{"name":"ChargePoint","network":"ChargePoint","stalls":2,"status":"unknown","source":"OpenStreetMap"}},{"type":"Feature","geometry":{"type":"Point","coordinates":[-81.929,34.9451]},"properties":{"name":"EV charging","network":"EV charging","status":"unknown","source":"OpenStreetMap"}},{"type":"Feature","geometry":{"type":"Point","coordinates":[-82.7385,28.2163]},"properties":{"name":"EV charging","network":"EV charging","stalls":1,"status":"unknown","source":"OpenStreetMap"}},{"type":"Feature","geometry":{"type":"Point","coordinates":[-90.1413,30.4434]},"properties":{"name":"ChargePoint","network":"ChargePoint","stalls":2,"status":"unknown","source":"OpenStreetMap"}},{"type":"Feature","geometry":{"type":"Point","coordinates":[-80.7837,35.3722]},"properties":{"name":"Freewire","network":"Freewire","stalls":2,"status":"24/7","source":"OpenStreetMap"}},{"type":"Feature","geometry":{"type":"Point","coordinates":[-82.4164,34.8217]},"properties":{"name":"EVgo","network":"EVgo","status":"unknown","source":"OpenStreetMap"}},{"type":"Feature","geometry":{"type":"Point","coordinates":[-84.9748,33.0414]},"properties":{"name":"ChargePoint","network":"ChargePoint","stalls":1,"status":"unknown","source":"OpenStreetMap"}},{"type":"Feature","geometry":{"type":"Point","coordinates":[-82.3066,34.8216]},"properties":{"name":"ChargePoint","network":"ChargePoint","stalls":1,"status":"unknown","source":"OpenStreetMap"}},{"type":"Feature","geometry":{"type":"Point","coordinates":[-86.3297,32.3784]},"properties":{"name":"Blink","network":"Blink","stalls":12,"status":"unknown","source":"OpenStreetMap"}},{"type":"Feature","geometry":{"type":"Point","coordinates":[-82.6032,34.6369]},"properties":{"name":"ChargePoint","network":"ChargePoint","stalls":1,"status":"unknown","source":"OpenStreetMap"}},{"type":"Feature","geometry":{"type":"Point","coordinates":[-86.3301,32.3784]},"properties":{"name":"Blink","network":"Blink","stalls":4,"status":"unknown","source":"OpenStreetMap"}},{"type":"Feature","geometry":{"type":"Point","coordinates":[-87.7768,30.8617]},"properties":{"name":"EV charging","network":"EV charging","status":"unknown","source":"OpenStreetMap"}},{"type":"Feature","geometry":{"type":"Point","coordinates":[-81.178,34.1001]},"properties":{"name":"Circle K","network":"Circle K","status":"unknown","source":"OpenStreetMap"}},{"type":"Feature","geometry":{"type":"Point","coordinates":[-82.7359,35.2338]},"properties":{"name":"EV charging","network":"EV charging","status":"unknown","source":"OpenStreetMap"}},{"type":"Feature","geometry":{"type":"Point","coordinates":[-80.4219,25.1133]},"properties":{"name":"Electrify America","network":"Electrify America","status":"24/7","source":"OpenStreetMap"}},{"type":"Feature","geometry":{"type":"Point","coordinates":[-80.4737,25.4537]},"properties":{"name":"Blink","network":"Blink","stalls":1,"status":"unknown","source":"OpenStreetMap"}},{"type":"Feature","geometry":{"type":"Point","coordinates":[-81.8007,26.1777]},"properties":{"name":"JUS","network":"JUS","stalls":2,"status":"24/7","source":"OpenStreetMap"}},{"type":"Feature","geometry":{"type":"Point","coordinates":[-86.4215,36.9367]},"properties":{"name":"EV charging","network":"EV charging","status":"unknown","source":"OpenStreetMap"}},{"type":"Feature","geometry":{"type":"Point","coordinates":[-85.3182,35.0367]},"properties":{"name":"Electrify America","network":"EV charging","status":"unknown","source":"OpenStreetMap"}},{"type":"Feature","geometry":{"type":"Point","coordinates":[-85.3009,35.0481]},"properties":{"name":"CARTA/548 VINE ST #1","network":"ChargePoint","status":"unknown","source":"OpenStreetMap"}},{"type":"Feature","geometry":{"type":"Point","coordinates":[-84.5127,33.8812]},"properties":{"name":"ChargePro","network":"ChargePro","stalls":2,"status":"unknown","source":"OpenStreetMap"}},{"type":"Feature","geometry":{"type":"Point","coordinates":[-85.3182,35.0366]},"properties":{"name":"Electrify America Charger","network":"EV charging","status":"unknown","source":"OpenStreetMap"}},{"type":"Feature","geometry":{"type":"Point","coordinates":[-86.8054,33.396]},"properties":{"name":"ChargePoint","network":"ChargePoint","status":"unknown","source":"OpenStreetMap"}},{"type":"Feature","geometry":{"type":"Point","coordinates":[-80.257,35.7832]},"properties":{"name":"ChargePoint","network":"ChargePoint","stalls":5,"status":"24/7","source":"OpenStreetMap"}},{"type":"Feature","geometry":{"type":"Point","coordinates":[-83.9924,34.0501]},"properties":{"name":"ChargePoint","network":"ChargePoint","stalls":2,"status":"unknown","source":"OpenStreetMap"}},{"type":"Feature","geometry":{"type":"Point","coordinates":[-86.2091,32.3685]},"properties":{"name":"EV Connect","network":"EV Connect","status":"unknown","source":"OpenStreetMap"}},{"type":"Feature","geometry":{"type":"Point","coordinates":[-94.7438,34.1436]},"properties":{"name":"EV charging","network":"EV charging","status":"unknown","source":"OpenStreetMap"}},{"type":"Feature","geometry":{"type":"Point","coordinates":[-85.0635,35.0825]},"properties":{"name":"Electrify America","network":"Electrify America","stalls":8,"status":"24/7","source":"OpenStreetMap"}},{"type":"Feature","geometry":{"type":"Point","coordinates":[-89.3075,31.312]},"properties":{"name":"EV Connect","network":"EV Connect","stalls":1,"status":"24/7","source":"OpenStreetMap"}},{"type":"Feature","geometry":{"type":"Point","coordinates":[-86.007,33.9812]},"properties":{"name":"EV charging","network":"EV charging","stalls":1,"status":"24/7","source":"OpenStreetMap"}},{"type":"Feature","geometry":{"type":"Point","coordinates":[-94.5211,35.4056]},"properties":{"name":"Francis Energy Charging Station","network":"Francis EV Charging","stalls":2,"status":"Mo-Su 00:00-12:00","source":"OpenStreetMap"}},{"type":"Feature","geometry":{"type":"Point","coordinates":[-81.929,36.7124]},"properties":{"name":"EV charging","network":"EV charging","status":"unknown","source":"OpenStreetMap"}},{"type":"Feature","geometry":{"type":"Point","coordinates":[-82.1892,35.1752]},"properties":{"name":"ChargePoint","network":"ChargePoint","status":"unknown","source":"OpenStreetMap"}},{"type":"Feature","geometry":{"type":"Point","coordinates":[-83.8439,33.6183]},"properties":{"name":"EV charging","network":"EV charging","status":"unknown","source":"OpenStreetMap"}},{"type":"Feature","geometry":{"type":"Point","coordinates":[-84.2913,33.9099]},"properties":{"name":"EV charging","network":"EV charging","stalls":8,"status":"unknown","source":"OpenStreetMap"}},{"type":"Feature","geometry":{"type":"Point","coordinates":[-85.1086,34.9169]},"properties":{"name":"ChargePoint","network":"ChargePoint","stalls":2,"status":"unknown","source":"OpenStreetMap"}},{"type":"Feature","geometry":{"type":"Point","coordinates":[-86.9318,34.7296]},"properties":{"name":"EV charging","network":"EV charging","status":"unknown","source":"OpenStreetMap"}},{"type":"Feature","geometry":{"type":"Point","coordinates":[-90.1447,35.1542]},"properties":{"name":"EVgo","network":"EVgo","stalls":4,"status":"unknown","source":"OpenStreetMap"}},{"type":"Feature","geometry":{"type":"Point","coordinates":[-81.6559,36.1967]},"properties":{"name":"Circle K","network":"Circle K","status":"unknown","source":"OpenStreetMap"}},{"type":"Feature","geometry":{"type":"Point","coordinates":[-81.6701,36.1422]},"properties":{"name":"Rivian Waypoints","network":"Rivian Waypoints","status":"unknown","source":"OpenStreetMap"}},{"type":"Feature","geometry":{"type":"Point","coordinates":[-81.2445,28.2442]},"properties":{"name":"ChargePoint","network":"ChargePoint","stalls":6,"status":"unknown","source":"OpenStreetMap"}},{"type":"Feature","geometry":{"type":"Point","coordinates":[-81.2283,33.9926]},"properties":{"name":"EV Connect","network":"EV Connect","stalls":2,"status":"unknown","source":"OpenStreetMap"}},{"type":"Feature","geometry":{"type":"Point","coordinates":[-81.6541,30.7897]},"properties":{"name":"Circle K Charge","network":"Circle K","stalls":4,"status":"24/7","source":"OpenStreetMap"}},{"type":"Feature","geometry":{"type":"Point","coordinates":[-91.1437,30.4203]},"properties":{"name":"Electrify America","network":"Electrify America","stalls":1,"status":"unknown","source":"OpenStreetMap"}},{"type":"Feature","geometry":{"type":"Point","coordinates":[-84.1732,33.6983]},"properties":{"name":"EVgo","network":"EVgo","stalls":4,"status":"unknown","source":"OpenStreetMap"}},{"type":"Feature","geometry":{"type":"Point","coordinates":[-80.1228,25.8821]},"properties":{"name":"Blink","network":"Blink","status":"unknown","source":"OpenStreetMap"}},{"type":"Feature","geometry":{"type":"Point","coordinates":[-80.1319,25.8859]},"properties":{"name":"Blink","network":"Blink","status":"unknown","source":"OpenStreetMap"}},{"type":"Feature","geometry":{"type":"Point","coordinates":[-80.1359,25.7928]},"properties":{"name":"Blink","network":"Blink","status":"unknown","source":"OpenStreetMap"}},{"type":"Feature","geometry":{"type":"Point","coordinates":[-80.1223,25.9381]},"properties":{"name":"ChargePoint","network":"ChargePoint","stalls":1,"status":"unknown","source":"OpenStreetMap"}},{"type":"Feature","geometry":{"type":"Point","coordinates":[-80.1214,25.9545]},"properties":{"name":"ChargePoint","network":"ChargePoint","status":"unknown","source":"OpenStreetMap"}},{"type":"Feature","geometry":{"type":"Point","coordinates":[-81.671,36.2159]},"properties":{"name":"EV charging","network":"EV charging","status":"unknown","source":"OpenStreetMap"}},{"type":"Feature","geometry":{"type":"Point","coordinates":[-80.2428,36.0992]},"properties":{"name":"Winston-Salem 4th & Church - ChargePoint","network":"City of Winston-Salem","status":"24/7","source":"OpenStreetMap"}},{"type":"Feature","geometry":{"type":"Point","coordinates":[-84.5568,34.0547]},"properties":{"name":"EOS","network":"EOS","status":"unknown","source":"OpenStreetMap"}},{"type":"Feature","geometry":{"type":"Point","coordinates":[-82.188,36.5929]},"properties":{"name":"BTES / CITY HALL","network":"ChargePoint","stalls":2,"status":"24/7","source":"OpenStreetMap"}},{"type":"Feature","geometry":{"type":"Point","coordinates":[-83.9965,34.1153]},"properties":{"name":"ChargePoint","network":"ChargePoint","status":"unknown","source":"OpenStreetMap"}},{"type":"Feature","geometry":{"type":"Point","coordinates":[-80.3614,26.0639]},"properties":{"name":"7Charge Charging Station","network":"7Charge Charging Station","stalls":4,"status":"unknown","source":"OpenStreetMap"}},{"type":"Feature","geometry":{"type":"Point","coordinates":[-80.6894,32.9331]},"properties":{"name":"EV Connect","network":"EV Connect","stalls":350,"status":"unknown","source":"OpenStreetMap"}},{"type":"Feature","geometry":{"type":"Point","coordinates":[-84.2824,30.437]},"properties":{"name":"ChargePoint","network":"EV charging","status":"unknown","source":"OpenStreetMap"}},{"type":"Feature","geometry":{"type":"Point","coordinates":[-82.2516,36.344]},"properties":{"name":"Rivian Waypoints","network":"Rivian Waypoints","stalls":2,"status":"unknown","source":"OpenStreetMap"}},{"type":"Feature","geometry":{"type":"Point","coordinates":[-80.7234,35.12]},"properties":{"name":"ChargePoint","network":"ChargePoint","status":"unknown","source":"OpenStreetMap"}},{"type":"Feature","geometry":{"type":"Point","coordinates":[-94.898,29.8229]},"properties":{"name":"Graviti Energy","network":"Graviti Energy","status":"24/7","source":"OpenStreetMap"}},{"type":"Feature","geometry":{"type":"Point","coordinates":[-82.1076,34.9156]},"properties":{"name":"GM Energy","network":"GM Energy","status":"24/7","source":"OpenStreetMap"}},{"type":"Feature","geometry":{"type":"Point","coordinates":[-84.9185,34.4617]},"properties":{"name":"Electrify America","network":"Electrify America","status":"24/7","source":"OpenStreetMap"}},{"type":"Feature","geometry":{"type":"Point","coordinates":[-83.7412,32.5845]},"properties":{"name":"Mercedes-Benz","network":"Mercedes-Benz","status":"unknown","source":"OpenStreetMap"}},{"type":"Feature","geometry":{"type":"Point","coordinates":[-82.3835,31.2092]},"properties":{"name":"Circle K Charge","network":"Circle K","stalls":4,"status":"24/7","source":"OpenStreetMap"}},{"type":"Feature","geometry":{"type":"Point","coordinates":[-80.6616,28.0368]},"properties":{"name":"EVgo","network":"EVgo","stalls":6,"status":"unknown","source":"OpenStreetMap"}},{"type":"Feature","geometry":{"type":"Point","coordinates":[-84.9413,32.5061]},"properties":{"name":"ChargePoint","network":"ChargePoint","stalls":2,"status":"unknown","source":"OpenStreetMap"}},{"type":"Feature","geometry":{"type":"Point","coordinates":[-83.7626,31.9635]},"properties":{"name":"Electrify America","network":"Electrify America","stalls":4,"status":"24/7","source":"OpenStreetMap"}},{"type":"Feature","geometry":{"type":"Point","coordinates":[-83.8843,33.8335]},"properties":{"name":"EV charging","network":"EV charging","status":"unknown","source":"OpenStreetMap"}},{"type":"Feature","geometry":{"type":"Point","coordinates":[-84.4617,33.646]},"properties":{"name":"ChargePoint","network":"ChargePoint","status":"unknown","source":"OpenStreetMap"}},{"type":"Feature","geometry":{"type":"Point","coordinates":[-84.235,33.506]},"properties":{"name":"Electrify America","network":"Electrify America","stalls":4,"status":"24/7","source":"OpenStreetMap"}},{"type":"Feature","geometry":{"type":"Point","coordinates":[-83.942,33.0411]},"properties":{"name":"Electrify America Forsyth","network":"Electrify America","stalls":4,"status":"24/7","source":"OpenStreetMap"}},{"type":"Feature","geometry":{"type":"Point","coordinates":[-83.234,33.0761]},"properties":{"name":"Georgia College","network":"Georgia College","stalls":4,"status":"24/7","source":"OpenStreetMap"}},{"type":"Feature","geometry":{"type":"Point","coordinates":[-84.5723,34.011]},"properties":{"name":"Electrify America","network":"Electrify America","stalls":10,"status":"24/7","source":"OpenStreetMap"}},{"type":"Feature","geometry":{"type":"Point","coordinates":[-84.1743,34.0969]},"properties":{"name":"EVgo","network":"EVgo","stalls":2,"status":"unknown","source":"OpenStreetMap"}},{"type":"Feature","geometry":{"type":"Point","coordinates":[-84.0359,34.1065]},"properties":{"name":"ChargePoint","network":"ChargePoint","stalls":6,"status":"unknown","source":"OpenStreetMap"}},{"type":"Feature","geometry":{"type":"Point","coordinates":[-84.7634,33.7241]},"properties":{"name":"Electrify America","network":"Electrify America","stalls":4,"status":"24/7","source":"OpenStreetMap"}},{"type":"Feature","geometry":{"type":"Point","coordinates":[-84.4892,33.9089]},"properties":{"name":"Electrify America","network":"Electrify America","stalls":4,"status":"24/7","source":"OpenStreetMap"}},{"type":"Feature","geometry":{"type":"Point","coordinates":[-81.9313,34.9555]},"properties":{"name":"EV charging","network":"EV charging","status":"unknown","source":"OpenStreetMap"}},{"type":"Feature","geometry":{"type":"Point","coordinates":[-81.057,33.9938]},"properties":{"name":"EV charging","network":"EV charging","status":"unknown","source":"OpenStreetMap"}},{"type":"Feature","geometry":{"type":"Point","coordinates":[-82.5794,28.8748]},"properties":{"name":"Greenlots","network":"Duke Energy","stalls":1,"status":"unknown","source":"OpenStreetMap"}},{"type":"Feature","geometry":{"type":"Point","coordinates":[-81.5524,30.1834]},"properties":{"name":"Electrify America","network":"Electrify America","stalls":4,"status":"unknown","source":"OpenStreetMap"}},{"type":"Feature","geometry":{"type":"Point","coordinates":[-84.2699,30.4634]},"properties":{"name":"EV charging","network":"EV charging","stalls":2,"status":"unknown","source":"OpenStreetMap"}},{"type":"Feature","geometry":{"type":"Point","coordinates":[-84.2995,30.4381]},"properties":{"name":"ChargePoint","network":"ChargePoint","stalls":4,"status":"unknown","source":"OpenStreetMap"}},{"type":"Feature","geometry":{"type":"Point","coordinates":[-85.5482,30.7534]},"properties":{"name":"Electrify America","network":"Electrify America","stalls":1,"status":"24/7","source":"OpenStreetMap"}},{"type":"Feature","geometry":{"type":"Point","coordinates":[-82.6382,30.2386]},"properties":{"name":"Electrify America","network":"Electrify America","stalls":4,"status":"24/7","source":"OpenStreetMap"}},{"type":"Feature","geometry":{"type":"Point","coordinates":[-84.1511,30.4872]},"properties":{"name":"Sunoco","network":"Sun Stop","stalls":1,"status":"24/7","source":"OpenStreetMap"}},{"type":"Feature","geometry":{"type":"Point","coordinates":[-81.6655,28.5481]},"properties":{"name":"Electrify America","network":"Electrify America","status":"unknown","source":"OpenStreetMap"}},{"type":"Feature","geometry":{"type":"Point","coordinates":[-80.3742,25.76]},"properties":{"name":"SemaCharge Charging Station","network":"EV charging","status":"unknown","source":"OpenStreetMap"}},{"type":"Feature","geometry":{"type":"Point","coordinates":[-81.748,26.7841]},"properties":{"name":"Babcock Ranch","network":"Babcock Ranch","status":"unknown","source":"OpenStreetMap"}},{"type":"Feature","geometry":{"type":"Point","coordinates":[-82.5074,27.5374]},"properties":{"name":"Electrify America","network":"Electrify America","stalls":4,"status":"24/7","source":"OpenStreetMap"}},{"type":"Feature","geometry":{"type":"Point","coordinates":[-82.4353,27.9604]},"properties":{"name":"Enphase","network":"Enphase","status":"unknown","source":"OpenStreetMap"}},{"type":"Feature","geometry":{"type":"Point","coordinates":[-82.3915,28.1929]},"properties":{"name":"Electrify America","network":"Electrify America","stalls":6,"status":"24/7","source":"OpenStreetMap"}},{"type":"Feature","geometry":{"type":"Point","coordinates":[-82.5084,27.5381]},"properties":{"name":"Mercedes-Benz","network":"Mercedes-Benz","stalls":9,"status":"24/7","source":"OpenStreetMap"}},{"type":"Feature","geometry":{"type":"Point","coordinates":[-82.1985,34.9499]},"properties":{"name":"ChargePoint","network":"ChargePoint","status":"24/7","source":"OpenStreetMap"}},{"type":"Feature","geometry":{"type":"Point","coordinates":[-82.1993,34.9497]},"properties":{"name":"ChargePoint","network":"ChargePoint","status":"24/7","source":"OpenStreetMap"}},{"type":"Feature","geometry":{"type":"Point","coordinates":[-84.3354,33.828]},"properties":{"name":"ChargePoint","network":"ChargePoint","status":"unknown","source":"OpenStreetMap"}},{"type":"Feature","geometry":{"type":"Point","coordinates":[-83.373,33.9597]},"properties":{"name":"Envirospark","network":"Envirospark","stalls":6,"status":"unknown","source":"OpenStreetMap"}},{"type":"Feature","geometry":{"type":"Point","coordinates":[-84.469,33.8785]},"properties":{"name":"Rivian Adventure Network","network":"Rivian","stalls":9,"status":"24/7","source":"OpenStreetMap"}},{"type":"Feature","geometry":{"type":"Point","coordinates":[-83.7258,32.7437]},"properties":{"name":"Circle K Charge","network":"Circle K","stalls":4,"status":"24/7","source":"OpenStreetMap"}},{"type":"Feature","geometry":{"type":"Point","coordinates":[-84.9717,32.444]},"properties":{"name":"Circle K Charge","network":"Circle K","stalls":4,"status":"24/7","source":"OpenStreetMap"}},{"type":"Feature","geometry":{"type":"Point","coordinates":[-81.333,31.9257]},"properties":{"name":"bp pulse","network":"bp pulse","stalls":12,"status":"24/7","source":"OpenStreetMap"}},{"type":"Feature","geometry":{"type":"Point","coordinates":[-82.3381,27.8932]},"properties":{"name":"bp pulse","network":"bp pulse","status":"24/7","source":"OpenStreetMap"}},{"type":"Feature","geometry":{"type":"Point","coordinates":[-80.606,28.0797]},"properties":{"name":"ChargePoint","network":"EV charging","status":"24/7","source":"OpenStreetMap"}},{"type":"Feature","geometry":{"type":"Point","coordinates":[-82.6046,35.53]},"properties":{"name":"Rivian Adventure","network":"Rivian","status":"24/7","source":"OpenStreetMap"}},{"type":"Feature","geometry":{"type":"Point","coordinates":[-81.2745,28.0952]},"properties":{"name":"EV Connect","network":"EV charging","status":"24/7","source":"OpenStreetMap"}},{"type":"Feature","geometry":{"type":"Point","coordinates":[-84.3956,33.5891]},"properties":{"name":"ChargePoint","network":"EV charging","status":"24/7","source":"OpenStreetMap"}},{"type":"Feature","geometry":{"type":"Point","coordinates":[-81.1933,32.1891]},"properties":{"name":"EV charging","network":"EV charging","status":"24/7","source":"OpenStreetMap"}},{"type":"Feature","geometry":{"type":"Point","coordinates":[-82.5258,35.5142]},"properties":{"name":"EV charging","network":"EV charging","status":"24/7","source":"OpenStreetMap"}},{"type":"Feature","geometry":{"type":"Point","coordinates":[-81.1427,35.2943]},"properties":{"name":"EV charging","network":"EV charging","status":"24/7","source":"OpenStreetMap"}},{"type":"Feature","geometry":{"type":"Point","coordinates":[-81.8128,28.8323]},"properties":{"name":"EV charging","network":"EV charging","status":"24/7","source":"OpenStreetMap"}},{"type":"Feature","geometry":{"type":"Point","coordinates":[-85.2785,35.0589]},"properties":{"name":"EV charging","network":"EV charging","status":"24/7","source":"OpenStreetMap"}},{"type":"Feature","geometry":{"type":"Point","coordinates":[-84.4285,30.4927]},"properties":{"name":"EV charging","network":"EV charging","status":"24/7","source":"OpenStreetMap"}},{"type":"Feature","geometry":{"type":"Point","coordinates":[-80.191,26.4558]},"properties":{"name":"EV charging","network":"EV charging","status":"24/7","source":"OpenStreetMap"}},{"type":"Feature","geometry":{"type":"Point","coordinates":[-83.9839,33.9839]},"properties":{"name":"Chargepoint","network":"Chargepoint","stalls":2,"status":"unknown","source":"OpenStreetMap"}},{"type":"Feature","geometry":{"type":"Point","coordinates":[-80.0452,32.9567]},"properties":{"name":"EV charging","network":"EV charging","status":"24/7","source":"OpenStreetMap"}},{"type":"Feature","geometry":{"type":"Point","coordinates":[-93.0847,34.1197]},"properties":{"name":"EV charging","network":"EV charging","status":"24/7","source":"OpenStreetMap"}},{"type":"Feature","geometry":{"type":"Point","coordinates":[-82.5015,27.4965]},"properties":{"name":"EV charging","network":"EV charging","status":"24/7","source":"OpenStreetMap"}},{"type":"Feature","geometry":{"type":"Point","coordinates":[-81.3523,28.5977]},"properties":{"name":"EV charging","network":"EV charging","status":"24/7","source":"OpenStreetMap"}},{"type":"Feature","geometry":{"type":"Point","coordinates":[-81.3524,28.5973]},"properties":{"name":"EV charging","network":"EV charging","status":"24/7","source":"OpenStreetMap"}},{"type":"Feature","geometry":{"type":"Point","coordinates":[-80.0111,35.9581]},"properties":{"name":"EV charging","network":"EV charging","stalls":4,"status":"unknown","source":"OpenStreetMap"}},{"type":"Feature","geometry":{"type":"Point","coordinates":[-93.3268,30.2335]},"properties":{"name":"EV charging","network":"EV charging","status":"unknown","source":"OpenStreetMap"}},{"type":"Feature","geometry":{"type":"Point","coordinates":[-94.522,35.4047]},"properties":{"name":"EV charging","network":"EV charging","stalls":4,"status":"unknown","source":"OpenStreetMap"}},{"type":"Feature","geometry":{"type":"Point","coordinates":[-81.3447,29.7494]},"properties":{"name":"GM Energy","network":"GM Energy","stalls":4,"status":"unknown","source":"OpenStreetMap"}},{"type":"Feature","geometry":{"type":"Point","coordinates":[-86.8366,35.8621]},"properties":{"name":"Blink","network":"Blink","stalls":2,"status":"unknown","source":"OpenStreetMap"}},{"type":"Feature","geometry":{"type":"Point","coordinates":[-80.2859,27.1098]},"properties":{"name":"EV charging","network":"EV charging","status":"unknown","source":"OpenStreetMap"}},{"type":"Feature","geometry":{"type":"Point","coordinates":[-82.1808,29.1467]},"properties":{"name":"ChargePoint","network":"ChargePoint","stalls":2,"status":"unknown","source":"OpenStreetMap"}},{"type":"Feature","geometry":{"type":"Point","coordinates":[-82.3505,28.1887]},"properties":{"name":"EVgo","network":"EVgo","stalls":4,"status":"24/7","source":"OpenStreetMap"}},{"type":"Feature","geometry":{"type":"Point","coordinates":[-81.9485,34.1958]},"properties":{"name":"Rivian Waypoints Network","network":"Rivian Waypoints Network","stalls":2,"status":"unknown","source":"OpenStreetMap"}},{"type":"Feature","geometry":{"type":"Point","coordinates":[-82.9464,34.952]},"properties":{"name":"Rivian Waypoints Network","network":"Rivian Waypoints Network","status":"unknown","source":"OpenStreetMap"}},{"type":"Feature","geometry":{"type":"Point","coordinates":[-80.8227,27.6008]},"properties":{"name":"EV charging","network":"EV charging","status":"unknown","source":"OpenStreetMap"}},{"type":"Feature","geometry":{"type":"Point","coordinates":[-80.8227,27.6007]},"properties":{"name":"EV charging","network":"EV charging","status":"unknown","source":"OpenStreetMap"}},{"type":"Feature","geometry":{"type":"Point","coordinates":[-80.8228,27.6008]},"properties":{"name":"EV charging","network":"EV charging","status":"unknown","source":"OpenStreetMap"}},{"type":"Feature","geometry":{"type":"Point","coordinates":[-82.2046,33.7541]},"properties":{"name":"Rivian Waypoints Network","network":"Rivian Waypoints Network","stalls":2,"status":"unknown","source":"OpenStreetMap"}},{"type":"Feature","geometry":{"type":"Point","coordinates":[-80.8737,35.8101]},"properties":{"name":"Electrify America","network":"Electrify America","stalls":4,"status":"unknown","source":"OpenStreetMap"}},{"type":"Feature","geometry":{"type":"Point","coordinates":[-80.1522,25.9144]},"properties":{"name":"ChargePoint","network":"ChargePoint","status":"unknown","source":"OpenStreetMap"}},{"type":"Feature","geometry":{"type":"Point","coordinates":[-85.3126,35.0468]},"properties":{"name":"Blink","network":"Blink","stalls":2,"status":"unknown","source":"OpenStreetMap"}},{"type":"Feature","geometry":{"type":"Point","coordinates":[-80.1704,25.9271]},"properties":{"name":"Electrify America","network":"Electrify America","stalls":4,"status":"unknown","source":"OpenStreetMap"}},{"type":"Feature","geometry":{"type":"Point","coordinates":[-80.1625,25.9845]},"properties":{"name":"FPL EVolution Charging Station","network":"FPL","stalls":5,"status":"unknown","source":"OpenStreetMap"}},{"type":"Feature","geometry":{"type":"Point","coordinates":[-80.6724,28.1367]},"properties":{"name":"FPL EVolution","network":"FPL EVolution","stalls":4,"status":"unknown","source":"OpenStreetMap"}},{"type":"Feature","geometry":{"type":"Point","coordinates":[-85.4882,32.6005]},"properties":{"name":"Auburn University","network":"Auburn University","stalls":4,"status":"24/7","source":"OpenStreetMap"}},{"type":"Feature","geometry":{"type":"Point","coordinates":[-80.097,26.1908]},"properties":{"name":"ChargePoint","network":"ChargePoint","status":"unknown","source":"OpenStreetMap"}},{"type":"Feature","geometry":{"type":"Point","coordinates":[-80.045,33.0149]},"properties":{"name":"City of Goose Creek","network":"City of Goose Creek","status":"unknown","source":"OpenStreetMap"}},{"type":"Feature","geometry":{"type":"Point","coordinates":[-83.4266,33.8665]},"properties":{"name":"EV charging","network":"EV charging","status":"unknown","source":"OpenStreetMap"}},{"type":"Feature","geometry":{"type":"Point","coordinates":[-81.4895,28.3989]},"properties":{"name":"IONNA","network":"IONNA","status":"unknown","source":"OpenStreetMap"}},{"type":"Feature","geometry":{"type":"Point","coordinates":[-85.4174,35.0453]},"properties":{"name":"EV charging","network":"EV charging","stalls":2,"status":"unknown","source":"OpenStreetMap"}},{"type":"Feature","geometry":{"type":"Point","coordinates":[-84.5474,34.0821]},"properties":{"name":"EverCharge","network":"EverCharge","stalls":2,"status":"unknown","source":"OpenStreetMap"}},{"type":"Feature","geometry":{"type":"Point","coordinates":[-84.5477,34.0834]},"properties":{"name":"EverCharge","network":"EverCharge","stalls":2,"status":"unknown","source":"OpenStreetMap"}},{"type":"Feature","geometry":{"type":"Point","coordinates":[-85.3909,35.3719]},"properties":{"name":"ChargePoint","network":"ChargePoint","stalls":2,"status":"24/7","source":"OpenStreetMap"}},{"type":"Feature","geometry":{"type":"Point","coordinates":[-85.3099,35.045]},"properties":{"name":"EPB","network":"EPB","stalls":34,"status":"24/7","source":"OpenStreetMap"}},{"type":"Feature","geometry":{"type":"Point","coordinates":[-85.2389,35.1314]},"properties":{"name":"CARTA","network":"CARTA","stalls":2,"status":"24/7","source":"OpenStreetMap"}},{"type":"Feature","geometry":{"type":"Point","coordinates":[-84.2824,30.4323]},"properties":{"name":"ChargePoint","network":"ChargePoint","status":"unknown","source":"OpenStreetMap"}},{"type":"Feature","geometry":{"type":"Point","coordinates":[-79.0907,35.9258]},"properties":{"name":"EV charging","network":"EV charging","stalls":2,"status":"unknown","source":"OpenStreetMap"}},{"type":"Feature","geometry":{"type":"Point","coordinates":[-77.5458,36.6809]},"properties":{"name":"7-Eleven","network":"7-Eleven","status":"unknown","source":"OpenStreetMap"}},{"type":"Feature","geometry":{"type":"Point","coordinates":[-78.9579,35.9214]},"properties":{"name":"EVgo","network":"EVgo","status":"24/7","source":"OpenStreetMap"}},{"type":"Feature","geometry":{"type":"Point","coordinates":[-78.4423,36.3346]},"properties":{"name":"Electrify America","network":"Electrify America","stalls":4,"status":"unknown","source":"OpenStreetMap"}},{"type":"Feature","geometry":{"type":"Point","coordinates":[-78.8839,35.8213]},"properties":{"name":"EV charging","network":"EV charging","status":"unknown","source":"OpenStreetMap"}},{"type":"Feature","geometry":{"type":"Point","coordinates":[-78.8806,33.6976]},"properties":{"name":"ChargePoint","network":"ChargePoint","stalls":2,"status":"unknown","source":"OpenStreetMap"}},{"type":"Feature","geometry":{"type":"Point","coordinates":[-77.9997,35.7634]},"properties":{"name":"Circle K","network":"Circle K","stalls":10,"status":"unknown","source":"OpenStreetMap"}},{"type":"Feature","geometry":{"type":"Point","coordinates":[-78.9142,35.4638]},"properties":{"name":"EV charging","network":"EV charging","status":"unknown","source":"OpenStreetMap"}},{"type":"Feature","geometry":{"type":"Point","coordinates":[-78.9692,36.0577]},"properties":{"name":"EV charging","network":"EV charging","status":"unknown","source":"OpenStreetMap"}},{"type":"Feature","geometry":{"type":"Point","coordinates":[-77.9443,35.4059]},"properties":{"name":"Charge Point","network":"Charge Point","stalls":3,"status":"unknown","source":"OpenStreetMap"}},{"type":"Feature","geometry":{"type":"Point","coordinates":[-77.3241,35.6159]},"properties":{"name":"Blink","network":"Blink","stalls":2,"status":"unknown","source":"OpenStreetMap"}},{"type":"Feature","geometry":{"type":"Point","coordinates":[-79.8362,36.0852]},"properties":{"name":"Mercedes-Benz","network":"Mercedes-Benz","status":"24/7","source":"OpenStreetMap"}},{"type":"Feature","geometry":{"type":"Point","coordinates":[-79.0669,35.9712]},"properties":{"name":"Carraway Village","network":"Carraway Village","status":"24/7","source":"OpenStreetMap"}},{"type":"Feature","geometry":{"type":"Point","coordinates":[-78.9247,33.7047]},"properties":{"name":"EV charging","network":"EV charging","status":"24/7","source":"OpenStreetMap"}},{"type":"Feature","geometry":{"type":"Point","coordinates":[-77.8311,34.2444]},"properties":{"name":"Electrify America","network":"EV charging","status":"unknown","source":"OpenStreetMap"}},{"type":"Feature","geometry":{"type":"Point","coordinates":[-76.2093,36.8606]},"properties":{"name":"EVgo","network":"EVgo","stalls":2,"status":"unknown","source":"OpenStreetMap"}},{"type":"Feature","geometry":{"type":"Point","coordinates":[-79.3528,36.0711]},"properties":{"name":"GM Energy at Pilot Flying J","network":"EV charging","status":"unknown","source":"OpenStreetMap"}},{"type":"Feature","geometry":{"type":"Point","coordinates":[-78.6841,35.8018]},"properties":{"name":"EVgo","network":"EV charging","status":"unknown","source":"OpenStreetMap"}},{"type":"Feature","geometry":{"type":"Point","coordinates":[-78.6205,35.822]},"properties":{"name":"Electrify America","network":"EV charging","status":"unknown","source":"OpenStreetMap"}},{"type":"Feature","geometry":{"type":"Point","coordinates":[-78.6993,35.755]},"properties":{"name":"EV charging","network":"EV charging","status":"24/7","source":"OpenStreetMap"}}]}