{"type":"FeatureCollection","features":[{"type":"Feature","geometry":{"type":"Point","coordinates":[-121.565357,37.0244647]},"properties":{"name":"Tesla Supercharger","network":"Tesla Supercharger","brand":"Tesla Supercharger","operator":"Tesla, Inc.","stalls":16,"kw_per_stall":null,"mw_capacity":null,"status":"24/7","access":"customers","fee":"","sockets":"10","voltage":"","address":"681, Leavesley Road, Gilroy, CA","city":"Gilroy","state":"CA","source":"OpenStreetMap (charge-finder mirror)","osm_id":"node/2327799782","website":"https://www.teslamotors.com/supercharger/Gilroy"}},{"type":"Feature","geometry":{"type":"Point","coordinates":[-77.4616288,37.6698402]},"properties":{"name":"Tesla Supercharger","network":"Tesla Supercharger","brand":"Tesla Supercharger","operator":"Tesla, Inc.","stalls":8,"kw_per_stall":null,"mw_capacity":null,"status":"24/7","access":"yes","fee":"","sockets":"8","voltage":"","address":"9956, Brook Road","city":"","state":"","source":"OpenStreetMap (charge-finder mirror)","osm_id":"node/2609013304","website":""}},{"type":"Feature","geometry":{"type":"Point","coordinates":[-120.237896,36.25415]},"properties":{"name":"Tesla Supercharger","network":"Tesla Supercharger","brand":"Tesla Supercharger","operator":"Tesla, Inc.","stalls":20,"kw_per_stall":null,"mw_capacity":null,"status":"unknown","access":"","fee":"","sockets":"","voltage":"","address":"24505, West Dorris Avenue, Coalinga, CA","city":"Coalinga","state":"CA","source":"OpenStreetMap (charge-finder mirror)","osm_id":"node/2689147414","website":"https://www.tesla.com/findus/location/supercharger/harrisranchcasupercharger"}},{"type":"Feature","geometry":{"type":"Point","coordinates":[-78.10358,36.7485331]},"properties":{"name":"Tesla Supercharger South Hill","network":"Tesla Supercharger","brand":"Tesla Supercharger","operator":"Tesla, Inc.","stalls":6,"kw_per_stall":null,"mw_capacity":null,"status":"24/7","access":"","fee":"","sockets":"","voltage":"","address":"","city":"","state":"","source":"OpenStreetMap (charge-finder mirror)","osm_id":"node/3011907449","website":""}},{"type":"Feature","geometry":{"type":"Point","coordinates":[-73.819152,42.710337]},"properties":{"name":"Tesla Supercharger","network":"Tesla Supercharger","brand":"Tesla Supercharger","operator":"Tesla, Inc.","stalls":6,"kw_per_stall":null,"mw_capacity":null,"status":"24/7","access":"","fee":"","sockets":"","voltage":"","address":"","city":"","state":"","source":"OpenStreetMap (charge-finder mirror)","osm_id":"node/3013766039","website":""}},{"type":"Feature","geometry":{"type":"Point","coordinates":[-108.604297,39.0907494]},"properties":{"name":"Tesla Supercharger","network":"Tesla Supercharger","brand":"Tesla Supercharger","operator":"Tesla, Inc.","stalls":6,"kw_per_stall":null,"mw_capacity":null,"status":"24/7","access":"","fee":"yes","sockets":"6","voltage":"","address":"","city":"","state":"","source":"OpenStreetMap (charge-finder mirror)","osm_id":"node/3021321876","website":""}},{"type":"Feature","geometry":{"type":"Point","coordinates":[-79.3223719,43.7402162]},"properties":{"name":"Tesla Supercharger Toronto","network":"Tesla Supercharger","brand":"Tesla Supercharger","operator":"Tesla, Inc.","stalls":8,"kw_per_stall":null,"mw_capacity":null,"status":"24/7","access":"","fee":"","sockets":"","voltage":"","address":"","city":"","state":"","source":"OpenStreetMap (charge-finder mirror)","osm_id":"node/3046901179","website":""}},{"type":"Feature","geometry":{"type":"Point","coordinates":[-74.7480654,45.0236565]},"properties":{"name":"Tesla Supercharger Cornwall","network":"Tesla Supercharger","brand":"Tesla Supercharger","operator":"Tesla, Inc.","stalls":6,"kw_per_stall":null,"mw_capacity":null,"status":"24/7","access":"customers","fee":"","sockets":"","voltage":"","address":"","city":"","state":"","source":"OpenStreetMap (charge-finder mirror)","osm_id":"node/3066456762","website":""}},{"type":"Feature","geometry":{"type":"Point","coordinates":[-112.734067,32.9437088]},"properties":{"name":"Gila Bend Supercharger","network":"Tesla Supercharger","brand":"Tesla Supercharger","operator":"Tesla, Inc.","stalls":16,"kw_per_stall":150.0,"mw_capacity":2.4,"status":"24/7","access":"customers","fee":"yes","sockets":"8","voltage":"","address":"Carl's Jr. - Gila Bend 826 826 W Pima St. Gila Bend, AZ 85337-3033","city":"Gila Bend","state":"AZ","source":"OpenStreetMap (charge-finder mirror)","osm_id":"node/3066809629","website":"https://www.teslamotors.com/supercharger/gilabend"}},{"type":"Feature","geometry":{"type":"Point","coordinates":[-106.070761,39.6314123]},"properties":{"name":"Tesla Supercharger","network":"Tesla Supercharger","brand":"Tesla Supercharger","operator":"Tesla, Inc.","stalls":12,"kw_per_stall":null,"mw_capacity":null,"status":"24/7","access":"","fee":"","sockets":"12","voltage":"","address":"","city":"","state":"","source":"OpenStreetMap (charge-finder mirror)","osm_id":"node/3066815807","website":""}},{"type":"Feature","geometry":{"type":"Point","coordinates":[-114.065641,35.1913868]},"properties":{"name":"Kingman Supercharger","network":"Tesla Supercharger","brand":"Tesla, Inc.","operator":"Tesla, Inc.","stalls":10,"kw_per_stall":150.0,"mw_capacity":1.5,"status":"24/7","access":"customers","fee":"yes","sockets":"6","voltage":"","address":"Carl's Jr. Kingman 789 W Beale St Kingman, AZ 86401-5942","city":"Kingman","state":"AZ","source":"OpenStreetMap (charge-finder mirror)","osm_id":"node/3066833812","website":"https://www.tesla.com/findus/location/supercharger/kingmansupercharger"}},{"type":"Feature","geometry":{"type":"Point","coordinates":[-113.6018904,37.1264327]},"properties":{"name":"Tesla Supercharger","network":"Tesla Supercharger","brand":"Tesla Supercharger","operator":"Tesla, Inc.","stalls":8,"kw_per_stall":null,"mw_capacity":null,"status":"24/7","access":"","fee":"","sockets":"","voltage":"","address":"1091, North Bluff Street, Saint George","city":"Saint George","state":"","source":"OpenStreetMap (charge-finder mirror)","osm_id":"node/3076225828","website":"https://www.tesla.com/findus/location/supercharger/stgeorgeutsupercharger"}},{"type":"Feature","geometry":{"type":"Point","coordinates":[-83.5321828,31.44879]},"properties":{"name":"Tesla Supercharger","network":"Tesla Supercharger","brand":"Tesla Supercharger","operator":"Tesla, Inc.","stalls":11,"kw_per_stall":null,"mw_capacity":null,"status":"unknown","access":"","fee":"yes","sockets":"11","voltage":"","address":"","city":"","state":"","source":"OpenStreetMap (charge-finder mirror)","osm_id":"node/3225936795","website":""}},{"type":"Feature","geometry":{"type":"Point","coordinates":[-86.6357876,31.856013]},"properties":{"name":"Greenville, AL Supercharger","network":"Tesla Supercharger","brand":"Tesla Supercharger","operator":"Tesla, Inc.","stalls":12,"kw_per_stall":250.0,"mw_capacity":3.0,"status":"24/7","access":"yes","fee":"yes","sockets":"12","voltage":"","address":"219, Interstate Drive, Greenville","city":"Greenville","state":"","source":"OpenStreetMap (charge-finder mirror)","osm_id":"node/3261158128","website":"https://www.teslamotors.com/supercharger/greenville"}},{"type":"Feature","geometry":{"type":"Point","coordinates":[-111.68171,32.8787592]},"properties":{"name":"Tesla Supercharger","network":"Tesla Supercharger","brand":"Tesla Supercharger","operator":"Tesla, Inc.","stalls":6,"kw_per_stall":150.0,"mw_capacity":0.9,"status":"24/7","access":"yes","fee":"yes","sockets":"6","voltage":"","address":"Culver's 2453 E. Florence Blvd Casa Grande, AZ 85194-5429","city":"Casa Grande","state":"AZ","source":"OpenStreetMap (charge-finder mirror)","osm_id":"node/3261432595","website":"https://www.teslamotors.com/supercharger/casagrande"}},{"type":"Feature","geometry":{"type":"Point","coordinates":[-112.1184462,34.3274507]},"properties":{"name":"Cordes Lakes Supercharger","network":"Tesla Supercharger","brand":"Tesla Supercharger","operator":"Tesla, Inc.","stalls":8,"kw_per_stall":150.0,"mw_capacity":1.2,"status":"24/7","access":"yes","fee":"yes","sockets":"8","voltage":"","address":"Shell & Subway Travel Center 14925 Cordes Lakes Rd Mayer, AZ 86333","city":"Mayer","state":"AZ","source":"OpenStreetMap (charge-finder mirror)","osm_id":"node/3261473071","website":"https://www.teslamotors.com/supercharger/cordeslakes"}},{"type":"Feature","geometry":{"type":"Point","coordinates":[-110.145581,34.9229518]},"properties":{"name":"Holbrook Supercharger","network":"Tesla Supercharger","brand":"Tesla, Inc.","operator":"Tesla, Inc.","stalls":12,"kw_per_stall":150.0,"mw_capacity":1.8,"status":"24/7","access":"yes","fee":"","sockets":"4","voltage":"","address":"Burger King Holbrook 2096 Navajo Blvd Holbrook, AZ 86025-2100","city":"Holbrook","state":"AZ","source":"OpenStreetMap (charge-finder mirror)","osm_id":"node/3261539564","website":"https://www.teslamotors.com/supercharger/holbrook"}},{"type":"Feature","geometry":{"type":"Point","coordinates":[-114.242312,33.6607334]},"properties":{"name":"Tesla Supercharger","network":"Tesla Supercharger","brand":"Tesla Supercharger","operator":"Tesla, Inc.","stalls":8,"kw_per_stall":150.0,"mw_capacity":1.2,"status":"24/7","access":"yes","fee":"yes","sockets":"8","voltage":"","address":"Carl's Jr. 1451 West Main Street Quartzsite, AZ 85346-5359","city":"Quartzsite","state":"AZ","source":"OpenStreetMap (charge-finder mirror)","osm_id":"node/3262225403","website":"https://www.tesla.com/findus/location/supercharger/quartzsitesupercharger"}},{"type":"Feature","geometry":{"type":"Point","coordinates":[-112.7314877,33.9702644]},"properties":{"name":"Tesla Supercharger","network":"Tesla Supercharger","brand":"Tesla Supercharger","operator":"Tesla, Inc.","stalls":8,"kw_per_stall":150.0,"mw_capacity":1.2,"status":"24/7","access":"yes","fee":"yes","sockets":"6","voltage":"","address":"Wickenburg Town Hall 155 N Tegner Wickenburg, AZ 85390-3427","city":"Wickenburg","state":"AZ","source":"OpenStreetMap (charge-finder mirror)","osm_id":"node/3262263382","website":"https://www.teslamotors.com/supercharger/wickenburg/"}},{"type":"Feature","geometry":{"type":"Point","coordinates":[-114.619093,32.7267268]},"properties":{"name":"Tesla Supercharger Yuma","network":"Tesla Supercharger","brand":"Tesla Supercharger","operator":"Tesla, Inc.","stalls":12,"kw_per_stall":150.0,"mw_capacity":1.8,"status":"24/7","access":"yes","fee":"yes","sockets":"8","voltage":"","address":"Hilton Garden Inn/ Pivot Point Conference Center 310 North Madison Avenue Yuma, AZ 85364-1417","city":"Yuma","state":"AZ","source":"OpenStreetMap (charge-finder mirror)","osm_id":"node/3262272468","website":"https://www.teslamotors.com/supercharger/yuma"}},{"type":"Feature","geometry":{"type":"Point","coordinates":[-122.1983777,39.9264996]},"properties":{"name":"Tesla Supercharger","network":"Tesla Supercharger","brand":"Tesla Supercharger","operator":"Tesla Motors","stalls":6,"kw_per_stall":null,"mw_capacity":null,"status":"24/7","access":"","fee":"","sockets":"6","voltage":"","address":"950, Hwy 99 W, Corning, CA","city":"Corning","state":"CA","source":"OpenStreetMap (charge-finder mirror)","osm_id":"node/3262738744","website":"https://www.teslamotors.com/supercharger/corning"}},{"type":"Feature","geometry":{"type":"Point","coordinates":[-121.188171,38.6423254]},"properties":{"name":"Tesla Supercharger Folsom","network":"Tesla Supercharger","brand":"Tesla Supercharger","operator":"Tesla, Inc.","stalls":4,"kw_per_stall":null,"mw_capacity":null,"status":"unknown","access":"","fee":"","sockets":"4","voltage":"","address":"220, Iron Point Road, Folsom, CA","city":"Folsom","state":"CA","source":"OpenStreetMap (charge-finder mirror)","osm_id":"node/3262790050","website":"https://www.teslamotors.com/supercharger/folsom"}},{"type":"Feature","geometry":{"type":"Point","coordinates":[-73.0090794,41.2458309]},"properties":{"name":"Tesla Supercharger","network":"Tesla Supercharger","brand":"Tesla Supercharger","operator":"Tesla, Inc.","stalls":2,"kw_per_stall":null,"mw_capacity":null,"status":"24/7","access":"","fee":"no","sockets":"2","voltage":"","address":"","city":"","state":"","source":"OpenStreetMap (charge-finder mirror)","osm_id":"node/3365330275","website":""}},{"type":"Feature","geometry":{"type":"Point","coordinates":[-73.0105251,41.2462403]},"properties":{"name":"Tesla Supercharger","network":"Tesla Supercharger","brand":"Tesla Supercharger","operator":"Tesla, Inc.","stalls":2,"kw_per_stall":null,"mw_capacity":null,"status":"24/7","access":"","fee":"no","sockets":"2","voltage":"","address":"","city":"","state":"","source":"OpenStreetMap (charge-finder mirror)","osm_id":"node/3365330276","website":""}},{"type":"Feature","geometry":{"type":"Point","coordinates":[-122.338754,48.509639]},"properties":{"name":"Tesla Supercharger","network":"Tesla Supercharger","brand":"","operator":"Tesla Motors Inc.","stalls":null,"kw_per_stall":null,"mw_capacity":null,"status":"24/7","access":"","fee":"","sockets":"","voltage":"","address":"9384, Old Highway 99 North Road, Burlington","city":"Burlington","state":"","source":"OpenStreetMap (charge-finder mirror)","osm_id":"node/3453158193","website":"http://teslamotors.com"}},{"type":"Feature","geometry":{"type":"Point","coordinates":[-73.6716627,41.0415998]},"properties":{"name":"Tesla Supercharger","network":"Tesla Supercharger","brand":"Tesla Supercharger","operator":"Tesla Motors Inc","stalls":4,"kw_per_stall":null,"mw_capacity":null,"status":"unknown","access":"","fee":"","sockets":"","voltage":"","address":"","city":"","state":"","source":"OpenStreetMap (charge-finder mirror)","osm_id":"node/3460389875","website":""}},{"type":"Feature","geometry":{"type":"Point","coordinates":[-76.1874749,43.1023654]},"properties":{"name":"Tesla Supercharger","network":"Tesla Supercharger","brand":"Tesla Supercharger","operator":"Tesla, Inc.","stalls":8,"kw_per_stall":null,"mw_capacity":null,"status":"24/7","access":"","fee":"","sockets":"","voltage":"","address":"441, Electronics Parkway, Liverpool, NY","city":"Liverpool","state":"NY","source":"OpenStreetMap (charge-finder mirror)","osm_id":"node/3492474221","website":""}},{"type":"Feature","geometry":{"type":"Point","coordinates":[-74.4446785,40.4159354]},"properties":{"name":"Tesla Supercharger","network":"Tesla Supercharger","brand":"Tesla Supercharger","operator":"Tesla Motors","stalls":4,"kw_per_stall":null,"mw_capacity":null,"status":"unknown","access":"","fee":"","sockets":"","voltage":"","address":"","city":"","state":"","source":"OpenStreetMap (charge-finder mirror)","osm_id":"node/3617934601","website":""}},{"type":"Feature","geometry":{"type":"Point","coordinates":[-75.5649321,38.4016353]},"properties":{"name":"Tesla Supercharger","network":"Tesla Supercharger","brand":"Tesla Supercharger","operator":"Tesla, Inc.","stalls":6,"kw_per_stall":null,"mw_capacity":null,"status":"24/7","access":"","fee":"","sockets":"6","voltage":"","address":"","city":"","state":"","source":"OpenStreetMap (charge-finder mirror)","osm_id":"node/3628529066","website":""}},{"type":"Feature","geometry":{"type":"Point","coordinates":[-77.7334565,39.6058271]},"properties":{"name":"Tesla Supercharger","network":"Tesla Supercharger","brand":"Tesla Supercharger","operator":"Tesla Motors","stalls":6,"kw_per_stall":null,"mw_capacity":null,"status":"24/7","access":"","fee":"","sockets":"6","voltage":"","address":"","city":"","state":"","source":"OpenStreetMap (charge-finder mirror)","osm_id":"node/3629237460","website":""}},{"type":"Feature","geometry":{"type":"Point","coordinates":[-109.473841,37.625595]},"properties":{"name":"Tesla","network":"Tesla","brand":"","operator":"brand=Tesla","stalls":null,"kw_per_stall":null,"mw_capacity":null,"status":"unknown","access":"yes","fee":"","sockets":"","voltage":"","address":"","city":"","state":"","source":"OpenStreetMap (charge-finder mirror)","osm_id":"node/3636044606","website":""}},{"type":"Feature","geometry":{"type":"Point","coordinates":[-77.2963344,38.6409139]},"properties":{"name":"Woodbridge, VA Supercharger","network":"Tesla Supercharger","brand":"Tesla, Inc.","operator":"Tesla, Inc.","stalls":8,"kw_per_stall":null,"mw_capacity":null,"status":"24/7","access":"","fee":"","sockets":"8","voltage":"","address":"","city":"","state":"","source":"OpenStreetMap (charge-finder mirror)","osm_id":"node/3637961714","website":""}},{"type":"Feature","geometry":{"type":"Point","coordinates":[-75.6920392,39.6623281]},"properties":{"name":"Newark Supercharger","network":"Tesla Supercharger","brand":"Tesla Supercharger","operator":"Tesla, Inc.","stalls":4,"kw_per_stall":null,"mw_capacity":null,"status":"24/7","access":"","fee":"no","sockets":"4","voltage":"","address":"","city":"","state":"","source":"OpenStreetMap (charge-finder mirror)","osm_id":"node/3639093770","website":""}},{"type":"Feature","geometry":{"type":"Point","coordinates":[-84.1138633,37.1491107]},"properties":{"name":"Tesla Supercharger","network":"Tesla Supercharger","brand":"Tesla Supercharger","operator":"Tesla Motors","stalls":6,"kw_per_stall":null,"mw_capacity":null,"status":"24/7","access":"","fee":"","sockets":"6","voltage":"","address":"","city":"","state":"","source":"OpenStreetMap (charge-finder mirror)","osm_id":"node/3645393299","website":""}},{"type":"Feature","geometry":{"type":"Point","coordinates":[-84.4210175,38.0177874]},"properties":{"name":"Tesla Supercharger","network":"Tesla Supercharger","brand":"Tesla Supercharger","operator":"Tesla, Inc.","stalls":8,"kw_per_stall":null,"mw_capacity":null,"status":"24/7","access":"","fee":"","sockets":"8","voltage":"","address":"","city":"","state":"","source":"OpenStreetMap (charge-finder mirror)","osm_id":"node/3645603186","website":""}},{"type":"Feature","geometry":{"type":"Point","coordinates":[-120.666375,35.4864801]},"properties":{"name":"Atascadero Supercharger","network":"Tesla Supercharger","brand":"Tesla Supercharger","operator":"Tesla, Inc.","stalls":8,"kw_per_stall":null,"mw_capacity":null,"status":"24/7","access":"","fee":"","sockets":"8","voltage":"","address":"","city":"","state":"","source":"OpenStreetMap (charge-finder mirror)","osm_id":"node/3645626553","website":""}},{"type":"Feature","geometry":{"type":"Point","coordinates":[-76.7561115,35.8506363]},"properties":{"name":"Tesla Supercharger","network":"Tesla Supercharger","brand":"Tesla Supercharger","operator":"Tesla, Inc.","stalls":8,"kw_per_stall":null,"mw_capacity":null,"status":"24/7","access":"","fee":"","sockets":"8","voltage":"","address":"","city":"","state":"","source":"OpenStreetMap (charge-finder mirror)","osm_id":"node/3649917976","website":""}},{"type":"Feature","geometry":{"type":"Point","coordinates":[-77.1449434,39.0238094]},"properties":{"name":"Bethesda-Montgomery Mall Supercharger","network":"Tesla Supercharger","brand":"Tesla, Inc.","operator":"Tesla, Inc.","stalls":2,"kw_per_stall":null,"mw_capacity":null,"status":"24/7","access":"","fee":"","sockets":"2","voltage":"","address":"","city":"","state":"","source":"OpenStreetMap (charge-finder mirror)","osm_id":"node/3649932125","website":""}},{"type":"Feature","geometry":{"type":"Point","coordinates":[-80.6027113,40.0607208]},"properties":{"name":"Triadelphia Supercharger","network":"Tesla Supercharger","brand":"","operator":"Tesla Motors","stalls":4,"kw_per_stall":null,"mw_capacity":null,"status":"24/7","access":"","fee":"","sockets":"4","voltage":"","address":"","city":"","state":"","source":"OpenStreetMap (charge-finder mirror)","osm_id":"node/3654590496","website":""}},{"type":"Feature","geometry":{"type":"Point","coordinates":[-94.3692504,39.0408145]},"properties":{"name":"Tesla Supercharger","network":"Tesla Supercharger","brand":"Tesla Supercharger","operator":"Tesla, Inc.","stalls":6,"kw_per_stall":150.0,"mw_capacity":0.9,"status":"24/7","access":"","fee":"yes","sockets":"6","voltage":"","address":"","city":"","state":"","source":"OpenStreetMap (charge-finder mirror)","osm_id":"node/3654780576","website":""}},{"type":"Feature","geometry":{"type":"Point","coordinates":[-76.503277,44.2672572]},"properties":{"name":"Tesla Supercharger","network":"Tesla Supercharger","brand":"Tesla Supercharger","operator":"Tesla, Inc.","stalls":6,"kw_per_stall":null,"mw_capacity":null,"status":"unknown","access":"yes","fee":"yes","sockets":"","voltage":"","address":"95, Dalton Avenue, Kingston","city":"Kingston","state":"","source":"OpenStreetMap (charge-finder mirror)","osm_id":"node/3657047592","website":""}},{"type":"Feature","geometry":{"type":"Point","coordinates":[-108.828067,35.5052847]},"properties":{"name":"Tesla Supercharger","network":"Tesla Supercharger","brand":"Tesla Supercharger","operator":"Tesla, Inc.","stalls":4,"kw_per_stall":null,"mw_capacity":null,"status":"24/7","access":"","fee":"","sockets":"4","voltage":"","address":"","city":"","state":"","source":"OpenStreetMap (charge-finder mirror)","osm_id":"node/3660280190","website":""}},{"type":"Feature","geometry":{"type":"Point","coordinates":[-115.3880595,35.6107261]},"properties":{"name":"Tesla Supercharger","network":"Tesla Supercharger","brand":"Tesla Supercharger","operator":"Tesla Motors","stalls":8,"kw_per_stall":null,"mw_capacity":null,"status":"24/7","access":"","fee":"","sockets":"8","voltage":"","address":"","city":"","state":"","source":"OpenStreetMap (charge-finder mirror)","osm_id":"node/3660709518","website":""}},{"type":"Feature","geometry":{"type":"Point","coordinates":[-77.8468281,35.9728873]},"properties":{"name":"Tesla Supercharger","network":"Tesla Supercharger","brand":"Tesla Supercharger","operator":"Tesla, Inc.","stalls":8,"kw_per_stall":null,"mw_capacity":null,"status":"24/7","access":"","fee":"no","sockets":"8","voltage":"","address":"","city":"","state":"","source":"OpenStreetMap (charge-finder mirror)","osm_id":"node/3665029987","website":""}},{"type":"Feature","geometry":{"type":"Point","coordinates":[-95.760223,39.0443791]},"properties":{"name":"Tesla Supercharger","network":"Tesla Supercharger","brand":"Tesla Supercharger","operator":"Tesla, Inc.","stalls":8,"kw_per_stall":null,"mw_capacity":null,"status":"24/7","access":"","fee":"no","sockets":"8","voltage":"","address":"","city":"","state":"","source":"OpenStreetMap (charge-finder mirror)","osm_id":"node/3669331612","website":""}},{"type":"Feature","geometry":{"type":"Point","coordinates":[-84.3970163,33.7938684]},"properties":{"name":"Tesla Supercharger","network":"Tesla Supercharger","brand":"Tesla Supercharger","operator":"Tesla, Inc.","stalls":30,"kw_per_stall":null,"mw_capacity":null,"status":"24/7","access":"","fee":"yes","sockets":"10","voltage":"","address":"","city":"","state":"","source":"OpenStreetMap (charge-finder mirror)","osm_id":"node/3681414201","website":""}},{"type":"Feature","geometry":{"type":"Point","coordinates":[-107.340164,39.5526958]},"properties":{"name":"Tesla Supercharger","network":"Tesla Supercharger","brand":"Tesla Supercharger","operator":"Tesla, Inc.","stalls":6,"kw_per_stall":null,"mw_capacity":null,"status":"24/7","access":"","fee":"yes","sockets":"6","voltage":"","address":"","city":"","state":"","source":"OpenStreetMap (charge-finder mirror)","osm_id":"node/3683251248","website":""}},{"type":"Feature","geometry":{"type":"Point","coordinates":[-117.085409,34.8491333]},"properties":{"name":"Tesla Supercharger","network":"Tesla Supercharger","brand":"Tesla Supercharger","operator":"Tesla, Inc.","stalls":16,"kw_per_stall":null,"mw_capacity":null,"status":"24/7","access":"","fee":"","sockets":"16","voltage":"","address":"","city":"","state":"","source":"OpenStreetMap (charge-finder mirror)","osm_id":"node/3702779351","website":"https://www.tesla.com/findus/location/supercharger/barstowcasupercharger"}},{"type":"Feature","geometry":{"type":"Point","coordinates":[-96.5375585,29.6900985]},"properties":{"name":"Columbus Supercharger","network":"Tesla Supercharger","brand":"Tesla, Inc.","operator":"Tesla, Inc.","stalls":6,"kw_per_stall":null,"mw_capacity":null,"status":"24/7","access":"","fee":"no","sockets":"6","voltage":"","address":"2535, Highway 71 South, Columbus","city":"Columbus","state":"","source":"OpenStreetMap (charge-finder mirror)","osm_id":"node/3712051735","website":"https://www.teslamotors.com/findus/location/supercharger/columbussupercharger"}},{"type":"Feature","geometry":{"type":"Point","coordinates":[-95.4214896,29.9803797]},"properties":{"name":"Houston-North Supercharger","network":"Tesla Supercharger","brand":"Tesla Supercharger","operator":"Tesla Motors","stalls":6,"kw_per_stall":null,"mw_capacity":null,"status":"unknown","access":"yes","fee":"","sockets":"6","voltage":"","address":"14820, North Freeway, Houston","city":"Houston","state":"","source":"OpenStreetMap (charge-finder mirror)","osm_id":"node/3712104841","website":"https://www.teslamotors.com/findus/location/supercharger/northhouston"}},{"type":"Feature","geometry":{"type":"Point","coordinates":[-118.368393,47.1162777]},"properties":{"name":"Ritzville Supercharger","network":"Tesla Supercharger","brand":"Tesla Supercharger","operator":"Tesla, Inc.","stalls":4,"kw_per_stall":null,"mw_capacity":null,"status":"24/7","access":"","fee":"no","sockets":"4","voltage":"","address":"","city":"","state":"","source":"OpenStreetMap (charge-finder mirror)","osm_id":"node/3722261586","website":""}},{"type":"Feature","geometry":{"type":"Point","coordinates":[-120.541649,46.9768698]},"properties":{"name":"Ellensburg Supercharger","network":"Tesla Supercharger","brand":"Tesla, Inc.","operator":"Tesla, Inc.","stalls":5,"kw_per_stall":null,"mw_capacity":null,"status":"24/7","access":"","fee":"no","sockets":"5","voltage":"","address":"","city":"","state":"","source":"OpenStreetMap (charge-finder mirror)","osm_id":"node/3722340633","website":""}},{"type":"Feature","geometry":{"type":"Point","coordinates":[-81.0479542,24.7260167]},"properties":{"name":"Tesla Supercharger","network":"Tesla Supercharger","brand":"Tesla Supercharger","operator":"Tesla, Inc.","stalls":4,"kw_per_stall":null,"mw_capacity":null,"status":"24/7","access":"","fee":"no","sockets":"4","voltage":"","address":"","city":"","state":"","source":"OpenStreetMap (charge-finder mirror)","osm_id":"node/3724206498","website":""}},{"type":"Feature","geometry":{"type":"Point","coordinates":[-82.3235593,27.9406857]},"properties":{"name":"Tesla Supercharger","network":"Tesla Supercharger","brand":"Tesla Supercharger","operator":"Tesla, Inc.","stalls":8,"kw_per_stall":null,"mw_capacity":null,"status":"24/7","access":"","fee":"no","sockets":"8","voltage":"","address":"","city":"","state":"","source":"OpenStreetMap (charge-finder mirror)","osm_id":"node/3724370598","website":""}},{"type":"Feature","geometry":{"type":"Point","coordinates":[-81.7871533,26.4855073]},"properties":{"name":"Tesla Supercharger","network":"Tesla Supercharger","brand":"Tesla Supercharger","operator":"Tesla, Inc.","stalls":8,"kw_per_stall":null,"mw_capacity":null,"status":"24/7","access":"","fee":"no","sockets":"8","voltage":"","address":"","city":"","state":"","source":"OpenStreetMap (charge-finder mirror)","osm_id":"node/3724395798","website":""}},{"type":"Feature","geometry":{"type":"Point","coordinates":[-82.679623,30.1813999]},"properties":{"name":"Tesla Supercharger","network":"Tesla Supercharger","brand":"Tesla Supercharger","operator":"Tesla Motors","stalls":6,"kw_per_stall":null,"mw_capacity":null,"status":"24/7","access":"","fee":"no","sockets":"6","voltage":"","address":"","city":"","state":"","source":"OpenStreetMap (charge-finder mirror)","osm_id":"node/3725345212","website":""}},{"type":"Feature","geometry":{"type":"Point","coordinates":[-80.4066823,27.3130244]},"properties":{"name":"Tesla Supercharger","network":"Tesla Supercharger","brand":"Tesla Supercharger","operator":"Tesla, Inc.","stalls":8,"kw_per_stall":null,"mw_capacity":null,"status":"24/7","access":"","fee":"no","sockets":"8","voltage":"","address":"","city":"","state":"","source":"OpenStreetMap (charge-finder mirror)","osm_id":"node/3725401182","website":""}},{"type":"Feature","geometry":{"type":"Point","coordinates":[-80.8227936,27.6006617]},"properties":{"name":"Tesla Supercharger","network":"Tesla Supercharger","brand":"Tesla Supercharger","operator":"Tesla, Inc.","stalls":6,"kw_per_stall":null,"mw_capacity":null,"status":"24/7","access":"","fee":"no","sockets":"6","voltage":"","address":"","city":"","state":"","source":"OpenStreetMap (charge-finder mirror)","osm_id":"node/3725407305","website":""}},{"type":"Feature","geometry":{"type":"Point","coordinates":[-82.1940074,29.1409655]},"properties":{"name":"Tesla Supercharger","network":"Tesla Supercharger","brand":"Tesla Supercharger","operator":"Tesla, Inc.","stalls":8,"kw_per_stall":null,"mw_capacity":null,"status":"24/7","access":"","fee":"no","sockets":"8","voltage":"","address":"","city":"","state":"","source":"OpenStreetMap (charge-finder mirror)","osm_id":"node/3725431651","website":""}},{"type":"Feature","geometry":{"type":"Point","coordinates":[-81.416079,29.9242625]},"properties":{"name":"Tesla Supercharger","network":"Tesla Supercharger","brand":"Tesla Supercharger","operator":"Tesla, Inc.","stalls":6,"kw_per_stall":null,"mw_capacity":null,"status":"24/7","access":"","fee":"no","sockets":"6","voltage":"","address":"","city":"","state":"","source":"OpenStreetMap (charge-finder mirror)","osm_id":"node/3725442003","website":""}},{"type":"Feature","geometry":{"type":"Point","coordinates":[-81.0346383,29.1085608]},"properties":{"name":"Tesla Supercharger","network":"Tesla Supercharger","brand":"Tesla Supercharger","operator":"Tesla, Inc.","stalls":6,"kw_per_stall":null,"mw_capacity":null,"status":"24/7","access":"","fee":"no","sockets":"6","voltage":"","address":"","city":"","state":"","source":"OpenStreetMap (charge-finder mirror)","osm_id":"node/3725458819","website":""}},{"type":"Feature","geometry":{"type":"Point","coordinates":[-81.5001952,28.5148708]},"properties":{"name":"Tesla Supercharger","network":"Tesla Supercharger","brand":"Tesla Supercharger","operator":"Tesla Motors","stalls":6,"kw_per_stall":null,"mw_capacity":null,"status":"24/7","access":"","fee":"no","sockets":"6","voltage":"","address":"","city":"","state":"","source":"OpenStreetMap (charge-finder mirror)","osm_id":"node/3725484243","website":""}},{"type":"Feature","geometry":{"type":"Point","coordinates":[-88.1184565,30.6715753]},"properties":{"name":"Mobile, AL Supercharger","network":"Tesla Supercharger","brand":"Tesla Supercharger","operator":"Tesla, Inc.","stalls":8,"kw_per_stall":150.0,"mw_capacity":1.2,"status":"24/7","access":"yes","fee":"no","sockets":"8","voltage":"","address":"3201, Airport Blvd, Mobile","city":"Mobile","state":"","source":"OpenStreetMap (charge-finder mirror)","osm_id":"node/3725549098","website":"https://www.tesla.com/findus/location/supercharger/mobilealsupercharger"}},{"type":"Feature","geometry":{"type":"Point","coordinates":[-85.4450848,32.6278047]},"properties":{"name":"Auburn, AL Supercharger","network":"Tesla Supercharger","brand":"Tesla Supercharger","operator":"Tesla, Inc.","stalls":6,"kw_per_stall":150.0,"mw_capacity":0.9,"status":"24/7","access":"yes","fee":"yes","sockets":"6","voltage":"","address":"Auburn, AL","city":"Auburn, AL","state":"","source":"OpenStreetMap (charge-finder mirror)","osm_id":"node/3725551577","website":"https://www.tesla.com/findus/location/supercharger/auburnalsupercharger"}},{"type":"Feature","geometry":{"type":"Point","coordinates":[-86.1166536,30.7206977]},"properties":{"name":"Tesla Supercharger","network":"Tesla Supercharger","brand":"Tesla Supercharger","operator":"Tesla Motors","stalls":5,"kw_per_stall":null,"mw_capacity":null,"status":"24/7","access":"","fee":"no","sockets":"5","voltage":"","address":"","city":"","state":"","source":"OpenStreetMap (charge-finder mirror)","osm_id":"node/3725556209","website":""}},{"type":"Feature","geometry":{"type":"Point","coordinates":[-103.708543,39.2690128]},"properties":{"name":"Tesla Supercharger","network":"Tesla Supercharger","brand":"Tesla Supercharger","operator":"Tesla, Inc.","stalls":14,"kw_per_stall":null,"mw_capacity":null,"status":"24/7","access":"","fee":"yes","sockets":"14","voltage":"","address":"","city":"","state":"","source":"OpenStreetMap (charge-finder mirror)","osm_id":"node/3728453095","website":""}},{"type":"Feature","geometry":{"type":"Point","coordinates":[-104.794642,39.775136]},"properties":{"name":"Tesla Supercharger","network":"Tesla Supercharger","brand":"Tesla Supercharger","operator":"Tesla, Inc.","stalls":10,"kw_per_stall":150.0,"mw_capacity":1.5,"status":"24/7","access":"","fee":"yes","sockets":"10","voltage":"","address":"4310, Airport Way","city":"","state":"","source":"OpenStreetMap (charge-finder mirror)","osm_id":"node/3728458593","website":"https://www.tesla.com/findus/location/supercharger/denversupercharger"}},{"type":"Feature","geometry":{"type":"Point","coordinates":[-104.873478,39.5627246]},"properties":{"name":"Tesla Supercharger","network":"Tesla Supercharger","brand":"Tesla Supercharger","operator":"Tesla, Inc.","stalls":10,"kw_per_stall":null,"mw_capacity":null,"status":"24/7","access":"","fee":"no","sockets":"4","voltage":"","address":"","city":"","state":"","source":"OpenStreetMap (charge-finder mirror)","osm_id":"node/3728603328","website":""}},{"type":"Feature","geometry":{"type":"Point","coordinates":[-104.8049814,41.1611133]},"properties":{"name":"Tesla Supercharger","network":"Tesla Supercharger","brand":"Tesla Supercharger","operator":"Tesla, Inc.","stalls":4,"kw_per_stall":null,"mw_capacity":null,"status":"24/7","access":"","fee":"yes","sockets":"4","voltage":"","address":"","city":"","state":"","source":"OpenStreetMap (charge-finder mirror)","osm_id":"node/3728609890","website":""}},{"type":"Feature","geometry":{"type":"Point","coordinates":[-104.4527039,42.756254]},"properties":{"name":"Tesla Supercharger","network":"Tesla Supercharger","brand":"Tesla Supercharger","operator":"Tesla Motors","stalls":4,"kw_per_stall":null,"mw_capacity":null,"status":"24/7","access":"","fee":"no","sockets":"4","voltage":"","address":"","city":"","state":"","source":"OpenStreetMap (charge-finder mirror)","osm_id":"node/3728620045","website":""}},{"type":"Feature","geometry":{"type":"Point","coordinates":[-106.956302,44.8045809]},"properties":{"name":"Tesla Supercharger","network":"Tesla Supercharger","brand":"Tesla Supercharger","operator":"Tesla, Inc.","stalls":4,"kw_per_stall":null,"mw_capacity":null,"status":"24/7","access":"","fee":"no","sockets":"4","voltage":"","address":"","city":"","state":"","source":"OpenStreetMap (charge-finder mirror)","osm_id":"node/3728631900","website":""}},{"type":"Feature","geometry":{"type":"Point","coordinates":[-108.604971,45.7340627]},"properties":{"name":"Tesla Supercharger","network":"Tesla Supercharger","brand":"Tesla Supercharger","operator":"Tesla, Inc.","stalls":4,"kw_per_stall":null,"mw_capacity":null,"status":"24/7","access":"","fee":"no","sockets":"4","voltage":"","address":"","city":"","state":"","source":"OpenStreetMap (charge-finder mirror)","osm_id":"node/3728635356","website":""}},{"type":"Feature","geometry":{"type":"Point","coordinates":[-88.3092329,41.760553]},"properties":{"name":"Aurora Supercharger","network":"Tesla Supercharger","brand":"Tesla, Inc.","operator":"Tesla, Inc.","stalls":4,"kw_per_stall":null,"mw_capacity":null,"status":"24/7","access":"","fee":"no","sockets":"4","voltage":"","address":"","city":"","state":"","source":"OpenStreetMap (charge-finder mirror)","osm_id":"node/3732516964","website":""}},{"type":"Feature","geometry":{"type":"Point","coordinates":[-87.7213046,41.585214]},"properties":{"name":"Tesla Supercharger","network":"Tesla Supercharger","brand":"Tesla Supercharger","operator":"Tesla, Inc.","stalls":8,"kw_per_stall":null,"mw_capacity":null,"status":"24/7","access":"","fee":"no","sockets":"8","voltage":"","address":"","city":"","state":"","source":"OpenStreetMap (charge-finder mirror)","osm_id":"node/3732523117","website":""}},{"type":"Feature","geometry":{"type":"Point","coordinates":[-71.4972054,41.6605985]},"properties":{"name":"East Greenwich Supercharger","network":"Tesla Supercharger","brand":"Tesla, Inc.","operator":"Tesla, Inc.","stalls":8,"kw_per_stall":null,"mw_capacity":null,"status":"24/7","access":"","fee":"no","sockets":"8","voltage":"","address":"","city":"","state":"","source":"OpenStreetMap (charge-finder mirror)","osm_id":"node/3732549036","website":""}},{"type":"Feature","geometry":{"type":"Point","coordinates":[-120.207416,39.3273461]},"properties":{"name":"Tesla Supercharger","network":"Tesla Supercharger","brand":"Tesla Supercharger","operator":"Tesla, Inc.","stalls":6,"kw_per_stall":null,"mw_capacity":null,"status":"24/7","access":"","fee":"no","sockets":"6","voltage":"","address":"","city":"","state":"","source":"OpenStreetMap (charge-finder mirror)","osm_id":"node/3746606531","website":""}},{"type":"Feature","geometry":{"type":"Point","coordinates":[-121.210412,38.8004984]},"properties":{"name":"Rocklin Supercharger","network":"Tesla Supercharger","brand":"Tesla Supercharger","operator":"Tesla, Inc.","stalls":18,"kw_per_stall":null,"mw_capacity":null,"status":"24/7","access":"","fee":"no","sockets":"8","voltage":"","address":"","city":"","state":"","source":"OpenStreetMap (charge-finder mirror)","osm_id":"node/3746636189","website":""}},{"type":"Feature","geometry":{"type":"Point","coordinates":[-84.3834814,39.2246283]},"properties":{"name":"Tesla Supercharger","network":"Tesla Supercharger","brand":"Tesla Supercharger","operator":"Tesla Motors","stalls":8,"kw_per_stall":null,"mw_capacity":null,"status":"24/7","access":"","fee":"","sockets":"","voltage":"","address":"","city":"","state":"","source":"OpenStreetMap (charge-finder mirror)","osm_id":"node/3762118941","website":"https://www.teslamotors.com/findus/location/supercharger/cincinnati"}},{"type":"Feature","geometry":{"type":"Point","coordinates":[-71.1783624,42.2364745]},"properties":{"name":"Tesla Supercharger","network":"Tesla Supercharger","brand":"Tesla Supercharger","operator":"Tesla Motors","stalls":8,"kw_per_stall":null,"mw_capacity":null,"status":"24/7","access":"yes","fee":"yes","sockets":"8","voltage":"","address":"840, Boston Providence Turnpike, MA","city":"","state":"MA","source":"OpenStreetMap (charge-finder mirror)","osm_id":"node/3769886358","website":"https://www.teslamotors.com/findus/location/supercharger/dedham"}},{"type":"Feature","geometry":{"type":"Point","coordinates":[-111.888751,40.7203612]},"properties":{"name":"Tesla Supercharger South Salt Lake City","network":"Tesla Supercharger","brand":"Tesla Supercharger","operator":"Tesla, Inc.","stalls":10,"kw_per_stall":null,"mw_capacity":null,"status":"unknown","access":"","fee":"","sockets":"","voltage":"","address":"","city":"","state":"","source":"OpenStreetMap (charge-finder mirror)","osm_id":"node/3790548865","website":""}},{"type":"Feature","geometry":{"type":"Point","coordinates":[-117.197237,32.7260576]},"properties":{"name":"Tesla Supercharger","network":"Tesla Supercharger","brand":"","operator":"","stalls":1,"kw_per_stall":null,"mw_capacity":null,"status":"24/7","access":"","fee":"","sockets":"1","voltage":"","address":"","city":"","state":"","source":"OpenStreetMap (charge-finder mirror)","osm_id":"node/3790905465","website":""}},{"type":"Feature","geometry":{"type":"Point","coordinates":[-121.944818,37.4927625]},"properties":{"name":"Tesla Supercharger","network":"Tesla Supercharger","brand":"Tesla Supercharger","operator":"Tesla, Inc.","stalls":12,"kw_per_stall":null,"mw_capacity":null,"status":"24/7","access":"","fee":"","sockets":"","voltage":"","address":"45500, Fremont Boulevard, Fremont, CA","city":"Fremont","state":"CA","source":"OpenStreetMap (charge-finder mirror)","osm_id":"node/3795351115","website":"https://www.tesla.com/findus/location/supercharger/fremont"}},{"type":"Feature","geometry":{"type":"Point","coordinates":[-121.925327,37.703183]},"properties":{"name":"Tesla Supercharger","network":"Tesla Supercharger","brand":"Tesla Supercharger","operator":"Tesla, Inc.","stalls":14,"kw_per_stall":null,"mw_capacity":null,"status":"unknown","access":"","fee":"","sockets":"","voltage":"","address":"6701, Amador Plaza Road, Dublin, CA","city":"Dublin","state":"CA","source":"OpenStreetMap (charge-finder mirror)","osm_id":"node/3799657271","website":"https://www.tesla.com/findus/location/supercharger/dublinamador"}},{"type":"Feature","geometry":{"type":"Point","coordinates":[-97.7470791,30.2520621]},"properties":{"name":"Hotel Saint Cecilia Tesla Destination","network":"Tesla","brand":"Tesla","operator":"","stalls":1,"kw_per_stall":null,"mw_capacity":null,"status":"24/7","access":"customers","fee":"no","sockets":"","voltage":"","address":"","city":"","state":"","source":"OpenStreetMap (charge-finder mirror)","osm_id":"node/3913322774","website":""}},{"type":"Feature","geometry":{"type":"Point","coordinates":[-97.979638,29.8278639]},"properties":{"name":"San Marcos Supercharger","network":"Tesla Supercharger","brand":"Tesla Supercharger","operator":"Tesla, Inc.","stalls":5,"kw_per_stall":null,"mw_capacity":null,"status":"24/7","access":"","fee":"","sockets":"5","voltage":"","address":"3939, I-35, San Marcos, TX","city":"San Marcos","state":"TX","source":"OpenStreetMap (charge-finder mirror)","osm_id":"node/3999113074","website":"https://www.teslamotors.com/findus/location/supercharger/sanmarcossupercharger"}},{"type":"Feature","geometry":{"type":"Point","coordinates":[-122.076612,37.4153136]},"properties":{"name":"Tesla Supercharger","network":"Tesla Supercharger","brand":"Tesla Supercharger","operator":"Tesla, Inc.","stalls":12,"kw_per_stall":null,"mw_capacity":null,"status":"unknown","access":"","fee":"","sockets":"","voltage":"","address":"","city":"","state":"","source":"OpenStreetMap (charge-finder mirror)","osm_id":"node/4114649505","website":""}},{"type":"Feature","geometry":{"type":"Point","coordinates":[-111.7536507,36.7439535]},"properties":{"name":"Tesla Electric Vehicle Parking","network":"Tesla","brand":"","operator":"Cliff Dwellers Lodge","stalls":2,"kw_per_stall":null,"mw_capacity":null,"status":"open; Dec 24 off; Jan 01 off","access":"","fee":"","sockets":"","voltage":"","address":"","city":"","state":"","source":"OpenStreetMap (charge-finder mirror)","osm_id":"node/4147384557","website":""}},{"type":"Feature","geometry":{"type":"Point","coordinates":[-104.896104,39.6265114]},"properties":{"name":"Tesla Supercharger","network":"Tesla Supercharger","brand":"Tesla Supercharger","operator":"Tesla, Inc.","stalls":null,"kw_per_stall":null,"mw_capacity":null,"status":"unknown","access":"","fee":"","sockets":"","voltage":"","address":"","city":"","state":"","source":"OpenStreetMap (charge-finder mirror)","osm_id":"node/4149053421","website":""}},{"type":"Feature","geometry":{"type":"Point","coordinates":[-118.390225,33.9867823]},"properties":{"name":"Culver City Supercharger","network":"Tesla Supercharger","brand":"Tesla, Inc.","operator":"Tesla, Inc.","stalls":12,"kw_per_stall":null,"mw_capacity":null,"status":"unknown","access":"","fee":"","sockets":"","voltage":"","address":"","city":"","state":"","source":"OpenStreetMap (charge-finder mirror)","osm_id":"node/4159764742","website":""}},{"type":"Feature","geometry":{"type":"Point","coordinates":[-89.6711731,39.7488377]},"properties":{"name":"Tesla Supercharger","network":"Tesla Supercharger","brand":"Tesla Supercharger","operator":"Tesla, Inc.","stalls":8,"kw_per_stall":null,"mw_capacity":null,"status":"unknown","access":"","fee":"","sockets":"","voltage":"","address":"","city":"","state":"","source":"OpenStreetMap (charge-finder mirror)","osm_id":"node/4164025559","website":""}},{"type":"Feature","geometry":{"type":"Point","coordinates":[-117.7465098,40.9588483]},"properties":{"name":"Tesla Supercharger","network":"Tesla Supercharger","brand":"Tesla Supercharger","operator":"Tesla, Inc.","stalls":4,"kw_per_stall":null,"mw_capacity":null,"status":"unknown","access":"","fee":"","sockets":"1","voltage":"","address":"","city":"","state":"","source":"OpenStreetMap (charge-finder mirror)","osm_id":"node/4173564627","website":""}},{"type":"Feature","geometry":{"type":"Point","coordinates":[-73.5048799,41.0673028]},"properties":{"name":"Tesla Supercharger","network":"Tesla Supercharger","brand":"Tesla Supercharger","operator":"Tesla, Inc.","stalls":4,"kw_per_stall":null,"mw_capacity":null,"status":"24/7","access":"","fee":"","sockets":"4","voltage":"","address":"I 95 (CT), Darien, CT","city":"Darien","state":"CT","source":"OpenStreetMap (charge-finder mirror)","osm_id":"node/4217186895","website":"https://www.teslamotors.com/findus/location/supercharger/dariensouthsupercharger"}},{"type":"Feature","geometry":{"type":"Point","coordinates":[-86.1382088,30.3200423]},"properties":{"name":"Tesla Destination Charger","network":"Tesla","brand":"Tesla","operator":"Seaside","stalls":1,"kw_per_stall":null,"mw_capacity":null,"status":"unknown","access":"permissive","fee":"no","sockets":"","voltage":"","address":"","city":"","state":"","source":"OpenStreetMap (charge-finder mirror)","osm_id":"node/4263671746","website":""}},{"type":"Feature","geometry":{"type":"Point","coordinates":[-72.4269491,40.8919133]},"properties":{"name":"Tesla Supercharger","network":"Tesla Supercharger","brand":"Tesla Supercharger","operator":"Tesla Motors","stalls":8,"kw_per_stall":null,"mw_capacity":null,"status":"24/7","access":"","fee":"no","sockets":"8","voltage":"","address":"","city":"","state":"","source":"OpenStreetMap (charge-finder mirror)","osm_id":"node/4264401645","website":""}},{"type":"Feature","geometry":{"type":"Point","coordinates":[-83.664656,41.5783907]},"properties":{"name":"Tesla Supercharger","network":"Tesla Supercharger","brand":"Tesla Supercharger","operator":"Tesla, Inc.","stalls":null,"kw_per_stall":null,"mw_capacity":null,"status":"unknown","access":"","fee":"","sockets":"","voltage":"","address":"","city":"","state":"","source":"OpenStreetMap (charge-finder mirror)","osm_id":"node/4308187043","website":""}},{"type":"Feature","geometry":{"type":"Point","coordinates":[-83.6646812,41.578408]},"properties":{"name":"Tesla Supercharger","network":"Tesla Supercharger","brand":"Tesla Supercharger","operator":"Tesla, Inc.","stalls":null,"kw_per_stall":null,"mw_capacity":null,"status":"unknown","access":"","fee":"","sockets":"","voltage":"","address":"","city":"","state":"","source":"OpenStreetMap (charge-finder mirror)","osm_id":"node/4308187044","website":""}},{"type":"Feature","geometry":{"type":"Point","coordinates":[-83.6647033,41.5784248]},"properties":{"name":"Tesla Supercharger","network":"Tesla Supercharger","brand":"Tesla Supercharger","operator":"Tesla, Inc.","stalls":null,"kw_per_stall":null,"mw_capacity":null,"status":"unknown","access":"","fee":"","sockets":"","voltage":"","address":"","city":"","state":"","source":"OpenStreetMap (charge-finder mirror)","osm_id":"node/4308187045","website":""}},{"type":"Feature","geometry":{"type":"Point","coordinates":[-83.6647295,41.5784425]},"properties":{"name":"Tesla Supercharger","network":"Tesla Supercharger","brand":"Tesla Supercharger","operator":"Tesla, Inc.","stalls":null,"kw_per_stall":null,"mw_capacity":null,"status":"unknown","access":"","fee":"","sockets":"","voltage":"","address":"","city":"","state":"","source":"OpenStreetMap (charge-finder mirror)","osm_id":"node/4308187046","website":""}},{"type":"Feature","geometry":{"type":"Point","coordinates":[-83.664752,41.5784602]},"properties":{"name":"Tesla Supercharger","network":"Tesla Supercharger","brand":"Tesla Supercharger","operator":"Tesla, Inc.","stalls":null,"kw_per_stall":null,"mw_capacity":null,"status":"unknown","access":"","fee":"","sockets":"","voltage":"","address":"","city":"","state":"","source":"OpenStreetMap (charge-finder mirror)","osm_id":"node/4308187047","website":""}},{"type":"Feature","geometry":{"type":"Point","coordinates":[-83.6646329,41.5783743]},"properties":{"name":"Tesla Supercharger","network":"Tesla Supercharger","brand":"Tesla Supercharger","operator":"Tesla, Inc.","stalls":null,"kw_per_stall":null,"mw_capacity":null,"status":"unknown","access":"","fee":"","sockets":"","voltage":"","address":"","city":"","state":"","source":"OpenStreetMap (charge-finder mirror)","osm_id":"node/4308187048","website":""}},{"type":"Feature","geometry":{"type":"Point","coordinates":[-111.063287,45.7000668]},"properties":{"name":"Tesla Supercharger","network":"Tesla Supercharger","brand":"Tesla Supercharger","operator":"Tesla, Inc.","stalls":4,"kw_per_stall":null,"mw_capacity":null,"status":"24/7","access":"","fee":"","sockets":"4","voltage":"","address":"","city":"","state":"","source":"OpenStreetMap (charge-finder mirror)","osm_id":"node/4316443583","website":""}},{"type":"Feature","geometry":{"type":"Point","coordinates":[-75.560112,40.5881342]},"properties":{"name":"Tesla Supercharger","network":"Tesla Supercharger","brand":"Tesla Supercharger","operator":"Tesla, Inc.","stalls":null,"kw_per_stall":null,"mw_capacity":null,"status":"unknown","access":"","fee":"","sockets":"","voltage":"","address":"","city":"","state":"","source":"OpenStreetMap (charge-finder mirror)","osm_id":"node/4326260600","website":""}},{"type":"Feature","geometry":{"type":"Point","coordinates":[-86.4564988,42.0563718]},"properties":{"name":"St. Joseph, MI Supercharger","network":"Tesla Supercharger","brand":"Tesla Supercharger","operator":"Tesla, Inc.","stalls":8,"kw_per_stall":150.0,"mw_capacity":1.2,"status":"24/7","access":"customers","fee":"yes","sockets":"8","voltage":"","address":"3260, Niles Road, Saint Joseph, MI","city":"Saint Joseph","state":"MI","source":"OpenStreetMap (charge-finder mirror)","osm_id":"node/4361746752","website":"https://www.tesla.com/findus/location/supercharger/stjosephsupercharger"}},{"type":"Feature","geometry":{"type":"Point","coordinates":[-72.1857194,45.2812261]},"properties":{"name":"Tesla Supercharger","network":"Tesla Supercharger","brand":"Tesla Supercharger","operator":"Tesla, Inc.","stalls":8,"kw_per_stall":null,"mw_capacity":null,"status":"unknown","access":"yes","fee":"yes","sockets":"","voltage":"","address":"","city":"","state":"","source":"OpenStreetMap (charge-finder mirror)","osm_id":"node/4382746910","website":""}},{"type":"Feature","geometry":{"type":"Point","coordinates":[-74.4867745,40.3224313]},"properties":{"name":"Tesla Supercharger","network":"Tesla Supercharger","brand":"Tesla Supercharger","operator":"Tesla, Inc.","stalls":4,"kw_per_stall":null,"mw_capacity":null,"status":"24/7","access":"","fee":"","sockets":"4","voltage":"","address":"","city":"","state":"","source":"OpenStreetMap (charge-finder mirror)","osm_id":"node/4400997390","website":"https://www.tesla.com/findus/location/supercharger/cranburysupercharger"}},{"type":"Feature","geometry":{"type":"Point","coordinates":[-97.6186799,38.8773571]},"properties":{"name":"Tesla Supercharger","network":"Tesla Supercharger","brand":"Tesla Supercharger","operator":"Tesla Motors, Inc.","stalls":6,"kw_per_stall":null,"mw_capacity":null,"status":"24/7","access":"","fee":"","sockets":"6","voltage":"","address":"755, West Diamond Drive, Salina, KS","city":"Salina","state":"KS","source":"OpenStreetMap (charge-finder mirror)","osm_id":"node/4417865297","website":"https://www.tesla.com/findus/location/supercharger/salinasupercharger"}},{"type":"Feature","geometry":{"type":"Point","coordinates":[-99.3192815,38.9005162]},"properties":{"name":"Tesla Supercharger","network":"Tesla Supercharger","brand":"Tesla Supercharger","operator":"Tesla, Inc.","stalls":6,"kw_per_stall":null,"mw_capacity":null,"status":"24/7","access":"","fee":"","sockets":"6","voltage":"","address":"4101, North Vine Street, Hays, KS","city":"Hays","state":"KS","source":"OpenStreetMap (charge-finder mirror)","osm_id":"node/4418871089","website":""}},{"type":"Feature","geometry":{"type":"Point","coordinates":[-101.725108,39.3262588]},"properties":{"name":"Tesla Supercharger","network":"Tesla Supercharger","brand":"Tesla Supercharger","operator":"Tesla, Inc.","stalls":6,"kw_per_stall":null,"mw_capacity":null,"status":"24/7","access":"","fee":"","sockets":"6","voltage":"","address":"2631, Enterprise Road, Goodland, KS","city":"Goodland","state":"KS","source":"OpenStreetMap (charge-finder mirror)","osm_id":"node/4418871289","website":"https://www.tesla.com/findus/location/supercharger/goodlandsupercharger"}},{"type":"Feature","geometry":{"type":"Point","coordinates":[-100.7169155,43.8870978]},"properties":{"name":"Tesla Supercharger","network":"Tesla Supercharger","brand":"","operator":"Tesla supercharger","stalls":null,"kw_per_stall":null,"mw_capacity":null,"status":"unknown","access":"","fee":"","sockets":"","voltage":"","address":"","city":"","state":"","source":"OpenStreetMap (charge-finder mirror)","osm_id":"node/4431091593","website":""}},{"type":"Feature","geometry":{"type":"Point","coordinates":[-91.1884706,43.8790102]},"properties":{"name":"Tesla Supercharger","network":"Tesla Supercharger","brand":"","operator":"Tesla supercharger","stalls":null,"kw_per_stall":null,"mw_capacity":null,"status":"unknown","access":"","fee":"","sockets":"","voltage":"","address":"","city":"","state":"","source":"OpenStreetMap (charge-finder mirror)","osm_id":"node/4434400595","website":""}},{"type":"Feature","geometry":{"type":"Point","coordinates":[-85.5329872,42.9142056]},"properties":{"name":"Grand Rapids Supercharger","network":"Tesla Supercharger","brand":"Tesla, Inc.","operator":"Tesla, Inc.","stalls":10,"kw_per_stall":150.0,"mw_capacity":1.5,"status":"24/7","access":"customers","fee":"yes","sockets":"10","voltage":"","address":"5531, 28th Street Southeast","city":"","state":"","source":"OpenStreetMap (charge-finder mirror)","osm_id":"node/4434400596","website":"https://www.tesla.com/findus/location/supercharger/grandrapidssupercharger"}},{"type":"Feature","geometry":{"type":"Point","coordinates":[-81.5170424,41.3136625]},"properties":{"name":"Tesla Supercharger","network":"Tesla Supercharger","brand":"Tesla Supercharger","operator":"Tesla, Inc.","stalls":null,"kw_per_stall":null,"mw_capacity":null,"status":"unknown","access":"","fee":"","sockets":"","voltage":"","address":"","city":"","state":"","source":"OpenStreetMap (charge-finder mirror)","osm_id":"node/4437603592","website":""}},{"type":"Feature","geometry":{"type":"Point","coordinates":[-76.8232817,40.2771987]},"properties":{"name":"Tesla Supercharger","network":"Tesla Supercharger","brand":"Tesla Supercharger","operator":"Tesla, Inc.","stalls":null,"kw_per_stall":null,"mw_capacity":null,"status":"unknown","access":"","fee":"","sockets":"","voltage":"","address":"","city":"","state":"","source":"OpenStreetMap (charge-finder mirror)","osm_id":"node/4438125792","website":""}},{"type":"Feature","geometry":{"type":"Point","coordinates":[-80.1082616,40.6835762]},"properties":{"name":"Tesla Supercharger","network":"Tesla Supercharger","brand":"Tesla Supercharger","operator":"Tesla, Inc.","stalls":null,"kw_per_stall":null,"mw_capacity":null,"status":"unknown","access":"","fee":"","sockets":"","voltage":"","address":"","city":"","state":"","source":"OpenStreetMap (charge-finder mirror)","osm_id":"node/4441425989","website":""}},{"type":"Feature","geometry":{"type":"Point","coordinates":[-72.7597249,41.7226959]},"properties":{"name":"Tesla Supercharger","network":"Tesla Supercharger","brand":"Tesla Supercharger","operator":"Tesla, Inc.","stalls":8,"kw_per_stall":null,"mw_capacity":null,"status":"24/7","access":"","fee":"","sockets":"8","voltage":"","address":"1445, New Britain Avenue, West Hartford, CT","city":"West Hartford","state":"CT","source":"OpenStreetMap (charge-finder mirror)","osm_id":"node/4443614970","website":"https://www.tesla.com/findus/location/supercharger/westhartfordsupercharger"}},{"type":"Feature","geometry":{"type":"Point","coordinates":[-96.4483384,32.0686412]},"properties":{"name":"Corsicana Supercharger","network":"Tesla Supercharger","brand":"","operator":"Tesla Motors","stalls":10,"kw_per_stall":null,"mw_capacity":null,"status":"24/7","access":"","fee":"","sockets":"10","voltage":"","address":"2035, Interstate 45 Frontage Road, Corsicana, TX","city":"Corsicana","state":"TX","source":"OpenStreetMap (charge-finder mirror)","osm_id":"node/4551043472","website":"https://www.tesla.com/findus/location/supercharger/corsicanasupercharger"}},{"type":"Feature","geometry":{"type":"Point","coordinates":[-95.5659479,30.7161723]},"properties":{"name":"Tesla Supercharger","network":"Tesla Supercharger","brand":"Tesla Supercharger","operator":"Tesla, Inc.","stalls":6,"kw_per_stall":null,"mw_capacity":null,"status":"24/7","access":"","fee":"","sockets":"6","voltage":"","address":"148, I-45 South, Huntsville, TX","city":"Huntsville","state":"TX","source":"OpenStreetMap (charge-finder mirror)","osm_id":"node/4551051441","website":"https://www.tesla.com/findus/location/supercharger/huntsvillesupercharger"}},{"type":"Feature","geometry":{"type":"Point","coordinates":[-118.946289,34.9869652]},"properties":{"name":"Tesla Supercharger","network":"Tesla Supercharger","brand":"Tesla Supercharger","operator":"Tesla, Inc.","stalls":null,"kw_per_stall":null,"mw_capacity":null,"status":"unknown","access":"","fee":"","sockets":"","voltage":"","address":"","city":"","state":"","source":"OpenStreetMap (charge-finder mirror)","osm_id":"node/4551519098","website":""}},{"type":"Feature","geometry":{"type":"Point","coordinates":[-121.266173,38.7711991]},"properties":{"name":"Tesla Supercharger","network":"Tesla Supercharger","brand":"Tesla Supercharger","operator":"Tesla, Inc.","stalls":7,"kw_per_stall":null,"mw_capacity":null,"status":"24/7","access":"","fee":"no","sockets":"7","voltage":"","address":"","city":"","state":"","source":"OpenStreetMap (charge-finder mirror)","osm_id":"node/4578925046","website":""}},{"type":"Feature","geometry":{"type":"Point","coordinates":[-96.9789729,28.7669021]},"properties":{"name":"Victoria Supercharger","network":"Tesla Supercharger","brand":"","operator":"Tesla Motors","stalls":6,"kw_per_stall":null,"mw_capacity":null,"status":"24/7","access":"","fee":"","sockets":"6","voltage":"","address":"3107, South Laurent Street, Victoria, TX","city":"Victoria","state":"TX","source":"OpenStreetMap (charge-finder mirror)","osm_id":"node/4579654918","website":"https://www.tesla.com/findus/location/supercharger/victoriasupercharger"}},{"type":"Feature","geometry":{"type":"Point","coordinates":[-80.4758663,33.4859256]},"properties":{"name":"Tesla Supercharger","network":"Tesla Supercharger","brand":"Tesla Supercharger","operator":"Tesla, Inc.","stalls":null,"kw_per_stall":null,"mw_capacity":null,"status":"unknown","access":"","fee":"","sockets":"","voltage":"","address":"","city":"","state":"","source":"OpenStreetMap (charge-finder mirror)","osm_id":"node/4585930590","website":""}},{"type":"Feature","geometry":{"type":"Point","coordinates":[-73.0360041,41.237877]},"properties":{"name":"Tesla Supercharger","network":"Tesla Supercharger","brand":"Tesla Supercharger","operator":"Tesla, Inc.","stalls":16,"kw_per_stall":null,"mw_capacity":null,"status":"unknown","access":"","fee":"","sockets":"","voltage":"","address":"","city":"","state":"","source":"OpenStreetMap (charge-finder mirror)","osm_id":"node/4717540294","website":""}},{"type":"Feature","geometry":{"type":"Point","coordinates":[-82.7129341,40.493907]},"properties":{"name":"Tesla Supercharger","network":"Tesla Supercharger","brand":"Tesla Supercharger","operator":"Tesla, Inc.","stalls":8,"kw_per_stall":null,"mw_capacity":null,"status":"24/7","access":"","fee":"","sockets":"","voltage":"","address":"6200, State Route 95, Mount Gilead, OH","city":"Mount Gilead","state":"OH","source":"OpenStreetMap (charge-finder mirror)","osm_id":"node/4738314396","website":"https://bonecutter.net/"}},{"type":"Feature","geometry":{"type":"Point","coordinates":[-123.8137713,46.9765733]},"properties":{"name":"Tesla Supercharger","network":"Tesla Supercharger","brand":"Tesla Supercharger","operator":"Tesla, Inc.","stalls":8,"kw_per_stall":null,"mw_capacity":null,"status":"unknown","access":"","fee":"","sockets":"","voltage":"","address":"416, East Wishkah Street, Aberdeen, WA","city":"Aberdeen","state":"WA","source":"OpenStreetMap (charge-finder mirror)","osm_id":"node/4746186166","website":""}},{"type":"Feature","geometry":{"type":"Point","coordinates":[-73.6590539,45.4961741]},"properties":{"name":"Montr\u00e9al-Ferrier Supercharger","network":"Tesla Supercharger","brand":"Tesla, Inc.","operator":"Tesla, Inc.","stalls":2,"kw_per_stall":null,"mw_capacity":null,"status":"unknown","access":"","fee":"","sockets":"","voltage":"","address":"5350, Rue Ferrier, Montr\u00e9al, QC","city":"Montr\u00e9al","state":"QC","source":"OpenStreetMap (charge-finder mirror)","osm_id":"node/4814556900","website":"https://www.teslamotors.com/supercharger/montrealferrier"}},{"type":"Feature","geometry":{"type":"Point","coordinates":[-86.9428633,34.78542]},"properties":{"name":"Athens AL Supercharger","network":"Tesla Supercharger","brand":"Tesla Supercharger","operator":"Tesla, Inc.","stalls":8,"kw_per_stall":150.0,"mw_capacity":1.2,"status":"24/7","access":"","fee":"","sockets":"8","voltage":"","address":"21292, Athens-Limestone Lane, Athens, AL","city":"Athens","state":"AL","source":"OpenStreetMap (charge-finder mirror)","osm_id":"node/4906430419","website":"https://www.tesla.com/findus/location/supercharger/athensalsupercharger"}},{"type":"Feature","geometry":{"type":"Point","coordinates":[-108.5599,39.0675527]},"properties":{"name":"Tesla Destination Charger","network":"Tesla","brand":"Tesla, Inc.","operator":"","stalls":1,"kw_per_stall":null,"mw_capacity":null,"status":"24/7","access":"yes","fee":"no","sockets":"","voltage":"","address":"","city":"","state":"","source":"OpenStreetMap (charge-finder mirror)","osm_id":"node/4929583594","website":""}},{"type":"Feature","geometry":{"type":"Point","coordinates":[-97.1663941,33.2313675]},"properties":{"name":"Denton Supercharger","network":"Tesla Supercharger","brand":"Tesla Supercharger","operator":"Tesla, Inc.","stalls":6,"kw_per_stall":null,"mw_capacity":null,"status":"24/7","access":"yes","fee":"yes","sockets":"6","voltage":"","address":"","city":"","state":"","source":"OpenStreetMap (charge-finder mirror)","osm_id":"node/4951830686","website":"https://www.tesla.com/findus/location/supercharger/dentonsupercharger"}},{"type":"Feature","geometry":{"type":"Point","coordinates":[-101.931502,35.1891004]},"properties":{"name":"Tesla Supercharger","network":"Tesla Supercharger","brand":"Tesla Supercharger","operator":"Tesla, Inc.","stalls":8,"kw_per_stall":null,"mw_capacity":null,"status":"24/7","access":"yes","fee":"yes","sockets":"8","voltage":"","address":"","city":"","state":"","source":"OpenStreetMap (charge-finder mirror)","osm_id":"node/4951831019","website":""}},{"type":"Feature","geometry":{"type":"Point","coordinates":[-100.218676,34.4324168]},"properties":{"name":"Childress Supercharger","network":"Tesla Supercharger","brand":"Tesla Supercharger","operator":"Tesla, Inc.","stalls":8,"kw_per_stall":null,"mw_capacity":null,"status":"unknown","access":"","fee":"","sockets":"8","voltage":"","address":"","city":"","state":"","source":"OpenStreetMap (charge-finder mirror)","osm_id":"node/4951833024","website":""}},{"type":"Feature","geometry":{"type":"Point","coordinates":[-101.9333682,35.1924838]},"properties":{"name":"Tesla","network":"Tesla","brand":"","operator":"Holiday Inn Express and Suites Amarillo West \u2013 Tesla Destination","stalls":1,"kw_per_stall":null,"mw_capacity":null,"status":"24/7","access":"yes","fee":"no","sockets":"","voltage":"","address":"","city":"","state":"","source":"OpenStreetMap (charge-finder mirror)","osm_id":"node/4951837721","website":""}},{"type":"Feature","geometry":{"type":"Point","coordinates":[-101.9333695,35.1924612]},"properties":{"name":"Tesla","network":"Tesla","brand":"","operator":"Holiday Inn Express and Suites Amarillo West \u2013 Tesla Destination","stalls":1,"kw_per_stall":null,"mw_capacity":null,"status":"24/7","access":"yes","fee":"no","sockets":"","voltage":"","address":"","city":"","state":"","source":"OpenStreetMap (charge-finder mirror)","osm_id":"node/4951837757","website":""}},{"type":"Feature","geometry":{"type":"Point","coordinates":[-101.9333675,35.1925095]},"properties":{"name":"Tesla","network":"Tesla","brand":"","operator":"Holiday Inn Express and Suites Amarillo West \u2013 Tesla Destination","stalls":1,"kw_per_stall":null,"mw_capacity":null,"status":"24/7","access":"yes","fee":"no","sockets":"","voltage":"","address":"","city":"","state":"","source":"OpenStreetMap (charge-finder mirror)","osm_id":"node/4951837758","website":""}},{"type":"Feature","geometry":{"type":"Point","coordinates":[-101.9333679,35.1925339]},"properties":{"name":"Tesla","network":"Tesla","brand":"","operator":"Holiday Inn Express and Suites Amarillo West \u2013 Tesla Destination","stalls":1,"kw_per_stall":null,"mw_capacity":null,"status":"24/7","access":"yes","fee":"no","sockets":"1","voltage":"","address":"","city":"","state":"","source":"OpenStreetMap (charge-finder mirror)","osm_id":"node/4951837759","website":""}},{"type":"Feature","geometry":{"type":"Point","coordinates":[-99.7640522,32.3960336]},"properties":{"name":"Tesla Destination","network":"Tesla","brand":"Tesla, Inc.","operator":"Hilton Garden Inn Tesla Destination","stalls":1,"kw_per_stall":null,"mw_capacity":null,"status":"24/7","access":"customers","fee":"no","sockets":"","voltage":"","address":"4449, Ridgemont Drive, Abilene, TX","city":"Abilene","state":"TX","source":"OpenStreetMap (charge-finder mirror)","osm_id":"node/4952844085","website":""}},{"type":"Feature","geometry":{"type":"Point","coordinates":[-99.7640522,32.3960097]},"properties":{"name":"J1772","network":"Tesla","brand":"","operator":"Hilton Garden Inn Tesla Destination","stalls":1,"kw_per_stall":null,"mw_capacity":null,"status":"24/7","access":"customers","fee":"no","sockets":"1","voltage":"","address":"","city":"","state":"","source":"OpenStreetMap (charge-finder mirror)","osm_id":"node/4952844086","website":""}},{"type":"Feature","geometry":{"type":"Point","coordinates":[-93.265236,37.2523115]},"properties":{"name":"Tesla Supercharger","network":"Tesla Supercharger","brand":"Tesla Supercharger","operator":"Tesla Motors","stalls":8,"kw_per_stall":null,"mw_capacity":null,"status":"unknown","access":"","fee":"","sockets":"","voltage":"","address":"","city":"","state":"","source":"OpenStreetMap (charge-finder mirror)","osm_id":"node/4985263671","website":""}},{"type":"Feature","geometry":{"type":"Point","coordinates":[-69.7860604,44.3478243]},"properties":{"name":"Tesla Supercharger","network":"Tesla Supercharger","brand":"Tesla Supercharger","operator":"Tesla, Inc.","stalls":1,"kw_per_stall":null,"mw_capacity":null,"status":"24/7","access":"","fee":"","sockets":"8","voltage":"","address":"197, Civic Center Drive, Augusta, ME","city":"Augusta","state":"ME","source":"OpenStreetMap (charge-finder mirror)","osm_id":"node/5019853126","website":"https://www.tesla.com/findus/location/supercharger/augustamesupercharger"}},{"type":"Feature","geometry":{"type":"Point","coordinates":[-121.442732,49.3783582]},"properties":{"name":"Tesla Supercharger","network":"Tesla Supercharger","brand":"Tesla Supercharger","operator":"Tesla, Inc.","stalls":6,"kw_per_stall":null,"mw_capacity":null,"status":"unknown","access":"customers","fee":"","sockets":"","voltage":"","address":"835, Fraser Avenue, Hope","city":"Hope","state":"","source":"OpenStreetMap (charge-finder mirror)","osm_id":"node/5044438780","website":""}},{"type":"Feature","geometry":{"type":"Point","coordinates":[-97.0827124,32.7546228]},"properties":{"name":"Arlington Supercharger","network":"Tesla Supercharger","brand":"Tesla Supercharger","operator":"Tesla, Inc.","stalls":10,"kw_per_stall":null,"mw_capacity":null,"status":"24/7","access":"yes","fee":"yes","sockets":"10","voltage":"","address":"","city":"","state":"","source":"OpenStreetMap (charge-finder mirror)","osm_id":"node/5130170034","website":""}},{"type":"Feature","geometry":{"type":"Point","coordinates":[-107.251619,33.1552163]},"properties":{"name":"Tesla Supercharger","network":"Tesla Supercharger","brand":"Tesla Supercharger","operator":"Tesla, Inc.","stalls":8,"kw_per_stall":null,"mw_capacity":null,"status":"unknown","access":"","fee":"","sockets":"","voltage":"","address":"","city":"","state":"","source":"OpenStreetMap (charge-finder mirror)","osm_id":"node/5138911695","website":""}},{"type":"Feature","geometry":{"type":"Point","coordinates":[-116.279483,43.5922708]},"properties":{"name":"Tesla Supercharger","network":"Tesla Supercharger","brand":"Tesla Supercharger","operator":"Tesla, Inc.","stalls":8,"kw_per_stall":null,"mw_capacity":null,"status":"unknown","access":"","fee":"","sockets":"","voltage":"","address":"","city":"","state":"","source":"OpenStreetMap (charge-finder mirror)","osm_id":"node/5175449814","website":""}},{"type":"Feature","geometry":{"type":"Point","coordinates":[-78.3809716,38.5922682]},"properties":{"name":"Tesla Destination Charger","network":"Tesla","brand":"Tesla, Inc.","operator":"National Park Service","stalls":null,"kw_per_stall":null,"mw_capacity":null,"status":"unknown","access":"yes","fee":"","sockets":"","voltage":"","address":"","city":"","state":"","source":"OpenStreetMap (charge-finder mirror)","osm_id":"node/5176851321","website":""}},{"type":"Feature","geometry":{"type":"Point","coordinates":[-73.4613494,41.0802932]},"properties":{"name":"Tesla Supercharger","network":"Tesla Supercharger","brand":"Tesla Supercharger","operator":"Tesla, Inc.","stalls":4,"kw_per_stall":null,"mw_capacity":null,"status":"24/7","access":"","fee":"","sockets":"4","voltage":"","address":"Rest Area I-95 (North Bound), Darien, CT","city":"Darien","state":"CT","source":"OpenStreetMap (charge-finder mirror)","osm_id":"node/5199904886","website":""}},{"type":"Feature","geometry":{"type":"Point","coordinates":[-73.4410957,45.4419825]},"properties":{"name":"Brossard, QC Supercharger","network":"Tesla Supercharger","brand":"","operator":"Tesla Motors","stalls":12,"kw_per_stall":null,"mw_capacity":null,"status":"24/7","access":"","fee":"","sockets":"","voltage":"","address":"6000, Boulevard de Rome","city":"","state":"","source":"OpenStreetMap (charge-finder mirror)","osm_id":"node/5274385078","website":"https://www.tesla.com/findus/location/supercharger/brossardqcsupercharger"}},{"type":"Feature","geometry":{"type":"Point","coordinates":[-88.592571,44.0287611]},"properties":{"name":"Tesla Charging Stations","network":"Tesla","brand":"Tesla, Inc.","operator":"","stalls":6,"kw_per_stall":null,"mw_capacity":null,"status":"unknown","access":"","fee":"","sockets":"","voltage":"","address":"","city":"","state":"","source":"OpenStreetMap (charge-finder mirror)","osm_id":"node/5292569401","website":""}},{"type":"Feature","geometry":{"type":"Point","coordinates":[-117.1935577,32.9021546]},"properties":{"name":"San Diego Supercharger","network":"Tesla Supercharger","brand":"Tesla Supercharger","operator":"Tesla, Inc.","stalls":12,"kw_per_stall":150.0,"mw_capacity":1.8,"status":"24/7","access":"customers","fee":"yes","sockets":"12","voltage":"","address":"Pacific Heights Blvd, San Diego","city":"San Diego","state":"","source":"OpenStreetMap (charge-finder mirror)","osm_id":"node/5292908331","website":"https://www.tesla.com/findus/location/supercharger/sandiegopacificheightssupercharger"}},{"type":"Feature","geometry":{"type":"Point","coordinates":[-87.7470526,43.7498157]},"properties":{"name":"Tesla Supercharger","network":"Tesla Supercharger","brand":"Tesla Supercharger","operator":"Tesla, Inc.","stalls":8,"kw_per_stall":null,"mw_capacity":null,"status":"unknown","access":"","fee":"","sockets":"8","voltage":"","address":"","city":"","state":"","source":"OpenStreetMap (charge-finder mirror)","osm_id":"node/5296607456","website":""}},{"type":"Feature","geometry":{"type":"Point","coordinates":[-101.053952,39.3613642]},"properties":{"name":"Tesla Supercharger","network":"Tesla Supercharger","brand":"Tesla Supercharger","operator":"Tesla, Inc.","stalls":10,"kw_per_stall":null,"mw_capacity":null,"status":"24/7","access":"","fee":"","sockets":"10","voltage":"","address":"700, East Horton Avenue, Colby, KS","city":"Colby","state":"KS","source":"OpenStreetMap (charge-finder mirror)","osm_id":"node/5313748691","website":"https://www.tesla.com/findus/location/supercharger/colbykssupercharger"}},{"type":"Feature","geometry":{"type":"Point","coordinates":[-97.3260115,36.2893141]},"properties":{"name":"Perry Supercharger","network":"Tesla Supercharger","brand":"","operator":"Tesla Motors, Inc.","stalls":6,"kw_per_stall":null,"mw_capacity":null,"status":"unknown","access":"","fee":"","sockets":"6","voltage":"","address":"2812, Fir Street, Perry, OK","city":"Perry","state":"OK","source":"OpenStreetMap (charge-finder mirror)","osm_id":"node/5313985315","website":"https://www.tesla.com/findus/location/supercharger/perryoksupercharger"}},{"type":"Feature","geometry":{"type":"Point","coordinates":[-97.1656141,34.1791988]},"properties":{"name":"Tesla Supercharger","network":"Tesla Supercharger","brand":"","operator":"Tesla Motors, Inc","stalls":6,"kw_per_stall":null,"mw_capacity":null,"status":"24/7","access":"","fee":"","sockets":"6","voltage":"","address":"322, Holiday Drive, Ardmore, OK","city":"Ardmore","state":"OK","source":"OpenStreetMap (charge-finder mirror)","osm_id":"node/5313988478","website":"https://www.tesla.com/findus/location/supercharger/ardmoreoksupercharger"}},{"type":"Feature","geometry":{"type":"Point","coordinates":[-88.955863,38.3163057]},"properties":{"name":"Tesla Supercharger","network":"Tesla Supercharger","brand":"Tesla Supercharger","operator":"Tesla, Inc.","stalls":null,"kw_per_stall":null,"mw_capacity":null,"status":"unknown","access":"","fee":"","sockets":"","voltage":"","address":"","city":"","state":"","source":"OpenStreetMap (charge-finder mirror)","osm_id":"node/5373254559","website":""}},{"type":"Feature","geometry":{"type":"Point","coordinates":[-79.5112477,36.0708146]},"properties":{"name":"Tesla Supercharger","network":"Tesla Supercharger","brand":"Tesla Supercharger","operator":"Tesla, Inc.","stalls":8,"kw_per_stall":null,"mw_capacity":null,"status":"unknown","access":"","fee":"","sockets":"","voltage":"","address":"","city":"","state":"","source":"OpenStreetMap (charge-finder mirror)","osm_id":"node/5394917098","website":""}},{"type":"Feature","geometry":{"type":"Point","coordinates":[-84.5158028,42.7678615]},"properties":{"name":"Tesla Destination Charger","network":"Tesla Supercharger","brand":"Tesla, Inc.","operator":"Hyatt Place","stalls":1,"kw_per_stall":null,"mw_capacity":null,"status":"24/7","access":"customers","fee":"no","sockets":"1","voltage":"240","address":"","city":"","state":"","source":"OpenStreetMap (charge-finder mirror)","osm_id":"node/5405655952","website":""}},{"type":"Feature","geometry":{"type":"Point","coordinates":[-84.5146911,42.7665478]},"properties":{"name":"Lansing Supercharger","network":"Tesla Supercharger","brand":"Tesla, Inc.","operator":"Tesla, Inc.","stalls":10,"kw_per_stall":150.0,"mw_capacity":1.5,"status":"24/7","access":"customers","fee":"yes","sockets":"10","voltage":"","address":"2025, Showtime Drive","city":"","state":"","source":"OpenStreetMap (charge-finder mirror)","osm_id":"node/5405752254","website":"https://www.tesla.com/findus/location/supercharger/lansingsupercharger"}},{"type":"Feature","geometry":{"type":"Point","coordinates":[-79.2857203,43.8675175]},"properties":{"name":"Tesla Supercharger","network":"Tesla Supercharger","brand":"Tesla Supercharger","operator":"Tesla, Inc.","stalls":null,"kw_per_stall":null,"mw_capacity":null,"status":"unknown","access":"","fee":"","sockets":"","voltage":"","address":"","city":"","state":"","source":"OpenStreetMap (charge-finder mirror)","osm_id":"node/5405901110","website":""}},{"type":"Feature","geometry":{"type":"Point","coordinates":[-122.2713875,47.8467419]},"properties":{"name":"Tesla Supercharger","network":"Tesla Supercharger","brand":"Tesla Supercharger","operator":"Tesla","stalls":10,"kw_per_stall":null,"mw_capacity":null,"status":"unknown","access":"","fee":"","sockets":"","voltage":"","address":"","city":"","state":"","source":"OpenStreetMap (charge-finder mirror)","osm_id":"node/5453286874","website":""}},{"type":"Feature","geometry":{"type":"Point","coordinates":[-80.664132,28.0370007]},"properties":{"name":"Tesla Supercharger","network":"Tesla Supercharger","brand":"Tesla Supercharger","operator":"Tesla, Inc.","stalls":8,"kw_per_stall":null,"mw_capacity":null,"status":"unknown","access":"","fee":"","sockets":"","voltage":"","address":"","city":"","state":"","source":"OpenStreetMap (charge-finder mirror)","osm_id":"node/5500692488","website":""}},{"type":"Feature","geometry":{"type":"Point","coordinates":[-95.8356239,41.2209302]},"properties":{"name":"Tesla Supercharger","network":"Tesla Supercharger","brand":"Tesla Supercharger","operator":"Tesla, Inc.","stalls":8,"kw_per_stall":null,"mw_capacity":null,"status":"unknown","access":"","fee":"","sockets":"","voltage":"","address":"","city":"","state":"","source":"OpenStreetMap (charge-finder mirror)","osm_id":"node/5536856902","website":""}},{"type":"Feature","geometry":{"type":"Point","coordinates":[-74.3341545,40.5445496]},"properties":{"name":"Tesla Supercharger","network":"Tesla Supercharger","brand":"Tesla Supercharger","operator":"Tesla Motors","stalls":8,"kw_per_stall":null,"mw_capacity":null,"status":"unknown","access":"","fee":"","sockets":"8","voltage":"","address":"Parsonage Road, Edison, NJ","city":"Edison","state":"NJ","source":"OpenStreetMap (charge-finder mirror)","osm_id":"node/5573327352","website":""}},{"type":"Feature","geometry":{"type":"Point","coordinates":[-75.6767341,41.362076]},"properties":{"name":"Tesla Supercharger","network":"Tesla Supercharger","brand":"Tesla Supercharger","operator":"Tesla, Inc.","stalls":8,"kw_per_stall":null,"mw_capacity":null,"status":"unknown","access":"","fee":"","sockets":"","voltage":"","address":"","city":"","state":"","source":"OpenStreetMap (charge-finder mirror)","osm_id":"node/5575093508","website":""}},{"type":"Feature","geometry":{"type":"Point","coordinates":[-79.9533445,39.5789607]},"properties":{"name":"Morgantown Supercharger","network":"Tesla Supercharger","brand":"","operator":"Tesla Motors","stalls":8,"kw_per_stall":null,"mw_capacity":null,"status":"24/7","access":"","fee":"","sockets":"","voltage":"","address":"21, Asturias Lane, Morgantown, WV","city":"Morgantown","state":"WV","source":"OpenStreetMap (charge-finder mirror)","osm_id":"node/5605836731","website":"https://www.tesla.com/findus/location/supercharger/morgantownsupercharger"}},{"type":"Feature","geometry":{"type":"Point","coordinates":[-77.8050322,39.4364567]},"properties":{"name":"Tesla Supercharger","network":"Tesla Supercharger","brand":"Tesla Supercharger","operator":"Tesla, Inc.","stalls":2,"kw_per_stall":null,"mw_capacity":null,"status":"unknown","access":"","fee":"","sockets":"","voltage":"","address":"","city":"","state":"","source":"OpenStreetMap (charge-finder mirror)","osm_id":"node/5661929129","website":""}},{"type":"Feature","geometry":{"type":"Point","coordinates":[-90.1510282,32.2741995]},"properties":{"name":"Tesla Supercharger","network":"Tesla Supercharger","brand":"Tesla Supercharger","operator":"Tesla Motors","stalls":8,"kw_per_stall":null,"mw_capacity":null,"status":"unknown","access":"","fee":"no","sockets":"","voltage":"","address":"","city":"","state":"","source":"OpenStreetMap (charge-finder mirror)","osm_id":"node/5689509494","website":""}},{"type":"Feature","geometry":{"type":"Point","coordinates":[-117.626876,33.4369721]},"properties":{"name":"San Clemente Supercharger","network":"Tesla Supercharger","brand":"Tesla Supercharger","operator":"Tesla, Inc.","stalls":21,"kw_per_stall":150.0,"mw_capacity":3.15,"status":"24/7","access":"customers","fee":"yes","sockets":"21","voltage":"","address":"101, West Avenida Vista Hermosa, San Clemente","city":"San Clemente","state":"","source":"OpenStreetMap (charge-finder mirror)","osm_id":"node/5695375737","website":"https://www.tesla.com/findus/location/supercharger/sanclementesupercharger"}},{"type":"Feature","geometry":{"type":"Point","coordinates":[-80.9636028,43.3718751]},"properties":{"name":"Sun Country Highway;Tesla","network":"Tesla","brand":"Sun Country Highway;Tesla","operator":"Arden Park Motel","stalls":null,"kw_per_stall":11.52,"mw_capacity":null,"status":"24/7","access":"","fee":"no","sockets":"1","voltage":"240","address":"","city":"","state":"","source":"OpenStreetMap (charge-finder mirror)","osm_id":"node/5695434714","website":""}},{"type":"Feature","geometry":{"type":"Point","coordinates":[-76.0100544,39.6119109]},"properties":{"name":"Tesla Supercharger","network":"Tesla Supercharger","brand":"Tesla Supercharger","operator":"Tesla Motors","stalls":10,"kw_per_stall":null,"mw_capacity":null,"status":"unknown","access":"","fee":"","sockets":"","voltage":"","address":"","city":"","state":"","source":"OpenStreetMap (charge-finder mirror)","osm_id":"node/5700922543","website":""}},{"type":"Feature","geometry":{"type":"Point","coordinates":[-75.1534353,38.74435]},"properties":{"name":"Tesla Supercharger","network":"Tesla Supercharger","brand":"Tesla Supercharger","operator":"Tesla, Inc.","stalls":8,"kw_per_stall":null,"mw_capacity":null,"status":"24/7","access":"yes","fee":"","sockets":"8","voltage":"","address":"","city":"","state":"","source":"OpenStreetMap (charge-finder mirror)","osm_id":"node/5741328729","website":""}},{"type":"Feature","geometry":{"type":"Point","coordinates":[-73.8363889,41.0614776]},"properties":{"name":"Tesla Supercharger","network":"Tesla Supercharger","brand":"Tesla Supercharger","operator":"Tesla Motors","stalls":12,"kw_per_stall":null,"mw_capacity":null,"status":"24/7","access":"","fee":"yes","sockets":"12","voltage":"","address":"","city":"","state":"","source":"OpenStreetMap (charge-finder mirror)","osm_id":"node/5741359585","website":""}},{"type":"Feature","geometry":{"type":"Point","coordinates":[-122.359324,40.581112]},"properties":{"name":"Tesla Supercharger","network":"Tesla Supercharger","brand":"Tesla Supercharger","operator":"Tesla, Inc.","stalls":null,"kw_per_stall":null,"mw_capacity":null,"status":"unknown","access":"","fee":"","sockets":"","voltage":"","address":"","city":"","state":"","source":"OpenStreetMap (charge-finder mirror)","osm_id":"node/5797606738","website":""}},{"type":"Feature","geometry":{"type":"Point","coordinates":[-117.476993,47.6367535]},"properties":{"name":"Tesla Destination Charger - Hampton Inn Spokane","network":"Tesla","brand":"Tesla, Inc.","operator":"","stalls":2,"kw_per_stall":null,"mw_capacity":null,"status":"unknown","access":"","fee":"no","sockets":"","voltage":"","address":"","city":"","state":"","source":"OpenStreetMap (charge-finder mirror)","osm_id":"node/5812522466","website":""}},{"type":"Feature","geometry":{"type":"Point","coordinates":[-74.5048083,40.4393103]},"properties":{"name":"Tesla Supercharger","network":"Tesla Supercharger","brand":"Tesla Supercharger","operator":"Tesla Motors","stalls":10,"kw_per_stall":null,"mw_capacity":null,"status":"24/7","access":"","fee":"","sockets":"10","voltage":"","address":"","city":"","state":"","source":"OpenStreetMap (charge-finder mirror)","osm_id":"node/5824221364","website":"https://www.tesla.com/findus/location/supercharger/northbrunswicksupercharger"}},{"type":"Feature","geometry":{"type":"Point","coordinates":[-74.0935505,40.2263885]},"properties":{"name":"Tesla Supercharger","network":"Tesla Supercharger","brand":"Tesla Supercharger","operator":"Tesla Motors","stalls":8,"kw_per_stall":null,"mw_capacity":null,"status":"24/7","access":"","fee":"","sockets":"8","voltage":"","address":"","city":"","state":"","source":"OpenStreetMap (charge-finder mirror)","osm_id":"node/5824256863","website":"https://www.tesla.com/findus/location/supercharger/tintonfallssupercharger"}},{"type":"Feature","geometry":{"type":"Point","coordinates":[-74.2972188,40.5358863]},"properties":{"name":"Tesla Supercharger","network":"Tesla Supercharger","brand":"Tesla Supercharger","operator":"Tesla Motors","stalls":8,"kw_per_stall":null,"mw_capacity":null,"status":"24/7","access":"","fee":"","sockets":"8","voltage":"","address":"","city":"","state":"","source":"OpenStreetMap (charge-finder mirror)","osm_id":"node/5824290696","website":"https://www.tesla.com/findus/location/supercharger/woodbridgesupercharger"}},{"type":"Feature","geometry":{"type":"Point","coordinates":[-76.2312354,39.4980166]},"properties":{"name":"Tesla Supercharger","network":"Tesla Supercharger","brand":"Tesla Supercharger","operator":"Tesla Motors","stalls":8,"kw_per_stall":null,"mw_capacity":null,"status":"unknown","access":"","fee":"","sockets":"","voltage":"","address":"","city":"","state":"","source":"OpenStreetMap (charge-finder mirror)","osm_id":"node/5824292363","website":""}},{"type":"Feature","geometry":{"type":"Point","coordinates":[-121.4437204,43.871651]},"properties":{"name":"Tesla Charging Station","network":"Tesla","brand":"","operator":"Sunriver Resort","stalls":null,"kw_per_stall":null,"mw_capacity":null,"status":"unknown","access":"","fee":"","sockets":"","voltage":"","address":"","city":"","state":"","source":"OpenStreetMap (charge-finder mirror)","osm_id":"node/5869265892","website":""}},{"type":"Feature","geometry":{"type":"Point","coordinates":[-78.6430145,35.8355329]},"properties":{"name":"Tesla Supercharger","network":"Tesla Supercharger","brand":"Tesla Supercharger","operator":"Tesla, Inc.","stalls":24,"kw_per_stall":null,"mw_capacity":null,"status":"unknown","access":"","fee":"","sockets":"","voltage":"","address":"","city":"","state":"","source":"OpenStreetMap (charge-finder mirror)","osm_id":"node/5872323059","website":""}},{"type":"Feature","geometry":{"type":"Point","coordinates":[-117.375821,33.9814256]},"properties":{"name":"Riverside Supercharger","network":"Tesla Supercharger","brand":"Tesla Supercharger","operator":"Tesla, Inc.","stalls":24,"kw_per_stall":72.0,"mw_capacity":1.728,"status":"24/7","access":"customers","fee":"yes","sockets":"24","voltage":"","address":"3370, 9th St, Riverside","city":"Riverside","state":"","source":"OpenStreetMap (charge-finder mirror)","osm_id":"node/5902823879","website":"https://www.tesla.com/findus/location/supercharger/riversidecaliforniasupercharger"}},{"type":"Feature","geometry":{"type":"Point","coordinates":[-115.172957,36.0707133]},"properties":{"name":"Tesla Supercharger","network":"Tesla Supercharger","brand":"Tesla Supercharger","operator":"Tesla, Inc.","stalls":10,"kw_per_stall":null,"mw_capacity":null,"status":"24/7","access":"","fee":"","sockets":"10","voltage":"","address":"","city":"","state":"","source":"OpenStreetMap (charge-finder mirror)","osm_id":"node/5910635518","website":"https://www.tesla.com/findus/location/supercharger/lasvegasblvdsouthsupercharger"}},{"type":"Feature","geometry":{"type":"Point","coordinates":[-115.138775,36.165856]},"properties":{"name":"Tesla Supercharger","network":"Tesla Supercharger","brand":"Tesla Supercharger","operator":"Tesla, Inc.","stalls":6,"kw_per_stall":null,"mw_capacity":null,"status":"24/7","access":"","fee":"","sockets":"6","voltage":"","address":"","city":"","state":"","source":"OpenStreetMap (charge-finder mirror)","osm_id":"node/5910635519","website":"https://www.tesla.com/findus/location/supercharger/lasvegassupercharger"}},{"type":"Feature","geometry":{"type":"Point","coordinates":[-116.0807776,35.2625099]},"properties":{"name":"Baker, CA Supercharger","network":"Tesla Supercharger","brand":"Tesla Supercharger","operator":"Tesla, Inc.","stalls":40,"kw_per_stall":150.0,"mw_capacity":6.0,"status":"24/7","access":"","fee":"","sockets":"40","voltage":"","address":"","city":"","state":"","source":"OpenStreetMap (charge-finder mirror)","osm_id":"node/5910635521","website":"https://www.tesla.com/findus/location/supercharger/bakercasupercharger"}},{"type":"Feature","geometry":{"type":"Point","coordinates":[-116.834628,34.9069572]},"properties":{"name":"Tesla Supercharger","network":"Tesla Supercharger","brand":"Tesla Supercharger","operator":"Tesla, Inc.","stalls":18,"kw_per_stall":null,"mw_capacity":null,"status":"24/7","access":"","fee":"","sockets":"18","voltage":"","address":"","city":"","state":"","source":"OpenStreetMap (charge-finder mirror)","osm_id":"node/5910635522","website":"https://www.tesla.com/findus/location/supercharger/yermosupercharger"}},{"type":"Feature","geometry":{"type":"Point","coordinates":[-116.754382,36.9136664]},"properties":{"name":"Tesla Supercharger","network":"Tesla Supercharger","brand":"Tesla Supercharger","operator":"Tesla, Inc.","stalls":8,"kw_per_stall":null,"mw_capacity":null,"status":"24/7","access":"","fee":"","sockets":"8","voltage":"","address":"","city":"","state":"","source":"OpenStreetMap (charge-finder mirror)","osm_id":"node/5910635523","website":"https://www.tesla.com/findus/location/supercharger/beattysupercharger"}},{"type":"Feature","geometry":{"type":"Point","coordinates":[-118.0624204,36.6006503]},"properties":{"name":"Lone Pine Supercharger","network":"Tesla Supercharger","brand":"Tesla, Inc.","operator":"Tesla, Inc.","stalls":16,"kw_per_stall":250.0,"mw_capacity":4.0,"status":"24/7","access":"yes","fee":"yes","sockets":"16","voltage":"","address":"","city":"","state":"","source":"OpenStreetMap (charge-finder mirror)","osm_id":"node/5910635524","website":"https://www.tesla.com/findus/location/supercharger/lonepinecasupercharger"}},{"type":"Feature","geometry":{"type":"Point","coordinates":[-118.965561,37.6444586]},"properties":{"name":"Mammoth Lakes Supercharger","network":"Tesla Supercharger","brand":"Tesla Supercharger","operator":"Tesla, Inc.","stalls":8,"kw_per_stall":150.0,"mw_capacity":1.2,"status":"24/7","access":"yes","fee":"yes","sockets":"8","voltage":"","address":"","city":"","state":"","source":"OpenStreetMap (charge-finder mirror)","osm_id":"node/5910635525","website":"https://www.tesla.com/findus/location/supercharger/mammothlakessupercharger"}},{"type":"Feature","geometry":{"type":"Point","coordinates":[-95.5377551,29.8671937]},"properties":{"name":"Houston, TX - Northwest Freeway Supercharger","network":"Tesla Supercharger","brand":"Tesla Supercharger","operator":"Tesla Motors","stalls":8,"kw_per_stall":null,"mw_capacity":null,"status":"24/7","access":"yes","fee":"","sockets":"8","voltage":"","address":"14620, Northwest Freeway, Houston, TX","city":"Houston","state":"TX","source":"OpenStreetMap (charge-finder mirror)","osm_id":"node/5911885218","website":""}},{"type":"Feature","geometry":{"type":"Point","coordinates":[-108.150225,39.0708101]},"properties":{"name":"Tesla Destination Charger","network":"Tesla","brand":"Tesla, Inc.","operator":"","stalls":4,"kw_per_stall":null,"mw_capacity":null,"status":"unknown","access":"yes","fee":"","sockets":"","voltage":"","address":"","city":"","state":"","source":"OpenStreetMap (charge-finder mirror)","osm_id":"node/5935106354","website":""}},{"type":"Feature","geometry":{"type":"Point","coordinates":[-108.541981,39.1132981]},"properties":{"name":"Tesla Supercharger","network":"Tesla Supercharger","brand":"Tesla Supercharger","operator":"Tesla, Inc.","stalls":null,"kw_per_stall":null,"mw_capacity":null,"status":"unknown","access":"customers","fee":"","sockets":"","voltage":"","address":"2790, Crossroads Boulevard, Grand Junction, CO","city":"Grand Junction","state":"CO","source":"OpenStreetMap (charge-finder mirror)","osm_id":"node/5935346331","website":""}},{"type":"Feature","geometry":{"type":"Point","coordinates":[-108.559903,39.0676195]},"properties":{"name":"Tesla Destination Charger","network":"Tesla","brand":"Tesla, Inc.","operator":"","stalls":1,"kw_per_stall":null,"mw_capacity":null,"status":"24/7","access":"yes","fee":"no","sockets":"","voltage":"","address":"","city":"","state":"","source":"OpenStreetMap (charge-finder mirror)","osm_id":"node/5935429299","website":""}},{"type":"Feature","geometry":{"type":"Point","coordinates":[-108.559904,39.0676815]},"properties":{"name":"Tesla Destination Charger","network":"Tesla","brand":"Tesla, Inc.","operator":"","stalls":1,"kw_per_stall":null,"mw_capacity":null,"status":"24/7","access":"yes","fee":"no","sockets":"","voltage":"","address":"","city":"","state":"","source":"OpenStreetMap (charge-finder mirror)","osm_id":"node/5935429300","website":""}},{"type":"Feature","geometry":{"type":"Point","coordinates":[-122.263835,38.2356067]},"properties":{"name":"Tesla Supercharger","network":"Tesla Supercharger","brand":"Tesla Supercharger","operator":"Tesla, Inc.","stalls":null,"kw_per_stall":null,"mw_capacity":null,"status":"unknown","access":"","fee":"","sockets":"","voltage":"","address":"","city":"","state":"","source":"OpenStreetMap (charge-finder mirror)","osm_id":"node/5986652341","website":""}},{"type":"Feature","geometry":{"type":"Point","coordinates":[-122.263861,38.2355836]},"properties":{"name":"Tesla Supercharger","network":"Tesla Supercharger","brand":"Tesla Supercharger","operator":"Tesla, Inc.","stalls":null,"kw_per_stall":null,"mw_capacity":null,"status":"unknown","access":"","fee":"","sockets":"","voltage":"","address":"","city":"","state":"","source":"OpenStreetMap (charge-finder mirror)","osm_id":"node/5986652342","website":""}},{"type":"Feature","geometry":{"type":"Point","coordinates":[-122.26389,38.2355626]},"properties":{"name":"Tesla Supercharger","network":"Tesla Supercharger","brand":"Tesla Supercharger","operator":"Tesla, Inc.","stalls":null,"kw_per_stall":null,"mw_capacity":null,"status":"unknown","access":"","fee":"","sockets":"","voltage":"","address":"","city":"","state":"","source":"OpenStreetMap (charge-finder mirror)","osm_id":"node/5986652343","website":""}},{"type":"Feature","geometry":{"type":"Point","coordinates":[-122.263919,38.2355436]},"properties":{"name":"Tesla Supercharger","network":"Tesla Supercharger","brand":"Tesla Supercharger","operator":"Tesla, Inc.","stalls":null,"kw_per_stall":null,"mw_capacity":null,"status":"unknown","access":"","fee":"","sockets":"","voltage":"","address":"","city":"","state":"","source":"OpenStreetMap (charge-finder mirror)","osm_id":"node/5986652344","website":""}},{"type":"Feature","geometry":{"type":"Point","coordinates":[-122.263947,38.2355211]},"properties":{"name":"Tesla Supercharger","network":"Tesla Supercharger","brand":"Tesla Supercharger","operator":"Tesla, Inc.","stalls":null,"kw_per_stall":null,"mw_capacity":null,"status":"unknown","access":"","fee":"","sockets":"","voltage":"","address":"","city":"","state":"","source":"OpenStreetMap (charge-finder mirror)","osm_id":"node/5986652345","website":""}},{"type":"Feature","geometry":{"type":"Point","coordinates":[-122.263975,38.2354996]},"properties":{"name":"Tesla Supercharger","network":"Tesla Supercharger","brand":"Tesla Supercharger","operator":"Tesla, Inc.","stalls":null,"kw_per_stall":null,"mw_capacity":null,"status":"unknown","access":"","fee":"","sockets":"","voltage":"","address":"","city":"","state":"","source":"OpenStreetMap (charge-finder mirror)","osm_id":"node/5986652346","website":""}},{"type":"Feature","geometry":{"type":"Point","coordinates":[-85.1959302,35.0386246]},"properties":{"name":"Tesla Supercharger","network":"Tesla Supercharger","brand":"Tesla Supercharger","operator":"Tesla/CHA Airport","stalls":6,"kw_per_stall":null,"mw_capacity":null,"status":"unknown","access":"","fee":"","sockets":"","voltage":"","address":"","city":"","state":"","source":"OpenStreetMap (charge-finder mirror)","osm_id":"node/6006175296","website":""}},{"type":"Feature","geometry":{"type":"Point","coordinates":[-96.8987847,32.1949563]},"properties":{"name":"Tesla Supercharger","network":"Tesla Supercharger","brand":"Tesla Supercharger","operator":"Tesla, Inc.","stalls":10,"kw_per_stall":null,"mw_capacity":null,"status":"unknown","access":"","fee":"","sockets":"","voltage":"","address":"","city":"","state":"","source":"OpenStreetMap (charge-finder mirror)","osm_id":"node/6008597510","website":""}},{"type":"Feature","geometry":{"type":"Point","coordinates":[-73.7251198,40.6639033]},"properties":{"name":"Tesla Supercharger","network":"Tesla Supercharger","brand":"Tesla Supercharger","operator":"Tesla Motors","stalls":16,"kw_per_stall":null,"mw_capacity":null,"status":"unknown","access":"","fee":"","sockets":"","voltage":"","address":"","city":"","state":"","source":"OpenStreetMap (charge-finder mirror)","osm_id":"node/6009945199","website":""}},{"type":"Feature","geometry":{"type":"Point","coordinates":[-119.794223,39.4897083]},"properties":{"name":"Tesla Supercharger","network":"Tesla Supercharger","brand":"Tesla Supercharger","operator":"Tesla, Inc.","stalls":6,"kw_per_stall":null,"mw_capacity":null,"status":"unknown","access":"","fee":"yes","sockets":"","voltage":"","address":"","city":"","state":"","source":"OpenStreetMap (charge-finder mirror)","osm_id":"node/6013917169","website":""}},{"type":"Feature","geometry":{"type":"Point","coordinates":[-119.7956884,39.4895902]},"properties":{"name":"Tesla","network":"Tesla","brand":"","operator":"Tesla Desination","stalls":2,"kw_per_stall":null,"mw_capacity":null,"status":"unknown","access":"","fee":"no","sockets":"","voltage":"","address":"","city":"","state":"","source":"OpenStreetMap (charge-finder mirror)","osm_id":"node/6013917171","website":""}},{"type":"Feature","geometry":{"type":"Point","coordinates":[-119.785052,39.4640822]},"properties":{"name":"Tesla Supercharger","network":"Tesla Supercharger","brand":"Tesla Supercharger","operator":"Tesla, Inc.","stalls":2,"kw_per_stall":null,"mw_capacity":null,"status":"unknown","access":"","fee":"","sockets":"","voltage":"","address":"","city":"","state":"","source":"OpenStreetMap (charge-finder mirror)","osm_id":"node/6013917226","website":""}},{"type":"Feature","geometry":{"type":"Point","coordinates":[-119.815743,39.5289261]},"properties":{"name":"Tesla Destination Charger","network":"Tesla","brand":"Tesla, Inc.","operator":"Tesla","stalls":2,"kw_per_stall":null,"mw_capacity":null,"status":"unknown","access":"","fee":"","sockets":"","voltage":"","address":"","city":"","state":"","source":"OpenStreetMap (charge-finder mirror)","osm_id":"node/6013917228","website":""}},{"type":"Feature","geometry":{"type":"Point","coordinates":[-105.257634,40.0012661]},"properties":{"name":"Tesla Destination Charger","network":"Tesla","brand":"Tesla, Inc.","operator":"Best Western Plus Boulder Inn","stalls":3,"kw_per_stall":null,"mw_capacity":null,"status":"unknown","access":"customers","fee":"no","sockets":"","voltage":"","address":"","city":"","state":"","source":"OpenStreetMap (charge-finder mirror)","osm_id":"node/6041045037","website":""}},{"type":"Feature","geometry":{"type":"Point","coordinates":[-105.205312,40.0619961]},"properties":{"name":"Tesla Destination Charger","network":"Tesla","brand":"Tesla, Inc.","operator":"Avery Brewing Company","stalls":7,"kw_per_stall":null,"mw_capacity":null,"status":"unknown","access":"customers","fee":"","sockets":"2","voltage":"","address":"","city":"","state":"","source":"OpenStreetMap (charge-finder mirror)","osm_id":"node/6041045038","website":"https://www.tesla.com/findus?location=dc26639"}},{"type":"Feature","geometry":{"type":"Point","coordinates":[-105.257022,40.0203019]},"properties":{"name":"Tesla Supercharger","network":"Tesla Supercharger","brand":"Tesla Supercharger","operator":"Tesla, Inc.","stalls":10,"kw_per_stall":150.0,"mw_capacity":1.5,"status":"24/7","access":"","fee":"yes","sockets":"10","voltage":"","address":"","city":"","state":"","source":"OpenStreetMap (charge-finder mirror)","osm_id":"node/6041045039","website":"https://www.tesla.com/findus/location/supercharger/bouldercosupercharger"}},{"type":"Feature","geometry":{"type":"Point","coordinates":[-119.733583,39.5329981]},"properties":{"name":"Tesla Supercharger","network":"Tesla Supercharger","brand":"Tesla Supercharger","operator":"Tesla, Inc.","stalls":1,"kw_per_stall":null,"mw_capacity":null,"status":"unknown","access":"","fee":"","sockets":"","voltage":"","address":"","city":"","state":"","source":"OpenStreetMap (charge-finder mirror)","osm_id":"node/6050187105","website":""}},{"type":"Feature","geometry":{"type":"Point","coordinates":[-119.800204,39.4970021]},"properties":{"name":"Tesla Destination Charger","network":"Tesla","brand":"Tesla, Inc.","operator":"Tesla","stalls":2,"kw_per_stall":null,"mw_capacity":null,"status":"unknown","access":"","fee":"","sockets":"","voltage":"","address":"","city":"","state":"","source":"OpenStreetMap (charge-finder mirror)","osm_id":"node/6050187108","website":""}},{"type":"Feature","geometry":{"type":"Point","coordinates":[-121.963573,37.7629106]},"properties":{"name":"Tesla Supercharger San Ramon","network":"Tesla Supercharger","brand":"Tesla Supercharger","operator":"Tesla, Inc.","stalls":10,"kw_per_stall":null,"mw_capacity":null,"status":"24/7","access":"","fee":"","sockets":"10","voltage":"","address":"","city":"","state":"","source":"OpenStreetMap (charge-finder mirror)","osm_id":"node/6101129791","website":"https://www.tesla.com/findus?v=2&bounds=37.88280947782503%2C-121.71448200341797%2C37.6426075062177%2C-122.21229999658203&filters=store%2Cservice%2Csupercharger%2Cdestination%20charger&zoom=12&search=San%20Ramon%2C%20CA%2C%20USA&location=sanramoncalifornia"}},{"type":"Feature","geometry":{"type":"Point","coordinates":[-84.6554552,42.7425211]},"properties":{"name":"Tesla, Inc.","network":"Tesla","brand":"Tesla, Inc.","operator":"Ukai Sushi","stalls":1,"kw_per_stall":null,"mw_capacity":null,"status":"unknown","access":"yes","fee":"no","sockets":"","voltage":"240","address":"","city":"","state":"","source":"OpenStreetMap (charge-finder mirror)","osm_id":"node/6111507815","website":""}},{"type":"Feature","geometry":{"type":"Point","coordinates":[-119.940549,38.9634869]},"properties":{"name":"Tesla Supercharger","network":"Tesla Supercharger","brand":"Tesla Supercharger","operator":"Tesla, Inc.","stalls":14,"kw_per_stall":null,"mw_capacity":null,"status":"unknown","access":"","fee":"","sockets":"","voltage":"","address":"","city":"","state":"","source":"OpenStreetMap (charge-finder mirror)","osm_id":"node/6122471044","website":""}},{"type":"Feature","geometry":{"type":"Point","coordinates":[-120.162077,39.3218515]},"properties":{"name":"Tesla Supercharger","network":"Tesla Supercharger","brand":"Tesla Supercharger","operator":"Tesla","stalls":8,"kw_per_stall":null,"mw_capacity":null,"status":"unknown","access":"","fee":"","sockets":"","voltage":"","address":"","city":"","state":"","source":"OpenStreetMap (charge-finder mirror)","osm_id":"node/6122471309","website":""}},{"type":"Feature","geometry":{"type":"Point","coordinates":[-81.3134493,29.8951176]},"properties":{"name":"Tesla Supercharger","network":"Tesla Supercharger","brand":"Tesla Supercharger","operator":"Tesla, Inc.","stalls":null,"kw_per_stall":null,"mw_capacity":null,"status":"unknown","access":"","fee":"","sockets":"","voltage":"","address":"","city":"","state":"","source":"OpenStreetMap (charge-finder mirror)","osm_id":"node/6127181133","website":""}},{"type":"Feature","geometry":{"type":"Point","coordinates":[-77.4771664,39.0829073]},"properties":{"name":"Tesla Destination","network":"Tesla","brand":"Tesla, Inc.","operator":"Tesla, Inc.","stalls":4,"kw_per_stall":null,"mw_capacity":null,"status":"24/7","access":"customers","fee":"no","sockets":"2","voltage":"","address":"","city":"","state":"","source":"OpenStreetMap (charge-finder mirror)","osm_id":"node/6140789952","website":""}},{"type":"Feature","geometry":{"type":"Point","coordinates":[-77.5462883,39.1061123]},"properties":{"name":"Tesla Destination","network":"Tesla","brand":"Tesla, Inc.","operator":"Tesla, Inc.","stalls":4,"kw_per_stall":null,"mw_capacity":null,"status":"24/7","access":"customers","fee":"no","sockets":"1","voltage":"","address":"","city":"","state":"","source":"OpenStreetMap (charge-finder mirror)","osm_id":"node/6140831896","website":""}},{"type":"Feature","geometry":{"type":"Point","coordinates":[-123.082655,49.0380865]},"properties":{"name":"Tesla Supercharger","network":"Tesla Supercharger","brand":"Tesla Supercharger","operator":"Tesla, Inc.","stalls":12,"kw_per_stall":150.0,"mw_capacity":1.8,"status":"24/7","access":"","fee":"yes","sockets":"12","voltage":"","address":"","city":"","state":"","source":"OpenStreetMap (charge-finder mirror)","osm_id":"node/6160108283","website":"https://www.tesla.com/findus?location=tsawwassensupercharger"}},{"type":"Feature","geometry":{"type":"Point","coordinates":[-79.3534242,43.8504518]},"properties":{"name":"Tesla Supercharger","network":"Tesla Supercharger","brand":"Tesla Supercharger","operator":"Tesla, Inc.","stalls":20,"kw_per_stall":null,"mw_capacity":null,"status":"unknown","access":"","fee":"","sockets":"","voltage":"","address":"","city":"","state":"","source":"OpenStreetMap (charge-finder mirror)","osm_id":"node/6160628425","website":""}},{"type":"Feature","geometry":{"type":"Point","coordinates":[-79.1408714,39.6968349]},"properties":{"name":"Tesla Supercharger","network":"Tesla Supercharger","brand":"Tesla Supercharger","operator":"Tesla, Inc.","stalls":1,"kw_per_stall":null,"mw_capacity":null,"status":"unknown","access":"","fee":"","sockets":"","voltage":"","address":"","city":"","state":"","source":"OpenStreetMap (charge-finder mirror)","osm_id":"node/6164028050","website":""}},{"type":"Feature","geometry":{"type":"Point","coordinates":[-104.5193073,37.1341085]},"properties":{"name":"Tesla Supercharger","network":"Tesla Supercharger","brand":"Tesla Supercharger","operator":"Tesla, Inc.","stalls":6,"kw_per_stall":null,"mw_capacity":null,"status":"24/7","access":"","fee":"yes","sockets":"6","voltage":"","address":"9960, Santa Fe Trail, Trinidad, CO","city":"Trinidad","state":"CO","source":"OpenStreetMap (charge-finder mirror)","osm_id":"node/6175134444","website":"https://www.tesla.com/findus/location/supercharger/trinidadsupercharger"}},{"type":"Feature","geometry":{"type":"Point","coordinates":[-105.205445,35.6220158]},"properties":{"name":"Tesla Supercharger","network":"Tesla Supercharger","brand":"Tesla Supercharger","operator":"Tesla, Inc.","stalls":6,"kw_per_stall":null,"mw_capacity":null,"status":"unknown","access":"","fee":"","sockets":"6","voltage":"","address":"2500, North Grand Avenue, Las Vegas, NM","city":"Las Vegas","state":"NM","source":"OpenStreetMap (charge-finder mirror)","osm_id":"node/6175273824","website":"https://www.tesla.com/findus/location/supercharger/lasvegasnmsupercharger"}},{"type":"Feature","geometry":{"type":"Point","coordinates":[-97.1338648,32.9434554]},"properties":{"name":"Tesla Supercharger","network":"Tesla Supercharger","brand":"Tesla Supercharger","operator":"Tesla, Inc.","stalls":10,"kw_per_stall":null,"mw_capacity":null,"status":"24/7","access":"yes","fee":"yes","sockets":"10","voltage":"","address":"","city":"","state":"","source":"OpenStreetMap (charge-finder mirror)","osm_id":"node/6175329867","website":"https://www.tesla.com/findus/location/supercharger/southlaketxsupercharger"}},{"type":"Feature","geometry":{"type":"Point","coordinates":[-103.7226288,35.1539391]},"properties":{"name":"Tesla Supercharger","network":"Tesla Supercharger","brand":"Tesla Supercharger","operator":"Tesla Motors","stalls":6,"kw_per_stall":null,"mw_capacity":null,"status":"24/7","access":"","fee":"","sockets":"6","voltage":"","address":"2624, South Adams Street, Tucumcari, NM","city":"Tucumcari","state":"NM","source":"OpenStreetMap (charge-finder mirror)","osm_id":"node/6175334866","website":"https://www.tesla.com/findus/location/supercharger/tucumcarinmsupercharger"}},{"type":"Feature","geometry":{"type":"Point","coordinates":[-104.6480665,34.9470185]},"properties":{"name":"Tesla Supercharger","network":"Tesla Supercharger","brand":"Tesla Supercharger","operator":"Tesla Motors","stalls":6,"kw_per_stall":null,"mw_capacity":null,"status":"24/7","access":"","fee":"","sockets":"6","voltage":"","address":"2516, Historic Route 66, Santa Rosa, NM","city":"Santa Rosa","state":"NM","source":"OpenStreetMap (charge-finder mirror)","osm_id":"node/6175343892","website":"https://www.tesla.com/findus/location/supercharger/santarosanmsupercharger"}},{"type":"Feature","geometry":{"type":"Point","coordinates":[-81.4163976,31.0340212]},"properties":{"name":"Tesla Supercharger","network":"Tesla Supercharger","brand":"Tesla Supercharger","operator":"Tesla, Inc.","stalls":null,"kw_per_stall":null,"mw_capacity":null,"status":"unknown","access":"","fee":"","sockets":"","voltage":"","address":"","city":"","state":"","source":"OpenStreetMap (charge-finder mirror)","osm_id":"node/6195435987","website":""}},{"type":"Feature","geometry":{"type":"Point","coordinates":[-73.8174791,42.7113357]},"properties":{"name":"Tesla Supercharger","network":"Tesla Supercharger","brand":"Tesla Supercharger","operator":"Tesla, Inc.","stalls":6,"kw_per_stall":null,"mw_capacity":null,"status":"unknown","access":"","fee":"","sockets":"","voltage":"","address":"","city":"","state":"","source":"OpenStreetMap (charge-finder mirror)","osm_id":"node/6196947018","website":""}},{"type":"Feature","geometry":{"type":"Point","coordinates":[-89.5915055,40.6902683]},"properties":{"name":"Tesla Motors Destination Charger","network":"Tesla Supercharger","brand":"Tesla Supercharger","operator":"Tesla, Inc.","stalls":2,"kw_per_stall":null,"mw_capacity":null,"status":"unknown","access":"","fee":"","sockets":"","voltage":"","address":"222, Southwest Adams Street, Peoria, IL","city":"Peoria","state":"IL","source":"OpenStreetMap (charge-finder mirror)","osm_id":"node/6202474131","website":"https://www.tesla.com/findus?v=2&search=61602&bounds=40.69163253153382%2C-89.58727333085164%2C40.68840343199203%2C-89.59612068634499&filters=destination%20charger&zoom=18&location=dc13915"}},{"type":"Feature","geometry":{"type":"Point","coordinates":[-121.228683,37.782622]},"properties":{"name":"Tesla Supercharger","network":"Tesla Supercharger","brand":"Tesla Supercharger","operator":"Tesla, Inc.","stalls":20,"kw_per_stall":null,"mw_capacity":null,"status":"unknown","access":"","fee":"","sockets":"","voltage":"","address":"960, Perimeter Drive, Manteca, CA","city":"Manteca","state":"CA","source":"OpenStreetMap (charge-finder mirror)","osm_id":"node/6208735735","website":"https://www.tesla.com/findus/location/supercharger/mantecacasupercharger"}},{"type":"Feature","geometry":{"type":"Point","coordinates":[-121.017565,37.109305]},"properties":{"name":"Gustine Supercharger","network":"Tesla Supercharger","brand":"Tesla Supercharger","operator":"Tesla, Inc.","stalls":12,"kw_per_stall":150.0,"mw_capacity":1.8,"status":"24/7","access":"","fee":"","sockets":"12","voltage":"","address":"12411, Highway 33, Gustine, CA","city":"Gustine","state":"CA","source":"OpenStreetMap (charge-finder mirror)","osm_id":"node/6209230787","website":"https://www.tesla.com/findus/location/supercharger/gustinesupercharger"}},{"type":"Feature","geometry":{"type":"Point","coordinates":[-119.91058,36.835455]},"properties":{"name":"Tesla Supercharger","network":"Tesla Supercharger","brand":"Tesla Supercharger","operator":"Tesla, Inc.","stalls":10,"kw_per_stall":null,"mw_capacity":null,"status":"unknown","access":"","fee":"","sockets":"","voltage":"","address":"6709, North Riverside Drive, Fresno, CA","city":"Fresno","state":"CA","source":"OpenStreetMap (charge-finder mirror)","osm_id":"node/6209238247","website":"https://www.teslamotors.com/findus/location/supercharger/fresnosupercharger"}},{"type":"Feature","geometry":{"type":"Point","coordinates":[-119.962057,35.9875533]},"properties":{"name":"Tesla Supercharger","network":"Tesla Supercharger","brand":"Tesla Supercharger","operator":"Tesla, Inc.","stalls":40,"kw_per_stall":250.0,"mw_capacity":10.0,"status":"24/7","access":"","fee":"yes","sockets":"40","voltage":"","address":"33360, Powers Drive, Kettleman City, CA","city":"Kettleman City","state":"CA","source":"OpenStreetMap (charge-finder mirror)","osm_id":"node/6209253622","website":"https://www.tesla.com/findus/location/supercharger/kettlemancitysupercharger"}},{"type":"Feature","geometry":{"type":"Point","coordinates":[-119.397796,35.400105]},"properties":{"name":"Tesla Supercharger","network":"Tesla Supercharger","brand":"Tesla Supercharger","operator":"Tesla, Inc.","stalls":10,"kw_per_stall":null,"mw_capacity":null,"status":"unknown","access":"","fee":"","sockets":"","voltage":"","address":"20673, Tracy Avenue, Buttonwillow, CA","city":"Buttonwillow","state":"CA","source":"OpenStreetMap (charge-finder mirror)","osm_id":"node/6209257559","website":"https://www.tesla.com/findus/location/supercharger/buttonwillowsupercharger"}},{"type":"Feature","geometry":{"type":"Point","coordinates":[-119.331607,35.354643]},"properties":{"name":"Tesla Supercharger","network":"Tesla Supercharger","brand":"Tesla Supercharger","operator":"Tesla","stalls":10,"kw_per_stall":null,"mw_capacity":null,"status":"unknown","access":"","fee":"","sockets":"","voltage":"","address":"29541, Stockdale Highway, Bakersfield, CA","city":"Bakersfield","state":"CA","source":"OpenStreetMap (charge-finder mirror)","osm_id":"node/6209264695","website":"https://www.tesla.com/findus/location/supercharger/bakersfieldsupercharger"}},{"type":"Feature","geometry":{"type":"Point","coordinates":[-121.42853,38.603327]},"properties":{"name":"Tesla Supercharger","network":"Tesla Supercharger","brand":"Tesla Supercharger","operator":"Tesla, Inc.","stalls":19,"kw_per_stall":null,"mw_capacity":null,"status":"unknown","access":"","fee":"","sockets":"","voltage":"","address":"1689, Arden Way, Sacramento, CA","city":"Sacramento","state":"CA","source":"OpenStreetMap (charge-finder mirror)","osm_id":"node/6211068728","website":"https://www.tesla.com/findus/location/supercharger/sacramentocasupercharger"}},{"type":"Feature","geometry":{"type":"Point","coordinates":[-121.49718,38.637729]},"properties":{"name":"Tesla Supercharger","network":"Tesla Supercharger","brand":"Tesla Supercharger","operator":"Tesla, Inc.","stalls":10,"kw_per_stall":null,"mw_capacity":null,"status":"unknown","access":"","fee":"","sockets":"","voltage":"","address":"3668, North Freeway Boulevard, Sacramento, CA","city":"Sacramento","state":"CA","source":"OpenStreetMap (charge-finder mirror)","osm_id":"node/6211097605","website":"https://www.tesla.com/findus/location/supercharger/sacramentosupercharger"}},{"type":"Feature","geometry":{"type":"Point","coordinates":[-122.284614,37.558546]},"properties":{"name":"Tesla Supercharger","network":"Tesla Supercharger","brand":"Tesla Supercharger","operator":"Tesla, Inc.","stalls":12,"kw_per_stall":null,"mw_capacity":null,"status":"unknown","access":"","fee":"","sockets":"","voltage":"","address":"2220, Bridgepointe Parkway, San Mateo, CA","city":"San Mateo","state":"CA","source":"OpenStreetMap (charge-finder mirror)","osm_id":"node/6211234317","website":"https://www.tesla.com/findus/location/supercharger/sanmbridgepointepkwysupercharger"}},{"type":"Feature","geometry":{"type":"Point","coordinates":[-122.2901883,37.5446321]},"properties":{"name":"Tesla Supercharger","network":"Tesla Supercharger","brand":"Tesla Supercharger","operator":"Tesla Motors","stalls":8,"kw_per_stall":null,"mw_capacity":null,"status":"unknown","access":"","fee":"","sockets":"","voltage":"","address":"1200, Park Place, San Mateo, CA","city":"San Mateo","state":"CA","source":"OpenStreetMap (charge-finder mirror)","osm_id":"node/6211248071","website":"https://www.teslamotors.com/findus/location/supercharger/sanmateosupercharger"}},{"type":"Feature","geometry":{"type":"Point","coordinates":[-122.249306,37.756265]},"properties":{"name":"Tesla Supercharger","network":"Tesla Supercharger","brand":"Tesla Supercharger","operator":"Tesla","stalls":12,"kw_per_stall":null,"mw_capacity":null,"status":"unknown","access":"","fee":"","sockets":"","voltage":"","address":"523, South Shore Center, Alameda, CA","city":"Alameda","state":"CA","source":"OpenStreetMap (charge-finder mirror)","osm_id":"node/6211286627","website":"https://www.tesla.com/findus/location/supercharger/alamedacasupercharger"}},{"type":"Feature","geometry":{"type":"Point","coordinates":[-122.472257,37.673998]},"properties":{"name":"Tesla Supercharger","network":"Tesla Supercharger","brand":"Tesla Supercharger","operator":"Tesla, Inc.","stalls":40,"kw_per_stall":null,"mw_capacity":null,"status":"unknown","access":"","fee":"","sockets":"","voltage":"","address":"3, Serramonte Center, Daly City, CA","city":"Daly City","state":"CA","source":"OpenStreetMap (charge-finder mirror)","osm_id":"node/6211345247","website":"https://www.tesla.com/findus/location/supercharger/dalycitysupercharger"}},{"type":"Feature","geometry":{"type":"Point","coordinates":[-122.0584926,37.9702201]},"properties":{"name":"Tesla Supercharger","network":"Tesla Supercharger","brand":"Tesla Supercharger","operator":"Tesla, Inc.","stalls":19,"kw_per_stall":null,"mw_capacity":null,"status":"unknown","access":"","fee":"","sockets":"","voltage":"","address":"2001, Diamond Boulevard, Concord, CA","city":"Concord","state":"CA","source":"OpenStreetMap (charge-finder mirror)","osm_id":"node/6211352409","website":"https://www.tesla.com/findus/location/supercharger/concordcasupercharger"}},{"type":"Feature","geometry":{"type":"Point","coordinates":[-121.983822,37.544506]},"properties":{"name":"Tesla Supercharger","network":"Tesla Supercharger","brand":"Tesla Supercharger","operator":"Tesla","stalls":12,"kw_per_stall":null,"mw_capacity":null,"status":"unknown","access":"","fee":"","sockets":"","voltage":"","address":"39201, Fremont Boulevard, Fremont, CA","city":"Fremont","state":"CA","source":"OpenStreetMap (charge-finder mirror)","osm_id":"node/6211364281","website":"https://www.tesla.com/findus/location/supercharger/fremontcaliforniasupercharger"}},{"type":"Feature","geometry":{"type":"Point","coordinates":[-73.7473205,45.5701506]},"properties":{"name":"Tesla Supercharger","network":"Tesla Supercharger","brand":"Tesla Supercharger","operator":"Tesla, Inc.","stalls":null,"kw_per_stall":null,"mw_capacity":null,"status":"unknown","access":"","fee":"","sockets":"","voltage":"","address":"","city":"","state":"","source":"OpenStreetMap (charge-finder mirror)","osm_id":"node/6221481999","website":""}},{"type":"Feature","geometry":{"type":"Point","coordinates":[-93.4627207,42.6740269]},"properties":{"name":"Tesla Supercharger","network":"Tesla Supercharger","brand":"Tesla Supercharger","operator":"Tesla Motors","stalls":8,"kw_per_stall":null,"mw_capacity":null,"status":"unknown","access":"","fee":"","sockets":"","voltage":"","address":"","city":"","state":"","source":"OpenStreetMap (charge-finder mirror)","osm_id":"node/6224760237","website":""}},{"type":"Feature","geometry":{"type":"Point","coordinates":[-79.1378344,37.4111783]},"properties":{"name":"Tesla Destination Charger","network":"Tesla","brand":"Tesla, Inc.","operator":"Tesla, Inc.","stalls":null,"kw_per_stall":null,"mw_capacity":null,"status":"24/7","access":"","fee":"","sockets":"","voltage":"","address":"","city":"","state":"","source":"OpenStreetMap (charge-finder mirror)","osm_id":"node/6242638685","website":""}},{"type":"Feature","geometry":{"type":"Point","coordinates":[-79.173226,37.3691787]},"properties":{"name":"Tesla Destination Charger","network":"Tesla","brand":"Tesla, Inc.","operator":"Tesla, Inc.","stalls":null,"kw_per_stall":null,"mw_capacity":null,"status":"24/7","access":"","fee":"","sockets":"","voltage":"","address":"","city":"","state":"","source":"OpenStreetMap (charge-finder mirror)","osm_id":"node/6242835017","website":""}},{"type":"Feature","geometry":{"type":"Point","coordinates":[-87.3315355,39.4432708]},"properties":{"name":"Tesla Supercharger","network":"Tesla Supercharger","brand":"Tesla Supercharger","operator":"Tesla, Inc.","stalls":8,"kw_per_stall":null,"mw_capacity":null,"status":"unknown","access":"","fee":"","sockets":"","voltage":"","address":"","city":"","state":"","source":"OpenStreetMap (charge-finder mirror)","osm_id":"node/6260031462","website":""}},{"type":"Feature","geometry":{"type":"Point","coordinates":[-122.663883,45.7215267]},"properties":{"name":"Tesla Supercharger","network":"Tesla Supercharger","brand":"Tesla Supercharger","operator":"Tesla, Inc.","stalls":12,"kw_per_stall":null,"mw_capacity":null,"status":"24/7","access":"","fee":"","sockets":"","voltage":"","address":"","city":"","state":"","source":"OpenStreetMap (charge-finder mirror)","osm_id":"node/6284721898","website":""}},{"type":"Feature","geometry":{"type":"Point","coordinates":[-119.1150275,46.250643]},"properties":{"name":"Tesla Destination Charger","network":"Tesla","brand":"Tesla, Inc.","operator":"Tesla, Inc.","stalls":3,"kw_per_stall":null,"mw_capacity":null,"status":"unknown","access":"customers","fee":"","sockets":"","voltage":"","address":"","city":"","state":"","source":"OpenStreetMap (charge-finder mirror)","osm_id":"node/6296949377","website":""}},{"type":"Feature","geometry":{"type":"Point","coordinates":[-82.487097,38.4109649]},"properties":{"name":"Tesla Supercharger","network":"Tesla Supercharger","brand":"Tesla Supercharger","operator":"Tesla, Inc.","stalls":8,"kw_per_stall":120.0,"mw_capacity":0.96,"status":"24/7","access":"","fee":"","sockets":"","voltage":"","address":"","city":"","state":"","source":"OpenStreetMap (charge-finder mirror)","osm_id":"node/6311475340","website":""}},{"type":"Feature","geometry":{"type":"Point","coordinates":[-89.8589431,35.0978346]},"properties":{"name":"Tesla Supercharger","network":"Tesla Supercharger","brand":"Tesla Supercharger","operator":"Tesla, Inc.","stalls":8,"kw_per_stall":null,"mw_capacity":null,"status":"24/7","access":"","fee":"yes","sockets":"8","voltage":"","address":"","city":"","state":"","source":"OpenStreetMap (charge-finder mirror)","osm_id":"node/6346256234","website":""}},{"type":"Feature","geometry":{"type":"Point","coordinates":[-119.739974,39.4235499]},"properties":{"name":"Tesla Supercharger","network":"Tesla Supercharger","brand":"Tesla Supercharger","operator":"Tesla, Inc.","stalls":null,"kw_per_stall":null,"mw_capacity":null,"status":"unknown","access":"","fee":"no","sockets":"","voltage":"","address":"","city":"","state":"","source":"OpenStreetMap (charge-finder mirror)","osm_id":"node/6347896503","website":""}},{"type":"Feature","geometry":{"type":"Point","coordinates":[-90.5135375,41.575902]},"properties":{"name":"Tesla Supercharger","network":"Tesla Supercharger","brand":"Tesla Supercharger","operator":"Tesla, Inc.","stalls":8,"kw_per_stall":null,"mw_capacity":null,"status":"unknown","access":"","fee":"","sockets":"","voltage":"","address":"","city":"","state":"","source":"OpenStreetMap (charge-finder mirror)","osm_id":"node/6356903328","website":"https://www.tesla.com/findus/location/supercharger/davenportsupercharger"}},{"type":"Feature","geometry":{"type":"Point","coordinates":[-72.6740841,41.7665971]},"properties":{"name":"Tesla Supercharger","network":"Tesla Supercharger","brand":"Tesla Supercharger","operator":"Tesla, Inc.","stalls":6,"kw_per_stall":null,"mw_capacity":null,"status":"unknown","access":"","fee":"yes","sockets":"","voltage":"","address":"","city":"","state":"","source":"OpenStreetMap (charge-finder mirror)","osm_id":"node/6358616658","website":""}},{"type":"Feature","geometry":{"type":"Point","coordinates":[-122.43753,38.4781383]},"properties":{"name":"Tesla Destination Charger","network":"Tesla","brand":"Tesla, Inc.","operator":"","stalls":2,"kw_per_stall":null,"mw_capacity":null,"status":"unknown","access":"","fee":"","sockets":"","voltage":"","address":"","city":"","state":"","source":"OpenStreetMap (charge-finder mirror)","osm_id":"node/6359284392","website":""}},{"type":"Feature","geometry":{"type":"Point","coordinates":[-85.0003683,41.6989999]},"properties":{"name":"Tesla Supercharger","network":"Tesla Supercharger","brand":"Tesla Supercharger","operator":"Tesla Motors","stalls":6,"kw_per_stall":null,"mw_capacity":null,"status":"24/7","access":"","fee":"yes","sockets":"6","voltage":"","address":"3855, IN 127","city":"","state":"","source":"OpenStreetMap (charge-finder mirror)","osm_id":"node/6380996271","website":"https://www.tesla.com/findus/location/supercharger/angolasupercharger"}},{"type":"Feature","geometry":{"type":"Point","coordinates":[-85.1633704,41.1383967]},"properties":{"name":"Tesla Supercharger","network":"Tesla Supercharger","brand":"Tesla Supercharger","operator":"Tesla, Inc.","stalls":10,"kw_per_stall":null,"mw_capacity":null,"status":"24/7","access":"","fee":"yes","sockets":"10","voltage":"","address":"","city":"","state":"","source":"OpenStreetMap (charge-finder mirror)","osm_id":"node/6381204169","website":""}},{"type":"Feature","geometry":{"type":"Point","coordinates":[-84.277025,39.8587028]},"properties":{"name":"Tesla Supercharger","network":"Tesla Supercharger","brand":"Tesla Supercharger","operator":"Tesla Motors","stalls":8,"kw_per_stall":null,"mw_capacity":null,"status":"24/7","access":"","fee":"yes","sockets":"8","voltage":"","address":"9200, Main Street","city":"","state":"","source":"OpenStreetMap (charge-finder mirror)","osm_id":"node/6382216666","website":""}},{"type":"Feature","geometry":{"type":"Point","coordinates":[-84.0719143,40.7266415]},"properties":{"name":"Tesla Supercharger","network":"Tesla Supercharger","brand":"Tesla Supercharger","operator":"Tesla Motors","stalls":8,"kw_per_stall":null,"mw_capacity":null,"status":"24/7","access":"","fee":"yes","sockets":"8","voltage":"","address":"1933, Roschman Avenue","city":"","state":"","source":"OpenStreetMap (charge-finder mirror)","osm_id":"node/6383602705","website":"https://www.tesla.com/findus/location/supercharger/limasupercharger"}},{"type":"Feature","geometry":{"type":"Point","coordinates":[-83.7665522,42.2411172]},"properties":{"name":"Ann Arbor Supercharger","network":"Tesla Supercharger","brand":"Tesla, Inc.","operator":"Tesla, Inc.","stalls":8,"kw_per_stall":150.0,"mw_capacity":1.2,"status":"24/7","access":"customers","fee":"yes","sockets":"8","voltage":"","address":"3145, Ann Arbor-Saline Road","city":"","state":"","source":"OpenStreetMap (charge-finder mirror)","osm_id":"node/6383916382","website":"https://www.tesla.com/findus/location/supercharger/annarborsupercharger"}},{"type":"Feature","geometry":{"type":"Point","coordinates":[-84.964162,42.2920127]},"properties":{"name":"Marshall Supercharger","network":"Tesla Supercharger","brand":"Tesla Supercharger","operator":"Tesla, Inc.","stalls":8,"kw_per_stall":150.0,"mw_capacity":1.2,"status":"24/7","access":"customers","fee":"yes","sockets":"8","voltage":"","address":"15252, Old 27 North","city":"","state":"","source":"OpenStreetMap (charge-finder mirror)","osm_id":"node/6387033605","website":"https://www.tesla.com/findus/location/supercharger/marshallsupercharger"}},{"type":"Feature","geometry":{"type":"Point","coordinates":[-66.6728362,45.9417758]},"properties":{"name":"Tesla","network":"Tesla","brand":"","operator":"Tesla / Clipper Creek","stalls":1,"kw_per_stall":null,"mw_capacity":null,"status":"unknown","access":"","fee":"","sockets":"","voltage":"","address":"","city":"","state":"","source":"OpenStreetMap (charge-finder mirror)","osm_id":"node/6401426564","website":""}},{"type":"Feature","geometry":{"type":"Point","coordinates":[-88.4058327,42.7858533]},"properties":{"name":"Tesla Supercharger","network":"Tesla Supercharger","brand":"Tesla Supercharger","operator":"2894 On Main","stalls":null,"kw_per_stall":null,"mw_capacity":null,"status":"unknown","access":"","fee":"","sockets":"","voltage":"","address":"","city":"","state":"","source":"OpenStreetMap (charge-finder mirror)","osm_id":"node/6415119195","website":""}},{"type":"Feature","geometry":{"type":"Point","coordinates":[-76.2205066,38.9658435]},"properties":{"name":"Tesla Supercharger","network":"Tesla Supercharger","brand":"Tesla Supercharger","operator":"Tesla, Inc.","stalls":12,"kw_per_stall":null,"mw_capacity":null,"status":"unknown","access":"","fee":"","sockets":"","voltage":"","address":"","city":"","state":"","source":"OpenStreetMap (charge-finder mirror)","osm_id":"node/6433425490","website":""}},{"type":"Feature","geometry":{"type":"Point","coordinates":[-71.2682648,46.7304425]},"properties":{"name":"Tesla Supercharger","network":"Tesla Supercharger","brand":"Tesla Supercharger","operator":"","stalls":10,"kw_per_stall":null,"mw_capacity":null,"status":"unknown","access":"","fee":"","sockets":"","voltage":"","address":"","city":"","state":"","source":"OpenStreetMap (charge-finder mirror)","osm_id":"node/6439075185","website":""}},{"type":"Feature","geometry":{"type":"Point","coordinates":[-121.7733553,36.9155824]},"properties":{"name":"Tesla Supercharger","network":"Tesla Supercharger","brand":"Tesla Supercharger","operator":"Tesla Motors","stalls":14,"kw_per_stall":72.0,"mw_capacity":1.008,"status":"unknown","access":"","fee":"","sockets":"","voltage":"","address":"1415, Main Street, Watsonville, CA","city":"Watsonville","state":"CA","source":"OpenStreetMap (charge-finder mirror)","osm_id":"node/6468638563","website":"https://www.tesla.com/findus/location/supercharger/watsonvillecasupercharger"}},{"type":"Feature","geometry":{"type":"Point","coordinates":[-121.76138,36.2269009]},"properties":{"name":"Tesla Supercharger","network":"Tesla Supercharger","brand":"Tesla Supercharger","operator":"Tesla Motors","stalls":8,"kw_per_stall":72.0,"mw_capacity":0.576,"status":"unknown","access":"","fee":"","sockets":"","voltage":"","address":"48123, CA Highway 1, Big Sur, CA","city":"Big Sur","state":"CA","source":"OpenStreetMap (charge-finder mirror)","osm_id":"node/6483303077","website":"https://www.tesla.com/findus/location/supercharger/bigsurcasupercharger"}},{"type":"Feature","geometry":{"type":"Point","coordinates":[-111.7639228,34.7755511]},"properties":{"name":"Tesla Supercharger","network":"Tesla Supercharger","brand":"Tesla Supercharger","operator":"Tesla, Inc.","stalls":14,"kw_per_stall":72.0,"mw_capacity":1.008,"status":"24/7","access":"yes","fee":"yes","sockets":"14","voltage":"","address":"The Collective Sedona 7000 AZ-179 Sedona, AZ 86351","city":"Sedona","state":"","source":"OpenStreetMap (charge-finder mirror)","osm_id":"node/6506484323","website":"https://www.tesla.com/findus/location/supercharger/sedonaazsupercharger"}},{"type":"Feature","geometry":{"type":"Point","coordinates":[-93.7068505,38.0443806]},"properties":{"name":"Dr Dailey Tesla Charger","network":"Tesla","brand":"","operator":"William Dailey","stalls":1,"kw_per_stall":null,"mw_capacity":null,"status":"unknown","access":"","fee":"no","sockets":"","voltage":"","address":"","city":"","state":"","source":"OpenStreetMap (charge-finder mirror)","osm_id":"node/6515717217","website":""}},{"type":"Feature","geometry":{"type":"Point","coordinates":[-100.2484239,35.2268283]},"properties":{"name":"Tesla Supercharger","network":"Tesla Supercharger","brand":"Tesla Supercharger","operator":"Tesla Motors","stalls":6,"kw_per_stall":null,"mw_capacity":null,"status":"unknown","access":"","fee":"","sockets":"","voltage":"","address":"","city":"","state":"","source":"OpenStreetMap (charge-finder mirror)","osm_id":"node/6531834015","website":""}},{"type":"Feature","geometry":{"type":"Point","coordinates":[-98.6601229,35.5386319]},"properties":{"name":"Tesla Supercharger","network":"Tesla Supercharger","brand":"Tesla Supercharger","operator":"Tesla Motors","stalls":6,"kw_per_stall":null,"mw_capacity":null,"status":"unknown","access":"","fee":"","sockets":"","voltage":"","address":"","city":"","state":"","source":"OpenStreetMap (charge-finder mirror)","osm_id":"node/6548080752","website":""}},{"type":"Feature","geometry":{"type":"Point","coordinates":[-118.493686,34.0147103]},"properties":{"name":"Tesla Supercharger","network":"Tesla Supercharger","brand":"Tesla Supercharger","operator":"Tesla, Inc.","stalls":10,"kw_per_stall":null,"mw_capacity":null,"status":"unknown","access":"","fee":"","sockets":"","voltage":"","address":"","city":"","state":"","source":"OpenStreetMap (charge-finder mirror)","osm_id":"node/6549811765","website":""}},{"type":"Feature","geometry":{"type":"Point","coordinates":[-114.6243173,34.850882]},"properties":{"name":"Tesla Supercharger - Needles, CA","network":"Tesla Supercharger","brand":"Tesla Supercharger","operator":"Tesla, Inc.","stalls":4,"kw_per_stall":null,"mw_capacity":null,"status":"unknown","access":"","fee":"yes","sockets":"","voltage":"","address":"2451, Needles Highway, Needles, CA","city":"Needles","state":"CA","source":"OpenStreetMap (charge-finder mirror)","osm_id":"node/6550234060","website":""}},{"type":"Feature","geometry":{"type":"Point","coordinates":[-106.031453,35.6116749]},"properties":{"name":"Tesla Supercharger","network":"Tesla Supercharger","brand":"Tesla Supercharger","operator":"Tesla, Inc.","stalls":8,"kw_per_stall":null,"mw_capacity":null,"status":"unknown","access":"","fee":"","sockets":"","voltage":"","address":"","city":"","state":"","source":"OpenStreetMap (charge-finder mirror)","osm_id":"node/6550299398","website":""}},{"type":"Feature","geometry":{"type":"Point","coordinates":[-94.4733591,37.0476619]},"properties":{"name":"Tesla Supercharger","network":"Tesla Supercharger","brand":"Tesla Supercharger","operator":"Tesla, Inc.","stalls":6,"kw_per_stall":null,"mw_capacity":null,"status":"unknown","access":"","fee":"","sockets":"","voltage":"","address":"","city":"","state":"","source":"OpenStreetMap (charge-finder mirror)","osm_id":"node/6550359279","website":""}},{"type":"Feature","geometry":{"type":"Point","coordinates":[-97.6513746,35.4616846]},"properties":{"name":"Tesla Supercharger","network":"Tesla Supercharger","brand":"Tesla Supercharger","operator":"Tesla Motors","stalls":8,"kw_per_stall":null,"mw_capacity":null,"status":"unknown","access":"","fee":"","sockets":"","voltage":"","address":"","city":"","state":"","source":"OpenStreetMap (charge-finder mirror)","osm_id":"node/6550363479","website":""}},{"type":"Feature","geometry":{"type":"Point","coordinates":[-95.7659816,36.167623]},"properties":{"name":"Tesla Supercharger","network":"Tesla Supercharger","brand":"Tesla Supercharger","operator":"Tesla, Inc.","stalls":8,"kw_per_stall":null,"mw_capacity":null,"status":"unknown","access":"","fee":"","sockets":"","voltage":"","address":"","city":"","state":"","source":"OpenStreetMap (charge-finder mirror)","osm_id":"node/6550372196","website":""}},{"type":"Feature","geometry":{"type":"Point","coordinates":[-91.8016521,37.9400163]},"properties":{"name":"Tesla Supercharger","network":"Tesla Supercharger","brand":"Tesla Supercharger","operator":"Tesla Motors","stalls":8,"kw_per_stall":null,"mw_capacity":null,"status":"unknown","access":"","fee":"","sockets":"","voltage":"","address":"","city":"","state":"","source":"OpenStreetMap (charge-finder mirror)","osm_id":"node/6550392318","website":""}},{"type":"Feature","geometry":{"type":"Point","coordinates":[-90.3291088,38.5074648]},"properties":{"name":"Tesla Supercharger","network":"Tesla Supercharger","brand":"Tesla Supercharger","operator":"Tesla, Inc.","stalls":10,"kw_per_stall":null,"mw_capacity":null,"status":"unknown","access":"","fee":"","sockets":"","voltage":"","address":"","city":"","state":"","source":"OpenStreetMap (charge-finder mirror)","osm_id":"node/6550407329","website":""}},{"type":"Feature","geometry":{"type":"Point","coordinates":[-117.747712,33.8667625]},"properties":{"name":"Tesla Supercharger","network":"Tesla Supercharger","brand":"Tesla Supercharger","operator":"Tesla, Inc.","stalls":14,"kw_per_stall":72.0,"mw_capacity":1.008,"status":"24/7","access":"","fee":"yes","sockets":"14","voltage":"","address":"","city":"","state":"","source":"OpenStreetMap (charge-finder mirror)","osm_id":"node/6550420259","website":"https://www.tesla.com/findus?location=anaheimcasupercharger"}},{"type":"Feature","geometry":{"type":"Point","coordinates":[-117.471145,34.1510216]},"properties":{"name":"Fontana Supercharger","network":"Tesla Supercharger","brand":"Tesla Supercharger","operator":"Tesla, Inc.","stalls":24,"kw_per_stall":150.0,"mw_capacity":3.6,"status":"24/7","access":"customers","fee":"yes","sockets":"24","voltage":"","address":"152234, Summit Avenue, Fontana","city":"Fontana","state":"","source":"OpenStreetMap (charge-finder mirror)","osm_id":"node/6550420260","website":"https://www.tesla.com/findus/location/supercharger/fontanacaliforniasupercharger"}},{"type":"Feature","geometry":{"type":"Point","coordinates":[-117.299213,34.0841361]},"properties":{"name":"San Bernardino Supercharger","network":"Tesla Supercharger","brand":"Tesla Supercharger","operator":"Tesla, Inc.","stalls":14,"kw_per_stall":72.0,"mw_capacity":1.008,"status":"24/7","access":"customers","fee":"yes","sockets":"14","voltage":"","address":"500, Inland Center Drive, San Bernardino","city":"San Bernardino","state":"","source":"OpenStreetMap (charge-finder mirror)","osm_id":"node/6550432565","website":"https://www.tesla.com/findus/location/supercharger/sanbernardinosupercharger"}},{"type":"Feature","geometry":{"type":"Point","coordinates":[-88.9850112,40.5085279]},"properties":{"name":"Tesla Supercharger","network":"Tesla Supercharger","brand":"Tesla Supercharger","operator":"Tesla, Inc.","stalls":8,"kw_per_stall":150.0,"mw_capacity":1.2,"status":"unknown","access":"","fee":"yes","sockets":"8","voltage":"","address":"","city":"","state":"","source":"OpenStreetMap (charge-finder mirror)","osm_id":"node/6550433209","website":""}},{"type":"Feature","geometry":{"type":"Point","coordinates":[-117.515381,33.8264062]},"properties":{"name":"Corona Supercharger","network":"Tesla Supercharger","brand":"Tesla Supercharger","operator":"Tesla, Inc.","stalls":14,"kw_per_stall":72.0,"mw_capacity":1.008,"status":"24/7","access":"customers","fee":"yes","sockets":"20","voltage":"","address":"2615, Tuscany Street, Corona","city":"Corona","state":"","source":"OpenStreetMap (charge-finder mirror)","osm_id":"node/6550440042","website":"https://www.tesla.com/findus/location/supercharger/coronacasupercharger"}},{"type":"Feature","geometry":{"type":"Point","coordinates":[-72.5658628,42.8385162]},"properties":{"name":"Tesla Supercharger","network":"Tesla Supercharger","brand":"Tesla Supercharger","operator":"Tesla, Inc.","stalls":16,"kw_per_stall":null,"mw_capacity":null,"status":"unknown","access":"","fee":"","sockets":"","voltage":"","address":"","city":"","state":"","source":"OpenStreetMap (charge-finder mirror)","osm_id":"node/6553006157","website":""}},{"type":"Feature","geometry":{"type":"Point","coordinates":[-66.1188176,43.8363522]},"properties":{"name":"Collin's Street Tesla Destination Charger","network":"Tesla","brand":"","operator":"","stalls":null,"kw_per_stall":null,"mw_capacity":null,"status":"unknown","access":"","fee":"","sockets":"","voltage":"","address":"","city":"","state":"","source":"OpenStreetMap (charge-finder mirror)","osm_id":"node/6556387932","website":""}},{"type":"Feature","geometry":{"type":"Point","coordinates":[-86.8068636,33.5259289]},"properties":{"name":"Tesla Supercharger","network":"Tesla Supercharger","brand":"Tesla Supercharger","operator":"Tesla, Inc.","stalls":8,"kw_per_stall":150.0,"mw_capacity":1.2,"status":"24/7","access":"yes","fee":"yes","sockets":"8","voltage":"","address":"Birmingham, AL","city":"Birmingham, AL","state":"","source":"OpenStreetMap (charge-finder mirror)","osm_id":"node/6558653801","website":"https://www.tesla.com/findus/location/supercharger/birminghamalsupercharger"}},{"type":"Feature","geometry":{"type":"Point","coordinates":[-85.7820781,33.6100022]},"properties":{"name":"Oxford, AL Supercharger","network":"Tesla Supercharger","brand":"Tesla Supercharger","operator":"Tesla, Inc.","stalls":12,"kw_per_stall":150.0,"mw_capacity":1.8,"status":"unknown","access":"","fee":"","sockets":"12","voltage":"","address":"1105, Oxford Exchange Blvd, Oxford, AL","city":"Oxford, AL","state":"","source":"OpenStreetMap (charge-finder mirror)","osm_id":"node/6558700602","website":"https://www.tesla.com/findus/location/supercharger/oxfordalsupercharger"}},{"type":"Feature","geometry":{"type":"Point","coordinates":[-86.1915535,33.9338147]},"properties":{"name":"Steele, AL Supercharger","network":"Tesla Supercharger","brand":"Tesla Supercharger","operator":"Tesla, Inc.","stalls":8,"kw_per_stall":150.0,"mw_capacity":1.2,"status":"unknown","access":"","fee":"yes","sockets":"8","voltage":"","address":"905, Steele Station Road, Steele","city":"Steele","state":"","source":"OpenStreetMap (charge-finder mirror)","osm_id":"node/6558737464","website":"https://www.tesla.com/findus/location/supercharger/steelesupercharger"}},{"type":"Feature","geometry":{"type":"Point","coordinates":[-112.556893,33.4429767]},"properties":{"name":"Buckeye Supercharger","network":"Tesla Supercharger","brand":"Tesla, Inc.","operator":"Tesla, Inc.","stalls":8,"kw_per_stall":150.0,"mw_capacity":1.2,"status":"24/7","access":"yes","fee":"yes","sockets":"4","voltage":"","address":"Carl's Jr. - Sundance Towne Center 416 S Watson Rd Buckeye, AZ 85326-3419","city":"Buckeye","state":"","source":"OpenStreetMap (charge-finder mirror)","osm_id":"node/6561384883","website":"https://www.tesla.com/findus/location/supercharger/buckeyesupercharger"}},{"type":"Feature","geometry":{"type":"Point","coordinates":[-111.3225608,34.2420877]},"properties":{"name":"Payson Supercharger","network":"Tesla Supercharger","brand":"Tesla, Inc.","operator":"Tesla, Inc.","stalls":1,"kw_per_stall":150.0,"mw_capacity":0.15,"status":"unknown","access":"yes","fee":"yes","sockets":"12","voltage":"","address":"142, AZ-260, Payson","city":"Payson","state":"","source":"OpenStreetMap (charge-finder mirror)","osm_id":"node/6561447683","website":"https://www.tesla.com/findus/location/supercharger/paysonsupercharger"}},{"type":"Feature","geometry":{"type":"Point","coordinates":[-112.120891,33.6670205]},"properties":{"name":"Phoenix - Agua Fria Freeway Supercharger","network":"Tesla Supercharger","brand":"Tesla, Inc.","operator":"Tesla, Inc.","stalls":16,"kw_per_stall":150.0,"mw_capacity":2.4,"status":"24/7","access":"yes","fee":"yes","sockets":"16","voltage":"","address":"Deer Valley Town Center 2805 Agua Fria Fwy Phoenix, AZ 85027-3938","city":"Phoenix","state":"","source":"OpenStreetMap (charge-finder mirror)","osm_id":"node/6561929439","website":"https://www.tesla.com/findus/location/supercharger/phoenixonesupercharger"}},{"type":"Feature","geometry":{"type":"Point","coordinates":[-112.026792,33.5118936]},"properties":{"name":"Tesla Supercharger","network":"Tesla Supercharger","brand":"Tesla Supercharger","operator":"Tesla, Inc.","stalls":16,"kw_per_stall":150.0,"mw_capacity":2.4,"status":"unknown","access":"yes","fee":"yes","sockets":"4","voltage":"","address":"Biltmore Fashion Park 2502 East Camelback Road Phoenix, AZ 85016-4254","city":"Phoenix","state":"","source":"OpenStreetMap (charge-finder mirror)","osm_id":"node/6561931611","website":"https://www.tesla.com/findus/location/supercharger/phoenixsupercharger"}},{"type":"Feature","geometry":{"type":"Point","coordinates":[-110.8035,32.0839729]},"properties":{"name":"Tucson Supercharger","network":"Tesla Supercharger","brand":"Tesla Supercharger","operator":"Tesla, Inc.","stalls":10,"kw_per_stall":150.0,"mw_capacity":1.5,"status":"unknown","access":"yes","fee":"yes","sockets":"10","voltage":"","address":"Shell Gas Station and Convenience Store 9255 S Rita Rd Tucson, AZ 85747","city":"Tucson","state":"","source":"OpenStreetMap (charge-finder mirror)","osm_id":"node/6561945509","website":"https://www.tesla.com/findus/location/supercharger/tucsonsupercharger"}},{"type":"Feature","geometry":{"type":"Point","coordinates":[-110.930986,32.3256044]},"properties":{"name":"Tucson - East Skyline Drive Supercharger","network":"Tesla Supercharger","brand":"Tesla Supercharger","operator":"Tesla, Inc.","stalls":10,"kw_per_stall":72.0,"mw_capacity":0.72,"status":"unknown","access":"yes","fee":"yes","sockets":"10","voltage":"","address":"La Encantada 2905 East Skyline Drive Tucson, AZ 85718","city":"Tucson","state":"","source":"OpenStreetMap (charge-finder mirror)","osm_id":"node/6561950205","website":"https://www.tesla.com/findus/location/supercharger/tucsoneastskylinedrsupercharger"}},{"type":"Feature","geometry":{"type":"Point","coordinates":[-111.930542,33.6232045]},"properties":{"name":"Scottsdale - North Kierland Boulevard Supercharger","network":"Tesla Supercharger","brand":"Tesla Supercharger","operator":"Tesla, Inc.","stalls":8,"kw_per_stall":72.0,"mw_capacity":0.576,"status":"unknown","access":"","fee":"yes","sockets":"8","voltage":"","address":"Kierland Commons 15205 North Kierland Boulevard Scottsdale, AZ 85254","city":"Scottsdale","state":"","source":"OpenStreetMap (charge-finder mirror)","osm_id":"node/6561959119","website":"https://www.tesla.com/findus/location/supercharger/scottsdalekierlandsupercharger"}},{"type":"Feature","geometry":{"type":"Point","coordinates":[-109.8457,32.2698851]},"properties":{"name":"Willcox Supercharger","network":"Tesla Supercharger","brand":"Tesla Supercharger","operator":"Tesla, Inc.","stalls":8,"kw_per_stall":150.0,"mw_capacity":1.2,"status":"unknown","access":"yes","fee":"yes","sockets":"8","voltage":"","address":"Holiday Inn Express 1251 Virginia Avenue Willcox, AZ 85643-1022","city":"Willcox","state":"","source":"OpenStreetMap (charge-finder mirror)","osm_id":"node/6561969030","website":"https://www.tesla.com/findus/location/supercharger/willcoxsupercharger"}},{"type":"Feature","geometry":{"type":"Point","coordinates":[-92.4103736,34.6614457]},"properties":{"name":"Little Rock Supercharger","network":"Tesla Supercharger","brand":"Tesla, Inc.","operator":"Tesla, Inc.","stalls":10,"kw_per_stall":150.0,"mw_capacity":1.5,"status":"24/7","access":"yes","fee":"yes","sockets":"10","voltage":"","address":"Outlets of Little Rock 11201 Bass Pro Parkway Little Rock, AR 72210-3056","city":"Little Rock","state":"AR","source":"OpenStreetMap (charge-finder mirror)","osm_id":"node/6564742690","website":"https://www.tesla.com/findus/location/supercharger/littlerocksupercharger"}},{"type":"Feature","geometry":{"type":"Point","coordinates":[-106.858444,39.2049282]},"properties":{"name":"Tesla Supercharger","network":"Tesla Supercharger","brand":"Tesla Supercharger","operator":"Tesla, Inc.","stalls":8,"kw_per_stall":null,"mw_capacity":null,"status":"unknown","access":"","fee":"","sockets":"","voltage":"","address":"","city":"","state":"","source":"OpenStreetMap (charge-finder mirror)","osm_id":"node/6564761992","website":""}},{"type":"Feature","geometry":{"type":"Point","coordinates":[-103.622204,40.2709681]},"properties":{"name":"Tesla Supercharger","network":"Tesla Supercharger","brand":"Tesla Supercharger","operator":"Tesla, Inc.","stalls":8,"kw_per_stall":null,"mw_capacity":null,"status":"unknown","access":"","fee":"","sockets":"","voltage":"","address":"","city":"","state":"","source":"OpenStreetMap (charge-finder mirror)","osm_id":"node/6564771461","website":""}},{"type":"Feature","geometry":{"type":"Point","coordinates":[-104.824828,38.8376527]},"properties":{"name":"Tesla Supercharger","network":"Tesla Supercharger","brand":"Tesla Supercharger","operator":"Tesla, Inc.","stalls":8,"kw_per_stall":null,"mw_capacity":null,"status":"unknown","access":"","fee":"yes","sockets":"8","voltage":"","address":"","city":"","state":"","source":"OpenStreetMap (charge-finder mirror)","osm_id":"node/6564810049","website":""}},{"type":"Feature","geometry":{"type":"Point","coordinates":[-105.51985,40.3837998]},"properties":{"name":"Tesla Supercharger","network":"Tesla Supercharger","brand":"Tesla Supercharger","operator":"Tesla, Inc.","stalls":7,"kw_per_stall":null,"mw_capacity":null,"status":"unknown","access":"","fee":"","sockets":"","voltage":"","address":"","city":"","state":"","source":"OpenStreetMap (charge-finder mirror)","osm_id":"node/6564840791","website":""}},{"type":"Feature","geometry":{"type":"Point","coordinates":[-104.991168,40.4414512]},"properties":{"name":"Tesla Supercharger","network":"Tesla Supercharger","brand":"Tesla Supercharger","operator":"Tesla, Inc.","stalls":10,"kw_per_stall":null,"mw_capacity":null,"status":"unknown","access":"","fee":"","sockets":"","voltage":"","address":"","city":"","state":"","source":"OpenStreetMap (charge-finder mirror)","osm_id":"node/6565080939","website":""}},{"type":"Feature","geometry":{"type":"Point","coordinates":[-106.07611,38.5114124]},"properties":{"name":"Tesla Supercharger","network":"Tesla Supercharger","brand":"Tesla Supercharger","operator":"Tesla, Inc.","stalls":8,"kw_per_stall":null,"mw_capacity":null,"status":"unknown","access":"","fee":"yes","sockets":"8","voltage":"","address":"","city":"","state":"","source":"OpenStreetMap (charge-finder mirror)","osm_id":"node/6565092683","website":""}},{"type":"Feature","geometry":{"type":"Point","coordinates":[-73.4779354,41.3794332]},"properties":{"name":"Tesla Supercharger","network":"Tesla Supercharger","brand":"Tesla Supercharger","operator":"Tesla, Inc.","stalls":10,"kw_per_stall":null,"mw_capacity":null,"status":"unknown","access":"","fee":"","sockets":"","voltage":"","address":"","city":"","state":"","source":"OpenStreetMap (charge-finder mirror)","osm_id":"node/6565207387","website":""}},{"type":"Feature","geometry":{"type":"Point","coordinates":[-78.4478574,36.3290801]},"properties":{"name":"Tesla Supercharger","network":"Tesla Supercharger","brand":"Tesla Supercharger","operator":"Tesla Motors","stalls":8,"kw_per_stall":null,"mw_capacity":null,"status":"unknown","access":"","fee":"","sockets":"","voltage":"","address":"","city":"","state":"","source":"OpenStreetMap (charge-finder mirror)","osm_id":"node/6565389701","website":""}},{"type":"Feature","geometry":{"type":"Point","coordinates":[-120.9027047,47.1892524]},"properties":{"name":"Tesla Supercharger","network":"Tesla Supercharger","brand":"Tesla Supercharger","operator":"Tesla","stalls":12,"kw_per_stall":null,"mw_capacity":null,"status":"unknown","access":"","fee":"yes","sockets":"","voltage":"","address":"","city":"","state":"","source":"OpenStreetMap (charge-finder mirror)","osm_id":"node/6570772314","website":""}},{"type":"Feature","geometry":{"type":"Point","coordinates":[-73.6735303,41.0405537]},"properties":{"name":"Tesla Supercharger","network":"Tesla Supercharger","brand":"Tesla Supercharger","operator":"Tesla Motors Inc","stalls":4,"kw_per_stall":null,"mw_capacity":null,"status":"unknown","access":"","fee":"","sockets":"","voltage":"","address":"","city":"","state":"","source":"OpenStreetMap (charge-finder mirror)","osm_id":"node/6572898674","website":""}},{"type":"Feature","geometry":{"type":"Point","coordinates":[-72.5622717,41.8045516]},"properties":{"name":"Tesla Supercharger","network":"Tesla Supercharger","brand":"Tesla Supercharger","operator":"Tesla, Inc.","stalls":16,"kw_per_stall":null,"mw_capacity":null,"status":"unknown","access":"","fee":"","sockets":"","voltage":"","address":"","city":"","state":"","source":"OpenStreetMap (charge-finder mirror)","osm_id":"node/6572926006","website":""}},{"type":"Feature","geometry":{"type":"Point","coordinates":[-73.005617,41.5371215]},"properties":{"name":"Tesla Supercharger","network":"Tesla Supercharger","brand":"Tesla Supercharger","operator":"Tesla, Inc.","stalls":8,"kw_per_stall":null,"mw_capacity":null,"status":"unknown","access":"","fee":"","sockets":"","voltage":"","address":"","city":"","state":"","source":"OpenStreetMap (charge-finder mirror)","osm_id":"node/6573127573","website":""}},{"type":"Feature","geometry":{"type":"Point","coordinates":[-75.4572594,39.8174818]},"properties":{"name":"Tesla Supercharger","network":"Tesla Supercharger","brand":"Tesla Supercharger","operator":"Tesla Motors Inc","stalls":8,"kw_per_stall":null,"mw_capacity":null,"status":"unknown","access":"","fee":"","sockets":"","voltage":"","address":"","city":"","state":"","source":"OpenStreetMap (charge-finder mirror)","osm_id":"node/6575278428","website":""}},{"type":"Feature","geometry":{"type":"Point","coordinates":[-75.5472695,39.1952545]},"properties":{"name":"Tesla Supercharger","network":"Tesla Supercharger","brand":"Tesla Supercharger","operator":"Tesla Motors","stalls":8,"kw_per_stall":null,"mw_capacity":null,"status":"unknown","access":"","fee":"","sockets":"","voltage":"","address":"","city":"","state":"","source":"OpenStreetMap (charge-finder mirror)","osm_id":"node/6575881763","website":""}},{"type":"Feature","geometry":{"type":"Point","coordinates":[-75.6901748,39.6634704]},"properties":{"name":"Tesla Supercharger","network":"Tesla Supercharger","brand":"Tesla Supercharger","operator":"Tesla, Inc.","stalls":12,"kw_per_stall":null,"mw_capacity":null,"status":"unknown","access":"","fee":"","sockets":"","voltage":"","address":"","city":"","state":"","source":"OpenStreetMap (charge-finder mirror)","osm_id":"node/6576015889","website":""}},{"type":"Feature","geometry":{"type":"Point","coordinates":[-81.3815176,28.6650315]},"properties":{"name":"Tesla Supercharger","network":"Tesla Supercharger","brand":"Tesla Supercharger","operator":"Tesla, Inc.","stalls":8,"kw_per_stall":null,"mw_capacity":null,"status":"unknown","access":"","fee":"","sockets":"","voltage":"","address":"","city":"","state":"","source":"OpenStreetMap (charge-finder mirror)","osm_id":"node/6576024693","website":""}},{"type":"Feature","geometry":{"type":"Point","coordinates":[-80.1428541,25.9593659]},"properties":{"name":"Tesla Supercharger","network":"Tesla Supercharger","brand":"Tesla Supercharger","operator":"Tesla, Inc.","stalls":35,"kw_per_stall":null,"mw_capacity":null,"status":"unknown","access":"","fee":"","sockets":"","voltage":"","address":"","city":"","state":"","source":"OpenStreetMap (charge-finder mirror)","osm_id":"node/6576028303","website":""}},{"type":"Feature","geometry":{"type":"Point","coordinates":[-81.5325005,28.3313851]},"properties":{"name":"Tesla Supercharger","network":"Tesla Supercharger","brand":"Tesla Supercharger","operator":"Tesla, Inc.","stalls":8,"kw_per_stall":null,"mw_capacity":null,"status":"unknown","access":"","fee":"yes","sockets":"","voltage":"","address":"","city":"","state":"","source":"OpenStreetMap (charge-finder mirror)","osm_id":"node/6576967867","website":""}},{"type":"Feature","geometry":{"type":"Point","coordinates":[-80.1903885,26.4556262]},"properties":{"name":"Tesla Supercharger","network":"Tesla Supercharger","brand":"Tesla Supercharger","operator":"","stalls":18,"kw_per_stall":null,"mw_capacity":null,"status":"unknown","access":"","fee":"","sockets":"","voltage":"","address":"","city":"","state":"","source":"OpenStreetMap (charge-finder mirror)","osm_id":"node/6576997169","website":""}},{"type":"Feature","geometry":{"type":"Point","coordinates":[-80.4743324,25.4566224]},"properties":{"name":"Tesla Supercharger","network":"Tesla Supercharger","brand":"Tesla Supercharger","operator":"Tesla, Inc.","stalls":8,"kw_per_stall":null,"mw_capacity":null,"status":"unknown","access":"","fee":"","sockets":"","voltage":"","address":"","city":"","state":"","source":"OpenStreetMap (charge-finder mirror)","osm_id":"node/6577002914","website":""}},{"type":"Feature","geometry":{"type":"Point","coordinates":[-81.8099365,26.6079112]},"properties":{"name":"Tesla Supercharger","network":"Tesla Supercharger","brand":"Tesla Supercharger","operator":"Tesla, Inc.","stalls":14,"kw_per_stall":null,"mw_capacity":null,"status":"unknown","access":"","fee":"","sockets":"","voltage":"","address":"","city":"","state":"","source":"OpenStreetMap (charge-finder mirror)","osm_id":"node/6577039262","website":""}},{"type":"Feature","geometry":{"type":"Point","coordinates":[-81.5367308,30.2531881]},"properties":{"name":"Tesla Supercharger","network":"Tesla Supercharger","brand":"Tesla Supercharger","operator":"Tesla, Inc.","stalls":8,"kw_per_stall":null,"mw_capacity":null,"status":"unknown","access":"yes","fee":"yes","sockets":"","voltage":"","address":"","city":"","state":"","source":"OpenStreetMap (charge-finder mirror)","osm_id":"node/6577120720","website":""}},{"type":"Feature","geometry":{"type":"Point","coordinates":[-82.3766122,29.6247193]},"properties":{"name":"Tesla Supercharger","network":"Tesla Supercharger","brand":"Tesla Supercharger","operator":"Tesla, Inc.","stalls":10,"kw_per_stall":null,"mw_capacity":null,"status":"unknown","access":"","fee":"","sockets":"","voltage":"","address":"","city":"","state":"","source":"OpenStreetMap (charge-finder mirror)","osm_id":"node/6577127085","website":""}},{"type":"Feature","geometry":{"type":"Point","coordinates":[-81.5139959,30.060275]},"properties":{"name":"Tesla Supercharger","network":"Tesla Supercharger","brand":"Tesla Supercharger","operator":"Tesla, Inc.","stalls":10,"kw_per_stall":null,"mw_capacity":null,"status":"unknown","access":"","fee":"","sockets":"","voltage":"","address":"","city":"","state":"","source":"OpenStreetMap (charge-finder mirror)","osm_id":"node/6577140733","website":""}},{"type":"Feature","geometry":{"type":"Point","coordinates":[-82.9613579,30.3314095]},"properties":{"name":"Tesla Supercharger","network":"Tesla Supercharger","brand":"Tesla Supercharger","operator":"Tesla, Inc.","stalls":12,"kw_per_stall":null,"mw_capacity":null,"status":"unknown","access":"","fee":"","sockets":"","voltage":"","address":"","city":"","state":"","source":"OpenStreetMap (charge-finder mirror)","osm_id":"node/6577153198","website":""}},{"type":"Feature","geometry":{"type":"Point","coordinates":[-80.1940134,25.8139239]},"properties":{"name":"Tesla Supercharger","network":"Tesla Supercharger","brand":"Tesla Supercharger","operator":"Tesla, Inc.","stalls":14,"kw_per_stall":null,"mw_capacity":null,"status":"unknown","access":"","fee":"","sockets":"","voltage":"","address":"","city":"","state":"","source":"OpenStreetMap (charge-finder mirror)","osm_id":"node/6577180159","website":""}},{"type":"Feature","geometry":{"type":"Point","coordinates":[-81.7889158,26.1446137]},"properties":{"name":"Tesla Supercharger","network":"Tesla Supercharger","brand":"Tesla Supercharger","operator":"Tesla, Inc.","stalls":8,"kw_per_stall":null,"mw_capacity":null,"status":"unknown","access":"","fee":"","sockets":"","voltage":"","address":"","city":"","state":"","source":"OpenStreetMap (charge-finder mirror)","osm_id":"node/6577218589","website":""}},{"type":"Feature","geometry":{"type":"Point","coordinates":[-81.1990219,28.5553615]},"properties":{"name":"Tesla Supercharger","network":"Tesla Supercharger","brand":"Tesla Supercharger","operator":"Tesla, Inc.","stalls":14,"kw_per_stall":null,"mw_capacity":null,"status":"unknown","access":"","fee":"","sockets":"","voltage":"","address":"","city":"","state":"","source":"OpenStreetMap (charge-finder mirror)","osm_id":"node/6578659329","website":""}},{"type":"Feature","geometry":{"type":"Point","coordinates":[-81.4662271,28.4497528]},"properties":{"name":"Tesla Supercharger","network":"Tesla Supercharger","brand":"Tesla Supercharger","operator":"Tesla, Inc.","stalls":8,"kw_per_stall":null,"mw_capacity":null,"status":"unknown","access":"","fee":"yes","sockets":"","voltage":"","address":"","city":"","state":"","source":"OpenStreetMap (charge-finder mirror)","osm_id":"node/6578709699","website":""}},{"type":"Feature","geometry":{"type":"Point","coordinates":[-80.3490243,26.0072961]},"properties":{"name":"Tesla Supercharger","network":"Tesla Supercharger","brand":"Tesla Supercharger","operator":"Tesla, Inc.","stalls":16,"kw_per_stall":null,"mw_capacity":null,"status":"unknown","access":"","fee":"","sockets":"","voltage":"","address":"","city":"","state":"","source":"OpenStreetMap (charge-finder mirror)","osm_id":"node/6578710624","website":""}},{"type":"Feature","geometry":{"type":"Point","coordinates":[-82.67814,27.8460798]},"properties":{"name":"Tesla Supercharger","network":"Tesla Supercharger","brand":"Tesla Supercharger","operator":"Tesla, Inc.","stalls":8,"kw_per_stall":null,"mw_capacity":null,"status":"unknown","access":"yes","fee":"yes","sockets":"","voltage":"","address":"","city":"","state":"","source":"OpenStreetMap (charge-finder mirror)","osm_id":"node/6578717340","website":""}},{"type":"Feature","geometry":{"type":"Point","coordinates":[-80.2523051,26.108613]},"properties":{"name":"Tesla Supercharger","network":"Tesla Supercharger","brand":"Tesla Supercharger","operator":"Tesla, Inc.","stalls":16,"kw_per_stall":null,"mw_capacity":null,"status":"unknown","access":"","fee":"","sockets":"","voltage":"","address":"","city":"","state":"","source":"OpenStreetMap (charge-finder mirror)","osm_id":"node/6578732849","website":""}},{"type":"Feature","geometry":{"type":"Point","coordinates":[-82.3328167,27.7914231]},"properties":{"name":"Tesla Supercharger","network":"Tesla Supercharger","brand":"Tesla Supercharger","operator":"Tesla, Inc.","stalls":10,"kw_per_stall":null,"mw_capacity":null,"status":"unknown","access":"yes","fee":"yes","sockets":"","voltage":"","address":"","city":"","state":"","source":"OpenStreetMap (charge-finder mirror)","osm_id":"node/6579169439","website":""}},{"type":"Feature","geometry":{"type":"Point","coordinates":[-82.4811196,27.9371245]},"properties":{"name":"Tesla Supercharger","network":"Tesla Supercharger","brand":"Tesla Supercharger","operator":"Tesla, Inc.","stalls":10,"kw_per_stall":null,"mw_capacity":null,"status":"unknown","access":"yes","fee":"no","sockets":"","voltage":"","address":"","city":"","state":"","source":"OpenStreetMap (charge-finder mirror)","osm_id":"node/6579195780","website":""}},{"type":"Feature","geometry":{"type":"Point","coordinates":[-82.464295,27.3862784]},"properties":{"name":"Tesla Supercharger","network":"Tesla Supercharger","brand":"Tesla Supercharger","operator":"Tesla, Inc.","stalls":20,"kw_per_stall":null,"mw_capacity":null,"status":"unknown","access":"yes","fee":"yes","sockets":"","voltage":"","address":"","city":"","state":"","source":"OpenStreetMap (charge-finder mirror)","osm_id":"node/6579201583","website":""}},{"type":"Feature","geometry":{"type":"Point","coordinates":[-84.2479231,30.5109196]},"properties":{"name":"Tesla Supercharger","network":"Tesla Supercharger","brand":"Tesla Supercharger","operator":"Tesla, Inc.","stalls":6,"kw_per_stall":null,"mw_capacity":null,"status":"unknown","access":"","fee":"","sockets":"","voltage":"","address":"","city":"","state":"","source":"OpenStreetMap (charge-finder mirror)","osm_id":"node/6579202913","website":""}},{"type":"Feature","geometry":{"type":"Point","coordinates":[-82.4019995,27.9653727]},"properties":{"name":"Tesla Supercharger","network":"Tesla Supercharger","brand":"Tesla Supercharger","operator":"Tesla, Inc.","stalls":8,"kw_per_stall":null,"mw_capacity":null,"status":"unknown","access":"","fee":"","sockets":"","voltage":"","address":"","city":"","state":"","source":"OpenStreetMap (charge-finder mirror)","osm_id":"node/6579217581","website":""}},{"type":"Feature","geometry":{"type":"Point","coordinates":[-80.0927184,26.7819609]},"properties":{"name":"Tesla Supercharger","network":"Tesla Supercharger","brand":"Tesla Supercharger","operator":"Tesla, Inc.","stalls":8,"kw_per_stall":null,"mw_capacity":null,"status":"unknown","access":"","fee":"","sockets":"","voltage":"","address":"","city":"","state":"","source":"OpenStreetMap (charge-finder mirror)","osm_id":"node/6579304192","website":""}},{"type":"Feature","geometry":{"type":"Point","coordinates":[-96.8399033,33.0885941]},"properties":{"name":"Tesla Destination Charging","network":"Tesla","brand":"Tesla, Inc.","operator":"III Forks","stalls":2,"kw_per_stall":null,"mw_capacity":null,"status":"unknown","access":"","fee":"no","sockets":"","voltage":"","address":"","city":"","state":"","source":"OpenStreetMap (charge-finder mirror)","osm_id":"node/6582386120","website":""}},{"type":"Feature","geometry":{"type":"Point","coordinates":[-83.4529628,33.9170696]},"properties":{"name":"Tesla Supercharger","network":"Tesla Supercharger","brand":"Tesla Supercharger","operator":"Tesla, Inc.","stalls":10,"kw_per_stall":null,"mw_capacity":null,"status":"unknown","access":"","fee":"","sockets":"","voltage":"","address":"","city":"","state":"","source":"OpenStreetMap (charge-finder mirror)","osm_id":"node/6587628457","website":""}},{"type":"Feature","geometry":{"type":"Point","coordinates":[-84.3636774,33.8468631]},"properties":{"name":"Tesla Supercharger","network":"Tesla Supercharger","brand":"Tesla Supercharger","operator":"Tesla, Inc.","stalls":5,"kw_per_stall":null,"mw_capacity":null,"status":"unknown","access":"","fee":"","sockets":"","voltage":"","address":"","city":"","state":"","source":"OpenStreetMap (charge-finder mirror)","osm_id":"node/6587708714","website":""}},{"type":"Feature","geometry":{"type":"Point","coordinates":[-84.3601409,33.8465262]},"properties":{"name":"Tesla Supercharger","network":"Tesla Supercharger","brand":"Tesla Supercharger","operator":"Tesla, Inc.","stalls":15,"kw_per_stall":null,"mw_capacity":null,"status":"unknown","access":"","fee":"","sockets":"","voltage":"","address":"","city":"","state":"","source":"OpenStreetMap (charge-finder mirror)","osm_id":"node/6587708715","website":""}},{"type":"Feature","geometry":{"type":"Point","coordinates":[-82.0444031,33.5149751]},"properties":{"name":"Tesla Supercharger","network":"Tesla Supercharger","brand":"Tesla Supercharger","operator":"Tesla, Inc.","stalls":9,"kw_per_stall":null,"mw_capacity":null,"status":"unknown","access":"","fee":"","sockets":"","voltage":"","address":"","city":"","state":"","source":"OpenStreetMap (charge-finder mirror)","osm_id":"node/6587949300","website":""}},{"type":"Feature","geometry":{"type":"Point","coordinates":[-82.1302441,33.48165]},"properties":{"name":"Tesla Supercharger","network":"Tesla Supercharger","brand":"Tesla Supercharger","operator":"Tesla Motors","stalls":10,"kw_per_stall":null,"mw_capacity":null,"status":"unknown","access":"","fee":"","sockets":"","voltage":"","address":"","city":"","state":"","source":"OpenStreetMap (charge-finder mirror)","osm_id":"node/6588075815","website":""}},{"type":"Feature","geometry":{"type":"Point","coordinates":[-83.9945912,34.0616595]},"properties":{"name":"Tesla Supercharger","network":"Tesla Supercharger","brand":"Tesla Supercharger","operator":"Tesla Motors","stalls":10,"kw_per_stall":null,"mw_capacity":null,"status":"unknown","access":"","fee":"","sockets":"","voltage":"","address":"","city":"","state":"","source":"OpenStreetMap (charge-finder mirror)","osm_id":"node/6588089798","website":""}},{"type":"Feature","geometry":{"type":"Point","coordinates":[-74.3715339,39.3997686]},"properties":{"name":"Tesla Destination Charging","network":"Tesla","brand":"Tesla, Inc.","operator":"Tesla, Inc.","stalls":null,"kw_per_stall":null,"mw_capacity":null,"status":"unknown","access":"","fee":"","sockets":"","voltage":"","address":"","city":"","state":"","source":"OpenStreetMap (charge-finder mirror)","osm_id":"node/6590256006","website":""}},{"type":"Feature","geometry":{"type":"Point","coordinates":[-81.6636991,30.7907706]},"properties":{"name":"Tesla Supercharger","network":"Tesla Supercharger","brand":"Tesla Supercharger","operator":"Tesla, Inc.","stalls":6,"kw_per_stall":null,"mw_capacity":null,"status":"unknown","access":"","fee":"","sockets":"","voltage":"","address":"","city":"","state":"","source":"OpenStreetMap (charge-finder mirror)","osm_id":"node/6597469469","website":""}},{"type":"Feature","geometry":{"type":"Point","coordinates":[-83.6891503,32.8971455]},"properties":{"name":"Tesla Supercharger","network":"Tesla Supercharger","brand":"Tesla Supercharger","operator":"Tesla, Inc.","stalls":10,"kw_per_stall":null,"mw_capacity":null,"status":"unknown","access":"yes","fee":"","sockets":"","voltage":"","address":"","city":"","state":"","source":"OpenStreetMap (charge-finder mirror)","osm_id":"node/6597480970","website":""}},{"type":"Feature","geometry":{"type":"Point","coordinates":[-81.2128023,32.1359225]},"properties":{"name":"Tesla Supercharger","network":"Tesla Supercharger","brand":"Tesla Supercharger","operator":"Tesla, Inc.","stalls":6,"kw_per_stall":null,"mw_capacity":null,"status":"unknown","access":"","fee":"","sockets":"","voltage":"","address":"","city":"","state":"","source":"OpenStreetMap (charge-finder mirror)","osm_id":"node/6597570266","website":""}},{"type":"Feature","geometry":{"type":"Point","coordinates":[-116.794293,47.7087997]},"properties":{"name":"Tesla Supercharger","network":"Tesla Supercharger","brand":"Tesla Supercharger","operator":"Tesla, Inc.","stalls":6,"kw_per_stall":null,"mw_capacity":null,"status":"unknown","access":"","fee":"","sockets":"","voltage":"","address":"","city":"","state":"","source":"OpenStreetMap (charge-finder mirror)","osm_id":"node/6597580299","website":""}},{"type":"Feature","geometry":{"type":"Point","coordinates":[-123.208769,39.1480769]},"properties":{"name":"Tesla Supercharger","network":"Tesla Supercharger","brand":"Tesla Supercharger","operator":"Tesla, Inc.","stalls":null,"kw_per_stall":null,"mw_capacity":null,"status":"unknown","access":"","fee":"","sockets":"","voltage":"","address":"","city":"","state":"","source":"OpenStreetMap (charge-finder mirror)","osm_id":"node/6597620428","website":""}},{"type":"Feature","geometry":{"type":"Point","coordinates":[-112.435228,42.899591]},"properties":{"name":"Tesla Supercharger","network":"Tesla Supercharger","brand":"Tesla Supercharger","operator":"Tesla Motors","stalls":8,"kw_per_stall":null,"mw_capacity":null,"status":"unknown","access":"yes","fee":"yes","sockets":"","voltage":"","address":"","city":"","state":"","source":"OpenStreetMap (charge-finder mirror)","osm_id":"node/6597657007","website":""}},{"type":"Feature","geometry":{"type":"Point","coordinates":[-114.455284,42.5979193]},"properties":{"name":"Tesla Supercharger","network":"Tesla Supercharger","brand":"Tesla Supercharger","operator":"Tesla, Inc.","stalls":8,"kw_per_stall":null,"mw_capacity":null,"status":"unknown","access":"","fee":"","sockets":"","voltage":"","address":"","city":"","state":"","source":"OpenStreetMap (charge-finder mirror)","osm_id":"node/6597668983","website":""}},{"type":"Feature","geometry":{"type":"Point","coordinates":[-88.0374,41.7221878]},"properties":{"name":"Tesla Supercharger","network":"Tesla Supercharger","brand":"Tesla Supercharger","operator":"Tesla, Inc.","stalls":16,"kw_per_stall":null,"mw_capacity":null,"status":"unknown","access":"","fee":"yes","sockets":"","voltage":"","address":"","city":"","state":"","source":"OpenStreetMap (charge-finder mirror)","osm_id":"node/6597679545","website":""}},{"type":"Feature","geometry":{"type":"Point","coordinates":[-88.2598262,40.1462153]},"properties":{"name":"Tesla Supercharger","network":"Tesla Supercharger","brand":"Tesla Supercharger","operator":"Tesla, Inc.","stalls":8,"kw_per_stall":null,"mw_capacity":null,"status":"unknown","access":"","fee":"","sockets":"","voltage":"","address":"","city":"","state":"","source":"OpenStreetMap (charge-finder mirror)","osm_id":"node/6597683413","website":""}},{"type":"Feature","geometry":{"type":"Point","coordinates":[-87.6201401,41.8859144]},"properties":{"name":"Tesla Supercharger","network":"Tesla Supercharger","brand":"Tesla Supercharger","operator":"Tesla, Inc.","stalls":10,"kw_per_stall":null,"mw_capacity":null,"status":"unknown","access":"","fee":"","sockets":"","voltage":"","address":"","city":"","state":"","source":"OpenStreetMap (charge-finder mirror)","osm_id":"node/6597685402","website":""}},{"type":"Feature","geometry":{"type":"Point","coordinates":[-87.6400085,41.8691377]},"properties":{"name":"Tesla Supercharger","network":"Tesla Supercharger","brand":"Tesla Supercharger","operator":"Tesla, Inc.","stalls":14,"kw_per_stall":null,"mw_capacity":null,"status":"unknown","access":"","fee":"","sockets":"","voltage":"","address":"","city":"","state":"","source":"OpenStreetMap (charge-finder mirror)","osm_id":"node/6597688581","website":""}},{"type":"Feature","geometry":{"type":"Point","coordinates":[-87.6446259,41.9374843]},"properties":{"name":"Tesla Supercharger","network":"Tesla Supercharger","brand":"Tesla Supercharger","operator":"Tesla, Inc.","stalls":8,"kw_per_stall":null,"mw_capacity":null,"status":"unknown","access":"","fee":"","sockets":"","voltage":"","address":"","city":"","state":"","source":"OpenStreetMap (charge-finder mirror)","osm_id":"node/6597688709","website":""}},{"type":"Feature","geometry":{"type":"Point","coordinates":[-87.6468324,41.9081531]},"properties":{"name":"Tesla Supercharger","network":"Tesla Supercharger","brand":"Tesla Supercharger","operator":"Tesla, Inc.","stalls":10,"kw_per_stall":null,"mw_capacity":null,"status":"unknown","access":"","fee":"","sockets":"","voltage":"","address":"","city":"","state":"","source":"OpenStreetMap (charge-finder mirror)","osm_id":"node/6597694510","website":""}},{"type":"Feature","geometry":{"type":"Point","coordinates":[-88.5634913,39.137106]},"properties":{"name":"Tesla Supercharger","network":"Tesla Supercharger","brand":"Tesla Supercharger","operator":"Tesla, Inc.","stalls":6,"kw_per_stall":null,"mw_capacity":null,"status":"unknown","access":"","fee":"","sockets":"","voltage":"","address":"","city":"","state":"","source":"OpenStreetMap (charge-finder mirror)","osm_id":"node/6597694788","website":""}},{"type":"Feature","geometry":{"type":"Point","coordinates":[-87.8608389,42.0771583]},"properties":{"name":"Tesla Supercharger","network":"Tesla Supercharger","brand":"Tesla Supercharger","operator":"Tesla, Inc.","stalls":6,"kw_per_stall":null,"mw_capacity":null,"status":"unknown","access":"","fee":"","sockets":"","voltage":"","address":"","city":"","state":"","source":"OpenStreetMap (charge-finder mirror)","osm_id":"node/6597701409","website":""}},{"type":"Feature","geometry":{"type":"Point","coordinates":[-88.3702945,41.8029829]},"properties":{"name":"Tesla Supercharger","network":"Tesla Supercharger","brand":"Tesla Supercharger","operator":"Tesla, Inc.","stalls":8,"kw_per_stall":null,"mw_capacity":null,"status":"unknown","access":"","fee":"","sockets":"","voltage":"","address":"","city":"","state":"","source":"OpenStreetMap (charge-finder mirror)","osm_id":"node/6597723619","website":""}},{"type":"Feature","geometry":{"type":"Point","coordinates":[-88.9788998,42.2438853]},"properties":{"name":"Tesla Supercharger","network":"Tesla Supercharger","brand":"Tesla Supercharger","operator":"Tesla, Inc.","stalls":8,"kw_per_stall":null,"mw_capacity":null,"status":"24/7","access":"","fee":"","sockets":"","voltage":"","address":"","city":"","state":"","source":"OpenStreetMap (charge-finder mirror)","osm_id":"node/6600955551","website":""}},{"type":"Feature","geometry":{"type":"Point","coordinates":[-89.1261005,41.3484521]},"properties":{"name":"Tesla Supercharger","network":"Tesla Supercharger","brand":"Tesla Supercharger","operator":"Tesla, Inc.","stalls":8,"kw_per_stall":null,"mw_capacity":null,"status":"unknown","access":"","fee":"","sockets":"","voltage":"","address":"","city":"","state":"","source":"OpenStreetMap (charge-finder mirror)","osm_id":"node/6601032374","website":""}},{"type":"Feature","geometry":{"type":"Point","coordinates":[-87.9949122,42.049746]},"properties":{"name":"Tesla Supercharger","network":"Tesla Supercharger","brand":"Tesla Supercharger","operator":"Tesla, Inc.","stalls":10,"kw_per_stall":null,"mw_capacity":null,"status":"unknown","access":"","fee":"","sockets":"","voltage":"","address":"","city":"","state":"","source":"OpenStreetMap (charge-finder mirror)","osm_id":"node/6601087646","website":""}},{"type":"Feature","geometry":{"type":"Point","coordinates":[-86.3437689,39.9506823]},"properties":{"name":"Tesla Supercharger","network":"Tesla Supercharger","brand":"Tesla Supercharger","operator":"Tesla, Inc.","stalls":10,"kw_per_stall":null,"mw_capacity":null,"status":"unknown","access":"","fee":"","sockets":"","voltage":"","address":"","city":"","state":"","source":"OpenStreetMap (charge-finder mirror)","osm_id":"node/6601106809","website":""}},{"type":"Feature","geometry":{"type":"Point","coordinates":[-87.8661228,41.9756201]},"properties":{"name":"Tesla Supercharger","network":"Tesla Supercharger","brand":"Tesla Supercharger","operator":"Tesla, Inc.","stalls":10,"kw_per_stall":null,"mw_capacity":null,"status":"unknown","access":"","fee":"","sockets":"","voltage":"","address":"","city":"","state":"","source":"OpenStreetMap (charge-finder mirror)","osm_id":"node/6601111634","website":""}},{"type":"Feature","geometry":{"type":"Point","coordinates":[-87.7633621,42.0090237]},"properties":{"name":"Tesla Supercharger","network":"Tesla Supercharger","brand":"Tesla Supercharger","operator":"Tesla, Inc.","stalls":20,"kw_per_stall":null,"mw_capacity":null,"status":"unknown","access":"","fee":"","sockets":"","voltage":"","address":"","city":"","state":"","source":"OpenStreetMap (charge-finder mirror)","osm_id":"node/6601121051","website":""}},{"type":"Feature","geometry":{"type":"Point","coordinates":[-86.1526206,39.97196]},"properties":{"name":"Tesla Supercharger","network":"Tesla Supercharger","brand":"Tesla Supercharger","operator":"Tesla, Inc.","stalls":10,"kw_per_stall":null,"mw_capacity":null,"status":"unknown","access":"","fee":"","sockets":"","voltage":"","address":"","city":"","state":"","source":"OpenStreetMap (charge-finder mirror)","osm_id":"node/6601197380","website":""}},{"type":"Feature","geometry":{"type":"Point","coordinates":[-86.0796098,39.7023219]},"properties":{"name":"Tesla Supercharger","network":"Tesla Supercharger","brand":"Tesla Supercharger","operator":"Tesla, Inc.","stalls":8,"kw_per_stall":null,"mw_capacity":null,"status":"unknown","access":"","fee":"","sockets":"","voltage":"","address":"","city":"","state":"","source":"OpenStreetMap (charge-finder mirror)","osm_id":"node/6601228458","website":""}},{"type":"Feature","geometry":{"type":"Point","coordinates":[-86.0161361,39.9576385]},"properties":{"name":"Tesla Supercharger","network":"Tesla Supercharger","brand":"Tesla Supercharger","operator":"Tesla, Inc.","stalls":10,"kw_per_stall":null,"mw_capacity":null,"status":"unknown","access":"","fee":"no","sockets":"","voltage":"","address":"","city":"","state":"","source":"OpenStreetMap (charge-finder mirror)","osm_id":"node/6601234630","website":""}},{"type":"Feature","geometry":{"type":"Point","coordinates":[-86.1613582,39.765413]},"properties":{"name":"Tesla Supercharger","network":"Tesla Supercharger","brand":"Tesla Supercharger","operator":"Tesla, Inc.","stalls":12,"kw_per_stall":null,"mw_capacity":null,"status":"unknown","access":"","fee":"","sockets":"","voltage":"","address":"","city":"","state":"","source":"OpenStreetMap (charge-finder mirror)","osm_id":"node/6601252158","website":""}},{"type":"Feature","geometry":{"type":"Point","coordinates":[-86.8140922,40.4160924]},"properties":{"name":"Tesla Supercharger","network":"Tesla Supercharger","brand":"Tesla Supercharger","operator":"Tesla, Inc.","stalls":8,"kw_per_stall":null,"mw_capacity":null,"status":"unknown","access":"","fee":"","sockets":"","voltage":"","address":"","city":"","state":"","source":"OpenStreetMap (charge-finder mirror)","osm_id":"node/6601357119","website":""}},{"type":"Feature","geometry":{"type":"Point","coordinates":[-87.3433171,41.468678]},"properties":{"name":"Tesla Supercharger","network":"Tesla Supercharger","brand":"Tesla Supercharger","operator":"Tesla, Inc.","stalls":10,"kw_per_stall":null,"mw_capacity":null,"status":"unknown","access":"","fee":"","sockets":"","voltage":"","address":"","city":"","state":"","source":"OpenStreetMap (charge-finder mirror)","osm_id":"node/6601434210","website":""}},{"type":"Feature","geometry":{"type":"Point","coordinates":[-86.1886076,41.7173138]},"properties":{"name":"Mishawaka, IN Supercharger","network":"Tesla Supercharger","brand":"Tesla, Inc.","operator":"Tesla, Inc.","stalls":6,"kw_per_stall":150.0,"mw_capacity":0.9,"status":"24/7","access":"customers","fee":"yes","sockets":"6","voltage":"","address":"6501, Grape Road, Mishawaka, IN","city":"Mishawaka","state":"IN","source":"OpenStreetMap (charge-finder mirror)","osm_id":"node/6601455875","website":"https://www.tesla.com/findus/location/supercharger/mishawakasupercharger"}},{"type":"Feature","geometry":{"type":"Point","coordinates":[-82.3068807,34.8258167]},"properties":{"name":"Greenville Supercharger","network":"Tesla Supercharger","brand":"Tesla Supercharger","operator":"Tesla, Inc.","stalls":1,"kw_per_stall":null,"mw_capacity":null,"status":"24/7","access":"","fee":"","sockets":"","voltage":"","address":"","city":"","state":"","source":"OpenStreetMap (charge-finder mirror)","osm_id":"node/6603022203","website":"https://www.tesla.com/findus/location/supercharger/greenvillesouthcarolinasupercharger"}},{"type":"Feature","geometry":{"type":"Point","coordinates":[-82.3068986,34.8258371]},"properties":{"name":"Greenville Supercharger","network":"Tesla Supercharger","brand":"Tesla","operator":"Tesla Motors","stalls":1,"kw_per_stall":null,"mw_capacity":null,"status":"24/7","access":"","fee":"","sockets":"","voltage":"","address":"","city":"","state":"","source":"OpenStreetMap (charge-finder mirror)","osm_id":"node/6603022204","website":"https://www.tesla.com/findus/location/supercharger/greenvillesouthcarolinasupercharger"}},{"type":"Feature","geometry":{"type":"Point","coordinates":[-82.3069166,34.8258576]},"properties":{"name":"Greenville Supercharger","network":"Tesla Supercharger","brand":"Tesla Supercharger","operator":"Tesla, Inc.","stalls":1,"kw_per_stall":null,"mw_capacity":null,"status":"24/7","access":"","fee":"","sockets":"","voltage":"","address":"","city":"","state":"","source":"OpenStreetMap (charge-finder mirror)","osm_id":"node/6603022205","website":"https://www.tesla.com/findus/location/supercharger/greenvillesouthcarolinasupercharger"}},{"type":"Feature","geometry":{"type":"Point","coordinates":[-82.3069345,34.825878]},"properties":{"name":"Greenville Supercharger","network":"Tesla Supercharger","brand":"Tesla Supercharger","operator":"Tesla, Inc.","stalls":1,"kw_per_stall":null,"mw_capacity":null,"status":"24/7","access":"","fee":"","sockets":"","voltage":"","address":"","city":"","state":"","source":"OpenStreetMap (charge-finder mirror)","osm_id":"node/6603022206","website":"https://www.tesla.com/findus/location/supercharger/greenvillesouthcarolinasupercharger"}},{"type":"Feature","geometry":{"type":"Point","coordinates":[-82.3069524,34.8258985]},"properties":{"name":"Greenville Supercharger","network":"Tesla Supercharger","brand":"Tesla Supercharger","operator":"Tesla, Inc.","stalls":1,"kw_per_stall":null,"mw_capacity":null,"status":"24/7","access":"","fee":"","sockets":"","voltage":"","address":"","city":"","state":"","source":"OpenStreetMap (charge-finder mirror)","osm_id":"node/6603022207","website":"https://www.tesla.com/findus/location/supercharger/greenvillesouthcarolinasupercharger"}},{"type":"Feature","geometry":{"type":"Point","coordinates":[-82.3069703,34.8259189]},"properties":{"name":"Greenville Supercharger","network":"Tesla Supercharger","brand":"Tesla Supercharger","operator":"Tesla, Inc.","stalls":1,"kw_per_stall":null,"mw_capacity":null,"status":"24/7","access":"","fee":"","sockets":"","voltage":"","address":"","city":"","state":"","source":"OpenStreetMap (charge-finder mirror)","osm_id":"node/6603022208","website":"https://www.tesla.com/findus/location/supercharger/greenvillesouthcarolinasupercharger"}},{"type":"Feature","geometry":{"type":"Point","coordinates":[-82.3069882,34.8259394]},"properties":{"name":"Greenville Supercharger","network":"Tesla Supercharger","brand":"Tesla Supercharger","operator":"Tesla, Inc.","stalls":1,"kw_per_stall":null,"mw_capacity":null,"status":"24/7","access":"","fee":"","sockets":"","voltage":"","address":"","city":"","state":"","source":"OpenStreetMap (charge-finder mirror)","osm_id":"node/6603022209","website":"https://www.tesla.com/findus/location/supercharger/greenvillesouthcarolinasupercharger"}},{"type":"Feature","geometry":{"type":"Point","coordinates":[-82.3070061,34.8259598]},"properties":{"name":"Greenville Supercharger","network":"Tesla Supercharger","brand":"Tesla Supercharger","operator":"Tesla, Inc.","stalls":1,"kw_per_stall":null,"mw_capacity":null,"status":"24/7","access":"","fee":"","sockets":"","voltage":"","address":"","city":"","state":"","source":"OpenStreetMap (charge-finder mirror)","osm_id":"node/6603022210","website":"https://www.tesla.com/findus/location/supercharger/greenvillesouthcarolinasupercharger"}},{"type":"Feature","geometry":{"type":"Point","coordinates":[-91.5914408,41.6804066]},"properties":{"name":"Tesla Supercharger","network":"Tesla Supercharger","brand":"Tesla Supercharger","operator":"Tesla, Inc.","stalls":8,"kw_per_stall":null,"mw_capacity":null,"status":"unknown","access":"","fee":"","sockets":"","voltage":"","address":"","city":"","state":"","source":"OpenStreetMap (charge-finder mirror)","osm_id":"node/6603794942","website":""}},{"type":"Feature","geometry":{"type":"Point","coordinates":[-95.451547,41.500564]},"properties":{"name":"Tesla Supercharger","network":"Tesla Supercharger","brand":"Tesla Supercharger","operator":"Tesla Motors","stalls":8,"kw_per_stall":null,"mw_capacity":null,"status":"unknown","access":"","fee":"","sockets":"","voltage":"","address":"","city":"","state":"","source":"OpenStreetMap (charge-finder mirror)","osm_id":"node/6603933858","website":""}},{"type":"Feature","geometry":{"type":"Point","coordinates":[-115.79083,40.8363112]},"properties":{"name":"Tesla Supercharger","network":"Tesla Supercharger","brand":"Tesla Supercharger","operator":"Tesla, Inc.","stalls":6,"kw_per_stall":null,"mw_capacity":null,"status":"unknown","access":"","fee":"","sockets":"","voltage":"","address":"","city":"","state":"","source":"OpenStreetMap (charge-finder mirror)","osm_id":"node/6604014562","website":""}},{"type":"Feature","geometry":{"type":"Point","coordinates":[-86.4388323,36.9552348]},"properties":{"name":"Tesla Supercharger","network":"Tesla Supercharger","brand":"Tesla Supercharger","operator":"Tesla, Inc.","stalls":8,"kw_per_stall":null,"mw_capacity":null,"status":"unknown","access":"","fee":"","sockets":"","voltage":"","address":"","city":"","state":"","source":"OpenStreetMap (charge-finder mirror)","osm_id":"node/6604048864","website":""}},{"type":"Feature","geometry":{"type":"Point","coordinates":[-97.3331583,37.6087897]},"properties":{"name":"Tesla Supercharger","network":"Tesla Supercharger","brand":"Tesla Supercharger","operator":"Tesla, Inc.","stalls":6,"kw_per_stall":null,"mw_capacity":null,"status":"unknown","access":"","fee":"","sockets":"","voltage":"","address":"","city":"","state":"","source":"OpenStreetMap (charge-finder mirror)","osm_id":"node/6604051979","website":""}},{"type":"Feature","geometry":{"type":"Point","coordinates":[-88.124797,37.0734626]},"properties":{"name":"Tesla Supercharger","network":"Tesla Supercharger","brand":"Tesla Supercharger","operator":"Tesla Motors","stalls":8,"kw_per_stall":null,"mw_capacity":null,"status":"unknown","access":"","fee":"","sockets":"","voltage":"","address":"","city":"","state":"","source":"OpenStreetMap (charge-finder mirror)","osm_id":"node/6606679348","website":""}},{"type":"Feature","geometry":{"type":"Point","coordinates":[-91.1546382,30.4237019]},"properties":{"name":"Tesla Supercharger 2A","network":"Tesla Supercharger","brand":"Tesla Supercharger","operator":"Tesla, Inc.","stalls":1,"kw_per_stall":null,"mw_capacity":null,"status":"unknown","access":"yes","fee":"yes","sockets":"","voltage":"","address":"","city":"","state":"","source":"OpenStreetMap (charge-finder mirror)","osm_id":"node/6606823131","website":""}},{"type":"Feature","geometry":{"type":"Point","coordinates":[-92.4464557,31.3124648]},"properties":{"name":"Tesla Supercharger","network":"Tesla Supercharger","brand":"Tesla Supercharger","operator":"Tesla, Inc.","stalls":8,"kw_per_stall":null,"mw_capacity":null,"status":"unknown","access":"","fee":"","sockets":"","voltage":"","address":"","city":"","state":"","source":"OpenStreetMap (charge-finder mirror)","osm_id":"node/6606834119","website":""}},{"type":"Feature","geometry":{"type":"Point","coordinates":[-93.2488084,30.1990566]},"properties":{"name":"Tesla Supercharger","network":"Tesla Supercharger","brand":"Tesla Supercharger","operator":"Tesla Motors","stalls":6,"kw_per_stall":null,"mw_capacity":null,"status":"unknown","access":"","fee":"","sockets":"","voltage":"","address":"","city":"","state":"","source":"OpenStreetMap (charge-finder mirror)","osm_id":"node/6610811844","website":""}},{"type":"Feature","geometry":{"type":"Point","coordinates":[-92.0550532,32.4965306]},"properties":{"name":"Tesla Supercharger","network":"Tesla Supercharger","brand":"Tesla Supercharger","operator":"Tesla Motors","stalls":8,"kw_per_stall":null,"mw_capacity":null,"status":"unknown","access":"","fee":"","sockets":"","voltage":"","address":"","city":"","state":"","source":"OpenStreetMap (charge-finder mirror)","osm_id":"node/6610906903","website":""}},{"type":"Feature","geometry":{"type":"Point","coordinates":[-93.7543798,32.4786193]},"properties":{"name":"Tesla Supercharger","network":"Tesla Supercharger","brand":"Tesla Supercharger","operator":"Tesla Motors","stalls":8,"kw_per_stall":null,"mw_capacity":null,"status":"unknown","access":"","fee":"","sockets":"","voltage":"","address":"","city":"","state":"","source":"OpenStreetMap (charge-finder mirror)","osm_id":"node/6610974767","website":""}},{"type":"Feature","geometry":{"type":"Point","coordinates":[-89.760117,30.2665517]},"properties":{"name":"Tesla Supercharger","network":"Tesla Supercharger","brand":"Tesla Supercharger","operator":"Tesla, Inc.","stalls":8,"kw_per_stall":null,"mw_capacity":null,"status":"unknown","access":"","fee":"","sockets":"","voltage":"","address":"","city":"","state":"","source":"OpenStreetMap (charge-finder mirror)","osm_id":"node/6611021600","website":""}},{"type":"Feature","geometry":{"type":"Point","coordinates":[-68.7344781,44.7757526]},"properties":{"name":"Tesla Supercharger","network":"Tesla Supercharger","brand":"Tesla Supercharger","operator":"Tesla, Inc.","stalls":1,"kw_per_stall":null,"mw_capacity":null,"status":"unknown","access":"customers","fee":"","sockets":"","voltage":"","address":"","city":"","state":"","source":"OpenStreetMap (charge-finder mirror)","osm_id":"node/6611090916","website":""}},{"type":"Feature","geometry":{"type":"Point","coordinates":[-70.5607456,43.4110002]},"properties":{"name":"Tesla Supercharger","network":"Tesla Supercharger","brand":"Tesla Supercharger","operator":"Tesla, Inc.","stalls":8,"kw_per_stall":null,"mw_capacity":null,"status":"unknown","access":"","fee":"","sockets":"","voltage":"","address":"","city":"","state":"","source":"OpenStreetMap (charge-finder mirror)","osm_id":"node/6611107005","website":""}},{"type":"Feature","geometry":{"type":"Point","coordinates":[-70.5584979,43.4095451]},"properties":{"name":"Tesla Supercharger","network":"Tesla Supercharger","brand":"Tesla Supercharger","operator":"Tesla, Inc.","stalls":8,"kw_per_stall":null,"mw_capacity":null,"status":"unknown","access":"","fee":"","sockets":"","voltage":"","address":"","city":"","state":"","source":"OpenStreetMap (charge-finder mirror)","osm_id":"node/6611107006","website":""}},{"type":"Feature","geometry":{"type":"Point","coordinates":[-70.1041626,43.8588743]},"properties":{"name":"Tesla Supercharger","network":"Tesla Supercharger","brand":"Tesla Supercharger","operator":"Tesla, Inc.","stalls":8,"kw_per_stall":null,"mw_capacity":null,"status":"unknown","access":"","fee":"","sockets":"","voltage":"","address":"","city":"","state":"","source":"OpenStreetMap (charge-finder mirror)","osm_id":"node/6611112681","website":""}},{"type":"Feature","geometry":{"type":"Point","coordinates":[-77.2017412,39.1182198]},"properties":{"name":"Tesla Supercharger","network":"Tesla Supercharger","brand":"Tesla Supercharger","operator":"Tesla, Inc.","stalls":12,"kw_per_stall":null,"mw_capacity":null,"status":"unknown","access":"","fee":"","sockets":"","voltage":"","address":"","city":"","state":"","source":"OpenStreetMap (charge-finder mirror)","osm_id":"node/6611119058","website":""}},{"type":"Feature","geometry":{"type":"Point","coordinates":[-76.5988854,39.2685356]},"properties":{"name":"Tesla Supercharger","network":"Tesla Supercharger","brand":"Tesla Supercharger","operator":"Tesla, Inc.","stalls":8,"kw_per_stall":null,"mw_capacity":null,"status":"unknown","access":"","fee":"","sockets":"","voltage":"","address":"","city":"","state":"","source":"OpenStreetMap (charge-finder mirror)","osm_id":"node/6611130530","website":""}},{"type":"Feature","geometry":{"type":"Point","coordinates":[-76.5403728,38.9800386]},"properties":{"name":"Tesla Supercharger","network":"Tesla Supercharger","brand":"Tesla Supercharger","operator":"Tesla, Inc.","stalls":8,"kw_per_stall":null,"mw_capacity":null,"status":"unknown","access":"","fee":"","sockets":"","voltage":"","address":"","city":"","state":"","source":"OpenStreetMap (charge-finder mirror)","osm_id":"node/6611135629","website":""}},{"type":"Feature","geometry":{"type":"Point","coordinates":[-76.8579899,39.0954375]},"properties":{"name":"Tesla Supercharger","network":"Tesla Supercharger","brand":"Tesla Supercharger","operator":"Tesla, Inc.","stalls":8,"kw_per_stall":null,"mw_capacity":null,"status":"unknown","access":"","fee":"yes","sockets":"","voltage":"","address":"","city":"","state":"","source":"OpenStreetMap (charge-finder mirror)","osm_id":"node/6611156757","website":""}},{"type":"Feature","geometry":{"type":"Point","coordinates":[-78.84572,39.6362871]},"properties":{"name":"Tesla Supercharger","network":"Tesla Supercharger","brand":"Tesla Supercharger","operator":"Tesla Motors","stalls":8,"kw_per_stall":null,"mw_capacity":null,"status":"unknown","access":"","fee":"","sockets":"","voltage":"","address":"","city":"","state":"","source":"OpenStreetMap (charge-finder mirror)","osm_id":"node/6611174899","website":""}},{"type":"Feature","geometry":{"type":"Point","coordinates":[-77.0157975,38.785729]},"properties":{"name":"Tesla Supercharger","network":"Tesla Supercharger","brand":"Tesla Supercharger","operator":"Tesla, Inc.","stalls":12,"kw_per_stall":null,"mw_capacity":null,"status":"unknown","access":"","fee":"","sockets":"","voltage":"","address":"","city":"","state":"","source":"OpenStreetMap (charge-finder mirror)","osm_id":"node/6611190725","website":""}},{"type":"Feature","geometry":{"type":"Point","coordinates":[-71.8329615,42.2037529]},"properties":{"name":"Tesla Supercharger","network":"Tesla Supercharger","brand":"Tesla Supercharger","operator":"Tesla Motors","stalls":8,"kw_per_stall":null,"mw_capacity":null,"status":"unknown","access":"","fee":"","sockets":"","voltage":"","address":"","city":"","state":"","source":"OpenStreetMap (charge-finder mirror)","osm_id":"node/6614988969","website":""}},{"type":"Feature","geometry":{"type":"Point","coordinates":[-71.0993783,42.3449194]},"properties":{"name":"Tesla Supercharger","network":"Tesla Supercharger","brand":"Tesla Supercharger","operator":"Tesla, Inc.","stalls":8,"kw_per_stall":null,"mw_capacity":null,"status":"unknown","access":"","fee":"","sockets":"","voltage":"","address":"","city":"","state":"","source":"OpenStreetMap (charge-finder mirror)","osm_id":"node/6615041292","website":""}},{"type":"Feature","geometry":{"type":"Point","coordinates":[-71.0772071,42.3682639]},"properties":{"name":"Tesla Supercharger","network":"Tesla Supercharger","brand":"Tesla Supercharger","operator":"Tesla, Inc.","stalls":8,"kw_per_stall":null,"mw_capacity":null,"status":"unknown","access":"","fee":"","sockets":"","voltage":"","address":"","city":"","state":"","source":"OpenStreetMap (charge-finder mirror)","osm_id":"node/6615082487","website":""}},{"type":"Feature","geometry":{"type":"Point","coordinates":[-73.2392251,42.2957243]},"properties":{"name":"Tesla Supercharger","network":"Tesla Supercharger","brand":"Tesla Supercharger","operator":"Tesla, Inc.","stalls":8,"kw_per_stall":null,"mw_capacity":null,"status":"unknown","access":"","fee":"","sockets":"","voltage":"","address":"","city":"","state":"","source":"OpenStreetMap (charge-finder mirror)","osm_id":"node/6615092207","website":""}},{"type":"Feature","geometry":{"type":"Point","coordinates":[-71.3941079,42.3036166]},"properties":{"name":"Tesla Supercharger","network":"Tesla Supercharger","brand":"Tesla Supercharger","operator":"Tesla, Inc.","stalls":12,"kw_per_stall":null,"mw_capacity":null,"status":"unknown","access":"","fee":"","sockets":"","voltage":"","address":"","city":"","state":"","source":"OpenStreetMap (charge-finder mirror)","osm_id":"node/6615117721","website":""}},{"type":"Feature","geometry":{"type":"Point","coordinates":[-72.6090748,42.3386482]},"properties":{"name":"Tesla Supercharger","network":"Tesla Supercharger","brand":"Tesla Supercharger","operator":"Tesla, Inc.","stalls":12,"kw_per_stall":null,"mw_capacity":null,"status":"unknown","access":"","fee":"","sockets":"","voltage":"","address":"","city":"","state":"","source":"OpenStreetMap (charge-finder mirror)","osm_id":"node/6615119818","website":""}},{"type":"Feature","geometry":{"type":"Point","coordinates":[-71.7441631,42.5296005]},"properties":{"name":"Tesla Supercharger","network":"Tesla Supercharger","brand":"Tesla Supercharger","operator":"Tesla Motors","stalls":8,"kw_per_stall":null,"mw_capacity":null,"status":"unknown","access":"","fee":"","sockets":"","voltage":"","address":"","city":"","state":"","source":"OpenStreetMap (charge-finder mirror)","osm_id":"node/6615164778","website":""}},{"type":"Feature","geometry":{"type":"Point","coordinates":[-71.2317482,42.0136956]},"properties":{"name":"Tesla Supercharger","network":"Tesla Supercharger","brand":"Tesla Supercharger","operator":"Tesla Motors","stalls":8,"kw_per_stall":150.0,"mw_capacity":1.2,"status":"24/7","access":"yes","fee":"yes","sockets":"8","voltage":"","address":"","city":"","state":"","source":"OpenStreetMap (charge-finder mirror)","osm_id":"node/6615176196","website":""}},{"type":"Feature","geometry":{"type":"Point","coordinates":[-70.4883338,41.6174093]},"properties":{"name":"Tesla Supercharger","network":"Tesla Supercharger","brand":"Tesla Supercharger","operator":"Tesla, Inc.","stalls":10,"kw_per_stall":null,"mw_capacity":null,"status":"unknown","access":"","fee":"","sockets":"","voltage":"","address":"","city":"","state":"","source":"OpenStreetMap (charge-finder mirror)","osm_id":"node/6615204649","website":""}},{"type":"Feature","geometry":{"type":"Point","coordinates":[-70.5401283,41.7812145]},"properties":{"name":"Tesla Supercharger","network":"Tesla Supercharger","brand":"Tesla Supercharger","operator":"Tesla, Inc.","stalls":8,"kw_per_stall":150.0,"mw_capacity":1.2,"status":"24/7","access":"yes","fee":"yes","sockets":"8","voltage":"","address":"","city":"","state":"","source":"OpenStreetMap (charge-finder mirror)","osm_id":"node/6615225609","website":""}},{"type":"Feature","geometry":{"type":"Point","coordinates":[-72.6214362,42.1309032]},"properties":{"name":"Tesla Supercharger","network":"Tesla Supercharger","brand":"Tesla Supercharger","operator":"Tesla Motors","stalls":8,"kw_per_stall":null,"mw_capacity":null,"status":"unknown","access":"","fee":"","sockets":"","voltage":"","address":"","city":"","state":"","source":"OpenStreetMap (charge-finder mirror)","osm_id":"node/6615228818","website":""}},{"type":"Feature","geometry":{"type":"Point","coordinates":[-83.2893211,42.7068664]},"properties":{"name":"Auburn Hills, MI Supercharger","network":"Tesla Supercharger","brand":"Tesla, Inc.","operator":"Tesla, Inc.","stalls":8,"kw_per_stall":150.0,"mw_capacity":1.2,"status":"24/7","access":"customers","fee":"yes","sockets":"8","voltage":"","address":"800, Brown Road, Auburn Hills, MI","city":"Auburn Hills","state":"MI","source":"OpenStreetMap (charge-finder mirror)","osm_id":"node/6617867223","website":"https://www.tesla.com/findus/location/supercharger/auburnhillsmisupercharger"}},{"type":"Feature","geometry":{"type":"Point","coordinates":[-85.5156321,43.6897515]},"properties":{"name":"Big Rapids, MI Supercharger","network":"Tesla Supercharger","brand":"Tesla Supercharger","operator":"Tesla, Inc.","stalls":10,"kw_per_stall":150.0,"mw_capacity":1.5,"status":"24/7","access":"customers","fee":"yes","sockets":"10","voltage":"","address":"15400, Waldron Way, Big Rapids, MI","city":"Big Rapids","state":"MI","source":"OpenStreetMap (charge-finder mirror)","osm_id":"node/6617875346","website":"https://www.tesla.com/findus/location/supercharger/bigrapidssupercharger"}},{"type":"Feature","geometry":{"type":"Point","coordinates":[-83.9322308,43.6221088]},"properties":{"name":"Bay City Supercharger","network":"Tesla Supercharger","brand":"Tesla, Inc.","operator":"Tesla, Inc.","stalls":8,"kw_per_stall":150.0,"mw_capacity":1.2,"status":"24/7","access":"customers","fee":"yes","sockets":"8","voltage":"","address":"2980, East Wilder Road, Bay City, MI","city":"Bay City","state":"MI","source":"OpenStreetMap (charge-finder mirror)","osm_id":"node/6617883765","website":""}},{"type":"Feature","geometry":{"type":"Point","coordinates":[-84.7667158,43.8203534]},"properties":{"name":"Clare, MI Supercharger","network":"Tesla Supercharger","brand":"Tesla Supercharger","operator":"Tesla, Inc.","stalls":8,"kw_per_stall":150.0,"mw_capacity":1.2,"status":"24/7","access":"customers","fee":"yes","sockets":"8","voltage":"","address":"604, North McEwan Street, Clare, MI","city":"Clare","state":"MI","source":"OpenStreetMap (charge-finder mirror)","osm_id":"node/6617889407","website":"https://www.tesla.com/findus/location/supercharger/claremisupercharger"}},{"type":"Feature","geometry":{"type":"Point","coordinates":[-85.4030802,44.2825428]},"properties":{"name":"Cadillac Supercharger","network":"Tesla Supercharger","brand":"Tesla Supercharger","operator":"Tesla, Inc.","stalls":8,"kw_per_stall":150.0,"mw_capacity":1.2,"status":"24/7","access":"","fee":"yes","sockets":"8","voltage":"","address":"8605, East Boon Road","city":"","state":"","source":"OpenStreetMap (charge-finder mirror)","osm_id":"node/6617903609","website":"https://www.tesla.com/findus/location/supercharger/cadillacsupercharger"}},{"type":"Feature","geometry":{"type":"Point","coordinates":[-84.7222027,45.0256377]},"properties":{"name":"Gaylord, MI Supercharger","network":"Tesla Supercharger","brand":"Tesla Supercharger","operator":"Tesla, Inc.","stalls":10,"kw_per_stall":150.0,"mw_capacity":1.5,"status":"24/7","access":"","fee":"yes","sockets":"10","voltage":"","address":"250, Meijer Drive, Gaylord, MI","city":"Gaylord","state":"MI","source":"OpenStreetMap (charge-finder mirror)","osm_id":"node/6617907232","website":"https://www.tesla.com/findus/location/supercharger/gaylordmisupercharger"}},{"type":"Feature","geometry":{"type":"Point","coordinates":[-83.3295248,42.3793996]},"properties":{"name":"Livonia, MI Supercharger","network":"Tesla Supercharger","brand":"Tesla, Inc.","operator":"Tesla, Inc.","stalls":10,"kw_per_stall":150.0,"mw_capacity":1.5,"status":"24/7","access":"customers","fee":"yes","sockets":"10","voltage":"","address":"13000, Middlebelt Road, Livonia, MI","city":"Livonia","state":"MI","source":"OpenStreetMap (charge-finder mirror)","osm_id":"node/6621392391","website":"https://www.tesla.com/findus/location/supercharger/livoniasupercharger"}},{"type":"Feature","geometry":{"type":"Point","coordinates":[-86.3761048,43.9572217]},"properties":{"name":"Ludington Supercharger","network":"Tesla Supercharger","brand":"Tesla Supercharger","operator":"Tesla, Inc.","stalls":8,"kw_per_stall":150.0,"mw_capacity":1.2,"status":"24/7","access":"customers","fee":"yes","sockets":"8","voltage":"","address":"3900, US 10, Ludington, MI","city":"Ludington","state":"MI","source":"OpenStreetMap (charge-finder mirror)","osm_id":"node/6621413542","website":"https://www.tesla.com/findus/location/supercharger/ludingtonsupercharger"}},{"type":"Feature","geometry":{"type":"Point","coordinates":[-86.2029504,43.1553362]},"properties":{"name":"Muskegon, MI Supercharger","network":"Tesla Supercharger","brand":"Tesla Supercharger","operator":"Tesla, Inc.","stalls":10,"kw_per_stall":150.0,"mw_capacity":1.5,"status":"24/7","access":"customers","fee":"yes","sockets":"10","voltage":"","address":"5300, South Harvey Street, Muskegon, MI","city":"Muskegon","state":"MI","source":"OpenStreetMap (charge-finder mirror)","osm_id":"node/6621457000","website":"https://www.tesla.com/findus/location/supercharger/muskegonmisupercharger"}},{"type":"Feature","geometry":{"type":"Point","coordinates":[-82.4289265,42.9987803]},"properties":{"name":"Port Huron Supercharger","network":"Tesla Supercharger","brand":"Tesla Supercharger","operator":"Tesla, Inc.","stalls":8,"kw_per_stall":150.0,"mw_capacity":1.2,"status":"24/7","access":"customers","fee":"yes","sockets":"8","voltage":"","address":"500, Thomas Edison Parkway","city":"","state":"","source":"OpenStreetMap (charge-finder mirror)","osm_id":"node/6621477292","website":"https://www.tesla.com/findus/location/supercharger/porthuronsupercharger"}},{"type":"Feature","geometry":{"type":"Point","coordinates":[-82.9067605,42.5220479]},"properties":{"name":"Roseville, MI Supercharger","network":"Tesla Supercharger","brand":"Tesla Supercharger","operator":"Tesla, Inc.","stalls":8,"kw_per_stall":150.0,"mw_capacity":1.2,"status":"24/7","access":"customers","fee":"yes","sockets":"8","voltage":"","address":"30800, Little Mack Avenue","city":"","state":"","source":"OpenStreetMap (charge-finder mirror)","osm_id":"node/6625039585","website":"https://www.tesla.com/findus/location/supercharger/rosevillemisupercharger"}},{"type":"Feature","geometry":{"type":"Point","coordinates":[-93.3577429,43.686038]},"properties":{"name":"Tesla Supercharger","network":"Tesla Supercharger","brand":"Tesla Supercharger","operator":"Tesla Motors","stalls":4,"kw_per_stall":null,"mw_capacity":null,"status":"unknown","access":"","fee":"","sockets":"","voltage":"","address":"","city":"","state":"","source":"OpenStreetMap (charge-finder mirror)","osm_id":"node/6625073675","website":""}},{"type":"Feature","geometry":{"type":"Point","coordinates":[-85.6440118,44.7446767]},"properties":{"name":"Traverse City Supercharger","network":"Tesla Supercharger","brand":"Tesla, Inc.","operator":"Tesla, Inc.","stalls":10,"kw_per_stall":150.0,"mw_capacity":1.5,"status":"24/7","access":"customers","fee":"yes","sockets":"10","voltage":"","address":"3955, North US 31 South","city":"","state":"","source":"OpenStreetMap (charge-finder mirror)","osm_id":"node/6625074510","website":"https://www.tesla.com/findus/location/supercharger/traversecitysupercharger"}},{"type":"Feature","geometry":{"type":"Point","coordinates":[-85.7239297,43.0179397]},"properties":{"name":"Walker, MI Supercharger","network":"Tesla Supercharger","brand":"Tesla Supercharger","operator":"Tesla, Inc.","stalls":4,"kw_per_stall":150.0,"mw_capacity":0.6,"status":"24/7","access":"customers","fee":"yes","sockets":"4","voltage":"","address":"2988, Walker Avenue Northwest","city":"","state":"","source":"OpenStreetMap (charge-finder mirror)","osm_id":"node/6625077493","website":"https://www.tesla.com/findus/location/supercharger/walkermisupercharger"}},{"type":"Feature","geometry":{"type":"Point","coordinates":[-94.256358,46.3788228]},"properties":{"name":"Tesla Supercharger","network":"Tesla Supercharger","brand":"Tesla Supercharger","operator":"Tesla Motors","stalls":8,"kw_per_stall":null,"mw_capacity":null,"status":"unknown","access":"","fee":"","sockets":"","voltage":"","address":"","city":"","state":"","source":"OpenStreetMap (charge-finder mirror)","osm_id":"node/6625089601","website":""}},{"type":"Feature","geometry":{"type":"Point","coordinates":[-94.054892,45.4118886]},"properties":{"name":"Tesla Supercharger","network":"Tesla Supercharger","brand":"Tesla Supercharger","operator":"Tesla, Inc.","stalls":8,"kw_per_stall":null,"mw_capacity":null,"status":"unknown","access":"","fee":"","sockets":"","voltage":"","address":"","city":"","state":"","source":"OpenStreetMap (charge-finder mirror)","osm_id":"node/6625097062","website":""}},{"type":"Feature","geometry":{"type":"Point","coordinates":[-92.1020217,46.785114]},"properties":{"name":"Tesla Supercharger","network":"Tesla Supercharger","brand":"Tesla Supercharger","operator":"Tesla, Inc.","stalls":4,"kw_per_stall":null,"mw_capacity":null,"status":"unknown","access":"","fee":"","sockets":"","voltage":"","address":"","city":"","state":"","source":"OpenStreetMap (charge-finder mirror)","osm_id":"node/6625128339","website":""}},{"type":"Feature","geometry":{"type":"Point","coordinates":[-94.7332293,43.6616279]},"properties":{"name":"Tesla Supercharger","network":"Tesla Supercharger","brand":"Tesla Supercharger","operator":"Tesla Motors","stalls":8,"kw_per_stall":null,"mw_capacity":null,"status":"unknown","access":"","fee":"","sockets":"","voltage":"","address":"","city":"","state":"","source":"OpenStreetMap (charge-finder mirror)","osm_id":"node/6625138170","website":""}},{"type":"Feature","geometry":{"type":"Point","coordinates":[-92.9313703,46.0097457]},"properties":{"name":"Tesla Supercharger","network":"Tesla Supercharger","brand":"Tesla Supercharger","operator":"Tesla Motors","stalls":8,"kw_per_stall":null,"mw_capacity":null,"status":"unknown","access":"","fee":"","sockets":"","voltage":"","address":"","city":"","state":"","source":"OpenStreetMap (charge-finder mirror)","osm_id":"node/6625144501","website":""}},{"type":"Feature","geometry":{"type":"Point","coordinates":[-92.4709132,44.0062964]},"properties":{"name":"Tesla Supercharger","network":"Tesla Supercharger","brand":"Tesla Supercharger","operator":"Tesla Motors","stalls":8,"kw_per_stall":null,"mw_capacity":null,"status":"unknown","access":"","fee":"","sockets":"","voltage":"","address":"","city":"","state":"","source":"OpenStreetMap (charge-finder mirror)","osm_id":"node/6625159871","website":""}},{"type":"Feature","geometry":{"type":"Point","coordinates":[-92.9612907,44.9648931]},"properties":{"name":"Tesla Supercharger","network":"Tesla Supercharger","brand":"Tesla Supercharger","operator":"Tesla, Inc.","stalls":8,"kw_per_stall":null,"mw_capacity":null,"status":"unknown","access":"","fee":"","sockets":"","voltage":"","address":"","city":"","state":"","source":"OpenStreetMap (charge-finder mirror)","osm_id":"node/6625184129","website":""}},{"type":"Feature","geometry":{"type":"Point","coordinates":[-95.5956508,43.6339555]},"properties":{"name":"Tesla Supercharger","network":"Tesla Supercharger","brand":"Tesla Supercharger","operator":"Tesla Motors","stalls":6,"kw_per_stall":null,"mw_capacity":null,"status":"unknown","access":"","fee":"","sockets":"","voltage":"","address":"","city":"","state":"","source":"OpenStreetMap (charge-finder mirror)","osm_id":"node/6625186070","website":""}},{"type":"Feature","geometry":{"type":"Point","coordinates":[-89.8495989,33.7873111]},"properties":{"name":"Tesla Supercharger","network":"Tesla Supercharger","brand":"Tesla Supercharger","operator":"Tesla, Inc.","stalls":8,"kw_per_stall":null,"mw_capacity":null,"status":"unknown","access":"","fee":"","sockets":"","voltage":"","address":"","city":"","state":"","source":"OpenStreetMap (charge-finder mirror)","osm_id":"node/6629838509","website":""}},{"type":"Feature","geometry":{"type":"Point","coordinates":[-88.6712295,32.3578872]},"properties":{"name":"Tesla Supercharger","network":"Tesla Supercharger","brand":"Tesla Supercharger","operator":"Tesla, Inc.","stalls":8,"kw_per_stall":null,"mw_capacity":null,"status":"unknown","access":"","fee":"","sockets":"","voltage":"","address":"","city":"","state":"","source":"OpenStreetMap (charge-finder mirror)","osm_id":"node/6629873106","website":""}},{"type":"Feature","geometry":{"type":"Point","coordinates":[-88.7008433,34.311524]},"properties":{"name":"Tesla Supercharger","network":"Tesla Supercharger","brand":"Tesla Supercharger","operator":"Tesla, Inc.","stalls":8,"kw_per_stall":null,"mw_capacity":null,"status":"unknown","access":"","fee":"yes","sockets":"","voltage":"","address":"","city":"","state":"","source":"OpenStreetMap (charge-finder mirror)","osm_id":"node/6630187363","website":""}},{"type":"Feature","geometry":{"type":"Point","coordinates":[-92.2527488,38.9578073]},"properties":{"name":"Tesla Supercharger","network":"Tesla Supercharger","brand":"Tesla Supercharger","operator":"Tesla, Inc.","stalls":8,"kw_per_stall":null,"mw_capacity":null,"status":"unknown","access":"","fee":"","sockets":"","voltage":"","address":"","city":"","state":"","source":"OpenStreetMap (charge-finder mirror)","osm_id":"node/6630249447","website":""}},{"type":"Feature","geometry":{"type":"Point","coordinates":[-94.0157417,40.2658807]},"properties":{"name":"Tesla Supercharger","network":"Tesla Supercharger","brand":"Tesla Supercharger","operator":"Tesla, Inc.","stalls":6,"kw_per_stall":null,"mw_capacity":null,"status":"unknown","access":"","fee":"","sockets":"","voltage":"","address":"","city":"","state":"","source":"OpenStreetMap (charge-finder mirror)","osm_id":"node/6630250130","website":""}},{"type":"Feature","geometry":{"type":"Point","coordinates":[-94.6449466,39.2463881]},"properties":{"name":"Tesla Supercharger","network":"Tesla Supercharger","brand":"Tesla Supercharger","operator":"Tesla, Inc.","stalls":8,"kw_per_stall":72.0,"mw_capacity":0.576,"status":"unknown","access":"","fee":"yes","sockets":"","voltage":"","address":"","city":"","state":"","source":"OpenStreetMap (charge-finder mirror)","osm_id":"node/6630257410","website":""}},{"type":"Feature","geometry":{"type":"Point","coordinates":[-89.5340118,36.8935649]},"properties":{"name":"Tesla Supercharger","network":"Tesla Supercharger","brand":"Tesla Supercharger","operator":"Tesla Motors","stalls":8,"kw_per_stall":null,"mw_capacity":null,"status":"unknown","access":"","fee":"","sockets":"","voltage":"","address":"","city":"","state":"","source":"OpenStreetMap (charge-finder mirror)","osm_id":"node/6632143071","website":""}},{"type":"Feature","geometry":{"type":"Point","coordinates":[-92.6056422,38.1617978]},"properties":{"name":"Tesla Supercharger","network":"Tesla Supercharger","brand":"Tesla Supercharger","operator":"Tesla, Inc.","stalls":8,"kw_per_stall":null,"mw_capacity":null,"status":"unknown","access":"","fee":"","sockets":"","voltage":"","address":"","city":"","state":"","source":"OpenStreetMap (charge-finder mirror)","osm_id":"node/6632237993","website":""}},{"type":"Feature","geometry":{"type":"Point","coordinates":[-94.8019565,39.7686355]},"properties":{"name":"Tesla Supercharger","network":"Tesla Supercharger","brand":"Tesla Supercharger","operator":"Tesla, Inc.","stalls":8,"kw_per_stall":null,"mw_capacity":null,"status":"unknown","access":"","fee":"","sockets":"","voltage":"","address":"","city":"","state":"","source":"OpenStreetMap (charge-finder mirror)","osm_id":"node/6632379862","website":""}},{"type":"Feature","geometry":{"type":"Point","coordinates":[-90.5328315,38.7821194]},"properties":{"name":"Tesla Supercharger","network":"Tesla Supercharger","brand":"Tesla Supercharger","operator":"Tesla, Inc.","stalls":5,"kw_per_stall":null,"mw_capacity":null,"status":"unknown","access":"","fee":"","sockets":"","voltage":"","address":"","city":"","state":"","source":"OpenStreetMap (charge-finder mirror)","osm_id":"node/6632388230","website":""}},{"type":"Feature","geometry":{"type":"Point","coordinates":[-109.943416,45.8361608]},"properties":{"name":"Tesla Supercharger","network":"Tesla Supercharger","brand":"Tesla Supercharger","operator":"Tesla, Inc.","stalls":4,"kw_per_stall":null,"mw_capacity":null,"status":"unknown","access":"","fee":"","sockets":"","voltage":"","address":"","city":"","state":"","source":"OpenStreetMap (charge-finder mirror)","osm_id":"node/6632398471","website":""}},{"type":"Feature","geometry":{"type":"Point","coordinates":[-114.031973,46.9143938]},"properties":{"name":"Tesla Supercharger","network":"Tesla Supercharger","brand":"Tesla Supercharger","operator":"Tesla, Inc.","stalls":6,"kw_per_stall":null,"mw_capacity":null,"status":"unknown","access":"","fee":"","sockets":"","voltage":"","address":"","city":"","state":"","source":"OpenStreetMap (charge-finder mirror)","osm_id":"node/6635813996","website":""}},{"type":"Feature","geometry":{"type":"Point","coordinates":[-112.5917588,44.632409]},"properties":{"name":"Tesla Supercharger","network":"Tesla Supercharger","brand":"Tesla Supercharger","operator":"Tesla Motors","stalls":8,"kw_per_stall":null,"mw_capacity":null,"status":"unknown","access":"","fee":"","sockets":"","voltage":"","address":"","city":"","state":"","source":"OpenStreetMap (charge-finder mirror)","osm_id":"node/6635825032","website":""}},{"type":"Feature","geometry":{"type":"Point","coordinates":[-114.8888,47.1921389]},"properties":{"name":"Tesla Supercharger","network":"Tesla Supercharger","brand":"Tesla Supercharger","operator":"Tesla, Inc.","stalls":4,"kw_per_stall":null,"mw_capacity":null,"status":"24/7","access":"","fee":"","sockets":"","voltage":"","address":"","city":"","state":"","source":"OpenStreetMap (charge-finder mirror)","osm_id":"node/6635828210","website":""}},{"type":"Feature","geometry":{"type":"Point","coordinates":[-111.098967,44.6558461]},"properties":{"name":"Tesla Supercharger","network":"Tesla Supercharger","brand":"Tesla Supercharger","operator":"Tesla, Inc.","stalls":8,"kw_per_stall":null,"mw_capacity":null,"status":"unknown","access":"","fee":"","sockets":"","voltage":"","address":"","city":"","state":"","source":"OpenStreetMap (charge-finder mirror)","osm_id":"node/6635844963","website":""}},{"type":"Feature","geometry":{"type":"Point","coordinates":[-100.170506,40.9173468]},"properties":{"name":"Tesla Supercharger","network":"Tesla Supercharger","brand":"Tesla Supercharger","operator":"Tesla, Inc.","stalls":8,"kw_per_stall":null,"mw_capacity":null,"status":"unknown","access":"","fee":"","sockets":"","voltage":"","address":"","city":"","state":"","source":"OpenStreetMap (charge-finder mirror)","osm_id":"node/6635845438","website":""}},{"type":"Feature","geometry":{"type":"Point","coordinates":[-98.3798057,40.8298112]},"properties":{"name":"Tesla Supercharger","network":"Tesla Supercharger","brand":"Tesla Supercharger","operator":"Tesla, Inc.","stalls":8,"kw_per_stall":null,"mw_capacity":null,"status":"unknown","access":"","fee":"","sockets":"","voltage":"","address":"","city":"","state":"","source":"OpenStreetMap (charge-finder mirror)","osm_id":"node/6635851861","website":""}},{"type":"Feature","geometry":{"type":"Point","coordinates":[-96.6796999,40.8608101]},"properties":{"name":"Tesla Supercharger","network":"Tesla Supercharger","brand":"Tesla Supercharger","operator":"Tesla, Inc.","stalls":8,"kw_per_stall":null,"mw_capacity":null,"status":"unknown","access":"","fee":"","sockets":"","voltage":"","address":"","city":"","state":"","source":"OpenStreetMap (charge-finder mirror)","osm_id":"node/6638980012","website":""}},{"type":"Feature","geometry":{"type":"Point","coordinates":[-101.709436,41.1164795]},"properties":{"name":"Tesla Supercharger","network":"Tesla Supercharger","brand":"Tesla Supercharger","operator":"Tesla, Inc.","stalls":8,"kw_per_stall":null,"mw_capacity":null,"status":"unknown","access":"","fee":"","sockets":"","voltage":"","address":"","city":"","state":"","source":"OpenStreetMap (charge-finder mirror)","osm_id":"node/6639157909","website":""}},{"type":"Feature","geometry":{"type":"Point","coordinates":[-102.949666,41.1154525]},"properties":{"name":"Tesla Supercharger","network":"Tesla Supercharger","brand":"Tesla Supercharger","operator":"Tesla, Inc.","stalls":8,"kw_per_stall":null,"mw_capacity":null,"status":"unknown","access":"","fee":"yes","sockets":"8","voltage":"","address":"","city":"","state":"","source":"OpenStreetMap (charge-finder mirror)","osm_id":"node/6639172888","website":""}},{"type":"Feature","geometry":{"type":"Point","coordinates":[-119.5485215,38.6964876]},"properties":{"name":"Tesla Supercharger","network":"Tesla Supercharger","brand":"Tesla Supercharger","operator":"Tesla Motors","stalls":6,"kw_per_stall":null,"mw_capacity":null,"status":"unknown","access":"","fee":"","sockets":"","voltage":"","address":"","city":"","state":"","source":"OpenStreetMap (charge-finder mirror)","osm_id":"node/6641867798","website":""}},{"type":"Feature","geometry":{"type":"Point","coordinates":[-118.623039,38.5339118]},"properties":{"name":"Tesla Supercharger","network":"Tesla Supercharger","brand":"Tesla Supercharger","operator":"Tesla, Inc.","stalls":8,"kw_per_stall":null,"mw_capacity":null,"status":"unknown","access":"yes","fee":"","sockets":"","voltage":"","address":"","city":"","state":"","source":"OpenStreetMap (charge-finder mirror)","osm_id":"node/6641891719","website":""}},{"type":"Feature","geometry":{"type":"Point","coordinates":[-115.286478,36.1692334]},"properties":{"name":"Tesla Supercharger","network":"Tesla Supercharger","brand":"Tesla Supercharger","operator":"Tesla, Inc.","stalls":6,"kw_per_stall":null,"mw_capacity":null,"status":"unknown","access":"","fee":"","sockets":"","voltage":"","address":"","city":"","state":"","source":"OpenStreetMap (charge-finder mirror)","osm_id":"node/6641919223","website":""}},{"type":"Feature","geometry":{"type":"Point","coordinates":[-118.472112,40.1794929]},"properties":{"name":"Tesla Supercharger","network":"Tesla Supercharger","brand":"Tesla Supercharger","operator":"Tesla, Inc.","stalls":4,"kw_per_stall":null,"mw_capacity":null,"status":"unknown","access":"","fee":"","sockets":"","voltage":"","address":"","city":"","state":"","source":"OpenStreetMap (charge-finder mirror)","osm_id":"node/6641925918","website":""}},{"type":"Feature","geometry":{"type":"Point","coordinates":[-114.059005,40.7384083]},"properties":{"name":"Tesla Supercharger","network":"Tesla Supercharger","brand":"Tesla Supercharger","operator":"Tesla, Inc.","stalls":6,"kw_per_stall":null,"mw_capacity":null,"status":"unknown","access":"","fee":"","sockets":"","voltage":"","address":"","city":"","state":"","source":"OpenStreetMap (charge-finder mirror)","osm_id":"node/6641989295","website":""}},{"type":"Feature","geometry":{"type":"Point","coordinates":[-71.477687,43.1084089]},"properties":{"name":"Tesla Supercharger","network":"Tesla Supercharger","brand":"Tesla Supercharger","operator":"Tesla, Inc.","stalls":1,"kw_per_stall":null,"mw_capacity":null,"status":"unknown","access":"customers","fee":"yes","sockets":"","voltage":"","address":"","city":"","state":"","source":"OpenStreetMap (charge-finder mirror)","osm_id":"node/6648077322","website":""}},{"type":"Feature","geometry":{"type":"Point","coordinates":[-71.4745728,43.1096364]},"properties":{"name":"Tesla Supercharger","network":"Tesla Supercharger","brand":"Tesla Supercharger","operator":"Tesla, Inc.","stalls":1,"kw_per_stall":null,"mw_capacity":null,"status":"unknown","access":"customers","fee":"yes","sockets":"","voltage":"","address":"","city":"","state":"","source":"OpenStreetMap (charge-finder mirror)","osm_id":"node/6648077323","website":""}},{"type":"Feature","geometry":{"type":"Point","coordinates":[-71.6674265,44.0427702]},"properties":{"name":"Tesla Supercharger","network":"Tesla Supercharger","brand":"Tesla Supercharger","operator":"Tesla, Inc.","stalls":6,"kw_per_stall":null,"mw_capacity":null,"status":"unknown","access":"","fee":"","sockets":"","voltage":"","address":"","city":"","state":"","source":"OpenStreetMap (charge-finder mirror)","osm_id":"node/6648083722","website":""}},{"type":"Feature","geometry":{"type":"Point","coordinates":[-74.2534548,39.7594058]},"properties":{"name":"Tesla Supercharger","network":"Tesla Supercharger","brand":"Tesla Supercharger","operator":"Tesla Motors","stalls":8,"kw_per_stall":null,"mw_capacity":null,"status":"unknown","access":"","fee":"","sockets":"","voltage":"","address":"","city":"","state":"","source":"OpenStreetMap (charge-finder mirror)","osm_id":"node/6648213149","website":""}},{"type":"Feature","geometry":{"type":"Point","coordinates":[-74.7933474,40.1017815]},"properties":{"name":"Tesla Supercharger","network":"Tesla Supercharger","brand":"Tesla Supercharger","operator":"Tesla, Inc.","stalls":8,"kw_per_stall":null,"mw_capacity":null,"status":"unknown","access":"yes","fee":"","sockets":"","voltage":"","address":"","city":"","state":"","source":"OpenStreetMap (charge-finder mirror)","osm_id":"node/6648220751","website":""}},{"type":"Feature","geometry":{"type":"Point","coordinates":[-79.3936076,41.1823362]},"properties":{"name":"Tesla Destination Charger","network":"Tesla","brand":"Tesla, Inc.","operator":"","stalls":null,"kw_per_stall":null,"mw_capacity":null,"status":"unknown","access":"","fee":"","sockets":"","voltage":"","address":"","city":"","state":"","source":"OpenStreetMap (charge-finder mirror)","osm_id":"node/6656199308","website":""}},{"type":"Feature","geometry":{"type":"Point","coordinates":[-74.3800217,40.4242829]},"properties":{"name":"Tesla Supercharger","network":"Tesla Supercharger","brand":"Tesla Supercharger","operator":"Tesla Motors","stalls":16,"kw_per_stall":null,"mw_capacity":null,"status":"unknown","access":"","fee":"","sockets":"","voltage":"","address":"","city":"","state":"","source":"OpenStreetMap (charge-finder mirror)","osm_id":"node/6659151755","website":""}},{"type":"Feature","geometry":{"type":"Point","coordinates":[-74.0397651,40.7266042]},"properties":{"name":"Tesla Supercharger","network":"Tesla Supercharger","brand":"Tesla Supercharger","operator":"Tesla, Inc.","stalls":20,"kw_per_stall":null,"mw_capacity":null,"status":"unknown","access":"","fee":"","sockets":"","voltage":"","address":"","city":"","state":"","source":"OpenStreetMap (charge-finder mirror)","osm_id":"node/6659455840","website":""}},{"type":"Feature","geometry":{"type":"Point","coordinates":[-74.5626067,39.3936685]},"properties":{"name":"Tesla Supercharger","network":"Tesla Supercharger","brand":"Tesla Supercharger","operator":"Tesla Motors","stalls":8,"kw_per_stall":null,"mw_capacity":null,"status":"unknown","access":"","fee":"","sockets":"","voltage":"","address":"","city":"","state":"","source":"OpenStreetMap (charge-finder mirror)","osm_id":"node/6659461020","website":""}},{"type":"Feature","geometry":{"type":"Point","coordinates":[-74.0739358,40.9580033]},"properties":{"name":"Tesla Supercharger","network":"Tesla Supercharger","brand":"Tesla Supercharger","operator":"Tesla, Inc.","stalls":8,"kw_per_stall":null,"mw_capacity":null,"status":"unknown","access":"","fee":"","sockets":"","voltage":"","address":"","city":"","state":"","source":"OpenStreetMap (charge-finder mirror)","osm_id":"node/6659463343","website":""}},{"type":"Feature","geometry":{"type":"Point","coordinates":[-74.6413425,40.1955588]},"properties":{"name":"Tesla Supercharger","network":"Tesla Supercharger","brand":"Tesla Supercharger","operator":"Tesla, Inc.","stalls":6,"kw_per_stall":null,"mw_capacity":null,"status":"unknown","access":"","fee":"","sockets":"","voltage":"","address":"","city":"","state":"","source":"OpenStreetMap (charge-finder mirror)","osm_id":"node/6659463791","website":""}},{"type":"Feature","geometry":{"type":"Point","coordinates":[-74.0402198,40.7216163]},"properties":{"name":"Tesla Supercharger","network":"Tesla Supercharger","brand":"Tesla Supercharger","operator":"Tesla, Inc.","stalls":6,"kw_per_stall":null,"mw_capacity":null,"status":"unknown","access":"","fee":"","sockets":"","voltage":"","address":"","city":"","state":"","source":"OpenStreetMap (charge-finder mirror)","osm_id":"node/6659464391","website":""}},{"type":"Feature","geometry":{"type":"Point","coordinates":[-74.1355647,40.7491015]},"properties":{"name":"Tesla Supercharger","network":"Tesla Supercharger","brand":"Tesla Supercharger","operator":"Tesla Motors","stalls":8,"kw_per_stall":null,"mw_capacity":null,"status":"unknown","access":"","fee":"","sockets":"","voltage":"","address":"","city":"","state":"","source":"OpenStreetMap (charge-finder mirror)","osm_id":"node/6659464934","website":""}},{"type":"Feature","geometry":{"type":"Point","coordinates":[-74.3513112,40.8496982]},"properties":{"name":"Tesla Supercharger","network":"Tesla Supercharger","brand":"Tesla Supercharger","operator":"Tesla, Inc.","stalls":8,"kw_per_stall":null,"mw_capacity":null,"status":"unknown","access":"","fee":"","sockets":"","voltage":"","address":"","city":"","state":"","source":"OpenStreetMap (charge-finder mirror)","osm_id":"node/6659487289","website":""}},{"type":"Feature","geometry":{"type":"Point","coordinates":[-75.2408961,39.8215627]},"properties":{"name":"Tesla Supercharger","network":"Tesla Supercharger","brand":"Tesla Supercharger","operator":"Tesla, Inc.","stalls":8,"kw_per_stall":null,"mw_capacity":null,"status":"unknown","access":"","fee":"","sockets":"","voltage":"","address":"","city":"","state":"","source":"OpenStreetMap (charge-finder mirror)","osm_id":"node/6659492603","website":""}},{"type":"Feature","geometry":{"type":"Point","coordinates":[-74.5573441,40.908437]},"properties":{"name":"Tesla Supercharger","network":"Tesla Supercharger","brand":"Tesla Supercharger","operator":"Tesla, Inc.","stalls":12,"kw_per_stall":null,"mw_capacity":null,"status":"unknown","access":"","fee":"","sockets":"","voltage":"","address":"","city":"","state":"","source":"OpenStreetMap (charge-finder mirror)","osm_id":"node/6678065589","website":""}},{"type":"Feature","geometry":{"type":"Point","coordinates":[-108.14423,36.7663204]},"properties":{"name":"Tesla Supercharger","network":"Tesla Supercharger","brand":"Tesla Supercharger","operator":"Tesla, Inc.","stalls":4,"kw_per_stall":null,"mw_capacity":null,"status":"unknown","access":"","fee":"","sockets":"","voltage":"","address":"","city":"","state":"","source":"OpenStreetMap (charge-finder mirror)","osm_id":"node/6685612237","website":""}},{"type":"Feature","geometry":{"type":"Point","coordinates":[-107.7602766,32.2813321]},"properties":{"name":"Tesla Supercharger","network":"Tesla Supercharger","brand":"Tesla Supercharger","operator":"Tesla Motors","stalls":8,"kw_per_stall":null,"mw_capacity":null,"status":"unknown","access":"","fee":"","sockets":"","voltage":"","address":"","city":"","state":"","source":"OpenStreetMap (charge-finder mirror)","osm_id":"node/6685621194","website":""}},{"type":"Feature","geometry":{"type":"Point","coordinates":[-73.8533336,42.6887445]},"properties":{"name":"Tesla Supercharger","network":"Tesla Supercharger","brand":"Tesla Supercharger","operator":"Tesla, Inc.","stalls":20,"kw_per_stall":null,"mw_capacity":null,"status":"unknown","access":"","fee":"","sockets":"","voltage":"","address":"","city":"","state":"","source":"OpenStreetMap (charge-finder mirror)","osm_id":"node/6685648564","website":""}},{"type":"Feature","geometry":{"type":"Point","coordinates":[-73.96287,40.6699439]},"properties":{"name":"Tesla Supercharger","network":"Tesla Supercharger","brand":"Tesla Supercharger","operator":"Tesla, Inc.","stalls":6,"kw_per_stall":null,"mw_capacity":null,"status":"unknown","access":"","fee":"","sockets":"","voltage":"","address":"","city":"","state":"","source":"OpenStreetMap (charge-finder mirror)","osm_id":"node/6685655519","website":""}},{"type":"Feature","geometry":{"type":"Point","coordinates":[-73.9745873,40.6837288]},"properties":{"name":"Tesla Supercharger","network":"Tesla Supercharger","brand":"Tesla Supercharger","operator":"Tesla, Inc.","stalls":12,"kw_per_stall":null,"mw_capacity":null,"status":"unknown","access":"","fee":"","sockets":"","voltage":"","address":"","city":"","state":"","source":"OpenStreetMap (charge-finder mirror)","osm_id":"node/6685671415","website":""}},{"type":"Feature","geometry":{"type":"Point","coordinates":[-75.9020895,42.1455391]},"properties":{"name":"Tesla Supercharger","network":"Tesla Supercharger","brand":"Tesla Supercharger","operator":"Tesla Motors","stalls":8,"kw_per_stall":null,"mw_capacity":null,"status":"unknown","access":"","fee":"","sockets":"","voltage":"","address":"","city":"","state":"","source":"OpenStreetMap (charge-finder mirror)","osm_id":"node/6685674194","website":""}},{"type":"Feature","geometry":{"type":"Point","coordinates":[-73.8287725,40.8632862]},"properties":{"name":"Tesla Supercharger","network":"Tesla Supercharger","brand":"Tesla Supercharger","operator":"Tesla, Inc.","stalls":12,"kw_per_stall":null,"mw_capacity":null,"status":"unknown","access":"","fee":"","sockets":"","voltage":"","address":"","city":"","state":"","source":"OpenStreetMap (charge-finder mirror)","osm_id":"node/6685675940","website":""}},{"type":"Feature","geometry":{"type":"Point","coordinates":[-78.6955272,42.9686699]},"properties":{"name":"Tesla Supercharger","network":"Tesla Supercharger","brand":"Tesla Supercharger","operator":"Tesla, Inc.","stalls":8,"kw_per_stall":null,"mw_capacity":null,"status":"unknown","access":"yes","fee":"","sockets":"","voltage":"","address":"","city":"","state":"","source":"OpenStreetMap (charge-finder mirror)","osm_id":"node/6685682517","website":""}},{"type":"Feature","geometry":{"type":"Point","coordinates":[-73.956482,40.7218642]},"properties":{"name":"Tesla Supercharger","network":"Tesla Supercharger","brand":"Tesla Supercharger","operator":"Tesla, Inc.","stalls":4,"kw_per_stall":null,"mw_capacity":null,"status":"unknown","access":"","fee":"","sockets":"","voltage":"","address":"","city":"","state":"","source":"OpenStreetMap (charge-finder mirror)","osm_id":"node/6685686791","website":""}},{"type":"Feature","geometry":{"type":"Point","coordinates":[-80.5624809,43.4358091]},"properties":{"name":"Sun Country Highway;Tesla","network":"Tesla","brand":"Sun Country Highway;Tesla","operator":"The Boardwalk at Ira Needles Blvd","stalls":null,"kw_per_stall":7.2,"mw_capacity":null,"status":"unknown","access":"yes","fee":"no","sockets":"1","voltage":"240","address":"","city":"","state":"","source":"OpenStreetMap (charge-finder mirror)","osm_id":"node/6685726597","website":""}},{"type":"Feature","geometry":{"type":"Point","coordinates":[-77.3539033,37.5298674]},"properties":{"name":"Tesla Supercharger","network":"Tesla Supercharger","brand":"Tesla Supercharger","operator":"Tesla, Inc.","stalls":20,"kw_per_stall":null,"mw_capacity":null,"status":"unknown","access":"","fee":"","sockets":"20","voltage":"","address":"4441, South Laburnum Avenue, Richmond, VA","city":"Richmond","state":"VA","source":"OpenStreetMap (charge-finder mirror)","osm_id":"node/6690326918","website":""}},{"type":"Feature","geometry":{"type":"Point","coordinates":[-76.4925525,41.0161476]},"properties":{"name":"Tesla Supercharger","network":"Tesla Supercharger","brand":"Tesla Supercharger","operator":"","stalls":8,"kw_per_stall":null,"mw_capacity":null,"status":"unknown","access":"","fee":"","sockets":"","voltage":"","address":"","city":"","state":"","source":"OpenStreetMap (charge-finder mirror)","osm_id":"node/6693415789","website":""}},{"type":"Feature","geometry":{"type":"Point","coordinates":[-122.428896,37.7855573]},"properties":{"name":"Tesla Destination Charger","network":"Tesla","brand":"Tesla, Inc.","operator":"Tesla","stalls":2,"kw_per_stall":null,"mw_capacity":null,"status":"unknown","access":"","fee":"","sockets":"","voltage":"","address":"","city":"","state":"","source":"OpenStreetMap (charge-finder mirror)","osm_id":"node/6693595727","website":""}},{"type":"Feature","geometry":{"type":"Point","coordinates":[-73.8671462,40.7080883]},"properties":{"name":"Tesla Supercharger","network":"Tesla Supercharger","brand":"Tesla Supercharger","operator":"Tesla, Inc.","stalls":10,"kw_per_stall":null,"mw_capacity":null,"status":"unknown","access":"","fee":"","sockets":"","voltage":"","address":"","city":"","state":"","source":"OpenStreetMap (charge-finder mirror)","osm_id":"node/6693611315","website":""}},{"type":"Feature","geometry":{"type":"Point","coordinates":[-73.7703793,41.825344]},"properties":{"name":"Tesla Supercharger","network":"Tesla Supercharger","brand":"Tesla Supercharger","operator":"Tesla, Inc.","stalls":8,"kw_per_stall":null,"mw_capacity":null,"status":"unknown","access":"","fee":"","sockets":"","voltage":"","address":"","city":"","state":"","source":"OpenStreetMap (charge-finder mirror)","osm_id":"node/6693611391","website":""}},{"type":"Feature","geometry":{"type":"Point","coordinates":[-77.1081186,42.170767]},"properties":{"name":"Tesla Supercharger","network":"Tesla Supercharger","brand":"Tesla Supercharger","operator":"Tesla, Inc.","stalls":10,"kw_per_stall":null,"mw_capacity":null,"status":"unknown","access":"","fee":"","sockets":"","voltage":"","address":"","city":"","state":"","source":"OpenStreetMap (charge-finder mirror)","osm_id":"node/6693623109","website":""}},{"type":"Feature","geometry":{"type":"Point","coordinates":[-73.778811,40.9115888]},"properties":{"name":"Tesla Supercharger","network":"Tesla Supercharger","brand":"Tesla Supercharger","operator":"Tesla, Inc.","stalls":8,"kw_per_stall":null,"mw_capacity":null,"status":"unknown","access":"","fee":"","sockets":"","voltage":"","address":"","city":"","state":"","source":"OpenStreetMap (charge-finder mirror)","osm_id":"node/6693643949","website":""}},{"type":"Feature","geometry":{"type":"Point","coordinates":[-73.1801137,40.8048253]},"properties":{"name":"Tesla Supercharger","network":"Tesla Supercharger","brand":"Tesla Supercharger","operator":"Tesla Motors","stalls":10,"kw_per_stall":null,"mw_capacity":null,"status":"unknown","access":"","fee":"","sockets":"","voltage":"","address":"","city":"","state":"","source":"OpenStreetMap (charge-finder mirror)","osm_id":"node/6693644085","website":""}},{"type":"Feature","geometry":{"type":"Point","coordinates":[-73.792856,40.6617853]},"properties":{"name":"Tesla Supercharger","network":"Tesla Supercharger","brand":"Tesla Supercharger","operator":"Tesla, Inc.","stalls":4,"kw_per_stall":null,"mw_capacity":null,"status":"unknown","access":"","fee":"","sockets":"","voltage":"","address":"","city":"","state":"","source":"OpenStreetMap (charge-finder mirror)","osm_id":"node/6693646187","website":""}},{"type":"Feature","geometry":{"type":"Point","coordinates":[-74.0273998,41.941893]},"properties":{"name":"Tesla Supercharger","network":"Tesla Supercharger","brand":"Tesla Supercharger","operator":"Tesla, Inc.","stalls":8,"kw_per_stall":null,"mw_capacity":null,"status":"unknown","access":"","fee":"","sockets":"","voltage":"","address":"","city":"","state":"","source":"OpenStreetMap (charge-finder mirror)","osm_id":"node/6693653729","website":""}},{"type":"Feature","geometry":{"type":"Point","coordinates":[-73.9717462,40.7533969]},"properties":{"name":"Tesla Supercharger","network":"Tesla Supercharger","brand":"Tesla Supercharger","operator":"Tesla, Inc.","stalls":4,"kw_per_stall":null,"mw_capacity":null,"status":"unknown","access":"","fee":"","sockets":"","voltage":"","address":"","city":"","state":"","source":"OpenStreetMap (charge-finder mirror)","osm_id":"node/6695702471","website":""}},{"type":"Feature","geometry":{"type":"Point","coordinates":[-73.9918243,40.7171296]},"properties":{"name":"Tesla Supercharger","network":"Tesla Supercharger","brand":"Tesla Supercharger","operator":"Tesla, Inc.","stalls":4,"kw_per_stall":null,"mw_capacity":null,"status":"unknown","access":"","fee":"","sockets":"","voltage":"","address":"","city":"","state":"","source":"OpenStreetMap (charge-finder mirror)","osm_id":"node/6695729257","website":""}},{"type":"Feature","geometry":{"type":"Point","coordinates":[-73.9803851,40.7807979]},"properties":{"name":"Tesla Supercharger","network":"Tesla Supercharger","brand":"Tesla Supercharger","operator":"Tesla, Inc.","stalls":null,"kw_per_stall":null,"mw_capacity":null,"status":"unknown","access":"","fee":"","sockets":"","voltage":"","address":"","city":"","state":"","source":"OpenStreetMap (charge-finder mirror)","osm_id":"node/6695745785","website":""}},{"type":"Feature","geometry":{"type":"Point","coordinates":[-74.0713228,41.4996128]},"properties":{"name":"Tesla Supercharger","network":"Tesla Supercharger","brand":"Tesla Supercharger","operator":"Tesla Motors","stalls":6,"kw_per_stall":null,"mw_capacity":null,"status":"unknown","access":"","fee":"","sockets":"","voltage":"","address":"","city":"","state":"","source":"OpenStreetMap (charge-finder mirror)","osm_id":"node/6695745786","website":""}},{"type":"Feature","geometry":{"type":"Point","coordinates":[-73.8612705,41.1440487]},"properties":{"name":"Tesla Supercharger","network":"Tesla Supercharger","brand":"Tesla Supercharger","operator":"Tesla Motors","stalls":12,"kw_per_stall":null,"mw_capacity":null,"status":"unknown","access":"","fee":"","sockets":"","voltage":"","address":"","city":"","state":"","source":"OpenStreetMap (charge-finder mirror)","osm_id":"node/6695763357","website":""}},{"type":"Feature","geometry":{"type":"Point","coordinates":[-73.4918461,44.7045643]},"properties":{"name":"Tesla Supercharger","network":"Tesla Supercharger","brand":"Tesla Supercharger","operator":"Tesla, Inc.","stalls":8,"kw_per_stall":null,"mw_capacity":null,"status":"unknown","access":"","fee":"","sockets":"","voltage":"","address":"","city":"","state":"","source":"OpenStreetMap (charge-finder mirror)","osm_id":"node/6695789711","website":""}},{"type":"Feature","geometry":{"type":"Point","coordinates":[-73.4501525,40.7800455]},"properties":{"name":"Tesla Supercharger","network":"Tesla Supercharger","brand":"Tesla Supercharger","operator":"Tesla Motors","stalls":6,"kw_per_stall":null,"mw_capacity":null,"status":"unknown","access":"","fee":"","sockets":"","voltage":"","address":"","city":"","state":"","source":"OpenStreetMap (charge-finder mirror)","osm_id":"node/6695800446","website":""}},{"type":"Feature","geometry":{"type":"Point","coordinates":[-75.4696055,39.7946477]},"properties":{"name":"Tesla Supercharger","network":"Tesla Supercharger","brand":"Tesla Supercharger","operator":"Tesla, Inc.","stalls":8,"kw_per_stall":null,"mw_capacity":null,"status":"unknown","access":"yes","fee":"","sockets":"","voltage":"","address":"","city":"","state":"","source":"OpenStreetMap (charge-finder mirror)","osm_id":"node/6695821131","website":""}},{"type":"Feature","geometry":{"type":"Point","coordinates":[-77.0924039,38.8872257]},"properties":{"name":"Tesla Supercharger","network":"Tesla Supercharger","brand":"Tesla Supercharger","operator":"Tesla, Inc.","stalls":18,"kw_per_stall":null,"mw_capacity":null,"status":"unknown","access":"","fee":"","sockets":"","voltage":"","address":"","city":"","state":"","source":"OpenStreetMap (charge-finder mirror)","osm_id":"node/6695858046","website":""}},{"type":"Feature","geometry":{"type":"Point","coordinates":[-77.1775236,38.7743974]},"properties":{"name":"Tesla Supercharger","network":"Tesla Supercharger","brand":"Tesla Supercharger","operator":"Tesla, Inc.","stalls":18,"kw_per_stall":null,"mw_capacity":null,"status":"unknown","access":"","fee":"no","sockets":"","voltage":"","address":"","city":"","state":"","source":"OpenStreetMap (charge-finder mirror)","osm_id":"node/6695902140","website":""}},{"type":"Feature","geometry":{"type":"Point","coordinates":[-73.679991,43.3284064]},"properties":{"name":"Tesla Supercharger","network":"Tesla Supercharger","brand":"Tesla Supercharger","operator":"Tesla, Inc.","stalls":8,"kw_per_stall":null,"mw_capacity":null,"status":"unknown","access":"","fee":"","sockets":"","voltage":"","address":"","city":"","state":"","source":"OpenStreetMap (charge-finder mirror)","osm_id":"node/6695931774","website":""}},{"type":"Feature","geometry":{"type":"Point","coordinates":[-73.870492,40.7351107]},"properties":{"name":"Tesla Supercharger","network":"Tesla Supercharger","brand":"Tesla Supercharger","operator":"Tesla, Inc.","stalls":10,"kw_per_stall":null,"mw_capacity":null,"status":"unknown","access":"","fee":"","sockets":"","voltage":"","address":"","city":"","state":"","source":"OpenStreetMap (charge-finder mirror)","osm_id":"node/6695934519","website":""}},{"type":"Feature","geometry":{"type":"Point","coordinates":[-74.9087721,41.9305187]},"properties":{"name":"Tesla Supercharger","network":"Tesla Supercharger","brand":"Tesla Supercharger","operator":"Tesla Motors","stalls":8,"kw_per_stall":null,"mw_capacity":null,"status":"unknown","access":"","fee":"","sockets":"","voltage":"","address":"","city":"","state":"","source":"OpenStreetMap (charge-finder mirror)","osm_id":"node/6695970706","website":""}},{"type":"Feature","geometry":{"type":"Point","coordinates":[-78.7478459,42.1533543]},"properties":{"name":"Tesla Supercharger","network":"Tesla Supercharger","brand":"Tesla Supercharger","operator":"Tesla Motors","stalls":8,"kw_per_stall":null,"mw_capacity":null,"status":"unknown","access":"","fee":"","sockets":"","voltage":"","address":"","city":"","state":"","source":"OpenStreetMap (charge-finder mirror)","osm_id":"node/6696007477","website":""}},{"type":"Feature","geometry":{"type":"Point","coordinates":[-75.2068116,43.113889]},"properties":{"name":"Tesla Supercharger","network":"Tesla Supercharger","brand":"Tesla Supercharger","operator":"Tesla Motors","stalls":8,"kw_per_stall":null,"mw_capacity":null,"status":"unknown","access":"","fee":"","sockets":"","voltage":"","address":"","city":"","state":"","source":"OpenStreetMap (charge-finder mirror)","osm_id":"node/6703828915","website":""}},{"type":"Feature","geometry":{"type":"Point","coordinates":[-77.4402196,43.0286066]},"properties":{"name":"Tesla Supercharger","network":"Tesla Supercharger","brand":"Tesla Supercharger","operator":"Tesla, Inc.","stalls":8,"kw_per_stall":null,"mw_capacity":null,"status":"unknown","access":"","fee":"","sockets":"","voltage":"","address":"","city":"","state":"","source":"OpenStreetMap (charge-finder mirror)","osm_id":"node/6704064765","website":""}},{"type":"Feature","geometry":{"type":"Point","coordinates":[-76.8462395,42.9691999]},"properties":{"name":"Tesla Supercharger","network":"Tesla Supercharger","brand":"Tesla Supercharger","operator":"Tesla Motors","stalls":8,"kw_per_stall":null,"mw_capacity":null,"status":"unknown","access":"","fee":"","sockets":"","voltage":"","address":"","city":"","state":"","source":"OpenStreetMap (charge-finder mirror)","osm_id":"node/6704207373","website":""}},{"type":"Feature","geometry":{"type":"Point","coordinates":[-75.9540917,43.9795839]},"properties":{"name":"Tesla Supercharger","network":"Tesla Supercharger","brand":"Tesla Supercharger","operator":"Tesla, Inc.","stalls":8,"kw_per_stall":null,"mw_capacity":null,"status":"unknown","access":"","fee":"","sockets":"","voltage":"","address":"","city":"","state":"","source":"OpenStreetMap (charge-finder mirror)","osm_id":"node/6704276491","website":""}},{"type":"Feature","geometry":{"type":"Point","coordinates":[-73.8550381,40.9634236]},"properties":{"name":"Tesla Supercharger","network":"Tesla Supercharger","brand":"Tesla Supercharger","operator":"Tesla Motors","stalls":18,"kw_per_stall":null,"mw_capacity":null,"status":"unknown","access":"","fee":"","sockets":"","voltage":"","address":"","city":"","state":"","source":"OpenStreetMap (charge-finder mirror)","osm_id":"node/6704288862","website":""}},{"type":"Feature","geometry":{"type":"Point","coordinates":[-73.8324717,41.2905334]},"properties":{"name":"Tesla Supercharger","network":"Tesla Supercharger","brand":"Tesla Supercharger","operator":"Tesla Motors","stalls":12,"kw_per_stall":null,"mw_capacity":null,"status":"unknown","access":"","fee":"","sockets":"","voltage":"","address":"","city":"","state":"","source":"OpenStreetMap (charge-finder mirror)","osm_id":"node/6704303712","website":""}},{"type":"Feature","geometry":{"type":"Point","coordinates":[-82.6044831,35.5313841]},"properties":{"name":"Tesla Supercharger","network":"Tesla Supercharger","brand":"Tesla Supercharger","operator":"Tesla, Inc.","stalls":8,"kw_per_stall":null,"mw_capacity":null,"status":"unknown","access":"","fee":"","sockets":"","voltage":"","address":"","city":"","state":"","source":"OpenStreetMap (charge-finder mirror)","osm_id":"node/6708450338","website":""}},{"type":"Feature","geometry":{"type":"Point","coordinates":[-78.822445,35.0095034]},"properties":{"name":"Tesla Supercharger","network":"Tesla Supercharger","brand":"Tesla Supercharger","operator":"Tesla, Inc.","stalls":16,"kw_per_stall":null,"mw_capacity":null,"status":"unknown","access":"","fee":"","sockets":"","voltage":"","address":"","city":"","state":"","source":"OpenStreetMap (charge-finder mirror)","osm_id":"node/6708916941","website":""}},{"type":"Feature","geometry":{"type":"Point","coordinates":[-122.730346,38.4595119]},"properties":{"name":"Tesla Supercharger","network":"Tesla Supercharger","brand":"Tesla Supercharger","operator":"Tesla, Inc.","stalls":18,"kw_per_stall":null,"mw_capacity":null,"status":"unknown","access":"yes","fee":"","sockets":"","voltage":"","address":"","city":"","state":"","source":"OpenStreetMap (charge-finder mirror)","osm_id":"node/6708960208","website":""}},{"type":"Feature","geometry":{"type":"Point","coordinates":[-79.9083523,36.0594568]},"properties":{"name":"Tesla Supercharger","network":"Tesla Supercharger","brand":"Tesla Supercharger","operator":"Tesla, Inc.","stalls":8,"kw_per_stall":null,"mw_capacity":null,"status":"unknown","access":"","fee":"","sockets":"","voltage":"","address":"","city":"","state":"","source":"OpenStreetMap (charge-finder mirror)","osm_id":"node/6711017238","website":""}},{"type":"Feature","geometry":{"type":"Point","coordinates":[-75.6509662,35.9933649]},"properties":{"name":"Tesla Supercharger","network":"Tesla Supercharger","brand":"Tesla Supercharger","operator":"Tesla, Inc.","stalls":8,"kw_per_stall":null,"mw_capacity":null,"status":"unknown","access":"","fee":"","sockets":"","voltage":"","address":"","city":"","state":"","source":"OpenStreetMap (charge-finder mirror)","osm_id":"node/6711080188","website":""}},{"type":"Feature","geometry":{"type":"Point","coordinates":[-81.2948103,35.7069377]},"properties":{"name":"Tesla Supercharger","network":"Tesla Supercharger","brand":"Tesla Supercharger","operator":"Tesla Motors","stalls":8,"kw_per_stall":null,"mw_capacity":null,"status":"unknown","access":"","fee":"","sockets":"","voltage":"","address":"","city":"","state":"","source":"OpenStreetMap (charge-finder mirror)","osm_id":"node/6711096806","website":""}},{"type":"Feature","geometry":{"type":"Point","coordinates":[-79.0023188,34.6676096]},"properties":{"name":"Tesla Supercharger","network":"Tesla Supercharger","brand":"Tesla Supercharger","operator":"Tesla, Inc.","stalls":4,"kw_per_stall":null,"mw_capacity":null,"status":"unknown","access":"","fee":"","sockets":"","voltage":"","address":"","city":"","state":"","source":"OpenStreetMap (charge-finder mirror)","osm_id":"node/6711103653","website":""}},{"type":"Feature","geometry":{"type":"Point","coordinates":[-80.6366603,36.4588503]},"properties":{"name":"Tesla Supercharger","network":"Tesla Supercharger","brand":"Tesla Supercharger","operator":"Tesla, Inc.","stalls":8,"kw_per_stall":null,"mw_capacity":null,"status":"unknown","access":"","fee":"","sockets":"","voltage":"","address":"","city":"","state":"","source":"OpenStreetMap (charge-finder mirror)","osm_id":"node/6711126920","website":""}},{"type":"Feature","geometry":{"type":"Point","coordinates":[-77.9478371,34.7563013]},"properties":{"name":"Tesla Supercharger","network":"Tesla Supercharger","brand":"Tesla Supercharger","operator":"Tesla, Inc.","stalls":8,"kw_per_stall":null,"mw_capacity":null,"status":"unknown","access":"","fee":"","sockets":"","voltage":"","address":"","city":"","state":"","source":"OpenStreetMap (charge-finder mirror)","osm_id":"node/6711176069","website":""}},{"type":"Feature","geometry":{"type":"Point","coordinates":[-77.8291355,34.2413915]},"properties":{"name":"Tesla Supercharger","network":"Tesla Supercharger","brand":"Tesla Supercharger","operator":"Tesla, Inc.","stalls":10,"kw_per_stall":null,"mw_capacity":null,"status":"unknown","access":"","fee":"","sockets":"","voltage":"","address":"","city":"","state":"","source":"OpenStreetMap (charge-finder mirror)","osm_id":"node/6711192375","website":""}},{"type":"Feature","geometry":{"type":"Point","coordinates":[-122.24576,37.5027711]},"properties":{"name":"Tesla Supercharger","network":"Tesla Supercharger","brand":"Tesla Supercharger","operator":"Tesla, Inc.","stalls":19,"kw_per_stall":null,"mw_capacity":null,"status":"unknown","access":"","fee":"yes","sockets":"","voltage":"","address":"","city":"","state":"","source":"OpenStreetMap (charge-finder mirror)","osm_id":"node/6713456376","website":""}},{"type":"Feature","geometry":{"type":"Point","coordinates":[-81.5751046,40.0035626]},"properties":{"name":"Tesla Supercharger","network":"Tesla Supercharger","brand":"Tesla Supercharger","operator":"Tesla, Inc.","stalls":8,"kw_per_stall":null,"mw_capacity":null,"status":"unknown","access":"","fee":"","sockets":"","voltage":"","address":"","city":"","state":"","source":"OpenStreetMap (charge-finder mirror)","osm_id":"node/6720133474","website":""}},{"type":"Feature","geometry":{"type":"Point","coordinates":[-83.0006656,39.97438]},"properties":{"name":"Tesla Supercharger","network":"Tesla Supercharger","brand":"Tesla Supercharger","operator":"Tesla, Inc.","stalls":10,"kw_per_stall":null,"mw_capacity":null,"status":"unknown","access":"","fee":"","sockets":"","voltage":"","address":"","city":"","state":"","source":"OpenStreetMap (charge-finder mirror)","osm_id":"node/6722002336","website":""}},{"type":"Feature","geometry":{"type":"Point","coordinates":[-84.4265261,39.1626096]},"properties":{"name":"Tesla Supercharger","network":"Tesla Supercharger","brand":"Tesla Supercharger","operator":"Tesla Motors","stalls":10,"kw_per_stall":150.0,"mw_capacity":1.5,"status":"unknown","access":"","fee":"","sockets":"","voltage":"","address":"","city":"","state":"","source":"OpenStreetMap (charge-finder mirror)","osm_id":"node/6722014222","website":""}},{"type":"Feature","geometry":{"type":"Point","coordinates":[-83.0634314,39.8771171]},"properties":{"name":"Tesla Supercharger","network":"Tesla Supercharger","brand":"Tesla Supercharger","operator":"Tesla Motors","stalls":8,"kw_per_stall":null,"mw_capacity":null,"status":"unknown","access":"","fee":"","sockets":"","voltage":"","address":"","city":"","state":"","source":"OpenStreetMap (charge-finder mirror)","osm_id":"node/6727517723","website":""}},{"type":"Feature","geometry":{"type":"Point","coordinates":[-83.0922779,40.0931985]},"properties":{"name":"Tesla Supercharger","network":"Tesla Supercharger","brand":"Tesla Supercharger","operator":"Tesla Motors","stalls":10,"kw_per_stall":null,"mw_capacity":null,"status":"unknown","access":"","fee":"","sockets":"","voltage":"","address":"","city":"","state":"","source":"OpenStreetMap (charge-finder mirror)","osm_id":"node/6727526993","website":""}},{"type":"Feature","geometry":{"type":"Point","coordinates":[-95.4473656,30.1769853]},"properties":{"name":"Tesla Supercharger","network":"Tesla Supercharger","brand":"Tesla Supercharger","operator":"Tesla, Inc.","stalls":null,"kw_per_stall":null,"mw_capacity":null,"status":"unknown","access":"customers","fee":"","sockets":"","voltage":"","address":"","city":"","state":"","source":"OpenStreetMap (charge-finder mirror)","osm_id":"node/6747298353","website":""}},{"type":"Feature","geometry":{"type":"Point","coordinates":[-82.9889783,40.1410309]},"properties":{"name":"Tesla Supercharger","network":"Tesla Supercharger","brand":"Tesla Supercharger","operator":"Tesla, Inc.","stalls":10,"kw_per_stall":null,"mw_capacity":null,"status":"unknown","access":"","fee":"","sockets":"","voltage":"","address":"","city":"","state":"","source":"OpenStreetMap (charge-finder mirror)","osm_id":"node/6754035459","website":""}},{"type":"Feature","geometry":{"type":"Point","coordinates":[-82.6629175,41.4101545]},"properties":{"name":"Tesla Supercharger","network":"Tesla Supercharger","brand":"Tesla Supercharger","operator":"Tesla, Inc.","stalls":8,"kw_per_stall":null,"mw_capacity":null,"status":"unknown","access":"","fee":"","sockets":"","voltage":"","address":"","city":"","state":"","source":"OpenStreetMap (charge-finder mirror)","osm_id":"node/6754061053","website":""}},{"type":"Feature","geometry":{"type":"Point","coordinates":[-81.8249407,41.3433101]},"properties":{"name":"Tesla Supercharger","network":"Tesla Supercharger","brand":"Tesla Supercharger","operator":"Tesla, Inc.","stalls":8,"kw_per_stall":null,"mw_capacity":null,"status":"unknown","access":"","fee":"","sockets":"","voltage":"","address":"","city":"","state":"","source":"OpenStreetMap (charge-finder mirror)","osm_id":"node/6754093349","website":""}},{"type":"Feature","geometry":{"type":"Point","coordinates":[-80.4324233,43.4290136]},"properties":{"name":"Sun Country Highway;Tesla","network":"Tesla","brand":"Sun Country Highway;Tesla","operator":"Charcoal Steakhouse","stalls":null,"kw_per_stall":7.68,"mw_capacity":null,"status":"24/7","access":"permissive","fee":"no","sockets":"1","voltage":"240","address":"","city":"","state":"","source":"OpenStreetMap (charge-finder mirror)","osm_id":"node/6754437381","website":""}},{"type":"Feature","geometry":{"type":"Point","coordinates":[-80.4331957,43.4294029]},"properties":{"name":"EnviroSpark;Tesla","network":"Tesla","brand":"EnviroSpark;Tesla","operator":"Radisson","stalls":null,"kw_per_stall":7.68,"mw_capacity":null,"status":"24/7","access":"permissive","fee":"no","sockets":"1","voltage":"240","address":"","city":"","state":"","source":"OpenStreetMap (charge-finder mirror)","osm_id":"node/6754437382","website":""}},{"type":"Feature","geometry":{"type":"Point","coordinates":[-80.5274323,43.4866179]},"properties":{"name":"Sun Country Highway;Tesla","network":"Tesla","brand":"Sun Country Highway;Tesla","operator":"","stalls":null,"kw_per_stall":7.68,"mw_capacity":null,"status":"24/7","access":"permissive","fee":"no","sockets":"1","voltage":"240","address":"","city":"","state":"","source":"OpenStreetMap (charge-finder mirror)","osm_id":"node/6762933367","website":""}},{"type":"Feature","geometry":{"type":"Point","coordinates":[-81.6976897,43.7523823]},"properties":{"name":"Sun Country Highway;Tesla","network":"Tesla","brand":"Sun Country Highway;Tesla","operator":"Samuels","stalls":null,"kw_per_stall":null,"mw_capacity":null,"status":"24/7","access":"permissive","fee":"no","sockets":"1","voltage":"240","address":"","city":"","state":"","source":"OpenStreetMap (charge-finder mirror)","osm_id":"node/6770798058","website":""}},{"type":"Feature","geometry":{"type":"Point","coordinates":[-104.9627374,42.0721097]},"properties":{"name":"Tesla Supercharger","network":"Tesla Supercharger","brand":"Tesla Supercharger","operator":"Tesla Motors","stalls":8,"kw_per_stall":null,"mw_capacity":null,"status":"unknown","access":"","fee":"","sockets":"","voltage":"","address":"","city":"","state":"","source":"OpenStreetMap (charge-finder mirror)","osm_id":"node/6789283648","website":""}},{"type":"Feature","geometry":{"type":"Point","coordinates":[-109.2622381,41.5807873]},"properties":{"name":"Tesla Supercharger","network":"Tesla Supercharger","brand":"Tesla Supercharger","operator":"Tesla, Inc.","stalls":8,"kw_per_stall":null,"mw_capacity":null,"status":"unknown","access":"","fee":"","sockets":"","voltage":"","address":"","city":"","state":"","source":"OpenStreetMap (charge-finder mirror)","osm_id":"node/6789320470","website":""}},{"type":"Feature","geometry":{"type":"Point","coordinates":[-105.618154,41.3251306]},"properties":{"name":"Tesla Supercharger","network":"Tesla Supercharger","brand":"Tesla Supercharger","operator":"Tesla, Inc.","stalls":8,"kw_per_stall":null,"mw_capacity":null,"status":"unknown","access":"","fee":"","sockets":"8","voltage":"","address":"","city":"","state":"","source":"OpenStreetMap (charge-finder mirror)","osm_id":"node/6789326407","website":""}},{"type":"Feature","geometry":{"type":"Point","coordinates":[-107.210213,41.7908028]},"properties":{"name":"Tesla Supercharger","network":"Tesla Supercharger","brand":"Tesla Supercharger","operator":"Tesla, Inc.","stalls":8,"kw_per_stall":null,"mw_capacity":null,"status":"unknown","access":"","fee":"yes","sockets":"8","voltage":"","address":"","city":"","state":"","source":"OpenStreetMap (charge-finder mirror)","osm_id":"node/6789337819","website":""}},{"type":"Feature","geometry":{"type":"Point","coordinates":[-110.794963,43.4638908]},"properties":{"name":"Tesla Supercharger","network":"Tesla Supercharger","brand":"Tesla Supercharger","operator":"Tesla, Inc.","stalls":8,"kw_per_stall":null,"mw_capacity":null,"status":"unknown","access":"","fee":"","sockets":"","voltage":"","address":"","city":"","state":"","source":"OpenStreetMap (charge-finder mirror)","osm_id":"node/6789405704","website":""}},{"type":"Feature","geometry":{"type":"Point","coordinates":[-105.526374,44.292972]},"properties":{"name":"Tesla Supercharger","network":"Tesla Supercharger","brand":"Tesla Supercharger","operator":"Tesla, Inc.","stalls":4,"kw_per_stall":null,"mw_capacity":null,"status":"unknown","access":"","fee":"","sockets":"","voltage":"","address":"","city":"","state":"","source":"OpenStreetMap (charge-finder mirror)","osm_id":"node/6789409911","website":""}},{"type":"Feature","geometry":{"type":"Point","coordinates":[-110.98551,41.2629884]},"properties":{"name":"Tesla Supercharger","network":"Tesla Supercharger","brand":"Tesla Supercharger","operator":"Tesla, Inc.","stalls":8,"kw_per_stall":null,"mw_capacity":null,"status":"unknown","access":"","fee":"","sockets":"","voltage":"","address":"","city":"","state":"","source":"OpenStreetMap (charge-finder mirror)","osm_id":"node/6789434143","website":""}},{"type":"Feature","geometry":{"type":"Point","coordinates":[-121.653861,36.7156755]},"properties":{"name":"Tesla Supercharger","network":"Tesla Supercharger","brand":"Tesla Supercharger","operator":"Tesla, Inc.","stalls":14,"kw_per_stall":null,"mw_capacity":null,"status":"unknown","access":"","fee":"","sockets":"","voltage":"","address":"","city":"","state":"","source":"OpenStreetMap (charge-finder mirror)","osm_id":"node/6791096912","website":""}},{"type":"Feature","geometry":{"type":"Point","coordinates":[-72.5194037,45.8990166]},"properties":{"name":"Tesla Supercharger","network":"Tesla Supercharger","brand":"Tesla Supercharger","operator":"","stalls":8,"kw_per_stall":null,"mw_capacity":null,"status":"unknown","access":"","fee":"","sockets":"","voltage":"","address":"","city":"","state":"","source":"OpenStreetMap (charge-finder mirror)","osm_id":"node/6793490466","website":""}},{"type":"Feature","geometry":{"type":"Point","coordinates":[-89.6620003,44.9312538]},"properties":{"name":"Tesla Supercharger","network":"Tesla Supercharger","brand":"Tesla Supercharger","operator":"Tesla, Inc.","stalls":8,"kw_per_stall":null,"mw_capacity":null,"status":"unknown","access":"","fee":"","sockets":"","voltage":"","address":"","city":"","state":"","source":"OpenStreetMap (charge-finder mirror)","osm_id":"node/6802854312","website":""}},{"type":"Feature","geometry":{"type":"Point","coordinates":[-111.965578,41.3055648]},"properties":{"name":"Tesla","network":"Tesla","brand":"Tesla","operator":"","stalls":2,"kw_per_stall":null,"mw_capacity":null,"status":"unknown","access":"","fee":"","sockets":"","voltage":"","address":"","city":"","state":"","source":"OpenStreetMap (charge-finder mirror)","osm_id":"node/6814415624","website":""}},{"type":"Feature","geometry":{"type":"Point","coordinates":[-109.552328,38.5731581]},"properties":{"name":"Tesla Supercharger","network":"Tesla Supercharger","brand":"Tesla Supercharger","operator":"Tesla, Inc.","stalls":4,"kw_per_stall":null,"mw_capacity":null,"status":"unknown","access":"","fee":"","sockets":"","voltage":"","address":"","city":"","state":"","source":"OpenStreetMap (charge-finder mirror)","osm_id":"node/6820785521","website":""}},{"type":"Feature","geometry":{"type":"Point","coordinates":[-73.1793203,44.4628264]},"properties":{"name":"Tesla Supercharger","network":"Tesla Supercharger","brand":"Tesla Supercharger","operator":"Tesla, Inc.","stalls":10,"kw_per_stall":null,"mw_capacity":null,"status":"unknown","access":"yes","fee":"","sockets":"","voltage":"","address":"","city":"","state":"","source":"OpenStreetMap (charge-finder mirror)","osm_id":"node/6859186496","website":""}},{"type":"Feature","geometry":{"type":"Point","coordinates":[-87.2768972,41.0121301]},"properties":{"name":"Tesla Charging Station","network":"Tesla","brand":"Tesla, Inc.","operator":"","stalls":null,"kw_per_stall":null,"mw_capacity":null,"status":"unknown","access":"","fee":"","sockets":"","voltage":"","address":"","city":"","state":"","source":"OpenStreetMap (charge-finder mirror)","osm_id":"node/6878835867","website":""}},{"type":"Feature","geometry":{"type":"Point","coordinates":[-120.676144,35.2651616]},"properties":{"name":"Tesla Supercharger","network":"Tesla Supercharger","brand":"Tesla Supercharger","operator":"Tesla, Inc.","stalls":null,"kw_per_stall":null,"mw_capacity":null,"status":"unknown","access":"customers","fee":"yes","sockets":"","voltage":"","address":"","city":"","state":"","source":"OpenStreetMap (charge-finder mirror)","osm_id":"node/6901624663","website":""}},{"type":"Feature","geometry":{"type":"Point","coordinates":[-75.0817415,45.3045026]},"properties":{"name":"Tesla Supercharger","network":"Tesla Supercharger","brand":"Tesla Supercharger","operator":"Tesla, Inc.","stalls":12,"kw_per_stall":null,"mw_capacity":null,"status":"unknown","access":"","fee":"","sockets":"","voltage":"","address":"","city":"","state":"","source":"OpenStreetMap (charge-finder mirror)","osm_id":"node/6903129170","website":""}},{"type":"Feature","geometry":{"type":"Point","coordinates":[-97.1004247,29.6980079]},"properties":{"name":"Tesla Supercharger","network":"Tesla Supercharger","brand":"Tesla Supercharger","operator":"Tesla","stalls":null,"kw_per_stall":150.0,"mw_capacity":null,"status":"unknown","access":"","fee":"","sockets":"","voltage":"","address":"","city":"","state":"","source":"OpenStreetMap (charge-finder mirror)","osm_id":"node/6938086287","website":""}},{"type":"Feature","geometry":{"type":"Point","coordinates":[-122.881315,45.1530883]},"properties":{"name":"Tesla Supercharger","network":"Tesla Supercharger","brand":"Tesla Supercharger","operator":"Tesla, Inc.","stalls":12,"kw_per_stall":null,"mw_capacity":null,"status":"unknown","access":"","fee":"","sockets":"","voltage":"","address":"","city":"","state":"","source":"OpenStreetMap (charge-finder mirror)","osm_id":"node/6948566519","website":""}},{"type":"Feature","geometry":{"type":"Point","coordinates":[-85.8624185,42.8436864]},"properties":{"name":"Tesla Supercharger","network":"Tesla Supercharger","brand":"Tesla Supercharger","operator":"Tesla, Inc.","stalls":10,"kw_per_stall":150.0,"mw_capacity":1.5,"status":"24/7","access":"customers","fee":"yes","sockets":"10","voltage":"","address":"4075, 32nd Avenue","city":"","state":"","source":"OpenStreetMap (charge-finder mirror)","osm_id":"node/6949309267","website":"https://www.tesla.com/findus/location/supercharger/hudsonvillesupercharger"}},{"type":"Feature","geometry":{"type":"Point","coordinates":[-117.152548,33.5241559]},"properties":{"name":"Temecula Supercharger","network":"Tesla Supercharger","brand":"Tesla, Inc.","operator":"Tesla, Inc.","stalls":10,"kw_per_stall":150.0,"mw_capacity":1.5,"status":"24/7","access":"customers","fee":"yes","sockets":"10","voltage":"","address":"40820, Winchester Road, Temecula","city":"Temecula","state":"","source":"OpenStreetMap (charge-finder mirror)","osm_id":"node/6952599027","website":"https://www.tesla.com/findus/location/supercharger/temeculasupercharger"}},{"type":"Feature","geometry":{"type":"Point","coordinates":[-117.349391,33.6986965]},"properties":{"name":"Lake Elsinore Supercharger","network":"Tesla Supercharger","brand":"Tesla Supercharger","operator":"","stalls":21,"kw_per_stall":150.0,"mw_capacity":3.15,"status":"24/7","access":"customers","fee":"yes","sockets":"21","voltage":"","address":"17600, Collier Avenue, Lake Elsinore","city":"Lake Elsinore","state":"","source":"OpenStreetMap (charge-finder mirror)","osm_id":"node/6952728719","website":"https://www.tesla.com/findus/location/supercharger/lakeelsinorecasupercharger"}},{"type":"Feature","geometry":{"type":"Point","coordinates":[-122.248515,47.2979636]},"properties":{"name":"Tesla Supercharger","network":"Tesla Supercharger","brand":"Tesla Supercharger","operator":"Tesla, Inc.","stalls":12,"kw_per_stall":null,"mw_capacity":null,"status":"unknown","access":"yes","fee":"","sockets":"","voltage":"","address":"","city":"","state":"","source":"OpenStreetMap (charge-finder mirror)","osm_id":"node/6956759705","website":""}},{"type":"Feature","geometry":{"type":"Point","coordinates":[-95.0639232,29.8960451]},"properties":{"name":"Tesla Supercharger","network":"Tesla Supercharger","brand":"Tesla Supercharger","operator":"Tesla","stalls":null,"kw_per_stall":null,"mw_capacity":null,"status":"unknown","access":"yes","fee":"yes","sockets":"","voltage":"","address":"","city":"","state":"","source":"OpenStreetMap (charge-finder mirror)","osm_id":"node/6958316787","website":""}},{"type":"Feature","geometry":{"type":"Point","coordinates":[-95.1583229,29.9997437]},"properties":{"name":"Best Western","network":"Tesla","brand":"Tesla, Inc.","operator":"Tesla","stalls":40,"kw_per_stall":null,"mw_capacity":null,"status":"unknown","access":"customers","fee":"","sockets":"","voltage":"","address":"","city":"","state":"","source":"OpenStreetMap (charge-finder mirror)","osm_id":"node/6958325483","website":""}},{"type":"Feature","geometry":{"type":"Point","coordinates":[-119.3102286,47.1035223]},"properties":{"name":"Tesla Supercharger","network":"Tesla Supercharger","brand":"Tesla Supercharger","operator":"Tesla","stalls":8,"kw_per_stall":150.0,"mw_capacity":1.2,"status":"unknown","access":"","fee":"","sockets":"","voltage":"","address":"","city":"","state":"","source":"OpenStreetMap (charge-finder mirror)","osm_id":"node/6960580734","website":""}},{"type":"Feature","geometry":{"type":"Point","coordinates":[-91.4370588,44.7708477]},"properties":{"name":"Tesla Supercharger","network":"Tesla Supercharger","brand":"Tesla Supercharger","operator":"Tesla, Inc.","stalls":6,"kw_per_stall":null,"mw_capacity":null,"status":"unknown","access":"","fee":"","sockets":"","voltage":"","address":"","city":"","state":"","source":"OpenStreetMap (charge-finder mirror)","osm_id":"node/6960989967","website":""}},{"type":"Feature","geometry":{"type":"Point","coordinates":[-89.3068898,43.1266211]},"properties":{"name":"Tesla Supercharger","network":"Tesla Supercharger","brand":"Tesla Supercharger","operator":"Tesla, Inc.","stalls":3,"kw_per_stall":null,"mw_capacity":null,"status":"unknown","access":"","fee":"","sockets":"","voltage":"","address":"","city":"","state":"","source":"OpenStreetMap (charge-finder mirror)","osm_id":"node/6961062919","website":""}},{"type":"Feature","geometry":{"type":"Point","coordinates":[-117.934058,33.7026174]},"properties":{"name":"Tesla Supercharger","network":"Tesla Supercharger","brand":"Tesla Supercharger","operator":"Tesla, Inc.","stalls":1,"kw_per_stall":null,"mw_capacity":null,"status":"unknown","access":"yes","fee":"yes","sockets":"","voltage":"","address":"","city":"","state":"","source":"OpenStreetMap (charge-finder mirror)","osm_id":"node/6961374142","website":""}},{"type":"Feature","geometry":{"type":"Point","coordinates":[-117.934091,33.7026174]},"properties":{"name":"Tesla Supercharger","network":"Tesla Supercharger","brand":"Tesla Supercharger","operator":"Tesla, Inc.","stalls":1,"kw_per_stall":null,"mw_capacity":null,"status":"unknown","access":"yes","fee":"yes","sockets":"","voltage":"","address":"","city":"","state":"","source":"OpenStreetMap (charge-finder mirror)","osm_id":"node/6961374143","website":""}},{"type":"Feature","geometry":{"type":"Point","coordinates":[-117.934138,33.7026181]},"properties":{"name":"Tesla Supercharger","network":"Tesla Supercharger","brand":"Tesla Supercharger","operator":"Tesla, Inc.","stalls":1,"kw_per_stall":null,"mw_capacity":null,"status":"unknown","access":"yes","fee":"yes","sockets":"","voltage":"","address":"","city":"","state":"","source":"OpenStreetMap (charge-finder mirror)","osm_id":"node/6961374144","website":""}},{"type":"Feature","geometry":{"type":"Point","coordinates":[-117.934168,33.7026173]},"properties":{"name":"Tesla Supercharger","network":"Tesla Supercharger","brand":"Tesla Supercharger","operator":"Tesla, Inc.","stalls":null,"kw_per_stall":null,"mw_capacity":null,"status":"unknown","access":"","fee":"","sockets":"","voltage":"","address":"","city":"","state":"","source":"OpenStreetMap (charge-finder mirror)","osm_id":"node/6961374145","website":""}},{"type":"Feature","geometry":{"type":"Point","coordinates":[-117.9342,33.7026173]},"properties":{"name":"Tesla Supercharger","network":"Tesla Supercharger","brand":"Tesla Supercharger","operator":"Tesla, Inc.","stalls":null,"kw_per_stall":null,"mw_capacity":null,"status":"unknown","access":"","fee":"","sockets":"","voltage":"","address":"","city":"","state":"","source":"OpenStreetMap (charge-finder mirror)","osm_id":"node/6961374146","website":""}},{"type":"Feature","geometry":{"type":"Point","coordinates":[-117.934231,33.7026155]},"properties":{"name":"Tesla Supercharger","network":"Tesla Supercharger","brand":"Tesla Supercharger","operator":"Tesla, Inc.","stalls":null,"kw_per_stall":null,"mw_capacity":null,"status":"unknown","access":"","fee":"","sockets":"","voltage":"","address":"","city":"","state":"","source":"OpenStreetMap (charge-finder mirror)","osm_id":"node/6961374147","website":""}},{"type":"Feature","geometry":{"type":"Point","coordinates":[-117.934261,33.7026169]},"properties":{"name":"Tesla Supercharger","network":"Tesla Supercharger","brand":"Tesla Supercharger","operator":"Tesla, Inc.","stalls":null,"kw_per_stall":null,"mw_capacity":null,"status":"unknown","access":"","fee":"","sockets":"","voltage":"","address":"","city":"","state":"","source":"OpenStreetMap (charge-finder mirror)","osm_id":"node/6961374148","website":""}},{"type":"Feature","geometry":{"type":"Point","coordinates":[-117.934303,33.7026774]},"properties":{"name":"Tesla Supercharger","network":"Tesla Supercharger","brand":"Tesla Supercharger","operator":"Tesla, Inc.","stalls":null,"kw_per_stall":null,"mw_capacity":null,"status":"unknown","access":"","fee":"","sockets":"","voltage":"","address":"","city":"","state":"","source":"OpenStreetMap (charge-finder mirror)","osm_id":"node/6961374149","website":""}},{"type":"Feature","geometry":{"type":"Point","coordinates":[-117.9343,33.7027042]},"properties":{"name":"Tesla Supercharger","network":"Tesla Supercharger","brand":"Tesla Supercharger","operator":"Tesla, Inc.","stalls":null,"kw_per_stall":null,"mw_capacity":null,"status":"unknown","access":"","fee":"","sockets":"","voltage":"","address":"","city":"","state":"","source":"OpenStreetMap (charge-finder mirror)","osm_id":"node/6961374150","website":""}},{"type":"Feature","geometry":{"type":"Point","coordinates":[-117.934259,33.7028003]},"properties":{"name":"Tesla Supercharger","network":"Tesla Supercharger","brand":"Tesla Supercharger","operator":"Tesla, Inc.","stalls":null,"kw_per_stall":null,"mw_capacity":null,"status":"unknown","access":"","fee":"","sockets":"","voltage":"","address":"","city":"","state":"","source":"OpenStreetMap (charge-finder mirror)","osm_id":"node/6961374151","website":""}},{"type":"Feature","geometry":{"type":"Point","coordinates":[-117.934228,33.7027996]},"properties":{"name":"Tesla Supercharger","network":"Tesla Supercharger","brand":"Tesla Supercharger","operator":"Tesla, Inc.","stalls":null,"kw_per_stall":null,"mw_capacity":null,"status":"unknown","access":"","fee":"","sockets":"","voltage":"","address":"","city":"","state":"","source":"OpenStreetMap (charge-finder mirror)","osm_id":"node/6961374152","website":""}},{"type":"Feature","geometry":{"type":"Point","coordinates":[-117.934196,33.7028007]},"properties":{"name":"Tesla Supercharger","network":"Tesla Supercharger","brand":"Tesla Supercharger","operator":"Tesla, Inc.","stalls":null,"kw_per_stall":null,"mw_capacity":null,"status":"unknown","access":"","fee":"","sockets":"","voltage":"","address":"","city":"","state":"","source":"OpenStreetMap (charge-finder mirror)","osm_id":"node/6961374153","website":""}},{"type":"Feature","geometry":{"type":"Point","coordinates":[-117.934161,33.7028022]},"properties":{"name":"Tesla Supercharger","network":"Tesla Supercharger","brand":"Tesla Supercharger","operator":"Tesla, Inc.","stalls":null,"kw_per_stall":null,"mw_capacity":null,"status":"unknown","access":"","fee":"","sockets":"","voltage":"","address":"","city":"","state":"","source":"OpenStreetMap (charge-finder mirror)","osm_id":"node/6961374154","website":""}},{"type":"Feature","geometry":{"type":"Point","coordinates":[-117.934129,33.7028022]},"properties":{"name":"Tesla Supercharger","network":"Tesla Supercharger","brand":"Tesla Supercharger","operator":"Tesla, Inc.","stalls":null,"kw_per_stall":null,"mw_capacity":null,"status":"unknown","access":"","fee":"","sockets":"","voltage":"","address":"","city":"","state":"","source":"OpenStreetMap (charge-finder mirror)","osm_id":"node/6961374155","website":""}},{"type":"Feature","geometry":{"type":"Point","coordinates":[-117.934067,33.7028026]},"properties":{"name":"Tesla Supercharger","network":"Tesla Supercharger","brand":"Tesla Supercharger","operator":"Tesla, Inc.","stalls":null,"kw_per_stall":null,"mw_capacity":null,"status":"unknown","access":"","fee":"","sockets":"","voltage":"","address":"","city":"","state":"","source":"OpenStreetMap (charge-finder mirror)","osm_id":"node/6961374156","website":""}},{"type":"Feature","geometry":{"type":"Point","coordinates":[-91.9928528,30.2664813]},"properties":{"name":"Tesla Supercharger","network":"Tesla Supercharger","brand":"Tesla Supercharger","operator":"Tesla, Inc.","stalls":8,"kw_per_stall":null,"mw_capacity":null,"status":"unknown","access":"","fee":"yes","sockets":"","voltage":"","address":"","city":"","state":"","source":"OpenStreetMap (charge-finder mirror)","osm_id":"node/6964121872","website":""}},{"type":"Feature","geometry":{"type":"Point","coordinates":[-88.0881937,42.0495868]},"properties":{"name":"Tesla","network":"Tesla","brand":"Tesla, Inc.","operator":"Tesla, Inc.","stalls":null,"kw_per_stall":null,"mw_capacity":null,"status":"unknown","access":"","fee":"","sockets":"","voltage":"","address":"","city":"","state":"","source":"OpenStreetMap (charge-finder mirror)","osm_id":"node/6965019606","website":""}},{"type":"Feature","geometry":{"type":"Point","coordinates":[-117.529462,34.1135968]},"properties":{"name":"Rancho Cucamonga Supercharger","network":"Tesla Supercharger","brand":"Tesla Supercharger","operator":"Tesla, Inc.","stalls":12,"kw_per_stall":150.0,"mw_capacity":1.8,"status":"24/7","access":"customers","fee":"yes","sockets":"12","voltage":"","address":"12642, Cultural Center Dr., Rancho Cucamonga","city":"Rancho Cucamonga","state":"","source":"OpenStreetMap (charge-finder mirror)","osm_id":"node/6965156692","website":"https://www.tesla.com/findus/location/supercharger/ranchocucamongasupercharger"}},{"type":"Feature","geometry":{"type":"Point","coordinates":[-97.3535362,32.7583823]},"properties":{"name":"Tesla Supercharger","network":"Tesla Supercharger","brand":"Tesla Supercharger","operator":"Tesla, Inc.","stalls":16,"kw_per_stall":null,"mw_capacity":null,"status":"24/7","access":"yes","fee":"","sockets":"16","voltage":"","address":"","city":"","state":"","source":"OpenStreetMap (charge-finder mirror)","osm_id":"node/6967237883","website":""}},{"type":"Feature","geometry":{"type":"Point","coordinates":[-94.6611951,39.0200045]},"properties":{"name":"Tesla Supercharger","network":"Tesla Supercharger","brand":"Tesla Supercharger","operator":"Tesla, Inc.","stalls":8,"kw_per_stall":72.0,"mw_capacity":0.576,"status":"24/7","access":"","fee":"yes","sockets":"","voltage":"","address":"","city":"","state":"","source":"OpenStreetMap (charge-finder mirror)","osm_id":"node/6967666164","website":""}},{"type":"Feature","geometry":{"type":"Point","coordinates":[-75.4076195,40.127305]},"properties":{"name":"Tesla Charging Station","network":"Tesla","brand":"","operator":"","stalls":null,"kw_per_stall":null,"mw_capacity":null,"status":"unknown","access":"yes","fee":"no","sockets":"","voltage":"","address":"","city":"","state":"","source":"OpenStreetMap (charge-finder mirror)","osm_id":"node/6967778733","website":""}},{"type":"Feature","geometry":{"type":"Point","coordinates":[-121.118373,38.6471718]},"properties":{"name":"Tesla Supercharger","network":"Tesla Supercharger","brand":"Tesla Supercharger","operator":"Tesla, Inc.","stalls":null,"kw_per_stall":null,"mw_capacity":null,"status":"unknown","access":"","fee":"","sockets":"","voltage":"","address":"","city":"","state":"","source":"OpenStreetMap (charge-finder mirror)","osm_id":"node/6970489701","website":""}},{"type":"Feature","geometry":{"type":"Point","coordinates":[-118.5543295,34.4310577]},"properties":{"name":"Tesla Supercharger","network":"Tesla Supercharger","brand":"Tesla Supercharger","operator":"","stalls":24,"kw_per_stall":null,"mw_capacity":null,"status":"unknown","access":"","fee":"","sockets":"","voltage":"","address":"","city":"","state":"","source":"OpenStreetMap (charge-finder mirror)","osm_id":"node/6973116608","website":""}},{"type":"Feature","geometry":{"type":"Point","coordinates":[-95.3197153,36.3051509]},"properties":{"name":"Tesla Desination Charger","network":"Tesla","brand":"","operator":"Fred Taylor Furniture","stalls":1,"kw_per_stall":null,"mw_capacity":null,"status":"unknown","access":"yes","fee":"no","sockets":"","voltage":"","address":"","city":"","state":"","source":"OpenStreetMap (charge-finder mirror)","osm_id":"node/6975030838","website":""}},{"type":"Feature","geometry":{"type":"Point","coordinates":[-121.802695,39.7266586]},"properties":{"name":"Tesla Supercharger","network":"Tesla Supercharger","brand":"Tesla Supercharger","operator":"Tesla, Inc.","stalls":14,"kw_per_stall":null,"mw_capacity":null,"status":"unknown","access":"","fee":"","sockets":"","voltage":"","address":"","city":"","state":"","source":"OpenStreetMap (charge-finder mirror)","osm_id":"node/6977868862","website":""}},{"type":"Feature","geometry":{"type":"Point","coordinates":[-122.039975,47.5480735]},"properties":{"name":"Tesla Supercharger","network":"Tesla Supercharger","brand":"Tesla Supercharger","operator":"Tesla, Inc.","stalls":null,"kw_per_stall":null,"mw_capacity":null,"status":"unknown","access":"","fee":"","sockets":"","voltage":"","address":"","city":"","state":"","source":"OpenStreetMap (charge-finder mirror)","osm_id":"node/6980591746","website":""}},{"type":"Feature","geometry":{"type":"Point","coordinates":[-122.18352,48.2124361]},"properties":{"name":"Tesla Supercharger","network":"Tesla Supercharger","brand":"Tesla Supercharger","operator":"","stalls":null,"kw_per_stall":null,"mw_capacity":null,"status":"unknown","access":"yes","fee":"","sockets":"","voltage":"","address":"","city":"","state":"","source":"OpenStreetMap (charge-finder mirror)","osm_id":"node/6981422171","website":""}},{"type":"Feature","geometry":{"type":"Point","coordinates":[-75.7132317,45.3428001]},"properties":{"name":"Tesla Destination Chargers","network":"Tesla","brand":"","operator":"","stalls":6,"kw_per_stall":null,"mw_capacity":null,"status":"unknown","access":"customers","fee":"no","sockets":"","voltage":"","address":"","city":"","state":"","source":"OpenStreetMap (charge-finder mirror)","osm_id":"node/6983704885","website":""}},{"type":"Feature","geometry":{"type":"Point","coordinates":[-96.2167526,38.4142556]},"properties":{"name":"Tesla Supercharger","network":"Tesla Supercharger","brand":"Tesla Supercharger","operator":"Tesla, Inc.","stalls":8,"kw_per_stall":null,"mw_capacity":null,"status":"unknown","access":"yes","fee":"yes","sockets":"","voltage":"","address":"","city":"","state":"","source":"OpenStreetMap (charge-finder mirror)","osm_id":"node/6984058858","website":""}},{"type":"Feature","geometry":{"type":"Point","coordinates":[-77.4168899,37.3672019]},"properties":{"name":"Tesla Supercharger","network":"Tesla Supercharger","brand":"Tesla Supercharger","operator":"Tesla, Inc.","stalls":8,"kw_per_stall":null,"mw_capacity":null,"status":"unknown","access":"","fee":"","sockets":"","voltage":"","address":"11701, Jefferson Davis Highway, Chester, VA","city":"Chester","state":"VA","source":"OpenStreetMap (charge-finder mirror)","osm_id":"node/6987087378","website":""}},{"type":"Feature","geometry":{"type":"Point","coordinates":[-95.1104574,29.7846863]},"properties":{"name":"Tesla Supercharger","network":"Tesla Supercharger","brand":"Tesla Supercharger","operator":"","stalls":null,"kw_per_stall":null,"mw_capacity":null,"status":"unknown","access":"","fee":"","sockets":"","voltage":"","address":"16311, East Freeway, Channel View, TX","city":"Channel View","state":"TX","source":"OpenStreetMap (charge-finder mirror)","osm_id":"node/6987142637","website":""}},{"type":"Feature","geometry":{"type":"Point","coordinates":[-76.7437084,39.1532806]},"properties":{"name":"Tesla Supercharger","network":"Tesla Supercharger","brand":"Tesla Supercharger","operator":"Tesla, Inc.","stalls":null,"kw_per_stall":null,"mw_capacity":null,"status":"unknown","access":"","fee":"","sockets":"","voltage":"","address":"","city":"","state":"","source":"OpenStreetMap (charge-finder mirror)","osm_id":"node/6987803508","website":""}},{"type":"Feature","geometry":{"type":"Point","coordinates":[-80.0798384,37.2893785]},"properties":{"name":"Tesla Supercharger","network":"Tesla Supercharger","brand":"Tesla Supercharger","operator":"Tesla, Inc.","stalls":null,"kw_per_stall":null,"mw_capacity":null,"status":"unknown","access":"","fee":"","sockets":"","voltage":"","address":"","city":"","state":"","source":"OpenStreetMap (charge-finder mirror)","osm_id":"node/6987837402","website":""}},{"type":"Feature","geometry":{"type":"Point","coordinates":[-66.1222102,43.8363853]},"properties":{"name":"Tesla Supercharger","network":"Tesla Supercharger","brand":"Tesla Supercharger","operator":"Tesla, Inc.","stalls":null,"kw_per_stall":null,"mw_capacity":null,"status":"unknown","access":"","fee":"","sockets":"","voltage":"","address":"","city":"","state":"","source":"OpenStreetMap (charge-finder mirror)","osm_id":"node/6988635293","website":""}},{"type":"Feature","geometry":{"type":"Point","coordinates":[-74.5954795,40.1940483]},"properties":{"name":"Tesla Supercharger","network":"Tesla Supercharger","brand":"Tesla Supercharger","operator":"","stalls":8,"kw_per_stall":null,"mw_capacity":null,"status":"unknown","access":"","fee":"","sockets":"","voltage":"","address":"","city":"","state":"","source":"OpenStreetMap (charge-finder mirror)","osm_id":"node/6994050540","website":""}},{"type":"Feature","geometry":{"type":"Point","coordinates":[-84.7702527,34.241791]},"properties":{"name":"Tesla Destination Charger","network":"Tesla","brand":"","operator":"","stalls":4,"kw_per_stall":null,"mw_capacity":null,"status":"unknown","access":"yes","fee":"no","sockets":"","voltage":"","address":"","city":"","state":"","source":"OpenStreetMap (charge-finder mirror)","osm_id":"node/7010178667","website":""}},{"type":"Feature","geometry":{"type":"Point","coordinates":[-74.9184987,39.8774928]},"properties":{"name":"Tesla Supercharger","network":"Tesla Supercharger","brand":"Tesla Supercharger","operator":"Tesla, Inc.","stalls":null,"kw_per_stall":null,"mw_capacity":null,"status":"unknown","access":"","fee":"","sockets":"","voltage":"","address":"","city":"","state":"","source":"OpenStreetMap (charge-finder mirror)","osm_id":"node/7011540933","website":""}},{"type":"Feature","geometry":{"type":"Point","coordinates":[-96.9070304,30.178936]},"properties":{"name":"Tesla Supercharger","network":"Tesla Supercharger","brand":"Tesla Supercharger","operator":"Tesla, Inc.","stalls":null,"kw_per_stall":null,"mw_capacity":null,"status":"unknown","access":"","fee":"","sockets":"","voltage":"","address":"","city":"","state":"","source":"OpenStreetMap (charge-finder mirror)","osm_id":"node/7014295858","website":""}},{"type":"Feature","geometry":{"type":"Point","coordinates":[-122.1491669,39.1557017]},"properties":{"name":"Tesla Supercharger","network":"Tesla Supercharger","brand":"Tesla Supercharger","operator":"","stalls":8,"kw_per_stall":null,"mw_capacity":null,"status":"unknown","access":"","fee":"","sockets":"8","voltage":"","address":"","city":"","state":"","source":"OpenStreetMap (charge-finder mirror)","osm_id":"node/7021110529","website":""}},{"type":"Feature","geometry":{"type":"Point","coordinates":[-123.290048,42.939954]},"properties":{"name":"Tesla Destination Charger","network":"Tesla","brand":"Tesla, Inc.","operator":"","stalls":2,"kw_per_stall":null,"mw_capacity":null,"status":"unknown","access":"","fee":"","sockets":"","voltage":"","address":"","city":"","state":"","source":"OpenStreetMap (charge-finder mirror)","osm_id":"node/7022350621","website":""}},{"type":"Feature","geometry":{"type":"Point","coordinates":[-97.109114,31.5822545]},"properties":{"name":"Tesla Supercharger","network":"Tesla Supercharger","brand":"Tesla Supercharger","operator":"Tesla, Inc.","stalls":22,"kw_per_stall":null,"mw_capacity":null,"status":"unknown","access":"yes","fee":"yes","sockets":"","voltage":"","address":"","city":"","state":"","source":"OpenStreetMap (charge-finder mirror)","osm_id":"node/7029944060","website":""}},{"type":"Feature","geometry":{"type":"Point","coordinates":[-77.5265613,39.089775]},"properties":{"name":"Leesburg Supercharger","network":"Tesla Supercharger","brand":"Tesla, Inc.","operator":"Tesla, Inc.","stalls":10,"kw_per_stall":72.0,"mw_capacity":0.72,"status":"24/7","access":"","fee":"yes","sockets":"10","voltage":"","address":"","city":"","state":"","source":"OpenStreetMap (charge-finder mirror)","osm_id":"node/7040809003","website":""}},{"type":"Feature","geometry":{"type":"Point","coordinates":[-80.3254813,43.4087976]},"properties":{"name":"Tesla Supercharger","network":"Tesla Supercharger","brand":"Tesla Supercharger","operator":"Tesla, Inc.","stalls":null,"kw_per_stall":null,"mw_capacity":null,"status":"unknown","access":"","fee":"","sockets":"yes","voltage":"","address":"","city":"","state":"","source":"OpenStreetMap (charge-finder mirror)","osm_id":"node/7042299963","website":"https://www.tesla.com/en_CA/findus/location/supercharger/cambridgeonsupercharger"}},{"type":"Feature","geometry":{"type":"Point","coordinates":[-112.144248,33.9154796]},"properties":{"name":"New River Supercharger","network":"Tesla Supercharger","brand":"Tesla, Inc.","operator":"Tesla, Inc.","stalls":10,"kw_per_stall":150.0,"mw_capacity":1.5,"status":"unknown","access":"yes","fee":"yes","sockets":"10","voltage":"","address":"Shell Gas Station 3906 West New River Road New River, AZ 85087","city":"New River","state":"","source":"OpenStreetMap (charge-finder mirror)","osm_id":"node/7056790693","website":"https://www.tesla.com/findus/location/supercharger/newriverazsupercharger"}},{"type":"Feature","geometry":{"type":"Point","coordinates":[-114.521941,33.6020036]},"properties":{"name":"Ehrenberg Supercharger","network":"Tesla Supercharger","brand":"Tesla Supercharger","operator":"Tesla, Inc.","stalls":8,"kw_per_stall":250.0,"mw_capacity":2.0,"status":"24/7","access":"yes","fee":"yes","sockets":"8","voltage":"","address":"11, Frontage Road North, Ehrenberg","city":"Ehrenberg","state":"","source":"OpenStreetMap (charge-finder mirror)","osm_id":"node/7056837758","website":"https://www.tesla.com/findus/location/supercharger/ehrenburgazsupercharger"}},{"type":"Feature","geometry":{"type":"Point","coordinates":[-121.7164001,47.4680436]},"properties":{"name":"Tesla Supercharger","network":"Tesla Supercharger","brand":"Tesla Supercharger","operator":"Tesla Inc.","stalls":8,"kw_per_stall":null,"mw_capacity":null,"status":"unknown","access":"","fee":"","sockets":"","voltage":"","address":"","city":"","state":"","source":"OpenStreetMap (charge-finder mirror)","osm_id":"node/7061741285","website":""}},{"type":"Feature","geometry":{"type":"Point","coordinates":[-121.653657,37.1563576]},"properties":{"name":"Tesla Supercharger","network":"Tesla Supercharger","brand":"Tesla Supercharger","operator":"Tesla, Inc.","stalls":null,"kw_per_stall":null,"mw_capacity":null,"status":"unknown","access":"","fee":"","sockets":"","voltage":"","address":"","city":"","state":"","source":"OpenStreetMap (charge-finder mirror)","osm_id":"node/7092045961","website":""}},{"type":"Feature","geometry":{"type":"Point","coordinates":[-96.7695048,32.881094]},"properties":{"name":"Tesla Supercharger","network":"Tesla Supercharger","brand":"Tesla Supercharger","operator":"Tesla, Inc.","stalls":12,"kw_per_stall":null,"mw_capacity":null,"status":"unknown","access":"yes","fee":"yes","sockets":"","voltage":"","address":"","city":"","state":"","source":"OpenStreetMap (charge-finder mirror)","osm_id":"node/7096360335","website":""}},{"type":"Feature","geometry":{"type":"Point","coordinates":[-117.301606,33.6591991]},"properties":{"name":"Tesla Destination","network":"Tesla","brand":"Tesla, Inc.","operator":"","stalls":null,"kw_per_stall":null,"mw_capacity":null,"status":"unknown","access":"","fee":"","sockets":"","voltage":"","address":"","city":"","state":"","source":"OpenStreetMap (charge-finder mirror)","osm_id":"node/7120519402","website":""}},{"type":"Feature","geometry":{"type":"Point","coordinates":[-81.6047775,28.345717]},"properties":{"name":"Tesla Supercharger","network":"Tesla Supercharger","brand":"Tesla Supercharger","operator":"Tesla, Inc.","stalls":8,"kw_per_stall":null,"mw_capacity":null,"status":"unknown","access":"","fee":"","sockets":"","voltage":"","address":"","city":"","state":"","source":"OpenStreetMap (charge-finder mirror)","osm_id":"node/7120545747","website":""}},{"type":"Feature","geometry":{"type":"Point","coordinates":[-86.7238511,36.1104509]},"properties":{"name":"Tesla Supercharger 250 kW","network":"Tesla Supercharger","brand":"Tesla Supercharger","operator":"Tesla, Inc.","stalls":24,"kw_per_stall":null,"mw_capacity":null,"status":"unknown","access":"yes","fee":"no","sockets":"","voltage":"","address":"","city":"","state":"","source":"OpenStreetMap (charge-finder mirror)","osm_id":"node/7124721286","website":""}},{"type":"Feature","geometry":{"type":"Point","coordinates":[-86.138196,30.3200826]},"properties":{"name":"Tesla Destination Charger","network":"Tesla","brand":"Tesla","operator":"Seaside","stalls":1,"kw_per_stall":null,"mw_capacity":null,"status":"unknown","access":"permissive","fee":"no","sockets":"","voltage":"","address":"","city":"","state":"","source":"OpenStreetMap (charge-finder mirror)","osm_id":"node/7165336008","website":""}},{"type":"Feature","geometry":{"type":"Point","coordinates":[-117.8125851,35.6464576]},"properties":{"name":"Tesla Supercharger","network":"Tesla Supercharger","brand":"Tesla Supercharger","operator":"Tesla Inc","stalls":4,"kw_per_stall":null,"mw_capacity":null,"status":"unknown","access":"","fee":"","sockets":"","voltage":"","address":"","city":"","state":"","source":"OpenStreetMap (charge-finder mirror)","osm_id":"node/7252015198","website":""}},{"type":"Feature","geometry":{"type":"Point","coordinates":[-79.1903843,37.3247458]},"properties":{"name":"Tesla Supercharger","network":"Tesla Supercharger","brand":"Tesla Supercharger","operator":"Tesla, Inc.","stalls":null,"kw_per_stall":null,"mw_capacity":null,"status":"24/7","access":"","fee":"","sockets":"","voltage":"","address":"","city":"","state":"","source":"OpenStreetMap (charge-finder mirror)","osm_id":"node/7252099413","website":""}},{"type":"Feature","geometry":{"type":"Point","coordinates":[-124.006895,44.9936981]},"properties":{"name":"Tesla","network":"Tesla","brand":"","operator":"Tesla","stalls":2,"kw_per_stall":null,"mw_capacity":null,"status":"unknown","access":"","fee":"","sockets":"","voltage":"","address":"","city":"","state":"","source":"OpenStreetMap (charge-finder mirror)","osm_id":"node/7254233269","website":""}},{"type":"Feature","geometry":{"type":"Point","coordinates":[-80.1569699,41.1437295]},"properties":{"name":"Tesla Supercharger","network":"Tesla Supercharger","brand":"Tesla Supercharger","operator":"","stalls":3,"kw_per_stall":null,"mw_capacity":null,"status":"unknown","access":"","fee":"","sockets":"","voltage":"","address":"","city":"","state":"","source":"OpenStreetMap (charge-finder mirror)","osm_id":"node/7274993093","website":""}},{"type":"Feature","geometry":{"type":"Point","coordinates":[-84.2752403,34.0714075]},"properties":{"name":"Tesla Supercharger","network":"Tesla Supercharger","brand":"Tesla Supercharger","operator":"Tesla, Inc.","stalls":null,"kw_per_stall":null,"mw_capacity":null,"status":"24/7","access":"","fee":"yes","sockets":"","voltage":"","address":"","city":"","state":"","source":"OpenStreetMap (charge-finder mirror)","osm_id":"node/7297235418","website":""}},{"type":"Feature","geometry":{"type":"Point","coordinates":[-124.3852064,47.9428878]},"properties":{"name":"Tesla Supercharger","network":"Tesla Supercharger","brand":"Tesla Supercharger","operator":"","stalls":5,"kw_per_stall":null,"mw_capacity":null,"status":"unknown","access":"","fee":"","sockets":"","voltage":"","address":"","city":"","state":"","source":"OpenStreetMap (charge-finder mirror)","osm_id":"node/7316781518","website":""}},{"type":"Feature","geometry":{"type":"Point","coordinates":[-122.7209615,38.3476384]},"properties":{"name":"Tesla Supercharger","network":"Tesla Supercharger","brand":"Tesla Supercharger","operator":"","stalls":12,"kw_per_stall":null,"mw_capacity":null,"status":"unknown","access":"","fee":"","sockets":"","voltage":"","address":"","city":"","state":"","source":"OpenStreetMap (charge-finder mirror)","osm_id":"node/7324130948","website":""}},{"type":"Feature","geometry":{"type":"Point","coordinates":[-80.1001555,40.6126441]},"properties":{"name":"Tesla Supercharger","network":"Tesla Supercharger","brand":"Tesla Supercharger","operator":"Tesla, Inc.","stalls":8,"kw_per_stall":null,"mw_capacity":null,"status":"unknown","access":"yes","fee":"","sockets":"","voltage":"","address":"2615, Nicholson Road, Sewickley, PA","city":"Sewickley","state":"PA","source":"OpenStreetMap (charge-finder mirror)","osm_id":"node/7333625475","website":""}},{"type":"Feature","geometry":{"type":"Point","coordinates":[-111.788459,33.2613474]},"properties":{"name":"Tesla Destination Charger","network":"Tesla","brand":"Tesla, Inc.","operator":"Tesla","stalls":2,"kw_per_stall":null,"mw_capacity":null,"status":"unknown","access":"","fee":"","sockets":"","voltage":"","address":"","city":"","state":"","source":"OpenStreetMap (charge-finder mirror)","osm_id":"node/7357654260","website":""}},{"type":"Feature","geometry":{"type":"Point","coordinates":[-111.788391,33.2613485]},"properties":{"name":"Tesla Destination Charger","network":"Tesla","brand":"Tesla, Inc.","operator":"","stalls":null,"kw_per_stall":null,"mw_capacity":null,"status":"unknown","access":"","fee":"","sockets":"","voltage":"","address":"","city":"","state":"","source":"OpenStreetMap (charge-finder mirror)","osm_id":"node/7357654261","website":""}},{"type":"Feature","geometry":{"type":"Point","coordinates":[-106.21456,42.8467088]},"properties":{"name":"Tesla Supercharger","network":"Tesla Supercharger","brand":"Tesla Supercharger","operator":"Tesla, Inc.","stalls":null,"kw_per_stall":null,"mw_capacity":null,"status":"unknown","access":"","fee":"","sockets":"","voltage":"","address":"","city":"","state":"","source":"OpenStreetMap (charge-finder mirror)","osm_id":"node/7411373970","website":""}},{"type":"Feature","geometry":{"type":"Point","coordinates":[-112.6525459,38.2490505]},"properties":{"name":"Tesla Supercharger","network":"Tesla Supercharger","brand":"Tesla Supercharger","operator":"Tesla, Inc.","stalls":24,"kw_per_stall":null,"mw_capacity":null,"status":"unknown","access":"","fee":"","sockets":"","voltage":"","address":"","city":"","state":"","source":"OpenStreetMap (charge-finder mirror)","osm_id":"node/7443515045","website":""}},{"type":"Feature","geometry":{"type":"Point","coordinates":[-75.9433318,39.6015002]},"properties":{"name":"Tesla Supercharger","network":"Tesla Supercharger","brand":"Tesla Supercharger","operator":"","stalls":null,"kw_per_stall":null,"mw_capacity":null,"status":"unknown","access":"","fee":"","sockets":"","voltage":"","address":"","city":"","state":"","source":"OpenStreetMap (charge-finder mirror)","osm_id":"node/7465203419","website":""}},{"type":"Feature","geometry":{"type":"Point","coordinates":[-94.7426021,38.9424177]},"properties":{"name":"Tesla Destination Charger","network":"Tesla","brand":"Tesla","operator":"Grinders Stonewall","stalls":1,"kw_per_stall":null,"mw_capacity":null,"status":"unknown","access":"customers","fee":"","sockets":"","voltage":"","address":"","city":"","state":"","source":"OpenStreetMap (charge-finder mirror)","osm_id":"node/7491107797","website":""}},{"type":"Feature","geometry":{"type":"Point","coordinates":[-82.7361292,28.0130711]},"properties":{"name":"Tesla Supercharger","network":"Tesla Supercharger","brand":"Tesla Supercharger","operator":"Tesla, Inc.","stalls":null,"kw_per_stall":null,"mw_capacity":null,"status":"unknown","access":"yes","fee":"","sockets":"","voltage":"","address":"","city":"","state":"","source":"OpenStreetMap (charge-finder mirror)","osm_id":"node/7534030739","website":""}},{"type":"Feature","geometry":{"type":"Point","coordinates":[-111.3061932,45.2607692]},"properties":{"name":"Tesla Supercharger","network":"Tesla Supercharger","brand":"Tesla Supercharger","operator":"","stalls":null,"kw_per_stall":null,"mw_capacity":null,"status":"unknown","access":"","fee":"","sockets":"","voltage":"","address":"","city":"","state":"","source":"OpenStreetMap (charge-finder mirror)","osm_id":"node/7541711800","website":""}},{"type":"Feature","geometry":{"type":"Point","coordinates":[-80.8556857,26.17421]},"properties":{"name":"Tesla Supercharger","network":"Tesla Supercharger","brand":"Tesla Supercharger","operator":"Tesla","stalls":12,"kw_per_stall":null,"mw_capacity":null,"status":"unknown","access":"","fee":"","sockets":"","voltage":"","address":"","city":"","state":"","source":"OpenStreetMap (charge-finder mirror)","osm_id":"node/7575339420","website":""}},{"type":"Feature","geometry":{"type":"Point","coordinates":[-80.8519885,35.2330278]},"properties":{"name":"Tesla Destination Charger","network":"Tesla","brand":"Tesla, Inc.","operator":"DoubleTree","stalls":1,"kw_per_stall":null,"mw_capacity":null,"status":"unknown","access":"","fee":"","sockets":"","voltage":"","address":"","city":"","state":"","source":"OpenStreetMap (charge-finder mirror)","osm_id":"node/7602902431","website":""}},{"type":"Feature","geometry":{"type":"Point","coordinates":[-104.9865893,39.9148245]},"properties":{"name":"Tesla Supercharger","network":"Tesla Supercharger","brand":"Tesla Supercharger","operator":"Tesla, Inc.","stalls":8,"kw_per_stall":null,"mw_capacity":null,"status":"unknown","access":"customers","fee":"","sockets":"","voltage":"","address":"","city":"","state":"","source":"OpenStreetMap (charge-finder mirror)","osm_id":"node/7631030921","website":"https://www.tesla.com/findus/location/supercharger/thortoncosupercharger"}},{"type":"Feature","geometry":{"type":"Point","coordinates":[-114.911468,35.9713555]},"properties":{"name":"Tesla Supercharger","network":"Tesla Supercharger","brand":"Tesla Supercharger","operator":"Tesla, Inc.","stalls":null,"kw_per_stall":null,"mw_capacity":null,"status":"unknown","access":"","fee":"","sockets":"","voltage":"","address":"","city":"","state":"","source":"OpenStreetMap (charge-finder mirror)","osm_id":"node/7638616009","website":""}},{"type":"Feature","geometry":{"type":"Point","coordinates":[-71.0001492,42.3985274]},"properties":{"name":"Tesla Supercharger","network":"Tesla Supercharger","brand":"Tesla Supercharger","operator":"Tesla, Inc.","stalls":8,"kw_per_stall":null,"mw_capacity":null,"status":"unknown","access":"","fee":"","sockets":"","voltage":"","address":"","city":"","state":"","source":"OpenStreetMap (charge-finder mirror)","osm_id":"node/7657523801","website":""}},{"type":"Feature","geometry":{"type":"Point","coordinates":[-119.635838,37.4737359]},"properties":{"name":"Tesla Supercharger","network":"Tesla Supercharger","brand":"Tesla Supercharger","operator":"Tesla, Inc.","stalls":8,"kw_per_stall":null,"mw_capacity":null,"status":"unknown","access":"","fee":"","sockets":"","voltage":"","address":"","city":"","state":"","source":"OpenStreetMap (charge-finder mirror)","osm_id":"node/7661785965","website":""}},{"type":"Feature","geometry":{"type":"Point","coordinates":[-75.3122101,41.0454419]},"properties":{"name":"Tesla Supercharger","network":"Tesla Supercharger","brand":"Tesla Supercharger","operator":"","stalls":8,"kw_per_stall":120.0,"mw_capacity":0.96,"status":"unknown","access":"","fee":"","sockets":"8","voltage":"","address":"","city":"","state":"","source":"OpenStreetMap (charge-finder mirror)","osm_id":"node/7670875571","website":""}},{"type":"Feature","geometry":{"type":"Point","coordinates":[-76.4961976,37.1146224]},"properties":{"name":"Tesla Supercharger","network":"Tesla Supercharger","brand":"Tesla Supercharger","operator":"Tesla, Inc.","stalls":12,"kw_per_stall":120.0,"mw_capacity":1.44,"status":"24/7","access":"","fee":"","sockets":"12","voltage":"","address":"","city":"","state":"","source":"OpenStreetMap (charge-finder mirror)","osm_id":"node/7674987854","website":"https://www.tesla.com/findus/location/supercharger/newportnewsvasupercharger"}},{"type":"Feature","geometry":{"type":"Point","coordinates":[-82.2782367,34.9827006]},"properties":{"name":"Destination Charger","network":"Tesla","brand":"Tesla, Inc.","operator":"Tesla","stalls":2,"kw_per_stall":null,"mw_capacity":null,"status":"unknown","access":"","fee":"","sockets":"","voltage":"","address":"","city":"","state":"","source":"OpenStreetMap (charge-finder mirror)","osm_id":"node/7680543359","website":""}},{"type":"Feature","geometry":{"type":"Point","coordinates":[-77.1061016,42.1721651]},"properties":{"name":"Tesla Supercharger","network":"Tesla Supercharger","brand":"","operator":"Holiday Inn Express","stalls":2,"kw_per_stall":null,"mw_capacity":null,"status":"unknown","access":"","fee":"no","sockets":"2","voltage":"","address":"","city":"","state":"","source":"OpenStreetMap (charge-finder mirror)","osm_id":"node/7682768595","website":""}},{"type":"Feature","geometry":{"type":"Point","coordinates":[-119.2588855,34.4419593]},"properties":{"name":"Tesla Supercharger","network":"Tesla Supercharger","brand":"Tesla Supercharger","operator":"","stalls":null,"kw_per_stall":null,"mw_capacity":null,"status":"unknown","access":"","fee":"","sockets":"","voltage":"","address":"","city":"","state":"","source":"OpenStreetMap (charge-finder mirror)","osm_id":"node/7685972380","website":""}},{"type":"Feature","geometry":{"type":"Point","coordinates":[-71.0798429,42.3493544]},"properties":{"name":"Tesla Supercharger","network":"Tesla Supercharger","brand":"Tesla Supercharger","operator":"Tesla, Inc.","stalls":1,"kw_per_stall":null,"mw_capacity":null,"status":"unknown","access":"yes","fee":"yes","sockets":"","voltage":"","address":"","city":"","state":"","source":"OpenStreetMap (charge-finder mirror)","osm_id":"node/7689983007","website":"https://www.tesla.com/findus/location/supercharger/bostonmasupercharger"}},{"type":"Feature","geometry":{"type":"Point","coordinates":[-121.945917,37.4973493]},"properties":{"name":"Supercharger","network":"Tesla Supercharger","brand":"Tesla, Inc.","operator":"Tesla, Inc.","stalls":2,"kw_per_stall":null,"mw_capacity":null,"status":"unknown","access":"private","fee":"","sockets":"2","voltage":"","address":"","city":"","state":"","source":"OpenStreetMap (charge-finder mirror)","osm_id":"node/7695089467","website":""}},{"type":"Feature","geometry":{"type":"Point","coordinates":[-84.7264524,45.7722337]},"properties":{"name":"Mackinaw City, MI Supercharger","network":"Tesla Supercharger","brand":"Tesla Supercharger","operator":"Tesla, Inc.","stalls":8,"kw_per_stall":250.0,"mw_capacity":2.0,"status":"24/7","access":"","fee":"yes","sockets":"8","voltage":"","address":"801, South Huron Avenue, Mackinaw City, MI","city":"Mackinaw City","state":"MI","source":"OpenStreetMap (charge-finder mirror)","osm_id":"node/7709032048","website":"https://www.tesla.com/findus/location/supercharger/mackinawcitymisupercharger"}},{"type":"Feature","geometry":{"type":"Point","coordinates":[-121.064469,37.6944573]},"properties":{"name":"Tesla Supercharger","network":"Tesla Supercharger","brand":"Tesla Supercharger","operator":"Tesla, Inc.","stalls":20,"kw_per_stall":null,"mw_capacity":null,"status":"unknown","access":"","fee":"","sockets":"","voltage":"","address":"Sisk Road, Modesto, CA","city":"Modesto","state":"CA","source":"OpenStreetMap (charge-finder mirror)","osm_id":"node/7712761546","website":""}},{"type":"Feature","geometry":{"type":"Point","coordinates":[-123.7901715,39.2781002]},"properties":{"name":"Tesla Destination Charger","network":"Tesla","brand":"Tesla","operator":"","stalls":null,"kw_per_stall":null,"mw_capacity":null,"status":"unknown","access":"customers","fee":"no","sockets":"","voltage":"","address":"","city":"","state":"","source":"OpenStreetMap (charge-finder mirror)","osm_id":"node/7724637113","website":""}},{"type":"Feature","geometry":{"type":"Point","coordinates":[-123.7909078,39.2773958]},"properties":{"name":"Tesla Destination Charger","network":"Tesla","brand":"Tesla","operator":"","stalls":null,"kw_per_stall":null,"mw_capacity":null,"status":"unknown","access":"","fee":"no","sockets":"","voltage":"","address":"","city":"","state":"","source":"OpenStreetMap (charge-finder mirror)","osm_id":"node/7724779165","website":""}},{"type":"Feature","geometry":{"type":"Point","coordinates":[-71.0793554,42.3490483]},"properties":{"name":"Tesla Supercharger","network":"Tesla Supercharger","brand":"Tesla Supercharger","operator":"Tesla, Inc.","stalls":1,"kw_per_stall":null,"mw_capacity":null,"status":"unknown","access":"yes","fee":"yes","sockets":"","voltage":"","address":"","city":"","state":"","source":"OpenStreetMap (charge-finder mirror)","osm_id":"node/7727890037","website":"https://www.tesla.com/findus/location/supercharger/bostonmasupercharger"}},{"type":"Feature","geometry":{"type":"Point","coordinates":[-77.7384004,40.9138687]},"properties":{"name":"Bellefonte, PA Supercharger","network":"Tesla Supercharger","brand":"Tesla, Inc.","operator":"Tesla, Inc","stalls":8,"kw_per_stall":null,"mw_capacity":null,"status":"unknown","access":"","fee":"","sockets":"","voltage":"","address":"170, Buckaroo Lane, Bellefonte, PA","city":"Bellefonte","state":"PA","source":"OpenStreetMap (charge-finder mirror)","osm_id":"node/7745750247","website":""}},{"type":"Feature","geometry":{"type":"Point","coordinates":[-80.0060341,40.5442199]},"properties":{"name":"Tesla Charging Station (No Supercharger)","network":"Tesla Supercharger","brand":"Tesla, Inc.","operator":"","stalls":6,"kw_per_stall":null,"mw_capacity":null,"status":"unknown","access":"yes","fee":"no","sockets":"","voltage":"","address":"","city":"","state":"","source":"OpenStreetMap (charge-finder mirror)","osm_id":"node/7746610573","website":""}},{"type":"Feature","geometry":{"type":"Point","coordinates":[-71.0804562,42.3473778]},"properties":{"name":"Tesla Supercharger","network":"Tesla Supercharger","brand":"Tesla Supercharger","operator":"Tesla, Inc.","stalls":null,"kw_per_stall":null,"mw_capacity":null,"status":"unknown","access":"yes","fee":"yes","sockets":"","voltage":"","address":"","city":"","state":"","source":"OpenStreetMap (charge-finder mirror)","osm_id":"node/7748183171","website":""}},{"type":"Feature","geometry":{"type":"Point","coordinates":[-79.3444101,43.775981]},"properties":{"name":"Tesla","network":"Tesla","brand":"Tesla, Inc.","operator":"","stalls":null,"kw_per_stall":null,"mw_capacity":null,"status":"unknown","access":"","fee":"","sockets":"","voltage":"","address":"","city":"","state":"","source":"OpenStreetMap (charge-finder mirror)","osm_id":"node/7752098934","website":""}},{"type":"Feature","geometry":{"type":"Point","coordinates":[-75.8353898,45.3216527]},"properties":{"name":"Tesla Supercharger","network":"Tesla Supercharger","brand":"Tesla Supercharger","operator":"Tesla, Inc.","stalls":8,"kw_per_stall":null,"mw_capacity":null,"status":"unknown","access":"","fee":"","sockets":"8","voltage":"","address":"","city":"","state":"","source":"OpenStreetMap (charge-finder mirror)","osm_id":"node/7768398858","website":""}},{"type":"Feature","geometry":{"type":"Point","coordinates":[-111.853736,33.3879181]},"properties":{"name":"Tesla Supercharger","network":"Tesla Supercharger","brand":"Tesla Supercharger","operator":"Tesla, Inc.","stalls":null,"kw_per_stall":null,"mw_capacity":null,"status":"unknown","access":"","fee":"","sockets":"","voltage":"","address":"","city":"","state":"","source":"OpenStreetMap (charge-finder mirror)","osm_id":"node/7771509026","website":""}},{"type":"Feature","geometry":{"type":"Point","coordinates":[-122.642055,45.4448]},"properties":{"name":"Tesla Destination Charger","network":"Tesla","brand":"Tesla, Inc.","operator":"Tesla, Inc.","stalls":2,"kw_per_stall":null,"mw_capacity":null,"status":"unknown","access":"yes","fee":"no","sockets":"","voltage":"","address":"","city":"","state":"","source":"OpenStreetMap (charge-finder mirror)","osm_id":"node/7782080499","website":""}},{"type":"Feature","geometry":{"type":"Point","coordinates":[-83.8286612,42.9676083]},"properties":{"name":"Swartz Creek, MI Supercharger","network":"Tesla Supercharger","brand":"Tesla Supercharger","operator":"Tesla, Inc.","stalls":10,"kw_per_stall":150.0,"mw_capacity":1.5,"status":"24/7","access":"customers","fee":"yes","sockets":"10","voltage":"","address":"4141, Morrish Road","city":"","state":"","source":"OpenStreetMap (charge-finder mirror)","osm_id":"node/7802581748","website":"https://www.tesla.com/findus/location/supercharger/swartzcreekmisupercharger"}},{"type":"Feature","geometry":{"type":"Point","coordinates":[-80.1412825,26.1313514]},"properties":{"name":"Tesla Supercharger","network":"Tesla Supercharger","brand":"Tesla Supercharger","operator":"Tesla, Inc.","stalls":null,"kw_per_stall":null,"mw_capacity":null,"status":"unknown","access":"private","fee":"","sockets":"","voltage":"","address":"","city":"","state":"","source":"OpenStreetMap (charge-finder mirror)","osm_id":"node/7805329634","website":""}},{"type":"Feature","geometry":{"type":"Point","coordinates":[-77.3396537,38.9486336]},"properties":{"name":"Reston, VA Supercharger","network":"Tesla Supercharger","brand":"Tesla, Inc.","operator":"Tesla, Inc.","stalls":8,"kw_per_stall":250.0,"mw_capacity":2.0,"status":"24/7","access":"","fee":"yes","sockets":"","voltage":"","address":"","city":"","state":"","source":"OpenStreetMap (charge-finder mirror)","osm_id":"node/7821421793","website":"https://www.tesla.com/findus/location/supercharger/restonsupercharger"}},{"type":"Feature","geometry":{"type":"Point","coordinates":[-98.6332885,29.6663009]},"properties":{"name":"Tesla Supercharger","network":"Tesla Supercharger","brand":"Tesla Supercharger","operator":"Tesla, Inc.","stalls":null,"kw_per_stall":null,"mw_capacity":null,"status":"unknown","access":"","fee":"yes","sockets":"","voltage":"","address":"","city":"","state":"","source":"OpenStreetMap (charge-finder mirror)","osm_id":"node/7841009926","website":""}},{"type":"Feature","geometry":{"type":"Point","coordinates":[-94.7955556,38.9121401]},"properties":{"name":"Olathe Supercharger","network":"Tesla Supercharger","brand":"Tesla Supercharger","operator":"Tesla, Inc.","stalls":8,"kw_per_stall":150.0,"mw_capacity":1.2,"status":"24/7","access":"","fee":"yes","sockets":"","voltage":"","address":"","city":"","state":"","source":"OpenStreetMap (charge-finder mirror)","osm_id":"node/7855630107","website":""}},{"type":"Feature","geometry":{"type":"Point","coordinates":[-79.8223345,43.3262287]},"properties":{"name":"Tesla Supercharger","network":"Tesla Supercharger","brand":"Tesla Supercharger","operator":"Tesla, Inc.","stalls":16,"kw_per_stall":null,"mw_capacity":null,"status":"24/7","access":"","fee":"","sockets":"16","voltage":"480","address":"","city":"","state":"","source":"OpenStreetMap (charge-finder mirror)","osm_id":"node/7859073963","website":""}},{"type":"Feature","geometry":{"type":"Point","coordinates":[-103.486887,31.4004119]},"properties":{"name":"Tesla Supercharger","network":"Tesla Supercharger","brand":"Tesla Supercharger","operator":"Tesla, Inc.","stalls":null,"kw_per_stall":null,"mw_capacity":null,"status":"unknown","access":"","fee":"","sockets":"","voltage":"","address":"","city":"","state":"","source":"OpenStreetMap (charge-finder mirror)","osm_id":"node/7875823173","website":""}},{"type":"Feature","geometry":{"type":"Point","coordinates":[-69.9857923,41.7967335]},"properties":{"name":"Tesla Supercharger","network":"Tesla Supercharger","brand":"Tesla Supercharger","operator":"Tesla, Inc.","stalls":12,"kw_per_stall":null,"mw_capacity":null,"status":"unknown","access":"yes","fee":"","sockets":"","voltage":"","address":"","city":"","state":"","source":"OpenStreetMap (charge-finder mirror)","osm_id":"node/7896031051","website":""}},{"type":"Feature","geometry":{"type":"Point","coordinates":[-85.2581915,45.3203419]},"properties":{"name":"Tesla Supercharger","network":"Tesla Supercharger","brand":"Tesla Supercharger","operator":"Tesla, Inc.","stalls":2,"kw_per_stall":null,"mw_capacity":null,"status":"unknown","access":"customers","fee":"","sockets":"2","voltage":"","address":"","city":"","state":"","source":"OpenStreetMap (charge-finder mirror)","osm_id":"node/7979519481","website":""}},{"type":"Feature","geometry":{"type":"Point","coordinates":[-71.9957234,45.2637535]},"properties":{"name":"Tesla Destination Charger","network":"Tesla","brand":"","operator":"Tesla, Inc.","stalls":2,"kw_per_stall":null,"mw_capacity":null,"status":"unknown","access":"","fee":"","sockets":"","voltage":"","address":"","city":"","state":"","source":"OpenStreetMap (charge-finder mirror)","osm_id":"node/7998496301","website":""}},{"type":"Feature","geometry":{"type":"Point","coordinates":[-89.3190854,43.1191389]},"properties":{"name":"Tesla Supercharger","network":"Tesla Supercharger","brand":"Tesla Supercharger","operator":"Tesla, Inc.","stalls":8,"kw_per_stall":null,"mw_capacity":null,"status":"unknown","access":"yes","fee":"no","sockets":"8","voltage":"","address":"","city":"","state":"","source":"OpenStreetMap (charge-finder mirror)","osm_id":"node/7998835785","website":""}},{"type":"Feature","geometry":{"type":"Point","coordinates":[-119.2508283,47.1026833]},"properties":{"name":"Tesla Supercharger","network":"Tesla Supercharger","brand":"Tesla Supercharger","operator":"","stalls":null,"kw_per_stall":null,"mw_capacity":null,"status":"unknown","access":"","fee":"","sockets":"","voltage":"","address":"","city":"","state":"","source":"OpenStreetMap (charge-finder mirror)","osm_id":"node/8017824709","website":""}},{"type":"Feature","geometry":{"type":"Point","coordinates":[-99.7746822,30.509264]},"properties":{"name":"Junction Supercharger","network":"Tesla Supercharger","brand":"Tesla Supercharger","operator":"Tesla, Inc.","stalls":8,"kw_per_stall":150.0,"mw_capacity":1.2,"status":"24/7","access":"","fee":"yes","sockets":"8","voltage":"","address":"2415, N Main Street, Junction, TX","city":"Junction","state":"TX","source":"OpenStreetMap (charge-finder mirror)","osm_id":"node/8078667395","website":"https://www.tesla.com/findus/location/supercharger/junctionsupercharger"}},{"type":"Feature","geometry":{"type":"Point","coordinates":[-101.196121,30.7066672]},"properties":{"name":"Ozona Tesla Supercharger","network":"Tesla Supercharger","brand":"Tesla, Inc.","operator":"Tesla, Inc.","stalls":6,"kw_per_stall":null,"mw_capacity":null,"status":"24/7","access":"","fee":"yes","sockets":"6","voltage":"","address":"1307, Avenue A, Ozona, TX","city":"Ozona","state":"TX","source":"OpenStreetMap (charge-finder mirror)","osm_id":"node/8078701377","website":"Ozona Supercharger"}},{"type":"Feature","geometry":{"type":"Point","coordinates":[-102.884567,30.9059981]},"properties":{"name":"Fort Stockton, TX Supercharger","network":"Tesla Supercharger","brand":"Tesla Supercharger","operator":"","stalls":8,"kw_per_stall":null,"mw_capacity":null,"status":"24/7","access":"","fee":"yes","sockets":"8","voltage":"","address":"2571, North Front Street, Fort Stockton, TX","city":"Fort Stockton","state":"TX","source":"OpenStreetMap (charge-finder mirror)","osm_id":"node/8078732682","website":"https://www.tesla.com/findus/location/supercharger/fortstocktonsupercharger"}},{"type":"Feature","geometry":{"type":"Point","coordinates":[-97.6669854,30.4060307]},"properties":{"name":"Homewood Suites Austin/ Tech Ridge Tesla Destination","network":"Tesla","brand":"Tesla","operator":"","stalls":1,"kw_per_stall":null,"mw_capacity":null,"status":"24/7","access":"customers","fee":"no","sockets":"","voltage":"","address":"","city":"","state":"","source":"OpenStreetMap (charge-finder mirror)","osm_id":"node/8083162548","website":""}},{"type":"Feature","geometry":{"type":"Point","coordinates":[-97.6669561,30.4060276]},"properties":{"name":"Homewood Suites Austin/ Tech Ridge Tesla Destination","network":"Tesla","brand":"Tesla","operator":"","stalls":1,"kw_per_stall":null,"mw_capacity":null,"status":"24/7","access":"customers","fee":"no","sockets":"","voltage":"","address":"","city":"","state":"","source":"OpenStreetMap (charge-finder mirror)","osm_id":"node/8083162549","website":""}},{"type":"Feature","geometry":{"type":"Point","coordinates":[-97.6669276,30.4060238]},"properties":{"name":"Homewood Suites Austin/ Tech Ridge Tesla Destination","network":"Tesla","brand":"Tesla","operator":"","stalls":1,"kw_per_stall":null,"mw_capacity":null,"status":"24/7","access":"customers","fee":"no","sockets":"","voltage":"","address":"","city":"","state":"","source":"OpenStreetMap (charge-finder mirror)","osm_id":"node/8083162550","website":""}},{"type":"Feature","geometry":{"type":"Point","coordinates":[-122.866149,45.5385957]},"properties":{"name":"Tesla Supercharger","network":"Tesla Supercharger","brand":"Tesla Supercharger","operator":"Tesla, Inc.","stalls":12,"kw_per_stall":250.0,"mw_capacity":3.0,"status":"24/7","access":"","fee":"yes","sockets":"12","voltage":"","address":"","city":"","state":"","source":"OpenStreetMap (charge-finder mirror)","osm_id":"node/8201016364","website":""}},{"type":"Feature","geometry":{"type":"Point","coordinates":[-69.9896991,41.9168066]},"properties":{"name":"Tesla Destination Charger","network":"Tesla","brand":"Tesla","operator":"","stalls":null,"kw_per_stall":null,"mw_capacity":null,"status":"unknown","access":"","fee":"","sockets":"","voltage":"","address":"","city":"","state":"","source":"OpenStreetMap (charge-finder mirror)","osm_id":"node/8215409191","website":""}},{"type":"Feature","geometry":{"type":"Point","coordinates":[-69.9897251,41.9167899]},"properties":{"name":"Tesla Destination Charger","network":"Tesla","brand":"Tesla","operator":"","stalls":null,"kw_per_stall":null,"mw_capacity":null,"status":"unknown","access":"","fee":"","sockets":"","voltage":"","address":"","city":"","state":"","source":"OpenStreetMap (charge-finder mirror)","osm_id":"node/8215409192","website":""}},{"type":"Feature","geometry":{"type":"Point","coordinates":[-82.3978365,40.3765813]},"properties":{"name":"Tesla Supercharger","network":"Tesla Supercharger","brand":"Tesla Supercharger","operator":"","stalls":null,"kw_per_stall":null,"mw_capacity":null,"status":"unknown","access":"","fee":"","sockets":"","voltage":"","address":"","city":"","state":"","source":"OpenStreetMap (charge-finder mirror)","osm_id":"node/8226102316","website":""}},{"type":"Feature","geometry":{"type":"Point","coordinates":[-103.5942804,43.7671411]},"properties":{"name":"Tesla Supercharger","network":"Tesla Supercharger","brand":"Tesla Supercharger","operator":"","stalls":null,"kw_per_stall":null,"mw_capacity":null,"status":"unknown","access":"","fee":"","sockets":"","voltage":"","address":"","city":"","state":"","source":"OpenStreetMap (charge-finder mirror)","osm_id":"node/8228214475","website":""}},{"type":"Feature","geometry":{"type":"Point","coordinates":[-92.555715,47.8982971]},"properties":{"name":"Tesla Destination Charger","network":"Tesla","brand":"","operator":"","stalls":null,"kw_per_stall":null,"mw_capacity":null,"status":"unknown","access":"","fee":"","sockets":"","voltage":"","address":"","city":"","state":"","source":"OpenStreetMap (charge-finder mirror)","osm_id":"node/8229067476","website":""}},{"type":"Feature","geometry":{"type":"Point","coordinates":[-107.8764,38.4816216]},"properties":{"name":"Tesla Supercharger","network":"Tesla Supercharger","brand":"Tesla Supercharger","operator":"Tesla, Inc.","stalls":8,"kw_per_stall":null,"mw_capacity":null,"status":"unknown","access":"yes","fee":"yes","sockets":"8","voltage":"","address":"","city":"","state":"","source":"OpenStreetMap (charge-finder mirror)","osm_id":"node/8235477238","website":"https://www.tesla.com/findus/location/supercharger/montrosecosupercharger"}},{"type":"Feature","geometry":{"type":"Point","coordinates":[-74.1335944,40.962535]},"properties":{"name":"Tesla Destination Charger","network":"Tesla","brand":"Tesla","operator":"Glen Rock","stalls":1,"kw_per_stall":null,"mw_capacity":null,"status":"unknown","access":"yes","fee":"no","sockets":"","voltage":"","address":"","city":"","state":"","source":"OpenStreetMap (charge-finder mirror)","osm_id":"node/8241367686","website":""}},{"type":"Feature","geometry":{"type":"Point","coordinates":[-107.5388628,40.5141317]},"properties":{"name":"Tesla Supercharger","network":"Tesla Supercharger","brand":"Tesla Supercharger","operator":"Tesla, Inc.","stalls":8,"kw_per_stall":null,"mw_capacity":null,"status":"unknown","access":"yes","fee":"yes","sockets":"8","voltage":"","address":"","city":"","state":"","source":"OpenStreetMap (charge-finder mirror)","osm_id":"node/8258408447","website":""}},{"type":"Feature","geometry":{"type":"Point","coordinates":[-72.3133061,46.0583465]},"properties":{"name":"Tesla Supercharger - Madrid 2.0","network":"Tesla Supercharger","brand":"Tesla Supercharger","operator":"Tesla","stalls":null,"kw_per_stall":null,"mw_capacity":null,"status":"unknown","access":"","fee":"","sockets":"","voltage":"","address":"","city":"","state":"","source":"OpenStreetMap (charge-finder mirror)","osm_id":"node/8260788985","website":""}},{"type":"Feature","geometry":{"type":"Point","coordinates":[-122.315823,47.3148845]},"properties":{"name":"Tesla Supercharger","network":"Tesla Supercharger","brand":"Tesla Supercharger","operator":"Tesla, Inc.","stalls":12,"kw_per_stall":null,"mw_capacity":null,"status":"unknown","access":"yes","fee":"","sockets":"","voltage":"","address":"","city":"","state":"","source":"OpenStreetMap (charge-finder mirror)","osm_id":"node/8304964433","website":""}},{"type":"Feature","geometry":{"type":"Point","coordinates":[-122.348664,37.919877]},"properties":{"name":"Richmond Supercharger","network":"Tesla Supercharger","brand":"Tesla, Inc.","operator":"Tesla, Inc.","stalls":null,"kw_per_stall":null,"mw_capacity":null,"status":"unknown","access":"yes","fee":"yes","sockets":"","voltage":"","address":"","city":"","state":"","source":"OpenStreetMap (charge-finder mirror)","osm_id":"node/8322884239","website":""}},{"type":"Feature","geometry":{"type":"Point","coordinates":[-76.6689989,39.2689153]},"properties":{"name":"Tesla","network":"Tesla","brand":"","operator":"Tesla Motors","stalls":5,"kw_per_stall":null,"mw_capacity":null,"status":"unknown","access":"","fee":"","sockets":"","voltage":"","address":"","city":"","state":"","source":"OpenStreetMap (charge-finder mirror)","osm_id":"node/8343978042","website":""}},{"type":"Feature","geometry":{"type":"Point","coordinates":[-70.3071052,41.6765977]},"properties":{"name":"Tesla Supercharger","network":"Tesla Supercharger","brand":"Tesla Supercharger","operator":"","stalls":null,"kw_per_stall":null,"mw_capacity":null,"status":"unknown","access":"","fee":"","sockets":"","voltage":"","address":"","city":"","state":"","source":"OpenStreetMap (charge-finder mirror)","osm_id":"node/8352598822","website":""}},{"type":"Feature","geometry":{"type":"Point","coordinates":[-105.154071,39.7337829]},"properties":{"name":"Tesla Supercharger","network":"Tesla Supercharger","brand":"Tesla Supercharger","operator":"Tesla, Inc.","stalls":16,"kw_per_stall":null,"mw_capacity":null,"status":"24/7","access":"yes","fee":"yes","sockets":"","voltage":"","address":"","city":"","state":"","source":"OpenStreetMap (charge-finder mirror)","osm_id":"node/8356354883","website":"https://www.tesla.com/findus/location/supercharger/lakewoodwcosupercharger"}},{"type":"Feature","geometry":{"type":"Point","coordinates":[-77.683067,43.0847341]},"properties":{"name":"Tesla Destination Charger","network":"Tesla","brand":"Tesla, Inc.","operator":"","stalls":null,"kw_per_stall":null,"mw_capacity":null,"status":"unknown","access":"","fee":"","sockets":"","voltage":"","address":"","city":"","state":"","source":"OpenStreetMap (charge-finder mirror)","osm_id":"node/8373632583","website":""}},{"type":"Feature","geometry":{"type":"Point","coordinates":[-86.8910442,41.6737908]},"properties":{"name":"Michigan City, IN Supercharger","network":"Tesla Supercharger","brand":"Tesla, Inc.","operator":"Tesla, Inc.","stalls":8,"kw_per_stall":250.0,"mw_capacity":2.0,"status":"24/7","access":"customers","fee":"yes","sockets":"8","voltage":"","address":"5150, US 421","city":"","state":"","source":"OpenStreetMap (charge-finder mirror)","osm_id":"node/8401078342","website":"https://www.tesla.com/findus?location=michigancityinsupercharger"}},{"type":"Feature","geometry":{"type":"Point","coordinates":[-77.6426759,38.8151467]},"properties":{"name":"Tesla Supercharger","network":"Tesla Supercharger","brand":"Tesla Supercharger","operator":"Tesla, Inc.","stalls":null,"kw_per_stall":null,"mw_capacity":null,"status":"unknown","access":"","fee":"","sockets":"","voltage":"","address":"","city":"","state":"","source":"OpenStreetMap (charge-finder mirror)","osm_id":"node/8406208086","website":""}},{"type":"Feature","geometry":{"type":"Point","coordinates":[-79.4190345,37.7969477]},"properties":{"name":"Buckeye Supercharger","network":"Tesla Supercharger","brand":"Tesla, Inc.","operator":"Tesla, Inc.","stalls":8,"kw_per_stall":null,"mw_capacity":null,"status":"24/7","access":"","fee":"yes","sockets":"","voltage":"","address":"","city":"","state":"","source":"OpenStreetMap (charge-finder mirror)","osm_id":"node/8410134401","website":""}},{"type":"Feature","geometry":{"type":"Point","coordinates":[-79.2699375,36.0698202]},"properties":{"name":"Tesla Destination Charger","network":"Tesla","brand":"Tesla, Inc.","operator":"","stalls":8,"kw_per_stall":null,"mw_capacity":null,"status":"unknown","access":"","fee":"","sockets":"","voltage":"","address":"","city":"","state":"","source":"OpenStreetMap (charge-finder mirror)","osm_id":"node/8419525995","website":""}},{"type":"Feature","geometry":{"type":"Point","coordinates":[-121.3804938,36.9898612]},"properties":{"name":"Tesla Supercharger","network":"Tesla Supercharger","brand":"Tesla Supercharger","operator":"","stalls":10,"kw_per_stall":null,"mw_capacity":null,"status":"unknown","access":"","fee":"","sockets":"","voltage":"","address":"","city":"","state":"","source":"OpenStreetMap (charge-finder mirror)","osm_id":"node/8441777968","website":""}},{"type":"Feature","geometry":{"type":"Point","coordinates":[-122.027833,37.0474938]},"properties":{"name":"Tesla Supercharger","network":"Tesla Supercharger","brand":"Tesla Supercharger","operator":"Tesla, Inc.","stalls":16,"kw_per_stall":null,"mw_capacity":null,"status":"unknown","access":"","fee":"","sockets":"","voltage":"","address":"","city":"","state":"","source":"OpenStreetMap (charge-finder mirror)","osm_id":"node/8452031228","website":""}},{"type":"Feature","geometry":{"type":"Point","coordinates":[-122.198041,37.423186]},"properties":{"name":"Tesla Supercharger","network":"Tesla Supercharger","brand":"Tesla Supercharger","operator":"Tesla, Inc.","stalls":null,"kw_per_stall":null,"mw_capacity":null,"status":"unknown","access":"","fee":"","sockets":"","voltage":"","address":"","city":"","state":"","source":"OpenStreetMap (charge-finder mirror)","osm_id":"node/8464920941","website":""}},{"type":"Feature","geometry":{"type":"Point","coordinates":[-88.2080542,41.7691068]},"properties":{"name":"Aurora IL-59 Supercharger","network":"Tesla Supercharger","brand":"Tesla, Inc.","operator":"Tesla, Inc.","stalls":12,"kw_per_stall":null,"mw_capacity":null,"status":"24/7","access":"","fee":"yes","sockets":"12","voltage":"","address":"","city":"","state":"","source":"OpenStreetMap (charge-finder mirror)","osm_id":"node/8477334822","website":"https://www.tesla.com/findus/location/supercharger/aurorail59supercharger"}},{"type":"Feature","geometry":{"type":"Point","coordinates":[-120.684252,35.2537345]},"properties":{"name":"Tesla Supercharger","network":"Tesla Supercharger","brand":"Tesla Supercharger","operator":"Tesla, Inc.","stalls":16,"kw_per_stall":null,"mw_capacity":null,"status":"unknown","access":"","fee":"","sockets":"","voltage":"","address":"","city":"","state":"","source":"OpenStreetMap (charge-finder mirror)","osm_id":"node/8477373134","website":""}},{"type":"Feature","geometry":{"type":"Point","coordinates":[-76.6236915,36.9823849]},"properties":{"name":"Tesla Destination Charger","network":"Tesla Supercharger","brand":"Tesla, Inc.","operator":"","stalls":4,"kw_per_stall":16.0,"mw_capacity":0.064,"status":"24/7","access":"yes","fee":"yes","sockets":"4","voltage":"","address":"","city":"","state":"","source":"OpenStreetMap (charge-finder mirror)","osm_id":"node/8523970805","website":""}},{"type":"Feature","geometry":{"type":"Point","coordinates":[-76.9373585,38.9701622]},"properties":{"name":"Tesla Supercharger","network":"Tesla Supercharger","brand":"Tesla Supercharger","operator":"Tesla, Inc.","stalls":8,"kw_per_stall":null,"mw_capacity":null,"status":"unknown","access":"","fee":"","sockets":"","voltage":"","address":"","city":"","state":"","source":"OpenStreetMap (charge-finder mirror)","osm_id":"node/8544809417","website":""}},{"type":"Feature","geometry":{"type":"Point","coordinates":[-84.465776,33.9037139]},"properties":{"name":"Tesla Supercharger","network":"Tesla Supercharger","brand":"Tesla Supercharger","operator":"Tesla, Inc.","stalls":12,"kw_per_stall":250.0,"mw_capacity":3.0,"status":"24/7","access":"","fee":"","sockets":"12","voltage":"","address":"3000, Windy Hill Road Southeast, Marietta, GA","city":"Marietta","state":"GA","source":"OpenStreetMap (charge-finder mirror)","osm_id":"node/8567967230","website":""}},{"type":"Feature","geometry":{"type":"Point","coordinates":[-97.0591975,32.8246906]},"properties":{"name":"Tesla Destination Charger","network":"Tesla","brand":"Tesla, Inc.","operator":"Tesla, Inc.","stalls":1,"kw_per_stall":null,"mw_capacity":null,"status":"24/7","access":"customers","fee":"","sockets":"","voltage":"","address":"","city":"","state":"","source":"OpenStreetMap (charge-finder mirror)","osm_id":"node/8584136351","website":""}},{"type":"Feature","geometry":{"type":"Point","coordinates":[-95.6952869,29.5615582]},"properties":{"name":"Richmond, TX Supercharger","network":"Tesla Supercharger","brand":"Tesla, Inc.","operator":"Tesla, Inc.","stalls":8,"kw_per_stall":null,"mw_capacity":null,"status":"unknown","access":"","fee":"yes","sockets":"8","voltage":"","address":"","city":"","state":"","source":"OpenStreetMap (charge-finder mirror)","osm_id":"node/8604110014","website":""}},{"type":"Feature","geometry":{"type":"Point","coordinates":[-74.0116051,45.4164727]},"properties":{"name":"Tesla","network":"Tesla","brand":"","operator":"Tesla","stalls":3,"kw_per_stall":null,"mw_capacity":null,"status":"unknown","access":"destination","fee":"","sockets":"","voltage":"","address":"","city":"","state":"","source":"OpenStreetMap (charge-finder mirror)","osm_id":"node/8607636632","website":""}},{"type":"Feature","geometry":{"type":"Point","coordinates":[-103.181847,36.4494949]},"properties":{"name":"Tesla Supercharger","network":"Tesla Supercharger","brand":"Tesla Supercharger","operator":"Tesla, Inc.","stalls":8,"kw_per_stall":null,"mw_capacity":null,"status":"unknown","access":"","fee":"","sockets":"","voltage":"","address":"","city":"","state":"","source":"OpenStreetMap (charge-finder mirror)","osm_id":"node/8608973551","website":""}},{"type":"Feature","geometry":{"type":"Point","coordinates":[-79.9947572,36.0949873]},"properties":{"name":"Tesla Supercharger","network":"Tesla Supercharger","brand":"Tesla Supercharger","operator":"","stalls":8,"kw_per_stall":null,"mw_capacity":null,"status":"unknown","access":"","fee":"","sockets":"","voltage":"","address":"","city":"","state":"","source":"OpenStreetMap (charge-finder mirror)","osm_id":"node/8608987660","website":""}},{"type":"Feature","geometry":{"type":"Point","coordinates":[-75.3977239,39.6977114]},"properties":{"name":"Tesla Supercharger","network":"Tesla Supercharger","brand":"Tesla Supercharger","operator":"Tesla, Inc.","stalls":8,"kw_per_stall":null,"mw_capacity":null,"status":"unknown","access":"","fee":"","sockets":"","voltage":"","address":"","city":"","state":"","source":"OpenStreetMap (charge-finder mirror)","osm_id":"node/8609007064","website":""}},{"type":"Feature","geometry":{"type":"Point","coordinates":[-75.3952035,39.6957955]},"properties":{"name":"Tesla Supercharger","network":"Tesla Supercharger","brand":"Tesla Supercharger","operator":"Tesla, Inc.","stalls":8,"kw_per_stall":null,"mw_capacity":null,"status":"unknown","access":"","fee":"","sockets":"","voltage":"","address":"","city":"","state":"","source":"OpenStreetMap (charge-finder mirror)","osm_id":"node/8609007074","website":""}},{"type":"Feature","geometry":{"type":"Point","coordinates":[-122.057361,37.3726751]},"properties":{"name":"Tesla Supercharger","network":"Tesla Supercharger","brand":"Tesla Supercharger","operator":"Tesla, Inc.","stalls":16,"kw_per_stall":null,"mw_capacity":null,"status":"unknown","access":"","fee":"","sockets":"","voltage":"","address":"","city":"","state":"","source":"OpenStreetMap (charge-finder mirror)","osm_id":"node/8609009058","website":""}},{"type":"Feature","geometry":{"type":"Point","coordinates":[-88.8932841,30.4590732]},"properties":{"name":"Tesla Supercharger","network":"Tesla Supercharger","brand":"Tesla Supercharger","operator":"Tesla, Inc.","stalls":12,"kw_per_stall":null,"mw_capacity":null,"status":"unknown","access":"","fee":"","sockets":"","voltage":"","address":"","city":"","state":"","source":"OpenStreetMap (charge-finder mirror)","osm_id":"node/8609030209","website":""}},{"type":"Feature","geometry":{"type":"Point","coordinates":[-121.18936,38.8173713]},"properties":{"name":"Tesla Supercharger","network":"Tesla Supercharger","brand":"Tesla Supercharger","operator":"Tesla, Inc.","stalls":8,"kw_per_stall":null,"mw_capacity":null,"status":"unknown","access":"","fee":"","sockets":"","voltage":"","address":"","city":"","state":"","source":"OpenStreetMap (charge-finder mirror)","osm_id":"node/8609048799","website":""}},{"type":"Feature","geometry":{"type":"Point","coordinates":[-81.6375055,30.6239836]},"properties":{"name":"Supercharger","network":"Tesla Supercharger","brand":"Tesla, Inc.","operator":"Tesla, Inc.","stalls":8,"kw_per_stall":null,"mw_capacity":null,"status":"unknown","access":"yes","fee":"no","sockets":"","voltage":"","address":"","city":"","state":"","source":"OpenStreetMap (charge-finder mirror)","osm_id":"node/8609051620","website":""}},{"type":"Feature","geometry":{"type":"Point","coordinates":[-119.178064,34.2380729]},"properties":{"name":"Tesla Supercharger","network":"Tesla Supercharger","brand":"Tesla Supercharger","operator":"Tesla, Inc.","stalls":20,"kw_per_stall":null,"mw_capacity":null,"status":"unknown","access":"","fee":"","sockets":"","voltage":"","address":"","city":"","state":"","source":"OpenStreetMap (charge-finder mirror)","osm_id":"node/8609071951","website":""}},{"type":"Feature","geometry":{"type":"Point","coordinates":[-122.806056,49.1922892]},"properties":{"name":"Tesla Supercharger","network":"Tesla Supercharger","brand":"Tesla Supercharger","operator":"Tesla, Inc.","stalls":20,"kw_per_stall":null,"mw_capacity":null,"status":"unknown","access":"private","fee":"","sockets":"","voltage":"","address":"","city":"","state":"","source":"OpenStreetMap (charge-finder mirror)","osm_id":"node/8648379469","website":""}},{"type":"Feature","geometry":{"type":"Point","coordinates":[-122.86237,49.2343195]},"properties":{"name":"Tesla Supercharger","network":"Tesla Supercharger","brand":"Tesla Supercharger","operator":"Tesla, Inc.","stalls":12,"kw_per_stall":null,"mw_capacity":null,"status":"unknown","access":"private","fee":"","sockets":"","voltage":"","address":"","city":"","state":"","source":"OpenStreetMap (charge-finder mirror)","osm_id":"node/8648615720","website":""}},{"type":"Feature","geometry":{"type":"Point","coordinates":[-123.070874,49.3277949]},"properties":{"name":"Tesla Supercharger","network":"Tesla Supercharger","brand":"Tesla Supercharger","operator":"Tesla, Inc.","stalls":8,"kw_per_stall":null,"mw_capacity":null,"status":"unknown","access":"private","fee":"","sockets":"","voltage":"","address":"","city":"","state":"","source":"OpenStreetMap (charge-finder mirror)","osm_id":"node/8648681216","website":""}},{"type":"Feature","geometry":{"type":"Point","coordinates":[-122.19167,47.7674737]},"properties":{"name":"Tesla Supercharger","network":"Tesla Supercharger","brand":"Tesla Supercharger","operator":"Tesla, Inc.","stalls":10,"kw_per_stall":null,"mw_capacity":null,"status":"unknown","access":"","fee":"","sockets":"","voltage":"","address":"","city":"","state":"","source":"OpenStreetMap (charge-finder mirror)","osm_id":"node/8692311228","website":""}},{"type":"Feature","geometry":{"type":"Point","coordinates":[-117.995637,33.8605906]},"properties":{"name":"Tesla Supercharger","network":"Tesla Supercharger","brand":"Tesla Supercharger","operator":"Tesla, Inc.","stalls":null,"kw_per_stall":null,"mw_capacity":null,"status":"unknown","access":"","fee":"","sockets":"","voltage":"","address":"","city":"","state":"","source":"OpenStreetMap (charge-finder mirror)","osm_id":"node/8702512690","website":""}},{"type":"Feature","geometry":{"type":"Point","coordinates":[-117.6078017,33.4632251]},"properties":{"name":"San Clemente - Avenida Vista Hermosa Supercharger","network":"Tesla Supercharger","brand":"Tesla Supercharger","operator":"Tesla, Inc.","stalls":12,"kw_per_stall":250.0,"mw_capacity":3.0,"status":"24/7","access":"customers","fee":"yes","sockets":"12","voltage":"","address":"990, Avenida Vista Hermosa, San Clemente","city":"San Clemente","state":"","source":"OpenStreetMap (charge-finder mirror)","osm_id":"node/8722689906","website":"https://www.tesla.com/findus/location/supercharger/sanclementecaavenidavistahermosasupercharger"}},{"type":"Feature","geometry":{"type":"Point","coordinates":[-80.8407883,28.5528364]},"properties":{"name":"Tesla Supercharger","network":"Tesla Supercharger","brand":"Tesla Supercharger","operator":"Tesla, Inc.","stalls":null,"kw_per_stall":null,"mw_capacity":null,"status":"unknown","access":"","fee":"","sockets":"","voltage":"","address":"","city":"","state":"","source":"OpenStreetMap (charge-finder mirror)","osm_id":"node/8735284464","website":""}},{"type":"Feature","geometry":{"type":"Point","coordinates":[-80.8408563,28.5528678]},"properties":{"name":"Tesla Supercharger","network":"Tesla Supercharger","brand":"Tesla Supercharger","operator":"Tesla, Inc.","stalls":null,"kw_per_stall":null,"mw_capacity":null,"status":"unknown","access":"","fee":"","sockets":"","voltage":"","address":"","city":"","state":"","source":"OpenStreetMap (charge-finder mirror)","osm_id":"node/8735284465","website":""}},{"type":"Feature","geometry":{"type":"Point","coordinates":[-80.8407186,28.5528058]},"properties":{"name":"Tesla Supercharger","network":"Tesla Supercharger","brand":"Tesla Supercharger","operator":"Tesla, Inc.","stalls":null,"kw_per_stall":null,"mw_capacity":null,"status":"unknown","access":"","fee":"","sockets":"","voltage":"","address":"","city":"","state":"","source":"OpenStreetMap (charge-finder mirror)","osm_id":"node/8735284466","website":""}},{"type":"Feature","geometry":{"type":"Point","coordinates":[-80.8406113,28.5527327]},"properties":{"name":"Tesla Supercharger","network":"Tesla Supercharger","brand":"Tesla Supercharger","operator":"Tesla, Inc.","stalls":null,"kw_per_stall":null,"mw_capacity":null,"status":"unknown","access":"","fee":"","sockets":"","voltage":"","address":"","city":"","state":"","source":"OpenStreetMap (charge-finder mirror)","osm_id":"node/8735284467","website":""}},{"type":"Feature","geometry":{"type":"Point","coordinates":[-80.8405997,28.5526542]},"properties":{"name":"Tesla Supercharger","network":"Tesla Supercharger","brand":"Tesla Supercharger","operator":"Tesla, Inc.","stalls":null,"kw_per_stall":null,"mw_capacity":null,"status":"unknown","access":"","fee":"","sockets":"","voltage":"","address":"","city":"","state":"","source":"OpenStreetMap (charge-finder mirror)","osm_id":"node/8735284468","website":""}},{"type":"Feature","geometry":{"type":"Point","coordinates":[-80.8405952,28.5525756]},"properties":{"name":"Tesla Supercharger","network":"Tesla Supercharger","brand":"Tesla Supercharger","operator":"Tesla, Inc.","stalls":null,"kw_per_stall":null,"mw_capacity":null,"status":"unknown","access":"","fee":"","sockets":"","voltage":"","address":"","city":"","state":"","source":"OpenStreetMap (charge-finder mirror)","osm_id":"node/8735284469","website":""}},{"type":"Feature","geometry":{"type":"Point","coordinates":[-77.5017938,39.0084195]},"properties":{"name":"Ashburn Supercharger","network":"Tesla Supercharger","brand":"Tesla, Inc.","operator":"Tesla, Inc.","stalls":8,"kw_per_stall":250.0,"mw_capacity":2.0,"status":"24/7","access":"","fee":"yes","sockets":"8","voltage":"","address":"","city":"","state":"","source":"OpenStreetMap (charge-finder mirror)","osm_id":"node/8753934933","website":""}},{"type":"Feature","geometry":{"type":"Point","coordinates":[-102.2422665,43.9940509]},"properties":{"name":"Tesla Supercharger","network":"Tesla Supercharger","brand":"Tesla Supercharger","operator":"","stalls":8,"kw_per_stall":null,"mw_capacity":null,"status":"unknown","access":"","fee":"","sockets":"","voltage":"","address":"","city":"","state":"","source":"OpenStreetMap (charge-finder mirror)","osm_id":"node/8758881071","website":""}},{"type":"Feature","geometry":{"type":"Point","coordinates":[-110.0743689,31.7225832]},"properties":{"name":"Tesla Destination Charger","network":"Tesla","brand":"","operator":"","stalls":null,"kw_per_stall":null,"mw_capacity":null,"status":"unknown","access":"","fee":"","sockets":"","voltage":"","address":"","city":"","state":"","source":"OpenStreetMap (charge-finder mirror)","osm_id":"node/8759107230","website":""}},{"type":"Feature","geometry":{"type":"Point","coordinates":[-80.7659887,35.3412109]},"properties":{"name":"Tesla Supercharger","network":"Tesla Supercharger","brand":"Tesla Supercharger","operator":"Tesla, Inc.","stalls":8,"kw_per_stall":null,"mw_capacity":null,"status":"unknown","access":"customers","fee":"","sockets":"8","voltage":"","address":"","city":"","state":"","source":"OpenStreetMap (charge-finder mirror)","osm_id":"node/8764135701","website":""}},{"type":"Feature","geometry":{"type":"Point","coordinates":[-87.0850365,45.7501553]},"properties":{"name":"Escanaba, MI Supercharger","network":"Tesla Supercharger","brand":"Tesla Supercharger","operator":"Tesla, Inc.","stalls":8,"kw_per_stall":250.0,"mw_capacity":2.0,"status":"24/7","access":"customers","fee":"yes","sockets":"8","voltage":"","address":"505, North 26th Street","city":"","state":"","source":"OpenStreetMap (charge-finder mirror)","osm_id":"node/8766492434","website":"https://www.tesla.com/findus/location/supercharger/EscanabaMIsupercharger"}},{"type":"Feature","geometry":{"type":"Point","coordinates":[-76.5637167,39.2747036]},"properties":{"name":"Tesla Supercharger","network":"Tesla Supercharger","brand":"Tesla Supercharger","operator":"","stalls":null,"kw_per_stall":null,"mw_capacity":null,"status":"unknown","access":"","fee":"","sockets":"","voltage":"","address":"","city":"","state":"","source":"OpenStreetMap (charge-finder mirror)","osm_id":"node/8779108248","website":""}},{"type":"Feature","geometry":{"type":"Point","coordinates":[-95.5385326,29.7360124]},"properties":{"name":"Houston, TX - 9633 Westheimer Road Supercharger","network":"Tesla Supercharger","brand":"Tesla Supercharger","operator":"Tesla, Inc.","stalls":16,"kw_per_stall":null,"mw_capacity":null,"status":"unknown","access":"yes","fee":"","sockets":"","voltage":"","address":"","city":"","state":"","source":"OpenStreetMap (charge-finder mirror)","osm_id":"node/8783866410","website":""}},{"type":"Feature","geometry":{"type":"Point","coordinates":[-77.9017616,40.8156105]},"properties":{"name":"State College, PA Supercharger","network":"Tesla Supercharger","brand":"","operator":"Tesla, Inc","stalls":null,"kw_per_stall":null,"mw_capacity":null,"status":"unknown","access":"","fee":"","sockets":"","voltage":"","address":"223, Colonnade Boulevard, State College, PA","city":"State College","state":"PA","source":"OpenStreetMap (charge-finder mirror)","osm_id":"node/8789499093","website":""}},{"type":"Feature","geometry":{"type":"Point","coordinates":[-116.952181,33.9227132]},"properties":{"name":"Tesla Supercharger","network":"Tesla Supercharger","brand":"Tesla Supercharger","operator":"Tesla, Inc.","stalls":20,"kw_per_stall":250.0,"mw_capacity":5.0,"status":"24/7","access":"customers","fee":"yes","sockets":"20","voltage":"","address":"1540, E. 2nd Street, Beaumont","city":"Beaumont","state":"","source":"OpenStreetMap (charge-finder mirror)","osm_id":"node/8813768916","website":"https://www.tesla.com/findus/location/supercharger/beaumontcasupercharger"}},{"type":"Feature","geometry":{"type":"Point","coordinates":[-121.8606926,37.2507971]},"properties":{"name":"Tesla Supercharger","network":"Tesla Supercharger","brand":"Tesla Supercharger","operator":"Tesla","stalls":24,"kw_per_stall":null,"mw_capacity":null,"status":"unknown","access":"customers","fee":"yes","sockets":"","voltage":"","address":"","city":"","state":"","source":"OpenStreetMap (charge-finder mirror)","osm_id":"node/8868919486","website":""}},{"type":"Feature","geometry":{"type":"Point","coordinates":[-121.8605548,37.2506215]},"properties":{"name":"Tesla Supercharger","network":"Tesla Supercharger","brand":"Tesla Supercharger","operator":"Tesla","stalls":5,"kw_per_stall":null,"mw_capacity":null,"status":"unknown","access":"yes","fee":"no","sockets":"","voltage":"","address":"","city":"","state":"","source":"OpenStreetMap (charge-finder mirror)","osm_id":"node/8868919487","website":""}},{"type":"Feature","geometry":{"type":"Point","coordinates":[-71.1113098,44.0549944]},"properties":{"name":"Cranmore Destination Charger","network":"Tesla","brand":"","operator":"Tesla, Inc","stalls":null,"kw_per_stall":null,"mw_capacity":null,"status":"unknown","access":"","fee":"no","sockets":"","voltage":"","address":"","city":"","state":"","source":"OpenStreetMap (charge-finder mirror)","osm_id":"node/8870488510","website":"https://www.tesla.com/findus/location/charger/dc16444"}},{"type":"Feature","geometry":{"type":"Point","coordinates":[-71.1113658,44.0549789]},"properties":{"name":"Cranmore Destination Charger","network":"Tesla","brand":"","operator":"Tesla, Inc","stalls":null,"kw_per_stall":null,"mw_capacity":null,"status":"unknown","access":"","fee":"no","sockets":"","voltage":"","address":"","city":"","state":"","source":"OpenStreetMap (charge-finder mirror)","osm_id":"node/8870488511","website":"https://www.tesla.com/findus/location/charger/dc16444"}},{"type":"Feature","geometry":{"type":"Point","coordinates":[-104.748652,39.9719769]},"properties":{"name":"Tesla Supercharger","network":"Tesla Supercharger","brand":"Tesla Supercharger","operator":"Tesla, Inc.","stalls":8,"kw_per_stall":null,"mw_capacity":null,"status":"unknown","access":"","fee":"","sockets":"","voltage":"","address":"","city":"","state":"","source":"OpenStreetMap (charge-finder mirror)","osm_id":"node/8872812831","website":""}},{"type":"Feature","geometry":{"type":"Point","coordinates":[-85.2121942,41.1247674]},"properties":{"name":"Sweetwater Supercharger","network":"Tesla Supercharger","brand":"Tesla Supercharger","operator":"Tesla, Inc.","stalls":2,"kw_per_stall":150.0,"mw_capacity":0.3,"status":"24/7","access":"","fee":"no","sockets":"2","voltage":"","address":"","city":"","state":"","source":"OpenStreetMap (charge-finder mirror)","osm_id":"node/8875431301","website":""}},{"type":"Feature","geometry":{"type":"Point","coordinates":[-80.3080265,25.7484559]},"properties":{"name":"Tesla Supercharger","network":"Tesla Supercharger","brand":"Tesla Supercharger","operator":"Tesla, Inc.","stalls":7,"kw_per_stall":null,"mw_capacity":null,"status":"24/7","access":"yes","fee":"yes","sockets":"","voltage":"","address":"","city":"","state":"","source":"OpenStreetMap (charge-finder mirror)","osm_id":"node/8880621276","website":""}},{"type":"Feature","geometry":{"type":"Point","coordinates":[-122.987901,44.9390369]},"properties":{"name":"Tesla Supercharger","network":"Tesla Supercharger","brand":"Tesla Supercharger","operator":"Tesla, Inc.","stalls":12,"kw_per_stall":null,"mw_capacity":null,"status":"unknown","access":"","fee":"","sockets":"12","voltage":"","address":"","city":"","state":"","source":"OpenStreetMap (charge-finder mirror)","osm_id":"node/8881135031","website":""}},{"type":"Feature","geometry":{"type":"Point","coordinates":[-79.5386082,43.8272722]},"properties":{"name":"Tesla Supercharger","network":"Tesla Supercharger","brand":"Tesla Supercharger","operator":"Tesla, Inc.","stalls":null,"kw_per_stall":null,"mw_capacity":null,"status":"unknown","access":"","fee":"","sockets":"","voltage":"","address":"","city":"","state":"","source":"OpenStreetMap (charge-finder mirror)","osm_id":"node/8883473974","website":""}},{"type":"Feature","geometry":{"type":"Point","coordinates":[-120.2319523,37.8387406]},"properties":{"name":"Tesla Supercharger","network":"Tesla Supercharger","brand":"Tesla Supercharger","operator":"Tesla, Inc.","stalls":null,"kw_per_stall":null,"mw_capacity":null,"status":"unknown","access":"","fee":"","sockets":"","voltage":"","address":"","city":"","state":"","source":"OpenStreetMap (charge-finder mirror)","osm_id":"node/8891146323","website":""}},{"type":"Feature","geometry":{"type":"Point","coordinates":[-72.8769793,46.2622129]},"properties":{"name":"Tesla Supercharger","network":"Tesla Supercharger","brand":"Tesla Supercharger","operator":"Tesla, Inc.","stalls":8,"kw_per_stall":null,"mw_capacity":null,"status":"unknown","access":"","fee":"yes","sockets":"","voltage":"","address":"","city":"","state":"","source":"OpenStreetMap (charge-finder mirror)","osm_id":"node/8898464148","website":""}},{"type":"Feature","geometry":{"type":"Point","coordinates":[-84.1875343,33.4258814]},"properties":{"name":"Tesla Supercharger","network":"Tesla Supercharger","brand":"Tesla Supercharger","operator":"Tesla, Inc.","stalls":12,"kw_per_stall":null,"mw_capacity":null,"status":"unknown","access":"","fee":"","sockets":"","voltage":"","address":"","city":"","state":"","source":"OpenStreetMap (charge-finder mirror)","osm_id":"node/8917521180","website":""}},{"type":"Feature","geometry":{"type":"Point","coordinates":[-92.3287848,42.4593455]},"properties":{"name":"Tesla Supercharger","network":"Tesla Supercharger","brand":"Tesla Supercharger","operator":"Tesla, Inc.","stalls":null,"kw_per_stall":250.0,"mw_capacity":null,"status":"unknown","access":"yes","fee":"yes","sockets":"","voltage":"","address":"","city":"","state":"","source":"OpenStreetMap (charge-finder mirror)","osm_id":"node/8939399235","website":""}},{"type":"Feature","geometry":{"type":"Point","coordinates":[-84.2846775,30.4451924]},"properties":{"name":"Tesla Supercharger","network":"Tesla Supercharger","brand":"Tesla Supercharger","operator":"Tesla, Inc.","stalls":1,"kw_per_stall":null,"mw_capacity":null,"status":"unknown","access":"customers","fee":"no","sockets":"1","voltage":"","address":"","city":"","state":"","source":"OpenStreetMap (charge-finder mirror)","osm_id":"node/8940072740","website":""}},{"type":"Feature","geometry":{"type":"Point","coordinates":[-84.2846783,30.4452183]},"properties":{"name":"Tesla Supercharger","network":"Tesla Supercharger","brand":"Tesla Supercharger","operator":"Tesla, Inc.","stalls":1,"kw_per_stall":null,"mw_capacity":null,"status":"unknown","access":"customers","fee":"no","sockets":"1","voltage":"","address":"","city":"","state":"","source":"OpenStreetMap (charge-finder mirror)","osm_id":"node/8940072741","website":""}},{"type":"Feature","geometry":{"type":"Point","coordinates":[-84.2846773,30.4452497]},"properties":{"name":"Tesla Supercharger","network":"Tesla Supercharger","brand":"Tesla Supercharger","operator":"Tesla, Inc.","stalls":1,"kw_per_stall":null,"mw_capacity":null,"status":"unknown","access":"customers","fee":"no","sockets":"1","voltage":"","address":"","city":"","state":"","source":"OpenStreetMap (charge-finder mirror)","osm_id":"node/8940072742","website":""}},{"type":"Feature","geometry":{"type":"Point","coordinates":[-117.2825946,33.9398543]},"properties":{"name":"Riverside - Canyon Springs Parkway Supercharger","network":"Tesla Supercharger","brand":"Tesla Supercharger","operator":"Tesla, Inc.","stalls":16,"kw_per_stall":250.0,"mw_capacity":4.0,"status":"24/7","access":"customers","fee":"yes","sockets":"16","voltage":"","address":"2755, Canyon Springs Parkway, Riverside","city":"Riverside","state":"","source":"OpenStreetMap (charge-finder mirror)","osm_id":"node/8942600413","website":"https://www.tesla.com/findus/location/supercharger/riversidecanyonspringssupercharger"}},{"type":"Feature","geometry":{"type":"Point","coordinates":[-117.769019,33.6898248]},"properties":{"name":"Tesla Supercharger","network":"Tesla Supercharger","brand":"Tesla Supercharger","operator":"Tesla, Inc.","stalls":8,"kw_per_stall":null,"mw_capacity":null,"status":"unknown","access":"","fee":"","sockets":"","voltage":"","address":"","city":"","state":"","source":"OpenStreetMap (charge-finder mirror)","osm_id":"node/8942695683","website":""}},{"type":"Feature","geometry":{"type":"Point","coordinates":[-117.174109,33.6796576]},"properties":{"name":"Tesla Supercharger","network":"Tesla Supercharger","brand":"Tesla Supercharger","operator":"Tesla, Inc.","stalls":13,"kw_per_stall":null,"mw_capacity":null,"status":"unknown","access":"","fee":"","sockets":"","voltage":"","address":"","city":"","state":"","source":"OpenStreetMap (charge-finder mirror)","osm_id":"node/8945276611","website":""}},{"type":"Feature","geometry":{"type":"Point","coordinates":[-117.785118,33.7066804]},"properties":{"name":"Tesla Supercharger","network":"Tesla Supercharger","brand":"Tesla Supercharger","operator":"Tesla, Inc.","stalls":16,"kw_per_stall":null,"mw_capacity":null,"status":"unknown","access":"","fee":"","sockets":"","voltage":"","address":"","city":"","state":"","source":"OpenStreetMap (charge-finder mirror)","osm_id":"node/8945359166","website":""}},{"type":"Feature","geometry":{"type":"Point","coordinates":[-117.871887,33.7758398]},"properties":{"name":"Tesla Supercharger","network":"Tesla Supercharger","brand":"Tesla Supercharger","operator":"Tesla, Inc.","stalls":12,"kw_per_stall":null,"mw_capacity":null,"status":"unknown","access":"","fee":"","sockets":"","voltage":"","address":"","city":"","state":"","source":"OpenStreetMap (charge-finder mirror)","osm_id":"node/8945369265","website":""}},{"type":"Feature","geometry":{"type":"Point","coordinates":[-117.8822265,33.8052028]},"properties":{"name":"Tesla Supercharger","network":"Tesla Supercharger","brand":"Tesla Supercharger","operator":"","stalls":16,"kw_per_stall":null,"mw_capacity":null,"status":"unknown","access":"","fee":"","sockets":"","voltage":"","address":"","city":"","state":"","source":"OpenStreetMap (charge-finder mirror)","osm_id":"node/8945376530","website":""}},{"type":"Feature","geometry":{"type":"Point","coordinates":[-116.8198,33.9312299]},"properties":{"name":"Tesla Supercharger","network":"Tesla Supercharger","brand":"Tesla Supercharger","operator":"Tesla, Inc.","stalls":16,"kw_per_stall":72.0,"mw_capacity":1.152,"status":"unknown","access":"customers","fee":"yes","sockets":"4","voltage":"","address":"Seminole Drive, Cabazon","city":"Cabazon","state":"","source":"OpenStreetMap (charge-finder mirror)","osm_id":"node/8945380834","website":"https://www.tesla.com/findus/location/supercharger/cabazoncaliforniasupercharger"}},{"type":"Feature","geometry":{"type":"Point","coordinates":[-106.583556,31.8839223]},"properties":{"name":"Tesla Supercharger","network":"Tesla Supercharger","brand":"Tesla Supercharger","operator":"Tesla, Inc.","stalls":8,"kw_per_stall":null,"mw_capacity":null,"status":"unknown","access":"","fee":"","sockets":"","voltage":"","address":"","city":"","state":"","source":"OpenStreetMap (charge-finder mirror)","osm_id":"node/8945408935","website":""}},{"type":"Feature","geometry":{"type":"Point","coordinates":[-74.0116126,45.4165253]},"properties":{"name":"Tesla","network":"Tesla","brand":"","operator":"Tesla, evduty","stalls":3,"kw_per_stall":null,"mw_capacity":null,"status":"unknown","access":"destination","fee":"","sockets":"","voltage":"","address":"","city":"","state":"","source":"OpenStreetMap (charge-finder mirror)","osm_id":"node/8947444413","website":""}},{"type":"Feature","geometry":{"type":"Point","coordinates":[-76.8659448,37.9038824]},"properties":{"name":"Tesla Destination Charger","network":"Tesla","brand":"Tesla, Inc.","operator":"Tesla, Inc.","stalls":8,"kw_per_stall":null,"mw_capacity":null,"status":"unknown","access":"","fee":"yes","sockets":"","voltage":"","address":"","city":"","state":"","source":"OpenStreetMap (charge-finder mirror)","osm_id":"node/8949647894","website":""}},{"type":"Feature","geometry":{"type":"Point","coordinates":[-92.910522,44.4833269]},"properties":{"name":"Tesla Destination Charger","network":"Tesla Supercharger","brand":"Tesla Supercharger","operator":"Tesla, Inc.","stalls":2,"kw_per_stall":null,"mw_capacity":null,"status":"unknown","access":"yes","fee":"","sockets":"","voltage":"","address":"32027, Alexander Court, Cannon Falls, MN","city":"Cannon Falls","state":"MN","source":"OpenStreetMap (charge-finder mirror)","osm_id":"node/8955607440","website":""}},{"type":"Feature","geometry":{"type":"Point","coordinates":[-77.0602846,38.8623565]},"properties":{"name":"Tesla Supercharger","network":"Tesla Supercharger","brand":"Tesla Supercharger","operator":"Tesla, Inc.","stalls":null,"kw_per_stall":null,"mw_capacity":null,"status":"unknown","access":"customers","fee":"","sockets":"","voltage":"","address":"","city":"","state":"","source":"OpenStreetMap (charge-finder mirror)","osm_id":"node/8975519891","website":""}},{"type":"Feature","geometry":{"type":"Point","coordinates":[-77.0510972,38.8475637]},"properties":{"name":"Tesla Supercharger","network":"Tesla Supercharger","brand":"Tesla Supercharger","operator":"Tesla, Inc.","stalls":null,"kw_per_stall":null,"mw_capacity":null,"status":"unknown","access":"customers","fee":"","sockets":"","voltage":"","address":"","city":"","state":"","source":"OpenStreetMap (charge-finder mirror)","osm_id":"node/8975519892","website":""}},{"type":"Feature","geometry":{"type":"Point","coordinates":[-94.4485851,39.2458629]},"properties":{"name":"Liberty Supercharger","network":"Tesla Supercharger","brand":"Tesla Supercharger","operator":"Tesla, Inc.","stalls":8,"kw_per_stall":250.0,"mw_capacity":2.0,"status":"24/7","access":"","fee":"yes","sockets":"","voltage":"","address":"109, Blue Jay Drive, Liberty, MO","city":"Liberty","state":"MO","source":"OpenStreetMap (charge-finder mirror)","osm_id":"node/8976139833","website":""}},{"type":"Feature","geometry":{"type":"Point","coordinates":[-102.141234,31.9473818]},"properties":{"name":"Tesla Supercharger","network":"Tesla Supercharger","brand":"Tesla Supercharger","operator":"Tesla, Inc.","stalls":8,"kw_per_stall":null,"mw_capacity":null,"status":"unknown","access":"yes","fee":"yes","sockets":"","voltage":"","address":"","city":"","state":"","source":"OpenStreetMap (charge-finder mirror)","osm_id":"node/8981457328","website":""}},{"type":"Feature","geometry":{"type":"Point","coordinates":[-100.392545,32.4505642]},"properties":{"name":"Tesla Supercharger","network":"Tesla Supercharger","brand":"Tesla Supercharger","operator":"Tesla, Inc.","stalls":8,"kw_per_stall":null,"mw_capacity":null,"status":"unknown","access":"yes","fee":"yes","sockets":"","voltage":"","address":"","city":"","state":"","source":"OpenStreetMap (charge-finder mirror)","osm_id":"node/8981457368","website":""}},{"type":"Feature","geometry":{"type":"Point","coordinates":[-99.0071632,32.3742535]},"properties":{"name":"Tesla Supercharger","network":"Tesla Supercharger","brand":"Tesla Supercharger","operator":"Tesla, Inc.","stalls":8,"kw_per_stall":null,"mw_capacity":null,"status":"unknown","access":"yes","fee":"","sockets":"","voltage":"","address":"","city":"","state":"","source":"OpenStreetMap (charge-finder mirror)","osm_id":"node/8981470739","website":""}},{"type":"Feature","geometry":{"type":"Point","coordinates":[-96.4790915,32.892505]},"properties":{"name":"Tesla Destination Charger","network":"Tesla","brand":"Tesla, Inc.","operator":"","stalls":2,"kw_per_stall":null,"mw_capacity":null,"status":"24/7","access":"customers","fee":"","sockets":"","voltage":"","address":"","city":"","state":"","source":"OpenStreetMap (charge-finder mirror)","osm_id":"node/8981472352","website":""}},{"type":"Feature","geometry":{"type":"Point","coordinates":[-78.3378789,39.004896]},"properties":{"name":"Tesla Supercharger","network":"Tesla Supercharger","brand":"Tesla Supercharger","operator":"Tesla, Inc.","stalls":6,"kw_per_stall":null,"mw_capacity":null,"status":"unknown","access":"","fee":"","sockets":"","voltage":"","address":"","city":"","state":"","source":"OpenStreetMap (charge-finder mirror)","osm_id":"node/8999047680","website":""}},{"type":"Feature","geometry":{"type":"Point","coordinates":[-106.6126918,35.1085489]},"properties":{"name":"Tesla Supercharger","network":"Tesla Supercharger","brand":"Tesla Supercharger","operator":"Tesla, Inc.","stalls":null,"kw_per_stall":null,"mw_capacity":null,"status":"unknown","access":"","fee":"","sockets":"","voltage":"","address":"","city":"","state":"","source":"OpenStreetMap (charge-finder mirror)","osm_id":"node/9002148997","website":""}},{"type":"Feature","geometry":{"type":"Point","coordinates":[-106.6126922,35.1085227]},"properties":{"name":"Tesla Supercharger","network":"Tesla Supercharger","brand":"Tesla Supercharger","operator":"Tesla, Inc.","stalls":null,"kw_per_stall":null,"mw_capacity":null,"status":"unknown","access":"","fee":"","sockets":"","voltage":"","address":"","city":"","state":"","source":"OpenStreetMap (charge-finder mirror)","osm_id":"node/9002148998","website":""}},{"type":"Feature","geometry":{"type":"Point","coordinates":[-106.612759,35.1085153]},"properties":{"name":"Tesla Supercharger","network":"Tesla Supercharger","brand":"Tesla Supercharger","operator":"Tesla, Inc.","stalls":null,"kw_per_stall":null,"mw_capacity":null,"status":"unknown","access":"","fee":"","sockets":"","voltage":"","address":"","city":"","state":"","source":"OpenStreetMap (charge-finder mirror)","osm_id":"node/9002148999","website":""}},{"type":"Feature","geometry":{"type":"Point","coordinates":[-106.612794,35.1085147]},"properties":{"name":"Tesla Supercharger","network":"Tesla Supercharger","brand":"Tesla Supercharger","operator":"Tesla, Inc.","stalls":null,"kw_per_stall":null,"mw_capacity":null,"status":"unknown","access":"","fee":"","sockets":"","voltage":"","address":"","city":"","state":"","source":"OpenStreetMap (charge-finder mirror)","osm_id":"node/9002149000","website":""}},{"type":"Feature","geometry":{"type":"Point","coordinates":[-106.612831,35.1085136]},"properties":{"name":"Tesla Supercharger","network":"Tesla Supercharger","brand":"Tesla Supercharger","operator":"Tesla, Inc.","stalls":null,"kw_per_stall":null,"mw_capacity":null,"status":"unknown","access":"","fee":"","sockets":"","voltage":"","address":"","city":"","state":"","source":"OpenStreetMap (charge-finder mirror)","osm_id":"node/9002149001","website":""}},{"type":"Feature","geometry":{"type":"Point","coordinates":[-106.612869,35.1085137]},"properties":{"name":"Tesla Supercharger","network":"Tesla Supercharger","brand":"Tesla Supercharger","operator":"Tesla, Inc.","stalls":null,"kw_per_stall":null,"mw_capacity":null,"status":"unknown","access":"","fee":"","sockets":"","voltage":"","address":"","city":"","state":"","source":"OpenStreetMap (charge-finder mirror)","osm_id":"node/9002149002","website":""}},{"type":"Feature","geometry":{"type":"Point","coordinates":[-113.5839778,37.0777523]},"properties":{"name":"Tesla Supercharger","network":"Tesla Supercharger","brand":"Tesla Supercharger","operator":"Tesla, Inc.","stalls":12,"kw_per_stall":null,"mw_capacity":null,"status":"unknown","access":"yes","fee":"","sockets":"","voltage":"","address":"","city":"","state":"","source":"OpenStreetMap (charge-finder mirror)","osm_id":"node/9002317764","website":""}},{"type":"Feature","geometry":{"type":"Point","coordinates":[-111.840924,39.6780365]},"properties":{"name":"Tesla Supercharger","network":"Tesla Supercharger","brand":"Tesla Supercharger","operator":"Tesla, Inc.","stalls":6,"kw_per_stall":null,"mw_capacity":null,"status":"unknown","access":"yes","fee":"","sockets":"","voltage":"","address":"","city":"","state":"","source":"OpenStreetMap (charge-finder mirror)","osm_id":"node/9002353744","website":""}},{"type":"Feature","geometry":{"type":"Point","coordinates":[-121.478728,49.3639283]},"properties":{"name":"Tesla Supercharger","network":"Tesla Supercharger","brand":"Tesla Supercharger","operator":"Tesla, Inc.","stalls":22,"kw_per_stall":null,"mw_capacity":null,"status":"unknown","access":"yes","fee":"yes","sockets":"","voltage":"","address":"","city":"","state":"","source":"OpenStreetMap (charge-finder mirror)","osm_id":"node/9008380301","website":""}},{"type":"Feature","geometry":{"type":"Point","coordinates":[-104.852607,39.0923128]},"properties":{"name":"Tesla Supercharger","network":"Tesla Supercharger","brand":"Tesla Supercharger","operator":"Tesla, Inc.","stalls":8,"kw_per_stall":null,"mw_capacity":null,"status":"unknown","access":"","fee":"yes","sockets":"8","voltage":"","address":"","city":"","state":"","source":"OpenStreetMap (charge-finder mirror)","osm_id":"node/9010663646","website":""}},{"type":"Feature","geometry":{"type":"Point","coordinates":[-104.830137,38.8155017]},"properties":{"name":"Tesla Supercharger","network":"Tesla Supercharger","brand":"Tesla Supercharger","operator":"Tesla, Inc.","stalls":null,"kw_per_stall":null,"mw_capacity":null,"status":"unknown","access":"private","fee":"","sockets":"","voltage":"","address":"","city":"","state":"","source":"OpenStreetMap (charge-finder mirror)","osm_id":"node/9017717319","website":""}},{"type":"Feature","geometry":{"type":"Point","coordinates":[-120.5061922,49.4579781]},"properties":{"name":"Tesla Supercharger","network":"Tesla Supercharger","brand":"Tesla Supercharger","operator":"Tesla, Inc.","stalls":null,"kw_per_stall":null,"mw_capacity":null,"status":"unknown","access":"customers","fee":"","sockets":"","voltage":"","address":"","city":"","state":"","source":"OpenStreetMap (charge-finder mirror)","osm_id":"node/9018880510","website":""}},{"type":"Feature","geometry":{"type":"Point","coordinates":[-104.8779895,39.5672201]},"properties":{"name":"Tesla Supercharger","network":"Tesla Supercharger","brand":"Tesla Supercharger","operator":"Tesla, Inc.","stalls":12,"kw_per_stall":null,"mw_capacity":null,"status":"unknown","access":"","fee":"yes","sockets":"12","voltage":"","address":"","city":"","state":"","source":"OpenStreetMap (charge-finder mirror)","osm_id":"node/9021414085","website":""}},{"type":"Feature","geometry":{"type":"Point","coordinates":[-106.388022,40.0596142]},"properties":{"name":"Tesla Supercharger","network":"Tesla Supercharger","brand":"Tesla Supercharger","operator":"Tesla, Inc.","stalls":8,"kw_per_stall":null,"mw_capacity":null,"status":"unknown","access":"","fee":"yes","sockets":"8","voltage":"","address":"","city":"","state":"","source":"OpenStreetMap (charge-finder mirror)","osm_id":"node/9023417115","website":""}},{"type":"Feature","geometry":{"type":"Point","coordinates":[-73.4217996,41.5386422]},"properties":{"name":"Tesla Supercharger","network":"Tesla Supercharger","brand":"Tesla Supercharger","operator":"Tesla, Inc.","stalls":8,"kw_per_stall":null,"mw_capacity":null,"status":"unknown","access":"yes","fee":"yes","sockets":"8","voltage":"","address":"","city":"","state":"","source":"OpenStreetMap (charge-finder mirror)","osm_id":"node/9023421566","website":""}},{"type":"Feature","geometry":{"type":"Point","coordinates":[-120.65326,37.9728674]},"properties":{"name":"Tesla Supercharger","network":"Tesla Supercharger","brand":"Tesla Supercharger","operator":"Tesla, Inc.","stalls":12,"kw_per_stall":250.0,"mw_capacity":3.0,"status":"24/7","access":"yes","fee":"yes","sockets":"12","voltage":"","address":"","city":"","state":"","source":"OpenStreetMap (charge-finder mirror)","osm_id":"node/9023928637","website":"teslamotors.com"}},{"type":"Feature","geometry":{"type":"Point","coordinates":[-124.054751,49.2377668]},"properties":{"name":"Tesla Supercharger","network":"Tesla Supercharger","brand":"Tesla Supercharger","operator":"Tesla, Inc.","stalls":1,"kw_per_stall":null,"mw_capacity":null,"status":"unknown","access":"","fee":"","sockets":"1","voltage":"","address":"","city":"","state":"","source":"OpenStreetMap (charge-finder mirror)","osm_id":"node/9036339700","website":""}},{"type":"Feature","geometry":{"type":"Point","coordinates":[-73.3227247,42.0244398]},"properties":{"name":"Tesla Supercharger","network":"Tesla Supercharger","brand":"Tesla Supercharger","operator":"Tesla, Inc.","stalls":8,"kw_per_stall":null,"mw_capacity":null,"status":"unknown","access":"","fee":"","sockets":"","voltage":"","address":"","city":"","state":"","source":"OpenStreetMap (charge-finder mirror)","osm_id":"node/9038825849","website":""}},{"type":"Feature","geometry":{"type":"Point","coordinates":[-74.9512118,45.6459752]},"properties":{"name":"Tesla Supercharger","network":"Tesla Supercharger","brand":"Tesla Supercharger","operator":"Tesla, Inc.","stalls":6,"kw_per_stall":null,"mw_capacity":null,"status":"unknown","access":"customers","fee":"","sockets":"","voltage":"","address":"","city":"","state":"","source":"OpenStreetMap (charge-finder mirror)","osm_id":"node/9038965956","website":""}},{"type":"Feature","geometry":{"type":"Point","coordinates":[-105.5182549,39.7417097]},"properties":{"name":"Tesla Supercharger","network":"Tesla Supercharger","brand":"Tesla Supercharger","operator":"Tesla, Inc.","stalls":null,"kw_per_stall":null,"mw_capacity":null,"status":"unknown","access":"","fee":"","sockets":"","voltage":"","address":"","city":"","state":"","source":"OpenStreetMap (charge-finder mirror)","osm_id":"node/9039177446","website":""}},{"type":"Feature","geometry":{"type":"Point","coordinates":[-105.164464,39.9549248]},"properties":{"name":"Tesla Supercharger","network":"Tesla Supercharger","brand":"Tesla Supercharger","operator":"Tesla, Inc.","stalls":16,"kw_per_stall":null,"mw_capacity":null,"status":"24/7","access":"yes","fee":"yes","sockets":"","voltage":"","address":"","city":"","state":"","source":"OpenStreetMap (charge-finder mirror)","osm_id":"node/9052992598","website":"https://www.tesla.com/findus/location/supercharger/superiorcosouthmarshallroadsupercharging"}},{"type":"Feature","geometry":{"type":"Point","coordinates":[-122.977465,46.7297922]},"properties":{"name":"Tesla Supercharger","network":"Tesla Supercharger","brand":"Tesla Supercharger","operator":"Tesla, Inc.","stalls":10,"kw_per_stall":null,"mw_capacity":null,"status":"unknown","access":"","fee":"","sockets":"","voltage":"","address":"","city":"","state":"","source":"OpenStreetMap (charge-finder mirror)","osm_id":"node/9055019124","website":""}},{"type":"Feature","geometry":{"type":"Point","coordinates":[-73.5032301,41.0681629]},"properties":{"name":"Tesla Supercharger","network":"Tesla Supercharger","brand":"Tesla Supercharger","operator":"Tesla, Inc.","stalls":null,"kw_per_stall":null,"mw_capacity":null,"status":"unknown","access":"yes","fee":"","sockets":"","voltage":"","address":"","city":"","state":"","source":"OpenStreetMap (charge-finder mirror)","osm_id":"node/9056978899","website":""}},{"type":"Feature","geometry":{"type":"Point","coordinates":[-76.5755854,39.3962274]},"properties":{"name":"Tesla Supercharger","network":"Tesla Supercharger","brand":"Tesla Supercharger","operator":"Tesla, Inc.","stalls":1,"kw_per_stall":null,"mw_capacity":null,"status":"unknown","access":"","fee":"","sockets":"1","voltage":"","address":"","city":"","state":"","source":"OpenStreetMap (charge-finder mirror)","osm_id":"node/9062855199","website":""}},{"type":"Feature","geometry":{"type":"Point","coordinates":[-111.896974,33.2976364]},"properties":{"name":"Tesla Supercharger","network":"Tesla Supercharger","brand":"Tesla Supercharger","operator":"Tesla, Inc.","stalls":null,"kw_per_stall":null,"mw_capacity":null,"status":"unknown","access":"","fee":"yes","sockets":"","voltage":"","address":"","city":"","state":"","source":"OpenStreetMap (charge-finder mirror)","osm_id":"node/9063075589","website":""}},{"type":"Feature","geometry":{"type":"Point","coordinates":[-111.8923474,33.2982981]},"properties":{"name":"Tesla Supercharger","network":"Tesla Supercharger","brand":"Tesla Supercharger","operator":"Tesla, Inc.","stalls":null,"kw_per_stall":null,"mw_capacity":null,"status":"unknown","access":"","fee":"","sockets":"","voltage":"","address":"","city":"","state":"","source":"OpenStreetMap (charge-finder mirror)","osm_id":"node/9063343890","website":""}},{"type":"Feature","geometry":{"type":"Point","coordinates":[-111.905215,33.3047338]},"properties":{"name":"Tesla Supercharger","network":"Tesla Supercharger","brand":"Tesla Supercharger","operator":"Tesla, Inc.","stalls":null,"kw_per_stall":null,"mw_capacity":null,"status":"unknown","access":"","fee":"","sockets":"","voltage":"","address":"","city":"","state":"","source":"OpenStreetMap (charge-finder mirror)","osm_id":"node/9064682185","website":""}},{"type":"Feature","geometry":{"type":"Point","coordinates":[-111.9029784,33.3030919]},"properties":{"name":"Tesla Supercharger","network":"Tesla Supercharger","brand":"Tesla Supercharger","operator":"Tesla, Inc.","stalls":null,"kw_per_stall":null,"mw_capacity":null,"status":"unknown","access":"","fee":"","sockets":"","voltage":"","address":"","city":"","state":"","source":"OpenStreetMap (charge-finder mirror)","osm_id":"node/9064682320","website":""}},{"type":"Feature","geometry":{"type":"Point","coordinates":[-93.3481611,44.93626]},"properties":{"name":"Tesla Supercharger","network":"Tesla Supercharger","brand":"Tesla Supercharger","operator":"Tesla, Inc.","stalls":null,"kw_per_stall":null,"mw_capacity":null,"status":"unknown","access":"","fee":"","sockets":"","voltage":"","address":"","city":"","state":"","source":"OpenStreetMap (charge-finder mirror)","osm_id":"node/9067281996","website":""}},{"type":"Feature","geometry":{"type":"Point","coordinates":[-76.3110832,39.465628]},"properties":{"name":"Tesla Supercharger","network":"Tesla Supercharger","brand":"Tesla Supercharger","operator":"Tesla, Inc.","stalls":8,"kw_per_stall":null,"mw_capacity":null,"status":"unknown","access":"","fee":"","sockets":"","voltage":"","address":"","city":"","state":"","source":"OpenStreetMap (charge-finder mirror)","osm_id":"node/9078239186","website":""}},{"type":"Feature","geometry":{"type":"Point","coordinates":[-88.4078201,42.6089985]},"properties":{"name":"Tesla Supercharger","network":"Tesla Supercharger","brand":"Tesla Supercharger","operator":"Tesla, Inc.","stalls":6,"kw_per_stall":null,"mw_capacity":null,"status":"unknown","access":"yes","fee":"","sockets":"","voltage":"","address":"","city":"","state":"","source":"OpenStreetMap (charge-finder mirror)","osm_id":"node/9084209047","website":""}},{"type":"Feature","geometry":{"type":"Point","coordinates":[-77.4119402,38.9777943]},"properties":{"name":"Tesla Supercharger","network":"Tesla Supercharger","brand":"Tesla Supercharger","operator":"Tesla, Inc.","stalls":8,"kw_per_stall":null,"mw_capacity":null,"status":"unknown","access":"","fee":"","sockets":"","voltage":"","address":"","city":"","state":"","source":"OpenStreetMap (charge-finder mirror)","osm_id":"node/9088793510","website":""}},{"type":"Feature","geometry":{"type":"Point","coordinates":[-94.15264,36.2553544]},"properties":{"name":"Lowell Supercharger","network":"Tesla Supercharger","brand":"Tesla Supercharger","operator":"Tesla, Inc.","stalls":8,"kw_per_stall":250.0,"mw_capacity":2.0,"status":"24/7","access":"yes","fee":"yes","sockets":"8","voltage":"","address":"Workman's Travel Center 898 W Monroe Ave Lowell, AR 72745","city":"Lowell","state":"AR","source":"OpenStreetMap (charge-finder mirror)","osm_id":"node/9103413245","website":"https://www.tesla.com/findus/location/supercharger/lowellarsupercharger"}},{"type":"Feature","geometry":{"type":"Point","coordinates":[-88.0658581,43.1644519]},"properties":{"name":"Tesla Supercharger","network":"Tesla Supercharger","brand":"Tesla Supercharger","operator":"Tesla, Inc.","stalls":8,"kw_per_stall":null,"mw_capacity":null,"status":"unknown","access":"yes","fee":"","sockets":"8","voltage":"","address":"","city":"","state":"","source":"OpenStreetMap (charge-finder mirror)","osm_id":"node/9133871712","website":""}},{"type":"Feature","geometry":{"type":"Point","coordinates":[-89.4724848,43.0501911]},"properties":{"name":"Tesla Supercharger","network":"Tesla Supercharger","brand":"Tesla Supercharger","operator":"Tesla, Inc.","stalls":8,"kw_per_stall":null,"mw_capacity":null,"status":"unknown","access":"yes","fee":"","sockets":"","voltage":"","address":"","city":"","state":"","source":"OpenStreetMap (charge-finder mirror)","osm_id":"node/9134160936","website":""}},{"type":"Feature","geometry":{"type":"Point","coordinates":[-75.3590621,40.092441]},"properties":{"name":"Tesla Supercharger","network":"Tesla Supercharger","brand":"Tesla Supercharger","operator":"Tesla, Inc.","stalls":16,"kw_per_stall":null,"mw_capacity":null,"status":"unknown","access":"","fee":"","sockets":"","voltage":"","address":"","city":"","state":"","source":"OpenStreetMap (charge-finder mirror)","osm_id":"node/9153322530","website":""}},{"type":"Feature","geometry":{"type":"Point","coordinates":[-117.195046,34.1352773]},"properties":{"name":"Highland Supercharger","network":"Tesla Supercharger","brand":"Tesla Supercharger","operator":"Tesla, Inc.","stalls":8,"kw_per_stall":250.0,"mw_capacity":2.0,"status":"24/7","access":"customers","fee":"yes","sockets":"8","voltage":"","address":"27961, Highland Avenue, Highland","city":"Highland","state":"","source":"OpenStreetMap (charge-finder mirror)","osm_id":"node/9153335325","website":"https://www.tesla.com/findus/location/supercharger/HighlandCAsupercharger"}},{"type":"Feature","geometry":{"type":"Point","coordinates":[-123.1387208,49.1699219]},"properties":{"name":"Tesla Supercharger","network":"Tesla Supercharger","brand":"Tesla Supercharger","operator":"Tesla, Inc.","stalls":20,"kw_per_stall":null,"mw_capacity":null,"status":"unknown","access":"","fee":"","sockets":"","voltage":"","address":"","city":"","state":"","source":"OpenStreetMap (charge-finder mirror)","osm_id":"node/9155705272","website":""}},{"type":"Feature","geometry":{"type":"Point","coordinates":[-117.3857853,34.4247636]},"properties":{"name":"Tesla Supercharger","network":"Tesla Supercharger","brand":"Tesla Supercharger","operator":"Tesla, Inc.","stalls":20,"kw_per_stall":null,"mw_capacity":null,"status":"unknown","access":"","fee":"","sockets":"","voltage":"","address":"","city":"","state":"","source":"OpenStreetMap (charge-finder mirror)","osm_id":"node/9156335688","website":""}},{"type":"Feature","geometry":{"type":"Point","coordinates":[-112.0852052,38.7879932]},"properties":{"name":"Tesla Supercharger","network":"Tesla Supercharger","brand":"Tesla Supercharger","operator":"Tesla, Inc.","stalls":4,"kw_per_stall":null,"mw_capacity":null,"status":"unknown","access":"","fee":"","sockets":"","voltage":"","address":"","city":"","state":"","source":"OpenStreetMap (charge-finder mirror)","osm_id":"node/9156343365","website":""}},{"type":"Feature","geometry":{"type":"Point","coordinates":[-113.16117,37.6058675]},"properties":{"name":"Tesla Supercharger","network":"Tesla Supercharger","brand":"Tesla Supercharger","operator":"Tesla, Inc.","stalls":16,"kw_per_stall":null,"mw_capacity":null,"status":"unknown","access":"yes","fee":"yes","sockets":"","voltage":"","address":"","city":"","state":"","source":"OpenStreetMap (charge-finder mirror)","osm_id":"node/9156348391","website":""}},{"type":"Feature","geometry":{"type":"Point","coordinates":[-110.1405018,38.9935538]},"properties":{"name":"Tesla Supercharger","network":"Tesla Supercharger","brand":"Tesla Supercharger","operator":"Tesla, Inc.","stalls":8,"kw_per_stall":null,"mw_capacity":null,"status":"unknown","access":"","fee":"","sockets":"","voltage":"","address":"","city":"","state":"","source":"OpenStreetMap (charge-finder mirror)","osm_id":"node/9156381748","website":""}},{"type":"Feature","geometry":{"type":"Point","coordinates":[-70.4883659,41.6174149]},"properties":{"name":"Tesla Supercharger","network":"Tesla Supercharger","brand":"Tesla Supercharger","operator":"Tesla, Inc.","stalls":10,"kw_per_stall":null,"mw_capacity":null,"status":"unknown","access":"","fee":"","sockets":"","voltage":"","address":"","city":"","state":"","source":"OpenStreetMap (charge-finder mirror)","osm_id":"node/9160582659","website":""}},{"type":"Feature","geometry":{"type":"Point","coordinates":[-70.4883975,41.6174205]},"properties":{"name":"Tesla Supercharger","network":"Tesla Supercharger","brand":"Tesla Supercharger","operator":"Tesla, Inc.","stalls":10,"kw_per_stall":null,"mw_capacity":null,"status":"unknown","access":"","fee":"","sockets":"","voltage":"","address":"","city":"","state":"","source":"OpenStreetMap (charge-finder mirror)","osm_id":"node/9160582660","website":""}},{"type":"Feature","geometry":{"type":"Point","coordinates":[-70.4884319,41.6174265]},"properties":{"name":"Tesla Supercharger","network":"Tesla Supercharger","brand":"Tesla Supercharger","operator":"Tesla, Inc.","stalls":10,"kw_per_stall":null,"mw_capacity":null,"status":"unknown","access":"","fee":"","sockets":"","voltage":"","address":"","city":"","state":"","source":"OpenStreetMap (charge-finder mirror)","osm_id":"node/9160582661","website":""}},{"type":"Feature","geometry":{"type":"Point","coordinates":[-70.4884603,41.6174333]},"properties":{"name":"Tesla Supercharger","network":"Tesla Supercharger","brand":"Tesla Supercharger","operator":"Tesla, Inc.","stalls":10,"kw_per_stall":null,"mw_capacity":null,"status":"unknown","access":"","fee":"","sockets":"","voltage":"","address":"","city":"","state":"","source":"OpenStreetMap (charge-finder mirror)","osm_id":"node/9160582662","website":""}},{"type":"Feature","geometry":{"type":"Point","coordinates":[-70.4884936,41.6174393]},"properties":{"name":"Tesla Supercharger","network":"Tesla Supercharger","brand":"Tesla Supercharger","operator":"Tesla, Inc.","stalls":10,"kw_per_stall":null,"mw_capacity":null,"status":"unknown","access":"","fee":"","sockets":"","voltage":"","address":"","city":"","state":"","source":"OpenStreetMap (charge-finder mirror)","osm_id":"node/9160582663","website":""}},{"type":"Feature","geometry":{"type":"Point","coordinates":[-70.4885263,41.6174474]},"properties":{"name":"Tesla Supercharger","network":"Tesla Supercharger","brand":"Tesla Supercharger","operator":"Tesla, Inc.","stalls":10,"kw_per_stall":null,"mw_capacity":null,"status":"unknown","access":"","fee":"","sockets":"","voltage":"","address":"","city":"","state":"","source":"OpenStreetMap (charge-finder mirror)","osm_id":"node/9160582664","website":""}},{"type":"Feature","geometry":{"type":"Point","coordinates":[-70.488559,41.617453]},"properties":{"name":"Tesla Supercharger","network":"Tesla Supercharger","brand":"Tesla Supercharger","operator":"Tesla, Inc.","stalls":10,"kw_per_stall":null,"mw_capacity":null,"status":"unknown","access":"","fee":"","sockets":"","voltage":"","address":"","city":"","state":"","source":"OpenStreetMap (charge-finder mirror)","osm_id":"node/9160582665","website":""}},{"type":"Feature","geometry":{"type":"Point","coordinates":[-70.4885891,41.6174614]},"properties":{"name":"Tesla Supercharger","network":"Tesla Supercharger","brand":"Tesla Supercharger","operator":"Tesla, Inc.","stalls":10,"kw_per_stall":null,"mw_capacity":null,"status":"unknown","access":"","fee":"","sockets":"","voltage":"","address":"","city":"","state":"","source":"OpenStreetMap (charge-finder mirror)","osm_id":"node/9160582666","website":""}},{"type":"Feature","geometry":{"type":"Point","coordinates":[-75.0135323,40.1601528]},"properties":{"name":"Tesla Destination Charger","network":"Tesla","brand":"","operator":"","stalls":null,"kw_per_stall":null,"mw_capacity":null,"status":"unknown","access":"yes","fee":"","sockets":"","voltage":"","address":"","city":"","state":"","source":"OpenStreetMap (charge-finder mirror)","osm_id":"node/9164696721","website":""}},{"type":"Feature","geometry":{"type":"Point","coordinates":[-74.9639112,40.124864]},"properties":{"name":"Tesla Supercharger","network":"Tesla Supercharger","brand":"Tesla Supercharger","operator":"Tesla, Inc.","stalls":null,"kw_per_stall":null,"mw_capacity":null,"status":"unknown","access":"yes","fee":"","sockets":"","voltage":"","address":"","city":"","state":"","source":"OpenStreetMap (charge-finder mirror)","osm_id":"node/9164696727","website":""}},{"type":"Feature","geometry":{"type":"Point","coordinates":[-78.4931597,38.0673312]},"properties":{"name":"Tesla Supercharger","network":"Tesla Supercharger","brand":"Tesla Supercharger","operator":"Tesla, Inc.","stalls":8,"kw_per_stall":null,"mw_capacity":null,"status":"unknown","access":"yes","fee":"","sockets":"","voltage":"","address":"","city":"","state":"","source":"OpenStreetMap (charge-finder mirror)","osm_id":"node/9168290016","website":""}},{"type":"Feature","geometry":{"type":"Point","coordinates":[-116.4192556,33.8010744]},"properties":{"name":"Tesla Destination Charger","network":"Tesla Supercharger","brand":"Tesla Supercharger","operator":"Tesla, Inc.","stalls":null,"kw_per_stall":null,"mw_capacity":null,"status":"unknown","access":"","fee":"","sockets":"","voltage":"","address":"","city":"","state":"","source":"OpenStreetMap (charge-finder mirror)","osm_id":"node/9173635739","website":""}},{"type":"Feature","geometry":{"type":"Point","coordinates":[-88.4420364,41.0934059]},"properties":{"name":"Tesla Supercharger","network":"Tesla Supercharger","brand":"Tesla Supercharger","operator":"Tesla, Inc.","stalls":null,"kw_per_stall":null,"mw_capacity":null,"status":"unknown","access":"","fee":"","sockets":"","voltage":"","address":"","city":"","state":"","source":"OpenStreetMap (charge-finder mirror)","osm_id":"node/9183301377","website":""}},{"type":"Feature","geometry":{"type":"Point","coordinates":[-70.5062781,47.4358546]},"properties":{"name":"Tesla Supercharger","network":"Tesla Supercharger","brand":"Tesla Supercharger","operator":"Tesla, Inc.","stalls":12,"kw_per_stall":null,"mw_capacity":null,"status":"unknown","access":"","fee":"yes","sockets":"","voltage":"","address":"","city":"","state":"","source":"OpenStreetMap (charge-finder mirror)","osm_id":"node/9194119597","website":""}},{"type":"Feature","geometry":{"type":"Point","coordinates":[-84.7798245,47.9833429]},"properties":{"name":"Tesla Supercharger","network":"Tesla Supercharger","brand":"Tesla Supercharger","operator":"Tesla, Inc.","stalls":null,"kw_per_stall":null,"mw_capacity":null,"status":"unknown","access":"","fee":"","sockets":"","voltage":"","address":"","city":"","state":"","source":"OpenStreetMap (charge-finder mirror)","osm_id":"node/9196571855","website":""}},{"type":"Feature","geometry":{"type":"Point","coordinates":[-84.7798256,47.9833239]},"properties":{"name":"Tesla Supercharger","network":"Tesla Supercharger","brand":"Tesla Supercharger","operator":"Tesla, Inc.","stalls":null,"kw_per_stall":null,"mw_capacity":null,"status":"unknown","access":"","fee":"","sockets":"","voltage":"","address":"","city":"","state":"","source":"OpenStreetMap (charge-finder mirror)","osm_id":"node/9196571856","website":""}},{"type":"Feature","geometry":{"type":"Point","coordinates":[-84.779828,47.9832842]},"properties":{"name":"Tesla Supercharger","network":"Tesla Supercharger","brand":"Tesla Supercharger","operator":"Tesla, Inc.","stalls":null,"kw_per_stall":null,"mw_capacity":null,"status":"unknown","access":"","fee":"","sockets":"","voltage":"","address":"","city":"","state":"","source":"OpenStreetMap (charge-finder mirror)","osm_id":"node/9196571857","website":""}},{"type":"Feature","geometry":{"type":"Point","coordinates":[-84.7798269,47.9833032]},"properties":{"name":"Tesla Supercharger","network":"Tesla Supercharger","brand":"Tesla Supercharger","operator":"Tesla, Inc.","stalls":null,"kw_per_stall":null,"mw_capacity":null,"status":"unknown","access":"","fee":"","sockets":"","voltage":"","address":"","city":"","state":"","source":"OpenStreetMap (charge-finder mirror)","osm_id":"node/9196571858","website":""}},{"type":"Feature","geometry":{"type":"Point","coordinates":[-84.7798305,47.9832446]},"properties":{"name":"Tesla Supercharger","network":"Tesla Supercharger","brand":"Tesla Supercharger","operator":"Tesla, Inc.","stalls":null,"kw_per_stall":null,"mw_capacity":null,"status":"unknown","access":"","fee":"","sockets":"","voltage":"","address":"","city":"","state":"","source":"OpenStreetMap (charge-finder mirror)","osm_id":"node/9196571859","website":""}},{"type":"Feature","geometry":{"type":"Point","coordinates":[-84.7798293,47.9832635]},"properties":{"name":"Tesla Supercharger","network":"Tesla Supercharger","brand":"Tesla Supercharger","operator":"Tesla, Inc.","stalls":null,"kw_per_stall":null,"mw_capacity":null,"status":"unknown","access":"","fee":"","sockets":"","voltage":"","address":"","city":"","state":"","source":"OpenStreetMap (charge-finder mirror)","osm_id":"node/9196571860","website":""}},{"type":"Feature","geometry":{"type":"Point","coordinates":[-83.6711707,41.0596319]},"properties":{"name":"Tesla Supercharger","network":"Tesla Supercharger","brand":"Tesla Supercharger","operator":"Tesla, Inc.","stalls":8,"kw_per_stall":null,"mw_capacity":null,"status":"unknown","access":"","fee":"","sockets":"","voltage":"","address":"","city":"","state":"","source":"OpenStreetMap (charge-finder mirror)","osm_id":"node/9198282195","website":""}},{"type":"Feature","geometry":{"type":"Point","coordinates":[-88.9672234,40.4616488]},"properties":{"name":"Tesla Supercharger","network":"Tesla Supercharger","brand":"Tesla Supercharger","operator":"Tesla, Inc.","stalls":null,"kw_per_stall":null,"mw_capacity":null,"status":"unknown","access":"customers","fee":"","sockets":"","voltage":"","address":"","city":"","state":"","source":"OpenStreetMap (charge-finder mirror)","osm_id":"node/9198761437","website":""}},{"type":"Feature","geometry":{"type":"Point","coordinates":[-117.1760243,33.1366033]},"properties":{"name":"San Marcos Supercharger","network":"Tesla Supercharger","brand":"Tesla Supercharger","operator":"Tesla, Inc.","stalls":20,"kw_per_stall":250.0,"mw_capacity":5.0,"status":"24/7","access":"customers","fee":"yes","sockets":"20","voltage":"","address":"563, Grand Avenue, San Marcos","city":"San Marcos","state":"","source":"OpenStreetMap (charge-finder mirror)","osm_id":"node/9208661586","website":"https://www.tesla.com/findus/location/supercharger/SanMarcosCAsupercharger"}},{"type":"Feature","geometry":{"type":"Point","coordinates":[-117.3193938,33.1242491]},"properties":{"name":"Carlsbad - Paseo Del Norte Supercharger","network":"Tesla Supercharger","brand":"Tesla Supercharger","operator":"Tesla, Inc.","stalls":16,"kw_per_stall":250.0,"mw_capacity":4.0,"status":"24/7","access":"customers","fee":"yes","sockets":"16","voltage":"","address":"5620, Paseo Del Norte, Carlsbad","city":"Carlsbad","state":"","source":"OpenStreetMap (charge-finder mirror)","osm_id":"node/9208662160","website":"https://www.tesla.com/findus/location/supercharger/CarlsbadCAsupercharger"}},{"type":"Feature","geometry":{"type":"Point","coordinates":[-117.126376,33.0200476]},"properties":{"name":"San Diego - Camino Del Sur Supercharger","network":"Tesla Supercharger","brand":"Tesla, Inc.","operator":"Tesla, Inc.","stalls":16,"kw_per_stall":72.0,"mw_capacity":1.152,"status":"24/7","access":"customers","fee":"yes","sockets":"16","voltage":"","address":"Target 17170 Camino Del Sur San Diego, CA 92127","city":"","state":"","source":"OpenStreetMap (charge-finder mirror)","osm_id":"node/9208685299","website":"https://www.tesla.com/findus/location/supercharger/sdcaminodelsursupercharger"}},{"type":"Feature","geometry":{"type":"Point","coordinates":[-117.266367,33.0842037]},"properties":{"name":"Carlsbad Supercharger","network":"Tesla Supercharger","brand":"Tesla Supercharger","operator":"Tesla, Inc.","stalls":26,"kw_per_stall":72.0,"mw_capacity":1.872,"status":"24/7","access":"customers","fee":"yes","sockets":"26","voltage":"","address":"7710-7770, El Camino Real, Carlsbad","city":"Carlsbad","state":"","source":"OpenStreetMap (charge-finder mirror)","osm_id":"node/9208704688","website":"https://www.tesla.com/findus/location/supercharger/carlsbadsupercharger"}},{"type":"Feature","geometry":{"type":"Point","coordinates":[-117.163349,32.7683777]},"properties":{"name":"San Diego - Friars Road Supercharger","network":"Tesla Supercharger","brand":"Tesla, Inc.","operator":"Tesla, Inc.","stalls":48,"kw_per_stall":72.0,"mw_capacity":3.456,"status":"unknown","access":"customers","fee":"yes","sockets":"24","voltage":"","address":"Fashion Valley Mall 7007 Friars Road San Diego, CA 92108","city":"San Diego","state":"","source":"OpenStreetMap (charge-finder mirror)","osm_id":"node/9208765350","website":"https://www.tesla.com/findus/location/supercharger/sdmissionvalleysupercharger"}},{"type":"Feature","geometry":{"type":"Point","coordinates":[-122.327766,47.7065682]},"properties":{"name":"Northgate Supercharger","network":"Tesla Supercharger","brand":"Tesla Supercharger","operator":"Tesla, Inc.","stalls":16,"kw_per_stall":250.0,"mw_capacity":4.0,"status":"24/7","access":"yes","fee":"yes","sockets":"16","voltage":"","address":"","city":"","state":"","source":"OpenStreetMap (charge-finder mirror)","osm_id":"node/9211512896","website":""}},{"type":"Feature","geometry":{"type":"Point","coordinates":[-77.1458156,39.3756031]},"properties":{"name":"Tesla","network":"Tesla Supercharger","brand":"Tesla Supercharger","operator":"Tesla, Inc.","stalls":2,"kw_per_stall":null,"mw_capacity":null,"status":"unknown","access":"","fee":"","sockets":"","voltage":"","address":"","city":"","state":"","source":"OpenStreetMap (charge-finder mirror)","osm_id":"node/9215149523","website":""}},{"type":"Feature","geometry":{"type":"Point","coordinates":[-74.1737381,40.6628858]},"properties":{"name":"Tesla Supercharger","network":"Tesla Supercharger","brand":"Tesla Supercharger","operator":"Tesla, Inc.","stalls":null,"kw_per_stall":null,"mw_capacity":null,"status":"unknown","access":"","fee":"","sockets":"","voltage":"","address":"","city":"","state":"","source":"OpenStreetMap (charge-finder mirror)","osm_id":"node/9217334620","website":""}},{"type":"Feature","geometry":{"type":"Point","coordinates":[-78.9251653,33.7043844]},"properties":{"name":"Tesla Supercharger","network":"Tesla Supercharger","brand":"Tesla Supercharger","operator":"Tesla, Inc.","stalls":null,"kw_per_stall":null,"mw_capacity":null,"status":"unknown","access":"","fee":"","sockets":"","voltage":"","address":"","city":"","state":"","source":"OpenStreetMap (charge-finder mirror)","osm_id":"node/9217398110","website":""}},{"type":"Feature","geometry":{"type":"Point","coordinates":[-85.6773644,38.1118365]},"properties":{"name":"Tesla Supercharger","network":"Tesla Supercharger","brand":"Tesla Supercharger","operator":"Tesla, Inc.","stalls":12,"kw_per_stall":null,"mw_capacity":null,"status":"unknown","access":"yes","fee":"","sockets":"","voltage":"","address":"","city":"","state":"","source":"OpenStreetMap (charge-finder mirror)","osm_id":"node/9227856444","website":""}},{"type":"Feature","geometry":{"type":"Point","coordinates":[-121.5345663,45.7096004]},"properties":{"name":"Tesla Supercharger","network":"Tesla Supercharger","brand":"Tesla Supercharger","operator":"Tesla, Inc.","stalls":null,"kw_per_stall":null,"mw_capacity":null,"status":"unknown","access":"","fee":"","sockets":"","voltage":"","address":"","city":"","state":"","source":"OpenStreetMap (charge-finder mirror)","osm_id":"node/9231082642","website":""}},{"type":"Feature","geometry":{"type":"Point","coordinates":[-77.6742163,36.3661084]},"properties":{"name":"Tesla Supercharger","network":"Tesla Supercharger","brand":"Tesla Supercharger","operator":"Tesla, Inc.","stalls":12,"kw_per_stall":null,"mw_capacity":null,"status":"24/7","access":"","fee":"","sockets":"12","voltage":"","address":"","city":"","state":"","source":"OpenStreetMap (charge-finder mirror)","osm_id":"node/9238563744","website":""}},{"type":"Feature","geometry":{"type":"Point","coordinates":[-75.0325022,39.9259156]},"properties":{"name":"Tesla Supercharger","network":"Tesla Supercharger","brand":"Tesla Supercharger","operator":"Tesla, Inc.","stalls":null,"kw_per_stall":null,"mw_capacity":null,"status":"unknown","access":"","fee":"","sockets":"","voltage":"","address":"","city":"","state":"","source":"OpenStreetMap (charge-finder mirror)","osm_id":"node/9242925733","website":""}},{"type":"Feature","geometry":{"type":"Point","coordinates":[-75.0778119,39.9336314]},"properties":{"name":"Tesla Destination Charger","network":"Tesla","brand":"Tesla, Inc.","operator":"","stalls":null,"kw_per_stall":null,"mw_capacity":null,"status":"unknown","access":"","fee":"","sockets":"","voltage":"","address":"","city":"","state":"","source":"OpenStreetMap (charge-finder mirror)","osm_id":"node/9242925735","website":""}},{"type":"Feature","geometry":{"type":"Point","coordinates":[-119.4669732,49.0316401]},"properties":{"name":"Tesla Supercharger","network":"Tesla Supercharger","brand":"Tesla Supercharger","operator":"Tesla, Inc.","stalls":null,"kw_per_stall":null,"mw_capacity":null,"status":"unknown","access":"","fee":"","sockets":"","voltage":"","address":"","city":"","state":"","source":"OpenStreetMap (charge-finder mirror)","osm_id":"node/9243037139","website":""}},{"type":"Feature","geometry":{"type":"Point","coordinates":[-121.9638273,49.1417126]},"properties":{"name":"Tesla Supercharger","network":"Tesla Supercharger","brand":"Tesla Supercharger","operator":"Tesla, Inc.","stalls":null,"kw_per_stall":null,"mw_capacity":null,"status":"unknown","access":"","fee":"","sockets":"","voltage":"","address":"","city":"","state":"","source":"OpenStreetMap (charge-finder mirror)","osm_id":"node/9243039100","website":""}},{"type":"Feature","geometry":{"type":"Point","coordinates":[-122.7884763,49.1926317]},"properties":{"name":"Tesla Supercharger","network":"Tesla Supercharger","brand":"Tesla Supercharger","operator":"Tesla, Inc.","stalls":null,"kw_per_stall":null,"mw_capacity":null,"status":"unknown","access":"","fee":"","sockets":"","voltage":"","address":"","city":"","state":"","source":"OpenStreetMap (charge-finder mirror)","osm_id":"node/9243056858","website":""}},{"type":"Feature","geometry":{"type":"Point","coordinates":[-122.8017641,49.0566646]},"properties":{"name":"Tesla Supercharger","network":"Tesla Supercharger","brand":"Tesla Supercharger","operator":"Tesla, Inc.","stalls":10,"kw_per_stall":null,"mw_capacity":null,"status":"unknown","access":"","fee":"","sockets":"","voltage":"","address":"","city":"","state":"","source":"OpenStreetMap (charge-finder mirror)","osm_id":"node/9243172821","website":""}},{"type":"Feature","geometry":{"type":"Point","coordinates":[-84.6279964,39.0528205]},"properties":{"name":"Tesla Destination Charger","network":"Tesla","brand":"Tesla, Inc.","operator":"","stalls":null,"kw_per_stall":null,"mw_capacity":null,"status":"unknown","access":"","fee":"","sockets":"","voltage":"","address":"","city":"","state":"","source":"OpenStreetMap (charge-finder mirror)","osm_id":"node/9244521859","website":""}},{"type":"Feature","geometry":{"type":"Point","coordinates":[-117.2852681,33.0992541]},"properties":{"name":"Tesla Destination Charger","network":"Tesla","brand":"Tesla, Inc.","operator":"","stalls":null,"kw_per_stall":null,"mw_capacity":null,"status":"unknown","access":"","fee":"","sockets":"","voltage":"","address":"","city":"","state":"","source":"OpenStreetMap (charge-finder mirror)","osm_id":"node/9244573534","website":""}},{"type":"Feature","geometry":{"type":"Point","coordinates":[-117.283859,33.0968273]},"properties":{"name":"Tesla Destination Charger","network":"Tesla","brand":"Tesla, Inc.","operator":"","stalls":null,"kw_per_stall":null,"mw_capacity":null,"status":"unknown","access":"","fee":"","sockets":"","voltage":"","address":"","city":"","state":"","source":"OpenStreetMap (charge-finder mirror)","osm_id":"node/9244573535","website":""}},{"type":"Feature","geometry":{"type":"Point","coordinates":[-115.081061,49.4983709]},"properties":{"name":"Tesla Supercharger","network":"Tesla Supercharger","brand":"Tesla Supercharger","operator":"Tesla, Inc.","stalls":null,"kw_per_stall":null,"mw_capacity":null,"status":"unknown","access":"","fee":"","sockets":"","voltage":"","address":"","city":"","state":"","source":"OpenStreetMap (charge-finder mirror)","osm_id":"node/9246361439","website":""}},{"type":"Feature","geometry":{"type":"Point","coordinates":[-117.6538327,49.2949217]},"properties":{"name":"Tesla Supercharger","network":"Tesla Supercharger","brand":"Tesla Supercharger","operator":"Tesla, Inc.","stalls":null,"kw_per_stall":null,"mw_capacity":null,"status":"unknown","access":"","fee":"","sockets":"","voltage":"","address":"","city":"","state":"","source":"OpenStreetMap (charge-finder mirror)","osm_id":"node/9246704687","website":""}},{"type":"Feature","geometry":{"type":"Point","coordinates":[-111.8326384,41.7207489]},"properties":{"name":"Tesla Destination Charger","network":"Tesla","brand":"Tesla, Inc.","operator":"","stalls":null,"kw_per_stall":null,"mw_capacity":null,"status":"unknown","access":"","fee":"","sockets":"","voltage":"","address":"","city":"","state":"","source":"OpenStreetMap (charge-finder mirror)","osm_id":"node/9247010077","website":""}},{"type":"Feature","geometry":{"type":"Point","coordinates":[-79.5541605,43.6140178]},"properties":{"name":"Tesla Supercharger","network":"Tesla Supercharger","brand":"Tesla Supercharger","operator":"Tesla, Inc.","stalls":null,"kw_per_stall":null,"mw_capacity":null,"status":"unknown","access":"yes","fee":"","sockets":"","voltage":"","address":"","city":"","state":"","source":"OpenStreetMap (charge-finder mirror)","osm_id":"node/9251900297","website":""}},{"type":"Feature","geometry":{"type":"Point","coordinates":[-79.7859045,43.5981735]},"properties":{"name":"Tesla Supercharger","network":"Tesla Supercharger","brand":"Tesla Supercharger","operator":"Tesla, Inc.","stalls":null,"kw_per_stall":null,"mw_capacity":null,"status":"unknown","access":"yes","fee":"","sockets":"","voltage":"","address":"","city":"","state":"","source":"OpenStreetMap (charge-finder mirror)","osm_id":"node/9251910894","website":""}},{"type":"Feature","geometry":{"type":"Point","coordinates":[-75.2460756,39.8883749]},"properties":{"name":"Tesla Destination Charger","network":"Tesla","brand":"Tesla, Inc.","operator":"","stalls":null,"kw_per_stall":null,"mw_capacity":null,"status":"unknown","access":"","fee":"","sockets":"","voltage":"","address":"","city":"","state":"","source":"OpenStreetMap (charge-finder mirror)","osm_id":"node/9254762527","website":""}},{"type":"Feature","geometry":{"type":"Point","coordinates":[-75.2314924,39.8900886]},"properties":{"name":"Tesla Destination Charger","network":"Tesla","brand":"Tesla, Inc.","operator":"","stalls":null,"kw_per_stall":null,"mw_capacity":null,"status":"unknown","access":"","fee":"","sockets":"","voltage":"","address":"","city":"","state":"","source":"OpenStreetMap (charge-finder mirror)","osm_id":"node/9254762528","website":""}},{"type":"Feature","geometry":{"type":"Point","coordinates":[-72.7488594,46.5460914]},"properties":{"name":"Tesla Destination Charger","network":"Tesla","brand":"Tesla, Inc.","operator":"","stalls":null,"kw_per_stall":null,"mw_capacity":null,"status":"unknown","access":"","fee":"","sockets":"","voltage":"","address":"","city":"","state":"","source":"OpenStreetMap (charge-finder mirror)","osm_id":"node/9260386626","website":""}},{"type":"Feature","geometry":{"type":"Point","coordinates":[-72.7545116,46.5202511]},"properties":{"name":"Tesla Destination Charger","network":"Tesla","brand":"Tesla, Inc.","operator":"","stalls":null,"kw_per_stall":null,"mw_capacity":null,"status":"unknown","access":"","fee":"","sockets":"","voltage":"","address":"","city":"","state":"","source":"OpenStreetMap (charge-finder mirror)","osm_id":"node/9260397656","website":""}},{"type":"Feature","geometry":{"type":"Point","coordinates":[-94.3817078,42.0364975]},"properties":{"name":"Tesla Destination Charger","network":"Tesla","brand":"Tesla, Inc.","operator":"","stalls":16,"kw_per_stall":null,"mw_capacity":null,"status":"unknown","access":"yes","fee":"","sockets":"","voltage":"","address":"","city":"","state":"","source":"OpenStreetMap (charge-finder mirror)","osm_id":"node/9268036100","website":""}},{"type":"Feature","geometry":{"type":"Point","coordinates":[-90.5075122,44.0189446]},"properties":{"name":"Tesla Supercharger","network":"Tesla Supercharger","brand":"Tesla Supercharger","operator":"Tesla, Inc.","stalls":8,"kw_per_stall":null,"mw_capacity":null,"status":"unknown","access":"","fee":"","sockets":"8","voltage":"","address":"","city":"","state":"","source":"OpenStreetMap (charge-finder mirror)","osm_id":"node/9268187710","website":""}},{"type":"Feature","geometry":{"type":"Point","coordinates":[-88.2486788,41.7461815]},"properties":{"name":"Tesla Destination Charger","network":"Tesla","brand":"Tesla, Inc.","operator":"Fox Valley Park District","stalls":4,"kw_per_stall":null,"mw_capacity":null,"status":"unknown","access":"yes","fee":"no","sockets":"","voltage":"","address":"","city":"","state":"","source":"OpenStreetMap (charge-finder mirror)","osm_id":"node/9268950166","website":""}},{"type":"Feature","geometry":{"type":"Point","coordinates":[-91.933536,44.9013313]},"properties":{"name":"Tesla Supercharger","network":"Tesla Supercharger","brand":"Tesla Supercharger","operator":"Tesla, Inc.","stalls":8,"kw_per_stall":null,"mw_capacity":null,"status":"unknown","access":"","fee":"","sockets":"8","voltage":"","address":"","city":"","state":"","source":"OpenStreetMap (charge-finder mirror)","osm_id":"node/9273336953","website":""}},{"type":"Feature","geometry":{"type":"Point","coordinates":[-91.1546244,30.4237236]},"properties":{"name":"Tesla Supercharger 2B","network":"Tesla Supercharger","brand":"Tesla Supercharger","operator":"Tesla, Inc.","stalls":1,"kw_per_stall":null,"mw_capacity":null,"status":"unknown","access":"yes","fee":"yes","sockets":"","voltage":"","address":"","city":"","state":"","source":"OpenStreetMap (charge-finder mirror)","osm_id":"node/9276706041","website":""}},{"type":"Feature","geometry":{"type":"Point","coordinates":[-91.1546527,30.4236793]},"properties":{"name":"Tesla Supercharger 1B","network":"Tesla Supercharger","brand":"Tesla Supercharger","operator":"Tesla, Inc.","stalls":1,"kw_per_stall":null,"mw_capacity":null,"status":"unknown","access":"yes","fee":"yes","sockets":"","voltage":"","address":"","city":"","state":"","source":"OpenStreetMap (charge-finder mirror)","osm_id":"node/9276706042","website":""}},{"type":"Feature","geometry":{"type":"Point","coordinates":[-91.1546397,30.4236114]},"properties":{"name":"Tesla Supercharger 1A","network":"Tesla Supercharger","brand":"Tesla Supercharger","operator":"Tesla, Inc.","stalls":1,"kw_per_stall":null,"mw_capacity":null,"status":"unknown","access":"yes","fee":"yes","sockets":"","voltage":"","address":"","city":"","state":"","source":"OpenStreetMap (charge-finder mirror)","osm_id":"node/9276706043","website":""}},{"type":"Feature","geometry":{"type":"Point","coordinates":[-91.1546125,30.4237443]},"properties":{"name":"Tesla Supercharger 3A","network":"Tesla Supercharger","brand":"Tesla Supercharger","operator":"Tesla, Inc.","stalls":1,"kw_per_stall":null,"mw_capacity":null,"status":"unknown","access":"yes","fee":"yes","sockets":"","voltage":"","address":"","city":"","state":"","source":"OpenStreetMap (charge-finder mirror)","osm_id":"node/9276706044","website":""}},{"type":"Feature","geometry":{"type":"Point","coordinates":[-91.1545958,30.4237669]},"properties":{"name":"Tesla Supercharger 3B","network":"Tesla Supercharger","brand":"Tesla Supercharger","operator":"Tesla, Inc.","stalls":1,"kw_per_stall":null,"mw_capacity":null,"status":"unknown","access":"yes","fee":"yes","sockets":"","voltage":"","address":"","city":"","state":"","source":"OpenStreetMap (charge-finder mirror)","osm_id":"node/9276706045","website":""}},{"type":"Feature","geometry":{"type":"Point","coordinates":[-90.059436,43.7954462]},"properties":{"name":"Tesla Supercharger","network":"Tesla Supercharger","brand":"Tesla Supercharger","operator":"Tesla, Inc.","stalls":6,"kw_per_stall":null,"mw_capacity":null,"status":"unknown","access":"","fee":"","sockets":"6","voltage":"","address":"","city":"","state":"","source":"OpenStreetMap (charge-finder mirror)","osm_id":"node/9281676578","website":""}},{"type":"Feature","geometry":{"type":"Point","coordinates":[-81.1174742,29.2551516]},"properties":{"name":"Tesla Destination Charger","network":"Tesla","brand":"Tesla, Inc.","operator":"","stalls":null,"kw_per_stall":null,"mw_capacity":null,"status":"unknown","access":"","fee":"","sockets":"","voltage":"","address":"","city":"","state":"","source":"OpenStreetMap (charge-finder mirror)","osm_id":"node/9285568863","website":""}},{"type":"Feature","geometry":{"type":"Point","coordinates":[-80.472255,43.4611483]},"properties":{"name":"Kitchener, ON Supercharger","network":"Tesla Supercharger","brand":"Tesla Supercharger","operator":"Tesla, Inc.","stalls":8,"kw_per_stall":250.0,"mw_capacity":2.0,"status":"24/7","access":"yes","fee":"yes","sockets":"8","voltage":"","address":"663, Victoria Street North, Kitchener, ON","city":"Kitchener","state":"ON","source":"OpenStreetMap (charge-finder mirror)","osm_id":"node/9289141637","website":"https://www.tesla.com/findus/location/supercharger/kitcheneronsupercharger"}},{"type":"Feature","geometry":{"type":"Point","coordinates":[-78.6312509,38.7601388]},"properties":{"name":"Tesla","network":"Tesla","brand":"","operator":"Tesla","stalls":null,"kw_per_stall":null,"mw_capacity":null,"status":"unknown","access":"","fee":"","sockets":"","voltage":"","address":"","city":"","state":"","source":"OpenStreetMap (charge-finder mirror)","osm_id":"node/9291358961","website":""}},{"type":"Feature","geometry":{"type":"Point","coordinates":[-97.6877532,30.5096857]},"properties":{"name":"Tesla Supercharger","network":"Tesla Supercharger","brand":"Tesla Supercharger","operator":"Tesla, Inc.","stalls":16,"kw_per_stall":null,"mw_capacity":null,"status":"unknown","access":"","fee":"","sockets":"","voltage":"","address":"","city":"","state":"","source":"OpenStreetMap (charge-finder mirror)","osm_id":"node/9291410548","website":""}},{"type":"Feature","geometry":{"type":"Point","coordinates":[-117.5566105,33.9759864]},"properties":{"name":"Eastvale - Limonite Ave SuperCharger","network":"Tesla Supercharger","brand":"Tesla Supercharger","operator":"Tesla, Inc.","stalls":16,"kw_per_stall":250.0,"mw_capacity":4.0,"status":"24/7","access":"customers","fee":"yes","sockets":"16","voltage":"","address":"12471, Limonite Avenue, Eastvale","city":"Eastvale","state":"","source":"OpenStreetMap (charge-finder mirror)","osm_id":"node/9294280786","website":"https://www.tesla.com/findus/location/supercharger/EastvaleCAsupercharger"}},{"type":"Feature","geometry":{"type":"Point","coordinates":[-72.5641371,46.3287386]},"properties":{"name":"Tesla Destination Charger","network":"Tesla","brand":"Tesla, Inc.","operator":"","stalls":null,"kw_per_stall":null,"mw_capacity":null,"status":"unknown","access":"","fee":"","sockets":"","voltage":"","address":"","city":"","state":"","source":"OpenStreetMap (charge-finder mirror)","osm_id":"node/9307261685","website":""}},{"type":"Feature","geometry":{"type":"Point","coordinates":[-81.2327377,33.9522814]},"properties":{"name":"Lexington SC Supercharger","network":"Tesla Supercharger","brand":"Tesla Supercharger","operator":"Tesla, Inc.","stalls":12,"kw_per_stall":null,"mw_capacity":null,"status":"unknown","access":"","fee":"","sockets":"","voltage":"","address":"Lexington, SC","city":"Lexington, SC","state":"","source":"OpenStreetMap (charge-finder mirror)","osm_id":"node/9310113150","website":"https://www.tesla.com/findus/location/supercharger/lexingtonscsupercharger"}},{"type":"Feature","geometry":{"type":"Point","coordinates":[-72.5420329,46.3008796]},"properties":{"name":"Tesla","network":"Tesla","brand":"Tesla, Inc.","operator":"","stalls":null,"kw_per_stall":null,"mw_capacity":null,"status":"unknown","access":"","fee":"","sockets":"","voltage":"","address":"","city":"","state":"","source":"OpenStreetMap (charge-finder mirror)","osm_id":"node/9318389804","website":""}},{"type":"Feature","geometry":{"type":"Point","coordinates":[-72.5374527,46.291891]},"properties":{"name":"Tesla","network":"Tesla","brand":"Tesla, Inc.","operator":"","stalls":null,"kw_per_stall":null,"mw_capacity":null,"status":"unknown","access":"","fee":"","sockets":"","voltage":"","address":"","city":"","state":"","source":"OpenStreetMap (charge-finder mirror)","osm_id":"node/9318427045","website":""}},{"type":"Feature","geometry":{"type":"Point","coordinates":[-72.7503554,46.5230942]},"properties":{"name":"Tesla Supercharger","network":"Tesla Supercharger","brand":"Tesla Supercharger","operator":"Tesla, Inc.","stalls":null,"kw_per_stall":null,"mw_capacity":null,"status":"unknown","access":"","fee":"","sockets":"","voltage":"","address":"","city":"","state":"","source":"OpenStreetMap (charge-finder mirror)","osm_id":"node/9321083568","website":""}},{"type":"Feature","geometry":{"type":"Point","coordinates":[-121.1435114,35.61357]},"properties":{"name":"Tesla Charging Station","network":"Tesla","brand":"","operator":"","stalls":null,"kw_per_stall":null,"mw_capacity":null,"status":"unknown","access":"","fee":"","sockets":"","voltage":"","address":"9280, Castillo Drive, San Simeon, CA","city":"San Simeon","state":"CA","source":"OpenStreetMap (charge-finder mirror)","osm_id":"node/9325025135","website":"https://www.plugshare.com/location/64118"}},{"type":"Feature","geometry":{"type":"Point","coordinates":[-95.9853474,31.2597001]},"properties":{"name":"Centerville, TX Supercharger","network":"Tesla Supercharger","brand":"Tesla Supercharger","operator":"Tesla, Inc.","stalls":12,"kw_per_stall":250.0,"mw_capacity":3.0,"status":"24/7","access":"","fee":"yes","sockets":"12","voltage":"","address":"947, West Saint Mary's Street, Centerville, TX","city":"Centerville","state":"TX","source":"OpenStreetMap (charge-finder mirror)","osm_id":"node/9338686036","website":"https://www.tesla.com/findus/location/supercharger/centervilletxsupercharger"}},{"type":"Feature","geometry":{"type":"Point","coordinates":[-85.743379,38.1906154]},"properties":{"name":"Tesla Destination Charger","network":"Tesla","brand":"Tesla, Inc.","operator":"","stalls":null,"kw_per_stall":null,"mw_capacity":null,"status":"unknown","access":"","fee":"","sockets":"","voltage":"","address":"","city":"","state":"","source":"OpenStreetMap (charge-finder mirror)","osm_id":"node/9338856103","website":""}},{"type":"Feature","geometry":{"type":"Point","coordinates":[-93.1549202,44.9545006]},"properties":{"name":"Tesla Supercharger","network":"Tesla Supercharger","brand":"Tesla Supercharger","operator":"Tesla, Inc.","stalls":8,"kw_per_stall":null,"mw_capacity":null,"status":"unknown","access":"","fee":"","sockets":"8","voltage":"","address":"","city":"","state":"","source":"OpenStreetMap (charge-finder mirror)","osm_id":"node/9341086536","website":""}},{"type":"Feature","geometry":{"type":"Point","coordinates":[-119.6151403,49.4962926]},"properties":{"name":"Tesla Supercharger","network":"Tesla Supercharger","brand":"Tesla Supercharger","operator":"Tesla, Inc.","stalls":null,"kw_per_stall":null,"mw_capacity":null,"status":"unknown","access":"","fee":"","sockets":"","voltage":"","address":"","city":"","state":"","source":"OpenStreetMap (charge-finder mirror)","osm_id":"node/9341979650","website":""}},{"type":"Feature","geometry":{"type":"Point","coordinates":[-77.2023105,39.1181181]},"properties":{"name":"Tesla Destination Charger","network":"Tesla","brand":"Tesla, Inc.","operator":"tesla","stalls":null,"kw_per_stall":null,"mw_capacity":null,"status":"unknown","access":"","fee":"","sockets":"","voltage":"","address":"","city":"","state":"","source":"OpenStreetMap (charge-finder mirror)","osm_id":"node/9359418957","website":""}},{"type":"Feature","geometry":{"type":"Point","coordinates":[-122.3226243,37.43829]},"properties":{"name":"Tesla Destination Charger","network":"Tesla","brand":"Tesla, Inc.","operator":"","stalls":null,"kw_per_stall":null,"mw_capacity":null,"status":"unknown","access":"yes","fee":"","sockets":"","voltage":"","address":"","city":"","state":"","source":"OpenStreetMap (charge-finder mirror)","osm_id":"node/9359843778","website":""}},{"type":"Feature","geometry":{"type":"Point","coordinates":[-121.9082266,37.7002968]},"properties":{"name":"Tesla Supercharger\u2014Pleasanton CA, - Johnson Drive","network":"Tesla Supercharger","brand":"Tesla, Inc.","operator":"Tesla, Inc.","stalls":10,"kw_per_stall":null,"mw_capacity":null,"status":"unknown","access":"","fee":"","sockets":"","voltage":"","address":"","city":"","state":"","source":"OpenStreetMap (charge-finder mirror)","osm_id":"node/9368953543","website":""}},{"type":"Feature","geometry":{"type":"Point","coordinates":[-96.5550131,33.7932898]},"properties":{"name":"Tesla Supercharger","network":"Tesla Supercharger","brand":"Tesla Supercharger","operator":"Tesla, Inc.","stalls":8,"kw_per_stall":null,"mw_capacity":null,"status":"unknown","access":"","fee":"","sockets":"","voltage":"","address":"4300, TX-91, Denison, TX","city":"Denison","state":"TX","source":"OpenStreetMap (charge-finder mirror)","osm_id":"node/9377171321","website":"https://www.tesla.com/findus/location/supercharger/DenisonTXsupercharger"}},{"type":"Feature","geometry":{"type":"Point","coordinates":[-95.6032835,33.1370909]},"properties":{"name":"Tesla Supercharger","network":"Tesla Supercharger","brand":"Tesla Supercharger","operator":"Tesla, Inc.","stalls":8,"kw_per_stall":null,"mw_capacity":null,"status":"unknown","access":"customers","fee":"yes","sockets":"","voltage":"","address":"300, West Tomlinson Street, Sulphur Springs, TX","city":"Sulphur Springs","state":"TX","source":"OpenStreetMap (charge-finder mirror)","osm_id":"node/9377176997","website":"https://www.tesla.com/findus/location/supercharger/sulphurspringstxsupercharger"}},{"type":"Feature","geometry":{"type":"Point","coordinates":[-95.4504735,32.4709082]},"properties":{"name":"Tesla Supercharger","network":"Tesla Supercharger","brand":"Tesla Supercharger","operator":"Tesla, Inc.","stalls":8,"kw_per_stall":null,"mw_capacity":null,"status":"unknown","access":"","fee":"","sockets":"","voltage":"","address":"17044, I-20, Lindale, TX","city":"Lindale","state":"TX","source":"OpenStreetMap (charge-finder mirror)","osm_id":"node/9377192595","website":"https://www.tesla.com/findus/location/supercharger/lindalesupercahrger"}},{"type":"Feature","geometry":{"type":"Point","coordinates":[-112.0216604,33.4246271]},"properties":{"name":"Tesla Destination Charger","network":"Tesla","brand":"Tesla, Inc.","operator":"","stalls":2,"kw_per_stall":null,"mw_capacity":null,"status":"unknown","access":"customers","fee":"","sockets":"","voltage":"","address":"","city":"","state":"","source":"OpenStreetMap (charge-finder mirror)","osm_id":"node/9378342842","website":""}},{"type":"Feature","geometry":{"type":"Point","coordinates":[-114.0168017,35.2115684]},"properties":{"name":"Tesla Destination Charger","network":"Tesla","brand":"Tesla, Inc.","operator":"","stalls":2,"kw_per_stall":null,"mw_capacity":null,"status":"unknown","access":"customers","fee":"","sockets":"","voltage":"","address":"","city":"","state":"","source":"OpenStreetMap (charge-finder mirror)","osm_id":"node/9378342869","website":""}},{"type":"Feature","geometry":{"type":"Point","coordinates":[-114.4760336,35.7001349]},"properties":{"name":"White Hills Supercharger","network":"Tesla Supercharger","brand":"Tesla Supercharger","operator":"Tesla, Inc.","stalls":8,"kw_per_stall":250.0,"mw_capacity":2.0,"status":"unknown","access":"yes","fee":"yes","sockets":"8","voltage":"","address":"Shell 12683 White Hills Road Willow Beach, AZ 86445","city":"Willow Beach","state":"","source":"OpenStreetMap (charge-finder mirror)","osm_id":"node/9378342875","website":"https://www.tesla.com/findus/location/supercharger/whitehillsazsupercharger"}},{"type":"Feature","geometry":{"type":"Point","coordinates":[-114.7837618,36.0102621]},"properties":{"name":"Tesla Destination Charger","network":"Tesla","brand":"Tesla, Inc.","operator":"","stalls":2,"kw_per_stall":null,"mw_capacity":null,"status":"unknown","access":"","fee":"","sockets":"","voltage":"","address":"","city":"","state":"","source":"OpenStreetMap (charge-finder mirror)","osm_id":"node/9378342879","website":""}},{"type":"Feature","geometry":{"type":"Point","coordinates":[-80.7184687,28.2673308]},"properties":{"name":"Tesla Supercharger - Rockledge","network":"Tesla Supercharger","brand":"Tesla Supercharger","operator":"Tesla, Inc.","stalls":12,"kw_per_stall":null,"mw_capacity":null,"status":"unknown","access":"yes","fee":"","sockets":"","voltage":"","address":"","city":"","state":"","source":"OpenStreetMap (charge-finder mirror)","osm_id":"node/9384057010","website":""}},{"type":"Feature","geometry":{"type":"Point","coordinates":[-108.8280865,35.5053262]},"properties":{"name":"Tesla Supercharger","network":"Tesla Supercharger","brand":"Tesla Supercharger","operator":"Tesla, Inc.","stalls":null,"kw_per_stall":null,"mw_capacity":null,"status":"unknown","access":"","fee":"","sockets":"","voltage":"","address":"","city":"","state":"","source":"OpenStreetMap (charge-finder mirror)","osm_id":"node/9396911083","website":""}},{"type":"Feature","geometry":{"type":"Point","coordinates":[-108.8280855,35.5053065]},"properties":{"name":"Tesla Supercharger","network":"Tesla Supercharger","brand":"Tesla Supercharger","operator":"Tesla, Inc.","stalls":null,"kw_per_stall":null,"mw_capacity":null,"status":"unknown","access":"","fee":"","sockets":"","voltage":"","address":"","city":"","state":"","source":"OpenStreetMap (charge-finder mirror)","osm_id":"node/9396911084","website":""}},{"type":"Feature","geometry":{"type":"Point","coordinates":[-108.8280935,35.5053243]},"properties":{"name":"Tesla Supercharger","network":"Tesla Supercharger","brand":"Tesla Supercharger","operator":"Tesla, Inc.","stalls":null,"kw_per_stall":null,"mw_capacity":null,"status":"unknown","access":"","fee":"","sockets":"","voltage":"","address":"","city":"","state":"","source":"OpenStreetMap (charge-finder mirror)","osm_id":"node/9396911085","website":""}},{"type":"Feature","geometry":{"type":"Point","coordinates":[-81.9348798,34.9479101]},"properties":{"name":"Tesla Destination Charger","network":"Tesla","brand":"Tesla, Inc.","operator":"","stalls":null,"kw_per_stall":null,"mw_capacity":null,"status":"unknown","access":"customers","fee":"","sockets":"","voltage":"","address":"","city":"","state":"","source":"OpenStreetMap (charge-finder mirror)","osm_id":"node/9405674379","website":""}},{"type":"Feature","geometry":{"type":"Point","coordinates":[-117.5575715,34.0706301]},"properties":{"name":"Tesla Destination Charger","network":"Tesla","brand":"Tesla, Inc.","operator":"","stalls":null,"kw_per_stall":null,"mw_capacity":null,"status":"unknown","access":"","fee":"","sockets":"","voltage":"","address":"","city":"","state":"","source":"OpenStreetMap (charge-finder mirror)","osm_id":"node/9411611209","website":""}},{"type":"Feature","geometry":{"type":"Point","coordinates":[-117.5553685,34.0705812]},"properties":{"name":"Tesla Destination Charger","network":"Tesla","brand":"Tesla, Inc.","operator":"","stalls":null,"kw_per_stall":null,"mw_capacity":null,"status":"unknown","access":"","fee":"","sockets":"","voltage":"","address":"","city":"","state":"","source":"OpenStreetMap (charge-finder mirror)","osm_id":"node/9411611210","website":""}},{"type":"Feature","geometry":{"type":"Point","coordinates":[-72.5045894,46.2715689]},"properties":{"name":"Tesla Destination Charger","network":"Tesla","brand":"Tesla, Inc.","operator":"","stalls":null,"kw_per_stall":null,"mw_capacity":null,"status":"unknown","access":"","fee":"","sockets":"","voltage":"","address":"","city":"","state":"","source":"OpenStreetMap (charge-finder mirror)","osm_id":"node/9412708333","website":""}},{"type":"Feature","geometry":{"type":"Point","coordinates":[-72.4350172,46.3480788]},"properties":{"name":"Tesla Supercharger","network":"Tesla Supercharger","brand":"Tesla Supercharger","operator":"Tesla, Inc.","stalls":null,"kw_per_stall":null,"mw_capacity":null,"status":"unknown","access":"","fee":"","sockets":"","voltage":"","address":"","city":"","state":"","source":"OpenStreetMap (charge-finder mirror)","osm_id":"node/9412790553","website":""}},{"type":"Feature","geometry":{"type":"Point","coordinates":[-86.566737,30.7337861]},"properties":{"name":"Tesla Supercharger","network":"Tesla Supercharger","brand":"Tesla Supercharger","operator":"Tesla, Inc.","stalls":null,"kw_per_stall":null,"mw_capacity":null,"status":"unknown","access":"","fee":"","sockets":"","voltage":"","address":"","city":"","state":"","source":"OpenStreetMap (charge-finder mirror)","osm_id":"node/9414442432","website":""}},{"type":"Feature","geometry":{"type":"Point","coordinates":[-122.389351,45.5429014]},"properties":{"name":"Tesla Supercharger","network":"Tesla Supercharger","brand":"Tesla Supercharger","operator":"Tesla, Inc.","stalls":8,"kw_per_stall":null,"mw_capacity":null,"status":"unknown","access":"","fee":"","sockets":"","voltage":"","address":"","city":"","state":"","source":"OpenStreetMap (charge-finder mirror)","osm_id":"node/9427048185","website":""}},{"type":"Feature","geometry":{"type":"Point","coordinates":[-76.9533235,38.9222482]},"properties":{"name":"Tesla Supercharger","network":"Tesla Supercharger","brand":"Tesla Supercharger","operator":"Tesla, Inc.","stalls":null,"kw_per_stall":null,"mw_capacity":null,"status":"unknown","access":"","fee":"","sockets":"","voltage":"","address":"","city":"","state":"","source":"OpenStreetMap (charge-finder mirror)","osm_id":"node/9439730031","website":""}},{"type":"Feature","geometry":{"type":"Point","coordinates":[-72.2099281,46.5687003]},"properties":{"name":"Tesla Destination Charger","network":"Tesla","brand":"Tesla, Inc.","operator":"","stalls":null,"kw_per_stall":null,"mw_capacity":null,"status":"unknown","access":"","fee":"","sockets":"","voltage":"","address":"","city":"","state":"","source":"OpenStreetMap (charge-finder mirror)","osm_id":"node/9463455981","website":""}},{"type":"Feature","geometry":{"type":"Point","coordinates":[-118.393757,33.9012067]},"properties":{"name":"Tesla Supercharger","network":"Tesla Supercharger","brand":"Tesla Supercharger","operator":"Tesla, Inc.","stalls":null,"kw_per_stall":null,"mw_capacity":null,"status":"unknown","access":"","fee":"","sockets":"","voltage":"","address":"","city":"","state":"","source":"OpenStreetMap (charge-finder mirror)","osm_id":"node/9467518768","website":""}},{"type":"Feature","geometry":{"type":"Point","coordinates":[-122.0585947,37.9697685]},"properties":{"name":"Tesla Supercharger","network":"Tesla Supercharger","brand":"Tesla Supercharger","operator":"Tesla, Inc.","stalls":16,"kw_per_stall":null,"mw_capacity":null,"status":"unknown","access":"","fee":"","sockets":"","voltage":"","address":"1975, Diamond Boulevard, Concord, CA","city":"Concord","state":"CA","source":"OpenStreetMap (charge-finder mirror)","osm_id":"node/9469550541","website":"https://www.tesla.com/findus/location/supercharger/ConcordCAsupercharger"}},{"type":"Feature","geometry":{"type":"Point","coordinates":[-122.2234178,38.1312767]},"properties":{"name":"Tesla Supercharger","network":"Tesla Supercharger","brand":"Tesla Supercharger","operator":"Tesla, Inc.","stalls":null,"kw_per_stall":null,"mw_capacity":null,"status":"unknown","access":"","fee":"","sockets":"","voltage":"","address":"","city":"","state":"","source":"OpenStreetMap (charge-finder mirror)","osm_id":"node/9476656204","website":""}},{"type":"Feature","geometry":{"type":"Point","coordinates":[-97.7062549,30.3293414]},"properties":{"name":"The Linc Tesla Supercharger","network":"Tesla Supercharger","brand":"Tesla","operator":"Tesla, Inc.","stalls":8,"kw_per_stall":null,"mw_capacity":null,"status":"24/7","access":"yes","fee":"yes","sockets":"","voltage":"","address":"","city":"","state":"","source":"OpenStreetMap (charge-finder mirror)","osm_id":"node/9489093727","website":""}},{"type":"Feature","geometry":{"type":"Point","coordinates":[-116.4197948,43.6623108]},"properties":{"name":"Tesla Destination Charger","network":"Tesla","brand":"Tesla, Inc.","operator":"","stalls":1,"kw_per_stall":null,"mw_capacity":null,"status":"unknown","access":"","fee":"","sockets":"","voltage":"","address":"","city":"","state":"","source":"OpenStreetMap (charge-finder mirror)","osm_id":"node/9503797520","website":""}},{"type":"Feature","geometry":{"type":"Point","coordinates":[-119.957557,35.9862446]},"properties":{"name":"Tesla Supercharger","network":"Tesla Supercharger","brand":"Tesla Supercharger","operator":"Tesla, Inc.","stalls":55,"kw_per_stall":250.0,"mw_capacity":13.75,"status":"24/7","access":"yes","fee":"yes","sockets":"55","voltage":"","address":"","city":"","state":"","source":"OpenStreetMap (charge-finder mirror)","osm_id":"node/9510088021","website":"https://www.tesla.com/findus/location/supercharger/KettlemanCityCAsupercharger"}},{"type":"Feature","geometry":{"type":"Point","coordinates":[-113.4868218,37.1433302]},"properties":{"name":"Tesla Destination Charger","network":"Tesla","brand":"Tesla, Inc.","operator":"","stalls":4,"kw_per_stall":null,"mw_capacity":null,"status":"unknown","access":"","fee":"","sockets":"","voltage":"","address":"","city":"","state":"","source":"OpenStreetMap (charge-finder mirror)","osm_id":"node/9522857657","website":""}},{"type":"Feature","geometry":{"type":"Point","coordinates":[-76.1941788,39.5296021]},"properties":{"name":"Tesla Supercharger","network":"Tesla Supercharger","brand":"Tesla Supercharger","operator":"Tesla, Inc.","stalls":8,"kw_per_stall":null,"mw_capacity":null,"status":"unknown","access":"","fee":"","sockets":"","voltage":"","address":"","city":"","state":"","source":"OpenStreetMap (charge-finder mirror)","osm_id":"node/9532590337","website":""}},{"type":"Feature","geometry":{"type":"Point","coordinates":[-76.8887812,39.0811529]},"properties":{"name":"Tesla Supercharger","network":"Tesla Supercharger","brand":"Tesla Supercharger","operator":"Tesla, Inc.","stalls":6,"kw_per_stall":null,"mw_capacity":null,"status":"unknown","access":"","fee":"","sockets":"","voltage":"","address":"","city":"","state":"","source":"OpenStreetMap (charge-finder mirror)","osm_id":"node/9534510045","website":""}},{"type":"Feature","geometry":{"type":"Point","coordinates":[-76.5677489,38.9361616]},"properties":{"name":"Tesla Supercharger","network":"Tesla Supercharger","brand":"Tesla Supercharger","operator":"Tesla, Inc.","stalls":8,"kw_per_stall":null,"mw_capacity":null,"status":"unknown","access":"","fee":"","sockets":"","voltage":"","address":"","city":"","state":"","source":"OpenStreetMap (charge-finder mirror)","osm_id":"node/9534542213","website":""}},{"type":"Feature","geometry":{"type":"Point","coordinates":[-122.2990381,47.6616192]},"properties":{"name":"Tesla Supercharger","network":"Tesla Supercharger","brand":"Tesla Supercharger","operator":"Tesla, Inc.","stalls":null,"kw_per_stall":null,"mw_capacity":null,"status":"unknown","access":"","fee":"","sockets":"","voltage":"","address":"","city":"","state":"","source":"OpenStreetMap (charge-finder mirror)","osm_id":"node/9536761642","website":""}},{"type":"Feature","geometry":{"type":"Point","coordinates":[-87.8884536,41.9987198]},"properties":{"name":"Tesla Supercharger","network":"Tesla Supercharger","brand":"Tesla Supercharger","operator":"Tesla, Inc.","stalls":1,"kw_per_stall":null,"mw_capacity":null,"status":"unknown","access":"yes","fee":"","sockets":"1","voltage":"","address":"","city":"","state":"","source":"OpenStreetMap (charge-finder mirror)","osm_id":"node/9548693441","website":"https://www.tesla.com/findus?v=2&bounds=42.09257554415871%2C-87.64904604052734%2C41.90478992064096%2C-88.12763795947265&zoom=12&filters=store%2Cservice%2Csupercharger%2Cdestination%20charger%2Cbodyshop%2Cparty&search=Des%20Plaines%2C%20IL%2C%20USA&locatio"}},{"type":"Feature","geometry":{"type":"Point","coordinates":[-79.7004046,40.4272009]},"properties":{"name":"Tesla Destination Charger","network":"Tesla","brand":"Tesla, Inc.","operator":"","stalls":null,"kw_per_stall":null,"mw_capacity":null,"status":"unknown","access":"","fee":"","sockets":"","voltage":"","address":"","city":"","state":"","source":"OpenStreetMap (charge-finder mirror)","osm_id":"node/9555139178","website":""}},{"type":"Feature","geometry":{"type":"Point","coordinates":[-97.7467752,30.2599736]},"properties":{"name":"Tesla Destination Charger","network":"Tesla","brand":"Tesla, Inc.","operator":"","stalls":3,"kw_per_stall":null,"mw_capacity":null,"status":"unknown","access":"","fee":"","sockets":"","voltage":"","address":"","city":"","state":"","source":"OpenStreetMap (charge-finder mirror)","osm_id":"node/9564966984","website":""}},{"type":"Feature","geometry":{"type":"Point","coordinates":[-93.2286675,45.0044951]},"properties":{"name":"Tesla Supercharger","network":"Tesla Supercharger","brand":"","operator":"Tesla","stalls":10,"kw_per_stall":null,"mw_capacity":null,"status":"unknown","access":"","fee":"","sockets":"10","voltage":"","address":"","city":"","state":"","source":"OpenStreetMap (charge-finder mirror)","osm_id":"node/9576475567","website":""}},{"type":"Feature","geometry":{"type":"Point","coordinates":[-84.0041557,35.9358648]},"properties":{"name":"Tesla Supercharger","network":"Tesla Supercharger","brand":"Tesla Supercharger","operator":"Tesla, Inc.","stalls":9,"kw_per_stall":250.0,"mw_capacity":2.25,"status":"unknown","access":"","fee":"","sockets":"9","voltage":"","address":"","city":"","state":"","source":"OpenStreetMap (charge-finder mirror)","osm_id":"node/9590496893","website":""}},{"type":"Feature","geometry":{"type":"Point","coordinates":[-123.4834288,39.689272]},"properties":{"name":"Tesla Supercharger","network":"Tesla Supercharger","brand":"Tesla Supercharger","operator":"Tesla, Inc.","stalls":8,"kw_per_stall":null,"mw_capacity":null,"status":"unknown","access":"","fee":"yes","sockets":"","voltage":"","address":"","city":"","state":"","source":"OpenStreetMap (charge-finder mirror)","osm_id":"node/9601909573","website":""}},{"type":"Feature","geometry":{"type":"Point","coordinates":[-76.4998309,44.2237281]},"properties":{"name":"Tesla","network":"Tesla","brand":"Tesla, Inc.","operator":"","stalls":null,"kw_per_stall":null,"mw_capacity":null,"status":"unknown","access":"","fee":"","sockets":"","voltage":"","address":"","city":"","state":"","source":"OpenStreetMap (charge-finder mirror)","osm_id":"node/9604207814","website":""}},{"type":"Feature","geometry":{"type":"Point","coordinates":[-79.8640784,43.2165647]},"properties":{"name":"Tesla Supercharger","network":"Tesla Supercharger","brand":"Tesla Supercharger","operator":"Tesla, Inc.","stalls":20,"kw_per_stall":null,"mw_capacity":null,"status":"unknown","access":"","fee":"","sockets":"","voltage":"","address":"","city":"","state":"","source":"OpenStreetMap (charge-finder mirror)","osm_id":"node/9619752216","website":""}},{"type":"Feature","geometry":{"type":"Point","coordinates":[-121.9799407,37.7749689]},"properties":{"name":"Tesla Supercharger","network":"Tesla Supercharger","brand":"Tesla Supercharger","operator":"Tesla, Inc.","stalls":null,"kw_per_stall":null,"mw_capacity":null,"status":"unknown","access":"","fee":"","sockets":"","voltage":"","address":"","city":"","state":"","source":"OpenStreetMap (charge-finder mirror)","osm_id":"node/9625532322","website":""}},{"type":"Feature","geometry":{"type":"Point","coordinates":[-71.0859888,42.3905811]},"properties":{"name":"Tesla Supercharging Station","network":"Tesla Supercharger","brand":"Tesla Supercharger","operator":"Tesla, Inc.","stalls":null,"kw_per_stall":null,"mw_capacity":null,"status":"unknown","access":"","fee":"","sockets":"","voltage":"","address":"","city":"","state":"","source":"OpenStreetMap (charge-finder mirror)","osm_id":"node/9650196879","website":""}},{"type":"Feature","geometry":{"type":"Point","coordinates":[-82.5767882,27.3328979]},"properties":{"name":"Tesla Destination Charger","network":"Tesla","brand":"Tesla, Inc.","operator":"","stalls":null,"kw_per_stall":null,"mw_capacity":null,"status":"unknown","access":"","fee":"","sockets":"","voltage":"","address":"","city":"","state":"","source":"OpenStreetMap (charge-finder mirror)","osm_id":"node/9664937489","website":""}},{"type":"Feature","geometry":{"type":"Point","coordinates":[-103.2105526,44.1055899]},"properties":{"name":"Rapid City, SD Supercharger","network":"Tesla Supercharger","brand":"Tesla Supercharger","operator":"Tesla, Inc.","stalls":4,"kw_per_stall":150.0,"mw_capacity":0.6,"status":"24/7","access":"","fee":"yes","sockets":"4","voltage":"","address":"","city":"","state":"","source":"OpenStreetMap (charge-finder mirror)","osm_id":"node/9688435145","website":"https://www.tesla.com/findus/location/supercharger/rapidcitysupercharger"}},{"type":"Feature","geometry":{"type":"Point","coordinates":[-121.8717425,37.2586412]},"properties":{"name":"Tesla Destination Charger","network":"Tesla","brand":"Tesla, Inc.","operator":"Tesla","stalls":null,"kw_per_stall":null,"mw_capacity":null,"status":"unknown","access":"","fee":"","sockets":"","voltage":"","address":"","city":"","state":"","source":"OpenStreetMap (charge-finder mirror)","osm_id":"node/9700836530","website":""}},{"type":"Feature","geometry":{"type":"Point","coordinates":[-121.8716819,37.2586379]},"properties":{"name":"Tesla Destination Charger","network":"Tesla","brand":"Tesla, Inc.","operator":"","stalls":null,"kw_per_stall":null,"mw_capacity":null,"status":"unknown","access":"","fee":"","sockets":"","voltage":"","address":"","city":"","state":"","source":"OpenStreetMap (charge-finder mirror)","osm_id":"node/9700836531","website":""}},{"type":"Feature","geometry":{"type":"Point","coordinates":[-121.8717122,37.2586395]},"properties":{"name":"Tesla Destination Charger","network":"Tesla","brand":"Tesla, Inc.","operator":"","stalls":null,"kw_per_stall":null,"mw_capacity":null,"status":"unknown","access":"","fee":"","sockets":"","voltage":"","address":"","city":"","state":"","source":"OpenStreetMap (charge-finder mirror)","osm_id":"node/9700836532","website":""}},{"type":"Feature","geometry":{"type":"Point","coordinates":[-121.8715593,37.2585935]},"properties":{"name":"Tesla Destination Charger","network":"Tesla","brand":"Tesla, Inc.","operator":"","stalls":null,"kw_per_stall":null,"mw_capacity":null,"status":"unknown","access":"","fee":"","sockets":"","voltage":"","address":"","city":"","state":"","source":"OpenStreetMap (charge-finder mirror)","osm_id":"node/9700836533","website":""}},{"type":"Feature","geometry":{"type":"Point","coordinates":[-121.8715346,37.2585818]},"properties":{"name":"Tesla Destination Charger","network":"Tesla","brand":"Tesla, Inc.","operator":"","stalls":null,"kw_per_stall":null,"mw_capacity":null,"status":"unknown","access":"","fee":"","sockets":"","voltage":"","address":"","city":"","state":"","source":"OpenStreetMap (charge-finder mirror)","osm_id":"node/9700836534","website":""}},{"type":"Feature","geometry":{"type":"Point","coordinates":[-121.8713379,37.2584538]},"properties":{"name":"Tesla Destination Charger","network":"Tesla","brand":"Tesla, Inc.","operator":"","stalls":null,"kw_per_stall":null,"mw_capacity":null,"status":"unknown","access":"","fee":"","sockets":"","voltage":"","address":"","city":"","state":"","source":"OpenStreetMap (charge-finder mirror)","osm_id":"node/9700836535","website":""}},{"type":"Feature","geometry":{"type":"Point","coordinates":[-121.871314,37.2584348]},"properties":{"name":"Tesla Destination Charger","network":"Tesla","brand":"Tesla, Inc.","operator":"","stalls":null,"kw_per_stall":null,"mw_capacity":null,"status":"unknown","access":"","fee":"","sockets":"","voltage":"","address":"","city":"","state":"","source":"OpenStreetMap (charge-finder mirror)","osm_id":"node/9700836536","website":""}},{"type":"Feature","geometry":{"type":"Point","coordinates":[-121.8712928,37.2584202]},"properties":{"name":"Tesla Destination Charger","network":"Tesla","brand":"Tesla, Inc.","operator":"","stalls":null,"kw_per_stall":null,"mw_capacity":null,"status":"unknown","access":"","fee":"","sockets":"","voltage":"","address":"","city":"","state":"","source":"OpenStreetMap (charge-finder mirror)","osm_id":"node/9700836537","website":""}},{"type":"Feature","geometry":{"type":"Point","coordinates":[-121.8712703,37.2584022]},"properties":{"name":"Tesla Destination Charger","network":"Tesla","brand":"Tesla, Inc.","operator":"","stalls":null,"kw_per_stall":null,"mw_capacity":null,"status":"unknown","access":"","fee":"","sockets":"","voltage":"","address":"","city":"","state":"","source":"OpenStreetMap (charge-finder mirror)","osm_id":"node/9700836538","website":""}},{"type":"Feature","geometry":{"type":"Point","coordinates":[-121.8712491,37.2583832]},"properties":{"name":"Tesla Destination Charger","network":"Tesla","brand":"Tesla, Inc.","operator":"","stalls":null,"kw_per_stall":null,"mw_capacity":null,"status":"unknown","access":"","fee":"","sockets":"","voltage":"","address":"","city":"","state":"","source":"OpenStreetMap (charge-finder mirror)","osm_id":"node/9700836539","website":""}},{"type":"Feature","geometry":{"type":"Point","coordinates":[-121.871228,37.2583652]},"properties":{"name":"Tesla Destination Charger","network":"Tesla","brand":"Tesla, Inc.","operator":"","stalls":null,"kw_per_stall":null,"mw_capacity":null,"status":"unknown","access":"","fee":"","sockets":"","voltage":"","address":"","city":"","state":"","source":"OpenStreetMap (charge-finder mirror)","osm_id":"node/9700836540","website":""}},{"type":"Feature","geometry":{"type":"Point","coordinates":[-121.8712075,37.2583489]},"properties":{"name":"Tesla Destination Charger","network":"Tesla","brand":"Tesla, Inc.","operator":"","stalls":null,"kw_per_stall":null,"mw_capacity":null,"status":"unknown","access":"","fee":"","sockets":"","voltage":"","address":"","city":"","state":"","source":"OpenStreetMap (charge-finder mirror)","osm_id":"node/9700836541","website":""}},{"type":"Feature","geometry":{"type":"Point","coordinates":[-121.8711857,37.2583304]},"properties":{"name":"Tesla Destination Charger","network":"Tesla","brand":"Tesla, Inc.","operator":"","stalls":null,"kw_per_stall":null,"mw_capacity":null,"status":"unknown","access":"","fee":"","sockets":"","voltage":"","address":"","city":"","state":"","source":"OpenStreetMap (charge-finder mirror)","osm_id":"node/9700836542","website":""}},{"type":"Feature","geometry":{"type":"Point","coordinates":[-121.871166,37.2583108]},"properties":{"name":"Tesla Destination Charger","network":"Tesla","brand":"Tesla, Inc.","operator":"","stalls":null,"kw_per_stall":null,"mw_capacity":null,"status":"unknown","access":"","fee":"","sockets":"","voltage":"","address":"","city":"","state":"","source":"OpenStreetMap (charge-finder mirror)","osm_id":"node/9700836543","website":""}},{"type":"Feature","geometry":{"type":"Point","coordinates":[-121.8711462,37.25829]},"properties":{"name":"Tesla Destination Charger","network":"Tesla","brand":"Tesla, Inc.","operator":"","stalls":null,"kw_per_stall":null,"mw_capacity":null,"status":"unknown","access":"","fee":"","sockets":"","voltage":"","address":"","city":"","state":"","source":"OpenStreetMap (charge-finder mirror)","osm_id":"node/9700836544","website":""}},{"type":"Feature","geometry":{"type":"Point","coordinates":[-121.8711265,37.258271]},"properties":{"name":"Tesla Destination Charger","network":"Tesla","brand":"Tesla, Inc.","operator":"","stalls":null,"kw_per_stall":null,"mw_capacity":null,"status":"unknown","access":"","fee":"","sockets":"","voltage":"","address":"","city":"","state":"","source":"OpenStreetMap (charge-finder mirror)","osm_id":"node/9700836545","website":""}},{"type":"Feature","geometry":{"type":"Point","coordinates":[-121.8711067,37.2582502]},"properties":{"name":"Tesla Destination Charger","network":"Tesla","brand":"Tesla, Inc.","operator":"","stalls":null,"kw_per_stall":null,"mw_capacity":null,"status":"unknown","access":"","fee":"","sockets":"","voltage":"","address":"","city":"","state":"","source":"OpenStreetMap (charge-finder mirror)","osm_id":"node/9700836546","website":""}},{"type":"Feature","geometry":{"type":"Point","coordinates":[-121.8710891,37.2582289]},"properties":{"name":"Tesla Destination Charger","network":"Tesla","brand":"Tesla, Inc.","operator":"","stalls":null,"kw_per_stall":null,"mw_capacity":null,"status":"unknown","access":"","fee":"","sockets":"","voltage":"","address":"","city":"","state":"","source":"OpenStreetMap (charge-finder mirror)","osm_id":"node/9700836547","website":""}},{"type":"Feature","geometry":{"type":"Point","coordinates":[-121.8710687,37.2582081]},"properties":{"name":"Tesla Destination Charger","network":"Tesla","brand":"Tesla, Inc.","operator":"","stalls":null,"kw_per_stall":null,"mw_capacity":null,"status":"unknown","access":"","fee":"","sockets":"","voltage":"","address":"","city":"","state":"","source":"OpenStreetMap (charge-finder mirror)","osm_id":"node/9700836548","website":""}},{"type":"Feature","geometry":{"type":"Point","coordinates":[-121.7238854,38.671246]},"properties":{"name":"Tesla Supercharger","network":"Tesla Supercharger","brand":"Tesla Supercharger","operator":"Tesla, Inc.","stalls":8,"kw_per_stall":null,"mw_capacity":null,"status":"unknown","access":"","fee":"","sockets":"","voltage":"","address":"","city":"","state":"","source":"OpenStreetMap (charge-finder mirror)","osm_id":"node/9722722383","website":""}},{"type":"Feature","geometry":{"type":"Point","coordinates":[-121.7258225,38.542489]},"properties":{"name":"Tesla Supercharger","network":"Tesla Supercharger","brand":"Tesla Supercharger","operator":"Tesla, Inc.","stalls":16,"kw_per_stall":null,"mw_capacity":null,"status":"unknown","access":"","fee":"","sockets":"","voltage":"","address":"","city":"","state":"","source":"OpenStreetMap (charge-finder mirror)","osm_id":"node/9723475537","website":""}},{"type":"Feature","geometry":{"type":"Point","coordinates":[-95.1219079,29.5191399]},"properties":{"name":"Tesla Supercharger","network":"Tesla Supercharger","brand":"Tesla Supercharger","operator":"Tesla, Inc.","stalls":12,"kw_per_stall":150.0,"mw_capacity":1.8,"status":"unknown","access":"customers","fee":"","sockets":"","voltage":"","address":"","city":"","state":"","source":"OpenStreetMap (charge-finder mirror)","osm_id":"node/9724385731","website":""}},{"type":"Feature","geometry":{"type":"Point","coordinates":[-82.4833409,27.9309422]},"properties":{"name":"Tesla Destination Charger","network":"Tesla","brand":"Tesla, Inc.","operator":"","stalls":null,"kw_per_stall":null,"mw_capacity":null,"status":"unknown","access":"","fee":"","sockets":"","voltage":"","address":"","city":"","state":"","source":"OpenStreetMap (charge-finder mirror)","osm_id":"node/9724709432","website":""}},{"type":"Feature","geometry":{"type":"Point","coordinates":[-122.2022248,47.6107464]},"properties":{"name":"Tesla Supercharger","network":"Tesla Supercharger","brand":"Tesla Supercharger","operator":"Tesla, Inc.","stalls":8,"kw_per_stall":null,"mw_capacity":null,"status":"unknown","access":"yes","fee":"no","sockets":"","voltage":"","address":"","city":"","state":"","source":"OpenStreetMap (charge-finder mirror)","osm_id":"node/9730665772","website":""}},{"type":"Feature","geometry":{"type":"Point","coordinates":[-112.0078157,46.6181922]},"properties":{"name":"Tesla Supercharger","network":"Tesla Supercharger","brand":"Tesla Supercharger","operator":"Tesla, Inc.","stalls":null,"kw_per_stall":null,"mw_capacity":null,"status":"unknown","access":"","fee":"","sockets":"","voltage":"","address":"","city":"","state":"","source":"OpenStreetMap (charge-finder mirror)","osm_id":"node/9738052506","website":""}},{"type":"Feature","geometry":{"type":"Point","coordinates":[-112.0077826,46.6181932]},"properties":{"name":"Tesla Supercharger","network":"Tesla Supercharger","brand":"Tesla Supercharger","operator":"Tesla, Inc.","stalls":null,"kw_per_stall":null,"mw_capacity":null,"status":"unknown","access":"","fee":"","sockets":"","voltage":"","address":"","city":"","state":"","source":"OpenStreetMap (charge-finder mirror)","osm_id":"node/9738052507","website":""}},{"type":"Feature","geometry":{"type":"Point","coordinates":[-112.0077425,46.6181927]},"properties":{"name":"Tesla Supercharger","network":"Tesla Supercharger","brand":"Tesla Supercharger","operator":"Tesla, Inc.","stalls":null,"kw_per_stall":null,"mw_capacity":null,"status":"unknown","access":"","fee":"","sockets":"","voltage":"","address":"","city":"","state":"","source":"OpenStreetMap (charge-finder mirror)","osm_id":"node/9738052508","website":""}},{"type":"Feature","geometry":{"type":"Point","coordinates":[-112.0077094,46.6181922]},"properties":{"name":"Tesla Supercharger","network":"Tesla Supercharger","brand":"Tesla Supercharger","operator":"Tesla, Inc.","stalls":null,"kw_per_stall":null,"mw_capacity":null,"status":"unknown","access":"","fee":"","sockets":"","voltage":"","address":"","city":"","state":"","source":"OpenStreetMap (charge-finder mirror)","osm_id":"node/9738052509","website":""}},{"type":"Feature","geometry":{"type":"Point","coordinates":[-112.0076732,46.6181932]},"properties":{"name":"Tesla Supercharger","network":"Tesla Supercharger","brand":"Tesla Supercharger","operator":"Tesla, Inc.","stalls":null,"kw_per_stall":null,"mw_capacity":null,"status":"unknown","access":"","fee":"","sockets":"","voltage":"","address":"","city":"","state":"","source":"OpenStreetMap (charge-finder mirror)","osm_id":"node/9738052510","website":""}},{"type":"Feature","geometry":{"type":"Point","coordinates":[-112.0076416,46.6181927]},"properties":{"name":"Tesla Supercharger","network":"Tesla Supercharger","brand":"Tesla Supercharger","operator":"Tesla, Inc.","stalls":null,"kw_per_stall":null,"mw_capacity":null,"status":"unknown","access":"","fee":"","sockets":"","voltage":"","address":"","city":"","state":"","source":"OpenStreetMap (charge-finder mirror)","osm_id":"node/9738052511","website":""}},{"type":"Feature","geometry":{"type":"Point","coordinates":[-112.0076046,46.6181943]},"properties":{"name":"Tesla Supercharger","network":"Tesla Supercharger","brand":"Tesla Supercharger","operator":"Tesla, Inc.","stalls":null,"kw_per_stall":null,"mw_capacity":null,"status":"unknown","access":"","fee":"","sockets":"","voltage":"","address":"","city":"","state":"","source":"OpenStreetMap (charge-finder mirror)","osm_id":"node/9738052512","website":""}},{"type":"Feature","geometry":{"type":"Point","coordinates":[-112.00757,46.6181948]},"properties":{"name":"Tesla Supercharger","network":"Tesla Supercharger","brand":"Tesla Supercharger","operator":"Tesla, Inc.","stalls":null,"kw_per_stall":null,"mw_capacity":null,"status":"unknown","access":"","fee":"","sockets":"","voltage":"","address":"","city":"","state":"","source":"OpenStreetMap (charge-finder mirror)","osm_id":"node/9738052513","website":""}},{"type":"Feature","geometry":{"type":"Point","coordinates":[-87.8880226,42.0100419]},"properties":{"name":"Tesla Destination Charger","network":"Tesla","brand":"Tesla, Inc.","operator":"","stalls":null,"kw_per_stall":null,"mw_capacity":null,"status":"unknown","access":"","fee":"","sockets":"","voltage":"","address":"","city":"","state":"","source":"OpenStreetMap (charge-finder mirror)","osm_id":"node/9755283910","website":""}},{"type":"Feature","geometry":{"type":"Point","coordinates":[-78.8863936,35.8435625]},"properties":{"name":"Tesla Supercharger","network":"Tesla Supercharger","brand":"Tesla Supercharger","operator":"Tesla, Inc.","stalls":null,"kw_per_stall":null,"mw_capacity":null,"status":"unknown","access":"","fee":"","sockets":"","voltage":"","address":"","city":"","state":"","source":"OpenStreetMap (charge-finder mirror)","osm_id":"node/9770019237","website":""}},{"type":"Feature","geometry":{"type":"Point","coordinates":[-80.9396752,35.2429088]},"properties":{"name":"Tesla Destination Charger","network":"Tesla","brand":"Tesla, Inc.","operator":"","stalls":null,"kw_per_stall":null,"mw_capacity":null,"status":"unknown","access":"","fee":"","sockets":"","voltage":"","address":"","city":"","state":"","source":"OpenStreetMap (charge-finder mirror)","osm_id":"node/9776130588","website":""}},{"type":"Feature","geometry":{"type":"Point","coordinates":[-94.6796175,31.6519149]},"properties":{"name":"Tesla Supercharger","network":"Tesla Supercharger","brand":"Tesla Supercharger","operator":"Tesla, Inc.","stalls":null,"kw_per_stall":null,"mw_capacity":null,"status":"unknown","access":"","fee":"","sockets":"","voltage":"","address":"","city":"","state":"","source":"OpenStreetMap (charge-finder mirror)","osm_id":"node/9779784031","website":""}},{"type":"Feature","geometry":{"type":"Point","coordinates":[-78.8211474,43.0021565]},"properties":{"name":"Tesla Destination Charger","network":"Tesla","brand":"Tesla, Inc.","operator":"","stalls":2,"kw_per_stall":null,"mw_capacity":null,"status":"unknown","access":"customers","fee":"no","sockets":"","voltage":"","address":"","city":"","state":"","source":"OpenStreetMap (charge-finder mirror)","osm_id":"node/9792732715","website":""}},{"type":"Feature","geometry":{"type":"Point","coordinates":[-78.3254822,35.5049955]},"properties":{"name":"Tesla Supercharger","network":"Tesla Supercharger","brand":"Tesla Supercharger","operator":"Tesla, Inc.","stalls":null,"kw_per_stall":null,"mw_capacity":null,"status":"unknown","access":"","fee":"","sockets":"","voltage":"","address":"","city":"","state":"","source":"OpenStreetMap (charge-finder mirror)","osm_id":"node/9795745058","website":""}},{"type":"Feature","geometry":{"type":"Point","coordinates":[-97.0910496,31.8990199]},"properties":{"name":"Tesla Supercharger","network":"Tesla Supercharger","brand":"Tesla Supercharger","operator":"Tesla, Inc.","stalls":8,"kw_per_stall":null,"mw_capacity":null,"status":"24/7","access":"yes","fee":"","sockets":"","voltage":"","address":"1197, I35, Abbott, TX","city":"Abbott","state":"TX","source":"OpenStreetMap (charge-finder mirror)","osm_id":"node/9804181649","website":""}},{"type":"Feature","geometry":{"type":"Point","coordinates":[-96.8361914,32.9755854]},"properties":{"name":"Tesla","network":"Tesla","brand":"","operator":"Million Air Dallas Tesla Destination","stalls":null,"kw_per_stall":null,"mw_capacity":null,"status":"24/7","access":"customers","fee":"no","sockets":"","voltage":"","address":"4300, Westgrove Drive, Addison, TX","city":"Addison","state":"TX","source":"OpenStreetMap (charge-finder mirror)","osm_id":"node/9804181650","website":""}},{"type":"Feature","geometry":{"type":"Point","coordinates":[-96.8369024,32.9513576]},"properties":{"name":"Tesla","network":"Tesla","brand":"","operator":"Smith Protective Management Tesla Destination","stalls":null,"kw_per_stall":null,"mw_capacity":null,"status":"24/7","access":"customers","fee":"no","sockets":"","voltage":"","address":"","city":"","state":"","source":"OpenStreetMap (charge-finder mirror)","osm_id":"node/9804181651","website":""}},{"type":"Feature","geometry":{"type":"Point","coordinates":[-99.7493993,32.373073]},"properties":{"name":"Tesla","network":"Tesla","brand":"","operator":"Abilene Eye Institute Tesla Destination","stalls":null,"kw_per_stall":null,"mw_capacity":null,"status":"24/7","access":"customers","fee":"no","sockets":"","voltage":"","address":"2120, Antilley Road, Abilene, TX","city":"Abilene","state":"TX","source":"OpenStreetMap (charge-finder mirror)","osm_id":"node/9804181652","website":""}},{"type":"Feature","geometry":{"type":"Point","coordinates":[-97.111382,33.180435]},"properties":{"name":"Tesla","network":"Tesla","brand":"","operator":"Wildwood Inn Tesla Destination","stalls":null,"kw_per_stall":null,"mw_capacity":null,"status":"24/7","access":"customers","fee":"no","sockets":"","voltage":"","address":"","city":"","state":"","source":"OpenStreetMap (charge-finder mirror)","osm_id":"node/9804228971","website":""}},{"type":"Feature","geometry":{"type":"Point","coordinates":[-97.1682815,33.2233349]},"properties":{"name":"Tesla","network":"Tesla","brand":"","operator":"Embassy Suites by Hilton Denton Convention Center Tesla Destination","stalls":null,"kw_per_stall":null,"mw_capacity":null,"status":"24/7","access":"customers","fee":"no","sockets":"","voltage":"","address":"","city":"","state":"","source":"OpenStreetMap (charge-finder mirror)","osm_id":"node/9804228972","website":""}},{"type":"Feature","geometry":{"type":"Point","coordinates":[-97.0505437,33.2401705]},"properties":{"name":"Tesla","network":"Tesla","brand":"","operator":"Old Irish Bed and Breakfast Tesla Destination","stalls":null,"kw_per_stall":null,"mw_capacity":null,"status":"24/7","access":"customers","fee":"no","sockets":"","voltage":"","address":"","city":"","state":"","source":"OpenStreetMap (charge-finder mirror)","osm_id":"node/9804228973","website":""}},{"type":"Feature","geometry":{"type":"Point","coordinates":[-97.100131,33.1829861]},"properties":{"name":"Tesla","network":"Tesla","brand":"","operator":"Best Western Premier Crown Chase Inn & Suites Tesla Destination","stalls":null,"kw_per_stall":null,"mw_capacity":null,"status":"24/7","access":"customers","fee":"no","sockets":"","voltage":"","address":"","city":"","state":"","source":"OpenStreetMap (charge-finder mirror)","osm_id":"node/9804228974","website":""}},{"type":"Feature","geometry":{"type":"Point","coordinates":[-87.8884524,41.9986959]},"properties":{"name":"Tesla Supercharger","network":"Tesla Supercharger","brand":"Tesla Supercharger","operator":"Tesla, Inc.","stalls":1,"kw_per_stall":null,"mw_capacity":null,"status":"unknown","access":"yes","fee":"","sockets":"1","voltage":"","address":"","city":"","state":"","source":"OpenStreetMap (charge-finder mirror)","osm_id":"node/9807578487","website":"https://www.tesla.com/findus?v=2&bounds=42.09257554415871%2C-87.64904604052734%2C41.90478992064096%2C-88.12763795947265&zoom=12&filters=store%2Cservice%2Csupercharger%2Cdestination%20charger%2Cbodyshop%2Cparty&search=Des%20Plaines%2C%20IL%2C%20USA&locatio"}},{"type":"Feature","geometry":{"type":"Point","coordinates":[-87.8884524,41.9986718]},"properties":{"name":"Tesla Supercharger","network":"Tesla Supercharger","brand":"Tesla Supercharger","operator":"Tesla, Inc.","stalls":1,"kw_per_stall":null,"mw_capacity":null,"status":"unknown","access":"yes","fee":"","sockets":"1","voltage":"","address":"","city":"","state":"","source":"OpenStreetMap (charge-finder mirror)","osm_id":"node/9807578488","website":"https://www.tesla.com/findus?v=2&bounds=42.09257554415871%2C-87.64904604052734%2C41.90478992064096%2C-88.12763795947265&zoom=12&filters=store%2Cservice%2Csupercharger%2Cdestination%20charger%2Cbodyshop%2Cparty&search=Des%20Plaines%2C%20IL%2C%20USA&locatio"}},{"type":"Feature","geometry":{"type":"Point","coordinates":[-87.888454,41.9986467]},"properties":{"name":"Tesla Supercharger","network":"Tesla Supercharger","brand":"Tesla Supercharger","operator":"Tesla, Inc.","stalls":1,"kw_per_stall":null,"mw_capacity":null,"status":"unknown","access":"yes","fee":"","sockets":"1","voltage":"","address":"","city":"","state":"","source":"OpenStreetMap (charge-finder mirror)","osm_id":"node/9807578489","website":"https://www.tesla.com/findus?v=2&bounds=42.09257554415871%2C-87.64904604052734%2C41.90478992064096%2C-88.12763795947265&zoom=12&filters=store%2Cservice%2Csupercharger%2Cdestination%20charger%2Cbodyshop%2Cparty&search=Des%20Plaines%2C%20IL%2C%20USA&locatio"}},{"type":"Feature","geometry":{"type":"Point","coordinates":[-87.8884535,41.9986222]},"properties":{"name":"Tesla Supercharger","network":"Tesla Supercharger","brand":"Tesla Supercharger","operator":"Tesla, Inc.","stalls":1,"kw_per_stall":null,"mw_capacity":null,"status":"unknown","access":"yes","fee":"","sockets":"1","voltage":"","address":"","city":"","state":"","source":"OpenStreetMap (charge-finder mirror)","osm_id":"node/9807578490","website":"https://www.tesla.com/findus?v=2&bounds=42.09257554415871%2C-87.64904604052734%2C41.90478992064096%2C-88.12763795947265&zoom=12&filters=store%2Cservice%2Csupercharger%2Cdestination%20charger%2Cbodyshop%2Cparty&search=Des%20Plaines%2C%20IL%2C%20USA&locatio"}},{"type":"Feature","geometry":{"type":"Point","coordinates":[-87.8884545,41.9985968]},"properties":{"name":"Tesla Supercharger","network":"Tesla Supercharger","brand":"Tesla Supercharger","operator":"Tesla, Inc.","stalls":1,"kw_per_stall":null,"mw_capacity":null,"status":"unknown","access":"yes","fee":"","sockets":"1","voltage":"","address":"","city":"","state":"","source":"OpenStreetMap (charge-finder mirror)","osm_id":"node/9807578491","website":"https://www.tesla.com/findus?v=2&bounds=42.09257554415871%2C-87.64904604052734%2C41.90478992064096%2C-88.12763795947265&zoom=12&filters=store%2Cservice%2Csupercharger%2Cdestination%20charger%2Cbodyshop%2Cparty&search=Des%20Plaines%2C%20IL%2C%20USA&locatio"}},{"type":"Feature","geometry":{"type":"Point","coordinates":[-87.8884544,41.9985721]},"properties":{"name":"Tesla Supercharger","network":"Tesla Supercharger","brand":"Tesla Supercharger","operator":"Tesla, Inc.","stalls":1,"kw_per_stall":null,"mw_capacity":null,"status":"unknown","access":"yes","fee":"","sockets":"1","voltage":"","address":"","city":"","state":"","source":"OpenStreetMap (charge-finder mirror)","osm_id":"node/9807578492","website":"https://www.tesla.com/findus?v=2&bounds=42.09257554415871%2C-87.64904604052734%2C41.90478992064096%2C-88.12763795947265&zoom=12&filters=store%2Cservice%2Csupercharger%2Cdestination%20charger%2Cbodyshop%2Cparty&search=Des%20Plaines%2C%20IL%2C%20USA&locatio"}},{"type":"Feature","geometry":{"type":"Point","coordinates":[-87.8884545,41.9985237]},"properties":{"name":"Tesla Supercharger","network":"Tesla Supercharger","brand":"Tesla Supercharger","operator":"Tesla, Inc.","stalls":1,"kw_per_stall":null,"mw_capacity":null,"status":"unknown","access":"yes","fee":"","sockets":"1","voltage":"","address":"","city":"","state":"","source":"OpenStreetMap (charge-finder mirror)","osm_id":"node/9807578493","website":"https://www.tesla.com/findus?v=2&bounds=42.09257554415871%2C-87.64904604052734%2C41.90478992064096%2C-88.12763795947265&zoom=12&filters=store%2Cservice%2Csupercharger%2Cdestination%20charger%2Cbodyshop%2Cparty&search=Des%20Plaines%2C%20IL%2C%20USA&locatio"}},{"type":"Feature","geometry":{"type":"Point","coordinates":[-87.8884545,41.9985481]},"properties":{"name":"Tesla Supercharger","network":"Tesla Supercharger","brand":"Tesla Supercharger","operator":"Tesla, Inc.","stalls":1,"kw_per_stall":null,"mw_capacity":null,"status":"unknown","access":"yes","fee":"","sockets":"1","voltage":"","address":"","city":"","state":"","source":"OpenStreetMap (charge-finder mirror)","osm_id":"node/9807578494","website":"https://www.tesla.com/findus?v=2&bounds=42.09257554415871%2C-87.64904604052734%2C41.90478992064096%2C-88.12763795947265&zoom=12&filters=store%2Cservice%2Csupercharger%2Cdestination%20charger%2Cbodyshop%2Cparty&search=Des%20Plaines%2C%20IL%2C%20USA&locatio"}},{"type":"Feature","geometry":{"type":"Point","coordinates":[-97.0886973,33.0364651]},"properties":{"name":"Tesla","network":"Tesla","brand":"","operator":"Wonderland Montessori Academy of Flower Mound Tesla Destination","stalls":null,"kw_per_stall":null,"mw_capacity":null,"status":"24/7","access":"customers","fee":"no","sockets":"","voltage":"","address":"","city":"","state":"","source":"OpenStreetMap (charge-finder mirror)","osm_id":"node/9807817313","website":""}},{"type":"Feature","geometry":{"type":"Point","coordinates":[-101.4491566,31.1918714]},"properties":{"name":"Tesla Charging Station","network":"Tesla","brand":"Tesla, Inc.","operator":"Best Western","stalls":null,"kw_per_stall":null,"mw_capacity":null,"status":"unknown","access":"","fee":"","sockets":"","voltage":"","address":"","city":"","state":"","source":"OpenStreetMap (charge-finder mirror)","osm_id":"node/9809070410","website":""}},{"type":"Feature","geometry":{"type":"Point","coordinates":[-87.8884537,41.9987457]},"properties":{"name":"Tesla Supercharger","network":"Tesla Supercharger","brand":"Tesla Supercharger","operator":"Tesla, Inc.","stalls":1,"kw_per_stall":null,"mw_capacity":null,"status":"unknown","access":"yes","fee":"","sockets":"1","voltage":"","address":"","city":"","state":"","source":"OpenStreetMap (charge-finder mirror)","osm_id":"node/9810080152","website":"https://www.tesla.com/findus?v=2&bounds=42.09257554415871%2C-87.64904604052734%2C41.90478992064096%2C-88.12763795947265&zoom=12&filters=store%2Cservice%2Csupercharger%2Cdestination%20charger%2Cbodyshop%2Cparty&search=Des%20Plaines%2C%20IL%2C%20USA&locatio"}},{"type":"Feature","geometry":{"type":"Point","coordinates":[-87.888385,41.9987526]},"properties":{"name":"Tesla Supercharger","network":"Tesla Supercharger","brand":"Tesla Supercharger","operator":"Tesla, Inc.","stalls":1,"kw_per_stall":null,"mw_capacity":null,"status":"unknown","access":"yes","fee":"","sockets":"1","voltage":"","address":"","city":"","state":"","source":"OpenStreetMap (charge-finder mirror)","osm_id":"node/9810080153","website":"https://www.tesla.com/findus?v=2&bounds=42.09257554415871%2C-87.64904604052734%2C41.90478992064096%2C-88.12763795947265&zoom=12&filters=store%2Cservice%2Csupercharger%2Cdestination%20charger%2Cbodyshop%2Cparty&search=Des%20Plaines%2C%20IL%2C%20USA&locatio"}},{"type":"Feature","geometry":{"type":"Point","coordinates":[-101.7518272,35.1932843]},"properties":{"name":"Tesla","network":"Tesla","brand":"","operator":"Hampton Inn & Suites Amarillo East - Tesla Destination","stalls":null,"kw_per_stall":null,"mw_capacity":null,"status":"24/7","access":"customers","fee":"no","sockets":"","voltage":"","address":"","city":"","state":"","source":"OpenStreetMap (charge-finder mirror)","osm_id":"node/9811596040","website":""}},{"type":"Feature","geometry":{"type":"Point","coordinates":[-101.7518264,35.193332]},"properties":{"name":"Tesla","network":"Tesla","brand":"","operator":"Hampton Inn & Suites Amarillo East - Tesla Destination","stalls":null,"kw_per_stall":null,"mw_capacity":null,"status":"24/7","access":"customers","fee":"no","sockets":"","voltage":"","address":"","city":"","state":"","source":"OpenStreetMap (charge-finder mirror)","osm_id":"node/9811596041","website":""}},{"type":"Feature","geometry":{"type":"Point","coordinates":[-101.7518269,35.1933117]},"properties":{"name":"Tesla","network":"Tesla","brand":"","operator":"Hampton Inn & Suites Amarillo East - Tesla Destination","stalls":null,"kw_per_stall":null,"mw_capacity":null,"status":"24/7","access":"customers","fee":"no","sockets":"","voltage":"","address":"","city":"","state":"","source":"OpenStreetMap (charge-finder mirror)","osm_id":"node/9811596043","website":""}},{"type":"Feature","geometry":{"type":"Point","coordinates":[-101.9312691,35.1910628]},"properties":{"name":"Tesla","network":"Tesla","brand":"","operator":"Home2 Suites by Hilton Amarillo - Tesla Destination","stalls":null,"kw_per_stall":null,"mw_capacity":null,"status":"24/7","access":"customers","fee":"no","sockets":"","voltage":"","address":"","city":"","state":"","source":"OpenStreetMap (charge-finder mirror)","osm_id":"node/9811596044","website":""}},{"type":"Feature","geometry":{"type":"Point","coordinates":[-96.6770559,33.1074412]},"properties":{"name":"Tesla","network":"Tesla","brand":"","operator":"Hyatt Place Dallas/Allen - Tesla Destination","stalls":null,"kw_per_stall":null,"mw_capacity":null,"status":"24/7","access":"customers","fee":"no","sockets":"","voltage":"","address":"","city":"","state":"","source":"OpenStreetMap (charge-finder mirror)","osm_id":"node/9811661953","website":""}},{"type":"Feature","geometry":{"type":"Point","coordinates":[-97.2645704,32.4643626]},"properties":{"name":"Tesla Supercharger","network":"Tesla Supercharger","brand":"Tesla Supercharger","operator":"Tesla, Inc.","stalls":null,"kw_per_stall":null,"mw_capacity":null,"status":"24/7","access":"yes","fee":"yes","sockets":"","voltage":"","address":"","city":"","state":"","source":"OpenStreetMap (charge-finder mirror)","osm_id":"node/9811661954","website":""}},{"type":"Feature","geometry":{"type":"Point","coordinates":[-96.6673069,33.1168931]},"properties":{"name":"Tesla","network":"Tesla","brand":"","operator":"La Quinta Inn and Suites Allen at The Village - Tesla Destination","stalls":null,"kw_per_stall":null,"mw_capacity":null,"status":"24/7","access":"customers","fee":"no","sockets":"","voltage":"","address":"","city":"","state":"","source":"OpenStreetMap (charge-finder mirror)","osm_id":"node/9811661956","website":""}},{"type":"Feature","geometry":{"type":"Point","coordinates":[-96.6771031,33.1074588]},"properties":{"name":"Tesla","network":"Tesla","brand":"","operator":"Hyatt Place Dallas/Allen - Tesla Destination","stalls":null,"kw_per_stall":null,"mw_capacity":null,"status":"24/7","access":"customers","fee":"no","sockets":"","voltage":"","address":"","city":"","state":"","source":"OpenStreetMap (charge-finder mirror)","osm_id":"node/9811661957","website":""}},{"type":"Feature","geometry":{"type":"Point","coordinates":[-97.1431065,27.9003079]},"properties":{"name":"Tesla","network":"Tesla","brand":"","operator":"Microtel Inn and Suites Aransas Pass - Tesla Destination","stalls":null,"kw_per_stall":null,"mw_capacity":null,"status":"24/7","access":"customers","fee":"no","sockets":"","voltage":"","address":"","city":"","state":"","source":"OpenStreetMap (charge-finder mirror)","osm_id":"node/9811900864","website":""}},{"type":"Feature","geometry":{"type":"Point","coordinates":[-87.4027205,44.8221191]},"properties":{"name":"Tesla Supercharger","network":"Tesla Supercharger","brand":"Tesla Supercharger","operator":"Tesla, Inc.","stalls":8,"kw_per_stall":null,"mw_capacity":null,"status":"unknown","access":"","fee":"","sockets":"8","voltage":"","address":"","city":"","state":"","source":"OpenStreetMap (charge-finder mirror)","osm_id":"node/9828977945","website":""}},{"type":"Feature","geometry":{"type":"Point","coordinates":[-105.823694,46.3908971]},"properties":{"name":"Tesla Supercharger","network":"Tesla Supercharger","brand":"Tesla Supercharger","operator":"Tesla, Inc.","stalls":null,"kw_per_stall":null,"mw_capacity":null,"status":"unknown","access":"","fee":"","sockets":"","voltage":"","address":"","city":"","state":"","source":"OpenStreetMap (charge-finder mirror)","osm_id":"node/9829427546","website":""}},{"type":"Feature","geometry":{"type":"Point","coordinates":[-123.3390185,42.9726055]},"properties":{"name":"Tesla Supercharger","network":"Tesla Supercharger","brand":"Tesla Supercharger","operator":"Tesla, Inc.","stalls":8,"kw_per_stall":null,"mw_capacity":null,"status":"unknown","access":"","fee":"","sockets":"","voltage":"","address":"","city":"","state":"","source":"OpenStreetMap (charge-finder mirror)","osm_id":"node/9832383421","website":""}},{"type":"Feature","geometry":{"type":"Point","coordinates":[-82.4517654,28.0884064]},"properties":{"name":"Tesla Destination Charger","network":"Tesla","brand":"Tesla, Inc.","operator":"Tesla, Inc.","stalls":8,"kw_per_stall":null,"mw_capacity":null,"status":"unknown","access":"yes","fee":"yes","sockets":"","voltage":"","address":"","city":"","state":"","source":"OpenStreetMap (charge-finder mirror)","osm_id":"node/9839070596","website":""}},{"type":"Feature","geometry":{"type":"Point","coordinates":[-82.4000828,28.1898079]},"properties":{"name":"Tesla Supercharger","network":"Tesla Supercharger","brand":"Tesla Supercharger","operator":"Tesla, Inc.","stalls":8,"kw_per_stall":null,"mw_capacity":null,"status":"unknown","access":"yes","fee":"yes","sockets":"","voltage":"","address":"","city":"","state":"","source":"OpenStreetMap (charge-finder mirror)","osm_id":"node/9839073518","website":""}},{"type":"Feature","geometry":{"type":"Point","coordinates":[-71.9628976,42.1567878]},"properties":{"name":"Tesla Supercharger","network":"Tesla Supercharger","brand":"Tesla Supercharger","operator":"Tesla Motors","stalls":8,"kw_per_stall":null,"mw_capacity":null,"status":"unknown","access":"","fee":"","sockets":"","voltage":"400","address":"Massachusetts Avenue","city":"","state":"","source":"OpenStreetMap (charge-finder mirror)","osm_id":"node/9846181510","website":""}},{"type":"Feature","geometry":{"type":"Point","coordinates":[-97.6806787,30.4773297]},"properties":{"name":"TownePlace Suites Austin Round Rock Tesla Destination","network":"Tesla","brand":"Tesla, Inc.","operator":"","stalls":1,"kw_per_stall":null,"mw_capacity":null,"status":"24/7","access":"yes","fee":"no","sockets":"","voltage":"","address":"","city":"","state":"","source":"OpenStreetMap (charge-finder mirror)","osm_id":"node/9846269932","website":""}},{"type":"Feature","geometry":{"type":"Point","coordinates":[-97.6807022,30.4773161]},"properties":{"name":"TownePlace Suites Austin Round Rock Tesla Destination","network":"Tesla","brand":"Tesla, Inc.","operator":"","stalls":1,"kw_per_stall":null,"mw_capacity":null,"status":"24/7","access":"yes","fee":"no","sockets":"","voltage":"","address":"","city":"","state":"","source":"OpenStreetMap (charge-finder mirror)","osm_id":"node/9846269933","website":""}},{"type":"Feature","geometry":{"type":"Point","coordinates":[-97.7494167,30.3922183]},"properties":{"name":"Renaissance Austin Hotel Tesla Destination","network":"Tesla","brand":"Tesla","operator":"","stalls":5,"kw_per_stall":null,"mw_capacity":null,"status":"24/7","access":"customers","fee":"no","sockets":"","voltage":"","address":"","city":"","state":"","source":"OpenStreetMap (charge-finder mirror)","osm_id":"node/9846269934","website":""}},{"type":"Feature","geometry":{"type":"Point","coordinates":[-97.6807253,30.4773046]},"properties":{"name":"TownePlace Suites Austin Round Rock Tesla Destination","network":"Tesla","brand":"Tesla, Inc.","operator":"","stalls":1,"kw_per_stall":null,"mw_capacity":null,"status":"24/7","access":"yes","fee":"no","sockets":"","voltage":"","address":"","city":"","state":"","source":"OpenStreetMap (charge-finder mirror)","osm_id":"node/9846269949","website":""}},{"type":"Feature","geometry":{"type":"Point","coordinates":[-97.7263878,30.3952805]},"properties":{"name":"Lone Star Court Tesla Destination","network":"Tesla","brand":"Tesla","operator":"","stalls":3,"kw_per_stall":null,"mw_capacity":null,"status":"24/7","access":"customers","fee":"no","sockets":"","voltage":"","address":"","city":"","state":"","source":"OpenStreetMap (charge-finder mirror)","osm_id":"node/9846269950","website":""}},{"type":"Feature","geometry":{"type":"Point","coordinates":[-97.8572027,30.2900272]},"properties":{"name":"Omni Barton Creek Resort Tesla Destination","network":"Tesla","brand":"Tesla","operator":"","stalls":1,"kw_per_stall":null,"mw_capacity":null,"status":"24/7","access":"yes","fee":"no","sockets":"","voltage":"","address":"","city":"","state":"","source":"OpenStreetMap (charge-finder mirror)","osm_id":"node/9846326383","website":""}},{"type":"Feature","geometry":{"type":"Point","coordinates":[-97.8218774,30.2262023]},"properties":{"name":"Sunset Valley Village Tesla Supercharger","network":"Tesla Supercharger","brand":"Tesla","operator":"","stalls":1,"kw_per_stall":null,"mw_capacity":null,"status":"24/7","access":"yes","fee":"","sockets":"","voltage":"","address":"","city":"","state":"","source":"OpenStreetMap (charge-finder mirror)","osm_id":"node/9846326384","website":""}},{"type":"Feature","geometry":{"type":"Point","coordinates":[-97.8219015,30.2262151]},"properties":{"name":"Sunset Valley Village Tesla Supercharger","network":"Tesla Supercharger","brand":"Tesla","operator":"","stalls":1,"kw_per_stall":null,"mw_capacity":null,"status":"24/7","access":"yes","fee":"","sockets":"","voltage":"","address":"","city":"","state":"","source":"OpenStreetMap (charge-finder mirror)","osm_id":"node/9846326385","website":""}},{"type":"Feature","geometry":{"type":"Point","coordinates":[-97.8219257,30.2262255]},"properties":{"name":"Sunset Valley Village Tesla Supercharger","network":"Tesla Supercharger","brand":"Tesla","operator":"","stalls":1,"kw_per_stall":null,"mw_capacity":null,"status":"24/7","access":"yes","fee":"","sockets":"","voltage":"","address":"","city":"","state":"","source":"OpenStreetMap (charge-finder mirror)","osm_id":"node/9846326386","website":""}},{"type":"Feature","geometry":{"type":"Point","coordinates":[-97.8219485,30.2262394]},"properties":{"name":"Sunset Valley Village Tesla Supercharger","network":"Tesla Supercharger","brand":"Tesla","operator":"","stalls":1,"kw_per_stall":null,"mw_capacity":null,"status":"24/7","access":"yes","fee":"","sockets":"","voltage":"","address":"","city":"","state":"","source":"OpenStreetMap (charge-finder mirror)","osm_id":"node/9846326387","website":""}},{"type":"Feature","geometry":{"type":"Point","coordinates":[-97.8219706,30.2262533]},"properties":{"name":"Sunset Valley Village Tesla Supercharger","network":"Tesla Supercharger","brand":"Tesla","operator":"","stalls":1,"kw_per_stall":null,"mw_capacity":null,"status":"24/7","access":"yes","fee":"","sockets":"","voltage":"","address":"","city":"","state":"","source":"OpenStreetMap (charge-finder mirror)","osm_id":"node/9846326388","website":""}},{"type":"Feature","geometry":{"type":"Point","coordinates":[-97.8219947,30.2262655]},"properties":{"name":"Sunset Valley Village Tesla Supercharger","network":"Tesla Supercharger","brand":"Tesla","operator":"","stalls":1,"kw_per_stall":null,"mw_capacity":null,"status":"24/7","access":"yes","fee":"","sockets":"","voltage":"","address":"","city":"","state":"","source":"OpenStreetMap (charge-finder mirror)","osm_id":"node/9846326389","website":""}},{"type":"Feature","geometry":{"type":"Point","coordinates":[-97.8220195,30.22628]},"properties":{"name":"Sunset Valley Village Tesla Supercharger","network":"Tesla Supercharger","brand":"Tesla","operator":"","stalls":1,"kw_per_stall":null,"mw_capacity":null,"status":"24/7","access":"yes","fee":"","sockets":"","voltage":"","address":"","city":"","state":"","source":"OpenStreetMap (charge-finder mirror)","osm_id":"node/9846326390","website":""}},{"type":"Feature","geometry":{"type":"Point","coordinates":[-97.8220406,30.2262912]},"properties":{"name":"Sunset Valley Village Tesla Supercharger","network":"Tesla Supercharger","brand":"Tesla","operator":"","stalls":1,"kw_per_stall":null,"mw_capacity":null,"status":"24/7","access":"yes","fee":"","sockets":"","voltage":"","address":"","city":"","state":"","source":"OpenStreetMap (charge-finder mirror)","osm_id":"node/9846326396","website":""}},{"type":"Feature","geometry":{"type":"Point","coordinates":[-97.857189,30.2900505]},"properties":{"name":"Omni Barton Creek Resort Tesla Destination","network":"Tesla","brand":"Tesla","operator":"","stalls":1,"kw_per_stall":null,"mw_capacity":null,"status":"24/7","access":"yes","fee":"no","sockets":"","voltage":"","address":"","city":"","state":"","source":"OpenStreetMap (charge-finder mirror)","osm_id":"node/9846326409","website":""}},{"type":"Feature","geometry":{"type":"Point","coordinates":[-97.739043,30.2598179]},"properties":{"name":"Kimpton Hotel Van Zandt Tesla Destination","network":"Tesla","brand":"Tesla, Inc.","operator":"","stalls":2,"kw_per_stall":null,"mw_capacity":null,"status":"24/7","access":"customers","fee":"no","sockets":"","voltage":"","address":"","city":"","state":"","source":"OpenStreetMap (charge-finder mirror)","osm_id":"node/9846397764","website":""}},{"type":"Feature","geometry":{"type":"Point","coordinates":[-97.7419777,30.2690366]},"properties":{"name":"InterContinental Stephen F Austin Hotel Tesla Destination","network":"Tesla","brand":"Tesla","operator":"","stalls":4,"kw_per_stall":null,"mw_capacity":null,"status":"24/7","access":"customers","fee":"no","sockets":"","voltage":"","address":"","city":"","state":"","source":"OpenStreetMap (charge-finder mirror)","osm_id":"node/9846397767","website":""}},{"type":"Feature","geometry":{"type":"Point","coordinates":[-97.724726,30.402497]},"properties":{"name":"The Domain Tesla Supercharger","network":"Tesla Supercharger","brand":"Tesla","operator":"","stalls":16,"kw_per_stall":null,"mw_capacity":null,"status":"24/7","access":"yes","fee":"yes","sockets":"","voltage":"","address":"","city":"","state":"","source":"OpenStreetMap (charge-finder mirror)","osm_id":"node/9846433351","website":""}},{"type":"Feature","geometry":{"type":"Point","coordinates":[-120.6809018,47.5534694]},"properties":{"name":"Tesla","network":"Tesla","brand":"Tesla","operator":"","stalls":null,"kw_per_stall":null,"mw_capacity":null,"status":"unknown","access":"","fee":"","sockets":"","voltage":"","address":"","city":"","state":"","source":"OpenStreetMap (charge-finder mirror)","osm_id":"node/9846449539","website":""}},{"type":"Feature","geometry":{"type":"Point","coordinates":[-120.6808186,47.5535126]},"properties":{"name":"Tesla","network":"Tesla","brand":"Tesla","operator":"","stalls":null,"kw_per_stall":null,"mw_capacity":null,"status":"unknown","access":"","fee":"","sockets":"","voltage":"","address":"","city":"","state":"","source":"OpenStreetMap (charge-finder mirror)","osm_id":"node/9846449560","website":""}},{"type":"Feature","geometry":{"type":"Point","coordinates":[-120.6808609,47.5534886]},"properties":{"name":"Tesla","network":"Tesla","brand":"Tesla","operator":"","stalls":null,"kw_per_stall":null,"mw_capacity":null,"status":"unknown","access":"","fee":"","sockets":"","voltage":"","address":"","city":"","state":"","source":"OpenStreetMap (charge-finder mirror)","osm_id":"node/9846466922","website":""}},{"type":"Feature","geometry":{"type":"Point","coordinates":[-112.26304,33.5360055]},"properties":{"name":"Glendale Supercharger","network":"Tesla Supercharger","brand":"Tesla, Inc.","operator":"Telsa","stalls":16,"kw_per_stall":250.0,"mw_capacity":4.0,"status":"24/7","access":"yes","fee":"yes","sockets":"16","voltage":"","address":"Westgate Entertainment District 6755 West Brandon Lane Glendale, AZ 85305","city":"Glendale","state":"","source":"OpenStreetMap (charge-finder mirror)","osm_id":"node/9854601727","website":"https://www.tesla.com/findus/location/supercharger/GlendaleAZSupercharger"}},{"type":"Feature","geometry":{"type":"Point","coordinates":[-97.8691212,30.4474086]},"properties":{"name":"Travaasa Austin Resort & Spa Tesla Destination","network":"Tesla","brand":"Tesla","operator":"","stalls":2,"kw_per_stall":null,"mw_capacity":null,"status":"24/7","access":"customers","fee":"no","sockets":"","voltage":"","address":"","city":"","state":"","source":"OpenStreetMap (charge-finder mirror)","osm_id":"node/9856111653","website":""}},{"type":"Feature","geometry":{"type":"Point","coordinates":[-97.7184083,30.3987632]},"properties":{"name":"Home2 Suites by Hilton Austin North Tesla Destination","network":"Tesla","brand":"Tesla","operator":"","stalls":5,"kw_per_stall":null,"mw_capacity":null,"status":"24/7","access":"customers","fee":"no","sockets":"","voltage":"","address":"","city":"","state":"","source":"OpenStreetMap (charge-finder mirror)","osm_id":"node/9856111656","website":""}},{"type":"Feature","geometry":{"type":"Point","coordinates":[-97.663268,30.186677]},"properties":{"name":"Atlantic Aviation Austin Tesla Destination","network":"Tesla","brand":"Tesla, Inc.","operator":"","stalls":3,"kw_per_stall":null,"mw_capacity":null,"status":"24/7","access":"yes","fee":"no","sockets":"","voltage":"","address":"","city":"","state":"","source":"OpenStreetMap (charge-finder mirror)","osm_id":"node/9856111657","website":""}},{"type":"Feature","geometry":{"type":"Point","coordinates":[-118.685957,34.037314]},"properties":{"name":"Tesla Supercharger","network":"Tesla Supercharger","brand":"Tesla Supercharger","operator":"Tesla, Inc.","stalls":null,"kw_per_stall":null,"mw_capacity":null,"status":"unknown","access":"","fee":"","sockets":"","voltage":"","address":"","city":"","state":"","source":"OpenStreetMap (charge-finder mirror)","osm_id":"node/9856598605","website":""}},{"type":"Feature","geometry":{"type":"Point","coordinates":[-97.7468896,30.2658147]},"properties":{"name":"W Austin Residences Tesla Destination","network":"Tesla","brand":"Tesla, Inc.","operator":"","stalls":1,"kw_per_stall":null,"mw_capacity":null,"status":"24/7","access":"customers","fee":"no","sockets":"","voltage":"","address":"","city":"","state":"","source":"OpenStreetMap (charge-finder mirror)","osm_id":"node/9858327721","website":""}},{"type":"Feature","geometry":{"type":"Point","coordinates":[-97.7486459,30.3574337]},"properties":{"name":"Austin Terrier Tesla Destination","network":"Tesla","brand":"Tesla","operator":"","stalls":3,"kw_per_stall":null,"mw_capacity":null,"status":"24/7","access":"yes","fee":"no","sockets":"","voltage":"","address":"","city":"","state":"","source":"OpenStreetMap (charge-finder mirror)","osm_id":"node/9858327735","website":""}},{"type":"Feature","geometry":{"type":"Point","coordinates":[-97.605605,30.254984]},"properties":{"name":"Valero Tesla Supercharger","network":"Tesla Supercharger","brand":"Tesla","operator":"","stalls":12,"kw_per_stall":null,"mw_capacity":null,"status":"24/7","access":"yes","fee":"","sockets":"","voltage":"","address":"","city":"","state":"","source":"OpenStreetMap (charge-finder mirror)","osm_id":"node/9858327741","website":""}},{"type":"Feature","geometry":{"type":"Point","coordinates":[-119.7563754,39.5333294]},"properties":{"name":"Tesla Destination Charger","network":"Tesla","brand":"Tesla, Inc.","operator":"","stalls":4,"kw_per_stall":null,"mw_capacity":null,"status":"unknown","access":"","fee":"no","sockets":"","voltage":"","address":"","city":"","state":"","source":"OpenStreetMap (charge-finder mirror)","osm_id":"node/9861121430","website":""}},{"type":"Feature","geometry":{"type":"Point","coordinates":[-97.7801296,30.4409432]},"properties":{"name":"Fairfield Inn & Suites by Marriott Austin Tesla Destination","network":"Tesla","brand":"Tesla","operator":"","stalls":2,"kw_per_stall":null,"mw_capacity":null,"status":"24/7","access":"customers","fee":"no","sockets":"","voltage":"","address":"","city":"","state":"","source":"OpenStreetMap (charge-finder mirror)","osm_id":"node/9864042254","website":""}},{"type":"Feature","geometry":{"type":"Point","coordinates":[-97.780112,30.4409295]},"properties":{"name":"Fairfield Inn & Suites by Marriott Austin Tesla Destination","network":"Tesla","brand":"Tesla","operator":"","stalls":1,"kw_per_stall":null,"mw_capacity":null,"status":"24/7","access":"customers","fee":"no","sockets":"","voltage":"","address":"","city":"","state":"","source":"OpenStreetMap (charge-finder mirror)","osm_id":"node/9864042265","website":""}},{"type":"Feature","geometry":{"type":"Point","coordinates":[-97.725664,30.408048]},"properties":{"name":"National Instruments Tesla Destination","network":"Tesla","brand":"Tesla","operator":"","stalls":24,"kw_per_stall":null,"mw_capacity":null,"status":"24/7","access":"customers","fee":"no","sockets":"","voltage":"","address":"","city":"","state":"","source":"OpenStreetMap (charge-finder mirror)","osm_id":"node/9864042268","website":""}},{"type":"Feature","geometry":{"type":"Point","coordinates":[-97.7929557,30.2333416]},"properties":{"name":"Lakehills Plaza Shopping Mall Tesla Supercharger","network":"Tesla Supercharger","brand":"Tesla, Inc.","operator":"Tesla, Inc.","stalls":1,"kw_per_stall":null,"mw_capacity":null,"status":"24/7","access":"yes","fee":"","sockets":"","voltage":"","address":"","city":"","state":"","source":"OpenStreetMap (charge-finder mirror)","osm_id":"node/9864188537","website":""}},{"type":"Feature","geometry":{"type":"Point","coordinates":[-97.7929669,30.2333423]},"properties":{"name":"Lakehills Plaza Shopping Mall Tesla Supercharger","network":"Tesla Supercharger","brand":"Tesla, Inc.","operator":"Tesla, Inc.","stalls":1,"kw_per_stall":null,"mw_capacity":null,"status":"24/7","access":"yes","fee":"","sockets":"","voltage":"","address":"","city":"","state":"","source":"OpenStreetMap (charge-finder mirror)","osm_id":"node/9864188538","website":""}},{"type":"Feature","geometry":{"type":"Point","coordinates":[-97.7929727,30.2333286]},"properties":{"name":"Lakehills Plaza Shopping Mall Tesla Supercharger","network":"Tesla Supercharger","brand":"Tesla, Inc.","operator":"Tesla, Inc.","stalls":1,"kw_per_stall":null,"mw_capacity":null,"status":"24/7","access":"yes","fee":"","sockets":"","voltage":"","address":"","city":"","state":"","source":"OpenStreetMap (charge-finder mirror)","osm_id":"node/9864188539","website":""}},{"type":"Feature","geometry":{"type":"Point","coordinates":[-97.7929831,30.2333301]},"properties":{"name":"Lakehills Plaza Shopping Mall Tesla Supercharger","network":"Tesla Supercharger","brand":"Tesla, Inc.","operator":"Tesla, Inc.","stalls":1,"kw_per_stall":null,"mw_capacity":null,"status":"24/7","access":"yes","fee":"","sockets":"","voltage":"","address":"","city":"","state":"","source":"OpenStreetMap (charge-finder mirror)","osm_id":"node/9864188540","website":""}},{"type":"Feature","geometry":{"type":"Point","coordinates":[-97.7929935,30.2333157]},"properties":{"name":"Lakehills Plaza Shopping Mall Tesla Supercharger","network":"Tesla Supercharger","brand":"Tesla, Inc.","operator":"Tesla, Inc.","stalls":1,"kw_per_stall":null,"mw_capacity":null,"status":"24/7","access":"yes","fee":"","sockets":"","voltage":"","address":"","city":"","state":"","source":"OpenStreetMap (charge-finder mirror)","osm_id":"node/9864188541","website":""}},{"type":"Feature","geometry":{"type":"Point","coordinates":[-97.7930064,30.2333168]},"properties":{"name":"Lakehills Plaza Shopping Mall Tesla Supercharger","network":"Tesla Supercharger","brand":"Tesla, Inc.","operator":"Tesla, Inc.","stalls":1,"kw_per_stall":null,"mw_capacity":null,"status":"24/7","access":"yes","fee":"","sockets":"","voltage":"","address":"","city":"","state":"","source":"OpenStreetMap (charge-finder mirror)","osm_id":"node/9864188542","website":""}},{"type":"Feature","geometry":{"type":"Point","coordinates":[-97.7930127,30.2333024]},"properties":{"name":"Lakehills Plaza Shopping Mall Tesla Supercharger","network":"Tesla Supercharger","brand":"Tesla, Inc.","operator":"Tesla, Inc.","stalls":1,"kw_per_stall":null,"mw_capacity":null,"status":"24/7","access":"yes","fee":"","sockets":"","voltage":"","address":"","city":"","state":"","source":"OpenStreetMap (charge-finder mirror)","osm_id":"node/9864188543","website":""}},{"type":"Feature","geometry":{"type":"Point","coordinates":[-97.7930302,30.2333017]},"properties":{"name":"Lakehills Plaza Shopping Mall Tesla Supercharger","network":"Tesla Supercharger","brand":"Tesla, Inc.","operator":"Tesla, Inc.","stalls":1,"kw_per_stall":null,"mw_capacity":null,"status":"24/7","access":"yes","fee":"","sockets":"","voltage":"","address":"","city":"","state":"","source":"OpenStreetMap (charge-finder mirror)","osm_id":"node/9864188544","website":""}},{"type":"Feature","geometry":{"type":"Point","coordinates":[-97.7930406,30.2332873]},"properties":{"name":"Lakehills Plaza Shopping Mall Tesla Supercharger","network":"Tesla Supercharger","brand":"Tesla, Inc.","operator":"Tesla, Inc.","stalls":1,"kw_per_stall":null,"mw_capacity":null,"status":"24/7","access":"yes","fee":"","sockets":"","voltage":"","address":"","city":"","state":"","source":"OpenStreetMap (charge-finder mirror)","osm_id":"node/9864188545","website":""}},{"type":"Feature","geometry":{"type":"Point","coordinates":[-97.793056,30.2332855]},"properties":{"name":"Lakehills Plaza Shopping Mall Tesla Supercharger","network":"Tesla Supercharger","brand":"Tesla, Inc.","operator":"Tesla, Inc.","stalls":1,"kw_per_stall":null,"mw_capacity":null,"status":"24/7","access":"yes","fee":"","sockets":"","voltage":"","address":"","city":"","state":"","source":"OpenStreetMap (charge-finder mirror)","osm_id":"node/9864188546","website":""}},{"type":"Feature","geometry":{"type":"Point","coordinates":[-97.7930659,30.2332686]},"properties":{"name":"Lakehills Plaza Shopping Mall Tesla Supercharger","network":"Tesla Supercharger","brand":"Tesla, Inc.","operator":"Tesla, Inc.","stalls":1,"kw_per_stall":null,"mw_capacity":null,"status":"24/7","access":"yes","fee":"","sockets":"","voltage":"","address":"","city":"","state":"","source":"OpenStreetMap (charge-finder mirror)","osm_id":"node/9864188547","website":""}},{"type":"Feature","geometry":{"type":"Point","coordinates":[-97.9311649,30.3964628]},"properties":{"name":"827 Rays Tesla Destination","network":"Tesla","brand":"Tesla","operator":"","stalls":1,"kw_per_stall":null,"mw_capacity":null,"status":"24/7","access":"customers","fee":"no","sockets":"","voltage":"","address":"","city":"","state":"","source":"OpenStreetMap (charge-finder mirror)","osm_id":"node/9864188562","website":""}},{"type":"Feature","geometry":{"type":"Point","coordinates":[-97.9311338,30.3963954]},"properties":{"name":"827 Rays Tesla Destination","network":"Tesla","brand":"Tesla","operator":"","stalls":1,"kw_per_stall":null,"mw_capacity":null,"status":"24/7","access":"customers","fee":"no","sockets":"","voltage":"","address":"","city":"","state":"","source":"OpenStreetMap (charge-finder mirror)","osm_id":"node/9864188563","website":""}},{"type":"Feature","geometry":{"type":"Point","coordinates":[-97.7923598,30.162939]},"properties":{"name":"Target Tesla Supercharger","network":"Tesla Supercharger","brand":"Tesla","operator":"","stalls":1,"kw_per_stall":null,"mw_capacity":null,"status":"24/7","access":"yes","fee":"","sockets":"","voltage":"","address":"","city":"","state":"","source":"OpenStreetMap (charge-finder mirror)","osm_id":"node/9864188593","website":""}},{"type":"Feature","geometry":{"type":"Point","coordinates":[-97.7923346,30.16293]},"properties":{"name":"Target Tesla Supercharger","network":"Tesla Supercharger","brand":"Tesla","operator":"","stalls":1,"kw_per_stall":null,"mw_capacity":null,"status":"24/7","access":"yes","fee":"","sockets":"","voltage":"","address":"","city":"","state":"","source":"OpenStreetMap (charge-finder mirror)","osm_id":"node/9864188594","website":""}},{"type":"Feature","geometry":{"type":"Point","coordinates":[-97.7923051,30.162921]},"properties":{"name":"Target Tesla Supercharger","network":"Tesla Supercharger","brand":"Tesla","operator":"","stalls":1,"kw_per_stall":null,"mw_capacity":null,"status":"24/7","access":"yes","fee":"","sockets":"","voltage":"","address":"","city":"","state":"","source":"OpenStreetMap (charge-finder mirror)","osm_id":"node/9864188595","website":""}},{"type":"Feature","geometry":{"type":"Point","coordinates":[-97.7922799,30.162913]},"properties":{"name":"Target Tesla Supercharger","network":"Tesla Supercharger","brand":"Tesla","operator":"","stalls":1,"kw_per_stall":null,"mw_capacity":null,"status":"24/7","access":"yes","fee":"","sockets":"","voltage":"","address":"","city":"","state":"","source":"OpenStreetMap (charge-finder mirror)","osm_id":"node/9864188596","website":""}},{"type":"Feature","geometry":{"type":"Point","coordinates":[-97.792252,30.1629049]},"properties":{"name":"Target Tesla Supercharger","network":"Tesla Supercharger","brand":"Tesla","operator":"","stalls":1,"kw_per_stall":null,"mw_capacity":null,"status":"24/7","access":"yes","fee":"","sockets":"","voltage":"","address":"","city":"","state":"","source":"OpenStreetMap (charge-finder mirror)","osm_id":"node/9864188597","website":""}},{"type":"Feature","geometry":{"type":"Point","coordinates":[-97.7922274,30.1628979]},"properties":{"name":"Target Tesla Supercharger","network":"Tesla Supercharger","brand":"Tesla","operator":"","stalls":1,"kw_per_stall":null,"mw_capacity":null,"status":"24/7","access":"yes","fee":"","sockets":"","voltage":"","address":"","city":"","state":"","source":"OpenStreetMap (charge-finder mirror)","osm_id":"node/9864188598","website":""}},{"type":"Feature","geometry":{"type":"Point","coordinates":[-97.7922006,30.1628884]},"properties":{"name":"Target Tesla Supercharger","network":"Tesla Supercharger","brand":"Tesla","operator":"","stalls":1,"kw_per_stall":null,"mw_capacity":null,"status":"24/7","access":"yes","fee":"","sockets":"","voltage":"","address":"","city":"","state":"","source":"OpenStreetMap (charge-finder mirror)","osm_id":"node/9864188599","website":""}},{"type":"Feature","geometry":{"type":"Point","coordinates":[-97.7921738,30.1628813]},"properties":{"name":"Target Tesla Supercharger","network":"Tesla Supercharger","brand":"Tesla","operator":"","stalls":1,"kw_per_stall":null,"mw_capacity":null,"status":"24/7","access":"yes","fee":"","sockets":"","voltage":"","address":"","city":"","state":"","source":"OpenStreetMap (charge-finder mirror)","osm_id":"node/9864188600","website":""}},{"type":"Feature","geometry":{"type":"Point","coordinates":[-97.7921431,30.1628714]},"properties":{"name":"Target Tesla Supercharger","network":"Tesla Supercharger","brand":"Tesla","operator":"","stalls":1,"kw_per_stall":null,"mw_capacity":null,"status":"24/7","access":"yes","fee":"","sockets":"","voltage":"","address":"","city":"","state":"","source":"OpenStreetMap (charge-finder mirror)","osm_id":"node/9864188601","website":""}},{"type":"Feature","geometry":{"type":"Point","coordinates":[-97.7921152,30.1628619]},"properties":{"name":"Target Tesla Supercharger","network":"Tesla Supercharger","brand":"Tesla","operator":"","stalls":1,"kw_per_stall":null,"mw_capacity":null,"status":"24/7","access":"yes","fee":"","sockets":"","voltage":"","address":"","city":"","state":"","source":"OpenStreetMap (charge-finder mirror)","osm_id":"node/9864188602","website":""}},{"type":"Feature","geometry":{"type":"Point","coordinates":[-97.7920895,30.162852]},"properties":{"name":"Target Tesla Supercharger","network":"Tesla Supercharger","brand":"Tesla","operator":"","stalls":1,"kw_per_stall":null,"mw_capacity":null,"status":"24/7","access":"yes","fee":"","sockets":"","voltage":"","address":"","city":"","state":"","source":"OpenStreetMap (charge-finder mirror)","osm_id":"node/9864188603","website":""}},{"type":"Feature","geometry":{"type":"Point","coordinates":[-97.7397052,30.3891112]},"properties":{"name":"Gateway Shopping Center Tesla Supercharger","network":"Tesla Supercharger","brand":"Tesla","operator":"","stalls":1,"kw_per_stall":null,"mw_capacity":null,"status":"24/7","access":"yes","fee":"yes","sockets":"","voltage":"","address":"","city":"","state":"","source":"OpenStreetMap (charge-finder mirror)","osm_id":"node/9864188605","website":""}},{"type":"Feature","geometry":{"type":"Point","coordinates":[-97.7397049,30.3890828]},"properties":{"name":"Gateway Shopping Center Tesla Supercharger","network":"Tesla Supercharger","brand":"Tesla","operator":"","stalls":1,"kw_per_stall":null,"mw_capacity":null,"status":"24/7","access":"yes","fee":"yes","sockets":"","voltage":"","address":"","city":"","state":"","source":"OpenStreetMap (charge-finder mirror)","osm_id":"node/9864188606","website":""}},{"type":"Feature","geometry":{"type":"Point","coordinates":[-97.7398692,30.3890192]},"properties":{"name":"Gateway Shopping Center Tesla Supercharger","network":"Tesla Supercharger","brand":"Tesla","operator":"","stalls":1,"kw_per_stall":null,"mw_capacity":null,"status":"24/7","access":"yes","fee":"yes","sockets":"","voltage":"","address":"","city":"","state":"","source":"OpenStreetMap (charge-finder mirror)","osm_id":"node/9864188607","website":""}},{"type":"Feature","geometry":{"type":"Point","coordinates":[-97.739891,30.3889938]},"properties":{"name":"Gateway Shopping Center Tesla Supercharger","network":"Tesla Supercharger","brand":"Tesla","operator":"","stalls":1,"kw_per_stall":null,"mw_capacity":null,"status":"24/7","access":"yes","fee":"yes","sockets":"","voltage":"","address":"","city":"","state":"","source":"OpenStreetMap (charge-finder mirror)","osm_id":"node/9864188608","website":""}},{"type":"Feature","geometry":{"type":"Point","coordinates":[-97.7399128,30.3889712]},"properties":{"name":"Gateway Shopping Center Tesla Supercharger","network":"Tesla Supercharger","brand":"Tesla","operator":"","stalls":1,"kw_per_stall":null,"mw_capacity":null,"status":"24/7","access":"yes","fee":"yes","sockets":"","voltage":"","address":"","city":"","state":"","source":"OpenStreetMap (charge-finder mirror)","osm_id":"node/9864188609","website":""}},{"type":"Feature","geometry":{"type":"Point","coordinates":[-97.7399382,30.3889466]},"properties":{"name":"Gateway Shopping Center Tesla Supercharger","network":"Tesla Supercharger","brand":"Tesla","operator":"","stalls":1,"kw_per_stall":null,"mw_capacity":null,"status":"24/7","access":"yes","fee":"yes","sockets":"","voltage":"","address":"","city":"","state":"","source":"OpenStreetMap (charge-finder mirror)","osm_id":"node/9864188610","website":""}},{"type":"Feature","geometry":{"type":"Point","coordinates":[-97.7397253,30.3892026]},"properties":{"name":"Gateway Shopping Center Tesla Supercharger","network":"Tesla Supercharger","brand":"Tesla","operator":"","stalls":1,"kw_per_stall":null,"mw_capacity":null,"status":"24/7","access":"yes","fee":"yes","sockets":"","voltage":"","address":"","city":"","state":"","source":"OpenStreetMap (charge-finder mirror)","osm_id":"node/9864188611","website":""}},{"type":"Feature","geometry":{"type":"Point","coordinates":[-97.739732,30.3892303]},"properties":{"name":"Gateway Shopping Center Tesla Supercharger","network":"Tesla Supercharger","brand":"Tesla","operator":"","stalls":1,"kw_per_stall":null,"mw_capacity":null,"status":"24/7","access":"yes","fee":"yes","sockets":"","voltage":"","address":"","city":"","state":"","source":"OpenStreetMap (charge-finder mirror)","osm_id":"node/9864188612","website":""}},{"type":"Feature","geometry":{"type":"Point","coordinates":[-97.7397371,30.3892853]},"properties":{"name":"Gateway Shopping Center Tesla Supercharger","network":"Tesla Supercharger","brand":"Tesla","operator":"","stalls":1,"kw_per_stall":null,"mw_capacity":null,"status":"24/7","access":"yes","fee":"yes","sockets":"","voltage":"","address":"","city":"","state":"","source":"OpenStreetMap (charge-finder mirror)","osm_id":"node/9864188613","website":""}},{"type":"Feature","geometry":{"type":"Point","coordinates":[-97.7397411,30.3893125]},"properties":{"name":"Gateway Shopping Center Tesla Supercharger","network":"Tesla Supercharger","brand":"Tesla","operator":"","stalls":1,"kw_per_stall":null,"mw_capacity":null,"status":"24/7","access":"yes","fee":"yes","sockets":"","voltage":"","address":"","city":"","state":"","source":"OpenStreetMap (charge-finder mirror)","osm_id":"node/9864188614","website":""}},{"type":"Feature","geometry":{"type":"Point","coordinates":[-97.7397455,30.3893402]},"properties":{"name":"Gateway Shopping Center Tesla Supercharger","network":"Tesla Supercharger","brand":"Tesla","operator":"","stalls":1,"kw_per_stall":null,"mw_capacity":null,"status":"24/7","access":"yes","fee":"yes","sockets":"","voltage":"","address":"","city":"","state":"","source":"OpenStreetMap (charge-finder mirror)","osm_id":"node/9864188615","website":""}},{"type":"Feature","geometry":{"type":"Point","coordinates":[-97.7397471,30.3893666]},"properties":{"name":"Gateway Shopping Center Tesla Supercharger","network":"Tesla Supercharger","brand":"Tesla","operator":"","stalls":1,"kw_per_stall":null,"mw_capacity":null,"status":"24/7","access":"yes","fee":"yes","sockets":"","voltage":"","address":"","city":"","state":"","source":"OpenStreetMap (charge-finder mirror)","osm_id":"node/9864188616","website":""}},{"type":"Feature","geometry":{"type":"Point","coordinates":[-97.7397498,30.3893952]},"properties":{"name":"Gateway Shopping Center Tesla Supercharger","network":"Tesla Supercharger","brand":"Tesla","operator":"","stalls":1,"kw_per_stall":null,"mw_capacity":null,"status":"24/7","access":"yes","fee":"yes","sockets":"","voltage":"","address":"","city":"","state":"","source":"OpenStreetMap (charge-finder mirror)","osm_id":"node/9864191217","website":""}},{"type":"Feature","geometry":{"type":"Point","coordinates":[-97.7397545,30.3894215]},"properties":{"name":"Gateway Shopping Center Tesla Supercharger","network":"Tesla Supercharger","brand":"Tesla","operator":"","stalls":1,"kw_per_stall":null,"mw_capacity":null,"status":"24/7","access":"yes","fee":"yes","sockets":"","voltage":"","address":"","city":"","state":"","source":"OpenStreetMap (charge-finder mirror)","osm_id":"node/9864191218","website":""}},{"type":"Feature","geometry":{"type":"Point","coordinates":[-97.7930786,30.2332716]},"properties":{"name":"Lakehills Plaza Shopping Mall Tesla Supercharger","network":"Tesla Supercharger","brand":"Tesla, Inc.","operator":"Tesla, Inc.","stalls":1,"kw_per_stall":null,"mw_capacity":null,"status":"24/7","access":"yes","fee":"","sockets":"","voltage":"","address":"","city":"","state":"","source":"OpenStreetMap (charge-finder mirror)","osm_id":"node/9864191234","website":""}},{"type":"Feature","geometry":{"type":"Point","coordinates":[-97.7920662,30.1628444]},"properties":{"name":"Target Tesla Supercharger","network":"Tesla Supercharger","brand":"Tesla","operator":"","stalls":1,"kw_per_stall":null,"mw_capacity":null,"status":"24/7","access":"yes","fee":"","sockets":"","voltage":"","address":"","city":"","state":"","source":"OpenStreetMap (charge-finder mirror)","osm_id":"node/9864191236","website":""}},{"type":"Feature","geometry":{"type":"Point","coordinates":[-97.750105,30.247661]},"properties":{"name":"South Congress Hotel Tesla Supercharger","network":"Tesla Supercharger","brand":"Tesla","operator":"","stalls":8,"kw_per_stall":null,"mw_capacity":null,"status":"24/7","access":"yes","fee":"","sockets":"","voltage":"","address":"","city":"","state":"","source":"OpenStreetMap (charge-finder mirror)","osm_id":"node/9864191239","website":""}},{"type":"Feature","geometry":{"type":"Point","coordinates":[-97.7458053,30.2830054]},"properties":{"name":"Hotel Ella Tesla Destination","network":"Tesla","brand":"Tesla","operator":"","stalls":2,"kw_per_stall":null,"mw_capacity":null,"status":"24/7","access":"customers","fee":"no","sockets":"","voltage":"","address":"","city":"","state":"","source":"OpenStreetMap (charge-finder mirror)","osm_id":"node/9864191242","website":""}},{"type":"Feature","geometry":{"type":"Point","coordinates":[-97.7397343,30.3892601]},"properties":{"name":"Gateway Shopping Center Tesla Supercharger","network":"Tesla Supercharger","brand":"Tesla","operator":"","stalls":1,"kw_per_stall":null,"mw_capacity":null,"status":"24/7","access":"yes","fee":"yes","sockets":"","voltage":"","address":"","city":"","state":"","source":"OpenStreetMap (charge-finder mirror)","osm_id":"node/9864191245","website":""}},{"type":"Feature","geometry":{"type":"Point","coordinates":[-97.9311535,30.3964423]},"properties":{"name":"827 Rays Tesla Destination","network":"Tesla","brand":"Tesla","operator":"","stalls":1,"kw_per_stall":null,"mw_capacity":null,"status":"24/7","access":"customers","fee":"no","sockets":"","voltage":"","address":"","city":"","state":"","source":"OpenStreetMap (charge-finder mirror)","osm_id":"node/9864191249","website":""}},{"type":"Feature","geometry":{"type":"Point","coordinates":[-97.8494395,30.4102072]},"properties":{"name":"Rudy's Country Store and BBQ Austin Tesla Destination","network":"Tesla","brand":"Tesla, Inc.","operator":"","stalls":1,"kw_per_stall":null,"mw_capacity":null,"status":"24/7","access":"customers","fee":"no","sockets":"","voltage":"","address":"","city":"","state":"","source":"OpenStreetMap (charge-finder mirror)","osm_id":"node/9864191250","website":""}},{"type":"Feature","geometry":{"type":"Point","coordinates":[-97.8494656,30.4102166]},"properties":{"name":"Rudy's Country Store and BBQ Austin Tesla Destination","network":"Tesla","brand":"Tesla, Inc.","operator":"","stalls":2,"kw_per_stall":null,"mw_capacity":null,"status":"24/7","access":"customers","fee":"no","sockets":"","voltage":"","address":"","city":"","state":"","source":"OpenStreetMap (charge-finder mirror)","osm_id":"node/9864191251","website":""}},{"type":"Feature","geometry":{"type":"Point","coordinates":[-83.3666723,41.4905547]},"properties":{"name":"Tesla Supercharger","network":"Tesla Supercharger","brand":"Tesla Supercharger","operator":"Tesla, Inc.","stalls":1,"kw_per_stall":null,"mw_capacity":null,"status":"unknown","access":"","fee":"","sockets":"1","voltage":"","address":"","city":"","state":"","source":"OpenStreetMap (charge-finder mirror)","osm_id":"node/9864803071","website":""}},{"type":"Feature","geometry":{"type":"Point","coordinates":[-83.3667597,41.4905395]},"properties":{"name":"Tesla Supercharger","network":"Tesla Supercharger","brand":"Tesla Supercharger","operator":"Tesla, Inc.","stalls":1,"kw_per_stall":null,"mw_capacity":null,"status":"unknown","access":"","fee":"","sockets":"1","voltage":"","address":"","city":"","state":"","source":"OpenStreetMap (charge-finder mirror)","osm_id":"node/9864803072","website":""}},{"type":"Feature","geometry":{"type":"Point","coordinates":[-83.3666286,41.4905623]},"properties":{"name":"Tesla Supercharger","network":"Tesla Supercharger","brand":"Tesla Supercharger","operator":"Tesla, Inc.","stalls":1,"kw_per_stall":null,"mw_capacity":null,"status":"unknown","access":"","fee":"","sockets":"1","voltage":"","address":"","city":"","state":"","source":"OpenStreetMap (charge-finder mirror)","osm_id":"node/9864803073","website":""}},{"type":"Feature","geometry":{"type":"Point","coordinates":[-83.3665849,41.4905699]},"properties":{"name":"Tesla Supercharger","network":"Tesla Supercharger","brand":"Tesla Supercharger","operator":"Tesla, Inc.","stalls":1,"kw_per_stall":null,"mw_capacity":null,"status":"unknown","access":"","fee":"","sockets":"1","voltage":"","address":"","city":"","state":"","source":"OpenStreetMap (charge-finder mirror)","osm_id":"node/9864803074","website":""}},{"type":"Feature","geometry":{"type":"Point","coordinates":[-83.366716,41.4905471]},"properties":{"name":"Tesla Supercharger","network":"Tesla Supercharger","brand":"Tesla Supercharger","operator":"Tesla, Inc.","stalls":1,"kw_per_stall":null,"mw_capacity":null,"status":"unknown","access":"","fee":"","sockets":"1","voltage":"","address":"","city":"","state":"","source":"OpenStreetMap (charge-finder mirror)","osm_id":"node/9864803075","website":""}},{"type":"Feature","geometry":{"type":"Point","coordinates":[-83.3668034,41.4905319]},"properties":{"name":"Tesla Supercharger","network":"Tesla Supercharger","brand":"Tesla Supercharger","operator":"Tesla, Inc.","stalls":1,"kw_per_stall":null,"mw_capacity":null,"status":"unknown","access":"","fee":"","sockets":"1","voltage":"","address":"","city":"","state":"","source":"OpenStreetMap (charge-finder mirror)","osm_id":"node/9864803076","website":""}},{"type":"Feature","geometry":{"type":"Point","coordinates":[-83.3668471,41.4905243]},"properties":{"name":"Tesla Supercharger","network":"Tesla Supercharger","brand":"Tesla Supercharger","operator":"Tesla, Inc.","stalls":1,"kw_per_stall":null,"mw_capacity":null,"status":"unknown","access":"","fee":"","sockets":"1","voltage":"","address":"","city":"","state":"","source":"OpenStreetMap (charge-finder mirror)","osm_id":"node/9864803077","website":""}},{"type":"Feature","geometry":{"type":"Point","coordinates":[-83.3665631,41.4906033]},"properties":{"name":"Tesla Supercharger","network":"Tesla Supercharger","brand":"Tesla Supercharger","operator":"Tesla, Inc.","stalls":1,"kw_per_stall":null,"mw_capacity":null,"status":"unknown","access":"","fee":"","sockets":"1","voltage":"","address":"","city":"","state":"","source":"OpenStreetMap (charge-finder mirror)","osm_id":"node/9864803078","website":""}},{"type":"Feature","geometry":{"type":"Point","coordinates":[-97.8700417,30.2561592]},"properties":{"name":"Lantana Place Tesla Destination","network":"Tesla","brand":"Tesla","operator":"","stalls":4,"kw_per_stall":null,"mw_capacity":null,"status":"24/7","access":"customers","fee":"no","sockets":"","voltage":"","address":"","city":"","state":"","source":"OpenStreetMap (charge-finder mirror)","osm_id":"node/9866286380","website":""}},{"type":"Feature","geometry":{"type":"Point","coordinates":[-97.9268651,30.3273513]},"properties":{"name":"Lake Austin Spa Resort Tesla Destination","network":"Tesla","brand":"Tesla","operator":"","stalls":3,"kw_per_stall":null,"mw_capacity":null,"status":"24/7","access":"customers","fee":"no","sockets":"","voltage":"","address":"","city":"","state":"","source":"OpenStreetMap (charge-finder mirror)","osm_id":"node/9866286381","website":""}},{"type":"Feature","geometry":{"type":"Point","coordinates":[-97.7497307,30.2508896]},"properties":{"name":"Hotel San Jose Tesla Destination","network":"Tesla","brand":"Tesla","operator":"","stalls":2,"kw_per_stall":null,"mw_capacity":null,"status":"24/7","access":"yes","fee":"no","sockets":"","voltage":"","address":"","city":"","state":"","source":"OpenStreetMap (charge-finder mirror)","osm_id":"node/9866286383","website":""}},{"type":"Feature","geometry":{"type":"Point","coordinates":[-97.749385,30.251397]},"properties":{"name":"Austin Motel Tesla Destination","network":"Tesla","brand":"Tesla","operator":"","stalls":2,"kw_per_stall":null,"mw_capacity":null,"status":"24/7","access":"customers","fee":"no","sockets":"","voltage":"","address":"","city":"","state":"","source":"OpenStreetMap (charge-finder mirror)","osm_id":"node/9866286384","website":""}},{"type":"Feature","geometry":{"type":"Point","coordinates":[-97.8016546,30.4748183]},"properties":{"name":"Aloft Austin Northwest Tesla Destination","network":"Tesla","brand":"Tesla","operator":"","stalls":4,"kw_per_stall":null,"mw_capacity":null,"status":"24/7","access":"customers","fee":"no","sockets":"","voltage":"","address":"","city":"","state":"","source":"OpenStreetMap (charge-finder mirror)","osm_id":"node/9866377332","website":""}},{"type":"Feature","geometry":{"type":"Point","coordinates":[-97.748511,30.2501084]},"properties":{"name":"Kimber Modern Tesla Destination","network":"Tesla","brand":"Tesla","operator":"","stalls":1,"kw_per_stall":null,"mw_capacity":null,"status":"24/7","access":"customers","fee":"no","sockets":"","voltage":"","address":"","city":"","state":"","source":"OpenStreetMap (charge-finder mirror)","osm_id":"node/9866377336","website":""}},{"type":"Feature","geometry":{"type":"Point","coordinates":[-124.071017,44.7866203]},"properties":{"name":"Tesla Supercharger","network":"Tesla Supercharger","brand":"Tesla Supercharger","operator":"Tesla, Inc.","stalls":null,"kw_per_stall":null,"mw_capacity":null,"status":"unknown","access":"private","fee":"","sockets":"","voltage":"","address":"","city":"","state":"","source":"OpenStreetMap (charge-finder mirror)","osm_id":"node/9866693704","website":""}},{"type":"Feature","geometry":{"type":"Point","coordinates":[-70.9960666,41.6407418]},"properties":{"name":"Tesla Supercharger","network":"Tesla Supercharger","brand":"Tesla Supercharger","operator":"Tesla, Inc.","stalls":1,"kw_per_stall":250.0,"mw_capacity":0.25,"status":"24/7","access":"yes","fee":"yes","sockets":"1","voltage":"","address":"","city":"","state":"","source":"OpenStreetMap (charge-finder mirror)","osm_id":"node/9870550079","website":""}},{"type":"Feature","geometry":{"type":"Point","coordinates":[-70.9960378,41.6407244]},"properties":{"name":"Tesla Supercharger","network":"Tesla Supercharger","brand":"Tesla Supercharger","operator":"Tesla, Inc.","stalls":1,"kw_per_stall":250.0,"mw_capacity":0.25,"status":"24/7","access":"yes","fee":"yes","sockets":"1","voltage":"","address":"","city":"","state":"","source":"OpenStreetMap (charge-finder mirror)","osm_id":"node/9870550080","website":""}},{"type":"Feature","geometry":{"type":"Point","coordinates":[-70.9960035,41.6407083]},"properties":{"name":"Tesla Supercharger","network":"Tesla Supercharger","brand":"Tesla Supercharger","operator":"Tesla, Inc.","stalls":1,"kw_per_stall":250.0,"mw_capacity":0.25,"status":"24/7","access":"yes","fee":"yes","sockets":"1","voltage":"","address":"","city":"","state":"","source":"OpenStreetMap (charge-finder mirror)","osm_id":"node/9870550081","website":""}},{"type":"Feature","geometry":{"type":"Point","coordinates":[-70.9959719,41.6406938]},"properties":{"name":"Tesla Supercharger","network":"Tesla Supercharger","brand":"Tesla Supercharger","operator":"Tesla, Inc.","stalls":1,"kw_per_stall":250.0,"mw_capacity":0.25,"status":"24/7","access":"yes","fee":"yes","sockets":"1","voltage":"","address":"","city":"","state":"","source":"OpenStreetMap (charge-finder mirror)","osm_id":"node/9870550082","website":""}},{"type":"Feature","geometry":{"type":"Point","coordinates":[-70.9959432,41.640681]},"properties":{"name":"Tesla Supercharger","network":"Tesla Supercharger","brand":"Tesla Supercharger","operator":"Tesla, Inc.","stalls":1,"kw_per_stall":250.0,"mw_capacity":0.25,"status":"24/7","access":"yes","fee":"yes","sockets":"1","voltage":"","address":"","city":"","state":"","source":"OpenStreetMap (charge-finder mirror)","osm_id":"node/9870550083","website":""}},{"type":"Feature","geometry":{"type":"Point","coordinates":[-70.9959066,41.6406678]},"properties":{"name":"Tesla Supercharger","network":"Tesla Supercharger","brand":"Tesla Supercharger","operator":"Tesla, Inc.","stalls":1,"kw_per_stall":250.0,"mw_capacity":0.25,"status":"24/7","access":"yes","fee":"yes","sockets":"1","voltage":"","address":"","city":"","state":"","source":"OpenStreetMap (charge-finder mirror)","osm_id":"node/9870550084","website":""}},{"type":"Feature","geometry":{"type":"Point","coordinates":[-70.995874,41.6406591]},"properties":{"name":"Tesla Supercharger","network":"Tesla Supercharger","brand":"Tesla Supercharger","operator":"Tesla, Inc.","stalls":1,"kw_per_stall":250.0,"mw_capacity":0.25,"status":"24/7","access":"yes","fee":"yes","sockets":"1","voltage":"","address":"","city":"","state":"","source":"OpenStreetMap (charge-finder mirror)","osm_id":"node/9870550085","website":""}},{"type":"Feature","geometry":{"type":"Point","coordinates":[-70.9958413,41.6406512]},"properties":{"name":"Tesla Supercharger","network":"Tesla Supercharger","brand":"Tesla Supercharger","operator":"Tesla, Inc.","stalls":1,"kw_per_stall":250.0,"mw_capacity":0.25,"status":"24/7","access":"yes","fee":"yes","sockets":"1","voltage":"","address":"","city":"","state":"","source":"OpenStreetMap (charge-finder mirror)","osm_id":"node/9870550086","website":""}},{"type":"Feature","geometry":{"type":"Point","coordinates":[-70.9958053,41.6406458]},"properties":{"name":"Tesla Supercharger","network":"Tesla Supercharger","brand":"Tesla Supercharger","operator":"Tesla, Inc.","stalls":1,"kw_per_stall":250.0,"mw_capacity":0.25,"status":"24/7","access":"yes","fee":"yes","sockets":"1","voltage":"","address":"","city":"","state":"","source":"OpenStreetMap (charge-finder mirror)","osm_id":"node/9870550087","website":""}},{"type":"Feature","geometry":{"type":"Point","coordinates":[-70.9957682,41.64064]},"properties":{"name":"Tesla Supercharger","network":"Tesla Supercharger","brand":"Tesla Supercharger","operator":"Tesla, Inc.","stalls":1,"kw_per_stall":250.0,"mw_capacity":0.25,"status":"24/7","access":"yes","fee":"yes","sockets":"1","voltage":"","address":"","city":"","state":"","source":"OpenStreetMap (charge-finder mirror)","osm_id":"node/9870550088","website":""}},{"type":"Feature","geometry":{"type":"Point","coordinates":[-70.9957339,41.6406355]},"properties":{"name":"Tesla Supercharger","network":"Tesla Supercharger","brand":"Tesla Supercharger","operator":"Tesla, Inc.","stalls":1,"kw_per_stall":250.0,"mw_capacity":0.25,"status":"24/7","access":"yes","fee":"yes","sockets":"1","voltage":"","address":"","city":"","state":"","source":"OpenStreetMap (charge-finder mirror)","osm_id":"node/9870550089","website":""}},{"type":"Feature","geometry":{"type":"Point","coordinates":[-70.995693,41.6406338]},"properties":{"name":"Tesla Supercharger","network":"Tesla Supercharger","brand":"Tesla Supercharger","operator":"Tesla, Inc.","stalls":1,"kw_per_stall":250.0,"mw_capacity":0.25,"status":"24/7","access":"yes","fee":"yes","sockets":"1","voltage":"","address":"","city":"","state":"","source":"OpenStreetMap (charge-finder mirror)","osm_id":"node/9870550090","website":""}},{"type":"Feature","geometry":{"type":"Point","coordinates":[-71.4745582,43.1096121]},"properties":{"name":"Tesla Supercharger","network":"Tesla Supercharger","brand":"Tesla Supercharger","operator":"Tesla, Inc.","stalls":1,"kw_per_stall":null,"mw_capacity":null,"status":"unknown","access":"customers","fee":"yes","sockets":"","voltage":"","address":"","city":"","state":"","source":"OpenStreetMap (charge-finder mirror)","osm_id":"node/9872518327","website":""}},{"type":"Feature","geometry":{"type":"Point","coordinates":[-71.4745445,43.1095899]},"properties":{"name":"Tesla Supercharger","network":"Tesla Supercharger","brand":"Tesla Supercharger","operator":"Tesla, Inc.","stalls":1,"kw_per_stall":null,"mw_capacity":null,"status":"unknown","access":"customers","fee":"yes","sockets":"","voltage":"","address":"","city":"","state":"","source":"OpenStreetMap (charge-finder mirror)","osm_id":"node/9872518328","website":""}},{"type":"Feature","geometry":{"type":"Point","coordinates":[-71.4745312,43.1095676]},"properties":{"name":"Tesla Supercharger","network":"Tesla Supercharger","brand":"Tesla Supercharger","operator":"Tesla, Inc.","stalls":1,"kw_per_stall":null,"mw_capacity":null,"status":"unknown","access":"customers","fee":"yes","sockets":"","voltage":"","address":"","city":"","state":"","source":"OpenStreetMap (charge-finder mirror)","osm_id":"node/9872518329","website":""}},{"type":"Feature","geometry":{"type":"Point","coordinates":[-71.4745188,43.109544]},"properties":{"name":"Tesla Supercharger","network":"Tesla Supercharger","brand":"Tesla Supercharger","operator":"Tesla, Inc.","stalls":1,"kw_per_stall":null,"mw_capacity":null,"status":"unknown","access":"customers","fee":"yes","sockets":"","voltage":"","address":"","city":"","state":"","source":"OpenStreetMap (charge-finder mirror)","osm_id":"node/9872518330","website":""}},{"type":"Feature","geometry":{"type":"Point","coordinates":[-71.4745046,43.1095227]},"properties":{"name":"Tesla Supercharger","network":"Tesla Supercharger","brand":"Tesla Supercharger","operator":"Tesla, Inc.","stalls":1,"kw_per_stall":null,"mw_capacity":null,"status":"unknown","access":"customers","fee":"yes","sockets":"","voltage":"","address":"","city":"","state":"","source":"OpenStreetMap (charge-finder mirror)","osm_id":"node/9872518331","website":""}},{"type":"Feature","geometry":{"type":"Point","coordinates":[-71.4744931,43.1094981]},"properties":{"name":"Tesla Supercharger","network":"Tesla Supercharger","brand":"Tesla Supercharger","operator":"Tesla, Inc.","stalls":1,"kw_per_stall":null,"mw_capacity":null,"status":"unknown","access":"customers","fee":"yes","sockets":"","voltage":"","address":"","city":"","state":"","source":"OpenStreetMap (charge-finder mirror)","osm_id":"node/9872518332","website":""}},{"type":"Feature","geometry":{"type":"Point","coordinates":[-71.4744803,43.1094781]},"properties":{"name":"Tesla Supercharger","network":"Tesla Supercharger","brand":"Tesla Supercharger","operator":"Tesla, Inc.","stalls":1,"kw_per_stall":null,"mw_capacity":null,"status":"unknown","access":"customers","fee":"yes","sockets":"","voltage":"","address":"","city":"","state":"","source":"OpenStreetMap (charge-finder mirror)","osm_id":"node/9872518333","website":""}},{"type":"Feature","geometry":{"type":"Point","coordinates":[-71.474467,43.1094545]},"properties":{"name":"Tesla Supercharger","network":"Tesla Supercharger","brand":"Tesla Supercharger","operator":"Tesla, Inc.","stalls":1,"kw_per_stall":null,"mw_capacity":null,"status":"unknown","access":"customers","fee":"yes","sockets":"","voltage":"","address":"","city":"","state":"","source":"OpenStreetMap (charge-finder mirror)","osm_id":"node/9872518334","website":""}},{"type":"Feature","geometry":{"type":"Point","coordinates":[-71.474452,43.1094268]},"properties":{"name":"Tesla Supercharger","network":"Tesla Supercharger","brand":"Tesla Supercharger","operator":"Tesla, Inc.","stalls":1,"kw_per_stall":null,"mw_capacity":null,"status":"unknown","access":"customers","fee":"yes","sockets":"","voltage":"","address":"","city":"","state":"","source":"OpenStreetMap (charge-finder mirror)","osm_id":"node/9872518335","website":""}},{"type":"Feature","geometry":{"type":"Point","coordinates":[-72.3258394,43.6236019]},"properties":{"name":"Tesla Supercharger","network":"Tesla Supercharger","brand":"Tesla Supercharger","operator":"Tesla, Inc.","stalls":1,"kw_per_stall":null,"mw_capacity":null,"status":"unknown","access":"customers","fee":"yes","sockets":"1","voltage":"","address":"","city":"","state":"","source":"OpenStreetMap (charge-finder mirror)","osm_id":"node/9872573118","website":""}},{"type":"Feature","geometry":{"type":"Point","coordinates":[-72.3258383,43.6235758]},"properties":{"name":"Tesla Supercharger","network":"Tesla Supercharger","brand":"Tesla Supercharger","operator":"Tesla, Inc.","stalls":1,"kw_per_stall":null,"mw_capacity":null,"status":"unknown","access":"customers","fee":"yes","sockets":"1","voltage":"","address":"","city":"","state":"","source":"OpenStreetMap (charge-finder mirror)","osm_id":"node/9872573119","website":""}},{"type":"Feature","geometry":{"type":"Point","coordinates":[-72.3258378,43.6235504]},"properties":{"name":"Tesla Supercharger","network":"Tesla Supercharger","brand":"Tesla Supercharger","operator":"Tesla, Inc.","stalls":1,"kw_per_stall":null,"mw_capacity":null,"status":"unknown","access":"customers","fee":"yes","sockets":"1","voltage":"","address":"","city":"","state":"","source":"OpenStreetMap (charge-finder mirror)","osm_id":"node/9872573120","website":""}},{"type":"Feature","geometry":{"type":"Point","coordinates":[-72.3258378,43.6235254]},"properties":{"name":"Tesla Supercharger","network":"Tesla Supercharger","brand":"Tesla Supercharger","operator":"Tesla, Inc.","stalls":1,"kw_per_stall":null,"mw_capacity":null,"status":"unknown","access":"customers","fee":"yes","sockets":"1","voltage":"","address":"","city":"","state":"","source":"OpenStreetMap (charge-finder mirror)","osm_id":"node/9872573121","website":""}},{"type":"Feature","geometry":{"type":"Point","coordinates":[-72.3258348,43.6235015]},"properties":{"name":"Tesla Supercharger","network":"Tesla Supercharger","brand":"Tesla Supercharger","operator":"Tesla, Inc.","stalls":1,"kw_per_stall":null,"mw_capacity":null,"status":"unknown","access":"customers","fee":"yes","sockets":"1","voltage":"","address":"","city":"","state":"","source":"OpenStreetMap (charge-finder mirror)","osm_id":"node/9872573122","website":""}},{"type":"Feature","geometry":{"type":"Point","coordinates":[-72.3258343,43.6234783]},"properties":{"name":"Tesla Supercharger","network":"Tesla Supercharger","brand":"Tesla Supercharger","operator":"Tesla, Inc.","stalls":1,"kw_per_stall":null,"mw_capacity":null,"status":"unknown","access":"customers","fee":"yes","sockets":"1","voltage":"","address":"","city":"","state":"","source":"OpenStreetMap (charge-finder mirror)","osm_id":"node/9872573123","website":""}},{"type":"Feature","geometry":{"type":"Point","coordinates":[-72.3258307,43.6234522]},"properties":{"name":"Tesla Supercharger","network":"Tesla Supercharger","brand":"Tesla Supercharger","operator":"Tesla, Inc.","stalls":1,"kw_per_stall":null,"mw_capacity":null,"status":"unknown","access":"customers","fee":"yes","sockets":"1","voltage":"","address":"","city":"","state":"","source":"OpenStreetMap (charge-finder mirror)","osm_id":"node/9872573124","website":""}},{"type":"Feature","geometry":{"type":"Point","coordinates":[-72.3258653,43.6236501]},"properties":{"name":"Tesla Supercharger","network":"Tesla Supercharger","brand":"Tesla Supercharger","operator":"Tesla, Inc.","stalls":1,"kw_per_stall":null,"mw_capacity":null,"status":"unknown","access":"customers","fee":"yes","sockets":"1","voltage":"","address":"","city":"","state":"","source":"OpenStreetMap (charge-finder mirror)","osm_id":"node/9872573125","website":""}},{"type":"Feature","geometry":{"type":"Point","coordinates":[-112.2690108,40.6844408]},"properties":{"name":"Tesla","network":"Tesla","brand":"","operator":"brand=Tesla","stalls":null,"kw_per_stall":null,"mw_capacity":null,"status":"unknown","access":"yes","fee":"","sockets":"","voltage":"","address":"","city":"","state":"","source":"OpenStreetMap (charge-finder mirror)","osm_id":"node/9873216106","website":""}},{"type":"Feature","geometry":{"type":"Point","coordinates":[-111.7703335,41.2619784]},"properties":{"name":"Tesla Destination Charger","network":"Tesla","brand":"Tesla, Inc.","operator":"Tesla","stalls":2,"kw_per_stall":null,"mw_capacity":null,"status":"unknown","access":"","fee":"","sockets":"","voltage":"","address":"","city":"","state":"","source":"OpenStreetMap (charge-finder mirror)","osm_id":"node/9875059683","website":""}},{"type":"Feature","geometry":{"type":"Point","coordinates":[-120.625617,36.6391574]},"properties":{"name":"Firebaugh, CA Supercharger","network":"Tesla Supercharger","brand":"Tesla, Inc.","operator":"Tesla, Inc.","stalls":56,"kw_per_stall":250.0,"mw_capacity":14.0,"status":"24/7","access":"","fee":"yes","sockets":"56","voltage":"","address":"46272, West Panoche Road, Firebaugh, CA","city":"Firebaugh","state":"CA","source":"OpenStreetMap (charge-finder mirror)","osm_id":"node/9887583993","website":"https://www.tesla.com/findus/location/supercharger/firebaughsupercharger"}},{"type":"Feature","geometry":{"type":"Point","coordinates":[-95.9285989,28.9893027]},"properties":{"name":"La Quinta Inn & Suites Bay City - Tesla Destination","network":"Tesla","brand":"Tesla","operator":"","stalls":1,"kw_per_stall":null,"mw_capacity":null,"status":"24/7","access":"customers","fee":"no","sockets":"","voltage":"","address":"","city":"","state":"","source":"OpenStreetMap (charge-finder mirror)","osm_id":"node/9891767453","website":""}},{"type":"Feature","geometry":{"type":"Point","coordinates":[-95.9844153,28.9830093]},"properties":{"name":"Best Western Bay City, TX - Tesla Destination","network":"Tesla","brand":"Tesla","operator":"","stalls":1,"kw_per_stall":null,"mw_capacity":null,"status":"24/7","access":"customers","fee":"no","sockets":"","voltage":"","address":"","city":"","state":"","source":"OpenStreetMap (charge-finder mirror)","osm_id":"node/9891767485","website":""}},{"type":"Feature","geometry":{"type":"Point","coordinates":[-94.984696,29.8063849]},"properties":{"name":"Baymont Inn & Suites Baytown - Tesla Destination","network":"Tesla","brand":"Tesla","operator":"","stalls":1,"kw_per_stall":null,"mw_capacity":null,"status":"24/7","access":"customers","fee":"no","sockets":"","voltage":"","address":"","city":"","state":"","source":"OpenStreetMap (charge-finder mirror)","osm_id":"node/9891767513","website":""}},{"type":"Feature","geometry":{"type":"Point","coordinates":[-94.9981922,29.8015689]},"properties":{"name":"Bucee's Tesla Supercharger","network":"Tesla Supercharger","brand":"Tesla","operator":"","stalls":1,"kw_per_stall":null,"mw_capacity":null,"status":"24/7","access":"yes","fee":"","sockets":"","voltage":"","address":"","city":"","state":"","source":"OpenStreetMap (charge-finder mirror)","osm_id":"node/9891767518","website":""}},{"type":"Feature","geometry":{"type":"Point","coordinates":[-94.99816,29.8015735]},"properties":{"name":"Bucee's Tesla Supercharger","network":"Tesla Supercharger","brand":"Tesla","operator":"","stalls":1,"kw_per_stall":null,"mw_capacity":null,"status":"24/7","access":"yes","fee":"","sockets":"","voltage":"","address":"","city":"","state":"","source":"OpenStreetMap (charge-finder mirror)","osm_id":"node/9891767519","website":""}},{"type":"Feature","geometry":{"type":"Point","coordinates":[-94.9981289,29.8015785]},"properties":{"name":"Bucee's Tesla Supercharger","network":"Tesla Supercharger","brand":"Tesla","operator":"","stalls":1,"kw_per_stall":null,"mw_capacity":null,"status":"24/7","access":"yes","fee":"","sockets":"","voltage":"","address":"","city":"","state":"","source":"OpenStreetMap (charge-finder mirror)","osm_id":"node/9891767520","website":""}},{"type":"Feature","geometry":{"type":"Point","coordinates":[-94.9980987,29.8015828]},"properties":{"name":"Bucee's Tesla Supercharger","network":"Tesla Supercharger","brand":"Tesla","operator":"","stalls":1,"kw_per_stall":null,"mw_capacity":null,"status":"24/7","access":"yes","fee":"","sockets":"","voltage":"","address":"","city":"","state":"","source":"OpenStreetMap (charge-finder mirror)","osm_id":"node/9891767521","website":""}},{"type":"Feature","geometry":{"type":"Point","coordinates":[-94.9980678,29.8015872]},"properties":{"name":"Bucee's Tesla Supercharger","network":"Tesla Supercharger","brand":"Tesla","operator":"","stalls":1,"kw_per_stall":null,"mw_capacity":null,"status":"24/7","access":"yes","fee":"","sockets":"","voltage":"","address":"","city":"","state":"","source":"OpenStreetMap (charge-finder mirror)","osm_id":"node/9891767522","website":""}},{"type":"Feature","geometry":{"type":"Point","coordinates":[-94.9980367,29.8015924]},"properties":{"name":"Bucee's Tesla Supercharger","network":"Tesla Supercharger","brand":"Tesla","operator":"","stalls":1,"kw_per_stall":null,"mw_capacity":null,"status":"24/7","access":"yes","fee":"","sockets":"","voltage":"","address":"","city":"","state":"","source":"OpenStreetMap (charge-finder mirror)","osm_id":"node/9891767523","website":""}},{"type":"Feature","geometry":{"type":"Point","coordinates":[-94.9980048,29.8015965]},"properties":{"name":"Bucee's Tesla Supercharger","network":"Tesla Supercharger","brand":"Tesla","operator":"","stalls":1,"kw_per_stall":null,"mw_capacity":null,"status":"24/7","access":"yes","fee":"","sockets":"","voltage":"","address":"","city":"","state":"","source":"OpenStreetMap (charge-finder mirror)","osm_id":"node/9891767524","website":""}},{"type":"Feature","geometry":{"type":"Point","coordinates":[-94.997975,29.8016018]},"properties":{"name":"Bucee's Tesla Supercharger","network":"Tesla Supercharger","brand":"Tesla","operator":"","stalls":1,"kw_per_stall":null,"mw_capacity":null,"status":"24/7","access":"yes","fee":"","sockets":"","voltage":"","address":"","city":"","state":"","source":"OpenStreetMap (charge-finder mirror)","osm_id":"node/9891767525","website":""}},{"type":"Feature","geometry":{"type":"Point","coordinates":[-94.9979424,29.8016061]},"properties":{"name":"Bucee's Tesla Supercharger","network":"Tesla Supercharger","brand":"Tesla","operator":"","stalls":1,"kw_per_stall":null,"mw_capacity":null,"status":"24/7","access":"yes","fee":"","sockets":"","voltage":"","address":"","city":"","state":"","source":"OpenStreetMap (charge-finder mirror)","osm_id":"node/9891767526","website":""}},{"type":"Feature","geometry":{"type":"Point","coordinates":[-94.9979103,29.8016114]},"properties":{"name":"Bucee's Tesla Supercharger","network":"Tesla Supercharger","brand":"Tesla","operator":"","stalls":1,"kw_per_stall":null,"mw_capacity":null,"status":"24/7","access":"yes","fee":"","sockets":"","voltage":"","address":"","city":"","state":"","source":"OpenStreetMap (charge-finder mirror)","osm_id":"node/9891767527","website":""}},{"type":"Feature","geometry":{"type":"Point","coordinates":[-94.9978814,29.8016157]},"properties":{"name":"Bucee's Tesla Supercharger","network":"Tesla Supercharger","brand":"Tesla","operator":"","stalls":1,"kw_per_stall":null,"mw_capacity":null,"status":"24/7","access":"yes","fee":"","sockets":"","voltage":"","address":"","city":"","state":"","source":"OpenStreetMap (charge-finder mirror)","osm_id":"node/9891767528","website":""}},{"type":"Feature","geometry":{"type":"Point","coordinates":[-94.1500506,30.0432952]},"properties":{"name":"Homewood Suites by Hilton Beaumont, TX - Tesla Destination","network":"Tesla","brand":"Tesla","operator":"","stalls":1,"kw_per_stall":null,"mw_capacity":null,"status":"24/7","access":"customers","fee":"no","sockets":"","voltage":"","address":"","city":"","state":"","source":"OpenStreetMap (charge-finder mirror)","osm_id":"node/9891767529","website":""}},{"type":"Feature","geometry":{"type":"Point","coordinates":[-94.1500586,30.0433509]},"properties":{"name":"Homewood Suites by Hilton Beaumont, TX - Tesla Destination","network":"Tesla","brand":"Tesla","operator":"","stalls":1,"kw_per_stall":null,"mw_capacity":null,"status":"24/7","access":"customers","fee":"no","sockets":"","voltage":"","address":"","city":"","state":"","source":"OpenStreetMap (charge-finder mirror)","osm_id":"node/9891767530","website":""}},{"type":"Feature","geometry":{"type":"Point","coordinates":[-94.1500724,30.0434101]},"properties":{"name":"Homewood Suites by Hilton Beaumont, TX - Tesla Destination","network":"Tesla","brand":"Tesla","operator":"","stalls":1,"kw_per_stall":null,"mw_capacity":null,"status":"24/7","access":"customers","fee":"no","sockets":"","voltage":"","address":"","city":"","state":"","source":"OpenStreetMap (charge-finder mirror)","osm_id":"node/9891767534","website":""}},{"type":"Feature","geometry":{"type":"Point","coordinates":[-94.9978511,29.801621]},"properties":{"name":"Bucee's Tesla Supercharger","network":"Tesla Supercharger","brand":"Tesla","operator":"","stalls":1,"kw_per_stall":null,"mw_capacity":null,"status":"24/7","access":"yes","fee":"","sockets":"","voltage":"","address":"","city":"","state":"","source":"OpenStreetMap (charge-finder mirror)","osm_id":"node/9891767538","website":""}},{"type":"Feature","geometry":{"type":"Point","coordinates":[-94.984668,29.8063894]},"properties":{"name":"Baymont Inn & Suites Baytown - Tesla Destination","network":"Tesla","brand":"Tesla","operator":"","stalls":2,"kw_per_stall":null,"mw_capacity":null,"status":"24/7","access":"customers","fee":"no","sockets":"","voltage":"","address":"","city":"","state":"","source":"OpenStreetMap (charge-finder mirror)","osm_id":"node/9891767539","website":""}},{"type":"Feature","geometry":{"type":"Point","coordinates":[-95.9844132,28.9829848]},"properties":{"name":"Best Western Bay City, TX - Tesla Destination","network":"Tesla","brand":"Tesla","operator":"","stalls":2,"kw_per_stall":null,"mw_capacity":null,"status":"24/7","access":"customers","fee":"no","sockets":"","voltage":"","address":"","city":"","state":"","source":"OpenStreetMap (charge-finder mirror)","osm_id":"node/9891767540","website":""}},{"type":"Feature","geometry":{"type":"Point","coordinates":[-95.9286107,28.9893235]},"properties":{"name":"La Quinta Inn & Suites Bay City - Tesla Destination","network":"Tesla","brand":"Tesla","operator":"","stalls":1,"kw_per_stall":null,"mw_capacity":null,"status":"24/7","access":"customers","fee":"no","sockets":"","voltage":"","address":"","city":"","state":"","source":"OpenStreetMap (charge-finder mirror)","osm_id":"node/9891767541","website":""}},{"type":"Feature","geometry":{"type":"Point","coordinates":[-76.0615086,38.7593024]},"properties":{"name":"Tesla Supercharger","network":"Tesla Supercharger","brand":"Tesla Supercharger","operator":"Tesla, Inc.","stalls":null,"kw_per_stall":null,"mw_capacity":null,"status":"unknown","access":"","fee":"","sockets":"","voltage":"","address":"","city":"","state":"","source":"OpenStreetMap (charge-finder mirror)","osm_id":"node/9891799759","website":""}},{"type":"Feature","geometry":{"type":"Point","coordinates":[-97.941726,30.303714]},"properties":{"name":"Shops at the Galleria Tesla Supercharger","network":"Tesla Supercharger","brand":"Tesla","operator":"","stalls":8,"kw_per_stall":null,"mw_capacity":null,"status":"24/7","access":"yes","fee":"","sockets":"","voltage":"","address":"","city":"","state":"","source":"OpenStreetMap (charge-finder mirror)","osm_id":"node/9891844038","website":""}},{"type":"Feature","geometry":{"type":"Point","coordinates":[-97.9861635,30.3186637]},"properties":{"name":"Wild Kitchen and Bar - Tesla Destination","network":"Tesla","brand":"Tesla","operator":"","stalls":2,"kw_per_stall":null,"mw_capacity":null,"status":"24/7","access":"customers","fee":"no","sockets":"","voltage":"","address":"","city":"","state":"","source":"OpenStreetMap (charge-finder mirror)","osm_id":"node/9891844039","website":""}},{"type":"Feature","geometry":{"type":"Point","coordinates":[-97.934398,30.309534]},"properties":{"name":"Sonesta Bee Cave/Austin - Tesla Destination","network":"Tesla","brand":"Tesla","operator":"","stalls":4,"kw_per_stall":null,"mw_capacity":null,"status":"24/7","access":"customers","fee":"no","sockets":"","voltage":"","address":"12525, Bee Cave Parkway, Bee Cave, TX","city":"Bee Cave","state":"TX","source":"OpenStreetMap (charge-finder mirror)","osm_id":"node/9891844043","website":""}},{"type":"Feature","geometry":{"type":"Point","coordinates":[-96.9307516,33.0203558]},"properties":{"name":"Wonderland Montessori Academy of Carrollton - Tesla Destination","network":"Tesla","brand":"Tesla, Inc.","operator":"","stalls":1,"kw_per_stall":null,"mw_capacity":null,"status":"24/7","access":"customers","fee":"no","sockets":"","voltage":"","address":"","city":"","state":"","source":"OpenStreetMap (charge-finder mirror)","osm_id":"node/9893538309","website":""}},{"type":"Feature","geometry":{"type":"Point","coordinates":[-96.9058137,32.9408986]},"properties":{"name":"Dallas Makerspace - Tesla Destination","network":"Tesla","brand":"Tesla, Inc.","operator":"","stalls":2,"kw_per_stall":null,"mw_capacity":null,"status":"24/7","access":"customers","fee":"no","sockets":"","voltage":"","address":"","city":"","state":"","source":"OpenStreetMap (charge-finder mirror)","osm_id":"node/9893538311","website":""}},{"type":"Feature","geometry":{"type":"Point","coordinates":[-86.5886529,33.5439274]},"properties":{"name":"Leeds, AL Supercharger","network":"Tesla Supercharger","brand":"Tesla Supercharger","operator":"Tesla, Inc.","stalls":16,"kw_per_stall":250.0,"mw_capacity":4.0,"status":"24/7","access":"yes","fee":"yes","sockets":"16","voltage":"","address":"6910, Buc-ee's Blvd, Leeds","city":"Leeds","state":"","source":"OpenStreetMap (charge-finder mirror)","osm_id":"node/9896511905","website":"https://www.tesla.com/findus/location/supercharger/LeedsALSupercharger"}},{"type":"Feature","geometry":{"type":"Point","coordinates":[-78.5073922,39.9964679]},"properties":{"name":"Tesla Destination Charger","network":"Tesla","brand":"Tesla, Inc.","operator":"Tesla","stalls":null,"kw_per_stall":null,"mw_capacity":null,"status":"unknown","access":"","fee":"","sockets":"","voltage":"","address":"","city":"","state":"","source":"OpenStreetMap (charge-finder mirror)","osm_id":"node/9900212429","website":""}},{"type":"Feature","geometry":{"type":"Point","coordinates":[-70.7971409,44.4246368]},"properties":{"name":"Tesla Supercharger","network":"Tesla Supercharger","brand":"Tesla Supercharger","operator":"Tesla, Inc.","stalls":1,"kw_per_stall":null,"mw_capacity":null,"status":"unknown","access":"customers","fee":"","sockets":"","voltage":"","address":"","city":"","state":"","source":"OpenStreetMap (charge-finder mirror)","osm_id":"node/9902431688","website":""}},{"type":"Feature","geometry":{"type":"Point","coordinates":[-70.7970774,44.4246605]},"properties":{"name":"Tesla Supercharger","network":"Tesla Supercharger","brand":"Tesla Supercharger","operator":"Tesla, Inc.","stalls":1,"kw_per_stall":null,"mw_capacity":null,"status":"unknown","access":"customers","fee":"","sockets":"","voltage":"","address":"","city":"","state":"","source":"OpenStreetMap (charge-finder mirror)","osm_id":"node/9902431689","website":""}},{"type":"Feature","geometry":{"type":"Point","coordinates":[-70.7970504,44.4246706]},"properties":{"name":"Tesla Supercharger","network":"Tesla Supercharger","brand":"Tesla Supercharger","operator":"Tesla, Inc.","stalls":1,"kw_per_stall":null,"mw_capacity":null,"status":"unknown","access":"customers","fee":"","sockets":"","voltage":"","address":"","city":"","state":"","source":"OpenStreetMap (charge-finder mirror)","osm_id":"node/9902431690","website":""}},{"type":"Feature","geometry":{"type":"Point","coordinates":[-70.7969876,44.424694]},"properties":{"name":"Tesla Supercharger","network":"Tesla Supercharger","brand":"Tesla Supercharger","operator":"Tesla, Inc.","stalls":1,"kw_per_stall":null,"mw_capacity":null,"status":"unknown","access":"customers","fee":"","sockets":"","voltage":"","address":"","city":"","state":"","source":"OpenStreetMap (charge-finder mirror)","osm_id":"node/9902431691","website":""}},{"type":"Feature","geometry":{"type":"Point","coordinates":[-70.7971077,44.4246492]},"properties":{"name":"Tesla Supercharger","network":"Tesla Supercharger","brand":"Tesla Supercharger","operator":"Tesla, Inc.","stalls":1,"kw_per_stall":null,"mw_capacity":null,"status":"unknown","access":"customers","fee":"","sockets":"","voltage":"","address":"","city":"","state":"","source":"OpenStreetMap (charge-finder mirror)","osm_id":"node/9902431692","website":""}},{"type":"Feature","geometry":{"type":"Point","coordinates":[-70.7970183,44.4246826]},"properties":{"name":"Tesla Supercharger","network":"Tesla Supercharger","brand":"Tesla Supercharger","operator":"Tesla, Inc.","stalls":1,"kw_per_stall":null,"mw_capacity":null,"status":"unknown","access":"customers","fee":"","sockets":"","voltage":"","address":"","city":"","state":"","source":"OpenStreetMap (charge-finder mirror)","osm_id":"node/9902431693","website":""}},{"type":"Feature","geometry":{"type":"Point","coordinates":[-79.4042682,43.6540359]},"properties":{"name":"Tesla Destination Charger","network":"Tesla","brand":"Tesla, Inc.","operator":"Tesla","stalls":null,"kw_per_stall":null,"mw_capacity":null,"status":"unknown","access":"","fee":"","sockets":"","voltage":"","address":"","city":"","state":"","source":"OpenStreetMap (charge-finder mirror)","osm_id":"node/9919909611","website":""}},{"type":"Feature","geometry":{"type":"Point","coordinates":[-83.4380158,42.4371197]},"properties":{"name":"Tesla Supercharger","network":"Tesla Supercharger","brand":"Tesla Supercharger","operator":"Tesla, Inc.","stalls":12,"kw_per_stall":null,"mw_capacity":null,"status":"unknown","access":"","fee":"","sockets":"","voltage":"","address":"","city":"","state":"","source":"OpenStreetMap (charge-finder mirror)","osm_id":"node/9921430915","website":""}},{"type":"Feature","geometry":{"type":"Point","coordinates":[-80.0721769,35.8561055]},"properties":{"name":"Tesla Supercharger","network":"Tesla Supercharger","brand":"Tesla Supercharger","operator":"Tesla, Inc.","stalls":null,"kw_per_stall":null,"mw_capacity":null,"status":"unknown","access":"","fee":"","sockets":"","voltage":"","address":"","city":"","state":"","source":"OpenStreetMap (charge-finder mirror)","osm_id":"node/9921582782","website":""}},{"type":"Feature","geometry":{"type":"Point","coordinates":[-82.965577,34.5049301]},"properties":{"name":"Tesla Supercharger","network":"Tesla Supercharger","brand":"Tesla Supercharger","operator":"Tesla, Inc.","stalls":12,"kw_per_stall":null,"mw_capacity":null,"status":"unknown","access":"","fee":"","sockets":"","voltage":"","address":"","city":"","state":"","source":"OpenStreetMap (charge-finder mirror)","osm_id":"node/9921676112","website":""}},{"type":"Feature","geometry":{"type":"Point","coordinates":[-84.7358038,33.7269128]},"properties":{"name":"Tesla Supercharger","network":"Tesla Supercharger","brand":"Tesla Supercharger","operator":"Tesla, Inc.","stalls":12,"kw_per_stall":null,"mw_capacity":null,"status":"unknown","access":"","fee":"","sockets":"12","voltage":"","address":"","city":"","state":"","source":"OpenStreetMap (charge-finder mirror)","osm_id":"node/9921782638","website":""}},{"type":"Feature","geometry":{"type":"Point","coordinates":[-95.3889222,45.850367]},"properties":{"name":"Tesla Supercharger","network":"Tesla Supercharger","brand":"Tesla Supercharger","operator":"Tesla, Inc.","stalls":8,"kw_per_stall":null,"mw_capacity":null,"status":"unknown","access":"","fee":"","sockets":"","voltage":"","address":"","city":"","state":"","source":"OpenStreetMap (charge-finder mirror)","osm_id":"node/9923303521","website":""}},{"type":"Feature","geometry":{"type":"Point","coordinates":[-80.859306,35.3472695]},"properties":{"name":"Tesla Supercharger","network":"Tesla Supercharger","brand":"Tesla Supercharger","operator":"Tesla, Inc.","stalls":12,"kw_per_stall":null,"mw_capacity":null,"status":"unknown","access":"","fee":"","sockets":"","voltage":"","address":"","city":"","state":"","source":"OpenStreetMap (charge-finder mirror)","osm_id":"node/9927756910","website":""}},{"type":"Feature","geometry":{"type":"Point","coordinates":[-68.5226617,45.6093362]},"properties":{"name":"Tesla Supercharger","network":"Tesla Supercharger","brand":"Tesla Supercharger","operator":"Tesla, Inc.","stalls":1,"kw_per_stall":null,"mw_capacity":null,"status":"unknown","access":"","fee":"yes","sockets":"","voltage":"","address":"","city":"","state":"","source":"OpenStreetMap (charge-finder mirror)","osm_id":"node/9939432130","website":""}},{"type":"Feature","geometry":{"type":"Point","coordinates":[-68.5226809,45.6093605]},"properties":{"name":"Tesla Supercharger","network":"Tesla Supercharger","brand":"Tesla Supercharger","operator":"Tesla, Inc.","stalls":1,"kw_per_stall":null,"mw_capacity":null,"status":"unknown","access":"","fee":"yes","sockets":"","voltage":"","address":"","city":"","state":"","source":"OpenStreetMap (charge-finder mirror)","osm_id":"node/9939432131","website":""}},{"type":"Feature","geometry":{"type":"Point","coordinates":[-68.5226976,45.6093818]},"properties":{"name":"Tesla Supercharger","network":"Tesla Supercharger","brand":"Tesla Supercharger","operator":"Tesla, Inc.","stalls":1,"kw_per_stall":null,"mw_capacity":null,"status":"unknown","access":"","fee":"yes","sockets":"","voltage":"","address":"","city":"","state":"","source":"OpenStreetMap (charge-finder mirror)","osm_id":"node/9939432132","website":""}},{"type":"Feature","geometry":{"type":"Point","coordinates":[-68.5227148,45.6094036]},"properties":{"name":"Tesla Supercharger","network":"Tesla Supercharger","brand":"Tesla Supercharger","operator":"Tesla, Inc.","stalls":1,"kw_per_stall":null,"mw_capacity":null,"status":"unknown","access":"","fee":"yes","sockets":"","voltage":"","address":"","city":"","state":"","source":"OpenStreetMap (charge-finder mirror)","osm_id":"node/9939432133","website":""}},{"type":"Feature","geometry":{"type":"Point","coordinates":[-68.5227325,45.609426]},"properties":{"name":"Tesla Supercharger","network":"Tesla Supercharger","brand":"Tesla Supercharger","operator":"Tesla, Inc.","stalls":1,"kw_per_stall":null,"mw_capacity":null,"status":"unknown","access":"","fee":"yes","sockets":"","voltage":"","address":"","city":"","state":"","source":"OpenStreetMap (charge-finder mirror)","osm_id":"node/9939432134","website":""}},{"type":"Feature","geometry":{"type":"Point","coordinates":[-68.5227491,45.6094472]},"properties":{"name":"Tesla Supercharger","network":"Tesla Supercharger","brand":"Tesla Supercharger","operator":"Tesla, Inc.","stalls":1,"kw_per_stall":null,"mw_capacity":null,"status":"unknown","access":"","fee":"yes","sockets":"","voltage":"","address":"","city":"","state":"","source":"OpenStreetMap (charge-finder mirror)","osm_id":"node/9939432135","website":""}},{"type":"Feature","geometry":{"type":"Point","coordinates":[-70.1502945,44.6503215]},"properties":{"name":"Tesla Supercharger","network":"Tesla Supercharger","brand":"Tesla Supercharger","operator":"Tesla, Inc.","stalls":1,"kw_per_stall":null,"mw_capacity":null,"status":"unknown","access":"customers","fee":"yes","sockets":"","voltage":"","address":"","city":"","state":"","source":"OpenStreetMap (charge-finder mirror)","osm_id":"node/9939484791","website":""}},{"type":"Feature","geometry":{"type":"Point","coordinates":[-70.1502621,44.6503272]},"properties":{"name":"Tesla Supercharger","network":"Tesla Supercharger","brand":"Tesla Supercharger","operator":"Tesla, Inc.","stalls":1,"kw_per_stall":null,"mw_capacity":null,"status":"unknown","access":"customers","fee":"yes","sockets":"","voltage":"","address":"","city":"","state":"","source":"OpenStreetMap (charge-finder mirror)","osm_id":"node/9939484792","website":""}},{"type":"Feature","geometry":{"type":"Point","coordinates":[-70.1502264,44.6503336]},"properties":{"name":"Tesla Supercharger","network":"Tesla Supercharger","brand":"Tesla Supercharger","operator":"Tesla, Inc.","stalls":1,"kw_per_stall":null,"mw_capacity":null,"status":"unknown","access":"customers","fee":"yes","sockets":"","voltage":"","address":"","city":"","state":"","source":"OpenStreetMap (charge-finder mirror)","osm_id":"node/9939484793","website":""}},{"type":"Feature","geometry":{"type":"Point","coordinates":[-70.150192,44.6503398]},"properties":{"name":"Tesla Supercharger","network":"Tesla Supercharger","brand":"Tesla Supercharger","operator":"Tesla, Inc.","stalls":1,"kw_per_stall":null,"mw_capacity":null,"status":"unknown","access":"customers","fee":"yes","sockets":"","voltage":"","address":"","city":"","state":"","source":"OpenStreetMap (charge-finder mirror)","osm_id":"node/9939484794","website":""}},{"type":"Feature","geometry":{"type":"Point","coordinates":[-70.1501597,44.6503455]},"properties":{"name":"Tesla Supercharger","network":"Tesla Supercharger","brand":"Tesla Supercharger","operator":"Tesla, Inc.","stalls":1,"kw_per_stall":null,"mw_capacity":null,"status":"unknown","access":"customers","fee":"yes","sockets":"","voltage":"","address":"","city":"","state":"","source":"OpenStreetMap (charge-finder mirror)","osm_id":"node/9939484795","website":""}},{"type":"Feature","geometry":{"type":"Point","coordinates":[-70.1501255,44.6503516]},"properties":{"name":"Tesla Supercharger","network":"Tesla Supercharger","brand":"Tesla Supercharger","operator":"Tesla, Inc.","stalls":1,"kw_per_stall":null,"mw_capacity":null,"status":"unknown","access":"customers","fee":"yes","sockets":"","voltage":"","address":"","city":"","state":"","source":"OpenStreetMap (charge-finder mirror)","osm_id":"node/9939484796","website":""}},{"type":"Feature","geometry":{"type":"Point","coordinates":[-70.1500903,44.6503579]},"properties":{"name":"Tesla Supercharger","network":"Tesla Supercharger","brand":"Tesla Supercharger","operator":"Tesla, Inc.","stalls":1,"kw_per_stall":null,"mw_capacity":null,"status":"unknown","access":"customers","fee":"yes","sockets":"","voltage":"","address":"","city":"","state":"","source":"OpenStreetMap (charge-finder mirror)","osm_id":"node/9939484797","website":""}},{"type":"Feature","geometry":{"type":"Point","coordinates":[-70.1500584,44.6503636]},"properties":{"name":"Tesla Supercharger","network":"Tesla Supercharger","brand":"Tesla Supercharger","operator":"Tesla, Inc.","stalls":1,"kw_per_stall":null,"mw_capacity":null,"status":"unknown","access":"customers","fee":"yes","sockets":"","voltage":"","address":"","city":"","state":"","source":"OpenStreetMap (charge-finder mirror)","osm_id":"node/9939484798","website":""}},{"type":"Feature","geometry":{"type":"Point","coordinates":[-69.7269386,44.7801435]},"properties":{"name":"Tesla Supercharger","network":"Tesla Supercharger","brand":"Tesla Supercharger","operator":"Tesla, Inc.","stalls":1,"kw_per_stall":null,"mw_capacity":null,"status":"unknown","access":"customers","fee":"","sockets":"","voltage":"","address":"","city":"","state":"","source":"OpenStreetMap (charge-finder mirror)","osm_id":"node/9939599556","website":""}},{"type":"Feature","geometry":{"type":"Point","coordinates":[-69.7269304,44.7801169]},"properties":{"name":"Tesla Supercharger","network":"Tesla Supercharger","brand":"Tesla Supercharger","operator":"Tesla, Inc.","stalls":1,"kw_per_stall":null,"mw_capacity":null,"status":"unknown","access":"customers","fee":"","sockets":"","voltage":"","address":"","city":"","state":"","source":"OpenStreetMap (charge-finder mirror)","osm_id":"node/9939599557","website":""}},{"type":"Feature","geometry":{"type":"Point","coordinates":[-69.7269233,44.7800936]},"properties":{"name":"Tesla Supercharger","network":"Tesla Supercharger","brand":"Tesla Supercharger","operator":"Tesla, Inc.","stalls":1,"kw_per_stall":null,"mw_capacity":null,"status":"unknown","access":"customers","fee":"","sockets":"","voltage":"","address":"","city":"","state":"","source":"OpenStreetMap (charge-finder mirror)","osm_id":"node/9939599558","website":""}},{"type":"Feature","geometry":{"type":"Point","coordinates":[-69.7269162,44.7800704]},"properties":{"name":"Tesla Supercharger","network":"Tesla Supercharger","brand":"Tesla Supercharger","operator":"Tesla, Inc.","stalls":1,"kw_per_stall":null,"mw_capacity":null,"status":"unknown","access":"customers","fee":"","sockets":"","voltage":"","address":"","city":"","state":"","source":"OpenStreetMap (charge-finder mirror)","osm_id":"node/9939599559","website":""}},{"type":"Feature","geometry":{"type":"Point","coordinates":[-69.7269086,44.7800456]},"properties":{"name":"Tesla Supercharger","network":"Tesla Supercharger","brand":"Tesla Supercharger","operator":"Tesla, Inc.","stalls":1,"kw_per_stall":null,"mw_capacity":null,"status":"unknown","access":"customers","fee":"","sockets":"","voltage":"","address":"","city":"","state":"","source":"OpenStreetMap (charge-finder mirror)","osm_id":"node/9939599560","website":""}},{"type":"Feature","geometry":{"type":"Point","coordinates":[-69.7269016,44.7800225]},"properties":{"name":"Tesla Supercharger","network":"Tesla Supercharger","brand":"Tesla Supercharger","operator":"Tesla, Inc.","stalls":1,"kw_per_stall":null,"mw_capacity":null,"status":"unknown","access":"customers","fee":"","sockets":"","voltage":"","address":"","city":"","state":"","source":"OpenStreetMap (charge-finder mirror)","osm_id":"node/9939599561","website":""}},{"type":"Feature","geometry":{"type":"Point","coordinates":[-69.7268942,44.7799984]},"properties":{"name":"Tesla Supercharger","network":"Tesla Supercharger","brand":"Tesla Supercharger","operator":"Tesla, Inc.","stalls":1,"kw_per_stall":null,"mw_capacity":null,"status":"unknown","access":"customers","fee":"","sockets":"","voltage":"","address":"","city":"","state":"","source":"OpenStreetMap (charge-finder mirror)","osm_id":"node/9939599562","website":""}},{"type":"Feature","geometry":{"type":"Point","coordinates":[-69.726886,44.7799717]},"properties":{"name":"Tesla Supercharger","network":"Tesla Supercharger","brand":"Tesla Supercharger","operator":"Tesla, Inc.","stalls":1,"kw_per_stall":null,"mw_capacity":null,"status":"unknown","access":"customers","fee":"","sockets":"","voltage":"","address":"","city":"","state":"","source":"OpenStreetMap (charge-finder mirror)","osm_id":"node/9939599563","website":""}},{"type":"Feature","geometry":{"type":"Point","coordinates":[-68.7345277,44.775757]},"properties":{"name":"Tesla Supercharger","network":"Tesla Supercharger","brand":"Tesla Supercharger","operator":"Tesla, Inc.","stalls":1,"kw_per_stall":null,"mw_capacity":null,"status":"unknown","access":"customers","fee":"","sockets":"","voltage":"","address":"","city":"","state":"","source":"OpenStreetMap (charge-finder mirror)","osm_id":"node/9939639640","website":""}},{"type":"Feature","geometry":{"type":"Point","coordinates":[-68.7345534,44.7757675]},"properties":{"name":"Tesla Supercharger","network":"Tesla Supercharger","brand":"Tesla Supercharger","operator":"Tesla, Inc.","stalls":1,"kw_per_stall":null,"mw_capacity":null,"status":"unknown","access":"customers","fee":"","sockets":"","voltage":"","address":"","city":"","state":"","source":"OpenStreetMap (charge-finder mirror)","osm_id":"node/9939639641","website":""}},{"type":"Feature","geometry":{"type":"Point","coordinates":[-68.7345823,44.7757793]},"properties":{"name":"Tesla Supercharger","network":"Tesla Supercharger","brand":"Tesla Supercharger","operator":"Tesla, Inc.","stalls":1,"kw_per_stall":null,"mw_capacity":null,"status":"unknown","access":"customers","fee":"","sockets":"","voltage":"","address":"","city":"","state":"","source":"OpenStreetMap (charge-finder mirror)","osm_id":"node/9939639642","website":""}},{"type":"Feature","geometry":{"type":"Point","coordinates":[-68.7346135,44.775792]},"properties":{"name":"Tesla Supercharger","network":"Tesla Supercharger","brand":"Tesla Supercharger","operator":"Tesla, Inc.","stalls":1,"kw_per_stall":null,"mw_capacity":null,"status":"unknown","access":"customers","fee":"","sockets":"","voltage":"","address":"","city":"","state":"","source":"OpenStreetMap (charge-finder mirror)","osm_id":"node/9939639643","website":""}},{"type":"Feature","geometry":{"type":"Point","coordinates":[-68.7346462,44.7758054]},"properties":{"name":"Tesla Supercharger","network":"Tesla Supercharger","brand":"Tesla Supercharger","operator":"Tesla, Inc.","stalls":1,"kw_per_stall":null,"mw_capacity":null,"status":"unknown","access":"customers","fee":"","sockets":"","voltage":"","address":"","city":"","state":"","source":"OpenStreetMap (charge-finder mirror)","osm_id":"node/9939639644","website":""}},{"type":"Feature","geometry":{"type":"Point","coordinates":[-68.7346773,44.7758181]},"properties":{"name":"Tesla Supercharger","network":"Tesla Supercharger","brand":"Tesla Supercharger","operator":"Tesla, Inc.","stalls":1,"kw_per_stall":null,"mw_capacity":null,"status":"unknown","access":"customers","fee":"","sockets":"","voltage":"","address":"","city":"","state":"","source":"OpenStreetMap (charge-finder mirror)","osm_id":"node/9939639645","website":""}},{"type":"Feature","geometry":{"type":"Point","coordinates":[-68.7347074,44.7758304]},"properties":{"name":"Tesla Supercharger","network":"Tesla Supercharger","brand":"Tesla Supercharger","operator":"Tesla, Inc.","stalls":1,"kw_per_stall":null,"mw_capacity":null,"status":"unknown","access":"customers","fee":"","sockets":"","voltage":"","address":"","city":"","state":"","source":"OpenStreetMap (charge-finder mirror)","osm_id":"node/9939639646","website":""}},{"type":"Feature","geometry":{"type":"Point","coordinates":[-69.7860621,44.3478753]},"properties":{"name":"Tesla Supercharger","network":"Tesla Supercharger","brand":"Tesla Supercharger","operator":"Tesla, Inc.","stalls":1,"kw_per_stall":null,"mw_capacity":null,"status":"24/7","access":"","fee":"","sockets":"8","voltage":"","address":"197, Civic Center Drive, Augusta, ME","city":"Augusta","state":"ME","source":"OpenStreetMap (charge-finder mirror)","osm_id":"node/9939668525","website":"https://www.tesla.com/findus/location/supercharger/augustamesupercharger"}},{"type":"Feature","geometry":{"type":"Point","coordinates":[-69.7860399,44.3478869]},"properties":{"name":"Tesla Supercharger","network":"Tesla Supercharger","brand":"Tesla Supercharger","operator":"Tesla, Inc.","stalls":1,"kw_per_stall":null,"mw_capacity":null,"status":"24/7","access":"","fee":"","sockets":"8","voltage":"","address":"197, Civic Center Drive, Augusta, ME","city":"Augusta","state":"ME","source":"OpenStreetMap (charge-finder mirror)","osm_id":"node/9939668526","website":"https://www.tesla.com/findus/location/supercharger/augustamesupercharger"}},{"type":"Feature","geometry":{"type":"Point","coordinates":[-69.7860302,44.347892]},"properties":{"name":"Tesla Supercharger","network":"Tesla Supercharger","brand":"Tesla Supercharger","operator":"Tesla, Inc.","stalls":1,"kw_per_stall":null,"mw_capacity":null,"status":"24/7","access":"","fee":"","sockets":"8","voltage":"","address":"197, Civic Center Drive, Augusta, ME","city":"Augusta","state":"ME","source":"OpenStreetMap (charge-finder mirror)","osm_id":"node/9939668527","website":"https://www.tesla.com/findus/location/supercharger/augustamesupercharger"}},{"type":"Feature","geometry":{"type":"Point","coordinates":[-69.7860128,44.347901]},"properties":{"name":"Tesla Supercharger","network":"Tesla Supercharger","brand":"Tesla Supercharger","operator":"Tesla, Inc.","stalls":1,"kw_per_stall":null,"mw_capacity":null,"status":"24/7","access":"","fee":"","sockets":"8","voltage":"","address":"197, Civic Center Drive, Augusta, ME","city":"Augusta","state":"ME","source":"OpenStreetMap (charge-finder mirror)","osm_id":"node/9939668528","website":"https://www.tesla.com/findus/location/supercharger/augustamesupercharger"}},{"type":"Feature","geometry":{"type":"Point","coordinates":[-69.7860013,44.3479071]},"properties":{"name":"Tesla Supercharger","network":"Tesla Supercharger","brand":"Tesla Supercharger","operator":"Tesla, Inc.","stalls":1,"kw_per_stall":null,"mw_capacity":null,"status":"24/7","access":"","fee":"","sockets":"8","voltage":"","address":"197, Civic Center Drive, Augusta, ME","city":"Augusta","state":"ME","source":"OpenStreetMap (charge-finder mirror)","osm_id":"node/9939668529","website":"https://www.tesla.com/findus/location/supercharger/augustamesupercharger"}},{"type":"Feature","geometry":{"type":"Point","coordinates":[-69.7859835,44.3479164]},"properties":{"name":"Tesla Supercharger","network":"Tesla Supercharger","brand":"Tesla Supercharger","operator":"Tesla, Inc.","stalls":1,"kw_per_stall":null,"mw_capacity":null,"status":"24/7","access":"","fee":"","sockets":"8","voltage":"","address":"197, Civic Center Drive, Augusta, ME","city":"Augusta","state":"ME","source":"OpenStreetMap (charge-finder mirror)","osm_id":"node/9939668530","website":"https://www.tesla.com/findus/location/supercharger/augustamesupercharger"}},{"type":"Feature","geometry":{"type":"Point","coordinates":[-85.4974812,32.5765708]},"properties":{"name":"Auburn, AL - South College Street Supercharger","network":"Tesla Supercharger","brand":"Tesla Supercharger","operator":"Tesla, Inc.","stalls":12,"kw_per_stall":250.0,"mw_capacity":3.0,"status":"24/7","access":"yes","fee":"yes","sockets":"12","voltage":"","address":"Auburn, AL","city":"Auburn, AL","state":"","source":"OpenStreetMap (charge-finder mirror)","osm_id":"node/9946447622","website":"https://www.tesla.com/findus/location/supercharger/AuburnALSupercharger22"}},{"type":"Feature","geometry":{"type":"Point","coordinates":[-86.4314113,36.9689761]},"properties":{"name":"Tesla Destination Charger","network":"Tesla","brand":"Tesla, Inc.","operator":"","stalls":null,"kw_per_stall":null,"mw_capacity":null,"status":"unknown","access":"","fee":"","sockets":"","voltage":"","address":"","city":"","state":"","source":"OpenStreetMap (charge-finder mirror)","osm_id":"node/9949406474","website":""}},{"type":"Feature","geometry":{"type":"Point","coordinates":[-79.080648,43.0897513]},"properties":{"name":"Tesla Destination Charger","network":"Tesla","brand":"Tesla, Inc.","operator":"","stalls":null,"kw_per_stall":null,"mw_capacity":null,"status":"unknown","access":"","fee":"","sockets":"","voltage":"","address":"","city":"","state":"","source":"OpenStreetMap (charge-finder mirror)","osm_id":"node/9952933423","website":""}},{"type":"Feature","geometry":{"type":"Point","coordinates":[-95.8218542,29.7746639]},"properties":{"name":"Tesla Destination Charger","network":"Tesla","brand":"Tesla, Inc.","operator":"Tesla","stalls":12,"kw_per_stall":null,"mw_capacity":null,"status":"unknown","access":"yes","fee":"no","sockets":"","voltage":"","address":"","city":"","state":"","source":"OpenStreetMap (charge-finder mirror)","osm_id":"node/9953113082","website":""}},{"type":"Feature","geometry":{"type":"Point","coordinates":[-122.5104042,37.8727201]},"properties":{"name":"Marin City Tesla Supercharger","network":"Tesla Supercharger","brand":"Tesla Supercharger","operator":"Tesla, Inc.","stalls":16,"kw_per_stall":null,"mw_capacity":null,"status":"unknown","access":"","fee":"","sockets":"","voltage":"","address":"","city":"","state":"","source":"OpenStreetMap (charge-finder mirror)","osm_id":"node/9953881644","website":""}},{"type":"Feature","geometry":{"type":"Point","coordinates":[-121.496273,38.53372]},"properties":{"name":"Tesla Supercharger","network":"Tesla Supercharger","brand":"Tesla Supercharger","operator":"Tesla, Inc.","stalls":null,"kw_per_stall":null,"mw_capacity":null,"status":"unknown","access":"","fee":"","sockets":"","voltage":"","address":"","city":"","state":"","source":"OpenStreetMap (charge-finder mirror)","osm_id":"node/9958458465","website":""}},{"type":"Feature","geometry":{"type":"Point","coordinates":[-88.5769541,42.5484113]},"properties":{"name":"Tesla Destination Charger","network":"Tesla","brand":"Tesla, Inc.","operator":"","stalls":null,"kw_per_stall":null,"mw_capacity":null,"status":"unknown","access":"","fee":"","sockets":"","voltage":"","address":"","city":"","state":"","source":"OpenStreetMap (charge-finder mirror)","osm_id":"node/9962241892","website":""}},{"type":"Feature","geometry":{"type":"Point","coordinates":[-71.4776726,43.1083858]},"properties":{"name":"Tesla Supercharger","network":"Tesla Supercharger","brand":"Tesla Supercharger","operator":"Tesla, Inc.","stalls":1,"kw_per_stall":null,"mw_capacity":null,"status":"unknown","access":"customers","fee":"yes","sockets":"","voltage":"","address":"","city":"","state":"","source":"OpenStreetMap (charge-finder mirror)","osm_id":"node/9970103482","website":""}},{"type":"Feature","geometry":{"type":"Point","coordinates":[-71.4776602,43.1083653]},"properties":{"name":"Tesla Supercharger","network":"Tesla Supercharger","brand":"Tesla Supercharger","operator":"Tesla, Inc.","stalls":1,"kw_per_stall":null,"mw_capacity":null,"status":"unknown","access":"customers","fee":"yes","sockets":"","voltage":"","address":"","city":"","state":"","source":"OpenStreetMap (charge-finder mirror)","osm_id":"node/9970103483","website":""}},{"type":"Feature","geometry":{"type":"Point","coordinates":[-71.4776473,43.108343]},"properties":{"name":"Tesla Supercharger","network":"Tesla Supercharger","brand":"Tesla Supercharger","operator":"Tesla, Inc.","stalls":1,"kw_per_stall":null,"mw_capacity":null,"status":"unknown","access":"customers","fee":"yes","sockets":"","voltage":"","address":"","city":"","state":"","source":"OpenStreetMap (charge-finder mirror)","osm_id":"node/9970103484","website":""}},{"type":"Feature","geometry":{"type":"Point","coordinates":[-71.4776341,43.1083184]},"properties":{"name":"Tesla Supercharger","network":"Tesla Supercharger","brand":"Tesla Supercharger","operator":"Tesla, Inc.","stalls":1,"kw_per_stall":null,"mw_capacity":null,"status":"unknown","access":"customers","fee":"yes","sockets":"","voltage":"","address":"","city":"","state":"","source":"OpenStreetMap (charge-finder mirror)","osm_id":"node/9970103485","website":""}},{"type":"Feature","geometry":{"type":"Point","coordinates":[-71.4776244,43.108295]},"properties":{"name":"Tesla Supercharger","network":"Tesla Supercharger","brand":"Tesla Supercharger","operator":"Tesla, Inc.","stalls":1,"kw_per_stall":null,"mw_capacity":null,"status":"unknown","access":"customers","fee":"yes","sockets":"","voltage":"","address":"","city":"","state":"","source":"OpenStreetMap (charge-finder mirror)","osm_id":"node/9970103486","website":""}},{"type":"Feature","geometry":{"type":"Point","coordinates":[-71.477612,43.1082715]},"properties":{"name":"Tesla Supercharger","network":"Tesla Supercharger","brand":"Tesla Supercharger","operator":"Tesla, Inc.","stalls":1,"kw_per_stall":null,"mw_capacity":null,"status":"unknown","access":"customers","fee":"yes","sockets":"","voltage":"","address":"","city":"","state":"","source":"OpenStreetMap (charge-finder mirror)","osm_id":"node/9970103487","website":""}},{"type":"Feature","geometry":{"type":"Point","coordinates":[-71.4775999,43.1082481]},"properties":{"name":"Tesla Supercharger","network":"Tesla Supercharger","brand":"Tesla Supercharger","operator":"Tesla, Inc.","stalls":1,"kw_per_stall":null,"mw_capacity":null,"status":"unknown","access":"customers","fee":"yes","sockets":"","voltage":"","address":"","city":"","state":"","source":"OpenStreetMap (charge-finder mirror)","osm_id":"node/9970103488","website":""}},{"type":"Feature","geometry":{"type":"Point","coordinates":[-71.4775879,43.108227]},"properties":{"name":"Tesla Supercharger","network":"Tesla Supercharger","brand":"Tesla Supercharger","operator":"Tesla, Inc.","stalls":1,"kw_per_stall":null,"mw_capacity":null,"status":"unknown","access":"customers","fee":"yes","sockets":"","voltage":"","address":"","city":"","state":"","source":"OpenStreetMap (charge-finder mirror)","osm_id":"node/9970103489","website":""}},{"type":"Feature","geometry":{"type":"Point","coordinates":[-71.477575,43.1082038]},"properties":{"name":"Tesla Supercharger","network":"Tesla Supercharger","brand":"Tesla Supercharger","operator":"Tesla, Inc.","stalls":1,"kw_per_stall":null,"mw_capacity":null,"status":"unknown","access":"customers","fee":"yes","sockets":"","voltage":"","address":"","city":"","state":"","source":"OpenStreetMap (charge-finder mirror)","osm_id":"node/9970103490","website":""}},{"type":"Feature","geometry":{"type":"Point","coordinates":[-71.477565,43.1081809]},"properties":{"name":"Tesla Supercharger","network":"Tesla Supercharger","brand":"Tesla Supercharger","operator":"Tesla, Inc.","stalls":1,"kw_per_stall":null,"mw_capacity":null,"status":"unknown","access":"customers","fee":"yes","sockets":"","voltage":"","address":"","city":"","state":"","source":"OpenStreetMap (charge-finder mirror)","osm_id":"node/9970103491","website":""}},{"type":"Feature","geometry":{"type":"Point","coordinates":[-71.477553,43.1081581]},"properties":{"name":"Tesla Supercharger","network":"Tesla Supercharger","brand":"Tesla Supercharger","operator":"Tesla, Inc.","stalls":1,"kw_per_stall":null,"mw_capacity":null,"status":"unknown","access":"customers","fee":"yes","sockets":"","voltage":"","address":"","city":"","state":"","source":"OpenStreetMap (charge-finder mirror)","osm_id":"node/9970103492","website":""}},{"type":"Feature","geometry":{"type":"Point","coordinates":[-117.822024,33.7278398]},"properties":{"name":"Tustin - Red Hill Avenue Supercharger","network":"Tesla Supercharger","brand":"Tesla Supercharger","operator":"Tesla, Inc.","stalls":12,"kw_per_stall":250.0,"mw_capacity":3.0,"status":"24/7","access":"customers","fee":"yes","sockets":"12","voltage":"","address":"14521, Red Hill Avenue, Tustin","city":"Tustin","state":"","source":"OpenStreetMap (charge-finder mirror)","osm_id":"node/9983542386","website":"Tustin, CA - Red Hill Avenue"}},{"type":"Feature","geometry":{"type":"Point","coordinates":[-81.4800589,43.3624912]},"properties":{"name":"Tesla Supercharger","network":"Tesla Supercharger","brand":"Tesla Supercharger","operator":"Tesla, Inc.","stalls":null,"kw_per_stall":null,"mw_capacity":null,"status":"unknown","access":"","fee":"","sockets":"","voltage":"","address":"","city":"","state":"","source":"OpenStreetMap (charge-finder mirror)","osm_id":"node/9983864154","website":""}},{"type":"Feature","geometry":{"type":"Point","coordinates":[-122.8987239,46.1431807]},"properties":{"name":"Tesla Supercharger","network":"Tesla Supercharger","brand":"Tesla Supercharger","operator":"Tesla, Inc.","stalls":12,"kw_per_stall":null,"mw_capacity":null,"status":"unknown","access":"","fee":"","sockets":"","voltage":"","address":"","city":"","state":"","source":"OpenStreetMap (charge-finder mirror)","osm_id":"node/9984464779","website":""}},{"type":"Feature","geometry":{"type":"Point","coordinates":[-122.8787052,42.3479886]},"properties":{"name":"Tesla Supercharger","network":"Tesla Supercharger","brand":"Tesla Supercharger","operator":"Tesla, Inc.","stalls":12,"kw_per_stall":null,"mw_capacity":null,"status":"unknown","access":"yes","fee":"yes","sockets":"","voltage":"","address":"","city":"","state":"","source":"OpenStreetMap (charge-finder mirror)","osm_id":"node/9986648947","website":""}},{"type":"Feature","geometry":{"type":"Point","coordinates":[-121.7372516,37.9635845]},"properties":{"name":"Tesla Supercharger","network":"Tesla Supercharger","brand":"Tesla Supercharger","operator":"Tesla, Inc.","stalls":10,"kw_per_stall":null,"mw_capacity":null,"status":"unknown","access":"","fee":"","sockets":"","voltage":"","address":"","city":"","state":"","source":"OpenStreetMap (charge-finder mirror)","osm_id":"node/9998637586","website":""}},{"type":"Feature","geometry":{"type":"Point","coordinates":[-121.7396133,37.9468531]},"properties":{"name":"Tesla Supercharger","network":"Tesla Supercharger","brand":"Tesla Supercharger","operator":"Tesla, Inc.","stalls":null,"kw_per_stall":null,"mw_capacity":null,"status":"unknown","access":"","fee":"","sockets":"","voltage":"","address":"","city":"","state":"","source":"OpenStreetMap (charge-finder mirror)","osm_id":"node/9998637588","website":""}},{"type":"Feature","geometry":{"type":"Point","coordinates":[-121.7396081,37.9470224]},"properties":{"name":"Tesla Destination Charger","network":"Tesla","brand":"Tesla, Inc.","operator":"","stalls":6,"kw_per_stall":null,"mw_capacity":null,"status":"unknown","access":"","fee":"","sockets":"","voltage":"","address":"","city":"","state":"","source":"OpenStreetMap (charge-finder mirror)","osm_id":"node/9998637589","website":""}},{"type":"Feature","geometry":{"type":"Point","coordinates":[-121.1977096,37.7958468]},"properties":{"name":"Tesla Supercharger","network":"Tesla Supercharger","brand":"Tesla Supercharger","operator":"Tesla, Inc.","stalls":null,"kw_per_stall":null,"mw_capacity":null,"status":"unknown","access":"","fee":"","sockets":"","voltage":"","address":"","city":"","state":"","source":"OpenStreetMap (charge-finder mirror)","osm_id":"node/10005734547","website":""}},{"type":"Feature","geometry":{"type":"Point","coordinates":[-87.8883144,41.998798]},"properties":{"name":"Tesla Supercharger","network":"Tesla Supercharger","brand":"Tesla Supercharger","operator":"Tesla, Inc.","stalls":1,"kw_per_stall":null,"mw_capacity":null,"status":"unknown","access":"yes","fee":"","sockets":"1","voltage":"","address":"","city":"","state":"","source":"OpenStreetMap (charge-finder mirror)","osm_id":"node/10014125121","website":"https://www.tesla.com/findus?v=2&bounds=42.09257554415871%2C-87.64904604052734%2C41.90478992064096%2C-88.12763795947265&zoom=12&filters=store%2Cservice%2Csupercharger%2Cdestination%20charger%2Cbodyshop%2Cparty&search=Des%20Plaines%2C%20IL%2C%20USA&locatio"}},{"type":"Feature","geometry":{"type":"Point","coordinates":[-87.8882798,41.9987976]},"properties":{"name":"Tesla Supercharger","network":"Tesla Supercharger","brand":"Tesla Supercharger","operator":"Tesla, Inc.","stalls":1,"kw_per_stall":null,"mw_capacity":null,"status":"unknown","access":"yes","fee":"","sockets":"1","voltage":"","address":"","city":"","state":"","source":"OpenStreetMap (charge-finder mirror)","osm_id":"node/10014125122","website":"https://www.tesla.com/findus?v=2&bounds=42.09257554415871%2C-87.64904604052734%2C41.90478992064096%2C-88.12763795947265&zoom=12&filters=store%2Cservice%2Csupercharger%2Cdestination%20charger%2Cbodyshop%2Cparty&search=Des%20Plaines%2C%20IL%2C%20USA&locatio"}},{"type":"Feature","geometry":{"type":"Point","coordinates":[-87.8882469,41.9987964]},"properties":{"name":"Tesla Supercharger","network":"Tesla Supercharger","brand":"Tesla Supercharger","operator":"Tesla, Inc.","stalls":1,"kw_per_stall":null,"mw_capacity":null,"status":"unknown","access":"yes","fee":"","sockets":"1","voltage":"","address":"","city":"","state":"","source":"OpenStreetMap (charge-finder mirror)","osm_id":"node/10014125123","website":"https://www.tesla.com/findus?v=2&bounds=42.09257554415871%2C-87.64904604052734%2C41.90478992064096%2C-88.12763795947265&zoom=12&filters=store%2Cservice%2Csupercharger%2Cdestination%20charger%2Cbodyshop%2Cparty&search=Des%20Plaines%2C%20IL%2C%20USA&locatio"}},{"type":"Feature","geometry":{"type":"Point","coordinates":[-81.616537,44.1721921]},"properties":{"name":"Tesla Supercharger","network":"Tesla Supercharger","brand":"Tesla Supercharger","operator":"Tesla, Inc.","stalls":8,"kw_per_stall":null,"mw_capacity":null,"status":"unknown","access":"","fee":"","sockets":"","voltage":"","address":"","city":"","state":"","source":"OpenStreetMap (charge-finder mirror)","osm_id":"node/10014404970","website":""}},{"type":"Feature","geometry":{"type":"Point","coordinates":[-87.4703469,46.5521086]},"properties":{"name":"Tesla Supercharger","network":"Tesla Supercharger","brand":"Tesla Supercharger","operator":"Tesla, Inc.","stalls":8,"kw_per_stall":null,"mw_capacity":null,"status":"unknown","access":"","fee":"","sockets":"","voltage":"","address":"","city":"","state":"","source":"OpenStreetMap (charge-finder mirror)","osm_id":"node/10023121705","website":""}},{"type":"Feature","geometry":{"type":"Point","coordinates":[-113.8984961,45.1783065]},"properties":{"name":"Tesla Destination Charger","network":"Tesla","brand":"Tesla, Inc.","operator":"","stalls":null,"kw_per_stall":null,"mw_capacity":null,"status":"unknown","access":"","fee":"","sockets":"","voltage":"","address":"","city":"","state":"","source":"OpenStreetMap (charge-finder mirror)","osm_id":"node/10023194076","website":""}},{"type":"Feature","geometry":{"type":"Point","coordinates":[-112.150479,30.7212105]},"properties":{"name":"Tesla","network":"Tesla","brand":"Tesla, Inc.","operator":"City Express","stalls":null,"kw_per_stall":null,"mw_capacity":null,"status":"unknown","access":"customers","fee":"","sockets":"","voltage":"","address":"","city":"","state":"","source":"OpenStreetMap (charge-finder mirror)","osm_id":"node/10024763894","website":""}},{"type":"Feature","geometry":{"type":"Point","coordinates":[-124.1883985,40.7788424]},"properties":{"name":"Tesla Supercharger","network":"Tesla Supercharger","brand":"Tesla Supercharger","operator":"Tesla, Inc.","stalls":null,"kw_per_stall":null,"mw_capacity":null,"status":"unknown","access":"","fee":"","sockets":"","voltage":"","address":"","city":"","state":"","source":"OpenStreetMap (charge-finder mirror)","osm_id":"node/10026111130","website":""}},{"type":"Feature","geometry":{"type":"Point","coordinates":[-81.281233,32.079633]},"properties":{"name":"Tesla Supercharger","network":"Tesla Supercharger","brand":"Tesla Supercharger","operator":"Tesla, Inc.","stalls":8,"kw_per_stall":null,"mw_capacity":null,"status":"unknown","access":"","fee":"","sockets":"","voltage":"","address":"2111, Pooler Parkway, Pooler","city":"Pooler","state":"","source":"OpenStreetMap (charge-finder mirror)","osm_id":"node/10027518264","website":""}},{"type":"Feature","geometry":{"type":"Point","coordinates":[-118.349063,33.8347962]},"properties":{"name":"Tesla","network":"Tesla","brand":"Tesla, Inc.","operator":"","stalls":null,"kw_per_stall":null,"mw_capacity":null,"status":"unknown","access":"","fee":"","sockets":"","voltage":"","address":"","city":"","state":"","source":"OpenStreetMap (charge-finder mirror)","osm_id":"node/10030608747","website":""}},{"type":"Feature","geometry":{"type":"Point","coordinates":[-92.4777,46.66491]},"properties":{"name":"Tesla Supercharger","network":"Tesla Supercharger","brand":"Tesla Supercharger","operator":"Tesla, Inc.","stalls":null,"kw_per_stall":null,"mw_capacity":null,"status":"unknown","access":"","fee":"","sockets":"","voltage":"","address":"","city":"","state":"","source":"OpenStreetMap (charge-finder mirror)","osm_id":"node/10034704743","website":""}},{"type":"Feature","geometry":{"type":"Point","coordinates":[-86.1072645,39.9145066]},"properties":{"name":"Tesla Supercharger","network":"Tesla Supercharger","brand":"Tesla Supercharger","operator":"Tesla, Inc.","stalls":null,"kw_per_stall":null,"mw_capacity":null,"status":"unknown","access":"yes","fee":"","sockets":"","voltage":"","address":"","city":"","state":"","source":"OpenStreetMap (charge-finder mirror)","osm_id":"node/10052527123","website":""}},{"type":"Feature","geometry":{"type":"Point","coordinates":[-94.0773747,33.4598837]},"properties":{"name":"Tesla Supercharger","network":"Tesla Supercharger","brand":"Tesla Supercharger","operator":"Tesla, Inc.","stalls":8,"kw_per_stall":null,"mw_capacity":null,"status":"unknown","access":"","fee":"yes","sockets":"","voltage":"","address":"","city":"","state":"","source":"OpenStreetMap (charge-finder mirror)","osm_id":"node/10056412623","website":""}},{"type":"Feature","geometry":{"type":"Point","coordinates":[-118.4692776,34.0250099]},"properties":{"name":"Tesla Destination Charger","network":"Tesla","brand":"Tesla, Inc.","operator":"","stalls":null,"kw_per_stall":null,"mw_capacity":null,"status":"unknown","access":"","fee":"","sockets":"","voltage":"","address":"","city":"","state":"","source":"OpenStreetMap (charge-finder mirror)","osm_id":"node/10059092868","website":""}},{"type":"Feature","geometry":{"type":"Point","coordinates":[-117.7414546,40.9668209]},"properties":{"name":"Tesla Supercharger","network":"Tesla Supercharger","brand":"Tesla Supercharger","operator":"Tesla, Inc.","stalls":2,"kw_per_stall":null,"mw_capacity":null,"status":"unknown","access":"","fee":"","sockets":"1","voltage":"","address":"","city":"","state":"","source":"OpenStreetMap (charge-finder mirror)","osm_id":"node/10064548363","website":""}},{"type":"Feature","geometry":{"type":"Point","coordinates":[-118.9545406,44.4166057]},"properties":{"name":"Tesla Destination Charger","network":"Tesla","brand":"Tesla, Inc.","operator":"","stalls":null,"kw_per_stall":null,"mw_capacity":null,"status":"unknown","access":"","fee":"","sockets":"","voltage":"","address":"","city":"","state":"","source":"OpenStreetMap (charge-finder mirror)","osm_id":"node/10065177009","website":""}},{"type":"Feature","geometry":{"type":"Point","coordinates":[-87.9162381,43.1211073]},"properties":{"name":"Tesla Supercharger-Glendale, WI","network":"Tesla Supercharger","brand":"Tesla Supercharger","operator":"Tesla, Inc.","stalls":12,"kw_per_stall":null,"mw_capacity":null,"status":"unknown","access":"","fee":"","sockets":"","voltage":"","address":"","city":"","state":"","source":"OpenStreetMap (charge-finder mirror)","osm_id":"node/10074184775","website":""}},{"type":"Feature","geometry":{"type":"Point","coordinates":[-77.0851954,41.8049939]},"properties":{"name":"Tesla Supercharger","network":"Tesla Supercharger","brand":"Tesla Supercharger","operator":"Tesla, Inc.","stalls":null,"kw_per_stall":null,"mw_capacity":null,"status":"unknown","access":"","fee":"","sockets":"","voltage":"","address":"","city":"","state":"","source":"OpenStreetMap (charge-finder mirror)","osm_id":"node/10082983820","website":""}},{"type":"Feature","geometry":{"type":"Point","coordinates":[-97.3052964,30.1061602]},"properties":{"name":"Tesla Supercharger","network":"Tesla Supercharger","brand":"Tesla Supercharger","operator":"Tesla, Inc.","stalls":null,"kw_per_stall":null,"mw_capacity":null,"status":"unknown","access":"","fee":"","sockets":"","voltage":"","address":"","city":"","state":"","source":"OpenStreetMap (charge-finder mirror)","osm_id":"node/10096017523","website":""}},{"type":"Feature","geometry":{"type":"Point","coordinates":[-74.0701098,41.7437926]},"properties":{"name":"Tesla Supercharger","network":"Tesla Supercharger","brand":"Tesla Supercharger","operator":"Tesla, Inc.","stalls":8,"kw_per_stall":250.0,"mw_capacity":2.0,"status":"24/7","access":"","fee":"yes","sockets":"8","voltage":"","address":"","city":"","state":"","source":"OpenStreetMap (charge-finder mirror)","osm_id":"node/10101506178","website":""}},{"type":"Feature","geometry":{"type":"Point","coordinates":[-112.466862,34.5460762]},"properties":{"name":"Tesla Destination Charger","network":"Tesla","brand":"Tesla, Inc.","operator":"Tesla","stalls":1,"kw_per_stall":null,"mw_capacity":null,"status":"unknown","access":"customers","fee":"no","sockets":"","voltage":"","address":"","city":"","state":"","source":"OpenStreetMap (charge-finder mirror)","osm_id":"node/10106568962","website":""}},{"type":"Feature","geometry":{"type":"Point","coordinates":[-121.7885159,49.3031072]},"properties":{"name":"Tesla Destination Charger","network":"Tesla","brand":"Tesla, Inc.","operator":"","stalls":2,"kw_per_stall":null,"mw_capacity":null,"status":"unknown","access":"customers","fee":"no","sockets":"","voltage":"","address":"","city":"","state":"","source":"OpenStreetMap (charge-finder mirror)","osm_id":"node/10107171821","website":""}},{"type":"Feature","geometry":{"type":"Point","coordinates":[-73.8269346,42.2230702]},"properties":{"name":"Tesla Supercharger","network":"Tesla Supercharger","brand":"Tesla Supercharger","operator":"Tesla, Inc.","stalls":8,"kw_per_stall":250.0,"mw_capacity":2.0,"status":"24/7","access":"","fee":"yes","sockets":"8","voltage":"","address":"","city":"","state":"","source":"OpenStreetMap (charge-finder mirror)","osm_id":"node/10112774830","website":""}},{"type":"Feature","geometry":{"type":"Point","coordinates":[-123.1153248,49.2876929]},"properties":{"name":"Tesla Supercharger","network":"Tesla Supercharger","brand":"Tesla Supercharger","operator":"Tesla, Inc.","stalls":10,"kw_per_stall":null,"mw_capacity":null,"status":"unknown","access":"","fee":"yes","sockets":"","voltage":"","address":"","city":"","state":"","source":"OpenStreetMap (charge-finder mirror)","osm_id":"node/10117711265","website":""}},{"type":"Feature","geometry":{"type":"Point","coordinates":[-117.2161561,32.7379367]},"properties":{"name":"San Diego - Truxtun Road Supercharger","network":"Tesla Supercharger","brand":"Tesla","operator":"","stalls":12,"kw_per_stall":250.0,"mw_capacity":3.0,"status":"unknown","access":"customers","fee":"yes","sockets":"12","voltage":"","address":"Truxtun Road, San Diego","city":"San Diego","state":"","source":"OpenStreetMap (charge-finder mirror)","osm_id":"node/10130963823","website":"https://www.tesla.com/findus/location/supercharger/sandiegocatruxtunroadsupercharger"}},{"type":"Feature","geometry":{"type":"Point","coordinates":[-117.5269041,34.106564]},"properties":{"name":"Teslsa Supercharger","network":"Tesla Supercharger","brand":"Tesla Supercharger","operator":"Tesla, Inc.","stalls":8,"kw_per_stall":250.0,"mw_capacity":2.0,"status":"24/7","access":"customers","fee":"yes","sockets":"8","voltage":"","address":"12750, Foothill Boulevard, Rancho Cucamonga","city":"Rancho Cucamonga","state":"","source":"OpenStreetMap (charge-finder mirror)","osm_id":"node/10131884733","website":"https://www.tesla.com/findus/location/supercharger/RanchoCucamongaCAsupercharger"}},{"type":"Feature","geometry":{"type":"Point","coordinates":[-84.5401617,42.6670593]},"properties":{"name":"Tesla Supercharger","network":"Tesla Supercharger","brand":"Tesla Supercharger","operator":"Tesla, Inc.","stalls":12,"kw_per_stall":null,"mw_capacity":null,"status":"unknown","access":"","fee":"","sockets":"12","voltage":"","address":"","city":"","state":"","source":"OpenStreetMap (charge-finder mirror)","osm_id":"node/10141167532","website":""}},{"type":"Feature","geometry":{"type":"Point","coordinates":[-70.2695979,43.6643719]},"properties":{"name":"Tesla Supercharger","network":"Tesla Supercharger","brand":"Tesla Supercharger","operator":"Tesla, Inc.","stalls":1,"kw_per_stall":null,"mw_capacity":null,"status":"unknown","access":"customers","fee":"","sockets":"1","voltage":"","address":"","city":"","state":"","source":"OpenStreetMap (charge-finder mirror)","osm_id":"node/10173942489","website":""}},{"type":"Feature","geometry":{"type":"Point","coordinates":[-70.2696977,43.6644648]},"properties":{"name":"Tesla Supercharger","network":"Tesla Supercharger","brand":"Tesla Supercharger","operator":"Tesla, Inc.","stalls":1,"kw_per_stall":null,"mw_capacity":null,"status":"unknown","access":"customers","fee":"","sockets":"1","voltage":"","address":"","city":"","state":"","source":"OpenStreetMap (charge-finder mirror)","osm_id":"node/10173942490","website":""}},{"type":"Feature","geometry":{"type":"Point","coordinates":[-70.2696884,43.6644416]},"properties":{"name":"Tesla Supercharger","network":"Tesla Supercharger","brand":"Tesla Supercharger","operator":"Tesla, Inc.","stalls":1,"kw_per_stall":null,"mw_capacity":null,"status":"unknown","access":"customers","fee":"","sockets":"1","voltage":"","address":"","city":"","state":"","source":"OpenStreetMap (charge-finder mirror)","osm_id":"node/10173942491","website":""}},{"type":"Feature","geometry":{"type":"Point","coordinates":[-70.2696767,43.6644154]},"properties":{"name":"Tesla Supercharger","network":"Tesla Supercharger","brand":"Tesla Supercharger","operator":"Tesla, Inc.","stalls":1,"kw_per_stall":null,"mw_capacity":null,"status":"unknown","access":"customers","fee":"","sockets":"1","voltage":"","address":"","city":"","state":"","source":"OpenStreetMap (charge-finder mirror)","osm_id":"node/10173942492","website":""}},{"type":"Feature","geometry":{"type":"Point","coordinates":[-70.2694613,43.6645341]},"properties":{"name":"Tesla Supercharger","network":"Tesla Supercharger","brand":"Tesla Supercharger","operator":"Tesla, Inc.","stalls":1,"kw_per_stall":null,"mw_capacity":null,"status":"unknown","access":"customers","fee":"","sockets":"1","voltage":"","address":"","city":"","state":"","source":"OpenStreetMap (charge-finder mirror)","osm_id":"node/10173942493","website":""}},{"type":"Feature","geometry":{"type":"Point","coordinates":[-70.2694554,43.6645202]},"properties":{"name":"Tesla Supercharger","network":"Tesla Supercharger","brand":"Tesla Supercharger","operator":"Tesla, Inc.","stalls":1,"kw_per_stall":null,"mw_capacity":null,"status":"unknown","access":"customers","fee":"","sockets":"1","voltage":"","address":"","city":"","state":"","source":"OpenStreetMap (charge-finder mirror)","osm_id":"node/10173942494","website":""}},{"type":"Feature","geometry":{"type":"Point","coordinates":[-70.269449,43.6645045]},"properties":{"name":"Tesla Supercharger","network":"Tesla Supercharger","brand":"Tesla Supercharger","operator":"Tesla, Inc.","stalls":1,"kw_per_stall":null,"mw_capacity":null,"status":"unknown","access":"customers","fee":"","sockets":"1","voltage":"","address":"","city":"","state":"","source":"OpenStreetMap (charge-finder mirror)","osm_id":"node/10173942495","website":""}},{"type":"Feature","geometry":{"type":"Point","coordinates":[-70.269442,43.6644919]},"properties":{"name":"Tesla Supercharger","network":"Tesla Supercharger","brand":"Tesla Supercharger","operator":"Tesla, Inc.","stalls":1,"kw_per_stall":null,"mw_capacity":null,"status":"unknown","access":"customers","fee":"","sockets":"1","voltage":"","address":"","city":"","state":"","source":"OpenStreetMap (charge-finder mirror)","osm_id":"node/10173942496","website":""}},{"type":"Feature","geometry":{"type":"Point","coordinates":[-70.2694362,43.6644788]},"properties":{"name":"Tesla Supercharger","network":"Tesla Supercharger","brand":"Tesla Supercharger","operator":"Tesla, Inc.","stalls":1,"kw_per_stall":null,"mw_capacity":null,"status":"unknown","access":"customers","fee":"","sockets":"1","voltage":"","address":"","city":"","state":"","source":"OpenStreetMap (charge-finder mirror)","osm_id":"node/10173942497","website":""}},{"type":"Feature","geometry":{"type":"Point","coordinates":[-70.2694321,43.6644674]},"properties":{"name":"Tesla Supercharger","network":"Tesla Supercharger","brand":"Tesla Supercharger","operator":"Tesla, Inc.","stalls":1,"kw_per_stall":null,"mw_capacity":null,"status":"unknown","access":"customers","fee":"","sockets":"1","voltage":"","address":"","city":"","state":"","source":"OpenStreetMap (charge-finder mirror)","osm_id":"node/10173942498","website":""}},{"type":"Feature","geometry":{"type":"Point","coordinates":[-70.269428,43.6644543]},"properties":{"name":"Tesla Supercharger","network":"Tesla Supercharger","brand":"Tesla Supercharger","operator":"Tesla, Inc.","stalls":1,"kw_per_stall":null,"mw_capacity":null,"status":"unknown","access":"customers","fee":"","sockets":"1","voltage":"","address":"","city":"","state":"","source":"OpenStreetMap (charge-finder mirror)","osm_id":"node/10173942499","website":""}},{"type":"Feature","geometry":{"type":"Point","coordinates":[-70.2694272,43.6644132]},"properties":{"name":"Tesla Supercharger","network":"Tesla Supercharger","brand":"Tesla Supercharger","operator":"Tesla, Inc.","stalls":1,"kw_per_stall":null,"mw_capacity":null,"status":"unknown","access":"customers","fee":"","sockets":"1","voltage":"","address":"","city":"","state":"","source":"OpenStreetMap (charge-finder mirror)","osm_id":"node/10173942500","website":""}},{"type":"Feature","geometry":{"type":"Point","coordinates":[-118.1746587,35.0686059]},"properties":{"name":"Mojave, CA Supercharger","network":"Tesla Supercharger","brand":"Tesla Supercharger","operator":"Tesla, Inc.","stalls":12,"kw_per_stall":250.0,"mw_capacity":3.0,"status":"24/7","access":"","fee":"","sockets":"12","voltage":"","address":"16940, Aerospace Highway, Mojave, CA","city":"Mojave","state":"CA","source":"OpenStreetMap (charge-finder mirror)","osm_id":"node/10178967233","website":""}},{"type":"Feature","geometry":{"type":"Point","coordinates":[-118.1746068,35.056811]},"properties":{"name":"Mojave, CA - Sierra Highway Supercharger","network":"Tesla Supercharger","brand":"Tesla Supercharger","operator":"Tesla, Inc.","stalls":12,"kw_per_stall":250.0,"mw_capacity":3.0,"status":"24/7","access":"","fee":"","sockets":"12","voltage":"","address":"16246, Sierra Highway, Mojave, CA","city":"Mojave","state":"CA","source":"OpenStreetMap (charge-finder mirror)","osm_id":"node/10178967236","website":""}},{"type":"Feature","geometry":{"type":"Point","coordinates":[-122.447046,37.7820444]},"properties":{"name":"San Francisco, CA - Geary Boulevard Supercharger","network":"Tesla Supercharger","brand":"Tesla, Inc.","operator":"Tesla, Inc.","stalls":34,"kw_per_stall":250.0,"mw_capacity":8.5,"status":"24/7","access":"","fee":"","sockets":"34","voltage":"","address":"2675, Geary Boulevard, San Francisco, CA","city":"San Francisco","state":"CA","source":"OpenStreetMap (charge-finder mirror)","osm_id":"node/10178967238","website":""}},{"type":"Feature","geometry":{"type":"Point","coordinates":[-96.7170839,33.1518424]},"properties":{"name":"Tesla Supercharger","network":"Tesla Supercharger","brand":"Tesla Supercharger","operator":"Tesla, Inc.","stalls":8,"kw_per_stall":null,"mw_capacity":null,"status":"unknown","access":"yes","fee":"","sockets":"","voltage":"","address":"","city":"","state":"","source":"OpenStreetMap (charge-finder mirror)","osm_id":"node/10181687763","website":""}},{"type":"Feature","geometry":{"type":"Point","coordinates":[-72.5764234,44.2125304]},"properties":{"name":"Tesla Supercharger","network":"Tesla Supercharger","brand":"Tesla Supercharger","operator":"Tesla, Inc.","stalls":8,"kw_per_stall":null,"mw_capacity":null,"status":"unknown","access":"","fee":"yes","sockets":"","voltage":"","address":"","city":"","state":"","source":"OpenStreetMap (charge-finder mirror)","osm_id":"node/10187455633","website":""}},{"type":"Feature","geometry":{"type":"Point","coordinates":[-82.5047253,27.9492975]},"properties":{"name":"Tesla Destination Charger","network":"Tesla Supercharger","brand":"Tesla, Inc.","operator":"Tesla, Inc.","stalls":8,"kw_per_stall":null,"mw_capacity":null,"status":"unknown","access":"","fee":"","sockets":"8","voltage":"","address":"","city":"","state":"","source":"OpenStreetMap (charge-finder mirror)","osm_id":"node/10189167878","website":""}},{"type":"Feature","geometry":{"type":"Point","coordinates":[-92.9906175,45.5108661]},"properties":{"name":"Tesla Supercharger","network":"Tesla Supercharger","brand":"Tesla Supercharger","operator":"Tesla, Inc.","stalls":8,"kw_per_stall":null,"mw_capacity":null,"status":"unknown","access":"","fee":"","sockets":"8","voltage":"","address":"","city":"","state":"","source":"OpenStreetMap (charge-finder mirror)","osm_id":"node/10200934489","website":""}},{"type":"Feature","geometry":{"type":"Point","coordinates":[-78.4343675,38.1320409]},"properties":{"name":"Tesla Supercharger","network":"Tesla Supercharger","brand":"Tesla Supercharger","operator":"Tesla, Inc.","stalls":null,"kw_per_stall":null,"mw_capacity":null,"status":"unknown","access":"","fee":"","sockets":"","voltage":"","address":"","city":"","state":"","source":"OpenStreetMap (charge-finder mirror)","osm_id":"node/10214823339","website":""}},{"type":"Feature","geometry":{"type":"Point","coordinates":[-78.4013771,37.2718841]},"properties":{"name":"Tesla Supercharger","network":"Tesla Supercharger","brand":"Tesla Supercharger","operator":"Tesla, Inc.","stalls":8,"kw_per_stall":null,"mw_capacity":null,"status":"unknown","access":"","fee":"","sockets":"","voltage":"","address":"","city":"","state":"","source":"OpenStreetMap (charge-finder mirror)","osm_id":"node/10220206013","website":""}},{"type":"Feature","geometry":{"type":"Point","coordinates":[-121.9441669,37.7229944]},"properties":{"name":"Tesla Supercharger","network":"Tesla Supercharger","brand":"Tesla Supercharger","operator":"Tesla, Inc.","stalls":null,"kw_per_stall":null,"mw_capacity":null,"status":"unknown","access":"","fee":"","sockets":"","voltage":"","address":"","city":"","state":"","source":"OpenStreetMap (charge-finder mirror)","osm_id":"node/10222916199","website":""}},{"type":"Feature","geometry":{"type":"Point","coordinates":[-73.1974195,46.0866329]},"properties":{"name":"Tesla","network":"Tesla","brand":"T","operator":"March\u00e9 Famille Mondor inc.","stalls":null,"kw_per_stall":null,"mw_capacity":null,"status":"unknown","access":"yes","fee":"yes","sockets":"","voltage":"","address":"","city":"","state":"","source":"OpenStreetMap (charge-finder mirror)","osm_id":"node/10231829537","website":""}},{"type":"Feature","geometry":{"type":"Point","coordinates":[-87.6858303,41.927785]},"properties":{"name":"Tesla Destination Charger","network":"Tesla Supercharger","brand":"Tesla, Inc.","operator":"Tesla","stalls":1,"kw_per_stall":null,"mw_capacity":null,"status":"unknown","access":"","fee":"","sockets":"1","voltage":"","address":"","city":"","state":"","source":"OpenStreetMap (charge-finder mirror)","osm_id":"node/10238222991","website":""}},{"type":"Feature","geometry":{"type":"Point","coordinates":[-87.6858558,41.927802]},"properties":{"name":"Tesla Destination Charger","network":"Tesla Supercharger","brand":"Tesla, Inc.","operator":"Tesla","stalls":1,"kw_per_stall":null,"mw_capacity":null,"status":"unknown","access":"","fee":"","sockets":"1","voltage":"","address":"","city":"","state":"","source":"OpenStreetMap (charge-finder mirror)","osm_id":"node/10238222992","website":""}},{"type":"Feature","geometry":{"type":"Point","coordinates":[-87.6858839,41.9278179]},"properties":{"name":"Tesla Destination Charger","network":"Tesla Supercharger","brand":"Tesla, Inc.","operator":"Tesla","stalls":1,"kw_per_stall":null,"mw_capacity":null,"status":"unknown","access":"","fee":"","sockets":"1","voltage":"","address":"","city":"","state":"","source":"OpenStreetMap (charge-finder mirror)","osm_id":"node/10238222993","website":""}},{"type":"Feature","geometry":{"type":"Point","coordinates":[-87.6859074,41.9278334]},"properties":{"name":"Tesla Destination Charger","network":"Tesla Supercharger","brand":"Tesla, Inc.","operator":"Tesla","stalls":1,"kw_per_stall":null,"mw_capacity":null,"status":"unknown","access":"","fee":"","sockets":"1","voltage":"","address":"","city":"","state":"","source":"OpenStreetMap (charge-finder mirror)","osm_id":"node/10238222994","website":""}},{"type":"Feature","geometry":{"type":"Point","coordinates":[-87.6859342,41.9278524]},"properties":{"name":"Tesla Destination Charger","network":"Tesla Supercharger","brand":"Tesla, Inc.","operator":"Tesla","stalls":1,"kw_per_stall":null,"mw_capacity":null,"status":"unknown","access":"","fee":"","sockets":"1","voltage":"","address":"","city":"","state":"","source":"OpenStreetMap (charge-finder mirror)","osm_id":"node/10238222995","website":""}},{"type":"Feature","geometry":{"type":"Point","coordinates":[-95.8795936,30.9662758]},"properties":{"name":"Tesla Supercharger","network":"Tesla Supercharger","brand":"Tesla Supercharger","operator":"Tesla, Inc.","stalls":24,"kw_per_stall":null,"mw_capacity":null,"status":"unknown","access":"","fee":"yes","sockets":"","voltage":"","address":"","city":"","state":"","source":"OpenStreetMap (charge-finder mirror)","osm_id":"node/10268596077","website":""}},{"type":"Feature","geometry":{"type":"Point","coordinates":[-79.0434834,38.1333928]},"properties":{"name":"Tesla Supercharger","network":"Tesla Supercharger","brand":"Tesla Supercharger","operator":"Tesla, Inc.","stalls":null,"kw_per_stall":null,"mw_capacity":null,"status":"unknown","access":"","fee":"","sockets":"","voltage":"","address":"","city":"","state":"","source":"OpenStreetMap (charge-finder mirror)","osm_id":"node/10276300966","website":""}},{"type":"Feature","geometry":{"type":"Point","coordinates":[-114.6229675,34.8508857]},"properties":{"name":"Tesla Supercharger - Needles, CA - West Broadway Street","network":"Tesla Supercharger","brand":"Tesla Supercharger","operator":"Tesla, Inc.","stalls":null,"kw_per_stall":null,"mw_capacity":null,"status":"unknown","access":"","fee":"yes","sockets":"","voltage":"","address":"2410, West Broadway Street, Needles, CA","city":"Needles","state":"CA","source":"OpenStreetMap (charge-finder mirror)","osm_id":"node/10281689639","website":"https://www.tesla.com/findus?v=2&bounds=34.852575197097195%2C-114.61931802642822%2C34.84679053389259%2C-114.62644197357177&zoom=17&filters=store%2Cservice%2Csupercharger%2Cdestination%20charger%2Cbodyshop%2Cparty&location=NeedlesCAsupercharger"}},{"type":"Feature","geometry":{"type":"Point","coordinates":[-87.888198,41.9987969]},"properties":{"name":"Tesla Macau","network":"Tesla","brand":"Tesla, Inc.","operator":"","stalls":1,"kw_per_stall":null,"mw_capacity":null,"status":"unknown","access":"yes","fee":"no","sockets":"1","voltage":"","address":"","city":"","state":"","source":"OpenStreetMap (charge-finder mirror)","osm_id":"node/10286634837","website":"https://www.tesla.com/findus?v=2&bounds=42.09257554415871%2C-87.64904604052734%2C41.90478992064096%2C-88.12763795947265&zoom=12&filters=store%2Cservice%2Csupercharger%2Cdestination%20charger%2Cbodyshop%2Cparty&search=Des%20Plaines%2C%20IL%2C%20USA&locatio"}},{"type":"Feature","geometry":{"type":"Point","coordinates":[-87.8881542,41.9987959]},"properties":{"name":"Tesla Macau","network":"Tesla","brand":"Tesla, Inc.","operator":"","stalls":1,"kw_per_stall":null,"mw_capacity":null,"status":"unknown","access":"yes","fee":"no","sockets":"1","voltage":"","address":"","city":"","state":"","source":"OpenStreetMap (charge-finder mirror)","osm_id":"node/10286634838","website":"https://www.tesla.com/findus?v=2&bounds=42.09257554415871%2C-87.64904604052734%2C41.90478992064096%2C-88.12763795947265&zoom=12&filters=store%2Cservice%2Csupercharger%2Cdestination%20charger%2Cbodyshop%2Cparty&search=Des%20Plaines%2C%20IL%2C%20USA&locatio"}},{"type":"Feature","geometry":{"type":"Point","coordinates":[-87.9951711,42.0500441]},"properties":{"name":"Tesla Supercharger","network":"Tesla Supercharger","brand":"Tesla Supercharger","operator":"Tesla, Inc.","stalls":10,"kw_per_stall":null,"mw_capacity":null,"status":"unknown","access":"","fee":"","sockets":"","voltage":"","address":"","city":"","state":"","source":"OpenStreetMap (charge-finder mirror)","osm_id":"node/10289494866","website":""}},{"type":"Feature","geometry":{"type":"Point","coordinates":[-87.9951454,42.0500277]},"properties":{"name":"Tesla Supercharger","network":"Tesla Supercharger","brand":"Tesla Supercharger","operator":"Tesla, Inc.","stalls":10,"kw_per_stall":null,"mw_capacity":null,"status":"unknown","access":"","fee":"","sockets":"","voltage":"","address":"","city":"","state":"","source":"OpenStreetMap (charge-finder mirror)","osm_id":"node/10289494867","website":""}},{"type":"Feature","geometry":{"type":"Point","coordinates":[-87.995121,42.050007]},"properties":{"name":"Tesla Supercharger","network":"Tesla Supercharger","brand":"Tesla Supercharger","operator":"Tesla, Inc.","stalls":10,"kw_per_stall":null,"mw_capacity":null,"status":"unknown","access":"","fee":"","sockets":"","voltage":"","address":"","city":"","state":"","source":"OpenStreetMap (charge-finder mirror)","osm_id":"node/10289494868","website":""}},{"type":"Feature","geometry":{"type":"Point","coordinates":[-87.9950933,42.0499905]},"properties":{"name":"Tesla Supercharger","network":"Tesla Supercharger","brand":"Tesla Supercharger","operator":"Tesla, Inc.","stalls":10,"kw_per_stall":null,"mw_capacity":null,"status":"unknown","access":"","fee":"","sockets":"","voltage":"","address":"","city":"","state":"","source":"OpenStreetMap (charge-finder mirror)","osm_id":"node/10289494869","website":""}},{"type":"Feature","geometry":{"type":"Point","coordinates":[-87.9950703,42.0499684]},"properties":{"name":"Tesla Supercharger","network":"Tesla Supercharger","brand":"Tesla Supercharger","operator":"Tesla, Inc.","stalls":10,"kw_per_stall":null,"mw_capacity":null,"status":"unknown","access":"","fee":"","sockets":"","voltage":"","address":"","city":"","state":"","source":"OpenStreetMap (charge-finder mirror)","osm_id":"node/10289494870","website":""}},{"type":"Feature","geometry":{"type":"Point","coordinates":[-87.9950475,42.0499483]},"properties":{"name":"Tesla Supercharger","network":"Tesla Supercharger","brand":"Tesla Supercharger","operator":"Tesla, Inc.","stalls":10,"kw_per_stall":null,"mw_capacity":null,"status":"unknown","access":"","fee":"","sockets":"","voltage":"","address":"","city":"","state":"","source":"OpenStreetMap (charge-finder mirror)","osm_id":"node/10289494871","website":""}},{"type":"Feature","geometry":{"type":"Point","coordinates":[-87.9950298,42.0499248]},"properties":{"name":"Tesla Supercharger","network":"Tesla Supercharger","brand":"Tesla Supercharger","operator":"Tesla, Inc.","stalls":10,"kw_per_stall":null,"mw_capacity":null,"status":"unknown","access":"","fee":"","sockets":"","voltage":"","address":"","city":"","state":"","source":"OpenStreetMap (charge-finder mirror)","osm_id":"node/10289494872","website":""}},{"type":"Feature","geometry":{"type":"Point","coordinates":[-87.9950064,42.0499029]},"properties":{"name":"Tesla Supercharger","network":"Tesla Supercharger","brand":"Tesla Supercharger","operator":"Tesla, Inc.","stalls":10,"kw_per_stall":null,"mw_capacity":null,"status":"unknown","access":"","fee":"","sockets":"","voltage":"","address":"","city":"","state":"","source":"OpenStreetMap (charge-finder mirror)","osm_id":"node/10289494873","website":""}},{"type":"Feature","geometry":{"type":"Point","coordinates":[-87.9949901,42.0498776]},"properties":{"name":"Tesla Supercharger","network":"Tesla Supercharger","brand":"Tesla Supercharger","operator":"Tesla, Inc.","stalls":10,"kw_per_stall":null,"mw_capacity":null,"status":"unknown","access":"","fee":"","sockets":"","voltage":"","address":"","city":"","state":"","source":"OpenStreetMap (charge-finder mirror)","osm_id":"node/10289494874","website":""}},{"type":"Feature","geometry":{"type":"Point","coordinates":[-87.9949319,42.0498035]},"properties":{"name":"Tesla Supercharger","network":"Tesla Supercharger","brand":"Tesla Supercharger","operator":"Tesla, Inc.","stalls":10,"kw_per_stall":null,"mw_capacity":null,"status":"unknown","access":"","fee":"","sockets":"","voltage":"","address":"","city":"","state":"","source":"OpenStreetMap (charge-finder mirror)","osm_id":"node/10289494875","website":""}},{"type":"Feature","geometry":{"type":"Point","coordinates":[-87.9949217,42.049773]},"properties":{"name":"Tesla Supercharger","network":"Tesla Supercharger","brand":"Tesla Supercharger","operator":"Tesla, Inc.","stalls":10,"kw_per_stall":null,"mw_capacity":null,"status":"unknown","access":"","fee":"","sockets":"","voltage":"","address":"","city":"","state":"","source":"OpenStreetMap (charge-finder mirror)","osm_id":"node/10289494876","website":""}},{"type":"Feature","geometry":{"type":"Point","coordinates":[-87.9949037,42.0497246]},"properties":{"name":"Tesla Supercharger","network":"Tesla Supercharger","brand":"Tesla Supercharger","operator":"Tesla, Inc.","stalls":10,"kw_per_stall":null,"mw_capacity":null,"status":"unknown","access":"","fee":"","sockets":"","voltage":"","address":"","city":"","state":"","source":"OpenStreetMap (charge-finder mirror)","osm_id":"node/10289494877","website":""}},{"type":"Feature","geometry":{"type":"Point","coordinates":[-87.9948954,42.0496997]},"properties":{"name":"Tesla Supercharger","network":"Tesla Supercharger","brand":"Tesla Supercharger","operator":"Tesla, Inc.","stalls":10,"kw_per_stall":null,"mw_capacity":null,"status":"unknown","access":"","fee":"","sockets":"","voltage":"","address":"","city":"","state":"","source":"OpenStreetMap (charge-finder mirror)","osm_id":"node/10289494878","website":""}},{"type":"Feature","geometry":{"type":"Point","coordinates":[-87.9948881,42.0496774]},"properties":{"name":"Tesla Supercharger","network":"Tesla Supercharger","brand":"Tesla Supercharger","operator":"Tesla, Inc.","stalls":10,"kw_per_stall":null,"mw_capacity":null,"status":"unknown","access":"","fee":"","sockets":"","voltage":"","address":"","city":"","state":"","source":"OpenStreetMap (charge-finder mirror)","osm_id":"node/10289494879","website":""}},{"type":"Feature","geometry":{"type":"Point","coordinates":[-87.9948737,42.0496581]},"properties":{"name":"Tesla Supercharger","network":"Tesla Supercharger","brand":"Tesla Supercharger","operator":"Tesla, Inc.","stalls":10,"kw_per_stall":null,"mw_capacity":null,"status":"unknown","access":"","fee":"","sockets":"","voltage":"","address":"","city":"","state":"","source":"OpenStreetMap (charge-finder mirror)","osm_id":"node/10289494880","website":""}},{"type":"Feature","geometry":{"type":"Point","coordinates":[-87.9948627,42.0496344]},"properties":{"name":"Tesla Supercharger","network":"Tesla Supercharger","brand":"Tesla Supercharger","operator":"Tesla, Inc.","stalls":10,"kw_per_stall":null,"mw_capacity":null,"status":"unknown","access":"","fee":"","sockets":"","voltage":"","address":"","city":"","state":"","source":"OpenStreetMap (charge-finder mirror)","osm_id":"node/10289494881","website":""}},{"type":"Feature","geometry":{"type":"Point","coordinates":[-87.994856,42.0496067]},"properties":{"name":"Tesla Supercharger","network":"Tesla Supercharger","brand":"Tesla Supercharger","operator":"Tesla, Inc.","stalls":10,"kw_per_stall":null,"mw_capacity":null,"status":"unknown","access":"","fee":"","sockets":"","voltage":"","address":"","city":"","state":"","source":"OpenStreetMap (charge-finder mirror)","osm_id":"node/10289494882","website":""}},{"type":"Feature","geometry":{"type":"Point","coordinates":[-87.9948484,42.0495812]},"properties":{"name":"Tesla Supercharger","network":"Tesla Supercharger","brand":"Tesla Supercharger","operator":"Tesla, Inc.","stalls":10,"kw_per_stall":null,"mw_capacity":null,"status":"unknown","access":"","fee":"","sockets":"","voltage":"","address":"","city":"","state":"","source":"OpenStreetMap (charge-finder mirror)","osm_id":"node/10289494883","website":""}},{"type":"Feature","geometry":{"type":"Point","coordinates":[-87.9227261,42.1690351]},"properties":{"name":"Tesla Supercharger","network":"Tesla Supercharger","brand":"Tesla Supercharger","operator":"Tesla, Inc.","stalls":12,"kw_per_stall":null,"mw_capacity":null,"status":"unknown","access":"yes","fee":"","sockets":"","voltage":"","address":"","city":"","state":"","source":"OpenStreetMap (charge-finder mirror)","osm_id":"node/10294188961","website":""}},{"type":"Feature","geometry":{"type":"Point","coordinates":[-119.7338557,39.5380622]},"properties":{"name":"Tesla Supercharger","network":"Tesla Supercharger","brand":"Tesla Supercharger","operator":"Tesla, Inc.","stalls":8,"kw_per_stall":null,"mw_capacity":null,"status":"unknown","access":"yes","fee":"","sockets":"","voltage":"","address":"","city":"","state":"","source":"OpenStreetMap (charge-finder mirror)","osm_id":"node/10297195226","website":""}},{"type":"Feature","geometry":{"type":"Point","coordinates":[-97.1872858,32.9067734]},"properties":{"name":"North Richland Hills Tesla Supercharger","network":"Tesla Supercharger","brand":"Tesla, Inc.","operator":"Tesla, Inc.","stalls":8,"kw_per_stall":null,"mw_capacity":null,"status":"unknown","access":"yes","fee":"yes","sockets":"","voltage":"","address":"","city":"","state":"","source":"OpenStreetMap (charge-finder mirror)","osm_id":"node/10298401105","website":""}},{"type":"Feature","geometry":{"type":"Point","coordinates":[-78.3191178,35.8333016]},"properties":{"name":"Tesla Destination Charger","network":"Tesla","brand":"Tesla, Inc.","operator":"","stalls":2,"kw_per_stall":null,"mw_capacity":null,"status":"unknown","access":"yes","fee":"","sockets":"","voltage":"","address":"","city":"","state":"","source":"OpenStreetMap (charge-finder mirror)","osm_id":"node/10299849276","website":""}},{"type":"Feature","geometry":{"type":"Point","coordinates":[-121.0641517,39.1996953]},"properties":{"name":"Tesla Supercharger","network":"Tesla Supercharger","brand":"Tesla Supercharger","operator":"Tesla, Inc.","stalls":8,"kw_per_stall":150.0,"mw_capacity":1.2,"status":"24/7","access":"","fee":"yes","sockets":"8","voltage":"","address":"","city":"","state":"","source":"OpenStreetMap (charge-finder mirror)","osm_id":"node/10303159999","website":""}},{"type":"Feature","geometry":{"type":"Point","coordinates":[-121.0642064,39.199716]},"properties":{"name":"Tesla Supercharger","network":"Tesla Supercharger","brand":"Tesla Supercharger","operator":"Tesla, Inc.","stalls":8,"kw_per_stall":150.0,"mw_capacity":1.2,"status":"24/7","access":"","fee":"yes","sockets":"8","voltage":"","address":"","city":"","state":"","source":"OpenStreetMap (charge-finder mirror)","osm_id":"node/10303160001","website":""}},{"type":"Feature","geometry":{"type":"Point","coordinates":[-121.064246,39.199731]},"properties":{"name":"Tesla Supercharger","network":"Tesla Supercharger","brand":"Tesla Supercharger","operator":"Tesla, Inc.","stalls":8,"kw_per_stall":150.0,"mw_capacity":1.2,"status":"24/7","access":"","fee":"yes","sockets":"8","voltage":"","address":"","city":"","state":"","source":"OpenStreetMap (charge-finder mirror)","osm_id":"node/10303160002","website":""}},{"type":"Feature","geometry":{"type":"Point","coordinates":[-121.0642996,39.1997513]},"properties":{"name":"Tesla Supercharger","network":"Tesla Supercharger","brand":"Tesla Supercharger","operator":"Tesla, Inc.","stalls":8,"kw_per_stall":150.0,"mw_capacity":1.2,"status":"24/7","access":"","fee":"yes","sockets":"8","voltage":"","address":"","city":"","state":"","source":"OpenStreetMap (charge-finder mirror)","osm_id":"node/10303160003","website":""}},{"type":"Feature","geometry":{"type":"Point","coordinates":[-121.0643581,39.1997735]},"properties":{"name":"Tesla Supercharger","network":"Tesla Supercharger","brand":"Tesla Supercharger","operator":"Tesla, Inc.","stalls":8,"kw_per_stall":150.0,"mw_capacity":1.2,"status":"24/7","access":"","fee":"yes","sockets":"8","voltage":"","address":"","city":"","state":"","source":"OpenStreetMap (charge-finder mirror)","osm_id":"node/10303160004","website":""}},{"type":"Feature","geometry":{"type":"Point","coordinates":[-121.0644147,39.1997949]},"properties":{"name":"Tesla Supercharger","network":"Tesla Supercharger","brand":"Tesla Supercharger","operator":"Tesla, Inc.","stalls":8,"kw_per_stall":150.0,"mw_capacity":1.2,"status":"24/7","access":"","fee":"yes","sockets":"8","voltage":"","address":"","city":"","state":"","source":"OpenStreetMap (charge-finder mirror)","osm_id":"node/10303160005","website":""}},{"type":"Feature","geometry":{"type":"Point","coordinates":[-121.0644608,39.1998123]},"properties":{"name":"Tesla Supercharger","network":"Tesla Supercharger","brand":"Tesla Supercharger","operator":"Tesla, Inc.","stalls":8,"kw_per_stall":150.0,"mw_capacity":1.2,"status":"24/7","access":"","fee":"yes","sockets":"8","voltage":"","address":"","city":"","state":"","source":"OpenStreetMap (charge-finder mirror)","osm_id":"node/10303160006","website":""}},{"type":"Feature","geometry":{"type":"Point","coordinates":[-121.0645152,39.199833]},"properties":{"name":"Tesla Supercharger","network":"Tesla Supercharger","brand":"Tesla Supercharger","operator":"Tesla, Inc.","stalls":8,"kw_per_stall":150.0,"mw_capacity":1.2,"status":"24/7","access":"","fee":"yes","sockets":"8","voltage":"","address":"","city":"","state":"","source":"OpenStreetMap (charge-finder mirror)","osm_id":"node/10303160007","website":""}},{"type":"Feature","geometry":{"type":"Point","coordinates":[-121.0645051,39.1998558]},"properties":{"name":"Tesla Supercharger","network":"Tesla Supercharger","brand":"Tesla Supercharger","operator":"Tesla, Inc.","stalls":8,"kw_per_stall":150.0,"mw_capacity":1.2,"status":"24/7","access":"","fee":"yes","sockets":"8","voltage":"","address":"","city":"","state":"","source":"OpenStreetMap (charge-finder mirror)","osm_id":"node/10303160008","website":""}},{"type":"Feature","geometry":{"type":"Point","coordinates":[-121.064546,39.199874]},"properties":{"name":"Tesla Supercharger","network":"Tesla Supercharger","brand":"Tesla Supercharger","operator":"Tesla, Inc.","stalls":8,"kw_per_stall":150.0,"mw_capacity":1.2,"status":"24/7","access":"","fee":"yes","sockets":"8","voltage":"","address":"","city":"","state":"","source":"OpenStreetMap (charge-finder mirror)","osm_id":"node/10303163509","website":""}},{"type":"Feature","geometry":{"type":"Point","coordinates":[-121.0644066,39.1999753]},"properties":{"name":"Tesla Supercharger","network":"Tesla Supercharger","brand":"Tesla Supercharger","operator":"Tesla, Inc.","stalls":8,"kw_per_stall":150.0,"mw_capacity":1.2,"status":"24/7","access":"","fee":"yes","sockets":"8","voltage":"","address":"","city":"","state":"","source":"OpenStreetMap (charge-finder mirror)","osm_id":"node/10303163510","website":""}},{"type":"Feature","geometry":{"type":"Point","coordinates":[-121.0643154,39.2000008]},"properties":{"name":"Tesla Supercharger","network":"Tesla Supercharger","brand":"Tesla Supercharger","operator":"Tesla, Inc.","stalls":8,"kw_per_stall":150.0,"mw_capacity":1.2,"status":"24/7","access":"","fee":"yes","sockets":"8","voltage":"","address":"","city":"","state":"","source":"OpenStreetMap (charge-finder mirror)","osm_id":"node/10303163511","website":""}},{"type":"Feature","geometry":{"type":"Point","coordinates":[-96.963385,32.8963339]},"properties":{"name":"Tesla Destination Charger","network":"Tesla","brand":"Tesla, Inc.","operator":"","stalls":null,"kw_per_stall":null,"mw_capacity":null,"status":"unknown","access":"customers","fee":"","sockets":"","voltage":"","address":"","city":"","state":"","source":"OpenStreetMap (charge-finder mirror)","osm_id":"node/10313584537","website":""}},{"type":"Feature","geometry":{"type":"Point","coordinates":[-96.8473876,32.8263927]},"properties":{"name":"Tesla Destination Charger","network":"Tesla","brand":"Tesla, Inc.","operator":"","stalls":null,"kw_per_stall":null,"mw_capacity":null,"status":"unknown","access":"customers","fee":"","sockets":"","voltage":"","address":"","city":"","state":"","source":"OpenStreetMap (charge-finder mirror)","osm_id":"node/10313584538","website":""}},{"type":"Feature","geometry":{"type":"Point","coordinates":[-97.0658512,32.9419108]},"properties":{"name":"Tesla Supercharger","network":"Tesla Supercharger","brand":"Tesla Supercharger","operator":"Tesla, Inc.","stalls":12,"kw_per_stall":null,"mw_capacity":null,"status":"unknown","access":"yes","fee":"yes","sockets":"","voltage":"","address":"","city":"","state":"","source":"OpenStreetMap (charge-finder mirror)","osm_id":"node/10313584541","website":""}},{"type":"Feature","geometry":{"type":"Point","coordinates":[-96.8078172,32.7673429]},"properties":{"name":"Tesla Supercharger","network":"Tesla Supercharger","brand":"Tesla Supercharger","operator":"Tesla, Inc.","stalls":null,"kw_per_stall":null,"mw_capacity":null,"status":"unknown","access":"","fee":"","sockets":"","voltage":"","address":"","city":"","state":"","source":"OpenStreetMap (charge-finder mirror)","osm_id":"node/10313584559","website":""}},{"type":"Feature","geometry":{"type":"Point","coordinates":[-117.0414216,32.6291241]},"properties":{"name":"Chula Vista - Telegraph Canyon Road Supercharger","network":"Tesla Supercharger","brand":"Tesla Supercharger","operator":"Tesla, Inc.","stalls":12,"kw_per_stall":250.0,"mw_capacity":3.0,"status":"24/7","access":"customers","fee":"yes","sockets":"12","voltage":"","address":"Telegraph Canyon Road, Chula Vista","city":"Chula Vista","state":"","source":"OpenStreetMap (charge-finder mirror)","osm_id":"node/10537386020","website":"https://www.tesla.com/findus/location/supercharger/ChulaVistaCASupercharger"}},{"type":"Feature","geometry":{"type":"Point","coordinates":[-80.8781102,34.1270196]},"properties":{"name":"Columbia, SC - Town Center Place - Supercharger","network":"Tesla Supercharger","brand":"Tesla Supercharger","operator":"Tesla, Inc.","stalls":12,"kw_per_stall":null,"mw_capacity":null,"status":"24/7","access":"yes","fee":"yes","sockets":"","voltage":"","address":"Columbia, SC","city":"Columbia, SC","state":"","source":"OpenStreetMap (charge-finder mirror)","osm_id":"node/10568121204","website":"https://www.tesla.com/findus/location/supercharger/ColumbiaSCQ42022"}},{"type":"Feature","geometry":{"type":"Point","coordinates":[-80.9507243,34.1063103]},"properties":{"name":"Columbia, SC Supercharger","network":"Tesla Supercharger","brand":"Tesla Supercharger","operator":"Tesla, Inc.","stalls":8,"kw_per_stall":null,"mw_capacity":null,"status":"24/7","access":"yes","fee":"yes","sockets":"","voltage":"","address":"Columbia, SC","city":"Columbia, SC","state":"","source":"OpenStreetMap (charge-finder mirror)","osm_id":"node/10568121205","website":"https://www.tesla.com/findus/location/supercharger/columbiascsupercharger"}},{"type":"Feature","geometry":{"type":"Point","coordinates":[-81.155638,34.0729231]},"properties":{"name":"Columbia, SC - Harbison Boulevard Supercharger","network":"Tesla Supercharger","brand":"Tesla Supercharger","operator":"Tesla, Inc.","stalls":16,"kw_per_stall":null,"mw_capacity":null,"status":"24/7","access":"yes","fee":"yes","sockets":"","voltage":"","address":"Columbia, SC","city":"Columbia, SC","state":"","source":"OpenStreetMap (charge-finder mirror)","osm_id":"node/10568121206","website":"https://www.tesla.com/findus/location/supercharger/columbiascharbisonblvdsupercharger"}},{"type":"Feature","geometry":{"type":"Point","coordinates":[-84.0735412,39.7763279]},"properties":{"name":"Beavercreek Supercharger","network":"Tesla Supercharger","brand":"Tesla Supercharger","operator":"Tesla, Inc.","stalls":12,"kw_per_stall":null,"mw_capacity":null,"status":"24/7","access":"yes","fee":"yes","sockets":"","voltage":"","address":"Beavercreek, OH","city":"Beavercreek, OH","state":"","source":"OpenStreetMap (charge-finder mirror)","osm_id":"node/10568121207","website":"https://www.tesla.com/findus/location/supercharger/BeavercreekOHSupercharger"}},{"type":"Feature","geometry":{"type":"Point","coordinates":[-78.7152708,44.931057]},"properties":{"name":"Minden Supercharger","network":"Tesla Supercharger","brand":"Tesla Supercharger","operator":"Tesla, Inc.","stalls":6,"kw_per_stall":null,"mw_capacity":null,"status":"24/7","access":"yes","fee":"yes","sockets":"","voltage":"","address":"Minden, ON","city":"Minden, ON","state":"","source":"OpenStreetMap (charge-finder mirror)","osm_id":"node/10568121208","website":""}},{"type":"Feature","geometry":{"type":"Point","coordinates":[-75.5916345,41.0921684]},"properties":{"name":"Blakeslee Supercharger","network":"Tesla Supercharger","brand":"Tesla Supercharger","operator":"Tesla, Inc.","stalls":12,"kw_per_stall":null,"mw_capacity":null,"status":"24/7","access":"yes","fee":"yes","sockets":"","voltage":"","address":"Balkeslee, PA","city":"Balkeslee, PA","state":"","source":"OpenStreetMap (charge-finder mirror)","osm_id":"node/10568173609","website":""}},{"type":"Feature","geometry":{"type":"Point","coordinates":[-91.6002916,45.609516]},"properties":{"name":"Tesla Destination Charger","network":"Tesla","brand":"Tesla, Inc.","operator":"","stalls":null,"kw_per_stall":null,"mw_capacity":null,"status":"unknown","access":"permissive","fee":"no","sockets":"","voltage":"","address":"","city":"","state":"","source":"OpenStreetMap (charge-finder mirror)","osm_id":"node/10568636242","website":""}},{"type":"Feature","geometry":{"type":"Point","coordinates":[-91.5140929,45.7083411]},"properties":{"name":"Tesla Destination Charger","network":"Tesla","brand":"Tesla, Inc.","operator":"Fred Thomas Resort","stalls":null,"kw_per_stall":null,"mw_capacity":null,"status":"unknown","access":"permissive","fee":"","sockets":"","voltage":"","address":"","city":"","state":"","source":"OpenStreetMap (charge-finder mirror)","osm_id":"node/10568659107","website":""}},{"type":"Feature","geometry":{"type":"Point","coordinates":[-87.6755977,30.6336933]},"properties":{"name":"Robertsdale, AL Supercharger","network":"Tesla Supercharger","brand":"Tesla Supercharger","operator":"Tesla, Inc.","stalls":16,"kw_per_stall":250.0,"mw_capacity":4.0,"status":"24/7","access":"yes","fee":"yes","sockets":"16","voltage":"","address":"20403, Co Road 68, Robertsdale","city":"Robertsdale","state":"","source":"OpenStreetMap (charge-finder mirror)","osm_id":"node/10570044200","website":"https://www.tesla.com/findus/location/supercharger/RobertsdaleALSupercharger"}},{"type":"Feature","geometry":{"type":"Point","coordinates":[-86.772632,33.4867844]},"properties":{"name":"Mountain Brook, AL Supercharger","network":"Tesla Supercharger","brand":"Tesla Supercharger","operator":"Tesla, Inc.","stalls":8,"kw_per_stall":250.0,"mw_capacity":2.0,"status":"24/7","access":"yes","fee":"yes","sockets":"8","voltage":"","address":"1000, Jemison lane, Mountain Brook, AL","city":"Mountain Brook, AL","state":"","source":"OpenStreetMap (charge-finder mirror)","osm_id":"node/10570044201","website":"https://www.tesla.com/findus/location/supercharger/MountainBrookALSupercharger"}},{"type":"Feature","geometry":{"type":"Point","coordinates":[-86.1609274,32.3612085]},"properties":{"name":"Montgomery, AL Supercharger","network":"Tesla Supercharger","brand":"Tesla Supercharger","operator":"Tesla, Inc.","stalls":12,"kw_per_stall":250.0,"mw_capacity":3.0,"status":"24/7","access":"yes","fee":"yes","sockets":"12","voltage":"","address":"2567, Berryhill Road, Montgomery, AL","city":"Montgomery, AL","state":"","source":"OpenStreetMap (charge-finder mirror)","osm_id":"node/10570044202","website":"https://www.tesla.com/findus/location/supercharger/MontgomeryALsupercharger"}},{"type":"Feature","geometry":{"type":"Point","coordinates":[-86.6662449,34.7391792]},"properties":{"name":"Huntsville, AL Supercharger","network":"Tesla Supercharger","brand":"Tesla Supercharger","operator":"Tesla, Inc.","stalls":12,"kw_per_stall":250.0,"mw_capacity":3.0,"status":"24/7","access":"yes","fee":"yes","sockets":"12","voltage":"","address":"5909, University Dr, Huntsville","city":"Huntsville","state":"","source":"OpenStreetMap (charge-finder mirror)","osm_id":"node/10570044203","website":"https://www.tesla.com/findus/location/supercharger/HuntsvilleALSupercharger"}},{"type":"Feature","geometry":{"type":"Point","coordinates":[-87.4501473,33.1753294]},"properties":{"name":"Cottondale, AL Supercharger","network":"Tesla Supercharger","brand":"Tesla Supercharger","operator":"Tesla, Inc.","stalls":8,"kw_per_stall":250.0,"mw_capacity":2.0,"status":"24/7","access":"yes","fee":"yes","sockets":"8","voltage":"","address":"Cottondale, AL","city":"Cottondale, AL","state":"","source":"OpenStreetMap (charge-finder mirror)","osm_id":"node/10570044204","website":"https://www.tesla.com/findus/location/supercharger/tuscaloosasupercharger"}},{"type":"Feature","geometry":{"type":"Point","coordinates":[-112.0991541,33.5217219]},"properties":{"name":"Phoenix - North 19th Avenue Supercharger","network":"Tesla Supercharger","brand":"","operator":"Tesla Inc.","stalls":12,"kw_per_stall":250.0,"mw_capacity":3.0,"status":"24/7","access":"yes","fee":"yes","sockets":"12","voltage":"","address":"5715 North 19th Avenue Phoenix, AZ 85015","city":"Phoenix","state":"","source":"OpenStreetMap (charge-finder mirror)","osm_id":"node/10570194699","website":"https://www.tesla.com/findus/location/supercharger/PhoenixAZQ322"}},{"type":"Feature","geometry":{"type":"Point","coordinates":[-114.059023,35.1893974]},"properties":{"name":"Kingman, AZ - West Andy Devine Supercharger","network":"Tesla Supercharger","brand":"Tesla, Inc.","operator":"Tesla, Inc.","stalls":16,"kw_per_stall":250.0,"mw_capacity":4.0,"status":"24/7","access":"yes","fee":"yes","sockets":"16","voltage":"","address":"City of Kingman Visitor Center 120 West Andy Devine Avenue #2 Kingman, AZ 86401","city":"Kingman","state":"AZ","source":"OpenStreetMap (charge-finder mirror)","osm_id":"node/10570194700","website":"https://www.tesla.com/findus/location/supercharger/KingmanAZSupercharger2"}},{"type":"Feature","geometry":{"type":"Point","coordinates":[-111.0449016,32.3219863]},"properties":{"name":"Tucson - West River Road Supercharger","network":"Tesla Supercharger","brand":"Tesla Supercharger","operator":"Tesla, Inc.","stalls":16,"kw_per_stall":250.0,"mw_capacity":4.0,"status":"24/7","access":"yes","fee":"yes","sockets":"16","voltage":"","address":"The Marketplace at Marana 3844 West River Road Tucson , AZ 85741","city":"Tucson","state":"AZ","source":"OpenStreetMap (charge-finder mirror)","osm_id":"node/10570314870","website":"https://www.tesla.com/findus/location/supercharger/TucsonAZSupercharger2"}},{"type":"Feature","geometry":{"type":"Point","coordinates":[-111.962863,33.3806702]},"properties":{"name":"Tempe Supercharger","network":"Tesla Supercharger","brand":"Tesla, Inc.","operator":"Tesla, Inc.","stalls":14,"kw_per_stall":250.0,"mw_capacity":3.5,"status":"24/7","access":"yes","fee":"yes","sockets":"14","voltage":"","address":"Arizona Mills Mall 5000 South Arizona Mills Circle Tempe, AZ 85282","city":"Tempe","state":"AZ","source":"OpenStreetMap (charge-finder mirror)","osm_id":"node/10570314871","website":"https://www.tesla.com/findus/location/supercharger/tempeazsupercharger"}},{"type":"Feature","geometry":{"type":"Point","coordinates":[-113.9540165,32.6902087]},"properties":{"name":"Tacna Supercharger","network":"Tesla Supercharger","brand":"Tesla Supercharger","operator":"Tesla, Inc.","stalls":8,"kw_per_stall":250.0,"mw_capacity":2.0,"status":"24/7","access":"yes","fee":"yes","sockets":"8","voltage":"","address":"Tacna Shell Travel Center 9250 South Avenue 40E Tacna, AZ 95352","city":"Tacna","state":"AZ","source":"OpenStreetMap (charge-finder mirror)","osm_id":"node/10570314872","website":"https://www.tesla.com/findus/location/supercharger/tacnaazsupercharger"}},{"type":"Feature","geometry":{"type":"Point","coordinates":[-111.9229925,33.6236385]},"properties":{"name":"Scottsdale - North Scottsdale Road Supercharger","network":"Tesla Supercharger","brand":"Tesla Supercharger","operator":"Tesla, Inc.","stalls":16,"kw_per_stall":150.0,"mw_capacity":2.4,"status":"24/7","access":"yes","fee":"yes","sockets":"16","voltage":"","address":"Scottsdale Quarter 15059 N. Scottsdale Rd Scottsdale, AZ 85254-2421","city":"Scottsdale","state":"","source":"OpenStreetMap (charge-finder mirror)","osm_id":"node/10570314873","website":"https://www.tesla.com/findus/location/supercharger/scottsdaleroadsupercharger"}},{"type":"Feature","geometry":{"type":"Point","coordinates":[-111.894172,33.5834917]},"properties":{"name":"Scottsdale - East Shea Boulevard Supercharger","network":"Tesla Supercharger","brand":"Tesla, Inc.","operator":"Tesla, Inc.","stalls":16,"kw_per_stall":250.0,"mw_capacity":4.0,"status":"24/7","access":"yes","fee":"yes","sockets":"16","voltage":"","address":"Pima Crossing 8740 East Shea Boulevard Scottsdale, AZ 85260","city":"Scottsdale","state":"","source":"OpenStreetMap (charge-finder mirror)","osm_id":"node/10570314874","website":"https://www.tesla.com/findus/location/supercharger/ScottsdaleAZSupercharger3"}},{"type":"Feature","geometry":{"type":"Point","coordinates":[-111.927808,33.6566449]},"properties":{"name":"Phoenix - East Mayo Boulevard Supercharger","network":"Tesla Supercharger","brand":"Tesla, Inc.","operator":"Tesla, Inc.","stalls":20,"kw_per_stall":250.0,"mw_capacity":5.0,"status":"24/7","access":"yes","fee":"yes","sockets":"20","voltage":"","address":"Scottsdale 101 7000 E Mayo Blvd Phoenix, AZ 85054","city":"Phoenix","state":"","source":"OpenStreetMap (charge-finder mirror)","osm_id":"node/10570314875","website":"https://www.tesla.com/findus/location/supercharger/PhoenixAZsupercharger"}},{"type":"Feature","geometry":{"type":"Point","coordinates":[-114.4427079,32.6686917]},"properties":{"name":"Tesla Supercharger Yuma - South Fortuna Road","network":"Tesla Supercharger","brand":"Tesla Supercharger","operator":"Tesla, Inc.","stalls":16,"kw_per_stall":250.0,"mw_capacity":4.0,"status":"24/7","access":"yes","fee":"yes","sockets":"16","voltage":"","address":"Circle K 11235 South Fortuna Road Yuma, AZ 85367","city":"Yuma","state":"AZ","source":"OpenStreetMap (charge-finder mirror)","osm_id":"node/10571085826","website":"https://www.tesla.com/findus/location/supercharger/YumaAZQ322"}},{"type":"Feature","geometry":{"type":"Point","coordinates":[-112.1277027,35.9694472]},"properties":{"name":"Tusayan Supercharger","network":"Tesla Supercharger","brand":"Tesla Supercharger","operator":"Tesla, Inc.","stalls":12,"kw_per_stall":150.0,"mw_capacity":1.8,"status":"24/7","access":"customers","fee":"yes","sockets":"12","voltage":"","address":"The Grand Hotel 149 State Route 64 Tusayan, AZ 86023","city":"Tusayan","state":"AZ","source":"OpenStreetMap (charge-finder mirror)","osm_id":"node/10571085827","website":"https://www.tesla.com/findus/location/supercharger/tusayanazsupercharger"}},{"type":"Feature","geometry":{"type":"Point","coordinates":[-94.3561435,35.4584372]},"properties":{"name":"Van Buren Supercharger","network":"Tesla Supercharger","brand":"Tesla Supercharger","operator":"Tesla, Inc.","stalls":6,"kw_per_stall":250.0,"mw_capacity":1.5,"status":"24/7","access":"yes","fee":"yes","sockets":"6","voltage":"","address":"Van Buren, AR 500 Pointer Trail Van Buren, AR 72956","city":"Van Buren","state":"AR","source":"OpenStreetMap (charge-finder mirror)","osm_id":"node/10571153738","website":"https://www.tesla.com/findus/location/supercharger/VanBurenARsupercharger"}},{"type":"Feature","geometry":{"type":"Point","coordinates":[-93.862204,35.5241016]},"properties":{"name":"Ozark Supercharger","network":"Tesla Supercharger","brand":"Tesla Supercharger","operator":"Tesla, Inc.","stalls":8,"kw_per_stall":250.0,"mw_capacity":2.0,"status":"24/7","access":"yes","fee":"yes","sockets":"8","voltage":"","address":"Workman's Travel Center 3202 Pence Lane Ozark, AR 72949","city":"Ozark","state":"AR","source":"OpenStreetMap (charge-finder mirror)","osm_id":"node/10571153739","website":"https://www.tesla.com/findus/location/supercharger/clarksvillesupercharger"}},{"type":"Feature","geometry":{"type":"Point","coordinates":[-90.7296199,35.7974269]},"properties":{"name":"Jonesboro Supercharger","network":"Tesla Supercharger","brand":"Tesla Supercharger","operator":"Tesla, Inc.","stalls":7,"kw_per_stall":250.0,"mw_capacity":1.75,"status":"24/7","access":"yes","fee":"yes","sockets":"7","voltage":"","address":"Kum & Go 3920 Southwest Drive Jonesboro , AR 72404","city":"Jonesboro","state":"AR","source":"OpenStreetMap (charge-finder mirror)","osm_id":"node/10571153740","website":"https://www.tesla.com/findus/location/supercharger/JonesboroARSupercharger"}},{"type":"Feature","geometry":{"type":"Point","coordinates":[-91.2000284,34.9049582]},"properties":{"name":"Brinkley Supercharger","network":"Tesla Supercharger","brand":"Tesla, Inc.","operator":"Tesla, Inc.","stalls":8,"kw_per_stall":250.0,"mw_capacity":2.0,"status":"24/7","access":"yes","fee":"yes","sockets":"8","voltage":"","address":"Pine Crest Shopping Center 1401 Pinecrest Street Brinkley, AR 72021","city":"Brinkley","state":"AR","source":"OpenStreetMap (charge-finder mirror)","osm_id":"node/10571153741","website":"https://www.tesla.com/findus/location/supercharger/BrinkleyARsupercharger"}},{"type":"Feature","geometry":{"type":"Point","coordinates":[-96.8185208,32.9501746]},"properties":{"name":"Tesla Supercharger","network":"Tesla Supercharger","brand":"Tesla Supercharger","operator":"Tesla, Inc.","stalls":16,"kw_per_stall":null,"mw_capacity":null,"status":"unknown","access":"yes","fee":"yes","sockets":"","voltage":"","address":"","city":"","state":"","source":"OpenStreetMap (charge-finder mirror)","osm_id":"node/10595747310","website":""}},{"type":"Feature","geometry":{"type":"Point","coordinates":[-117.0417094,32.5452508]},"properties":{"name":"San Diego - Camino De La Plaza Supercharger","network":"Tesla Supercharger","brand":"Tesla Supercharger","operator":"Tesla, Inc.","stalls":8,"kw_per_stall":250.0,"mw_capacity":2.0,"status":"24/7","access":"customers","fee":"yes","sockets":"8","voltage":"","address":"Camino De La Plaza, San Diego","city":"San Diego","state":"","source":"OpenStreetMap (charge-finder mirror)","osm_id":"node/10595823826","website":"https://www.tesla.com/findus/location/supercharger/SanYsidroCAsupercharger"}},{"type":"Feature","geometry":{"type":"Point","coordinates":[-117.2150418,32.9213431]},"properties":{"name":"San Diego - Carmel Mountain Road","network":"Tesla Supercharger","brand":"Tesla Supercharger","operator":"Tesla, Inc.","stalls":24,"kw_per_stall":250.0,"mw_capacity":6.0,"status":"24/7","access":"customers","fee":"yes","sockets":"24","voltage":"","address":"Carmel Mountain Road, San Diego","city":"San Diego","state":"","source":"OpenStreetMap (charge-finder mirror)","osm_id":"node/10595823827","website":"https://www.tesla.com/findus/location/supercharger/sandiegocacarmelmountainrdsupercharger"}},{"type":"Feature","geometry":{"type":"Point","coordinates":[-117.1457255,32.9117062]},"properties":{"name":"San Diego - Mira Mesa Boulevard","network":"Tesla Supercharger","brand":"Tesla Supercharger","operator":"Tesla, Inc.","stalls":16,"kw_per_stall":250.0,"mw_capacity":4.0,"status":"24/7","access":"customers","fee":"yes","sockets":"16","voltage":"","address":"Mira Mesa Boulevard, San Diego","city":"San Diego","state":"","source":"OpenStreetMap (charge-finder mirror)","osm_id":"node/10595823828","website":"https://www.tesla.com/findus/location/supercharger/MiraMesaCAsupercharger"}},{"type":"Feature","geometry":{"type":"Point","coordinates":[-117.2242364,32.8708649]},"properties":{"name":"San Diego - Valet - University Center Lane Supercharger","network":"Tesla Supercharger","brand":"Tesla Supercharger","operator":"Tesla, Inc.","stalls":7,"kw_per_stall":72.0,"mw_capacity":0.504,"status":"unknown","access":"customers","fee":"yes","sockets":"7","voltage":"","address":"University Center Lane, San Diego","city":"San Diego","state":"","source":"OpenStreetMap (charge-finder mirror)","osm_id":"node/10595823829","website":"https://www.tesla.com/findus/location/supercharger/LaJollaCAsupercharger"}},{"type":"Feature","geometry":{"type":"Point","coordinates":[-117.0134819,32.7810553]},"properties":{"name":"La Mesa Supercharger","network":"Tesla Supercharger","brand":"Tesla Supercharger","operator":"Tesla, Inc.","stalls":12,"kw_per_stall":250.0,"mw_capacity":3.0,"status":"unknown","access":"customers","fee":"yes","sockets":"12","voltage":"","address":"Fletcher Parkway, La Mesa","city":"La Mesa","state":"","source":"OpenStreetMap (charge-finder mirror)","osm_id":"node/10595823830","website":"https://www.tesla.com/findus/location/supercharger/LaMesaCAsupercharger"}},{"type":"Feature","geometry":{"type":"Point","coordinates":[-117.1595228,32.8317413]},"properties":{"name":"San Diego - Clairemont Mesa Boulevard Supercharger","network":"Tesla Supercharger","brand":"Tesla Supercharger","operator":"Tesla, Inc.","stalls":12,"kw_per_stall":250.0,"mw_capacity":3.0,"status":"unknown","access":"customers","fee":"yes","sockets":"12","voltage":"","address":"Clairemont Mesa Boulevard, San Diego","city":"San Diego","state":"","source":"OpenStreetMap (charge-finder mirror)","osm_id":"node/10595823831","website":"https://www.tesla.com/findus/location/supercharger/SanDiegoCAQ322"}},{"type":"Feature","geometry":{"type":"Point","coordinates":[-117.179722,32.8196873]},"properties":{"name":"San Diego - Balboa Ave Supercharger","network":"Tesla Supercharger","brand":"Tesla, Inc.","operator":"Tesla, Inc.","stalls":16,"kw_per_stall":250.0,"mw_capacity":4.0,"status":"unknown","access":"customers","fee":"yes","sockets":"16","voltage":"","address":"Balboa Mesa 5617 Balboa Avenue San Diego, CA 92111","city":"San Diego","state":"","source":"OpenStreetMap (charge-finder mirror)","osm_id":"node/10595823832","website":"https://www.tesla.com/findus/location/supercharger/SanDiegoCAMissionValleysupercharger"}},{"type":"Feature","geometry":{"type":"Point","coordinates":[-117.1560882,32.7772543]},"properties":{"name":"San Diego - Mission Center Road Supercharger","network":"Tesla Supercharger","brand":"Tesla Supercharger","operator":"Tesla, Inc.","stalls":10,"kw_per_stall":250.0,"mw_capacity":2.5,"status":"unknown","access":"customers","fee":"yes","sockets":"10","voltage":"","address":"Mission Center Road, San Diego","city":"San Diego","state":"","source":"OpenStreetMap (charge-finder mirror)","osm_id":"node/10595823833","website":"https://www.tesla.com/findus/location/supercharger/SanDiegoCAMissionValleysupercharger"}},{"type":"Feature","geometry":{"type":"Point","coordinates":[-117.1595523,32.719216]},"properties":{"name":"San Diego - A Street Supercharger","network":"Tesla Supercharger","brand":"Tesla Supercharger","operator":"Tesla, Inc.","stalls":16,"kw_per_stall":72.0,"mw_capacity":1.152,"status":"24/7","access":"customers","fee":"yes","sockets":"16","voltage":"","address":"6th Avenue, San Diego","city":"San Diego","state":"","source":"OpenStreetMap (charge-finder mirror)","osm_id":"node/10595823834","website":"https://www.tesla.com/findus/location/supercharger/sandiegosupercharger"}},{"type":"Feature","geometry":{"type":"Point","coordinates":[-116.967651,32.6492446]},"properties":{"name":"Chula Vista Supercharger","network":"Tesla Supercharger","brand":"Tesla Supercharger","operator":"Tesla, Inc.","stalls":16,"kw_per_stall":250.0,"mw_capacity":4.0,"status":"24/7","access":"customers","fee":"yes","sockets":"16","voltage":"","address":"Eastlake Parkway, Chula Vista","city":"Chula Vista","state":"","source":"OpenStreetMap (charge-finder mirror)","osm_id":"node/10595823835","website":"https://www.tesla.com/findus/location/supercharger/chulavistacaliforniasupercharger"}},{"type":"Feature","geometry":{"type":"Point","coordinates":[-117.000312,33.9473006]},"properties":{"name":"Tesla Supercharger","network":"Tesla Supercharger","brand":"Tesla Supercharger","operator":"Tesla, Inc.","stalls":24,"kw_per_stall":250.0,"mw_capacity":6.0,"status":"24/7","access":"customers","fee":"yes","sockets":"24","voltage":"","address":"1815, Oak Valley Village Cir, Beaumont","city":"Beaumont","state":"","source":"OpenStreetMap (charge-finder mirror)","osm_id":"node/10595917826","website":""}},{"type":"Feature","geometry":{"type":"Point","coordinates":[-116.803286,33.9235695]},"properties":{"name":"Tesla Supercharger","network":"Tesla Supercharger","brand":"Tesla Supercharger","operator":"Tesla, Inc.","stalls":12,"kw_per_stall":250.0,"mw_capacity":3.0,"status":"24/7","access":"customers","fee":"yes","sockets":"12","voltage":"","address":"Morongo Trail, Cabazon","city":"Cabazon","state":"","source":"OpenStreetMap (charge-finder mirror)","osm_id":"node/10595917827","website":"https://www.tesla.com/findus/location/supercharger/CabazonCASupercharger2"}},{"type":"Feature","geometry":{"type":"Point","coordinates":[-116.5481508,33.8250209]},"properties":{"name":"Palm Springs Supercharger","network":"Tesla Supercharger","brand":"Tesla Supercharger","operator":"Tesla, Inc.","stalls":24,"kw_per_stall":72.0,"mw_capacity":1.728,"status":"24/7","access":"customers","fee":"yes","sockets":"12","voltage":"","address":"North Museum Drive, Palm Springs","city":"Palm Springs","state":"","source":"OpenStreetMap (charge-finder mirror)","osm_id":"node/10595917828","website":"https://www.tesla.com/findus/location/supercharger/palmspinrgscaliforniasupercharger"}},{"type":"Feature","geometry":{"type":"Point","coordinates":[-116.4097703,33.7414965]},"properties":{"name":"Rancho Mirage Supercharger","network":"Tesla Supercharger","brand":"Tesla Supercharger","operator":"Tesla, Inc.","stalls":24,"kw_per_stall":72.0,"mw_capacity":1.728,"status":"24/7","access":"customers","fee":"yes","sockets":"24","voltage":"","address":"CA-111, Rancho Mirage","city":"Rancho Mirage","state":"","source":"OpenStreetMap (charge-finder mirror)","osm_id":"node/10595917829","website":"https://www.tesla.com/findus/location/supercharger/chulavistacaliforniasupercharger"}},{"type":"Feature","geometry":{"type":"Point","coordinates":[-116.215056,33.7412467]},"properties":{"name":"Indio Supercharger","network":"Tesla Supercharger","brand":"Tesla Supercharger","operator":"Tesla, Inc.","stalls":10,"kw_per_stall":72.0,"mw_capacity":0.72,"status":"24/7","access":"customers","fee":"yes","sockets":"2","voltage":"","address":"Jackson Street, Indio","city":"Indio","state":"","source":"OpenStreetMap (charge-finder mirror)","osm_id":"node/10595917830","website":"https://www.tesla.com/findus/location/supercharger/chulavistacaliforniasupercharger"}},{"type":"Feature","geometry":{"type":"Point","coordinates":[-115.5324438,32.7608432]},"properties":{"name":"El Centro Supercharger","network":"Tesla Supercharger","brand":"Tesla Supercharger","operator":"Tesla, Inc.","stalls":12,"kw_per_stall":72.0,"mw_capacity":0.864,"status":"24/7","access":"customers","fee":"yes","sockets":"4","voltage":"","address":"S Dogwood Rd, El Centro","city":"El Centro","state":"","source":"OpenStreetMap (charge-finder mirror)","osm_id":"node/10595917831","website":"https://www.tesla.com/findus/location/supercharger/chulavistacaliforniasupercharger"}},{"type":"Feature","geometry":{"type":"Point","coordinates":[-115.5503529,32.7731284]},"properties":{"name":"El Centro \u2013 Wake Avenue","network":"Tesla Supercharger","brand":"Tesla Supercharger","operator":"Tesla, Inc.","stalls":8,"kw_per_stall":250.0,"mw_capacity":2.0,"status":"24/7","access":"customers","fee":"yes","sockets":"16","voltage":"","address":"Wake Avenue, El Centro","city":"El Centro","state":"","source":"OpenStreetMap (charge-finder mirror)","osm_id":"node/10595917832","website":"https://www.tesla.com/findus/location/supercharger/chulavistacaliforniasupercharger"}},{"type":"Feature","geometry":{"type":"Point","coordinates":[-116.6744077,33.1092378]},"properties":{"name":"Santa Ysabel Supercharger","network":"Tesla Supercharger","brand":"Tesla Supercharger","operator":"Tesla, Inc.","stalls":8,"kw_per_stall":250.0,"mw_capacity":2.0,"status":"24/7","access":"customers","fee":"yes","sockets":"8","voltage":"","address":"CA-78, Santa Ysabel","city":"Santa Ysabel","state":"","source":"OpenStreetMap (charge-finder mirror)","osm_id":"node/10596598581","website":"https://www.tesla.com/findus/location/supercharger/SantaYsabelCAsupercharger"}},{"type":"Feature","geometry":{"type":"Point","coordinates":[-117.1293231,33.4750998]},"properties":{"name":"Temecula - Temecula Parkway Supercharger","network":"Tesla Supercharger","brand":"Tesla Supercharger","operator":"Tesla, Inc.","stalls":8,"kw_per_stall":250.0,"mw_capacity":2.0,"status":"24/7","access":"customers","fee":"yes","sockets":"8","voltage":"","address":"30515, Temecula Parkway, Temecula","city":"Temecula","state":"","source":"OpenStreetMap (charge-finder mirror)","osm_id":"node/10596598582","website":"https://www.tesla.com/findus/location/supercharger/SouthTemeculaCAsupercharger"}},{"type":"Feature","geometry":{"type":"Point","coordinates":[-117.2944164,33.6593775]},"properties":{"name":"Lake Elsinore - Grape Street Supercharger","network":"Tesla Supercharger","brand":"Tesla Supercharger","operator":"Tesla, Inc.","stalls":16,"kw_per_stall":250.0,"mw_capacity":4.0,"status":"24/7","access":"customers","fee":"yes","sockets":"16","voltage":"","address":"31500, Grape Street, Lake Elsinore","city":"Lake Elsinore","state":"","source":"OpenStreetMap (charge-finder mirror)","osm_id":"node/10596598583","website":"https://www.tesla.com/findus/location/supercharger/LakeElsinoreCAQ322"}},{"type":"Feature","geometry":{"type":"Point","coordinates":[-117.6500854,34.0662875]},"properties":{"name":"Ontario Supercharger","network":"Tesla Supercharger","brand":"Tesla Supercharger","operator":"Tesla, Inc.","stalls":8,"kw_per_stall":250.0,"mw_capacity":2.0,"status":"24/7","access":"customers","fee":"yes","sockets":"8","voltage":"","address":"155, E C Street, Ontario","city":"Ontario","state":"","source":"OpenStreetMap (charge-finder mirror)","osm_id":"node/10596598584","website":"https://www.tesla.com/findus/location/supercharger/ontariocaliforniasupercharger"}},{"type":"Feature","geometry":{"type":"Point","coordinates":[-117.1852241,34.0594586]},"properties":{"name":"Tesla Supercharger","network":"Tesla Supercharger","brand":"Tesla Supercharger","operator":"Tesla, Inc.","stalls":20,"kw_per_stall":250.0,"mw_capacity":5.0,"status":"24/7","access":"customers","fee":"yes","sockets":"20","voltage":"","address":"205, West Stuart Avenue, Redlands","city":"Redlands","state":"","source":"OpenStreetMap (charge-finder mirror)","osm_id":"node/10596598585","website":"https://www.tesla.com/findus/location/supercharger/RedlandsCAsupercharger"}},{"type":"Feature","geometry":{"type":"Point","coordinates":[-117.8166559,33.7111533]},"properties":{"name":"Tustin Supercharger","network":"Tesla Supercharger","brand":"Tesla Supercharger","operator":"Tesla, Inc.","stalls":8,"kw_per_stall":250.0,"mw_capacity":2.0,"status":"24/7","access":"customers","fee":"yes","sockets":"8","voltage":"","address":"15160, Kensington Park Drive, Tustin","city":"Tustin","state":"","source":"OpenStreetMap (charge-finder mirror)","osm_id":"node/10596729206","website":"https://www.tesla.com/findus/location/supercharger/tustincaliforniasupercharger"}},{"type":"Feature","geometry":{"type":"Point","coordinates":[-117.8369442,33.7043066]},"properties":{"name":"Tustin - Flight Way Supercharger","network":"Tesla Supercharger","brand":"Tesla Supercharger","operator":"Tesla, Inc.","stalls":12,"kw_per_stall":250.0,"mw_capacity":3.0,"status":"24/7","access":"customers","fee":"yes","sockets":"12","voltage":"","address":"1705, Flight Way, Tustin","city":"Tustin","state":"","source":"OpenStreetMap (charge-finder mirror)","osm_id":"node/10596729207","website":"https://www.tesla.com/findus/location/supercharger/MissionViejoCAQ42022"}},{"type":"Feature","geometry":{"type":"Point","coordinates":[-117.8518908,33.6846092]},"properties":{"name":"Irvine - Main Street Supercharger","network":"Tesla Supercharger","brand":"Tesla Supercharger","operator":"Tesla, Inc.","stalls":24,"kw_per_stall":72.0,"mw_capacity":1.728,"status":"24/7","access":"customers","fee":"yes","sockets":"24","voltage":"","address":"1920, Main Street, Irvine","city":"Irvine","state":"","source":"OpenStreetMap (charge-finder mirror)","osm_id":"node/10596729208","website":"https://www.tesla.com/findus/location/supercharger/irvinecamainstreetsupercharger"}},{"type":"Feature","geometry":{"type":"Point","coordinates":[-117.8445724,33.6730886]},"properties":{"name":"Irvine - Michelson Drive Supercharger","network":"Tesla Supercharger","brand":"Tesla Supercharger","operator":"Tesla, Inc.","stalls":12,"kw_per_stall":72.0,"mw_capacity":0.864,"status":"24/7","access":"customers","fee":"yes","sockets":"12","voltage":"","address":"3021, Michelson Drive, Irvine","city":"Irvine","state":"","source":"OpenStreetMap (charge-finder mirror)","osm_id":"node/10596729209","website":"https://www.tesla.com/findus/location/supercharger/MissionViejoCAQ42022"}},{"type":"Feature","geometry":{"type":"Point","coordinates":[-117.6718515,33.5609304]},"properties":{"name":"Mission Viejo - Crown Valley Parkway Supercharger","network":"Tesla Supercharger","brand":"Tesla Supercharger","operator":"Tesla, Inc.","stalls":8,"kw_per_stall":72.0,"mw_capacity":0.576,"status":"24/7","access":"customers","fee":"yes","sockets":"8","voltage":"","address":"27741, Crown Valley Parkway, Mission Viejo","city":"Mission Viejo","state":"","source":"OpenStreetMap (charge-finder mirror)","osm_id":"node/10596729210","website":"https://www.tesla.com/findus/location/supercharger/MissionViejoCAQ42022"}},{"type":"Feature","geometry":{"type":"Point","coordinates":[-117.6680616,33.5572994]},"properties":{"name":"Mission Viejo Supercharger","network":"Tesla Supercharger","brand":"Tesla Supercharger","operator":"Tesla, Inc.","stalls":10,"kw_per_stall":72.0,"mw_capacity":0.72,"status":"24/7","access":"customers","fee":"yes","sockets":"10","voltage":"","address":"555, The Shops at Mission Viejo, Mission Viejo","city":"Mission Viejo","state":"","source":"OpenStreetMap (charge-finder mirror)","osm_id":"node/10596729211","website":"https://www.tesla.com/findus/location/supercharger/sanjuancapistranosupercharger"}},{"type":"Feature","geometry":{"type":"Point","coordinates":[-117.6631022,33.4984473]},"properties":{"name":"San Juan Capistrano Supercharger","network":"Tesla Supercharger","brand":"Tesla Supercharger","operator":"Tesla, Inc.","stalls":7,"kw_per_stall":150.0,"mw_capacity":1.05,"status":"24/7","access":"customers","fee":"yes","sockets":"7","voltage":"","address":"31971, Camino Capistrano, San Juan Capistrano","city":"San Juan Capistrano","state":"","source":"OpenStreetMap (charge-finder mirror)","osm_id":"node/10596729212","website":"https://www.tesla.com/findus/location/supercharger/sanjuancapistranosupercharger"}},{"type":"Feature","geometry":{"type":"Point","coordinates":[-122.8097088,45.5010067]},"properties":{"name":"Tesla Supercharger","network":"Tesla Supercharger","brand":"Tesla Supercharger","operator":"Tesla, Inc.","stalls":12,"kw_per_stall":250.0,"mw_capacity":3.0,"status":"unknown","access":"yes","fee":"","sockets":"","voltage":"","address":"","city":"","state":"","source":"OpenStreetMap (charge-finder mirror)","osm_id":"node/10600276053","website":""}},{"type":"Feature","geometry":{"type":"Point","coordinates":[-77.0107183,38.8953047]},"properties":{"name":"Tesla Destination Charger","network":"Tesla","brand":"Tesla, Inc.","operator":"","stalls":null,"kw_per_stall":null,"mw_capacity":null,"status":"unknown","access":"","fee":"","sockets":"","voltage":"","address":"","city":"","state":"","source":"OpenStreetMap (charge-finder mirror)","osm_id":"node/10612934424","website":""}},{"type":"Feature","geometry":{"type":"Point","coordinates":[-77.0112959,38.8950682]},"properties":{"name":"Tesla Destination Charger","network":"Tesla","brand":"Tesla, Inc.","operator":"","stalls":null,"kw_per_stall":null,"mw_capacity":null,"status":"unknown","access":"","fee":"","sockets":"","voltage":"","address":"","city":"","state":"","source":"OpenStreetMap (charge-finder mirror)","osm_id":"node/10612934425","website":""}},{"type":"Feature","geometry":{"type":"Point","coordinates":[-77.010046,38.8964125]},"properties":{"name":"Tesla Destination Charger","network":"Tesla","brand":"Tesla, Inc.","operator":"","stalls":null,"kw_per_stall":null,"mw_capacity":null,"status":"unknown","access":"","fee":"","sockets":"","voltage":"","address":"","city":"","state":"","source":"OpenStreetMap (charge-finder mirror)","osm_id":"node/10612934426","website":""}},{"type":"Feature","geometry":{"type":"Point","coordinates":[-111.5134668,40.6622522]},"properties":{"name":"Tesla Destination Charger","network":"Tesla","brand":"Tesla, Inc.","operator":"","stalls":null,"kw_per_stall":null,"mw_capacity":null,"status":"unknown","access":"","fee":"","sockets":"","voltage":"","address":"","city":"","state":"","source":"OpenStreetMap (charge-finder mirror)","osm_id":"node/10613010707","website":""}},{"type":"Feature","geometry":{"type":"Point","coordinates":[-121.9647162,49.1416481]},"properties":{"name":"Tesla Supercharger","network":"Tesla Supercharger","brand":"Tesla Supercharger","operator":"Tesla, Inc.","stalls":12,"kw_per_stall":null,"mw_capacity":null,"status":"unknown","access":"","fee":"","sockets":"","voltage":"","address":"","city":"","state":"","source":"OpenStreetMap (charge-finder mirror)","osm_id":"node/10656384289","website":""}},{"type":"Feature","geometry":{"type":"Point","coordinates":[-99.5265798,32.4173885]},"properties":{"name":"Tesla Supercharger","network":"Tesla Supercharger","brand":"Tesla Supercharger","operator":"Tesla, Inc.","stalls":20,"kw_per_stall":null,"mw_capacity":null,"status":"unknown","access":"yes","fee":"yes","sockets":"","voltage":"","address":"","city":"","state":"","source":"OpenStreetMap (charge-finder mirror)","osm_id":"node/10672567879","website":""}},{"type":"Feature","geometry":{"type":"Point","coordinates":[-123.0632134,44.2798832]},"properties":{"name":"Tesla Supercharger","network":"Tesla Supercharger","brand":"Tesla Supercharger","operator":"Tesla, Inc.","stalls":8,"kw_per_stall":250.0,"mw_capacity":2.0,"status":"24/7","access":"","fee":"","sockets":"8","voltage":"","address":"","city":"","state":"","source":"OpenStreetMap (charge-finder mirror)","osm_id":"node/10705794373","website":""}},{"type":"Feature","geometry":{"type":"Point","coordinates":[-76.353727,39.568635]},"properties":{"name":"Tesla Supercharger","network":"Tesla Supercharger","brand":"Tesla Supercharger","operator":"Tesla, Inc.","stalls":8,"kw_per_stall":null,"mw_capacity":null,"status":"unknown","access":"","fee":"","sockets":"","voltage":"","address":"","city":"","state":"","source":"OpenStreetMap (charge-finder mirror)","osm_id":"node/10711310117","website":""}},{"type":"Feature","geometry":{"type":"Point","coordinates":[-114.594888,34.8257062]},"properties":{"name":"Tesla SuperCharger - Needles, Ca - East Broadway Street","network":"Tesla Supercharger","brand":"Tesla Supercharger","operator":"Tesla, Inc.","stalls":null,"kw_per_stall":null,"mw_capacity":null,"status":"unknown","access":"","fee":"yes","sockets":"","voltage":"","address":"1004, East Broadway Street, Needles, CA","city":"Needles","state":"CA","source":"OpenStreetMap (charge-finder mirror)","osm_id":"node/10720347574","website":"https://www.tesla.com/findus?v=2&bounds=34.82730668319107%2C-114.59462518961224%2C34.82441351446759%2C-114.59818716318402&zoom=18&filters=store%2Cservice%2Csupercharger%2Cdestination%20charger%2Cbodyshop%2Cparty&search=Needles%2C%20CA%2092363%2C%20USA&loc"}},{"type":"Feature","geometry":{"type":"Point","coordinates":[-117.7057454,33.6293653]},"properties":{"name":"Tesla Supercharger","network":"Tesla Supercharger","brand":"Tesla Supercharger","operator":"Tesla, Inc.","stalls":24,"kw_per_stall":null,"mw_capacity":null,"status":"24/7","access":"","fee":"yes","sockets":"24","voltage":"","address":"24301, Muirlands Boulevard, Lake Forest, CA","city":"Lake Forest","state":"CA","source":"OpenStreetMap (charge-finder mirror)","osm_id":"node/10740183073","website":""}},{"type":"Feature","geometry":{"type":"Point","coordinates":[-96.850282,33.0820906]},"properties":{"name":"Plano, TX - West Spring Creek Parkway Supercharger","network":"Tesla Supercharger","brand":"Tesla Supercharger","operator":"Tesla, Inc.","stalls":8,"kw_per_stall":null,"mw_capacity":null,"status":"unknown","access":"yes","fee":"yes","sockets":"","voltage":"","address":"","city":"","state":"","source":"OpenStreetMap (charge-finder mirror)","osm_id":"node/10746339637","website":""}},{"type":"Feature","geometry":{"type":"Point","coordinates":[-96.8196916,33.0786567]},"properties":{"name":"Plano, TX Supercharger","network":"Tesla Supercharger","brand":"Tesla Supercharger","operator":"Tesla, Inc.","stalls":12,"kw_per_stall":null,"mw_capacity":null,"status":"unknown","access":"yes","fee":"yes","sockets":"","voltage":"","address":"","city":"","state":"","source":"OpenStreetMap (charge-finder mirror)","osm_id":"node/10746519186","website":""}},{"type":"Feature","geometry":{"type":"Point","coordinates":[-96.8088381,33.1026224]},"properties":{"name":"Frisco, TX - Preston Road Supercharger","network":"Tesla Supercharger","brand":"Tesla Supercharger","operator":"Tesla, Inc.","stalls":12,"kw_per_stall":null,"mw_capacity":null,"status":"unknown","access":"yes","fee":"yes","sockets":"","voltage":"","address":"","city":"","state":"","source":"OpenStreetMap (charge-finder mirror)","osm_id":"node/10746519202","website":""}},{"type":"Feature","geometry":{"type":"Point","coordinates":[-96.8308522,33.0559346]},"properties":{"name":"Tesla Supercharger","network":"Tesla Supercharger","brand":"Tesla Supercharger","operator":"Tesla, Inc.","stalls":12,"kw_per_stall":null,"mw_capacity":null,"status":"unknown","access":"yes","fee":"","sockets":"","voltage":"","address":"","city":"","state":"","source":"OpenStreetMap (charge-finder mirror)","osm_id":"node/10746557985","website":""}},{"type":"Feature","geometry":{"type":"Point","coordinates":[-111.8924574,33.6140007]},"properties":{"name":"Tesla Destination Charger","network":"Tesla","brand":"Tesla, Inc.","operator":"","stalls":null,"kw_per_stall":null,"mw_capacity":null,"status":"unknown","access":"","fee":"","sockets":"","voltage":"","address":"","city":"","state":"","source":"OpenStreetMap (charge-finder mirror)","osm_id":"node/10762246903","website":""}},{"type":"Feature","geometry":{"type":"Point","coordinates":[-122.5685813,45.5780179]},"properties":{"name":"Tesla Destination Charger","network":"Tesla","brand":"Tesla, Inc.","operator":"Holiday Inn Express & Suites Portland Airport - Cascade Station","stalls":2,"kw_per_stall":null,"mw_capacity":null,"status":"unknown","access":"customers","fee":"","sockets":"","voltage":"","address":"","city":"","state":"","source":"OpenStreetMap (charge-finder mirror)","osm_id":"node/10769592677","website":""}},{"type":"Feature","geometry":{"type":"Point","coordinates":[-122.5686134,45.5779766]},"properties":{"name":"Tesla Destination Charger","network":"Tesla","brand":"Tesla, Inc.","operator":"Holiday Inn Express & Suites Portland Airport - Cascade Station","stalls":2,"kw_per_stall":null,"mw_capacity":null,"status":"unknown","access":"customers","fee":"","sockets":"","voltage":"","address":"","city":"","state":"","source":"OpenStreetMap (charge-finder mirror)","osm_id":"node/10769592678","website":""}},{"type":"Feature","geometry":{"type":"Point","coordinates":[-87.5519995,38.1597551]},"properties":{"name":"Tesla Supercharger","network":"Tesla Supercharger","brand":"Tesla Supercharger","operator":"Tesla, Inc.","stalls":null,"kw_per_stall":null,"mw_capacity":null,"status":"unknown","access":"","fee":"","sockets":"","voltage":"","address":"","city":"","state":"","source":"OpenStreetMap (charge-finder mirror)","osm_id":"node/10776451102","website":""}},{"type":"Feature","geometry":{"type":"Point","coordinates":[-83.8021614,42.2863829]},"properties":{"name":"Tesla Supercharger","network":"Tesla Supercharger","brand":"Tesla Supercharger","operator":"Tesla, Inc.","stalls":2,"kw_per_stall":null,"mw_capacity":null,"status":"unknown","access":"","fee":"","sockets":"","voltage":"","address":"","city":"","state":"","source":"OpenStreetMap (charge-finder mirror)","osm_id":"node/10776660985","website":""}},{"type":"Feature","geometry":{"type":"Point","coordinates":[-123.006504,44.9211477]},"properties":{"name":"Tesla Supercharger","network":"Tesla Supercharger","brand":"Tesla Supercharger","operator":"Tesla, Inc.","stalls":6,"kw_per_stall":null,"mw_capacity":null,"status":"unknown","access":"","fee":"","sockets":"6","voltage":"","address":"","city":"","state":"","source":"OpenStreetMap (charge-finder mirror)","osm_id":"node/10791111347","website":""}},{"type":"Feature","geometry":{"type":"Point","coordinates":[-88.3355673,42.0126544]},"properties":{"name":"Tesla Supercharger","network":"Tesla Supercharger","brand":"Tesla Supercharger","operator":"Tesla, Inc.","stalls":null,"kw_per_stall":null,"mw_capacity":null,"status":"unknown","access":"","fee":"","sockets":"","voltage":"","address":"","city":"","state":"","source":"OpenStreetMap (charge-finder mirror)","osm_id":"node/10800108587","website":""}},{"type":"Feature","geometry":{"type":"Point","coordinates":[-75.7293473,39.6426242]},"properties":{"name":"Tesla Supercharger","network":"Tesla Supercharger","brand":"Tesla Supercharger","operator":"Tesla, Inc.","stalls":null,"kw_per_stall":null,"mw_capacity":null,"status":"unknown","access":"","fee":"","sockets":"","voltage":"","address":"","city":"","state":"","source":"OpenStreetMap (charge-finder mirror)","osm_id":"node/10803405330","website":""}},{"type":"Feature","geometry":{"type":"Point","coordinates":[-75.7206876,39.4796956]},"properties":{"name":"Tesla Supercharger","network":"Tesla Supercharger","brand":"Tesla Supercharger","operator":"Tesla, Inc.","stalls":null,"kw_per_stall":null,"mw_capacity":null,"status":"unknown","access":"","fee":"","sockets":"","voltage":"","address":"","city":"","state":"","source":"OpenStreetMap (charge-finder mirror)","osm_id":"node/10803405331","website":""}},{"type":"Feature","geometry":{"type":"Point","coordinates":[-97.0737775,32.9412629]},"properties":{"name":"Tesla Supercharger","network":"Tesla Supercharger","brand":"Tesla Supercharger","operator":"Tesla, Inc.","stalls":8,"kw_per_stall":null,"mw_capacity":null,"status":"unknown","access":"yes","fee":"","sockets":"","voltage":"","address":"","city":"","state":"","source":"OpenStreetMap (charge-finder mirror)","osm_id":"node/10809837299","website":""}},{"type":"Feature","geometry":{"type":"Point","coordinates":[-97.0745309,32.8808312]},"properties":{"name":"Tesla Supercharger","network":"Tesla Supercharger","brand":"Tesla Supercharger","operator":"Tesla, Inc.","stalls":12,"kw_per_stall":null,"mw_capacity":null,"status":"unknown","access":"","fee":"","sockets":"","voltage":"","address":"","city":"","state":"","source":"OpenStreetMap (charge-finder mirror)","osm_id":"node/10809897873","website":""}},{"type":"Feature","geometry":{"type":"Point","coordinates":[-77.1500012,39.0868591]},"properties":{"name":"Tesla Supercharger","network":"Tesla Supercharger","brand":"Tesla Supercharger","operator":"Tesla, Inc.","stalls":null,"kw_per_stall":null,"mw_capacity":null,"status":"unknown","access":"","fee":"","sockets":"","voltage":"","address":"","city":"","state":"","source":"OpenStreetMap (charge-finder mirror)","osm_id":"node/10814489828","website":""}},{"type":"Feature","geometry":{"type":"Point","coordinates":[-77.1168173,39.0505554]},"properties":{"name":"Tesla Supercharger","network":"Tesla Supercharger","brand":"Tesla Supercharger","operator":"Tesla, Inc.","stalls":null,"kw_per_stall":null,"mw_capacity":null,"status":"unknown","access":"","fee":"","sockets":"","voltage":"","address":"","city":"","state":"","source":"OpenStreetMap (charge-finder mirror)","osm_id":"node/10814489829","website":""}},{"type":"Feature","geometry":{"type":"Point","coordinates":[-77.075788,38.9960788]},"properties":{"name":"Tesla Supercharger","network":"Tesla Supercharger","brand":"Tesla Supercharger","operator":"Tesla, Inc.","stalls":null,"kw_per_stall":null,"mw_capacity":null,"status":"unknown","access":"","fee":"","sockets":"","voltage":"","address":"","city":"","state":"","source":"OpenStreetMap (charge-finder mirror)","osm_id":"node/10814489830","website":""}},{"type":"Feature","geometry":{"type":"Point","coordinates":[-77.0982517,38.9819197]},"properties":{"name":"Tesla Supercharger","network":"Tesla Supercharger","brand":"Tesla Supercharger","operator":"Tesla, Inc.","stalls":null,"kw_per_stall":null,"mw_capacity":null,"status":"unknown","access":"","fee":"","sockets":"","voltage":"","address":"","city":"","state":"","source":"OpenStreetMap (charge-finder mirror)","osm_id":"node/10814489831","website":""}},{"type":"Feature","geometry":{"type":"Point","coordinates":[-77.2225865,39.1584969]},"properties":{"name":"Tesla Supercharger","network":"Tesla Supercharger","brand":"Tesla Supercharger","operator":"Tesla, Inc.","stalls":null,"kw_per_stall":null,"mw_capacity":null,"status":"unknown","access":"","fee":"","sockets":"","voltage":"","address":"","city":"","state":"","source":"OpenStreetMap (charge-finder mirror)","osm_id":"node/10814489832","website":""}},{"type":"Feature","geometry":{"type":"Point","coordinates":[-77.0676398,38.9160022]},"properties":{"name":"Tesla Supercharger","network":"Tesla Supercharger","brand":"Tesla Supercharger","operator":"Tesla, Inc.","stalls":null,"kw_per_stall":null,"mw_capacity":null,"status":"unknown","access":"","fee":"","sockets":"","voltage":"","address":"","city":"","state":"","source":"OpenStreetMap (charge-finder mirror)","osm_id":"node/10814489833","website":""}},{"type":"Feature","geometry":{"type":"Point","coordinates":[-77.2035072,38.9023346]},"properties":{"name":"Tesla Supercharger","network":"Tesla Supercharger","brand":"Tesla Supercharger","operator":"Tesla, Inc.","stalls":null,"kw_per_stall":null,"mw_capacity":null,"status":"unknown","access":"","fee":"","sockets":"","voltage":"","address":"","city":"","state":"","source":"OpenStreetMap (charge-finder mirror)","osm_id":"node/10814489834","website":""}},{"type":"Feature","geometry":{"type":"Point","coordinates":[-77.2743649,38.8953485]},"properties":{"name":"Tesla Supercharger","network":"Tesla Supercharger","brand":"Tesla Supercharger","operator":"Tesla, Inc.","stalls":null,"kw_per_stall":null,"mw_capacity":null,"status":"unknown","access":"","fee":"","sockets":"","voltage":"","address":"","city":"","state":"","source":"OpenStreetMap (charge-finder mirror)","osm_id":"node/10814489835","website":""}},{"type":"Feature","geometry":{"type":"Point","coordinates":[-77.2800884,38.8643771]},"properties":{"name":"Tesla Supercharger","network":"Tesla Supercharger","brand":"Tesla Supercharger","operator":"Tesla, Inc.","stalls":null,"kw_per_stall":null,"mw_capacity":null,"status":"unknown","access":"","fee":"","sockets":"","voltage":"","address":"","city":"","state":"","source":"OpenStreetMap (charge-finder mirror)","osm_id":"node/10814489836","website":""}},{"type":"Feature","geometry":{"type":"Point","coordinates":[-76.2552173,40.0531531]},"properties":{"name":"Tesla Supercharger","network":"Tesla Supercharger","brand":"Tesla Supercharger","operator":"Tesla, Inc.","stalls":null,"kw_per_stall":null,"mw_capacity":null,"status":"unknown","access":"","fee":"","sockets":"","voltage":"","address":"","city":"","state":"","source":"OpenStreetMap (charge-finder mirror)","osm_id":"node/10817496110","website":""}},{"type":"Feature","geometry":{"type":"Point","coordinates":[-76.1538785,40.1636149]},"properties":{"name":"Tesla Supercharger","network":"Tesla Supercharger","brand":"Tesla Supercharger","operator":"Tesla, Inc.","stalls":null,"kw_per_stall":null,"mw_capacity":null,"status":"unknown","access":"","fee":"","sockets":"","voltage":"","address":"","city":"","state":"","source":"OpenStreetMap (charge-finder mirror)","osm_id":"node/10817496111","website":""}},{"type":"Feature","geometry":{"type":"Point","coordinates":[-76.7009096,39.9104581]},"properties":{"name":"Tesla Supercharger","network":"Tesla Supercharger","brand":"Tesla Supercharger","operator":"Tesla, Inc.","stalls":4,"kw_per_stall":null,"mw_capacity":null,"status":"unknown","access":"","fee":"","sockets":"","voltage":"","address":"","city":"","state":"","source":"OpenStreetMap (charge-finder mirror)","osm_id":"node/10817496112","website":""}},{"type":"Feature","geometry":{"type":"Point","coordinates":[-77.1192014,40.2332475]},"properties":{"name":"Tesla Supercharger","network":"Tesla Supercharger","brand":"Tesla Supercharger","operator":"Tesla, Inc.","stalls":null,"kw_per_stall":null,"mw_capacity":null,"status":"unknown","access":"","fee":"","sockets":"","voltage":"","address":"","city":"","state":"","source":"OpenStreetMap (charge-finder mirror)","osm_id":"node/10817496113","website":""}},{"type":"Feature","geometry":{"type":"Point","coordinates":[-76.9921888,40.1944315]},"properties":{"name":"Tesla Supercharger","network":"Tesla Supercharger","brand":"Tesla Supercharger","operator":"Tesla, Inc.","stalls":null,"kw_per_stall":null,"mw_capacity":null,"status":"unknown","access":"","fee":"","sockets":"","voltage":"","address":"","city":"","state":"","source":"OpenStreetMap (charge-finder mirror)","osm_id":"node/10817496114","website":""}},{"type":"Feature","geometry":{"type":"Point","coordinates":[-76.0074645,40.5646554]},"properties":{"name":"Tesla Supercharger","network":"Tesla Supercharger","brand":"Tesla Supercharger","operator":"Tesla, Inc.","stalls":null,"kw_per_stall":null,"mw_capacity":null,"status":"unknown","access":"","fee":"","sockets":"","voltage":"","address":"","city":"","state":"","source":"OpenStreetMap (charge-finder mirror)","osm_id":"node/10817496115","website":""}},{"type":"Feature","geometry":{"type":"Point","coordinates":[-75.0527249,39.572392]},"properties":{"name":"Tesla Supercharger","network":"Tesla Supercharger","brand":"Tesla Supercharger","operator":"Tesla, Inc.","stalls":null,"kw_per_stall":null,"mw_capacity":null,"status":"unknown","access":"","fee":"","sockets":"","voltage":"","address":"","city":"","state":"","source":"OpenStreetMap (charge-finder mirror)","osm_id":"node/10817496118","website":""}},{"type":"Feature","geometry":{"type":"Point","coordinates":[-74.7350843,39.5514969]},"properties":{"name":"Tesla Supercharger","network":"Tesla Supercharger","brand":"Tesla Supercharger","operator":"Tesla, Inc.","stalls":null,"kw_per_stall":null,"mw_capacity":null,"status":"unknown","access":"","fee":"","sockets":"","voltage":"","address":"","city":"","state":"","source":"OpenStreetMap (charge-finder mirror)","osm_id":"node/10817496119","website":""}},{"type":"Feature","geometry":{"type":"Point","coordinates":[-74.821452,39.0883671]},"properties":{"name":"Tesla Supercharger","network":"Tesla Supercharger","brand":"Tesla Supercharger","operator":"Tesla, Inc.","stalls":null,"kw_per_stall":null,"mw_capacity":null,"status":"unknown","access":"","fee":"","sockets":"","voltage":"","address":"","city":"","state":"","source":"OpenStreetMap (charge-finder mirror)","osm_id":"node/10817496120","website":""}},{"type":"Feature","geometry":{"type":"Point","coordinates":[-75.0979011,39.8335061]},"properties":{"name":"Tesla Supercharger","network":"Tesla Supercharger","brand":"Tesla Supercharger","operator":"Tesla, Inc.","stalls":null,"kw_per_stall":null,"mw_capacity":null,"status":"unknown","access":"","fee":"","sockets":"","voltage":"","address":"","city":"","state":"","source":"OpenStreetMap (charge-finder mirror)","osm_id":"node/10817496121","website":""}},{"type":"Feature","geometry":{"type":"Point","coordinates":[-75.0034844,39.8853355]},"properties":{"name":"Tesla Supercharger","network":"Tesla Supercharger","brand":"Tesla Supercharger","operator":"Tesla, Inc.","stalls":null,"kw_per_stall":null,"mw_capacity":null,"status":"unknown","access":"","fee":"","sockets":"","voltage":"","address":"","city":"","state":"","source":"OpenStreetMap (charge-finder mirror)","osm_id":"node/10817496122","website":""}},{"type":"Feature","geometry":{"type":"Point","coordinates":[-80.0863443,42.0495993]},"properties":{"name":"Tesla Supercharger","network":"Tesla Supercharger","brand":"Tesla Supercharger","operator":"Tesla, Inc.","stalls":null,"kw_per_stall":null,"mw_capacity":null,"status":"unknown","access":"","fee":"","sockets":"","voltage":"","address":"","city":"","state":"","source":"OpenStreetMap (charge-finder mirror)","osm_id":"node/10817682460","website":""}},{"type":"Feature","geometry":{"type":"Point","coordinates":[-80.0372172,42.0656733]},"properties":{"name":"Tesla Supercharger","network":"Tesla Supercharger","brand":"Tesla Supercharger","operator":"Tesla, Inc.","stalls":null,"kw_per_stall":null,"mw_capacity":null,"status":"unknown","access":"","fee":"","sockets":"","voltage":"","address":"","city":"","state":"","source":"OpenStreetMap (charge-finder mirror)","osm_id":"node/10817682461","website":""}},{"type":"Feature","geometry":{"type":"Point","coordinates":[-78.785091,41.1409366]},"properties":{"name":"Tesla Supercharger","network":"Tesla Supercharger","brand":"Tesla Supercharger","operator":"Tesla, Inc.","stalls":null,"kw_per_stall":null,"mw_capacity":null,"status":"unknown","access":"","fee":"","sockets":"","voltage":"","address":"","city":"","state":"","source":"OpenStreetMap (charge-finder mirror)","osm_id":"node/10817682462","website":""}},{"type":"Feature","geometry":{"type":"Point","coordinates":[-78.1257464,39.1882122]},"properties":{"name":"Tesla Supercharger","network":"Tesla Supercharger","brand":"Tesla Supercharger","operator":"Tesla, Inc.","stalls":null,"kw_per_stall":null,"mw_capacity":null,"status":"unknown","access":"","fee":"","sockets":"","voltage":"","address":"","city":"","state":"","source":"OpenStreetMap (charge-finder mirror)","osm_id":"node/10817700405","website":""}},{"type":"Feature","geometry":{"type":"Point","coordinates":[-77.5060841,38.2259803]},"properties":{"name":"Tesla Supercharger","network":"Tesla Supercharger","brand":"Tesla Supercharger","operator":"Tesla, Inc.","stalls":null,"kw_per_stall":null,"mw_capacity":null,"status":"unknown","access":"","fee":"","sockets":"","voltage":"","address":"","city":"","state":"","source":"OpenStreetMap (charge-finder mirror)","osm_id":"node/10817700406","website":""}},{"type":"Feature","geometry":{"type":"Point","coordinates":[-77.4122304,38.4674494]},"properties":{"name":"Tesla Supercharger","network":"Tesla Supercharger","brand":"Tesla Supercharger","operator":"Tesla, Inc.","stalls":null,"kw_per_stall":null,"mw_capacity":null,"status":"unknown","access":"","fee":"","sockets":"","voltage":"","address":"","city":"","state":"","source":"OpenStreetMap (charge-finder mirror)","osm_id":"node/10817700407","website":""}},{"type":"Feature","geometry":{"type":"Point","coordinates":[-75.831592,37.5159366]},"properties":{"name":"Tesla Supercharger","network":"Tesla Supercharger","brand":"Tesla Supercharger","operator":"Tesla, Inc.","stalls":null,"kw_per_stall":null,"mw_capacity":null,"status":"unknown","access":"","fee":"","sockets":"","voltage":"","address":"","city":"","state":"","source":"OpenStreetMap (charge-finder mirror)","osm_id":"node/10817700408","website":""}},{"type":"Feature","geometry":{"type":"Point","coordinates":[-77.7991801,38.6195494]},"properties":{"name":"Tesla Supercharger","network":"Tesla Supercharger","brand":"Tesla Supercharger","operator":"Tesla, Inc.","stalls":null,"kw_per_stall":null,"mw_capacity":null,"status":"unknown","access":"","fee":"","sockets":"","voltage":"","address":"","city":"","state":"","source":"OpenStreetMap (charge-finder mirror)","osm_id":"node/10817700409","website":""}},{"type":"Feature","geometry":{"type":"Point","coordinates":[-75.1037453,38.7125941]},"properties":{"name":"Tesla Supercharger","network":"Tesla Supercharger","brand":"Tesla Supercharger","operator":"Tesla, Inc.","stalls":8,"kw_per_stall":null,"mw_capacity":null,"status":"unknown","access":"","fee":"","sockets":"","voltage":"","address":"","city":"","state":"","source":"OpenStreetMap (charge-finder mirror)","osm_id":"node/10820778058","website":""}},{"type":"Feature","geometry":{"type":"Point","coordinates":[-75.5931234,38.6585739]},"properties":{"name":"Tesla Supercharger","network":"Tesla Supercharger","brand":"Tesla Supercharger","operator":"Tesla, Inc.","stalls":8,"kw_per_stall":null,"mw_capacity":null,"status":"unknown","access":"","fee":"","sockets":"","voltage":"","address":"","city":"","state":"","source":"OpenStreetMap (charge-finder mirror)","osm_id":"node/10820778059","website":""}},{"type":"Feature","geometry":{"type":"Point","coordinates":[-75.6604317,39.6322931]},"properties":{"name":"Tesla Supercharger","network":"Tesla Supercharger","brand":"Tesla Supercharger","operator":"Tesla, Inc.","stalls":8,"kw_per_stall":null,"mw_capacity":null,"status":"unknown","access":"","fee":"","sockets":"","voltage":"","address":"","city":"","state":"","source":"OpenStreetMap (charge-finder mirror)","osm_id":"node/10820778060","website":""}},{"type":"Feature","geometry":{"type":"Point","coordinates":[-75.7356422,39.6620196]},"properties":{"name":"Tesla Supercharger","network":"Tesla Supercharger","brand":"Tesla Supercharger","operator":"Tesla, Inc.","stalls":8,"kw_per_stall":null,"mw_capacity":null,"status":"unknown","access":"","fee":"","sockets":"","voltage":"","address":"","city":"","state":"","source":"OpenStreetMap (charge-finder mirror)","osm_id":"node/10820778061","website":""}},{"type":"Feature","geometry":{"type":"Point","coordinates":[-75.561749,39.7097979]},"properties":{"name":"Tesla Supercharger","network":"Tesla Supercharger","brand":"Tesla Supercharger","operator":"Tesla, Inc.","stalls":8,"kw_per_stall":null,"mw_capacity":null,"status":"unknown","access":"","fee":"","sockets":"","voltage":"","address":"","city":"","state":"","source":"OpenStreetMap (charge-finder mirror)","osm_id":"node/10820778062","website":""}},{"type":"Feature","geometry":{"type":"Point","coordinates":[-74.9703169,39.937433]},"properties":{"name":"Tesla Supercharger","network":"Tesla Supercharger","brand":"Tesla Supercharger","operator":"Tesla, Inc.","stalls":8,"kw_per_stall":null,"mw_capacity":null,"status":"unknown","access":"","fee":"","sockets":"","voltage":"","address":"","city":"","state":"","source":"OpenStreetMap (charge-finder mirror)","osm_id":"node/10820793473","website":""}},{"type":"Feature","geometry":{"type":"Point","coordinates":[-74.8872715,39.9807294]},"properties":{"name":"Tesla Supercharger","network":"Tesla Supercharger","brand":"Tesla Supercharger","operator":"Tesla, Inc.","stalls":8,"kw_per_stall":null,"mw_capacity":null,"status":"unknown","access":"","fee":"","sockets":"","voltage":"","address":"","city":"","state":"","source":"OpenStreetMap (charge-finder mirror)","osm_id":"node/10820793474","website":""}},{"type":"Feature","geometry":{"type":"Point","coordinates":[-74.8608128,40.0068181]},"properties":{"name":"Tesla Supercharger","network":"Tesla Supercharger","brand":"Tesla Supercharger","operator":"Tesla, Inc.","stalls":8,"kw_per_stall":null,"mw_capacity":null,"status":"unknown","access":"","fee":"","sockets":"","voltage":"","address":"","city":"","state":"","source":"OpenStreetMap (charge-finder mirror)","osm_id":"node/10820793475","website":""}},{"type":"Feature","geometry":{"type":"Point","coordinates":[-74.2124019,39.9418262]},"properties":{"name":"Tesla Supercharger","network":"Tesla Supercharger","brand":"Tesla Supercharger","operator":"Tesla, Inc.","stalls":8,"kw_per_stall":null,"mw_capacity":null,"status":"unknown","access":"","fee":"","sockets":"","voltage":"","address":"","city":"","state":"","source":"OpenStreetMap (charge-finder mirror)","osm_id":"node/10820793476","website":""}},{"type":"Feature","geometry":{"type":"Point","coordinates":[-74.22569,40.1372352]},"properties":{"name":"Tesla Supercharger","network":"Tesla Supercharger","brand":"Tesla Supercharger","operator":"Tesla, Inc.","stalls":8,"kw_per_stall":null,"mw_capacity":null,"status":"unknown","access":"","fee":"","sockets":"","voltage":"","address":"","city":"","state":"","source":"OpenStreetMap (charge-finder mirror)","osm_id":"node/10820793477","website":""}},{"type":"Feature","geometry":{"type":"Point","coordinates":[-74.4300436,40.157777]},"properties":{"name":"Tesla Supercharger","network":"Tesla Supercharger","brand":"Tesla Supercharger","operator":"Tesla, Inc.","stalls":8,"kw_per_stall":null,"mw_capacity":null,"status":"unknown","access":"","fee":"","sockets":"","voltage":"","address":"","city":"","state":"","source":"OpenStreetMap (charge-finder mirror)","osm_id":"node/10820793478","website":""}},{"type":"Feature","geometry":{"type":"Point","coordinates":[-74.6318139,40.1769546]},"properties":{"name":"Tesla Supercharger","network":"Tesla Supercharger","brand":"Tesla Supercharger","operator":"Tesla, Inc.","stalls":8,"kw_per_stall":null,"mw_capacity":null,"status":"unknown","access":"","fee":"","sockets":"","voltage":"","address":"","city":"","state":"","source":"OpenStreetMap (charge-finder mirror)","osm_id":"node/10820793479","website":""}},{"type":"Feature","geometry":{"type":"Point","coordinates":[-74.6302438,40.1759361]},"properties":{"name":"Tesla Supercharger","network":"Tesla Supercharger","brand":"Tesla Supercharger","operator":"Tesla, Inc.","stalls":8,"kw_per_stall":null,"mw_capacity":null,"status":"unknown","access":"","fee":"","sockets":"","voltage":"","address":"","city":"","state":"","source":"OpenStreetMap (charge-finder mirror)","osm_id":"node/10820793480","website":""}},{"type":"Feature","geometry":{"type":"Point","coordinates":[-74.4718271,40.2671354]},"properties":{"name":"Tesla Supercharger","network":"Tesla Supercharger","brand":"Tesla Supercharger","operator":"Tesla, Inc.","stalls":8,"kw_per_stall":null,"mw_capacity":null,"status":"unknown","access":"","fee":"","sockets":"","voltage":"","address":"","city":"","state":"","source":"OpenStreetMap (charge-finder mirror)","osm_id":"node/10820793481","website":""}},{"type":"Feature","geometry":{"type":"Point","coordinates":[-74.2276718,40.2385739]},"properties":{"name":"Tesla Supercharger","network":"Tesla Supercharger","brand":"Tesla Supercharger","operator":"Tesla, Inc.","stalls":8,"kw_per_stall":null,"mw_capacity":null,"status":"unknown","access":"","fee":"","sockets":"","voltage":"","address":"","city":"","state":"","source":"OpenStreetMap (charge-finder mirror)","osm_id":"node/10820793482","website":""}},{"type":"Feature","geometry":{"type":"Point","coordinates":[-74.3401922,40.3911681]},"properties":{"name":"Tesla Supercharger","network":"Tesla Supercharger","brand":"Tesla Supercharger","operator":"Tesla, Inc.","stalls":8,"kw_per_stall":null,"mw_capacity":null,"status":"unknown","access":"","fee":"","sockets":"","voltage":"","address":"","city":"","state":"","source":"OpenStreetMap (charge-finder mirror)","osm_id":"node/10822986363","website":""}},{"type":"Feature","geometry":{"type":"Point","coordinates":[-74.4009571,40.4619715]},"properties":{"name":"Tesla Supercharger","network":"Tesla Supercharger","brand":"Tesla Supercharger","operator":"Tesla, Inc.","stalls":8,"kw_per_stall":null,"mw_capacity":null,"status":"unknown","access":"","fee":"","sockets":"","voltage":"","address":"","city":"","state":"","source":"OpenStreetMap (charge-finder mirror)","osm_id":"node/10822986364","website":""}},{"type":"Feature","geometry":{"type":"Point","coordinates":[-74.3936319,40.5061277]},"properties":{"name":"Tesla Supercharger","network":"Tesla Supercharger","brand":"Tesla Supercharger","operator":"Tesla, Inc.","stalls":8,"kw_per_stall":null,"mw_capacity":null,"status":"unknown","access":"","fee":"","sockets":"","voltage":"","address":"","city":"","state":"","source":"OpenStreetMap (charge-finder mirror)","osm_id":"node/10822986365","website":""}},{"type":"Feature","geometry":{"type":"Point","coordinates":[-74.2858995,40.517515]},"properties":{"name":"Tesla Supercharger","network":"Tesla Supercharger","brand":"Tesla Supercharger","operator":"Tesla, Inc.","stalls":8,"kw_per_stall":null,"mw_capacity":null,"status":"unknown","access":"","fee":"","sockets":"","voltage":"","address":"","city":"","state":"","source":"OpenStreetMap (charge-finder mirror)","osm_id":"node/10822986367","website":""}},{"type":"Feature","geometry":{"type":"Point","coordinates":[-74.2313168,40.5275937]},"properties":{"name":"Tesla Supercharger","network":"Tesla Supercharger","brand":"Tesla Supercharger","operator":"Tesla, Inc.","stalls":12,"kw_per_stall":null,"mw_capacity":null,"status":"unknown","access":"","fee":"","sockets":"","voltage":"","address":"","city":"","state":"","source":"OpenStreetMap (charge-finder mirror)","osm_id":"node/10822986368","website":""}},{"type":"Feature","geometry":{"type":"Point","coordinates":[-74.2876252,40.5768025]},"properties":{"name":"Tesla Supercharger","network":"Tesla Supercharger","brand":"Tesla Supercharger","operator":"Tesla, Inc.","stalls":12,"kw_per_stall":null,"mw_capacity":null,"status":"unknown","access":"","fee":"","sockets":"","voltage":"","address":"","city":"","state":"","source":"OpenStreetMap (charge-finder mirror)","osm_id":"node/10823000915","website":""}},{"type":"Feature","geometry":{"type":"Point","coordinates":[-74.2878732,40.6582766]},"properties":{"name":"Tesla Supercharger","network":"Tesla Supercharger","brand":"Tesla Supercharger","operator":"Tesla, Inc.","stalls":12,"kw_per_stall":null,"mw_capacity":null,"status":"unknown","access":"","fee":"","sockets":"","voltage":"","address":"","city":"","state":"","source":"OpenStreetMap (charge-finder mirror)","osm_id":"node/10823000916","website":""}},{"type":"Feature","geometry":{"type":"Point","coordinates":[-74.2540668,40.69588]},"properties":{"name":"Tesla Supercharger","network":"Tesla Supercharger","brand":"Tesla Supercharger","operator":"Tesla, Inc.","stalls":12,"kw_per_stall":null,"mw_capacity":null,"status":"unknown","access":"","fee":"","sockets":"","voltage":"","address":"","city":"","state":"","source":"OpenStreetMap (charge-finder mirror)","osm_id":"node/10823000917","website":""}},{"type":"Feature","geometry":{"type":"Point","coordinates":[-74.3292386,40.7176815]},"properties":{"name":"Tesla Supercharger","network":"Tesla Supercharger","brand":"Tesla Supercharger","operator":"Tesla, Inc.","stalls":8,"kw_per_stall":null,"mw_capacity":null,"status":"unknown","access":"","fee":"","sockets":"","voltage":"","address":"","city":"","state":"","source":"OpenStreetMap (charge-finder mirror)","osm_id":"node/10823000918","website":""}},{"type":"Feature","geometry":{"type":"Point","coordinates":[-74.5299268,40.6553868]},"properties":{"name":"Tesla Supercharger","network":"Tesla Supercharger","brand":"Tesla Supercharger","operator":"Tesla, Inc.","stalls":8,"kw_per_stall":null,"mw_capacity":null,"status":"unknown","access":"","fee":"","sockets":"","voltage":"","address":"","city":"","state":"","source":"OpenStreetMap (charge-finder mirror)","osm_id":"node/10823000919","website":""}},{"type":"Feature","geometry":{"type":"Point","coordinates":[-74.56381,40.5670666]},"properties":{"name":"Tesla Supercharger","network":"Tesla Supercharger","brand":"Tesla Supercharger","operator":"Tesla, Inc.","stalls":8,"kw_per_stall":null,"mw_capacity":null,"status":"unknown","access":"","fee":"","sockets":"","voltage":"","address":"","city":"","state":"","source":"OpenStreetMap (charge-finder mirror)","osm_id":"node/10823000920","website":""}},{"type":"Feature","geometry":{"type":"Point","coordinates":[-74.8515989,40.5049601]},"properties":{"name":"Tesla Supercharger","network":"Tesla Supercharger","brand":"Tesla Supercharger","operator":"Tesla, Inc.","stalls":8,"kw_per_stall":null,"mw_capacity":null,"status":"unknown","access":"","fee":"","sockets":"","voltage":"","address":"","city":"","state":"","source":"OpenStreetMap (charge-finder mirror)","osm_id":"node/10823000921","website":""}},{"type":"Feature","geometry":{"type":"Point","coordinates":[-75.1010042,40.9338373]},"properties":{"name":"Tesla Supercharger","network":"Tesla Supercharger","brand":"Tesla Supercharger","operator":"Tesla, Inc.","stalls":8,"kw_per_stall":null,"mw_capacity":null,"status":"unknown","access":"","fee":"","sockets":"","voltage":"","address":"","city":"","state":"","source":"OpenStreetMap (charge-finder mirror)","osm_id":"node/10823485288","website":""}},{"type":"Feature","geometry":{"type":"Point","coordinates":[-74.7124099,41.119257]},"properties":{"name":"Tesla Supercharger","network":"Tesla Supercharger","brand":"Tesla Supercharger","operator":"Tesla, Inc.","stalls":8,"kw_per_stall":null,"mw_capacity":null,"status":"unknown","access":"","fee":"","sockets":"","voltage":"","address":"","city":"","state":"","source":"OpenStreetMap (charge-finder mirror)","osm_id":"node/10823485295","website":""}},{"type":"Feature","geometry":{"type":"Point","coordinates":[-74.3975948,40.9075602]},"properties":{"name":"Tesla Supercharger","network":"Tesla Supercharger","brand":"Tesla Supercharger","operator":"Tesla, Inc.","stalls":10,"kw_per_stall":null,"mw_capacity":null,"status":"unknown","access":"","fee":"","sockets":"","voltage":"","address":"","city":"","state":"","source":"OpenStreetMap (charge-finder mirror)","osm_id":"node/10823485296","website":""}},{"type":"Feature","geometry":{"type":"Point","coordinates":[-74.2936565,41.0074306]},"properties":{"name":"Tesla Supercharger","network":"Tesla Supercharger","brand":"Tesla Supercharger","operator":"Tesla, Inc.","stalls":12,"kw_per_stall":null,"mw_capacity":null,"status":"unknown","access":"","fee":"","sockets":"","voltage":"","address":"","city":"","state":"","source":"OpenStreetMap (charge-finder mirror)","osm_id":"node/10823485297","website":""}},{"type":"Feature","geometry":{"type":"Point","coordinates":[-74.038092,40.7738372]},"properties":{"name":"Tesla Supercharger","network":"Tesla Supercharger","brand":"Tesla Supercharger","operator":"Tesla, Inc.","stalls":8,"kw_per_stall":null,"mw_capacity":null,"status":"unknown","access":"","fee":"","sockets":"","voltage":"","address":"","city":"","state":"","source":"OpenStreetMap (charge-finder mirror)","osm_id":"node/10823485298","website":""}},{"type":"Feature","geometry":{"type":"Point","coordinates":[-74.0346102,40.7754008]},"properties":{"name":"Tesla Supercharger","network":"Tesla Supercharger","brand":"Tesla Supercharger","operator":"Tesla, Inc.","stalls":12,"kw_per_stall":null,"mw_capacity":null,"status":"unknown","access":"","fee":"","sockets":"","voltage":"","address":"","city":"","state":"","source":"OpenStreetMap (charge-finder mirror)","osm_id":"node/10823485301","website":""}},{"type":"Feature","geometry":{"type":"Point","coordinates":[-74.0648369,40.8115072]},"properties":{"name":"Tesla Supercharger","network":"Tesla Supercharger","brand":"Tesla Supercharger","operator":"Tesla, Inc.","stalls":16,"kw_per_stall":null,"mw_capacity":null,"status":"unknown","access":"","fee":"","sockets":"","voltage":"","address":"","city":"","state":"","source":"OpenStreetMap (charge-finder mirror)","osm_id":"node/10823485302","website":""}},{"type":"Feature","geometry":{"type":"Point","coordinates":[-74.033288,40.8548424]},"properties":{"name":"Tesla Supercharger","network":"Tesla Supercharger","brand":"Tesla Supercharger","operator":"Tesla, Inc.","stalls":12,"kw_per_stall":null,"mw_capacity":null,"status":"unknown","access":"","fee":"","sockets":"","voltage":"","address":"","city":"","state":"","source":"OpenStreetMap (charge-finder mirror)","osm_id":"node/10823485303","website":""}},{"type":"Feature","geometry":{"type":"Point","coordinates":[-74.0725639,40.8914398]},"properties":{"name":"Tesla Supercharger","network":"Tesla Supercharger","brand":"Tesla Supercharger","operator":"Tesla, Inc.","stalls":8,"kw_per_stall":null,"mw_capacity":null,"status":"unknown","access":"","fee":"","sockets":"","voltage":"","address":"","city":"","state":"","source":"OpenStreetMap (charge-finder mirror)","osm_id":"node/10823485304","website":""}},{"type":"Feature","geometry":{"type":"Point","coordinates":[-74.0746323,40.9552651]},"properties":{"name":"Tesla Supercharger","network":"Tesla Supercharger","brand":"Tesla Supercharger","operator":"Tesla, Inc.","stalls":8,"kw_per_stall":null,"mw_capacity":null,"status":"unknown","access":"","fee":"","sockets":"","voltage":"","address":"","city":"","state":"","source":"OpenStreetMap (charge-finder mirror)","osm_id":"node/10823488105","website":""}},{"type":"Feature","geometry":{"type":"Point","coordinates":[-74.0735676,41.0419511]},"properties":{"name":"Tesla Supercharger","network":"Tesla Supercharger","brand":"Tesla Supercharger","operator":"Tesla, Inc.","stalls":8,"kw_per_stall":null,"mw_capacity":null,"status":"unknown","access":"","fee":"","sockets":"","voltage":"","address":"","city":"","state":"","source":"OpenStreetMap (charge-finder mirror)","osm_id":"node/10823488106","website":""}},{"type":"Feature","geometry":{"type":"Point","coordinates":[-119.1825267,46.2724814]},"properties":{"name":"Tesla Supercharger","network":"Tesla Supercharger","brand":"Tesla Supercharger","operator":"Tesla, Inc.","stalls":8,"kw_per_stall":null,"mw_capacity":null,"status":"unknown","access":"","fee":"","sockets":"","voltage":"","address":"","city":"","state":"","source":"OpenStreetMap (charge-finder mirror)","osm_id":"node/10832968571","website":""}},{"type":"Feature","geometry":{"type":"Point","coordinates":[-115.1028402,36.1452706]},"properties":{"name":"Tesla Supercharger","network":"Tesla Supercharger","brand":"Tesla Supercharger","operator":"Tesla, Inc.","stalls":8,"kw_per_stall":null,"mw_capacity":null,"status":"unknown","access":"yes","fee":"yes","sockets":"","voltage":"","address":"","city":"","state":"","source":"OpenStreetMap (charge-finder mirror)","osm_id":"node/10837588391","website":""}},{"type":"Feature","geometry":{"type":"Point","coordinates":[-96.821553,32.5169236]},"properties":{"name":"Tesla Supercharger","network":"Tesla Supercharger","brand":"Tesla Supercharger","operator":"Tesla, Inc.","stalls":16,"kw_per_stall":null,"mw_capacity":null,"status":"unknown","access":"yes","fee":"yes","sockets":"","voltage":"","address":"","city":"","state":"","source":"OpenStreetMap (charge-finder mirror)","osm_id":"node/10857087924","website":""}},{"type":"Feature","geometry":{"type":"Point","coordinates":[-99.7553144,34.2917333]},"properties":{"name":"Tesla Supercharger","network":"Tesla Supercharger","brand":"Tesla Supercharger","operator":"Tesla, Inc.","stalls":4,"kw_per_stall":null,"mw_capacity":null,"status":"unknown","access":"yes","fee":"yes","sockets":"","voltage":"","address":"","city":"","state":"","source":"OpenStreetMap (charge-finder mirror)","osm_id":"node/10858703434","website":""}},{"type":"Feature","geometry":{"type":"Point","coordinates":[-98.1967144,33.8006965]},"properties":{"name":"Tesla Supercharger","network":"Tesla Supercharger","brand":"Tesla Supercharger","operator":"Tesla, Inc.","stalls":12,"kw_per_stall":null,"mw_capacity":null,"status":"unknown","access":"yes","fee":"yes","sockets":"","voltage":"","address":"","city":"","state":"","source":"OpenStreetMap (charge-finder mirror)","osm_id":"node/10858703534","website":""}},{"type":"Feature","geometry":{"type":"Point","coordinates":[-96.3233449,32.7173836]},"properties":{"name":"Tesla Supercharger","network":"Tesla Supercharger","brand":"Tesla Supercharger","operator":"Tesla, Inc.","stalls":24,"kw_per_stall":null,"mw_capacity":null,"status":"unknown","access":"yes","fee":"","sockets":"","voltage":"","address":"","city":"","state":"","source":"OpenStreetMap (charge-finder mirror)","osm_id":"node/10859648079","website":""}},{"type":"Feature","geometry":{"type":"Point","coordinates":[-122.0327237,37.3733695]},"properties":{"name":"Tesla Supercharger","network":"Tesla Supercharger","brand":"Tesla Supercharger","operator":"Tesla, Inc.","stalls":null,"kw_per_stall":null,"mw_capacity":null,"status":"unknown","access":"","fee":"","sockets":"","voltage":"","address":"","city":"","state":"","source":"OpenStreetMap (charge-finder mirror)","osm_id":"node/10877059643","website":""}},{"type":"Feature","geometry":{"type":"Point","coordinates":[-122.7156634,42.1995769]},"properties":{"name":"Tesla Destination Charger","network":"Tesla","brand":"Tesla, Inc.","operator":"","stalls":4,"kw_per_stall":null,"mw_capacity":null,"status":"unknown","access":"","fee":"","sockets":"","voltage":"","address":"","city":"","state":"","source":"OpenStreetMap (charge-finder mirror)","osm_id":"node/10879932284","website":""}},{"type":"Feature","geometry":{"type":"Point","coordinates":[-82.5182317,27.9516923]},"properties":{"name":"Tesla Destination Charger","network":"Tesla","brand":"Tesla, Inc.","operator":"","stalls":null,"kw_per_stall":null,"mw_capacity":null,"status":"24/7","access":"","fee":"no","sockets":"4","voltage":"","address":"","city":"","state":"","source":"OpenStreetMap (charge-finder mirror)","osm_id":"node/10880150528","website":""}},{"type":"Feature","geometry":{"type":"Point","coordinates":[-82.518252,27.95188]},"properties":{"name":"Tesla Destination Charger","network":"Tesla","brand":"Tesla, Inc.","operator":"","stalls":null,"kw_per_stall":null,"mw_capacity":null,"status":"24/7","access":"","fee":"no","sockets":"","voltage":"","address":"","city":"","state":"","source":"OpenStreetMap (charge-finder mirror)","osm_id":"node/10880150529","website":""}},{"type":"Feature","geometry":{"type":"Point","coordinates":[-81.6428,38.3547234]},"properties":{"name":"Tesla Supercharger","network":"Tesla Supercharger","brand":"Tesla Supercharger","operator":"Tesla, Inc.","stalls":null,"kw_per_stall":null,"mw_capacity":null,"status":"unknown","access":"","fee":"","sockets":"","voltage":"","address":"","city":"","state":"","source":"OpenStreetMap (charge-finder mirror)","osm_id":"node/10881921714","website":""}},{"type":"Feature","geometry":{"type":"Point","coordinates":[-95.0420617,45.1009787]},"properties":{"name":"Tesla Supercharger","network":"Tesla Supercharger","brand":"Tesla Supercharger","operator":"Tesla, Inc.","stalls":8,"kw_per_stall":null,"mw_capacity":null,"status":"unknown","access":"yes","fee":"yes","sockets":"","voltage":"","address":"","city":"","state":"","source":"OpenStreetMap (charge-finder mirror)","osm_id":"node/10887171510","website":""}},{"type":"Feature","geometry":{"type":"Point","coordinates":[-81.4902348,28.4493227]},"properties":{"name":"Tesla Supercharger","network":"Tesla Supercharger","brand":"Tesla Supercharger","operator":"Tesla, Inc.","stalls":null,"kw_per_stall":null,"mw_capacity":null,"status":"unknown","access":"","fee":"yes","sockets":"","voltage":"","address":"","city":"","state":"","source":"OpenStreetMap (charge-finder mirror)","osm_id":"node/10896937057","website":""}},{"type":"Feature","geometry":{"type":"Point","coordinates":[-77.472414,37.7457946]},"properties":{"name":"Tesla Supercharger","network":"Tesla Supercharger","brand":"","operator":"","stalls":null,"kw_per_stall":null,"mw_capacity":null,"status":"unknown","access":"","fee":"","sockets":"","voltage":"","address":"","city":"","state":"","source":"OpenStreetMap (charge-finder mirror)","osm_id":"node/10897693305","website":""}},{"type":"Feature","geometry":{"type":"Point","coordinates":[-82.5073532,27.5378922]},"properties":{"name":"Tesla Supercharger","network":"Tesla Supercharger","brand":"Tesla Supercharger","operator":"Tesla, Inc.","stalls":16,"kw_per_stall":null,"mw_capacity":null,"status":"unknown","access":"yes","fee":"yes","sockets":"","voltage":"","address":"","city":"","state":"","source":"OpenStreetMap (charge-finder mirror)","osm_id":"node/10904490452","website":""}},{"type":"Feature","geometry":{"type":"Point","coordinates":[-82.462881,27.2703129]},"properties":{"name":"Tesla Supercharger","network":"Tesla Supercharger","brand":"Tesla Supercharger","operator":"Tesla, Inc.","stalls":8,"kw_per_stall":null,"mw_capacity":null,"status":"unknown","access":"yes","fee":"yes","sockets":"","voltage":"","address":"","city":"","state":"","source":"OpenStreetMap (charge-finder mirror)","osm_id":"node/10904490456","website":""}},{"type":"Feature","geometry":{"type":"Point","coordinates":[-82.3756075,27.7135966]},"properties":{"name":"Tesla Supercharger","network":"Tesla Supercharger","brand":"Tesla Supercharger","operator":"Tesla, Inc.","stalls":null,"kw_per_stall":null,"mw_capacity":null,"status":"unknown","access":"","fee":"","sockets":"","voltage":"","address":"","city":"","state":"","source":"OpenStreetMap (charge-finder mirror)","osm_id":"node/10904498840","website":""}},{"type":"Feature","geometry":{"type":"Point","coordinates":[-80.3448443,25.942861]},"properties":{"name":"Tesla Supercharger","network":"Tesla Supercharger","brand":"Tesla Supercharger","operator":"Tesla, Inc.","stalls":12,"kw_per_stall":null,"mw_capacity":null,"status":"unknown","access":"","fee":"","sockets":"","voltage":"","address":"","city":"","state":"","source":"OpenStreetMap (charge-finder mirror)","osm_id":"node/10909214770","website":""}},{"type":"Feature","geometry":{"type":"Point","coordinates":[-122.2560515,47.4554105]},"properties":{"name":"Tesla Supercharger","network":"Tesla Supercharger","brand":"Tesla Supercharger","operator":"Tesla, Inc.","stalls":16,"kw_per_stall":null,"mw_capacity":null,"status":"unknown","access":"","fee":"yes","sockets":"","voltage":"","address":"","city":"","state":"","source":"OpenStreetMap (charge-finder mirror)","osm_id":"node/10917372050","website":""}},{"type":"Feature","geometry":{"type":"Point","coordinates":[-80.6821441,28.5219522]},"properties":{"name":"Tesla Destination Charger","network":"Tesla","brand":"Tesla, Inc.","operator":"","stalls":1,"kw_per_stall":null,"mw_capacity":null,"status":"unknown","access":"yes","fee":"no","sockets":"","voltage":"","address":"","city":"","state":"","source":"OpenStreetMap (charge-finder mirror)","osm_id":"node/10920722363","website":""}},{"type":"Feature","geometry":{"type":"Point","coordinates":[-80.6821721,28.5219537]},"properties":{"name":"Tesla Destination Charger","network":"Tesla","brand":"Tesla, Inc.","operator":"","stalls":1,"kw_per_stall":null,"mw_capacity":null,"status":"unknown","access":"yes","fee":"no","sockets":"","voltage":"","address":"","city":"","state":"","source":"OpenStreetMap (charge-finder mirror)","osm_id":"node/10920722364","website":""}},{"type":"Feature","geometry":{"type":"Point","coordinates":[-80.6822032,28.5219554]},"properties":{"name":"Tesla Destination Charger","network":"Tesla","brand":"Tesla, Inc.","operator":"","stalls":1,"kw_per_stall":null,"mw_capacity":null,"status":"unknown","access":"yes","fee":"no","sockets":"1","voltage":"","address":"","city":"","state":"","source":"OpenStreetMap (charge-finder mirror)","osm_id":"node/10920722365","website":""}},{"type":"Feature","geometry":{"type":"Point","coordinates":[-77.0670955,34.6907757]},"properties":{"name":"Tesla Destination Charger","network":"Tesla Supercharger","brand":"Tesla, Inc.","operator":"Carteret Crossing Shopping Center","stalls":2,"kw_per_stall":16.0,"mw_capacity":0.032,"status":"unknown","access":"yes","fee":"no","sockets":"2","voltage":"","address":"313, WB McLean Drive, Cape Carteret, NC","city":"Cape Carteret","state":"NC","source":"OpenStreetMap (charge-finder mirror)","osm_id":"node/10927780267","website":"https://www.tesla.com/findus/location/charger/dc15219"}},{"type":"Feature","geometry":{"type":"Point","coordinates":[-78.2361698,39.9989537]},"properties":{"name":"Breezewood, PA - Lincoln Highway Supercharger","network":"Tesla Supercharger","brand":"Tesla Supercharger","operator":"Tesla, Inc.","stalls":12,"kw_per_stall":250.0,"mw_capacity":3.0,"status":"24/7","access":"","fee":"yes","sockets":"12","voltage":"","address":"16520, Lincoln Highway, Breezewood, PA","city":"Breezewood","state":"PA","source":"OpenStreetMap (charge-finder mirror)","osm_id":"node/10934699932","website":"https://www.tesla.com/findus?v=2&location=BreezewoodPASupercharger"}},{"type":"Feature","geometry":{"type":"Point","coordinates":[-90.462728,41.5919874]},"properties":{"name":"Tesla Supercharger","network":"Tesla Supercharger","brand":"","operator":"Tesla","stalls":1,"kw_per_stall":null,"mw_capacity":null,"status":"unknown","access":"","fee":"","sockets":"1","voltage":"","address":"","city":"","state":"","source":"OpenStreetMap (charge-finder mirror)","osm_id":"node/10938610058","website":""}},{"type":"Feature","geometry":{"type":"Point","coordinates":[-90.462728,41.5919644]},"properties":{"name":"Tesla Supercharger","network":"Tesla Supercharger","brand":"","operator":"Tesla","stalls":1,"kw_per_stall":null,"mw_capacity":null,"status":"unknown","access":"","fee":"","sockets":"1","voltage":"","address":"","city":"","state":"","source":"OpenStreetMap (charge-finder mirror)","osm_id":"node/10938610059","website":""}},{"type":"Feature","geometry":{"type":"Point","coordinates":[-90.462728,41.5919363]},"properties":{"name":"Tesla Supercharger","network":"Tesla Supercharger","brand":"","operator":"Tesla","stalls":1,"kw_per_stall":null,"mw_capacity":null,"status":"unknown","access":"","fee":"","sockets":"1","voltage":"","address":"","city":"","state":"","source":"OpenStreetMap (charge-finder mirror)","osm_id":"node/10938610060","website":""}},{"type":"Feature","geometry":{"type":"Point","coordinates":[-90.4627293,41.5919092]},"properties":{"name":"Tesla Supercharger","network":"Tesla Supercharger","brand":"","operator":"Tesla","stalls":1,"kw_per_stall":null,"mw_capacity":null,"status":"unknown","access":"","fee":"","sockets":"1","voltage":"","address":"","city":"","state":"","source":"OpenStreetMap (charge-finder mirror)","osm_id":"node/10938610061","website":""}},{"type":"Feature","geometry":{"type":"Point","coordinates":[-90.4627253,41.5918891]},"properties":{"name":"Tesla Supercharger","network":"Tesla Supercharger","brand":"","operator":"Tesla","stalls":1,"kw_per_stall":null,"mw_capacity":null,"status":"unknown","access":"","fee":"","sockets":"1","voltage":"","address":"","city":"","state":"","source":"OpenStreetMap (charge-finder mirror)","osm_id":"node/10938610062","website":""}},{"type":"Feature","geometry":{"type":"Point","coordinates":[-90.4627293,41.5918671]},"properties":{"name":"Tesla Supercharger","network":"Tesla Supercharger","brand":"","operator":"Tesla","stalls":1,"kw_per_stall":null,"mw_capacity":null,"status":"unknown","access":"","fee":"","sockets":"1","voltage":"","address":"","city":"","state":"","source":"OpenStreetMap (charge-finder mirror)","osm_id":"node/10938610063","website":""}},{"type":"Feature","geometry":{"type":"Point","coordinates":[-90.4627293,41.591846]},"properties":{"name":"Tesla Supercharger","network":"Tesla Supercharger","brand":"","operator":"Tesla","stalls":1,"kw_per_stall":null,"mw_capacity":null,"status":"unknown","access":"","fee":"","sockets":"1","voltage":"","address":"","city":"","state":"","source":"OpenStreetMap (charge-finder mirror)","osm_id":"node/10938610064","website":""}},{"type":"Feature","geometry":{"type":"Point","coordinates":[-90.4627307,41.5918179]},"properties":{"name":"Tesla Supercharger","network":"Tesla Supercharger","brand":"","operator":"Tesla","stalls":1,"kw_per_stall":null,"mw_capacity":null,"status":"unknown","access":"","fee":"","sockets":"1","voltage":"","address":"","city":"","state":"","source":"OpenStreetMap (charge-finder mirror)","osm_id":"node/10938610065","website":""}},{"type":"Feature","geometry":{"type":"Point","coordinates":[-90.4627307,41.5917918]},"properties":{"name":"Tesla Supercharger","network":"Tesla Supercharger","brand":"","operator":"Tesla","stalls":1,"kw_per_stall":null,"mw_capacity":null,"status":"unknown","access":"","fee":"","sockets":"1","voltage":"","address":"","city":"","state":"","source":"OpenStreetMap (charge-finder mirror)","osm_id":"node/10938610066","website":""}},{"type":"Feature","geometry":{"type":"Point","coordinates":[-90.4627293,41.5917658]},"properties":{"name":"Tesla Supercharger","network":"Tesla Supercharger","brand":"","operator":"Tesla","stalls":1,"kw_per_stall":null,"mw_capacity":null,"status":"unknown","access":"","fee":"","sockets":"1","voltage":"","address":"","city":"","state":"","source":"OpenStreetMap (charge-finder mirror)","osm_id":"node/10938610067","website":""}},{"type":"Feature","geometry":{"type":"Point","coordinates":[-90.4627293,41.5917397]},"properties":{"name":"Tesla Supercharger","network":"Tesla Supercharger","brand":"","operator":"Tesla","stalls":1,"kw_per_stall":null,"mw_capacity":null,"status":"unknown","access":"","fee":"","sockets":"1","voltage":"","address":"","city":"","state":"","source":"OpenStreetMap (charge-finder mirror)","osm_id":"node/10938610068","website":""}},{"type":"Feature","geometry":{"type":"Point","coordinates":[-90.4627293,41.5917186]},"properties":{"name":"Tesla Supercharger","network":"Tesla Supercharger","brand":"","operator":"Tesla","stalls":1,"kw_per_stall":null,"mw_capacity":null,"status":"unknown","access":"","fee":"","sockets":"1","voltage":"","address":"","city":"","state":"","source":"OpenStreetMap (charge-finder mirror)","osm_id":"node/10938610069","website":""}},{"type":"Feature","geometry":{"type":"Point","coordinates":[-73.9746172,41.7341106]},"properties":{"name":"Tesla","network":"Tesla","brand":"","operator":"Tesla","stalls":2,"kw_per_stall":null,"mw_capacity":null,"status":"unknown","access":"","fee":"","sockets":"","voltage":"","address":"","city":"","state":"","source":"OpenStreetMap (charge-finder mirror)","osm_id":"node/10943171352","website":""}},{"type":"Feature","geometry":{"type":"Point","coordinates":[-78.2386437,39.9998524]},"properties":{"name":"Breezewood, PA Supercharger","network":"Tesla Supercharger","brand":"Tesla Supercharger","operator":"Tesla, Inc.","stalls":8,"kw_per_stall":150.0,"mw_capacity":1.2,"status":"24/7","access":"","fee":"yes","sockets":"8","voltage":"","address":"16417, Lincoln Highway, Breezewood, PA","city":"Breezewood","state":"PA","source":"OpenStreetMap (charge-finder mirror)","osm_id":"node/10949229345","website":"https://www.tesla.com/findus?v=2&location=breezewoodsupercharger"}},{"type":"Feature","geometry":{"type":"Point","coordinates":[-80.5852696,40.9401455]},"properties":{"name":"Supercharger","network":"Tesla Supercharger","brand":"Tesla Supercharger","operator":"Tesla, Inc.","stalls":8,"kw_per_stall":null,"mw_capacity":null,"status":"24/7","access":"","fee":"yes","sockets":"","voltage":"","address":"","city":"","state":"","source":"OpenStreetMap (charge-finder mirror)","osm_id":"node/10949958281","website":""}},{"type":"Feature","geometry":{"type":"Point","coordinates":[-71.8695287,45.433767]},"properties":{"name":"Tesla","network":"Tesla","brand":"Tesla","operator":"","stalls":4,"kw_per_stall":null,"mw_capacity":null,"status":"unknown","access":"","fee":"","sockets":"","voltage":"","address":"","city":"","state":"","source":"OpenStreetMap (charge-finder mirror)","osm_id":"node/10951183184","website":""}},{"type":"Feature","geometry":{"type":"Point","coordinates":[-71.869759,45.4337609]},"properties":{"name":"Tesla","network":"Tesla","brand":"Tesla","operator":"","stalls":4,"kw_per_stall":null,"mw_capacity":null,"status":"unknown","access":"","fee":"","sockets":"","voltage":"","address":"","city":"","state":"","source":"OpenStreetMap (charge-finder mirror)","osm_id":"node/10951183185","website":""}},{"type":"Feature","geometry":{"type":"Point","coordinates":[-81.4495426,41.3117589]},"properties":{"name":"Tesla Supercharger","network":"Tesla Supercharger","brand":"Tesla Supercharger","operator":"Tesla, Inc.","stalls":7,"kw_per_stall":250.0,"mw_capacity":1.75,"status":"unknown","access":"","fee":"","sockets":"7","voltage":"","address":"","city":"","state":"","source":"OpenStreetMap (charge-finder mirror)","osm_id":"node/10951862486","website":""}},{"type":"Feature","geometry":{"type":"Point","coordinates":[-91.6202045,42.0285516]},"properties":{"name":"Tesla Destination Charger","network":"Tesla","brand":"Tesla, Inc.","operator":"","stalls":2,"kw_per_stall":null,"mw_capacity":null,"status":"unknown","access":"customers","fee":"","sockets":"","voltage":"","address":"","city":"","state":"","source":"OpenStreetMap (charge-finder mirror)","osm_id":"node/10960246327","website":""}},{"type":"Feature","geometry":{"type":"Point","coordinates":[-91.657824,41.9561851]},"properties":{"name":"Tesla Supercharger","network":"Tesla Supercharger","brand":"Tesla Supercharger","operator":"Tesla, Inc.","stalls":8,"kw_per_stall":null,"mw_capacity":null,"status":"unknown","access":"yes","fee":"","sockets":"","voltage":"","address":"","city":"","state":"","source":"OpenStreetMap (charge-finder mirror)","osm_id":"node/10960246328","website":""}},{"type":"Feature","geometry":{"type":"Point","coordinates":[-91.4946906,41.9208355]},"properties":{"name":"Tesla Destination Charger","network":"Tesla","brand":"Tesla, Inc.","operator":"","stalls":2,"kw_per_stall":null,"mw_capacity":null,"status":"unknown","access":"yes","fee":"","sockets":"","voltage":"","address":"","city":"","state":"","source":"OpenStreetMap (charge-finder mirror)","osm_id":"node/10960246329","website":""}},{"type":"Feature","geometry":{"type":"Point","coordinates":[-94.773987,34.1754407]},"properties":{"name":"Tesla Destination Charger","network":"Tesla","brand":"Tesla, Inc.","operator":"","stalls":null,"kw_per_stall":null,"mw_capacity":null,"status":"unknown","access":"customers","fee":"","sockets":"","voltage":"","address":"","city":"","state":"","source":"OpenStreetMap (charge-finder mirror)","osm_id":"node/10961986758","website":""}},{"type":"Feature","geometry":{"type":"Point","coordinates":[-115.144047,36.1287174]},"properties":{"name":"Tesla Supercharger","network":"Tesla Supercharger","brand":"Tesla Supercharger","operator":"Tesla, Inc.","stalls":8,"kw_per_stall":null,"mw_capacity":null,"status":"unknown","access":"","fee":"","sockets":"","voltage":"","address":"","city":"","state":"","source":"OpenStreetMap (charge-finder mirror)","osm_id":"node/10962541003","website":""}},{"type":"Feature","geometry":{"type":"Point","coordinates":[-123.1982267,39.1452815]},"properties":{"name":"Tesla","network":"Tesla","brand":"","operator":"Tesla","stalls":null,"kw_per_stall":null,"mw_capacity":null,"status":"unknown","access":"","fee":"","sockets":"","voltage":"","address":"","city":"","state":"","source":"OpenStreetMap (charge-finder mirror)","osm_id":"node/10964013138","website":""}},{"type":"Feature","geometry":{"type":"Point","coordinates":[-123.1982321,39.1453065]},"properties":{"name":"Tesla","network":"Tesla","brand":"","operator":"Tesla","stalls":null,"kw_per_stall":null,"mw_capacity":null,"status":"unknown","access":"","fee":"","sockets":"","voltage":"","address":"","city":"","state":"","source":"OpenStreetMap (charge-finder mirror)","osm_id":"node/10964013139","website":""}},{"type":"Feature","geometry":{"type":"Point","coordinates":[-114.0996846,36.8026557]},"properties":{"name":"Tesla Supercharger","network":"Tesla Supercharger","brand":"Tesla Supercharger","operator":"Tesla, Inc.","stalls":12,"kw_per_stall":null,"mw_capacity":null,"status":"unknown","access":"yes","fee":"yes","sockets":"","voltage":"","address":"","city":"","state":"","source":"OpenStreetMap (charge-finder mirror)","osm_id":"node/10966075926","website":""}},{"type":"Feature","geometry":{"type":"Point","coordinates":[-114.0648437,36.8159846]},"properties":{"name":"Tesla Supercharger","network":"Tesla Supercharger","brand":"Tesla Supercharger","operator":"Tesla, Inc.","stalls":8,"kw_per_stall":null,"mw_capacity":null,"status":"unknown","access":"yes","fee":"yes","sockets":"","voltage":"","address":"","city":"","state":"","source":"OpenStreetMap (charge-finder mirror)","osm_id":"node/10966075944","website":""}},{"type":"Feature","geometry":{"type":"Point","coordinates":[-94.685596,38.9554423]},"properties":{"name":"Tesla Supercharger","network":"Tesla Supercharger","brand":"Tesla Supercharger","operator":"Tesla, Inc.","stalls":12,"kw_per_stall":null,"mw_capacity":null,"status":"unknown","access":"","fee":"","sockets":"","voltage":"","address":"","city":"","state":"","source":"OpenStreetMap (charge-finder mirror)","osm_id":"node/10969706357","website":""}},{"type":"Feature","geometry":{"type":"Point","coordinates":[-111.32256,34.2422952]},"properties":{"name":"Payson Supercharger","network":"Tesla Supercharger","brand":"Tesla, Inc.","operator":"Tesla, Inc.","stalls":1,"kw_per_stall":150.0,"mw_capacity":0.15,"status":"unknown","access":"yes","fee":"yes","sockets":"12","voltage":"","address":"142, AZ-260, Payson","city":"Payson","state":"","source":"OpenStreetMap (charge-finder mirror)","osm_id":"node/10974844006","website":"https://www.tesla.com/findus/location/supercharger/paysonsupercharger"}},{"type":"Feature","geometry":{"type":"Point","coordinates":[-111.32256,34.2423181]},"properties":{"name":"Payson Supercharger","network":"Tesla Supercharger","brand":"Tesla, Inc.","operator":"Tesla, Inc.","stalls":1,"kw_per_stall":150.0,"mw_capacity":0.15,"status":"unknown","access":"yes","fee":"yes","sockets":"12","voltage":"","address":"142, AZ-260, Payson","city":"Payson","state":"","source":"OpenStreetMap (charge-finder mirror)","osm_id":"node/10974844007","website":"https://www.tesla.com/findus/location/supercharger/paysonsupercharger"}},{"type":"Feature","geometry":{"type":"Point","coordinates":[-111.3225593,34.2423504]},"properties":{"name":"Payson Supercharger","network":"Tesla Supercharger","brand":"Tesla, Inc.","operator":"Tesla, Inc.","stalls":1,"kw_per_stall":150.0,"mw_capacity":0.15,"status":"unknown","access":"yes","fee":"yes","sockets":"12","voltage":"","address":"142, AZ-260, Payson","city":"Payson","state":"","source":"OpenStreetMap (charge-finder mirror)","osm_id":"node/10974844008","website":"https://www.tesla.com/findus/location/supercharger/paysonsupercharger"}},{"type":"Feature","geometry":{"type":"Point","coordinates":[-111.3225593,34.2422685]},"properties":{"name":"Payson Supercharger","network":"Tesla Supercharger","brand":"Tesla, Inc.","operator":"Tesla, Inc.","stalls":1,"kw_per_stall":150.0,"mw_capacity":0.15,"status":"unknown","access":"yes","fee":"yes","sockets":"12","voltage":"","address":"142, AZ-260, Payson","city":"Payson","state":"","source":"OpenStreetMap (charge-finder mirror)","osm_id":"node/10974844009","website":"https://www.tesla.com/findus/location/supercharger/paysonsupercharger"}},{"type":"Feature","geometry":{"type":"Point","coordinates":[-111.32256,34.2422417]},"properties":{"name":"Payson Supercharger","network":"Tesla Supercharger","brand":"Tesla, Inc.","operator":"Tesla, Inc.","stalls":1,"kw_per_stall":150.0,"mw_capacity":0.15,"status":"unknown","access":"yes","fee":"yes","sockets":"12","voltage":"","address":"142, AZ-260, Payson","city":"Payson","state":"","source":"OpenStreetMap (charge-finder mirror)","osm_id":"node/10974844010","website":"https://www.tesla.com/findus/location/supercharger/paysonsupercharger"}},{"type":"Feature","geometry":{"type":"Point","coordinates":[-111.3225615,34.2422206]},"properties":{"name":"Payson Supercharger","network":"Tesla Supercharger","brand":"Tesla, Inc.","operator":"Tesla, Inc.","stalls":1,"kw_per_stall":150.0,"mw_capacity":0.15,"status":"unknown","access":"yes","fee":"yes","sockets":"12","voltage":"","address":"142, AZ-260, Payson","city":"Payson","state":"","source":"OpenStreetMap (charge-finder mirror)","osm_id":"node/10974844011","website":"https://www.tesla.com/findus/location/supercharger/paysonsupercharger"}},{"type":"Feature","geometry":{"type":"Point","coordinates":[-111.3225653,34.2421877]},"properties":{"name":"Payson Supercharger","network":"Tesla Supercharger","brand":"Tesla, Inc.","operator":"Tesla, Inc.","stalls":1,"kw_per_stall":150.0,"mw_capacity":0.15,"status":"unknown","access":"yes","fee":"yes","sockets":"12","voltage":"","address":"142, AZ-260, Payson","city":"Payson","state":"","source":"OpenStreetMap (charge-finder mirror)","osm_id":"node/10974844012","website":"https://www.tesla.com/findus/location/supercharger/paysonsupercharger"}},{"type":"Feature","geometry":{"type":"Point","coordinates":[-111.3225623,34.2421635]},"properties":{"name":"Payson Supercharger","network":"Tesla Supercharger","brand":"Tesla, Inc.","operator":"Tesla, Inc.","stalls":1,"kw_per_stall":150.0,"mw_capacity":0.15,"status":"unknown","access":"yes","fee":"yes","sockets":"12","voltage":"","address":"142, AZ-260, Payson","city":"Payson","state":"","source":"OpenStreetMap (charge-finder mirror)","osm_id":"node/10974844013","website":"https://www.tesla.com/findus/location/supercharger/paysonsupercharger"}},{"type":"Feature","geometry":{"type":"Point","coordinates":[-111.3225608,34.2421387]},"properties":{"name":"Payson Supercharger","network":"Tesla Supercharger","brand":"Tesla, Inc.","operator":"Tesla, Inc.","stalls":1,"kw_per_stall":150.0,"mw_capacity":0.15,"status":"unknown","access":"yes","fee":"yes","sockets":"12","voltage":"","address":"142, AZ-260, Payson","city":"Payson","state":"","source":"OpenStreetMap (charge-finder mirror)","osm_id":"node/10974844014","website":"https://www.tesla.com/findus/location/supercharger/paysonsupercharger"}},{"type":"Feature","geometry":{"type":"Point","coordinates":[-111.3225615,34.2421144]},"properties":{"name":"Payson Supercharger","network":"Tesla Supercharger","brand":"Tesla, Inc.","operator":"Tesla, Inc.","stalls":1,"kw_per_stall":150.0,"mw_capacity":0.15,"status":"unknown","access":"yes","fee":"yes","sockets":"12","voltage":"","address":"142, AZ-260, Payson","city":"Payson","state":"","source":"OpenStreetMap (charge-finder mirror)","osm_id":"node/10974844015","website":"https://www.tesla.com/findus/location/supercharger/paysonsupercharger"}},{"type":"Feature","geometry":{"type":"Point","coordinates":[-75.1977193,39.9035497]},"properties":{"name":"Tesla Supercharger","network":"Tesla Supercharger","brand":"Tesla Supercharger","operator":"Tesla, Inc.","stalls":null,"kw_per_stall":null,"mw_capacity":null,"status":"unknown","access":"","fee":"","sockets":"","voltage":"","address":"","city":"","state":"","source":"OpenStreetMap (charge-finder mirror)","osm_id":"node/10979861851","website":""}},{"type":"Feature","geometry":{"type":"Point","coordinates":[-91.6807445,47.0283163]},"properties":{"name":"Tesla Supercharger","network":"Tesla Supercharger","brand":"Tesla Supercharger","operator":"Tesla, Inc.","stalls":8,"kw_per_stall":null,"mw_capacity":null,"status":"unknown","access":"","fee":"","sockets":"","voltage":"","address":"","city":"","state":"","source":"OpenStreetMap (charge-finder mirror)","osm_id":"node/10981776699","website":""}},{"type":"Feature","geometry":{"type":"Point","coordinates":[-96.9917262,32.9255313]},"properties":{"name":"Tesla Supercharger","network":"Tesla Supercharger","brand":"Tesla Supercharger","operator":"Tesla, Inc.","stalls":12,"kw_per_stall":null,"mw_capacity":null,"status":"unknown","access":"yes","fee":"yes","sockets":"","voltage":"","address":"","city":"","state":"","source":"OpenStreetMap (charge-finder mirror)","osm_id":"node/10983187977","website":""}},{"type":"Feature","geometry":{"type":"Point","coordinates":[-80.3812562,36.030549]},"properties":{"name":"Tesla Supercharger","network":"Tesla Supercharger","brand":"Tesla Supercharger","operator":"Tesla, Inc.","stalls":null,"kw_per_stall":null,"mw_capacity":null,"status":"unknown","access":"","fee":"","sockets":"","voltage":"","address":"","city":"","state":"","source":"OpenStreetMap (charge-finder mirror)","osm_id":"node/11002532905","website":""}},{"type":"Feature","geometry":{"type":"Point","coordinates":[-106.0801099,39.6459352]},"properties":{"name":"Tesla Supercharger","network":"Tesla Supercharger","brand":"Tesla Supercharger","operator":"Tesla, Inc.","stalls":8,"kw_per_stall":null,"mw_capacity":null,"status":"unknown","access":"","fee":"","sockets":"8","voltage":"","address":"","city":"","state":"","source":"OpenStreetMap (charge-finder mirror)","osm_id":"node/11006402546","website":"https://www.tesla.com/findus/location/supercharger/silverthornecosupercharger"}},{"type":"Feature","geometry":{"type":"Point","coordinates":[-105.0239315,39.8320336]},"properties":{"name":"Tesla Supercharger","network":"Tesla Supercharger","brand":"Tesla Supercharger","operator":"Tesla, Inc.","stalls":8,"kw_per_stall":null,"mw_capacity":null,"status":"24/7","access":"","fee":"","sockets":"8","voltage":"","address":"","city":"","state":"","source":"OpenStreetMap (charge-finder mirror)","osm_id":"node/11006424917","website":"https://www.tesla.com/findus/location/supercharger/WestminsterCOsupercharger"}},{"type":"Feature","geometry":{"type":"Point","coordinates":[-73.4123271,40.7986786]},"properties":{"name":"Tesla Supercharger","network":"Tesla Supercharger","brand":"Tesla Supercharger","operator":"Tesla, Inc.","stalls":null,"kw_per_stall":null,"mw_capacity":null,"status":"unknown","access":"","fee":"","sockets":"","voltage":"","address":"","city":"","state":"","source":"OpenStreetMap (charge-finder mirror)","osm_id":"node/11007967402","website":""}},{"type":"Feature","geometry":{"type":"Point","coordinates":[-104.7708614,39.8042175]},"properties":{"name":"Tesla Supercharger","network":"Tesla Supercharger","brand":"Tesla Supercharger","operator":"Tesla, Inc.","stalls":16,"kw_per_stall":null,"mw_capacity":null,"status":"unknown","access":"","fee":"yes","sockets":"16","voltage":"","address":"","city":"","state":"","source":"OpenStreetMap (charge-finder mirror)","osm_id":"node/11013130300","website":"https://www.tesla.com/findus/location/supercharger/35124"}},{"type":"Feature","geometry":{"type":"Point","coordinates":[-104.848532,39.7783239]},"properties":{"name":"Tesla Supercharger","network":"Tesla Supercharger","brand":"Tesla Supercharger","operator":"Tesla, Inc.","stalls":8,"kw_per_stall":null,"mw_capacity":null,"status":"unknown","access":"","fee":"","sockets":"8","voltage":"","address":"","city":"","state":"","source":"OpenStreetMap (charge-finder mirror)","osm_id":"node/11013141470","website":"https://www.tesla.com/findus/location/supercharger/DenverCOQ322"}},{"type":"Feature","geometry":{"type":"Point","coordinates":[-105.2573729,40.0315123]},"properties":{"name":"Tesla Supercharger","network":"Tesla Supercharger","brand":"Tesla Supercharger","operator":"Tesla, Inc.","stalls":8,"kw_per_stall":null,"mw_capacity":null,"status":"unknown","access":"","fee":"","sockets":"8","voltage":"","address":"","city":"","state":"","source":"OpenStreetMap (charge-finder mirror)","osm_id":"node/11018532409","website":"https://www.tesla.com/findus/location/supercharger/18997"}},{"type":"Feature","geometry":{"type":"Point","coordinates":[-108.0459126,39.4523591]},"properties":{"name":"Tesla Supercharger","network":"Tesla Supercharger","brand":"Tesla Supercharger","operator":"Tesla, Inc.","stalls":12,"kw_per_stall":null,"mw_capacity":null,"status":"unknown","access":"","fee":"","sockets":"12","voltage":"","address":"","city":"","state":"","source":"OpenStreetMap (charge-finder mirror)","osm_id":"node/11018532451","website":"https://www.tesla.com/findus/location/supercharger/ParachuteCOQ322"}},{"type":"Feature","geometry":{"type":"Point","coordinates":[-102.6183053,38.0893816]},"properties":{"name":"Tesla Supercharger","network":"Tesla Supercharger","brand":"Tesla Supercharger","operator":"Tesla, Inc.","stalls":8,"kw_per_stall":null,"mw_capacity":null,"status":"unknown","access":"","fee":"","sockets":"8","voltage":"","address":"","city":"","state":"","source":"OpenStreetMap (charge-finder mirror)","osm_id":"node/11018539782","website":"https://www.tesla.com/findus/location/supercharger/LamarCOSupercharger"}},{"type":"Feature","geometry":{"type":"Point","coordinates":[-106.5871105,39.6485785]},"properties":{"name":"Tesla Supercharger","network":"Tesla Supercharger","brand":"Tesla Supercharger","operator":"Tesla, Inc.","stalls":8,"kw_per_stall":null,"mw_capacity":null,"status":"unknown","access":"","fee":"","sockets":"8","voltage":"","address":"","city":"","state":"","source":"OpenStreetMap (charge-finder mirror)","osm_id":"node/11018572388","website":"https://www.tesla.com/findus/location/supercharger/EdwardsCOSupercharger"}},{"type":"Feature","geometry":{"type":"Point","coordinates":[-107.8542626,37.9334514]},"properties":{"name":"Tesla Supercharger","network":"Tesla Supercharger","brand":"Tesla Supercharger","operator":"Tesla, Inc.","stalls":8,"kw_per_stall":null,"mw_capacity":null,"status":"unknown","access":"","fee":"","sockets":"8","voltage":"","address":"","city":"","state":"","source":"OpenStreetMap (charge-finder mirror)","osm_id":"node/11018639541","website":"https://www.tesla.com/findus/location/supercharger/MountainVillageCOsupercharger"}},{"type":"Feature","geometry":{"type":"Point","coordinates":[-124.0528166,44.6531942]},"properties":{"name":"Tesla Supercharger","network":"Tesla Supercharger","brand":"Tesla Supercharger","operator":"Tesla, Inc.","stalls":8,"kw_per_stall":250.0,"mw_capacity":2.0,"status":"24/7","access":"yes","fee":"","sockets":"8","voltage":"","address":"","city":"","state":"","source":"OpenStreetMap (charge-finder mirror)","osm_id":"node/11018744248","website":""}},{"type":"Feature","geometry":{"type":"Point","coordinates":[-81.4464536,41.5401273]},"properties":{"name":"Tesla Destination Charger","network":"Tesla Supercharger","brand":"Tesla, Inc.","operator":"","stalls":2,"kw_per_stall":null,"mw_capacity":null,"status":"unknown","access":"","fee":"no","sockets":"2","voltage":"","address":"","city":"","state":"","source":"OpenStreetMap (charge-finder mirror)","osm_id":"node/11022925413","website":""}},{"type":"Feature","geometry":{"type":"Point","coordinates":[-117.9216709,33.8597561]},"properties":{"name":"Tesla","network":"Tesla","brand":"","operator":"","stalls":null,"kw_per_stall":null,"mw_capacity":null,"status":"unknown","access":"","fee":"no","sockets":"","voltage":"","address":"","city":"","state":"","source":"OpenStreetMap (charge-finder mirror)","osm_id":"node/11023628445","website":""}},{"type":"Feature","geometry":{"type":"Point","coordinates":[-76.700695,39.9103236]},"properties":{"name":"Tesla Supercharger","network":"Tesla Supercharger","brand":"Tesla Supercharger","operator":"Tesla, Inc.","stalls":4,"kw_per_stall":null,"mw_capacity":null,"status":"unknown","access":"","fee":"","sockets":"","voltage":"","address":"","city":"","state":"","source":"OpenStreetMap (charge-finder mirror)","osm_id":"node/11026998320","website":""}},{"type":"Feature","geometry":{"type":"Point","coordinates":[-72.0146051,44.4607832]},"properties":{"name":"Tesla Supercharger","network":"Tesla Supercharger","brand":"Tesla Supercharger","operator":"Tesla, Inc.","stalls":null,"kw_per_stall":null,"mw_capacity":null,"status":"unknown","access":"","fee":"","sockets":"","voltage":"","address":"","city":"","state":"","source":"OpenStreetMap (charge-finder mirror)","osm_id":"node/11037794804","website":""}},{"type":"Feature","geometry":{"type":"Point","coordinates":[-72.0146374,44.4607874]},"properties":{"name":"Tesla Supercharger","network":"Tesla Supercharger","brand":"Tesla Supercharger","operator":"Tesla, Inc.","stalls":null,"kw_per_stall":null,"mw_capacity":null,"status":"unknown","access":"","fee":"","sockets":"","voltage":"","address":"","city":"","state":"","source":"OpenStreetMap (charge-finder mirror)","osm_id":"node/11037819805","website":""}},{"type":"Feature","geometry":{"type":"Point","coordinates":[-72.0146703,44.4607917]},"properties":{"name":"Tesla Supercharger","network":"Tesla Supercharger","brand":"Tesla Supercharger","operator":"Tesla, Inc.","stalls":null,"kw_per_stall":null,"mw_capacity":null,"status":"unknown","access":"","fee":"","sockets":"","voltage":"","address":"","city":"","state":"","source":"OpenStreetMap (charge-finder mirror)","osm_id":"node/11037819806","website":""}},{"type":"Feature","geometry":{"type":"Point","coordinates":[-72.0147033,44.460796]},"properties":{"name":"Tesla Supercharger","network":"Tesla Supercharger","brand":"Tesla Supercharger","operator":"Tesla, Inc.","stalls":null,"kw_per_stall":null,"mw_capacity":null,"status":"unknown","access":"","fee":"","sockets":"","voltage":"","address":"","city":"","state":"","source":"OpenStreetMap (charge-finder mirror)","osm_id":"node/11037819807","website":""}},{"type":"Feature","geometry":{"type":"Point","coordinates":[-72.0147357,44.4608003]},"properties":{"name":"Tesla Supercharger","network":"Tesla Supercharger","brand":"Tesla Supercharger","operator":"Tesla, Inc.","stalls":null,"kw_per_stall":null,"mw_capacity":null,"status":"unknown","access":"","fee":"","sockets":"","voltage":"","address":"","city":"","state":"","source":"OpenStreetMap (charge-finder mirror)","osm_id":"node/11037819808","website":""}},{"type":"Feature","geometry":{"type":"Point","coordinates":[-72.0147685,44.4608046]},"properties":{"name":"Tesla Supercharger","network":"Tesla Supercharger","brand":"Tesla Supercharger","operator":"Tesla, Inc.","stalls":null,"kw_per_stall":null,"mw_capacity":null,"status":"unknown","access":"","fee":"","sockets":"","voltage":"","address":"","city":"","state":"","source":"OpenStreetMap (charge-finder mirror)","osm_id":"node/11037819809","website":""}},{"type":"Feature","geometry":{"type":"Point","coordinates":[-72.0148024,44.4608091]},"properties":{"name":"Tesla Supercharger","network":"Tesla Supercharger","brand":"Tesla Supercharger","operator":"Tesla, Inc.","stalls":null,"kw_per_stall":null,"mw_capacity":null,"status":"unknown","access":"","fee":"","sockets":"","voltage":"","address":"","city":"","state":"","source":"OpenStreetMap (charge-finder mirror)","osm_id":"node/11037819810","website":""}},{"type":"Feature","geometry":{"type":"Point","coordinates":[-72.0148364,44.4608135]},"properties":{"name":"Tesla Supercharger","network":"Tesla Supercharger","brand":"Tesla Supercharger","operator":"Tesla, Inc.","stalls":null,"kw_per_stall":null,"mw_capacity":null,"status":"unknown","access":"","fee":"","sockets":"","voltage":"","address":"","city":"","state":"","source":"OpenStreetMap (charge-finder mirror)","osm_id":"node/11037819811","website":""}},{"type":"Feature","geometry":{"type":"Point","coordinates":[-119.7828565,39.5229189]},"properties":{"name":"Tesla Destination Charger","network":"Tesla","brand":"Tesla, Inc.","operator":"","stalls":2,"kw_per_stall":null,"mw_capacity":null,"status":"unknown","access":"","fee":"","sockets":"","voltage":"","address":"","city":"","state":"","source":"OpenStreetMap (charge-finder mirror)","osm_id":"node/11040530941","website":""}},{"type":"Feature","geometry":{"type":"Point","coordinates":[-75.3167149,43.0944836]},"properties":{"name":"Tesla Destination Charger","network":"Tesla","brand":"Tesla Destination Charger","operator":"TownePlace Suites","stalls":2,"kw_per_stall":null,"mw_capacity":null,"status":"unknown","access":"customers","fee":"no","sockets":"","voltage":"","address":"","city":"","state":"","source":"OpenStreetMap (charge-finder mirror)","osm_id":"node/11040539961","website":""}},{"type":"Feature","geometry":{"type":"Point","coordinates":[-77.5251773,39.1032228]},"properties":{"name":"Tesla Supercharger","network":"Tesla Supercharger","brand":"Tesla Supercharger","operator":"Tesla, Inc.","stalls":8,"kw_per_stall":250.0,"mw_capacity":2.0,"status":"24/7","access":"","fee":"yes","sockets":"8","voltage":"","address":"","city":"","state":"","source":"OpenStreetMap (charge-finder mirror)","osm_id":"node/11044380952","website":""}},{"type":"Feature","geometry":{"type":"Point","coordinates":[-90.782501,41.6198097]},"properties":{"name":"Tesla Supercharger","network":"Tesla Supercharger","brand":"Tesla Supercharger","operator":"Tesla, Inc.","stalls":8,"kw_per_stall":null,"mw_capacity":null,"status":"unknown","access":"","fee":"","sockets":"8","voltage":"","address":"","city":"","state":"","source":"OpenStreetMap (charge-finder mirror)","osm_id":"node/11047439463","website":""}},{"type":"Feature","geometry":{"type":"Point","coordinates":[-88.1696782,42.3215573]},"properties":{"name":"Tesla Supercharger","network":"Tesla Supercharger","brand":"Tesla Supercharger","operator":"Tesla, Inc.","stalls":null,"kw_per_stall":null,"mw_capacity":null,"status":"unknown","access":"","fee":"","sockets":"","voltage":"","address":"","city":"","state":"","source":"OpenStreetMap (charge-finder mirror)","osm_id":"node/11053904632","website":""}},{"type":"Feature","geometry":{"type":"Point","coordinates":[-119.6990535,36.8369531]},"properties":{"name":"Tesla Supercharger","network":"Tesla Supercharger","brand":"Tesla Supercharger","operator":"Tesla, Inc.","stalls":null,"kw_per_stall":null,"mw_capacity":null,"status":"unknown","access":"","fee":"","sockets":"","voltage":"","address":"","city":"","state":"","source":"OpenStreetMap (charge-finder mirror)","osm_id":"node/11059896122","website":""}},{"type":"Feature","geometry":{"type":"Point","coordinates":[-70.8693057,42.8952522]},"properties":{"name":"Tesla Supercharger","network":"Tesla Supercharger","brand":"Tesla Supercharger","operator":"Tesla, Inc.","stalls":8,"kw_per_stall":null,"mw_capacity":null,"status":"unknown","access":"","fee":"","sockets":"8","voltage":"","address":"","city":"","state":"","source":"OpenStreetMap (charge-finder mirror)","osm_id":"node/11060439971","website":""}},{"type":"Feature","geometry":{"type":"Point","coordinates":[-90.4238486,42.2584823]},"properties":{"name":"Tesla Destination Charger","network":"Tesla","brand":"Tesla, Inc.","operator":"","stalls":null,"kw_per_stall":null,"mw_capacity":null,"status":"unknown","access":"","fee":"","sockets":"","voltage":"","address":"","city":"","state":"","source":"OpenStreetMap (charge-finder mirror)","osm_id":"node/11082020988","website":""}},{"type":"Feature","geometry":{"type":"Point","coordinates":[-120.2397111,36.2538901]},"properties":{"name":"Tesla Supercharger","network":"Tesla Supercharger","brand":"Tesla Supercharger","operator":"Tesla, Inc.","stalls":40,"kw_per_stall":null,"mw_capacity":null,"status":"unknown","access":"","fee":"","sockets":"","voltage":"","address":"24553, W Dorris Avenue, Coalinga, California","city":"Coalinga","state":"California","source":"OpenStreetMap (charge-finder mirror)","osm_id":"node/11088613541","website":""}},{"type":"Feature","geometry":{"type":"Point","coordinates":[-111.8965501,33.3190942]},"properties":{"name":"Tesla Supercharger","network":"Tesla Supercharger","brand":"Tesla Supercharger","operator":"Tesla, Inc.","stalls":12,"kw_per_stall":null,"mw_capacity":null,"status":"unknown","access":"yes","fee":"yes","sockets":"","voltage":"","address":"","city":"","state":"","source":"OpenStreetMap (charge-finder mirror)","osm_id":"node/11091167421","website":""}},{"type":"Feature","geometry":{"type":"Point","coordinates":[-111.8056755,33.3802014]},"properties":{"name":"Tesla Supercharger","network":"Tesla Supercharger","brand":"Tesla Supercharger","operator":"Tesla, Inc.","stalls":12,"kw_per_stall":null,"mw_capacity":null,"status":"unknown","access":"yes","fee":"yes","sockets":"","voltage":"","address":"","city":"","state":"","source":"OpenStreetMap (charge-finder mirror)","osm_id":"node/11091167432","website":""}},{"type":"Feature","geometry":{"type":"Point","coordinates":[-111.8753699,33.3635329]},"properties":{"name":"Tesla Supercharger","network":"Tesla Supercharger","brand":"Tesla Supercharger","operator":"Tesla, Inc.","stalls":16,"kw_per_stall":null,"mw_capacity":null,"status":"unknown","access":"yes","fee":"yes","sockets":"","voltage":"","address":"","city":"","state":"","source":"OpenStreetMap (charge-finder mirror)","osm_id":"node/11091167436","website":""}},{"type":"Feature","geometry":{"type":"Point","coordinates":[-111.6186569,32.7825513]},"properties":{"name":"Tesla Supercharger","network":"Tesla Supercharger","brand":"Tesla Supercharger","operator":"Tesla, Inc.","stalls":28,"kw_per_stall":null,"mw_capacity":null,"status":"unknown","access":"yes","fee":"yes","sockets":"","voltage":"","address":"","city":"","state":"","source":"OpenStreetMap (charge-finder mirror)","osm_id":"node/11091175711","website":""}},{"type":"Feature","geometry":{"type":"Point","coordinates":[-76.6220512,39.3261701]},"properties":{"name":"Tesla Destination Charger","network":"Tesla","brand":"Tesla, Inc.","operator":"","stalls":4,"kw_per_stall":null,"mw_capacity":null,"status":"unknown","access":"","fee":"no","sockets":"","voltage":"","address":"","city":"","state":"","source":"OpenStreetMap (charge-finder mirror)","osm_id":"node/11098503333","website":""}},{"type":"Feature","geometry":{"type":"Point","coordinates":[-76.6220517,39.3261955]},"properties":{"name":"Tesla Destination Charger","network":"Tesla","brand":"Tesla, Inc.","operator":"","stalls":2,"kw_per_stall":null,"mw_capacity":null,"status":"unknown","access":"","fee":"no","sockets":"","voltage":"","address":"","city":"","state":"","source":"OpenStreetMap (charge-finder mirror)","osm_id":"node/11098503334","website":""}},{"type":"Feature","geometry":{"type":"Point","coordinates":[-83.5901793,41.5464088]},"properties":{"name":"Tesla Supercharger","network":"Tesla Supercharger","brand":"Tesla Supercharger","operator":"Tesla, Inc.","stalls":null,"kw_per_stall":null,"mw_capacity":null,"status":"unknown","access":"","fee":"no","sockets":"","voltage":"","address":"","city":"","state":"","source":"OpenStreetMap (charge-finder mirror)","osm_id":"node/11104885892","website":""}},{"type":"Feature","geometry":{"type":"Point","coordinates":[-83.5901793,41.5463855]},"properties":{"name":"Tesla Supercharger","network":"Tesla Supercharger","brand":"Tesla Supercharger","operator":"Tesla, Inc.","stalls":null,"kw_per_stall":null,"mw_capacity":null,"status":"unknown","access":"","fee":"no","sockets":"","voltage":"","address":"","city":"","state":"","source":"OpenStreetMap (charge-finder mirror)","osm_id":"node/11104885893","website":""}},{"type":"Feature","geometry":{"type":"Point","coordinates":[-83.5901793,41.5463583]},"properties":{"name":"Tesla Supercharger","network":"Tesla Supercharger","brand":"Tesla Supercharger","operator":"Tesla, Inc.","stalls":null,"kw_per_stall":null,"mw_capacity":null,"status":"unknown","access":"","fee":"no","sockets":"","voltage":"","address":"","city":"","state":"","source":"OpenStreetMap (charge-finder mirror)","osm_id":"node/11104885894","website":""}},{"type":"Feature","geometry":{"type":"Point","coordinates":[-83.5901767,41.5463341]},"properties":{"name":"Tesla Supercharger","network":"Tesla Supercharger","brand":"Tesla Supercharger","operator":"Tesla, Inc.","stalls":null,"kw_per_stall":null,"mw_capacity":null,"status":"unknown","access":"","fee":"no","sockets":"","voltage":"","address":"","city":"","state":"","source":"OpenStreetMap (charge-finder mirror)","osm_id":"node/11104885895","website":""}},{"type":"Feature","geometry":{"type":"Point","coordinates":[-83.5901754,41.5463108]},"properties":{"name":"Tesla Supercharger","network":"Tesla Supercharger","brand":"Tesla Supercharger","operator":"Tesla, Inc.","stalls":null,"kw_per_stall":null,"mw_capacity":null,"status":"unknown","access":"","fee":"no","sockets":"","voltage":"","address":"","city":"","state":"","source":"OpenStreetMap (charge-finder mirror)","osm_id":"node/11104885896","website":""}},{"type":"Feature","geometry":{"type":"Point","coordinates":[-83.5901741,41.5462846]},"properties":{"name":"Tesla Supercharger","network":"Tesla Supercharger","brand":"Tesla Supercharger","operator":"Tesla, Inc.","stalls":null,"kw_per_stall":null,"mw_capacity":null,"status":"unknown","access":"","fee":"no","sockets":"","voltage":"","address":"","city":"","state":"","source":"OpenStreetMap (charge-finder mirror)","osm_id":"node/11104885897","website":""}},{"type":"Feature","geometry":{"type":"Point","coordinates":[-77.0265571,41.2353917]},"properties":{"name":"Tesla Destination Charger","network":"Tesla","brand":"Tesla, Inc.","operator":"","stalls":2,"kw_per_stall":null,"mw_capacity":null,"status":"unknown","access":"yes","fee":"no","sockets":"","voltage":"","address":"","city":"","state":"","source":"OpenStreetMap (charge-finder mirror)","osm_id":"node/11110374799","website":"https://www.pct.edu/location/charging-station-0"}},{"type":"Feature","geometry":{"type":"Point","coordinates":[-115.1545569,36.1282128]},"properties":{"name":"Tesla Supercharger","network":"Tesla Supercharger","brand":"Tesla Supercharger","operator":"Tesla, Inc.","stalls":12,"kw_per_stall":null,"mw_capacity":null,"status":"unknown","access":"","fee":"no","sockets":"","voltage":"","address":"","city":"","state":"","source":"OpenStreetMap (charge-finder mirror)","osm_id":"node/11110410910","website":""}},{"type":"Feature","geometry":{"type":"Point","coordinates":[-115.1682969,36.1168312]},"properties":{"name":"Tesla Destination Charger","network":"Tesla","brand":"Tesla, Inc.","operator":"","stalls":13,"kw_per_stall":null,"mw_capacity":null,"status":"unknown","access":"","fee":"","sockets":"","voltage":"","address":"","city":"","state":"","source":"OpenStreetMap (charge-finder mirror)","osm_id":"node/11110410973","website":""}},{"type":"Feature","geometry":{"type":"Point","coordinates":[-115.1205751,36.0831177]},"properties":{"name":"Tesla Supercharger","network":"Tesla Supercharger","brand":"Tesla Supercharger","operator":"Tesla, Inc.","stalls":12,"kw_per_stall":null,"mw_capacity":null,"status":"unknown","access":"yes","fee":"","sockets":"","voltage":"","address":"","city":"","state":"","source":"OpenStreetMap (charge-finder mirror)","osm_id":"node/11110427982","website":""}},{"type":"Feature","geometry":{"type":"Point","coordinates":[-78.2864289,38.3461658]},"properties":{"name":"Tesla Destination Charger","network":"Tesla","brand":"Tesla, Inc.","operator":"","stalls":null,"kw_per_stall":null,"mw_capacity":null,"status":"unknown","access":"","fee":"","sockets":"","voltage":"","address":"","city":"","state":"","source":"OpenStreetMap (charge-finder mirror)","osm_id":"node/11112628800","website":""}},{"type":"Feature","geometry":{"type":"Point","coordinates":[-96.968834,32.6722626]},"properties":{"name":"Tesla Supercharger","network":"Tesla Supercharger","brand":"Tesla Supercharger","operator":"Tesla, Inc.","stalls":8,"kw_per_stall":null,"mw_capacity":null,"status":"unknown","access":"yes","fee":"","sockets":"","voltage":"","address":"","city":"","state":"","source":"OpenStreetMap (charge-finder mirror)","osm_id":"node/11120039641","website":""}},{"type":"Feature","geometry":{"type":"Point","coordinates":[-97.113413,32.6702081]},"properties":{"name":"Tesla Supercharger","network":"Tesla Supercharger","brand":"Tesla Supercharger","operator":"Tesla, Inc.","stalls":8,"kw_per_stall":null,"mw_capacity":null,"status":"unknown","access":"yes","fee":"","sockets":"","voltage":"","address":"","city":"","state":"","source":"OpenStreetMap (charge-finder mirror)","osm_id":"node/11120039690","website":""}},{"type":"Feature","geometry":{"type":"Point","coordinates":[-102.7909024,46.9012214]},"properties":{"name":"Tesla Destination Charger","network":"Tesla","brand":"Tesla, Inc.","operator":"","stalls":null,"kw_per_stall":null,"mw_capacity":null,"status":"unknown","access":"","fee":"","sockets":"","voltage":"","address":"","city":"","state":"","source":"OpenStreetMap (charge-finder mirror)","osm_id":"node/11121397674","website":""}},{"type":"Feature","geometry":{"type":"Point","coordinates":[-102.7908578,46.9012197]},"properties":{"name":"Tesla Destination Charger","network":"Tesla","brand":"Tesla, Inc.","operator":"","stalls":null,"kw_per_stall":null,"mw_capacity":null,"status":"unknown","access":"","fee":"","sockets":"","voltage":"","address":"","city":"","state":"","source":"OpenStreetMap (charge-finder mirror)","osm_id":"node/11121397675","website":""}},{"type":"Feature","geometry":{"type":"Point","coordinates":[-102.7908275,46.9012191]},"properties":{"name":"Tesla Destination Charger","network":"Tesla","brand":"Tesla, Inc.","operator":"","stalls":null,"kw_per_stall":null,"mw_capacity":null,"status":"unknown","access":"","fee":"","sockets":"","voltage":"","address":"","city":"","state":"","source":"OpenStreetMap (charge-finder mirror)","osm_id":"node/11121397676","website":""}},{"type":"Feature","geometry":{"type":"Point","coordinates":[-102.790793,46.9012174]},"properties":{"name":"Tesla Destination Charger","network":"Tesla","brand":"Tesla, Inc.","operator":"","stalls":null,"kw_per_stall":null,"mw_capacity":null,"status":"unknown","access":"","fee":"","sockets":"","voltage":"","address":"","city":"","state":"","source":"OpenStreetMap (charge-finder mirror)","osm_id":"node/11121397677","website":""}},{"type":"Feature","geometry":{"type":"Point","coordinates":[-102.7907551,46.9012185]},"properties":{"name":"Tesla Destination Charger","network":"Tesla","brand":"Tesla, Inc.","operator":"","stalls":null,"kw_per_stall":null,"mw_capacity":null,"status":"unknown","access":"","fee":"","sockets":"","voltage":"","address":"","city":"","state":"","source":"OpenStreetMap (charge-finder mirror)","osm_id":"node/11121397678","website":""}},{"type":"Feature","geometry":{"type":"Point","coordinates":[-102.7907189,46.9012174]},"properties":{"name":"Tesla Destination Charger","network":"Tesla","brand":"Tesla, Inc.","operator":"","stalls":null,"kw_per_stall":null,"mw_capacity":null,"status":"unknown","access":"","fee":"","sockets":"","voltage":"","address":"","city":"","state":"","source":"OpenStreetMap (charge-finder mirror)","osm_id":"node/11121397679","website":""}},{"type":"Feature","geometry":{"type":"Point","coordinates":[-102.7906844,46.9012156]},"properties":{"name":"Tesla Destination Charger","network":"Tesla","brand":"Tesla, Inc.","operator":"","stalls":null,"kw_per_stall":null,"mw_capacity":null,"status":"unknown","access":"","fee":"","sockets":"","voltage":"","address":"","city":"","state":"","source":"OpenStreetMap (charge-finder mirror)","osm_id":"node/11121397680","website":""}},{"type":"Feature","geometry":{"type":"Point","coordinates":[-105.0577707,39.7482001]},"properties":{"name":"Edgewater, CO Tesla Supercharger","network":"Tesla Supercharger","brand":"Tesla Supercharger","operator":"Tesla, Inc.","stalls":8,"kw_per_stall":null,"mw_capacity":null,"status":"unknown","access":"","fee":"yes","sockets":"","voltage":"","address":"","city":"","state":"","source":"OpenStreetMap (charge-finder mirror)","osm_id":"node/11122611075","website":""}},{"type":"Feature","geometry":{"type":"Point","coordinates":[-96.5929643,33.2705927]},"properties":{"name":"Tesla Supercharger","network":"Tesla Supercharger","brand":"Tesla Supercharger","operator":"Tesla, Inc.","stalls":8,"kw_per_stall":null,"mw_capacity":null,"status":"unknown","access":"yes","fee":"","sockets":"","voltage":"","address":"","city":"","state":"","source":"OpenStreetMap (charge-finder mirror)","osm_id":"node/11123446921","website":""}},{"type":"Feature","geometry":{"type":"Point","coordinates":[-96.6573334,33.2174635]},"properties":{"name":"Tesla Supercharger","network":"Tesla Supercharger","brand":"Tesla Supercharger","operator":"Tesla, Inc.","stalls":8,"kw_per_stall":null,"mw_capacity":null,"status":"unknown","access":"yes","fee":"","sockets":"","voltage":"","address":"","city":"","state":"","source":"OpenStreetMap (charge-finder mirror)","osm_id":"node/11123446961","website":""}},{"type":"Feature","geometry":{"type":"Point","coordinates":[-97.1668076,32.7630604]},"properties":{"name":"Tesla Supercharger","network":"Tesla Supercharger","brand":"Tesla Supercharger","operator":"Tesla, Inc.","stalls":16,"kw_per_stall":null,"mw_capacity":null,"status":"unknown","access":"yes","fee":"","sockets":"","voltage":"","address":"","city":"","state":"","source":"OpenStreetMap (charge-finder mirror)","osm_id":"node/11123447010","website":""}},{"type":"Feature","geometry":{"type":"Point","coordinates":[-97.2794279,33.0233521]},"properties":{"name":"Tesla Supercharger","network":"Tesla Supercharger","brand":"Tesla Supercharger","operator":"Tesla, Inc.","stalls":20,"kw_per_stall":null,"mw_capacity":null,"status":"unknown","access":"yes","fee":"","sockets":"","voltage":"","address":"","city":"","state":"","source":"OpenStreetMap (charge-finder mirror)","osm_id":"node/11123447052","website":""}},{"type":"Feature","geometry":{"type":"Point","coordinates":[-97.1017183,33.1786939]},"properties":{"name":"Tesla Supercharger","network":"Tesla Supercharger","brand":"Tesla Supercharger","operator":"Tesla, Inc.","stalls":8,"kw_per_stall":null,"mw_capacity":null,"status":"unknown","access":"yes","fee":"","sockets":"","voltage":"","address":"","city":"","state":"","source":"OpenStreetMap (charge-finder mirror)","osm_id":"node/11123447144","website":""}},{"type":"Feature","geometry":{"type":"Point","coordinates":[-97.2739407,32.7833338]},"properties":{"name":"Tesla Supercharger","network":"Tesla Supercharger","brand":"Tesla Supercharger","operator":"Tesla, Inc.","stalls":12,"kw_per_stall":null,"mw_capacity":null,"status":"unknown","access":"yes","fee":"","sockets":"","voltage":"","address":"","city":"","state":"","source":"OpenStreetMap (charge-finder mirror)","osm_id":"node/11123447211","website":""}},{"type":"Feature","geometry":{"type":"Point","coordinates":[-104.8547823,31.0373965]},"properties":{"name":"Tesla Supercharger","network":"Tesla Supercharger","brand":"Tesla Supercharger","operator":"Tesla, Inc.","stalls":12,"kw_per_stall":null,"mw_capacity":null,"status":"unknown","access":"","fee":"","sockets":"","voltage":"","address":"","city":"","state":"","source":"OpenStreetMap (charge-finder mirror)","osm_id":"node/11124117429","website":""}},{"type":"Feature","geometry":{"type":"Point","coordinates":[-96.60516,32.3223791]},"properties":{"name":"Tesla Supercharger","network":"Tesla Supercharger","brand":"Tesla Supercharger","operator":"Tesla, Inc.","stalls":24,"kw_per_stall":null,"mw_capacity":null,"status":"unknown","access":"yes","fee":"","sockets":"","voltage":"","address":"","city":"","state":"","source":"OpenStreetMap (charge-finder mirror)","osm_id":"node/11126162670","website":""}},{"type":"Feature","geometry":{"type":"Point","coordinates":[-96.7672338,32.8676204]},"properties":{"name":"Tesla Supercharger","network":"Tesla Supercharger","brand":"Tesla Supercharger","operator":"Tesla, Inc.","stalls":16,"kw_per_stall":null,"mw_capacity":null,"status":"unknown","access":"","fee":"","sockets":"","voltage":"","address":"","city":"","state":"","source":"OpenStreetMap (charge-finder mirror)","osm_id":"node/11126226835","website":""}},{"type":"Feature","geometry":{"type":"Point","coordinates":[-96.6740941,33.1296239]},"properties":{"name":"Tesla Supercharger","network":"Tesla Supercharger","brand":"Tesla Supercharger","operator":"Tesla, Inc.","stalls":12,"kw_per_stall":null,"mw_capacity":null,"status":"unknown","access":"yes","fee":"","sockets":"","voltage":"","address":"","city":"","state":"","source":"OpenStreetMap (charge-finder mirror)","osm_id":"node/11126226879","website":""}},{"type":"Feature","geometry":{"type":"Point","coordinates":[-97.3290478,31.1381408]},"properties":{"name":"Tesla Supercharger","network":"Tesla Supercharger","brand":"Tesla Supercharger","operator":"Tesla, Inc.","stalls":48,"kw_per_stall":null,"mw_capacity":null,"status":"unknown","access":"yes","fee":"","sockets":"","voltage":"","address":"","city":"","state":"","source":"OpenStreetMap (charge-finder mirror)","osm_id":"node/11126832360","website":""}},{"type":"Feature","geometry":{"type":"Point","coordinates":[-111.5755647,35.2318825]},"properties":{"name":"Tesla Supercharger","network":"Tesla Supercharger","brand":"Tesla Supercharger","operator":"Tesla, Inc.","stalls":24,"kw_per_stall":null,"mw_capacity":null,"status":"unknown","access":"yes","fee":"","sockets":"","voltage":"","address":"","city":"","state":"","source":"OpenStreetMap (charge-finder mirror)","osm_id":"node/11126870031","website":""}},{"type":"Feature","geometry":{"type":"Point","coordinates":[-98.1220711,31.7061005]},"properties":{"name":"Tesla Supercharger","network":"Tesla Supercharger","brand":"Tesla Supercharger","operator":"Tesla, Inc.","stalls":8,"kw_per_stall":null,"mw_capacity":null,"status":"unknown","access":"yes","fee":"yes","sockets":"","voltage":"","address":"","city":"","state":"","source":"OpenStreetMap (charge-finder mirror)","osm_id":"node/11129211782","website":""}},{"type":"Feature","geometry":{"type":"Point","coordinates":[-101.4532987,32.2580866]},"properties":{"name":"Tesla Supercharger","network":"Tesla Supercharger","brand":"Tesla Supercharger","operator":"Tesla, Inc.","stalls":16,"kw_per_stall":null,"mw_capacity":null,"status":"unknown","access":"yes","fee":"yes","sockets":"","voltage":"","address":"","city":"","state":"","source":"OpenStreetMap (charge-finder mirror)","osm_id":"node/11129286917","website":""}},{"type":"Feature","geometry":{"type":"Point","coordinates":[-101.7446462,35.1932993]},"properties":{"name":"Tesla Supercharger","network":"Tesla Supercharger","brand":"Tesla Supercharger","operator":"Tesla, Inc.","stalls":12,"kw_per_stall":null,"mw_capacity":null,"status":"unknown","access":"yes","fee":"yes","sockets":"","voltage":"","address":"","city":"","state":"","source":"OpenStreetMap (charge-finder mirror)","osm_id":"node/11129297881","website":""}},{"type":"Feature","geometry":{"type":"Point","coordinates":[-83.7660947,31.9635961]},"properties":{"name":"Tesla Destination Charger","network":"Tesla Supercharger","brand":"Tesla, Inc.","operator":"","stalls":10,"kw_per_stall":null,"mw_capacity":null,"status":"unknown","access":"","fee":"","sockets":"10","voltage":"","address":"","city":"","state":"","source":"OpenStreetMap (charge-finder mirror)","osm_id":"node/11132951998","website":""}},{"type":"Feature","geometry":{"type":"Point","coordinates":[-121.9817414,37.3004894]},"properties":{"name":"Tesla Supercharger","network":"Tesla Supercharger","brand":"Tesla Supercharger","operator":"Tesla, Inc.","stalls":null,"kw_per_stall":null,"mw_capacity":null,"status":"unknown","access":"","fee":"","sockets":"","voltage":"","address":"","city":"","state":"","source":"OpenStreetMap (charge-finder mirror)","osm_id":"node/11140454523","website":""}},{"type":"Feature","geometry":{"type":"Point","coordinates":[-122.0367736,37.324875]},"properties":{"name":"Tesla Supercharger","network":"Tesla Supercharger","brand":"Tesla Supercharger","operator":"Tesla, Inc.","stalls":null,"kw_per_stall":null,"mw_capacity":null,"status":"unknown","access":"","fee":"","sockets":"","voltage":"","address":"","city":"","state":"","source":"OpenStreetMap (charge-finder mirror)","osm_id":"node/11141546590","website":""}},{"type":"Feature","geometry":{"type":"Point","coordinates":[-122.036773,37.3248645]},"properties":{"name":"Tesla Supercharger","network":"Tesla Supercharger","brand":"Tesla Supercharger","operator":"Tesla, Inc.","stalls":null,"kw_per_stall":null,"mw_capacity":null,"status":"unknown","access":"","fee":"","sockets":"","voltage":"","address":"","city":"","state":"","source":"OpenStreetMap (charge-finder mirror)","osm_id":"node/11141546591","website":""}},{"type":"Feature","geometry":{"type":"Point","coordinates":[-122.0367732,37.3248498]},"properties":{"name":"Tesla Supercharger","network":"Tesla Supercharger","brand":"Tesla Supercharger","operator":"Tesla, Inc.","stalls":null,"kw_per_stall":null,"mw_capacity":null,"status":"unknown","access":"","fee":"","sockets":"","voltage":"","address":"","city":"","state":"","source":"OpenStreetMap (charge-finder mirror)","osm_id":"node/11141546592","website":""}},{"type":"Feature","geometry":{"type":"Point","coordinates":[-122.036773,37.3248404]},"properties":{"name":"Tesla Supercharger","network":"Tesla Supercharger","brand":"Tesla Supercharger","operator":"Tesla, Inc.","stalls":null,"kw_per_stall":null,"mw_capacity":null,"status":"unknown","access":"","fee":"","sockets":"","voltage":"","address":"","city":"","state":"","source":"OpenStreetMap (charge-finder mirror)","osm_id":"node/11141546593","website":""}},{"type":"Feature","geometry":{"type":"Point","coordinates":[-122.0367729,37.3248249]},"properties":{"name":"Tesla Supercharger","network":"Tesla Supercharger","brand":"Tesla Supercharger","operator":"Tesla, Inc.","stalls":null,"kw_per_stall":null,"mw_capacity":null,"status":"unknown","access":"","fee":"","sockets":"","voltage":"","address":"","city":"","state":"","source":"OpenStreetMap (charge-finder mirror)","osm_id":"node/11141546594","website":""}},{"type":"Feature","geometry":{"type":"Point","coordinates":[-122.0367577,37.3250347]},"properties":{"name":"Tesla Supercharger","network":"Tesla Supercharger","brand":"Tesla Supercharger","operator":"Tesla, Inc.","stalls":null,"kw_per_stall":null,"mw_capacity":null,"status":"unknown","access":"","fee":"","sockets":"","voltage":"","address":"","city":"","state":"","source":"OpenStreetMap (charge-finder mirror)","osm_id":"node/11141546596","website":""}},{"type":"Feature","geometry":{"type":"Point","coordinates":[-122.0367887,37.3250342]},"properties":{"name":"Tesla Supercharger","network":"Tesla Supercharger","brand":"Tesla Supercharger","operator":"Tesla, Inc.","stalls":null,"kw_per_stall":null,"mw_capacity":null,"status":"unknown","access":"","fee":"","sockets":"","voltage":"","address":"","city":"","state":"","source":"OpenStreetMap (charge-finder mirror)","osm_id":"node/11141546597","website":""}},{"type":"Feature","geometry":{"type":"Point","coordinates":[-122.0368212,37.3250346]},"properties":{"name":"Tesla Supercharger","network":"Tesla Supercharger","brand":"Tesla Supercharger","operator":"Tesla, Inc.","stalls":null,"kw_per_stall":null,"mw_capacity":null,"status":"unknown","access":"","fee":"","sockets":"","voltage":"","address":"","city":"","state":"","source":"OpenStreetMap (charge-finder mirror)","osm_id":"node/11141546598","website":""}},{"type":"Feature","geometry":{"type":"Point","coordinates":[-122.036852,37.3250341]},"properties":{"name":"Tesla Supercharger","network":"Tesla Supercharger","brand":"Tesla Supercharger","operator":"Tesla, Inc.","stalls":null,"kw_per_stall":null,"mw_capacity":null,"status":"unknown","access":"","fee":"","sockets":"","voltage":"","address":"","city":"","state":"","source":"OpenStreetMap (charge-finder mirror)","osm_id":"node/11141546599","website":""}},{"type":"Feature","geometry":{"type":"Point","coordinates":[-122.0368823,37.3250337]},"properties":{"name":"Tesla Supercharger","network":"Tesla Supercharger","brand":"Tesla Supercharger","operator":"Tesla, Inc.","stalls":null,"kw_per_stall":null,"mw_capacity":null,"status":"unknown","access":"","fee":"","sockets":"","voltage":"","address":"","city":"","state":"","source":"OpenStreetMap (charge-finder mirror)","osm_id":"node/11141546600","website":""}},{"type":"Feature","geometry":{"type":"Point","coordinates":[-122.0369132,37.3250336]},"properties":{"name":"Tesla Supercharger","network":"Tesla Supercharger","brand":"Tesla Supercharger","operator":"Tesla, Inc.","stalls":null,"kw_per_stall":null,"mw_capacity":null,"status":"unknown","access":"","fee":"","sockets":"","voltage":"","address":"","city":"","state":"","source":"OpenStreetMap (charge-finder mirror)","osm_id":"node/11141546601","website":""}},{"type":"Feature","geometry":{"type":"Point","coordinates":[-122.0369453,37.3250337]},"properties":{"name":"Tesla Supercharger","network":"Tesla Supercharger","brand":"Tesla Supercharger","operator":"Tesla, Inc.","stalls":null,"kw_per_stall":null,"mw_capacity":null,"status":"unknown","access":"","fee":"","sockets":"","voltage":"","address":"","city":"","state":"","source":"OpenStreetMap (charge-finder mirror)","osm_id":"node/11141546602","website":""}},{"type":"Feature","geometry":{"type":"Point","coordinates":[-122.0369817,37.3248753]},"properties":{"name":"Tesla Supercharger","network":"Tesla Supercharger","brand":"Tesla Supercharger","operator":"Tesla, Inc.","stalls":null,"kw_per_stall":null,"mw_capacity":null,"status":"unknown","access":"","fee":"","sockets":"","voltage":"","address":"","city":"","state":"","source":"OpenStreetMap (charge-finder mirror)","osm_id":"node/11141546603","website":""}},{"type":"Feature","geometry":{"type":"Point","coordinates":[-122.0369815,37.3248651]},"properties":{"name":"Tesla Supercharger","network":"Tesla Supercharger","brand":"Tesla Supercharger","operator":"Tesla, Inc.","stalls":null,"kw_per_stall":null,"mw_capacity":null,"status":"unknown","access":"","fee":"","sockets":"","voltage":"","address":"","city":"","state":"","source":"OpenStreetMap (charge-finder mirror)","osm_id":"node/11141546604","website":""}},{"type":"Feature","geometry":{"type":"Point","coordinates":[-122.0369819,37.3248512]},"properties":{"name":"Tesla Supercharger","network":"Tesla Supercharger","brand":"Tesla Supercharger","operator":"Tesla, Inc.","stalls":null,"kw_per_stall":null,"mw_capacity":null,"status":"unknown","access":"","fee":"","sockets":"","voltage":"","address":"","city":"","state":"","source":"OpenStreetMap (charge-finder mirror)","osm_id":"node/11141584005","website":""}},{"type":"Feature","geometry":{"type":"Point","coordinates":[-122.0369818,37.3248399]},"properties":{"name":"Tesla Supercharger","network":"Tesla Supercharger","brand":"Tesla Supercharger","operator":"Tesla, Inc.","stalls":null,"kw_per_stall":null,"mw_capacity":null,"status":"unknown","access":"","fee":"","sockets":"","voltage":"","address":"","city":"","state":"","source":"OpenStreetMap (charge-finder mirror)","osm_id":"node/11141584006","website":""}},{"type":"Feature","geometry":{"type":"Point","coordinates":[-122.0369805,37.3248273]},"properties":{"name":"Tesla Supercharger","network":"Tesla Supercharger","brand":"Tesla Supercharger","operator":"Tesla, Inc.","stalls":null,"kw_per_stall":null,"mw_capacity":null,"status":"unknown","access":"","fee":"","sockets":"","voltage":"","address":"","city":"","state":"","source":"OpenStreetMap (charge-finder mirror)","osm_id":"node/11141584007","website":""}},{"type":"Feature","geometry":{"type":"Point","coordinates":[-122.0369812,37.3248161]},"properties":{"name":"Tesla Supercharger","network":"Tesla Supercharger","brand":"Tesla Supercharger","operator":"Tesla, Inc.","stalls":null,"kw_per_stall":null,"mw_capacity":null,"status":"unknown","access":"","fee":"","sockets":"","voltage":"","address":"","city":"","state":"","source":"OpenStreetMap (charge-finder mirror)","osm_id":"node/11141584008","website":""}},{"type":"Feature","geometry":{"type":"Point","coordinates":[-122.0369819,37.3248015]},"properties":{"name":"Tesla Supercharger","network":"Tesla Supercharger","brand":"Tesla Supercharger","operator":"Tesla, Inc.","stalls":null,"kw_per_stall":null,"mw_capacity":null,"status":"unknown","access":"","fee":"","sockets":"","voltage":"","address":"","city":"","state":"","source":"OpenStreetMap (charge-finder mirror)","osm_id":"node/11141584009","website":""}},{"type":"Feature","geometry":{"type":"Point","coordinates":[-122.0369806,37.3247913]},"properties":{"name":"Tesla Supercharger","network":"Tesla Supercharger","brand":"Tesla Supercharger","operator":"Tesla, Inc.","stalls":null,"kw_per_stall":null,"mw_capacity":null,"status":"unknown","access":"","fee":"","sockets":"","voltage":"","address":"","city":"","state":"","source":"OpenStreetMap (charge-finder mirror)","osm_id":"node/11141584010","website":""}},{"type":"Feature","geometry":{"type":"Point","coordinates":[-122.0369807,37.3247467]},"properties":{"name":"Tesla Supercharger","network":"Tesla Supercharger","brand":"Tesla Supercharger","operator":"Tesla, Inc.","stalls":null,"kw_per_stall":null,"mw_capacity":null,"status":"unknown","access":"","fee":"","sockets":"","voltage":"","address":"","city":"","state":"","source":"OpenStreetMap (charge-finder mirror)","osm_id":"node/11141584011","website":""}},{"type":"Feature","geometry":{"type":"Point","coordinates":[-122.0369798,37.3247684]},"properties":{"name":"Tesla Supercharger","network":"Tesla Supercharger","brand":"Tesla Supercharger","operator":"Tesla, Inc.","stalls":null,"kw_per_stall":null,"mw_capacity":null,"status":"unknown","access":"","fee":"","sockets":"","voltage":"","address":"","city":"","state":"","source":"OpenStreetMap (charge-finder mirror)","osm_id":"node/11141584012","website":""}},{"type":"Feature","geometry":{"type":"Point","coordinates":[-122.036757,37.3248979]},"properties":{"name":"Tesla Supercharger","network":"Tesla Supercharger","brand":"Tesla Supercharger","operator":"Tesla, Inc.","stalls":null,"kw_per_stall":null,"mw_capacity":null,"status":"unknown","access":"","fee":"","sockets":"","voltage":"","address":"","city":"","state":"","source":"OpenStreetMap (charge-finder mirror)","osm_id":"node/11141584013","website":""}},{"type":"Feature","geometry":{"type":"Point","coordinates":[-122.0369708,37.3248988]},"properties":{"name":"Tesla Supercharger","network":"Tesla Supercharger","brand":"Tesla Supercharger","operator":"Tesla, Inc.","stalls":null,"kw_per_stall":null,"mw_capacity":null,"status":"unknown","access":"","fee":"","sockets":"","voltage":"","address":"","city":"","state":"","source":"OpenStreetMap (charge-finder mirror)","osm_id":"node/11141584014","website":""}},{"type":"Feature","geometry":{"type":"Point","coordinates":[-122.0369799,37.3247234]},"properties":{"name":"Tesla Supercharger","network":"Tesla Supercharger","brand":"Tesla Supercharger","operator":"Tesla, Inc.","stalls":null,"kw_per_stall":null,"mw_capacity":null,"status":"unknown","access":"","fee":"","sockets":"","voltage":"","address":"","city":"","state":"","source":"OpenStreetMap (charge-finder mirror)","osm_id":"node/11141584015","website":""}},{"type":"Feature","geometry":{"type":"Point","coordinates":[-122.0367726,37.3247988]},"properties":{"name":"Tesla Supercharger","network":"Tesla Supercharger","brand":"Tesla Supercharger","operator":"Tesla, Inc.","stalls":null,"kw_per_stall":null,"mw_capacity":null,"status":"unknown","access":"","fee":"","sockets":"","voltage":"","address":"","city":"","state":"","source":"OpenStreetMap (charge-finder mirror)","osm_id":"node/11141584017","website":""}},{"type":"Feature","geometry":{"type":"Point","coordinates":[-81.4579636,28.4059221]},"properties":{"name":"Tesla Supercharger","network":"Tesla Supercharger","brand":"Tesla Supercharger","operator":"Tesla, Inc.","stalls":8,"kw_per_stall":null,"mw_capacity":null,"status":"unknown","access":"","fee":"","sockets":"8","voltage":"","address":"","city":"","state":"","source":"OpenStreetMap (charge-finder mirror)","osm_id":"node/11145400441","website":""}},{"type":"Feature","geometry":{"type":"Point","coordinates":[-111.1138462,30.5405705]},"properties":{"name":"Tesla Supercharger","network":"Tesla Supercharger","brand":"Tesla Supercharger","operator":"Tesla, Inc.","stalls":null,"kw_per_stall":null,"mw_capacity":null,"status":"unknown","access":"","fee":"","sockets":"","voltage":"","address":"","city":"","state":"","source":"OpenStreetMap (charge-finder mirror)","osm_id":"node/11149171723","website":""}},{"type":"Feature","geometry":{"type":"Point","coordinates":[-97.6103928,30.8143642]},"properties":{"name":"Tesla Supercharger","network":"Tesla Supercharger","brand":"Tesla Supercharger","operator":"Tesla, Inc.","stalls":8,"kw_per_stall":null,"mw_capacity":null,"status":"unknown","access":"","fee":"","sockets":"","voltage":"","address":"","city":"","state":"","source":"OpenStreetMap (charge-finder mirror)","osm_id":"node/11155326446","website":""}},{"type":"Feature","geometry":{"type":"Point","coordinates":[-97.6939771,30.6320946]},"properties":{"name":"Tesla Supercharger","network":"Tesla Supercharger","brand":"Tesla Supercharger","operator":"Tesla, Inc.","stalls":16,"kw_per_stall":null,"mw_capacity":null,"status":"unknown","access":"yes","fee":"","sockets":"","voltage":"","address":"","city":"","state":"","source":"OpenStreetMap (charge-finder mirror)","osm_id":"node/11155327189","website":""}},{"type":"Feature","geometry":{"type":"Point","coordinates":[-97.6309169,30.1724346]},"properties":{"name":"Tesla Supercharger","network":"Tesla Supercharger","brand":"Tesla Supercharger","operator":"Tesla, Inc.","stalls":8,"kw_per_stall":null,"mw_capacity":null,"status":"unknown","access":"yes","fee":"","sockets":"","voltage":"","address":"","city":"","state":"","source":"OpenStreetMap (charge-finder mirror)","osm_id":"node/11155327226","website":""}},{"type":"Feature","geometry":{"type":"Point","coordinates":[-93.1365678,35.3043659]},"properties":{"name":"Tesla Destination Charger","network":"Tesla","brand":"Tesla, Inc.","operator":"","stalls":null,"kw_per_stall":null,"mw_capacity":null,"status":"unknown","access":"","fee":"","sockets":"","voltage":"","address":"","city":"","state":"","source":"OpenStreetMap (charge-finder mirror)","osm_id":"node/11163165599","website":""}},{"type":"Feature","geometry":{"type":"Point","coordinates":[-108.4019712,45.8266101]},"properties":{"name":"Tesla Supercharger","network":"Tesla Supercharger","brand":"Tesla Supercharger","operator":"Tesla, Inc.","stalls":null,"kw_per_stall":null,"mw_capacity":null,"status":"unknown","access":"","fee":"no","sockets":"","voltage":"","address":"","city":"","state":"","source":"OpenStreetMap (charge-finder mirror)","osm_id":"node/11167419973","website":""}},{"type":"Feature","geometry":{"type":"Point","coordinates":[-73.6695899,40.7961544]},"properties":{"name":"Tesla Destination Charger","network":"Tesla","brand":"Tesla, Inc.","operator":"","stalls":2,"kw_per_stall":null,"mw_capacity":null,"status":"unknown","access":"","fee":"","sockets":"","voltage":"","address":"","city":"","state":"","source":"OpenStreetMap (charge-finder mirror)","osm_id":"node/11169581358","website":""}},{"type":"Feature","geometry":{"type":"Point","coordinates":[-73.6708272,40.796439]},"properties":{"name":"Tesla Destination Charger","network":"Tesla","brand":"Tesla, Inc.","operator":"","stalls":2,"kw_per_stall":null,"mw_capacity":null,"status":"unknown","access":"","fee":"","sockets":"","voltage":"","address":"","city":"","state":"","source":"OpenStreetMap (charge-finder mirror)","osm_id":"node/11169581361","website":""}},{"type":"Feature","geometry":{"type":"Point","coordinates":[-71.5786636,43.2892283]},"properties":{"name":"Tesla Supercharger","network":"Tesla Supercharger","brand":"Tesla Supercharger","operator":"Tesla, Inc.","stalls":12,"kw_per_stall":null,"mw_capacity":null,"status":"unknown","access":"","fee":"","sockets":"","voltage":"","address":"","city":"","state":"","source":"OpenStreetMap (charge-finder mirror)","osm_id":"node/11170133740","website":""}},{"type":"Feature","geometry":{"type":"Point","coordinates":[-96.8733348,32.7709923]},"properties":{"name":"Tesla Supercharger","network":"Tesla Supercharger","brand":"Tesla Supercharger","operator":"Tesla, Inc.","stalls":8,"kw_per_stall":null,"mw_capacity":null,"status":"unknown","access":"yes","fee":"","sockets":"","voltage":"","address":"","city":"","state":"","source":"OpenStreetMap (charge-finder mirror)","osm_id":"node/11178071476","website":""}},{"type":"Feature","geometry":{"type":"Point","coordinates":[-96.2963714,32.9791924]},"properties":{"name":"Tesla Supercharger","network":"Tesla Supercharger","brand":"Tesla Supercharger","operator":"Tesla, Inc.","stalls":8,"kw_per_stall":null,"mw_capacity":null,"status":"unknown","access":"","fee":"","sockets":"","voltage":"","address":"","city":"","state":"","source":"OpenStreetMap (charge-finder mirror)","osm_id":"node/11178072604","website":""}},{"type":"Feature","geometry":{"type":"Point","coordinates":[-96.1774356,31.7253611]},"properties":{"name":"Tesla Supercharger","network":"Tesla Supercharger","brand":"Tesla Supercharger","operator":"Tesla, Inc.","stalls":15,"kw_per_stall":null,"mw_capacity":null,"status":"unknown","access":"yes","fee":"","sockets":"","voltage":"","address":"","city":"","state":"","source":"OpenStreetMap (charge-finder mirror)","osm_id":"node/11179682219","website":""}},{"type":"Feature","geometry":{"type":"Point","coordinates":[-122.3745208,47.6625233]},"properties":{"name":"Tesla Supercharger","network":"Tesla Supercharger","brand":"Tesla Supercharger","operator":"Tesla, Inc.","stalls":8,"kw_per_stall":null,"mw_capacity":null,"status":"unknown","access":"","fee":"","sockets":"8","voltage":"","address":"","city":"","state":"","source":"OpenStreetMap (charge-finder mirror)","osm_id":"node/11181958267","website":""}},{"type":"Feature","geometry":{"type":"Point","coordinates":[-124.0073386,49.2060267]},"properties":{"name":"Tesla Supercharger","network":"Tesla Supercharger","brand":"Tesla Supercharger","operator":"Tesla, Inc.","stalls":null,"kw_per_stall":null,"mw_capacity":null,"status":"unknown","access":"","fee":"","sockets":"","voltage":"","address":"","city":"","state":"","source":"OpenStreetMap (charge-finder mirror)","osm_id":"node/11182044722","website":""}},{"type":"Feature","geometry":{"type":"Point","coordinates":[-124.7861332,49.2669116]},"properties":{"name":"Tesla Supercharger","network":"Tesla Supercharger","brand":"Tesla Supercharger","operator":"Tesla, Inc.","stalls":null,"kw_per_stall":null,"mw_capacity":null,"status":"unknown","access":"","fee":"yes","sockets":"","voltage":"","address":"","city":"","state":"","source":"OpenStreetMap (charge-finder mirror)","osm_id":"node/11182052309","website":""}},{"type":"Feature","geometry":{"type":"Point","coordinates":[-86.5381962,35.9244415]},"properties":{"name":"Tesla Supercharger 250 kW","network":"Tesla Supercharger","brand":"Tesla Supercharger","operator":"Tesla, Inc.","stalls":12,"kw_per_stall":null,"mw_capacity":null,"status":"unknown","access":"yes","fee":"no","sockets":"","voltage":"","address":"","city":"","state":"","source":"OpenStreetMap (charge-finder mirror)","osm_id":"node/11183677526","website":""}},{"type":"Feature","geometry":{"type":"Point","coordinates":[-100.846731,25.6134361]},"properties":{"name":"Tesla Supercharger","network":"Tesla Supercharger","brand":"Tesla Supercharger","operator":"Tesla, Inc.","stalls":null,"kw_per_stall":null,"mw_capacity":null,"status":"unknown","access":"","fee":"","sockets":"","voltage":"","address":"","city":"","state":"","source":"OpenStreetMap (charge-finder mirror)","osm_id":"node/11184582325","website":""}},{"type":"Feature","geometry":{"type":"Point","coordinates":[-71.0956755,41.7632975]},"properties":{"name":"Tesla Supercharger","network":"Tesla Supercharger","brand":"Tesla Supercharger","operator":"Tesla, Inc.","stalls":8,"kw_per_stall":250.0,"mw_capacity":2.0,"status":"24/7","access":"","fee":"","sockets":"8","voltage":"","address":"","city":"","state":"","source":"OpenStreetMap (charge-finder mirror)","osm_id":"node/11190329986","website":"https://www.tesla.com/findus/location/supercharger/FreetownMAQ322"}},{"type":"Feature","geometry":{"type":"Point","coordinates":[-112.0215624,34.730073]},"properties":{"name":"Tesla/ClipperCreek","network":"Tesla","brand":"Tesla/ClipperCreek","operator":"","stalls":2,"kw_per_stall":null,"mw_capacity":null,"status":"unknown","access":"customers","fee":"no","sockets":"","voltage":"","address":"","city":"","state":"","source":"OpenStreetMap (charge-finder mirror)","osm_id":"node/11196149838","website":""}},{"type":"Feature","geometry":{"type":"Point","coordinates":[-112.0216579,34.730052]},"properties":{"name":"Tesla/ClipperCreek","network":"Tesla","brand":"Tesla/ClipperCreek","operator":"","stalls":2,"kw_per_stall":null,"mw_capacity":null,"status":"unknown","access":"customers","fee":"no","sockets":"","voltage":"","address":"","city":"","state":"","source":"OpenStreetMap (charge-finder mirror)","osm_id":"node/11196149841","website":""}},{"type":"Feature","geometry":{"type":"Point","coordinates":[-121.5246614,38.6555993]},"properties":{"name":"Tesla Supercharger (coming soon)","network":"Tesla Supercharger","brand":"Tesla Supercharger","operator":"Tesla, Inc.","stalls":8,"kw_per_stall":null,"mw_capacity":null,"status":"unknown","access":"","fee":"","sockets":"","voltage":"","address":"","city":"","state":"","source":"OpenStreetMap (charge-finder mirror)","osm_id":"node/11196537520","website":""}},{"type":"Feature","geometry":{"type":"Point","coordinates":[-121.3635267,38.5954101]},"properties":{"name":"Tesla Supercharger (coming soon)","network":"Tesla Supercharger","brand":"Tesla Supercharger","operator":"Tesla, Inc.","stalls":12,"kw_per_stall":null,"mw_capacity":null,"status":"unknown","access":"","fee":"","sockets":"","voltage":"","address":"","city":"","state":"","source":"OpenStreetMap (charge-finder mirror)","osm_id":"node/11196537521","website":""}},{"type":"Feature","geometry":{"type":"Point","coordinates":[-121.4312383,38.6011875]},"properties":{"name":"Tesla Supercharger (coming soon)","network":"Tesla Supercharger","brand":"Tesla Supercharger","operator":"Tesla, Inc.","stalls":8,"kw_per_stall":null,"mw_capacity":null,"status":"unknown","access":"","fee":"","sockets":"","voltage":"","address":"","city":"","state":"","source":"OpenStreetMap (charge-finder mirror)","osm_id":"node/11196537522","website":""}},{"type":"Feature","geometry":{"type":"Point","coordinates":[-121.4944338,38.4644174]},"properties":{"name":"Tesla Supercharger (Coming Soon)","network":"Tesla Supercharger","brand":"Tesla Supercharger","operator":"Tesla, Inc.","stalls":8,"kw_per_stall":null,"mw_capacity":null,"status":"unknown","access":"","fee":"yes","sockets":"","voltage":"","address":"","city":"","state":"","source":"OpenStreetMap (charge-finder mirror)","osm_id":"node/11196537533","website":""}},{"type":"Feature","geometry":{"type":"Point","coordinates":[-121.8399256,38.4578911]},"properties":{"name":"Tesla Supercharger (Coming Soon)","network":"Tesla Supercharger","brand":"Tesla Supercharger","operator":"Tesla, Inc.","stalls":12,"kw_per_stall":null,"mw_capacity":null,"status":"unknown","access":"","fee":"","sockets":"","voltage":"","address":"","city":"","state":"","source":"OpenStreetMap (charge-finder mirror)","osm_id":"node/11196667602","website":""}},{"type":"Feature","geometry":{"type":"Point","coordinates":[-121.967983,38.3653002]},"properties":{"name":"Tesla Supercharger (Coming Soon)","network":"Tesla Supercharger","brand":"Tesla Supercharger","operator":"Tesla, Inc.","stalls":8,"kw_per_stall":null,"mw_capacity":null,"status":"unknown","access":"","fee":"","sockets":"","voltage":"","address":"","city":"","state":"","source":"OpenStreetMap (charge-finder mirror)","osm_id":"node/11196667603","website":""}},{"type":"Feature","geometry":{"type":"Point","coordinates":[-122.1270148,38.2212433]},"properties":{"name":"Tesla Supercharger (coming soon)","network":"Tesla Supercharger","brand":"Tesla Supercharger","operator":"Tesla, Inc.","stalls":8,"kw_per_stall":null,"mw_capacity":null,"status":"unknown","access":"","fee":"","sockets":"","voltage":"","address":"","city":"","state":"","source":"OpenStreetMap (charge-finder mirror)","osm_id":"node/11196667604","website":""}},{"type":"Feature","geometry":{"type":"Point","coordinates":[-89.9919524,34.9634468]},"properties":{"name":"Tesla Supercharger","network":"Tesla Supercharger","brand":"Tesla Supercharger","operator":"Tesla, Inc.","stalls":null,"kw_per_stall":null,"mw_capacity":null,"status":"unknown","access":"","fee":"","sockets":"","voltage":"","address":"","city":"","state":"","source":"OpenStreetMap (charge-finder mirror)","osm_id":"node/11198394761","website":""}},{"type":"Feature","geometry":{"type":"Point","coordinates":[-76.1219069,42.7998564]},"properties":{"name":"Tesla Supercharger","network":"Tesla Supercharger","brand":"Tesla Supercharger","operator":"Tesla, Inc.","stalls":null,"kw_per_stall":null,"mw_capacity":null,"status":"unknown","access":"","fee":"","sockets":"","voltage":"","address":"5755, State Route 80, Tully, NY","city":"Tully","state":"NY","source":"OpenStreetMap (charge-finder mirror)","osm_id":"node/11200017889","website":"https://www.tesla.com/findus/location/supercharger/29095"}},{"type":"Feature","geometry":{"type":"Point","coordinates":[-84.1479209,34.2125237]},"properties":{"name":"Tesla Destination Charger","network":"Tesla","brand":"Tesla, Inc.","operator":"Tesla","stalls":null,"kw_per_stall":null,"mw_capacity":null,"status":"unknown","access":"","fee":"","sockets":"","voltage":"","address":"","city":"","state":"","source":"OpenStreetMap (charge-finder mirror)","osm_id":"node/11201039697","website":""}},{"type":"Feature","geometry":{"type":"Point","coordinates":[-84.1474891,34.2117151]},"properties":{"name":"Tesla Destination Charger","network":"Tesla","brand":"Tesla, Inc.","operator":"Tesla","stalls":null,"kw_per_stall":null,"mw_capacity":null,"status":"unknown","access":"","fee":"","sockets":"","voltage":"","address":"","city":"","state":"","source":"OpenStreetMap (charge-finder mirror)","osm_id":"node/11201051126","website":""}},{"type":"Feature","geometry":{"type":"Point","coordinates":[-84.1477414,34.211035]},"properties":{"name":"Tesla Destination Charger","network":"Tesla","brand":"Tesla, Inc.","operator":"Tesla","stalls":null,"kw_per_stall":null,"mw_capacity":null,"status":"unknown","access":"","fee":"","sockets":"","voltage":"","address":"","city":"","state":"","source":"OpenStreetMap (charge-finder mirror)","osm_id":"node/11201407151","website":""}},{"type":"Feature","geometry":{"type":"Point","coordinates":[-84.1491238,34.2114612]},"properties":{"name":"Tesla Destination Charger","network":"Tesla","brand":"Tesla, Inc.","operator":"Tesla","stalls":null,"kw_per_stall":null,"mw_capacity":null,"status":"unknown","access":"","fee":"","sockets":"","voltage":"","address":"","city":"","state":"","source":"OpenStreetMap (charge-finder mirror)","osm_id":"node/11201407152","website":""}},{"type":"Feature","geometry":{"type":"Point","coordinates":[-116.0510813,34.1204958]},"properties":{"name":"Tesla Supercharger","network":"Tesla Supercharger","brand":"","operator":"","stalls":null,"kw_per_stall":null,"mw_capacity":null,"status":"unknown","access":"","fee":"","sockets":"","voltage":"","address":"","city":"","state":"","source":"OpenStreetMap (charge-finder mirror)","osm_id":"node/11205468151","website":""}},{"type":"Feature","geometry":{"type":"Point","coordinates":[-122.2887486,40.4336013]},"properties":{"name":"Tesla Supercharger (coming Soon)","network":"Tesla Supercharger","brand":"Tesla Supercharger","operator":"Tesla, Inc.","stalls":null,"kw_per_stall":null,"mw_capacity":null,"status":"unknown","access":"","fee":"","sockets":"","voltage":"","address":"","city":"","state":"","source":"OpenStreetMap (charge-finder mirror)","osm_id":"node/11210816568","website":""}},{"type":"Feature","geometry":{"type":"Point","coordinates":[-122.3591284,40.5786435]},"properties":{"name":"Tesla Supercharger (coming Soon)","network":"Tesla Supercharger","brand":"Tesla Supercharger","operator":"Tesla, Inc.","stalls":44,"kw_per_stall":null,"mw_capacity":null,"status":"unknown","access":"","fee":"","sockets":"","voltage":"","address":"","city":"","state":"","source":"OpenStreetMap (charge-finder mirror)","osm_id":"node/11210816569","website":""}},{"type":"Feature","geometry":{"type":"Point","coordinates":[-74.5970145,40.366796]},"properties":{"name":"Tesla Destination Charger","network":"Tesla","brand":"Tesla, Inc.","operator":"","stalls":null,"kw_per_stall":null,"mw_capacity":null,"status":"unknown","access":"","fee":"","sockets":"","voltage":"","address":"","city":"","state":"","source":"OpenStreetMap (charge-finder mirror)","osm_id":"node/11214810827","website":""}},{"type":"Feature","geometry":{"type":"Point","coordinates":[-121.315461,44.0494663]},"properties":{"name":"Tesla Supercharger","network":"Tesla Supercharger","brand":"Tesla Supercharger","operator":"Tesla, Inc.","stalls":8,"kw_per_stall":null,"mw_capacity":null,"status":"unknown","access":"","fee":"","sockets":"","voltage":"","address":"","city":"","state":"","source":"OpenStreetMap (charge-finder mirror)","osm_id":"node/11214913810","website":""}},{"type":"Feature","geometry":{"type":"Point","coordinates":[-71.113806,44.0202387]},"properties":{"name":"Tesla Supercharger","network":"Tesla Supercharger","brand":"Tesla Supercharger","operator":"Tesla, Inc.","stalls":null,"kw_per_stall":null,"mw_capacity":null,"status":"unknown","access":"","fee":"","sockets":"","voltage":"","address":"","city":"","state":"","source":"OpenStreetMap (charge-finder mirror)","osm_id":"node/11227433159","website":""}},{"type":"Feature","geometry":{"type":"Point","coordinates":[-122.4835779,48.7829185]},"properties":{"name":"Tesla Destination Charger","network":"Tesla","brand":"Tesla, Inc.","operator":"","stalls":null,"kw_per_stall":null,"mw_capacity":null,"status":"unknown","access":"customers","fee":"","sockets":"","voltage":"","address":"","city":"","state":"","source":"OpenStreetMap (charge-finder mirror)","osm_id":"node/11228653588","website":""}},{"type":"Feature","geometry":{"type":"Point","coordinates":[-123.1229238,49.1785957]},"properties":{"name":"Tesla Supercharger","network":"Tesla Supercharger","brand":"Tesla Supercharger","operator":"Tesla, Inc.","stalls":40,"kw_per_stall":null,"mw_capacity":null,"status":"unknown","access":"","fee":"","sockets":"","voltage":"","address":"","city":"","state":"","source":"OpenStreetMap (charge-finder mirror)","osm_id":"node/11229777826","website":""}},{"type":"Feature","geometry":{"type":"Point","coordinates":[-86.5791169,39.1660986]},"properties":{"name":"Tesla Supercharger","network":"Tesla Supercharger","brand":"Tesla Supercharger","operator":"Tesla, Inc.","stalls":null,"kw_per_stall":null,"mw_capacity":null,"status":"unknown","access":"","fee":"","sockets":"","voltage":"","address":"","city":"","state":"","source":"OpenStreetMap (charge-finder mirror)","osm_id":"node/11230022830","website":""}},{"type":"Feature","geometry":{"type":"Point","coordinates":[-116.662235,31.8662791]},"properties":{"name":"Tesla Supercharger","network":"Tesla Supercharger","brand":"Tesla Supercharger","operator":"Tesla, Inc.","stalls":6,"kw_per_stall":null,"mw_capacity":null,"status":"unknown","access":"","fee":"","sockets":"","voltage":"","address":"","city":"","state":"","source":"OpenStreetMap (charge-finder mirror)","osm_id":"node/11244960075","website":""}},{"type":"Feature","geometry":{"type":"Point","coordinates":[-122.6804634,45.5184517]},"properties":{"name":"Tesla Supercharger","network":"Tesla Supercharger","brand":"Tesla Supercharger","operator":"Tesla, Inc.","stalls":4,"kw_per_stall":null,"mw_capacity":null,"status":"unknown","access":"","fee":"","sockets":"","voltage":"","address":"","city":"","state":"","source":"OpenStreetMap (charge-finder mirror)","osm_id":"node/11246283833","website":""}},{"type":"Feature","geometry":{"type":"Point","coordinates":[-122.7827682,45.4502186]},"properties":{"name":"Tesla Supercharger","network":"Tesla Supercharger","brand":"Tesla Supercharger","operator":"Tesla, Inc.","stalls":10,"kw_per_stall":null,"mw_capacity":null,"status":"unknown","access":"","fee":"","sockets":"","voltage":"","address":"","city":"","state":"","source":"OpenStreetMap (charge-finder mirror)","osm_id":"node/11246322867","website":""}},{"type":"Feature","geometry":{"type":"Point","coordinates":[-121.1349096,44.6140821]},"properties":{"name":"Tesla Supercharger","network":"Tesla Supercharger","brand":"Tesla Supercharger","operator":"Tesla, Inc.","stalls":8,"kw_per_stall":null,"mw_capacity":null,"status":"unknown","access":"","fee":"","sockets":"","voltage":"","address":"","city":"","state":"","source":"OpenStreetMap (charge-finder mirror)","osm_id":"node/11246680184","website":""}},{"type":"Feature","geometry":{"type":"Point","coordinates":[-117.2454961,33.2011293]},"properties":{"name":"Tesla Destination Charger","network":"Tesla","brand":"Tesla, Inc.","operator":"","stalls":20,"kw_per_stall":null,"mw_capacity":null,"status":"unknown","access":"","fee":"","sockets":"","voltage":"","address":"","city":"","state":"","source":"OpenStreetMap (charge-finder mirror)","osm_id":"node/11246924424","website":""}},{"type":"Feature","geometry":{"type":"Point","coordinates":[-82.0626551,32.3789373]},"properties":{"name":"Tesla Charging Station","network":"Tesla","brand":"Tesla","operator":"","stalls":12,"kw_per_stall":null,"mw_capacity":null,"status":"unknown","access":"","fee":"yes","sockets":"","voltage":"","address":"","city":"","state":"","source":"OpenStreetMap (charge-finder mirror)","osm_id":"node/11248773891","website":""}},{"type":"Feature","geometry":{"type":"Point","coordinates":[-122.6007371,49.2205242]},"properties":{"name":"Supercharger","network":"Tesla Supercharger","brand":"Tesla","operator":"","stalls":null,"kw_per_stall":null,"mw_capacity":null,"status":"unknown","access":"","fee":"","sockets":"","voltage":"","address":"","city":"","state":"","source":"OpenStreetMap (charge-finder mirror)","osm_id":"node/11250111033","website":""}},{"type":"Feature","geometry":{"type":"Point","coordinates":[-117.7177678,41.9950112]},"properties":{"name":"Tesla Supercharger","network":"Tesla Supercharger","brand":"Tesla Supercharger","operator":"Tesla, Inc.","stalls":8,"kw_per_stall":null,"mw_capacity":null,"status":"unknown","access":"","fee":"","sockets":"","voltage":"","address":"","city":"","state":"","source":"OpenStreetMap (charge-finder mirror)","osm_id":"node/11252039128","website":""}},{"type":"Feature","geometry":{"type":"Point","coordinates":[-111.6632248,35.174123]},"properties":{"name":"Tesla Supercharger","network":"Tesla Supercharger","brand":"Tesla Supercharger","operator":"Tesla, Inc.","stalls":null,"kw_per_stall":null,"mw_capacity":null,"status":"unknown","access":"","fee":"yes","sockets":"","voltage":"","address":"","city":"","state":"","source":"OpenStreetMap (charge-finder mirror)","osm_id":"node/11252079627","website":""}},{"type":"Feature","geometry":{"type":"Point","coordinates":[-111.662122,35.1793336]},"properties":{"name":"Tesla Supercharger","network":"Tesla Supercharger","brand":"Tesla Supercharger","operator":"Tesla, Inc.","stalls":null,"kw_per_stall":null,"mw_capacity":null,"status":"unknown","access":"","fee":"","sockets":"","voltage":"","address":"","city":"","state":"","source":"OpenStreetMap (charge-finder mirror)","osm_id":"node/11252079632","website":""}},{"type":"Feature","geometry":{"type":"Point","coordinates":[-111.6623547,35.1793152]},"properties":{"name":"Tesla Supercharger","network":"Tesla Supercharger","brand":"Tesla Supercharger","operator":"Tesla, Inc.","stalls":null,"kw_per_stall":null,"mw_capacity":null,"status":"unknown","access":"","fee":"","sockets":"","voltage":"","address":"","city":"","state":"","source":"OpenStreetMap (charge-finder mirror)","osm_id":"node/11252079633","website":""}},{"type":"Feature","geometry":{"type":"Point","coordinates":[-122.2289302,40.1631343]},"properties":{"name":"Tesla Supercharger","network":"Tesla Supercharger","brand":"Tesla Supercharger","operator":"Tesla, Inc.","stalls":12,"kw_per_stall":250.0,"mw_capacity":3.0,"status":"24/7","access":"","fee":"","sockets":"12","voltage":"","address":"725, South Main Street, Red Bluff, CA","city":"Red Bluff","state":"CA","source":"OpenStreetMap (charge-finder mirror)","osm_id":"node/11252112230","website":""}},{"type":"Feature","geometry":{"type":"Point","coordinates":[-123.8438975,45.4816537]},"properties":{"name":"Tesla Supercharger","network":"Tesla Supercharger","brand":"Tesla Supercharger","operator":"Tesla, Inc.","stalls":12,"kw_per_stall":null,"mw_capacity":null,"status":"unknown","access":"","fee":"","sockets":"","voltage":"","address":"2325, Latimer Road North, Tillamook, OR","city":"Tillamook","state":"OR","source":"OpenStreetMap (charge-finder mirror)","osm_id":"node/11252124932","website":""}},{"type":"Feature","geometry":{"type":"Point","coordinates":[-122.8764719,45.7563159]},"properties":{"name":"Tesla Supercharger","network":"Tesla Supercharger","brand":"Tesla Supercharger","operator":"Tesla, Inc.","stalls":4,"kw_per_stall":null,"mw_capacity":null,"status":"unknown","access":"","fee":"","sockets":"","voltage":"","address":"52426, Southeast 2nd Street, Scappoose, OR","city":"Scappoose","state":"OR","source":"OpenStreetMap (charge-finder mirror)","osm_id":"node/11252126111","website":""}},{"type":"Feature","geometry":{"type":"Point","coordinates":[-122.2274309,40.1821636]},"properties":{"name":"Tesla Supercharger","network":"Tesla Supercharger","brand":"Tesla Supercharger","operator":"Tesla, Inc.","stalls":8,"kw_per_stall":250.0,"mw_capacity":2.0,"status":"24/7","access":"","fee":"","sockets":"8","voltage":"","address":"82, Belle Mill Road, Red Bluff, CA","city":"Red Bluff","state":"CA","source":"OpenStreetMap (charge-finder mirror)","osm_id":"node/11252135648","website":""}},{"type":"Feature","geometry":{"type":"Point","coordinates":[-122.2881464,40.3891645]},"properties":{"name":"Tesla Supercharger","network":"Tesla Supercharger","brand":"Tesla Supercharger","operator":"Tesla, Inc.","stalls":12,"kw_per_stall":250.0,"mw_capacity":3.0,"status":"unknown","access":"","fee":"","sockets":"12","voltage":"","address":"20635, Gas Point Road, Cottonwood, CA","city":"Cottonwood","state":"CA","source":"OpenStreetMap (charge-finder mirror)","osm_id":"node/11252136860","website":""}},{"type":"Feature","geometry":{"type":"Point","coordinates":[-122.282944,47.8655011]},"properties":{"name":"Tesla Supercharger Lynnwood, WA - 148th Street Southwest","network":"Tesla Supercharger","brand":"Tesla Supercharger","operator":"Tesla, Inc.","stalls":12,"kw_per_stall":null,"mw_capacity":null,"status":"unknown","access":"","fee":"","sockets":"","voltage":"","address":"","city":"","state":"","source":"OpenStreetMap (charge-finder mirror)","osm_id":"node/11252447098","website":""}},{"type":"Feature","geometry":{"type":"Point","coordinates":[-76.2460718,39.4832894]},"properties":{"name":"Tesla Destination Charger","network":"Tesla","brand":"Tesla, Inc.","operator":"","stalls":2,"kw_per_stall":null,"mw_capacity":null,"status":"unknown","access":"","fee":"","sockets":"","voltage":"","address":"","city":"","state":"","source":"OpenStreetMap (charge-finder mirror)","osm_id":"node/11256482920","website":""}},{"type":"Feature","geometry":{"type":"Point","coordinates":[-81.9829596,34.9364679]},"properties":{"name":"Tesla Supercharger","network":"Tesla Supercharger","brand":"Tesla Supercharger","operator":"Tesla, Inc.","stalls":null,"kw_per_stall":null,"mw_capacity":null,"status":"unknown","access":"yes","fee":"","sockets":"","voltage":"","address":"","city":"","state":"","source":"OpenStreetMap (charge-finder mirror)","osm_id":"node/11263163605","website":""}},{"type":"Feature","geometry":{"type":"Point","coordinates":[-81.982918,34.936471]},"properties":{"name":"Tesla Supercharger","network":"Tesla Supercharger","brand":"Tesla Supercharger","operator":"Tesla, Inc.","stalls":null,"kw_per_stall":null,"mw_capacity":null,"status":"unknown","access":"yes","fee":"","sockets":"","voltage":"","address":"","city":"","state":"","source":"OpenStreetMap (charge-finder mirror)","osm_id":"node/11263163606","website":""}},{"type":"Feature","geometry":{"type":"Point","coordinates":[-81.982873,34.9364743]},"properties":{"name":"Tesla Supercharger","network":"Tesla Supercharger","brand":"Tesla Supercharger","operator":"Tesla, Inc.","stalls":null,"kw_per_stall":null,"mw_capacity":null,"status":"unknown","access":"yes","fee":"","sockets":"","voltage":"","address":"","city":"","state":"","source":"OpenStreetMap (charge-finder mirror)","osm_id":"node/11263163607","website":""}},{"type":"Feature","geometry":{"type":"Point","coordinates":[-81.9828288,34.9364776]},"properties":{"name":"Tesla Supercharger","network":"Tesla Supercharger","brand":"Tesla Supercharger","operator":"Tesla, Inc.","stalls":null,"kw_per_stall":null,"mw_capacity":null,"status":"unknown","access":"yes","fee":"","sockets":"","voltage":"","address":"","city":"","state":"","source":"OpenStreetMap (charge-finder mirror)","osm_id":"node/11263163608","website":""}},{"type":"Feature","geometry":{"type":"Point","coordinates":[-81.9827826,34.9364811]},"properties":{"name":"Tesla Supercharger","network":"Tesla Supercharger","brand":"Tesla Supercharger","operator":"Tesla, Inc.","stalls":null,"kw_per_stall":null,"mw_capacity":null,"status":"unknown","access":"yes","fee":"","sockets":"","voltage":"","address":"","city":"","state":"","source":"OpenStreetMap (charge-finder mirror)","osm_id":"node/11263163609","website":""}},{"type":"Feature","geometry":{"type":"Point","coordinates":[-73.659037,45.4961874]},"properties":{"name":"Montr\u00e9al-Ferrier Supercharger","network":"Tesla Supercharger","brand":"Tesla, Inc.","operator":"Tesla, Inc.","stalls":2,"kw_per_stall":null,"mw_capacity":null,"status":"unknown","access":"","fee":"","sockets":"","voltage":"","address":"5350, Rue Ferrier, Montr\u00e9al, QC","city":"Montr\u00e9al","state":"QC","source":"OpenStreetMap (charge-finder mirror)","osm_id":"node/11267546584","website":"https://www.teslamotors.com/supercharger/montrealferrier"}},{"type":"Feature","geometry":{"type":"Point","coordinates":[-123.0788757,49.0898599]},"properties":{"name":"Tesla Supercharger","network":"Tesla Supercharger","brand":"Tesla Supercharger","operator":"Tesla, Inc.","stalls":null,"kw_per_stall":null,"mw_capacity":null,"status":"unknown","access":"","fee":"","sockets":"","voltage":"","address":"","city":"","state":"","source":"OpenStreetMap (charge-finder mirror)","osm_id":"node/11268370019","website":""}},{"type":"Feature","geometry":{"type":"Point","coordinates":[-116.949484,44.0227947]},"properties":{"name":"Tesla Destination Charger","network":"Tesla","brand":"Tesla, Inc.","operator":"","stalls":16,"kw_per_stall":null,"mw_capacity":null,"status":"unknown","access":"","fee":"","sockets":"","voltage":"","address":"","city":"","state":"","source":"OpenStreetMap (charge-finder mirror)","osm_id":"node/11269454933","website":""}},{"type":"Feature","geometry":{"type":"Point","coordinates":[-122.0653844,38.2575891]},"properties":{"name":"Tesla Supercharger","network":"Tesla Supercharger","brand":"Tesla Supercharger","operator":"Tesla, Inc.","stalls":null,"kw_per_stall":null,"mw_capacity":null,"status":"unknown","access":"","fee":"","sockets":"","voltage":"","address":"","city":"","state":"","source":"OpenStreetMap (charge-finder mirror)","osm_id":"node/11277853854","website":""}},{"type":"Feature","geometry":{"type":"Point","coordinates":[-122.0651636,38.2566034]},"properties":{"name":"Tesla Supercharger","network":"Tesla Supercharger","brand":"Tesla Supercharger","operator":"Tesla, Inc.","stalls":null,"kw_per_stall":null,"mw_capacity":null,"status":"unknown","access":"","fee":"","sockets":"","voltage":"","address":"","city":"","state":"","source":"OpenStreetMap (charge-finder mirror)","osm_id":"node/11277853864","website":""}},{"type":"Feature","geometry":{"type":"Point","coordinates":[-104.9904147,39.8894371]},"properties":{"name":"Tesla Supercharger","network":"Tesla Supercharger","brand":"Tesla Supercharger","operator":"Tesla, Inc.","stalls":16,"kw_per_stall":null,"mw_capacity":null,"status":"unknown","access":"customers","fee":"","sockets":"16","voltage":"","address":"","city":"","state":"","source":"OpenStreetMap (charge-finder mirror)","osm_id":"node/11286180934","website":""}},{"type":"Feature","geometry":{"type":"Point","coordinates":[-119.9522681,36.8517414]},"properties":{"name":"Tesla Supercharger","network":"Tesla Supercharger","brand":"Tesla Supercharger","operator":"Tesla, Inc.","stalls":null,"kw_per_stall":null,"mw_capacity":null,"status":"unknown","access":"","fee":"","sockets":"","voltage":"","address":"","city":"","state":"","source":"OpenStreetMap (charge-finder mirror)","osm_id":"node/11292030756","website":""}},{"type":"Feature","geometry":{"type":"Point","coordinates":[-81.9231831,28.9173378]},"properties":{"name":"Tesla Destination Charger","network":"Tesla","brand":"Tesla, Inc.","operator":"","stalls":null,"kw_per_stall":null,"mw_capacity":null,"status":"unknown","access":"","fee":"","sockets":"","voltage":"","address":"","city":"","state":"","source":"OpenStreetMap (charge-finder mirror)","osm_id":"node/11308312411","website":""}},{"type":"Feature","geometry":{"type":"Point","coordinates":[-103.2125319,44.1055849]},"properties":{"name":"Tesla Destination Charger","network":"Tesla","brand":"Tesla, Inc.","operator":"","stalls":null,"kw_per_stall":null,"mw_capacity":null,"status":"unknown","access":"","fee":"","sockets":"","voltage":"","address":"","city":"","state":"","source":"OpenStreetMap (charge-finder mirror)","osm_id":"node/11308934895","website":""}},{"type":"Feature","geometry":{"type":"Point","coordinates":[-70.1625146,42.0623178]},"properties":{"name":"Tesla Supercharger","network":"Tesla Supercharger","brand":"Tesla Supercharger","operator":"Tesla, Inc.","stalls":12,"kw_per_stall":null,"mw_capacity":null,"status":"24/7","access":"yes","fee":"yes","sockets":"","voltage":"","address":"698, Commercial Street, Provincetown, MA","city":"Provincetown","state":"MA","source":"OpenStreetMap (charge-finder mirror)","osm_id":"node/11330474185","website":""}},{"type":"Feature","geometry":{"type":"Point","coordinates":[-72.0724764,42.0985556]},"properties":{"name":"Tesla Supercharger","network":"Tesla Supercharger","brand":"Tesla Supercharger","operator":"Tesla, Inc.","stalls":null,"kw_per_stall":null,"mw_capacity":null,"status":"unknown","access":"","fee":"","sockets":"","voltage":"","address":"","city":"","state":"","source":"OpenStreetMap (charge-finder mirror)","osm_id":"node/11331265964","website":""}},{"type":"Feature","geometry":{"type":"Point","coordinates":[-78.7691608,35.8316175]},"properties":{"name":"Tesla Supercharger","network":"Tesla Supercharger","brand":"Tesla Supercharger","operator":"Tesla, Inc.","stalls":null,"kw_per_stall":null,"mw_capacity":null,"status":"unknown","access":"","fee":"","sockets":"","voltage":"","address":"","city":"","state":"","source":"OpenStreetMap (charge-finder mirror)","osm_id":"node/11336379886","website":""}},{"type":"Feature","geometry":{"type":"Point","coordinates":[-79.5226111,43.6455433]},"properties":{"name":"Tesla Destination Charger","network":"Tesla","brand":"Tesla, Inc.","operator":"","stalls":null,"kw_per_stall":null,"mw_capacity":null,"status":"unknown","access":"","fee":"","sockets":"","voltage":"","address":"","city":"","state":"","source":"OpenStreetMap (charge-finder mirror)","osm_id":"node/11342745157","website":""}},{"type":"Feature","geometry":{"type":"Point","coordinates":[-120.188698,34.6145921]},"properties":{"name":"Tesla Supercharger","network":"Tesla Supercharger","brand":"Tesla Supercharger","operator":"Tesla, Inc.","stalls":null,"kw_per_stall":null,"mw_capacity":null,"status":"unknown","access":"","fee":"","sockets":"","voltage":"","address":"","city":"","state":"","source":"OpenStreetMap (charge-finder mirror)","osm_id":"node/11343117953","website":""}},{"type":"Feature","geometry":{"type":"Point","coordinates":[-81.1011986,29.2236899]},"properties":{"name":"Tesla Supercharger","network":"Tesla Supercharger","brand":"Tesla Supercharger","operator":"Tesla, Inc.","stalls":null,"kw_per_stall":null,"mw_capacity":null,"status":"unknown","access":"","fee":"","sockets":"","voltage":"","address":"","city":"","state":"","source":"OpenStreetMap (charge-finder mirror)","osm_id":"node/11343163264","website":""}},{"type":"Feature","geometry":{"type":"Point","coordinates":[-122.7625539,45.3338265]},"properties":{"name":"Tesla Supercharger","network":"Tesla Supercharger","brand":"Tesla Supercharger","operator":"Tesla, Inc.","stalls":null,"kw_per_stall":null,"mw_capacity":null,"status":"unknown","access":"","fee":"","sockets":"","voltage":"","address":"","city":"","state":"","source":"OpenStreetMap (charge-finder mirror)","osm_id":"node/11366620606","website":""}},{"type":"Feature","geometry":{"type":"Point","coordinates":[-73.6186484,45.7232639]},"properties":{"name":"Tesla Supercharger","network":"Tesla Supercharger","brand":"Tesla Supercharger","operator":"Tesla, Inc.","stalls":null,"kw_per_stall":null,"mw_capacity":null,"status":"unknown","access":"","fee":"","sockets":"","voltage":"","address":"","city":"","state":"","source":"OpenStreetMap (charge-finder mirror)","osm_id":"node/11375769826","website":""}},{"type":"Feature","geometry":{"type":"Point","coordinates":[-84.3806724,30.1075208]},"properties":{"name":"Tesla Supercharger","network":"Tesla Supercharger","brand":"Tesla Supercharger","operator":"Tesla, Inc.","stalls":null,"kw_per_stall":null,"mw_capacity":null,"status":"unknown","access":"","fee":"yes","sockets":"","voltage":"","address":"","city":"","state":"","source":"OpenStreetMap (charge-finder mirror)","osm_id":"node/11375897005","website":""}},{"type":"Feature","geometry":{"type":"Point","coordinates":[-72.4241665,43.6449089]},"properties":{"name":"Tesla Destination Charger","network":"Tesla","brand":"Tesla, Inc.","operator":"","stalls":null,"kw_per_stall":null,"mw_capacity":null,"status":"unknown","access":"yes","fee":"yes","sockets":"","voltage":"","address":"","city":"","state":"","source":"OpenStreetMap (charge-finder mirror)","osm_id":"node/11378043819","website":""}},{"type":"Feature","geometry":{"type":"Point","coordinates":[-72.4241629,43.644932]},"properties":{"name":"Tesla Destination Charger","network":"Tesla","brand":"Tesla, Inc.","operator":"","stalls":null,"kw_per_stall":null,"mw_capacity":null,"status":"unknown","access":"yes","fee":"yes","sockets":"","voltage":"","address":"","city":"","state":"","source":"OpenStreetMap (charge-finder mirror)","osm_id":"node/11378043820","website":""}},{"type":"Feature","geometry":{"type":"Point","coordinates":[-72.42417,43.6448799]},"properties":{"name":"Tesla Destination Charger","network":"Tesla","brand":"Tesla, Inc.","operator":"","stalls":null,"kw_per_stall":null,"mw_capacity":null,"status":"unknown","access":"yes","fee":"yes","sockets":"","voltage":"","address":"","city":"","state":"","source":"OpenStreetMap (charge-finder mirror)","osm_id":"node/11378043821","website":""}},{"type":"Feature","geometry":{"type":"Point","coordinates":[-90.8256071,44.2938701]},"properties":{"name":"Tesla Supercharger","network":"Tesla Supercharger","brand":"Tesla Supercharger","operator":"Tesla, Inc.","stalls":null,"kw_per_stall":null,"mw_capacity":null,"status":"unknown","access":"","fee":"","sockets":"","voltage":"","address":"","city":"","state":"","source":"OpenStreetMap (charge-finder mirror)","osm_id":"node/11378246578","website":""}},{"type":"Feature","geometry":{"type":"Point","coordinates":[-79.2345258,37.9302559]},"properties":{"name":"Tesla Supercharger","network":"Tesla Supercharger","brand":"Tesla Supercharger","operator":"Tesla, Inc.","stalls":null,"kw_per_stall":null,"mw_capacity":null,"status":"unknown","access":"","fee":"","sockets":"","voltage":"","address":"","city":"","state":"","source":"OpenStreetMap (charge-finder mirror)","osm_id":"node/11379575990","website":""}},{"type":"Feature","geometry":{"type":"Point","coordinates":[-87.8348105,34.0097905]},"properties":{"name":"Tesla Supercharger","network":"Tesla Supercharger","brand":"Tesla Supercharger","operator":"Tesla, Inc.","stalls":12,"kw_per_stall":250.0,"mw_capacity":3.0,"status":"unknown","access":"yes","fee":"yes","sockets":"","voltage":"","address":"","city":"","state":"","source":"OpenStreetMap (charge-finder mirror)","osm_id":"node/11379953077","website":"https://www.tesla.com/findus/location/supercharger/19305"}},{"type":"Feature","geometry":{"type":"Point","coordinates":[-119.5541044,35.4980916]},"properties":{"name":"Tesla Supercharger","network":"Tesla Supercharger","brand":"Tesla Supercharger","operator":"Tesla, Inc.","stalls":null,"kw_per_stall":null,"mw_capacity":null,"status":"unknown","access":"","fee":"","sockets":"","voltage":"","address":"","city":"","state":"","source":"OpenStreetMap (charge-finder mirror)","osm_id":"node/11380372647","website":""}},{"type":"Feature","geometry":{"type":"Point","coordinates":[-119.6559908,35.6168343]},"properties":{"name":"Tesla Supercharger","network":"Tesla Supercharger","brand":"Tesla Supercharger","operator":"Tesla, Inc.","stalls":null,"kw_per_stall":null,"mw_capacity":null,"status":"unknown","access":"","fee":"","sockets":"","voltage":"","address":"","city":"","state":"","source":"OpenStreetMap (charge-finder mirror)","osm_id":"node/11380387917","website":""}},{"type":"Feature","geometry":{"type":"Point","coordinates":[-121.1744719,37.4664112]},"properties":{"name":"Tesla Supercharger","network":"Tesla Supercharger","brand":"Tesla Supercharger","operator":"Tesla, Inc.","stalls":null,"kw_per_stall":null,"mw_capacity":null,"status":"unknown","access":"","fee":"","sockets":"","voltage":"","address":"","city":"","state":"","source":"OpenStreetMap (charge-finder mirror)","osm_id":"node/11380403395","website":""}},{"type":"Feature","geometry":{"type":"Point","coordinates":[-121.0121444,37.1002371]},"properties":{"name":"Tesla Supercharger","network":"Tesla Supercharger","brand":"Tesla Supercharger","operator":"Tesla, Inc.","stalls":null,"kw_per_stall":null,"mw_capacity":null,"status":"unknown","access":"","fee":"","sockets":"","voltage":"","address":"","city":"","state":"","source":"OpenStreetMap (charge-finder mirror)","osm_id":"node/11380403396","website":""}},{"type":"Feature","geometry":{"type":"Point","coordinates":[-105.86862,37.4673067]},"properties":{"name":"Tesla Supercharger","network":"Tesla Supercharger","brand":"Tesla Supercharger","operator":"Tesla, Inc.","stalls":8,"kw_per_stall":null,"mw_capacity":null,"status":"unknown","access":"yes","fee":"yes","sockets":"","voltage":"","address":"","city":"","state":"","source":"OpenStreetMap (charge-finder mirror)","osm_id":"node/11384817303","website":"https://tesla.com/findus"}},{"type":"Feature","geometry":{"type":"Point","coordinates":[-118.3965547,37.360664]},"properties":{"name":"Bishop Supercharger","network":"Tesla Supercharger","brand":"Tesla, Inc.","operator":"Tesla, Inc.","stalls":12,"kw_per_stall":250.0,"mw_capacity":3.0,"status":"24/7","access":"yes","fee":"yes","sockets":"12","voltage":"","address":"","city":"","state":"","source":"OpenStreetMap (charge-finder mirror)","osm_id":"node/11393203921","website":"https://www.tesla.com/findus/location/supercharger/mammothlakessupercharger"}},{"type":"Feature","geometry":{"type":"Point","coordinates":[-118.967954,37.6362149]},"properties":{"name":"Mammoth Lakes Old Mammoth Road Supercharger","network":"Tesla Supercharger","brand":"Tesla Supercharger","operator":"Tesla, Inc.","stalls":12,"kw_per_stall":250.0,"mw_capacity":3.0,"status":"24/7","access":"yes","fee":"yes","sockets":"12","voltage":"","address":"686, Old Mammoth Road, Mammoth Lakes, CA","city":"Mammoth Lakes","state":"CA","source":"OpenStreetMap (charge-finder mirror)","osm_id":"node/11393232898","website":"https://www.tesla.com/findus/location/supercharger/mammothlakessupercharger"}},{"type":"Feature","geometry":{"type":"Point","coordinates":[-118.9676308,37.6362166]},"properties":{"name":"Mammoth Lakes Old Mammoth Road Tesla Destination Charger","network":"Tesla","brand":"Tesla, Inc.","operator":"","stalls":4,"kw_per_stall":null,"mw_capacity":null,"status":"unknown","access":"yes","fee":"yes","sockets":"4","voltage":"","address":"686, Old Mammoth Road, Mammoth Lakes, CA","city":"Mammoth Lakes","state":"CA","source":"OpenStreetMap (charge-finder mirror)","osm_id":"node/11393232913","website":""}},{"type":"Feature","geometry":{"type":"Point","coordinates":[-118.4225086,37.3772604]},"properties":{"name":"Bishop Rocking W Drive Supercharger","network":"Tesla Supercharger","brand":"Tesla Supercharger","operator":"Tesla, Inc.","stalls":24,"kw_per_stall":250.0,"mw_capacity":6.0,"status":"24/7","access":"yes","fee":"yes","sockets":"24","voltage":"","address":"","city":"","state":"","source":"OpenStreetMap (charge-finder mirror)","osm_id":"node/11393234278","website":"https://www.tesla.com/findus/location/supercharger/mammothlakessupercharger"}},{"type":"Feature","geometry":{"type":"Point","coordinates":[-97.97968,29.82769]},"properties":{"name":"Tesla Supercharger","network":"Tesla Supercharger","brand":"Tesla Supercharger","operator":"Tesla, Inc.","stalls":12,"kw_per_stall":null,"mw_capacity":null,"status":"24/7","access":"customers","fee":"yes","sockets":"","voltage":"","address":"3939, Interstate 35, San Marcos, TX","city":"San Marcos","state":"TX","source":"OpenStreetMap","osm_id":3999113074}},{"type":"Feature","geometry":{"type":"Point","coordinates":[-95.56594,30.71616]},"properties":{"name":"Tesla Supercharger","network":"Tesla Supercharger","brand":"Tesla Supercharger","operator":"Tesla","stalls":6,"kw_per_stall":null,"mw_capacity":null,"status":"24/7","access":"customers","fee":"yes","sockets":"","voltage":"","address":"148, Interstate 45 South, Huntsville, TX","city":"Huntsville","state":"TX","source":"OpenStreetMap","osm_id":4551051441}},{"type":"Feature","geometry":{"type":"Point","coordinates":[-97.16642,33.2314]},"properties":{"name":"Denton Supercharger","network":"Tesla Supercharger","brand":"Tesla Supercharger","operator":"Tesla, Inc.","stalls":6,"kw_per_stall":null,"mw_capacity":null,"status":"24/7","access":"customers","fee":"yes","sockets":"","voltage":"","address":"2710, West University Drive, Denton, TX","city":"Denton","state":"TX","source":"OpenStreetMap","osm_id":4951830686}},{"type":"Feature","geometry":{"type":"Point","coordinates":[-101.93148,35.18903]},"properties":{"name":"Amarillo Supercharger","network":"Tesla Supercharger","brand":"Tesla Supercharger","operator":"Tesla, Inc.","stalls":8,"kw_per_stall":null,"mw_capacity":null,"status":"24/7","access":"customers","fee":"yes","sockets":"","voltage":"","address":"8271, West Amarillo Boulevard, Amarillo, TX","city":"Amarillo","state":"TX","source":"OpenStreetMap","osm_id":4951831019}},{"type":"Feature","geometry":{"type":"Point","coordinates":[-100.21868,34.43243]},"properties":{"name":"Childress Supercharger","network":"Tesla Supercharger","brand":"Tesla Supercharger","operator":"Tesla, Inc.","stalls":8,"kw_per_stall":null,"mw_capacity":null,"status":"24/7","access":"customers","fee":"yes","sockets":"","voltage":"","address":"1300, Avenue F Northwest, Childress, TX","city":"Childress","state":"TX","source":"OpenStreetMap","osm_id":4951833024}},{"type":"Feature","geometry":{"type":"Point","coordinates":[-107.25164,33.15524]},"properties":{"name":"Tesla Supercharger","network":"Tesla Supercharger","brand":"Tesla Supercharger","operator":"Tesla, Inc.","stalls":8,"kw_per_stall":null,"mw_capacity":null,"status":"24/7","access":"customers","fee":"yes","sockets":"","voltage":"","address":"2201, F.G. Amin Street, Truth or Consequences, NM","city":"Truth or Consequences","state":"NM","source":"OpenStreetMap","osm_id":5138911695}},{"type":"Feature","geometry":{"type":"Point","coordinates":[-97.16563,34.17911]},"properties":{"name":"Tesla Supercharger","network":"Tesla Supercharger","brand":"Tesla Supercharger","operator":"Tesla, Inc.","stalls":18,"kw_per_stall":null,"mw_capacity":null,"status":"24/7","access":"customers","fee":"yes","sockets":"","voltage":"","address":"322, Holiday Drive, Ardmore, OK","city":"Ardmore","state":"OK","source":"OpenStreetMap","osm_id":5313988478}},{"type":"Feature","geometry":{"type":"Point","coordinates":[-95.53782,29.8672]},"properties":{"name":"Houston, TX - Northwest Freeway Supercharger","network":"Tesla Supercharger","brand":"Tesla Supercharger","operator":"Tesla, Inc.","stalls":8,"kw_per_stall":null,"mw_capacity":null,"status":"24/7","access":"customers","fee":"yes","sockets":"","voltage":"","address":"14620, Northwest Freeway, Houston, TX","city":"Houston","state":"TX","source":"OpenStreetMap","osm_id":5911885218}},{"type":"Feature","geometry":{"type":"Point","coordinates":[-105.20541,35.62201]},"properties":{"name":"Tesla Supercharger","network":"Tesla Supercharger","brand":"Tesla Supercharger","operator":"Tesla","stalls":6,"kw_per_stall":null,"mw_capacity":null,"status":"24/7","access":"customers","fee":"yes","sockets":"","voltage":"","address":"2500, North Grand Avenue, Las Vegas, NM","city":"Las Vegas","state":"NM","source":"OpenStreetMap","osm_id":6175273824}},{"type":"Feature","geometry":{"type":"Point","coordinates":[-103.72254,35.15396]},"properties":{"name":"Tesla Supercharger","network":"Tesla Supercharger","brand":"Tesla Supercharger","operator":"Tesla, Inc.","stalls":6,"kw_per_stall":null,"mw_capacity":null,"status":"24/7","access":"customers","fee":"yes","sockets":"","voltage":"","address":"2624, South Adams Street, Tucumcari, NM","city":"Tucumcari","state":"NM","source":"OpenStreetMap","osm_id":6175334866}},{"type":"Feature","geometry":{"type":"Point","coordinates":[-100.24836,35.22676]},"properties":{"name":"Tesla Supercharger","network":"Tesla Supercharger","brand":"Tesla Supercharger","operator":"Tesla, Inc.","stalls":6,"kw_per_stall":null,"mw_capacity":null,"status":"24/7","access":"customers","fee":"yes","sockets":"","voltage":"","address":"107, East 12th Street, Shamrock, TX","city":"Shamrock","state":"TX","source":"OpenStreetMap","osm_id":6531834015}},{"type":"Feature","geometry":{"type":"Point","coordinates":[-98.6601332,35.5386543]},"properties":{"name":"Tesla Supercharger","network":"Tesla Supercharger","brand":"Tesla Supercharger","operator":"Tesla","stalls":6,"kw_per_stall":null,"mw_capacity":null,"status":"24/7","access":"customers","fee":"yes","sockets":"","voltage":"","address":"1301, North Airport Road, Weatherford, OK","city":"Weatherford","state":"OK","source":"OpenStreetMap","osm_id":6548080752}},{"type":"Feature","geometry":{"type":"Point","coordinates":[-106.03146,35.61168]},"properties":{"name":"Tesla Supercharger","network":"Tesla Supercharger","brand":"Tesla Supercharger","operator":"Tesla","stalls":8,"kw_per_stall":null,"mw_capacity":null,"status":"24/7","access":"customers","fee":"yes","sockets":"","voltage":"","address":"8380, Cerrillos Road, Santa Fe, NM","city":"Santa Fe","state":"NM","source":"OpenStreetMap","osm_id":6550299398}},{"type":"Feature","geometry":{"type":"Point","coordinates":[-97.65144,35.4617]},"properties":{"name":"Oklahoma City Supercharger","network":"Tesla Supercharger","brand":"Tesla Supercharger","operator":"Tesla, Inc.","stalls":8,"kw_per_stall":null,"mw_capacity":null,"status":"24/7","access":"customers","fee":"yes","sockets":"","voltage":"","address":"7624, West Reno Avenue, Oklahoma City, OK","city":"Oklahoma City","state":"OK","source":"OpenStreetMap","osm_id":6550363479}},{"type":"Feature","geometry":{"type":"Point","coordinates":[-95.76604,36.16763]},"properties":{"name":"Tesla Supercharger","network":"Tesla Supercharger","brand":"Tesla Supercharger","operator":"Tesla, Inc.","stalls":8,"kw_per_stall":null,"mw_capacity":null,"status":"24/7","access":"customers","fee":"yes","sockets":"","voltage":"","address":"777, West Cherokee Street, Catoosa, OK","city":"Catoosa","state":"OK","source":"OpenStreetMap","osm_id":6550372196}},{"type":"Feature","geometry":{"type":"Point","coordinates":[-109.8457,32.26981]},"properties":{"name":"Tesla Supercharger","network":"Tesla Supercharger","brand":"Tesla Supercharger","operator":"Tesla, Inc.","stalls":8,"kw_per_stall":null,"mw_capacity":null,"status":"24/7","access":"customers","fee":"yes","sockets":"","voltage":"","address":"1251, Virginia Avenue, Willcox, AZ","city":"Willcox","state":"AZ","source":"OpenStreetMap","osm_id":6561969030}},{"type":"Feature","geometry":{"type":"Point","coordinates":[-108.1442174,36.7663213]},"properties":{"name":"Tesla Supercharger","network":"Tesla Supercharger","brand":"Tesla Supercharger","operator":"Tesla","stalls":4,"kw_per_stall":null,"mw_capacity":null,"status":"24/7","access":"customers","fee":"yes","sockets":"","voltage":"","address":"4200, Sierra Vista Drive, Farmington, NM","city":"Farmington","state":"NM","source":"OpenStreetMap","osm_id":6685612237}},{"type":"Feature","geometry":{"type":"Point","coordinates":[-107.76028,32.28136]},"properties":{"name":"Tesla Supercharger","network":"Tesla Supercharger","brand":"Tesla Supercharger","operator":"Tesla, Inc.","stalls":8,"kw_per_stall":null,"mw_capacity":null,"status":"24/7","access":"customers","fee":"yes","sockets":"","voltage":"","address":"1695, US-180, Deming, NM","city":"Deming","state":"NM","source":"OpenStreetMap","osm_id":6685621194}},{"type":"Feature","geometry":{"type":"Point","coordinates":[-95.11061,29.78466]},"properties":{"name":"Tesla Supercharger","network":"Tesla Supercharger","brand":"Tesla Supercharger","operator":"Tesla, Inc.","stalls":8,"kw_per_stall":null,"mw_capacity":null,"status":"24/7","access":"customers","fee":"yes","sockets":"","voltage":"","address":"16311, East Freeway, Channel View, TX","city":"Channel View","state":"TX","source":"OpenStreetMap","osm_id":6987142637}},{"type":"Feature","geometry":{"type":"Point","coordinates":[-96.907,30.17891]},"properties":{"name":"Tesla Supercharger","network":"Tesla Supercharger","brand":"Tesla Supercharger","operator":"Tesla, Inc.","stalls":8,"kw_per_stall":null,"mw_capacity":null,"status":"24/7","access":"customers","fee":"yes","sockets":"","voltage":"","address":"3025, East Austin Street, Giddings, TX","city":"Giddings","state":"TX","source":"OpenStreetMap","osm_id":7014295858}},{"type":"Feature","geometry":{"type":"Point","coordinates":[-97.10915,31.58224]},"properties":{"name":"Tesla Supercharger","network":"Tesla Supercharger","brand":"Tesla Supercharger","operator":"Tesla, Inc.","stalls":22,"kw_per_stall":null,"mw_capacity":null,"status":"24/7","access":"customers","fee":"yes","sockets":"","voltage":"","address":"701, North I-35, Bellmead, TX","city":"Bellmead","state":"TX","source":"OpenStreetMap","osm_id":7029944060}},{"type":"Feature","geometry":{"type":"Point","coordinates":[-98.27607,29.59849]},"properties":{"name":"Tesla Supercharger","network":"Tesla Supercharger","brand":"Tesla Supercharger","operator":"Tesla, Inc.","stalls":8,"kw_per_stall":null,"mw_capacity":null,"status":"24/7","access":"customers","fee":"yes","sockets":"","voltage":"","address":"17640, IH 35 North, Schertz, TX","city":"Schertz","state":"TX","source":"OpenStreetMap","osm_id":7674018682}},{"type":"Feature","geometry":{"type":"Point","coordinates":[-99.7746439,30.5092879]},"properties":{"name":"Tesla Supercharger","network":"Tesla Supercharger","brand":"Tesla Supercharger","operator":"Tesla, Inc.","stalls":8,"kw_per_stall":null,"mw_capacity":null,"status":"24/7","access":"customers","fee":"yes","sockets":"","voltage":"","address":"2415, North Main Street, Junction, TX","city":"Junction","state":"TX","source":"OpenStreetMap","osm_id":8078667395}},{"type":"Feature","geometry":{"type":"Point","coordinates":[-103.1819268,36.4494605]},"properties":{"name":"Tesla Supercharger","network":"Tesla Supercharger","brand":"Tesla Supercharger","operator":"Tesla","stalls":8,"kw_per_stall":null,"mw_capacity":null,"status":"24/7","access":"yes","fee":"yes","sockets":"","voltage":"","address":"315, South First Street, Clayton, NM","city":"Clayton","state":"NM","source":"OpenStreetMap","osm_id":8608973551}},{"type":"Feature","geometry":{"type":"Point","coordinates":[-95.53839,29.73599]},"properties":{"name":"Tesla Supercharger","network":"Tesla Supercharger","brand":"Tesla Supercharger","operator":"Tesla, Inc.","stalls":16,"kw_per_stall":null,"mw_capacity":null,"status":"24/7","access":"yes","fee":"yes","sockets":"","voltage":"","address":"9633, Westheimer Road, Houston, TX","city":"Houston","state":"TX","source":"OpenStreetMap","osm_id":8783866410}},{"type":"Feature","geometry":{"type":"Point","coordinates":[-100.39246,32.45059]},"properties":{"name":"Tesla Supercharger","network":"Tesla Supercharger","brand":"Tesla Supercharger","operator":"Tesla, Inc.","stalls":8,"kw_per_stall":null,"mw_capacity":null,"status":"24/7","access":"customers","fee":"yes","sockets":"","voltage":"","address":"300, Southeast Georgia Avenue, Sweetwater, TX","city":"Sweetwater","state":"TX","source":"OpenStreetMap","osm_id":8981457368}},{"type":"Feature","geometry":{"type":"Point","coordinates":[-99.0072,32.37426]},"properties":{"name":"Tesla Supercharger","network":"Tesla Supercharger","brand":"Tesla Supercharger","operator":"Tesla, Inc.","stalls":8,"kw_per_stall":null,"mw_capacity":null,"status":"24/7","access":"customers","fee":"yes","sockets":"","voltage":"","address":"16851, IH 20, Cisco, TX","city":"Cisco","state":"TX","source":"OpenStreetMap","osm_id":8981470739}},{"type":"Feature","geometry":{"type":"Point","coordinates":[-97.68775,30.50968]},"properties":{"name":"Tesla Supercharger","network":"Tesla Supercharger","brand":"Tesla Supercharger","operator":"Tesla","stalls":16,"kw_per_stall":null,"mw_capacity":null,"status":"24/7","access":"customers","fee":"yes","sockets":"","voltage":"","address":"110, North Interstate Highway 35, Round Rock, TX","city":"Round Rock","state":"TX","source":"OpenStreetMap","osm_id":9291410548}},{"type":"Feature","geometry":{"type":"Point","coordinates":[-95.98516,31.25968]},"properties":{"name":"Tesla Supercharger","network":"Tesla Supercharger","brand":"Tesla Supercharger","operator":"Tesla","stalls":12,"kw_per_stall":null,"mw_capacity":null,"status":"24/7","access":"yes","fee":"yes","sockets":"","voltage":"","address":"947, West Saint Mary's Street, Centerville, TX","city":"Centerville","state":"TX","source":"OpenStreetMap","osm_id":9338686036}},{"type":"Feature","geometry":{"type":"Point","coordinates":[-96.55471,33.79381]},"properties":{"name":"Tesla Supercharger","network":"Tesla Supercharger","brand":"Tesla Supercharger","operator":"Tesla, Inc.","stalls":8,"kw_per_stall":null,"mw_capacity":null,"status":"24/7","access":"yes","fee":"yes","sockets":"","voltage":"","address":"4300, TX-91, Denison, TX","city":"Denison","state":"TX","source":"OpenStreetMap","osm_id":9377171321}},{"type":"Feature","geometry":{"type":"Point","coordinates":[-95.45047,32.47089]},"properties":{"name":"Tesla Supercharger","network":"Tesla Supercharger","brand":"Tesla Supercharger","operator":"Tesla","stalls":8,"kw_per_stall":null,"mw_capacity":null,"status":"24/7","access":"customers","fee":"yes","sockets":"","voltage":"","address":"17044, I-20, Lindale, TX","city":"Lindale","state":"TX","source":"OpenStreetMap","osm_id":9377192595}},{"type":"Feature","geometry":{"type":"Point","coordinates":[-95.12197,29.51915]},"properties":{"name":"Tesla Supercharger","network":"Tesla Supercharger","brand":"Tesla Supercharger","operator":"Tesla, Inc.","stalls":12,"kw_per_stall":150.0,"mw_capacity":1.8,"status":"24/7","access":"customers","fee":"yes","sockets":"","voltage":"","address":"21361, Gulf Freeway, Webster, TX","city":"Webster","state":"TX","source":"OpenStreetMap","osm_id":9724385731}},{"type":"Feature","geometry":{"type":"Point","coordinates":[-99.7495012,32.3733608]},"properties":{"name":"Tesla Destination Charger","network":"Tesla","brand":"Tesla, Inc.","operator":"Abilene Eye Institute Tesla Destination","stalls":3,"kw_per_stall":null,"mw_capacity":null,"status":"24/7","access":"customers","fee":"no","sockets":"","voltage":"","address":"2120, Antilley Road, Abilene, TX","city":"Abilene","state":"TX","source":"OpenStreetMap","osm_id":9804181652}},{"type":"Feature","geometry":{"type":"Point","coordinates":[-97.2645629,32.4643563]},"properties":{"name":"Tesla Supercharger","network":"Tesla Supercharger","brand":"Tesla Supercharger","operator":"Tesla, Inc.","stalls":10,"kw_per_stall":null,"mw_capacity":null,"status":"24/7","access":"customers","fee":"yes","sockets":"","voltage":"","address":"3313, I-35 West, Burleson, TX","city":"Burleson","state":"TX","source":"OpenStreetMap","osm_id":9811661954}},{"type":"Feature","geometry":{"type":"Point","coordinates":[-97.60509,30.25484]},"properties":{"name":"Tesla Supercharger","network":"Tesla Supercharger","brand":"Tesla Supercharger","operator":"Tesla","stalls":12,"kw_per_stall":null,"mw_capacity":null,"status":"24/7","access":"customers","fee":"yes","sockets":"","voltage":"","address":"12200, FM 969, Austin, TX","city":"Austin","state":"TX","source":"OpenStreetMap","osm_id":9858327741}},{"type":"Feature","geometry":{"type":"Point","coordinates":[-97.94176,30.3037]},"properties":{"name":"Tesla Supercharger","network":"Tesla Supercharger","brand":"Tesla Supercharger","operator":"Tesla, Inc.","stalls":8,"kw_per_stall":null,"mw_capacity":null,"status":"24/7","access":"yes","fee":"yes","sockets":"","voltage":"","address":"12770, Shops Parkway, Bee Cave, TX","city":"Bee Cave","state":"TX","source":"OpenStreetMap","osm_id":9891844038}},{"type":"Feature","geometry":{"type":"Point","coordinates":[-95.82186,29.77466]},"properties":{"name":"Tesla Supercharger","network":"Tesla Supercharger","brand":"Tesla Supercharger","operator":"Tesla, Inc.","stalls":12,"kw_per_stall":null,"mw_capacity":null,"status":"24/7","access":"customers","fee":"yes","sockets":"","voltage":"","address":"25675, Nelson Way, Katy, TX","city":"Katy","state":"TX","source":"OpenStreetMap","osm_id":9953113082}},{"type":"Feature","geometry":{"type":"Point","coordinates":[-97.30532,30.10603]},"properties":{"name":"Tesla Supercharger","network":"Tesla Supercharger","brand":"Tesla Supercharger","operator":"Tesla, Inc.","stalls":32,"kw_per_stall":null,"mw_capacity":null,"status":"24/7","access":"yes","fee":"yes","sockets":"","voltage":"","address":"1700, State Highway 71, Bastrop, TX","city":"Bastrop","state":"TX","source":"OpenStreetMap","osm_id":10096017523}},{"type":"Feature","geometry":{"type":"Point","coordinates":[-95.8794914,30.9661159]},"properties":{"name":"Tesla Supercharger","network":"Tesla Supercharger","brand":"Tesla Supercharger","operator":"Tesla","stalls":60,"kw_per_stall":null,"mw_capacity":null,"status":"24/7","access":"yes","fee":"yes","sockets":"","voltage":"","address":"205, I-45, Madisonville, TX","city":"Madisonville","state":"TX","source":"OpenStreetMap","osm_id":10268596077}},{"type":"Feature","geometry":{"type":"Point","coordinates":[-97.06586,32.94194]},"properties":{"name":"Tesla Supercharger","network":"Tesla Supercharger","brand":"Tesla Supercharger","operator":"Tesla, Inc.","stalls":12,"kw_per_stall":null,"mw_capacity":null,"status":"24/7","access":"yes","fee":"yes","sockets":"","voltage":"","address":"1001, Northwest Highway, Grapevine, TX","city":"Grapevine","state":"TX","source":"OpenStreetMap","osm_id":10313584541}},{"type":"Feature","geometry":{"type":"Point","coordinates":[-96.80785,32.76726]},"properties":{"name":"Tesla Supercharger","network":"Tesla Supercharger","brand":"Tesla Supercharger","operator":"Tesla, Inc.","stalls":10,"kw_per_stall":null,"mw_capacity":null,"status":"24/7","access":"yes","fee":"yes","sockets":"","voltage":"","address":"801, South Riverfront Boulevard, Dallas, TX","city":"Dallas","state":"TX","source":"OpenStreetMap","osm_id":10313584559}},{"type":"Feature","geometry":{"type":"Point","coordinates":[-96.81853,32.95018]},"properties":{"name":"Tesla Supercharger","network":"Tesla Supercharger","brand":"Tesla Supercharger","operator":"Tesla","stalls":16,"kw_per_stall":null,"mw_capacity":null,"status":"24/7","access":"yes","fee":"yes","sockets":"","voltage":"","address":"5100, Belt Line Road, Addison, TX","city":"Addison","state":"TX","source":"OpenStreetMap","osm_id":10595747310}},{"type":"Feature","geometry":{"type":"Point","coordinates":[-96.85029,33.08206]},"properties":{"name":"Plano, TX - West Spring Creek Parkway Supercharger","network":"Tesla Supercharger","brand":"Tesla Supercharger","operator":"Tesla, Inc.","stalls":8,"kw_per_stall":null,"mw_capacity":null,"status":"24/7","access":"customers","fee":"yes","sockets":"","voltage":"","address":"7040, West Spring Creek Parkway, Plano, TX","city":"Plano","state":"TX","source":"OpenStreetMap","osm_id":10746339637}},{"type":"Feature","geometry":{"type":"Point","coordinates":[-96.80869,33.10251]},"properties":{"name":"Frisco, TX - Preston Road Supercharger","network":"Tesla Supercharger","brand":"Tesla Supercharger","operator":"Tesla, Inc.","stalls":12,"kw_per_stall":null,"mw_capacity":null,"status":"24/7","access":"yes","fee":"yes","sockets":"","voltage":"","address":"2943, Preston Road, Frisco, TX","city":"Frisco","state":"TX","source":"OpenStreetMap","osm_id":10746519202}},{"type":"Feature","geometry":{"type":"Point","coordinates":[-97.0736511,32.9412664]},"properties":{"name":"Tesla Supercharger","network":"Tesla Supercharger","brand":"Tesla Supercharger","operator":"Tesla, Inc.","stalls":8,"kw_per_stall":null,"mw_capacity":null,"status":"24/7","access":"yes","fee":"yes","sockets":"","voltage":"","address":"477, East Northwest Highway, Grapevine, TX","city":"Grapevine","state":"TX","source":"OpenStreetMap","osm_id":10809837299}},{"type":"Feature","geometry":{"type":"Point","coordinates":[-96.8214,32.517]},"properties":{"name":"Red Oak Tesla Supercharger","network":"Tesla Supercharger","brand":"Tesla Supercharger","operator":"Tesla","stalls":16,"kw_per_stall":null,"mw_capacity":null,"status":"24/7","access":"yes","fee":"yes","sockets":"","voltage":"","address":"200, I- 35 Service Road, Red Oak, TX","city":"Red Oak","state":"TX","source":"OpenStreetMap","osm_id":10857087924}},{"type":"Feature","geometry":{"type":"Point","coordinates":[-99.7552212,34.291731]},"properties":{"name":"Tesla Supercharger","network":"Tesla Supercharger","brand":"Tesla Supercharger","operator":"Tesla","stalls":8,"kw_per_stall":null,"mw_capacity":null,"status":"24/7","access":"yes","fee":"yes","sockets":"","voltage":"","address":"1201, West 11th Street, Quanah, TX","city":"Quanah","state":"TX","source":"OpenStreetMap","osm_id":10858703434}},{"type":"Feature","geometry":{"type":"Point","coordinates":[-96.32302,32.71753]},"properties":{"name":"Tesla Supercharger","network":"Tesla Supercharger","brand":"Tesla Supercharger","operator":"Tesla, Inc.","stalls":36,"kw_per_stall":null,"mw_capacity":null,"status":"24/7","access":"yes","fee":"yes","sockets":"","voltage":"","address":"506, I-20, Terrell, TX","city":"Terrell","state":"TX","source":"OpenStreetMap","osm_id":10859648079}},{"type":"Feature","geometry":{"type":"Point","coordinates":[-96.99155,32.92556]},"properties":{"name":"Tesla Supercharger","network":"Tesla Supercharger","brand":"Tesla Supercharger","operator":"Tesla, Inc.","stalls":12,"kw_per_stall":null,"mw_capacity":null,"status":"24/7","access":"yes","fee":"yes","sockets":"","voltage":"","address":"8701, Cypress Waters Boulevard, Irving, TX","city":"Irving","state":"TX","source":"OpenStreetMap","osm_id":10983187977}},{"type":"Feature","geometry":{"type":"Point","coordinates":[-96.9688,32.6723]},"properties":{"name":"Tesla Supercharger","network":"Tesla Supercharger","brand":"Tesla Supercharger","operator":"Tesla, Inc.","stalls":8,"kw_per_stall":null,"mw_capacity":null,"status":"24/7","access":"yes","fee":"yes","sockets":"","voltage":"","address":"4880, Mountain Creek Parkway, Dallas, TX","city":"Dallas","state":"TX","source":"OpenStreetMap","osm_id":11120039641}},{"type":"Feature","geometry":{"type":"Point","coordinates":[-97.1134938,32.6702084]},"properties":{"name":"Tesla Supercharger","network":"Tesla Supercharger","brand":"Tesla Supercharger","operator":"Tesla","stalls":8,"kw_per_stall":null,"mw_capacity":null,"status":"24/7","access":"yes","fee":"yes","sockets":"","voltage":"","address":"130, East Bardin Road, Arlington, TX","city":"Arlington","state":"TX","source":"OpenStreetMap","osm_id":11120039690}},{"type":"Feature","geometry":{"type":"Point","coordinates":[-96.59297,33.27037]},"properties":{"name":"Tesla Supercharger","network":"Tesla Supercharger","brand":"Tesla Supercharger","operator":"Tesla","stalls":20,"kw_per_stall":null,"mw_capacity":null,"status":"24/7","access":"yes","fee":"yes","sockets":"","voltage":"","address":"1550, Central Expy, Melissa, TX","city":"Melissa","state":"TX","source":"OpenStreetMap","osm_id":11123446921}},{"type":"Feature","geometry":{"type":"Point","coordinates":[-97.16682,32.76293]},"properties":{"name":"Tesla Supercharger","network":"Tesla Supercharger","brand":"Tesla Supercharger","operator":"Tesla, Inc.","stalls":16,"kw_per_stall":null,"mw_capacity":null,"status":"24/7","access":"yes","fee":"yes","sockets":"","voltage":"","address":"1111, Eastchase Parkway, Fort Worth, TX","city":"Fort Worth","state":"TX","source":"OpenStreetMap","osm_id":11123447010}},{"type":"Feature","geometry":{"type":"Point","coordinates":[-97.27903,33.02313]},"properties":{"name":"Tesla Supercharger","network":"Tesla Supercharger","brand":"Tesla Supercharger","operator":"Tesla, Inc.","stalls":20,"kw_per_stall":null,"mw_capacity":null,"status":"24/7","access":"yes","fee":"yes","sockets":"","voltage":"","address":"15901, North Freeway, Fort Worth, TX","city":"Fort Worth","state":"TX","source":"OpenStreetMap","osm_id":11123447052}},{"type":"Feature","geometry":{"type":"Point","coordinates":[-97.10185,33.17882]},"properties":{"name":"Tesla Supercharger","network":"Tesla Supercharger","brand":"Tesla Supercharger","operator":"Tesla, Inc.","stalls":8,"kw_per_stall":null,"mw_capacity":null,"status":"24/7","access":"yes","fee":"yes","sockets":"","voltage":"","address":"2800, South Interstate 35 East, Denton, TX","city":"Denton","state":"TX","source":"OpenStreetMap","osm_id":11123447144}},{"type":"Feature","geometry":{"type":"Point","coordinates":[-97.27382,32.78335]},"properties":{"name":"Haltom City, TX Tesla Supercharger","network":"Tesla Supercharger","brand":"Tesla Supercharger","operator":"Tesla, Inc.","stalls":12,"kw_per_stall":null,"mw_capacity":null,"status":"24/7","access":"yes","fee":"yes","sockets":"","voltage":"","address":"1715, Haltom Road, Haltom City, TX","city":"Haltom City","state":"TX","source":"OpenStreetMap","osm_id":11123447211}},{"type":"Feature","geometry":{"type":"Point","coordinates":[-104.85482,31.03726]},"properties":{"name":"Van Horn, TX -W Broadway St Supercharger","network":"Tesla Supercharger","brand":"Tesla Supercharger","operator":"Tesla, Inc.","stalls":12,"kw_per_stall":null,"mw_capacity":null,"status":"24/7","access":"yes","fee":"yes","sockets":"","voltage":"","address":"1807, West Broadway Street, Van Horn, TX","city":"Van Horn","state":"TX","source":"OpenStreetMap","osm_id":11124117429}},{"type":"Feature","geometry":{"type":"Point","coordinates":[-96.7671785,32.8677456]},"properties":{"name":"Tesla Supercharger","network":"Tesla Supercharger","brand":"Tesla Supercharger","operator":"Tesla","stalls":16,"kw_per_stall":null,"mw_capacity":null,"status":"24/7","access":"yes","fee":"yes","sockets":"","voltage":"","address":"8080, Park Lane, Dallas, TX","city":"Dallas","state":"TX","source":"OpenStreetMap","osm_id":11126226835}},{"type":"Feature","geometry":{"type":"Point","coordinates":[-97.32933,31.13776]},"properties":{"name":"Tesla Supercharger","network":"Tesla Supercharger","brand":"Tesla Supercharger","operator":"Tesla, Inc.","stalls":68,"kw_per_stall":null,"mw_capacity":null,"status":"24/7","access":"yes","fee":"yes","sockets":"","voltage":"","address":"4155, North General Bruce Drive, Temple, TX","city":"Temple","state":"TX","source":"OpenStreetMap","osm_id":11126832360}},{"type":"Feature","geometry":{"type":"Point","coordinates":[-98.12209,31.70622]},"properties":{"name":"Hamilton, TX Tesla Supercharger","network":"Tesla Supercharger","brand":"Tesla Supercharger","operator":"Tesla, Inc.","stalls":8,"kw_per_stall":null,"mw_capacity":null,"status":"24/7","access":"yes","fee":"yes","sockets":"","voltage":"","address":"312, North Rice Street, Hamilton, TX","city":"Hamilton","state":"TX","source":"OpenStreetMap","osm_id":11129211782}},{"type":"Feature","geometry":{"type":"Point","coordinates":[-101.74452,35.1933]},"properties":{"name":"Amarillo Supercharger","network":"Tesla Supercharger","brand":"Tesla Supercharger","operator":"Tesla, Inc.","stalls":12,"kw_per_stall":null,"mw_capacity":null,"status":"24/7","access":"yes","fee":"yes","sockets":"","voltage":"","address":"8507, East Interstate 40, Amarillo, TX","city":"Amarillo","state":"TX","source":"OpenStreetMap","osm_id":11129297881}},{"type":"Feature","geometry":{"type":"Point","coordinates":[-97.61051,30.8144]},"properties":{"name":"Tesla Supercharger","network":"Tesla Supercharger","brand":"Tesla Supercharger","operator":"Tesla, Inc.","stalls":8,"kw_per_stall":null,"mw_capacity":null,"status":"24/7","access":"yes","fee":"yes","sockets":"","voltage":"","address":"11810, North I-35, Jarrell, TX","city":"Jarrell","state":"TX","source":"OpenStreetMap","osm_id":11155326446}},{"type":"Feature","geometry":{"type":"Point","coordinates":[-97.694,30.63209]},"properties":{"name":"Tesla Supercharger","network":"Tesla Supercharger","brand":"Tesla Supercharger","operator":"Tesla, Inc.","stalls":16,"kw_per_stall":null,"mw_capacity":null,"status":"24/7","access":"customers","fee":"yes","sockets":"","voltage":"","address":"1015, West University Avenue, Georgetown, TX","city":"Georgetown","state":"TX","source":"OpenStreetMap","osm_id":11155327189}},{"type":"Feature","geometry":{"type":"Point","coordinates":[-97.63039,30.1724]},"properties":{"name":"Tesla Supercharger","network":"Tesla Supercharger","brand":"Tesla Supercharger","operator":"Tesla, Inc.","stalls":8,"kw_per_stall":null,"mw_capacity":null,"status":"24/7","access":"yes","fee":"yes","sockets":"","voltage":"","address":"12201, Pearce Lane, Del Valle, TX","city":"Del Valle","state":"TX","source":"OpenStreetMap","osm_id":11155327226}},{"type":"Feature","geometry":{"type":"Point","coordinates":[-96.8735,32.77098]},"properties":{"name":"Tesla Supercharger","network":"Tesla Supercharger","brand":"Tesla Supercharger","operator":"Tesla, Inc.","stalls":8,"kw_per_stall":null,"mw_capacity":null,"status":"24/7","access":"yes","fee":"yes","sockets":"","voltage":"","address":"2320, North Westmoreland Road, Dallas, TX","city":"Dallas","state":"TX","source":"OpenStreetMap","osm_id":11178071476}},{"type":"Feature","geometry":{"type":"Point","coordinates":[-99.2974625,34.1616864]},"properties":{"name":"Vernon Supercharger","network":"Tesla Supercharger","brand":"Tesla Supercharger","operator":"Tesla","stalls":12,"kw_per_stall":null,"mw_capacity":null,"status":"24/7","access":"yes","fee":"yes","sockets":"","voltage":"","address":"2822, US-287, Vernon, TX","city":"Vernon","state":"TX","source":"OpenStreetMap","osm_id":11429479973}},{"type":"Feature","geometry":{"type":"Point","coordinates":[-96.00473,36.05407]},"properties":{"name":"Tesla Supercharger","network":"Tesla Supercharger","brand":"Tesla Supercharger","operator":"Tesla, Inc.","stalls":24,"kw_per_stall":null,"mw_capacity":null,"status":"24/7","access":"yes","fee":"yes","sockets":"","voltage":"","address":"7380, South Olympia Avenue West, Tulsa, OK","city":"Tulsa","state":"OK","source":"OpenStreetMap","osm_id":11474475144}},{"type":"Feature","geometry":{"type":"Point","coordinates":[-106.2647964,31.6886014]},"properties":{"name":"Tesla Supercharger","network":"Tesla Supercharger","brand":"Tesla Supercharger","operator":"Tesla","stalls":8,"kw_per_stall":null,"mw_capacity":null,"status":"24/7","access":"yes","fee":"yes","sockets":"","voltage":"","address":"12161, Eastlake Boulevard, El Paso, TX","city":"El Paso","state":"TX","source":"OpenStreetMap","osm_id":11493828805}},{"type":"Feature","geometry":{"type":"Point","coordinates":[-106.5807889,31.8864434]},"properties":{"name":"Tesla Supercharger","network":"Tesla Supercharger","brand":"Tesla Supercharger","operator":"Tesla","stalls":20,"kw_per_stall":null,"mw_capacity":null,"status":"24/7","access":"yes","fee":"yes","sockets":"","voltage":"","address":"6450-G, Desert Boulevard North, El Paso, TX","city":"El Paso","state":"TX","source":"OpenStreetMap","osm_id":11493828929}},{"type":"Feature","geometry":{"type":"Point","coordinates":[-106.81241,32.29672]},"properties":{"name":"Tesla Supercharger","network":"Tesla Supercharger","brand":"Tesla Supercharger","operator":"Tesla, Inc.","stalls":15,"kw_per_stall":null,"mw_capacity":null,"status":"24/7","access":"yes","fee":"yes","sockets":"","voltage":"","address":"2702, West Amador Avenue, Las Cruces, NM","city":"Las Cruces","state":"NM","source":"OpenStreetMap","osm_id":11493847129}},{"type":"Feature","geometry":{"type":"Point","coordinates":[-98.10997,32.61173]},"properties":{"name":"Tesla Supercharger","network":"Tesla Supercharger","brand":"Tesla Supercharger","operator":"Tesla, Inc.","stalls":16,"kw_per_stall":null,"mw_capacity":null,"status":"24/7","access":"yes","fee":"yes","sockets":"","voltage":"","address":"87125, I-20, Santo, TX","city":"Santo","state":"TX","source":"OpenStreetMap","osm_id":11514923016}},{"type":"Feature","geometry":{"type":"Point","coordinates":[-97.33158,32.66366]},"properties":{"name":"Edgecliff Village, TX Tesla Supercharger","network":"Tesla Supercharger","brand":"Tesla Supercharger","operator":"Tesla, Inc.","stalls":12,"kw_per_stall":null,"mw_capacity":null,"status":"24/7","access":"yes","fee":"yes","sockets":"","voltage":"","address":"5701, Hemphill Street, Edgecliff Village, TX","city":"Edgecliff Village","state":"TX","source":"OpenStreetMap","osm_id":11515015861}},{"type":"Feature","geometry":{"type":"Point","coordinates":[-96.99464,32.87141]},"properties":{"name":"Tesla Supercharger","network":"Tesla Supercharger","brand":"Tesla Supercharger","operator":"Tesla, Inc.","stalls":12,"kw_per_stall":null,"mw_capacity":null,"status":"24/7","access":"yes","fee":"yes","sockets":"","voltage":"","address":"3575, Story Road West, Irving, TX","city":"Irving","state":"TX","source":"OpenStreetMap","osm_id":11649829753}},{"type":"Feature","geometry":{"type":"Point","coordinates":[-101.9229087,35.1930533]},"properties":{"name":"Tesla Destination Charger - Best Western Plus Medical Center","network":"Tesla","brand":"Tesla, Inc.","operator":"Best Western Plus Medical Center","stalls":1,"kw_per_stall":null,"mw_capacity":null,"status":"unknown","access":"customers","fee":"no","sockets":"","voltage":"","address":"","city":"","state":"","source":"OpenStreetMap","osm_id":11738189117}},{"type":"Feature","geometry":{"type":"Point","coordinates":[-97.79213,30.16289]},"properties":{"name":"Tesla Supercharger","network":"Tesla Supercharger","brand":"Tesla Supercharger","operator":"Tesla, Inc.","stalls":12,"kw_per_stall":null,"mw_capacity":null,"status":"24/7","access":"yes","fee":"yes","sockets":"","voltage":"","address":"9500, South IH Frontage Road, Austin, TX","city":"Austin","state":"TX","source":"OpenStreetMap","osm_id":11763708217}},{"type":"Feature","geometry":{"type":"Point","coordinates":[-106.61282,35.10851]},"properties":{"name":"Tesla Supercharger","network":"Tesla Supercharger","brand":"Tesla Supercharger","operator":"Tesla, Inc.","stalls":6,"kw_per_stall":null,"mw_capacity":null,"status":"24/7","access":"customers","fee":"yes","sockets":"","voltage":"","address":"2600, Menaul Boulevard Northeast, Albuquerque, NM","city":"Albuquerque","state":"NM","source":"OpenStreetMap","osm_id":11763760570}},{"type":"Feature","geometry":{"type":"Point","coordinates":[-95.29056,29.67554]},"properties":{"name":"Tesla Supercharger","network":"Tesla Supercharger","brand":"Tesla Supercharger","operator":"Tesla, Inc.","stalls":15,"kw_per_stall":null,"mw_capacity":null,"status":"24/7","access":"yes","fee":"yes","sockets":"","voltage":"","address":"6300, Telephone Road, Houston, TX","city":"Houston","state":"TX","source":"OpenStreetMap","osm_id":11895175143}},{"type":"Feature","geometry":{"type":"Point","coordinates":[-97.1060161,27.7739244]},"properties":{"name":"Tesla Destination Charger","network":"Tesla","brand":"Tesla, Inc.","operator":"","stalls":4,"kw_per_stall":null,"mw_capacity":null,"status":"unknown","access":"","fee":"no","sockets":"","voltage":"","address":"","city":"","state":"","source":"OpenStreetMap","osm_id":12046377883}},{"type":"Feature","geometry":{"type":"Point","coordinates":[-95.4524665,30.1949592]},"properties":{"name":"Tesla Supercharger","network":"Tesla Supercharger","brand":"Tesla Supercharger","operator":"Tesla","stalls":8,"kw_per_stall":null,"mw_capacity":null,"status":"24/7","access":"yes","fee":"yes","sockets":"","voltage":"","address":"8888, Metropark Drive, Shenandoah, TX","city":"Shenandoah","state":"TX","source":"OpenStreetMap","osm_id":12054040739}},{"type":"Feature","geometry":{"type":"Point","coordinates":[-95.43836,30.0503]},"properties":{"name":"Tesla Supercharger","network":"Tesla Supercharger","brand":"Tesla Supercharger","operator":"Tesla, Inc.","stalls":8,"kw_per_stall":null,"mw_capacity":null,"status":"24/7","access":"yes","fee":"yes","sockets":"","voltage":"","address":"294, Cypresswood Drive, Spring, TX","city":"Spring","state":"TX","source":"OpenStreetMap","osm_id":12055671265}},{"type":"Feature","geometry":{"type":"Point","coordinates":[-97.59479,29.65117]},"properties":{"name":"Tesla Supercharger","network":"Tesla Supercharger","brand":"Tesla Supercharger","operator":"Tesla, Inc.","stalls":16,"kw_per_stall":null,"mw_capacity":null,"status":"24/7","access":"yes","fee":"yes","sockets":"","voltage":"","address":"10070, I-10, Ottine, TX","city":"Ottine","state":"TX","source":"OpenStreetMap","osm_id":12057795070}},{"type":"Feature","geometry":{"type":"Point","coordinates":[-95.6349,29.58697]},"properties":{"name":"Tesla Supercharger","network":"Tesla Supercharger","brand":"Tesla Supercharger","operator":"Tesla, Inc.","stalls":8,"kw_per_stall":null,"mw_capacity":null,"status":"24/7","access":"customers","fee":"yes","sockets":"","voltage":"","address":"Sugar Land, TX","city":"Sugar Land","state":"TX","source":"OpenStreetMap","osm_id":12058093462}},{"type":"Feature","geometry":{"type":"Point","coordinates":[-98.28908,29.46409]},"properties":{"name":"Tesla Supercharger","network":"Tesla Supercharger","brand":"Tesla Supercharger","operator":"Tesla, Inc.","stalls":12,"kw_per_stall":null,"mw_capacity":null,"status":"24/7","access":"yes","fee":"yes","sockets":"","voltage":"","address":"3835, East Loop 1604 North, Converse, TX","city":"Converse","state":"TX","source":"OpenStreetMap","osm_id":12065823643}},{"type":"Feature","geometry":{"type":"Point","coordinates":[-101.83109,35.26456]},"properties":{"name":"Tesla Supercharger","network":"Tesla Supercharger","brand":"Tesla Supercharger","operator":"Tesla, Inc.","stalls":12,"kw_per_stall":null,"mw_capacity":null,"status":"24/7","access":"yes","fee":"yes","sockets":"","voltage":"","address":"5424, River Road, Amarillo, TX","city":"Amarillo","state":"TX","source":"OpenStreetMap","osm_id":12094018773}},{"type":"Feature","geometry":{"type":"Point","coordinates":[-95.93043,30.0707]},"properties":{"name":"Tesla Supercharger","network":"Tesla Supercharger","brand":"Tesla Supercharger","operator":"Tesla","stalls":28,"kw_per_stall":null,"mw_capacity":null,"status":"24/7","access":"yes","fee":"yes","sockets":"","voltage":"","address":"40900, US-290, Waller, TX","city":"Waller","state":"TX","source":"OpenStreetMap","osm_id":12094045171}},{"type":"Feature","geometry":{"type":"Point","coordinates":[-97.57807,35.61059]},"properties":{"name":"Oklahoma City Supercharger","network":"Tesla Supercharger","brand":"Tesla Supercharger","operator":"Tesla, Inc.","stalls":12,"kw_per_stall":null,"mw_capacity":null,"status":"24/7","access":"yes","fee":"yes","sockets":"","voltage":"","address":"3437, West Memorial Road, Oklahoma City, OK","city":"Oklahoma City","state":"OK","source":"OpenStreetMap","osm_id":12095995519}},{"type":"Feature","geometry":{"type":"Point","coordinates":[-98.48859,29.61049]},"properties":{"name":"Tesla Supercharger - San Antonio, TX - North Loop 1604 East","network":"Tesla Supercharger","brand":"Tesla Supercharger","operator":"Tesla, Inc.","stalls":15,"kw_per_stall":null,"mw_capacity":null,"status":"24/7","access":"yes","fee":"yes","sockets":"","voltage":"","address":"123, North Loop 1604 East, San Antonio, TX","city":"San Antonio","state":"TX","source":"OpenStreetMap","osm_id":12104295655}},{"type":"Feature","geometry":{"type":"Point","coordinates":[-96.12431,29.3251]},"properties":{"name":"Tesla Supercharger","network":"Tesla Supercharger","brand":"Tesla Supercharger","operator":"Tesla","stalls":20,"kw_per_stall":null,"mw_capacity":null,"status":"24/7","access":"yes","fee":"yes","sockets":"","voltage":"","address":"10484, US-59, Wharton, TX","city":"Wharton","state":"TX","source":"OpenStreetMap","osm_id":12142368813}},{"type":"Feature","geometry":{"type":"Point","coordinates":[-97.78427,30.53377]},"properties":{"name":"Tesla Supercharger","network":"Tesla Supercharger","brand":"Tesla Supercharger","operator":"Tesla, Inc.","stalls":11,"kw_per_stall":null,"mw_capacity":null,"status":"24/7","access":"yes","fee":"yes","sockets":"","voltage":"","address":"2800, East Whitestone Boulevard, Cedar Park, TX","city":"Cedar Park","state":"TX","source":"OpenStreetMap","osm_id":12145137231}},{"type":"Feature","geometry":{"type":"Point","coordinates":[-98.69925,29.50363]},"properties":{"name":"San Antonio Supercharger","network":"Tesla Supercharger","brand":"Tesla Supercharger","operator":"Tesla, Inc.","stalls":16,"kw_per_stall":null,"mw_capacity":null,"status":"24/7","access":"yes","fee":"yes","sockets":"","voltage":"","address":"7010, West Loop 1604 North, San Antonio, TX","city":"San Antonio","state":"TX","source":"OpenStreetMap","osm_id":12161019852}},{"type":"Feature","geometry":{"type":"Point","coordinates":[-98.58091,29.54909]},"properties":{"name":"San Antonio Supercharger","network":"Tesla Supercharger","brand":"Tesla Supercharger","operator":"Tesla, Inc.","stalls":10,"kw_per_stall":null,"mw_capacity":null,"status":"24/7","access":"customers","fee":"yes","sockets":"","voltage":"","address":"11745, IH-10 West, San Antonio, TX","city":"San Antonio","state":"TX","source":"OpenStreetMap","osm_id":12166270165}},{"type":"Feature","geometry":{"type":"Point","coordinates":[-97.1612,26.08178]},"properties":{"name":"Tesla Supercharger","network":"Tesla Supercharger","brand":"Tesla Supercharger","operator":"Tesla, Inc.","stalls":2,"kw_per_stall":null,"mw_capacity":null,"status":"24/7","access":"customers","fee":"yes","sockets":"","voltage":"","address":"100, Padre Boulevard, South Padre Island, TX","city":"South Padre Island","state":"TX","source":"OpenStreetMap","osm_id":12166854822}},{"type":"Feature","geometry":{"type":"Point","coordinates":[-98.1858,28.52163]},"properties":{"name":"Tesla Supercharger","network":"Tesla Supercharger","brand":"Tesla Supercharger","operator":"Tesla, Inc.","stalls":8,"kw_per_stall":null,"mw_capacity":null,"status":"24/7","access":"customers","fee":"yes","sockets":"","voltage":"","address":"2645, South Highway 37, Three Rivers, TX","city":"Three Rivers","state":"TX","source":"OpenStreetMap","osm_id":12167923756}},{"type":"Feature","geometry":{"type":"Point","coordinates":[-98.25982,26.19845]},"properties":{"name":"Tesla Supercharger","network":"Tesla Supercharger","brand":"Tesla Supercharger","operator":"Tesla","stalls":8,"kw_per_stall":null,"mw_capacity":null,"status":"24/7","access":"customers","fee":"yes","sockets":"","voltage":"","address":"800, Convention Center Boulevard, McAllen, TX","city":"McAllen","state":"TX","source":"OpenStreetMap","osm_id":12167946431}},{"type":"Feature","geometry":{"type":"Point","coordinates":[-99.49422,27.55501]},"properties":{"name":"Tesla Supercharger","network":"Tesla Supercharger","brand":"Tesla Supercharger","operator":"Tesla, Inc.","stalls":8,"kw_per_stall":null,"mw_capacity":null,"status":"24/7","access":"customers","fee":"yes","sockets":"","voltage":"","address":"110, Calle Del Norte Drive, Laredo, TX","city":"Laredo","state":"TX","source":"OpenStreetMap","osm_id":12168190346}},{"type":"Feature","geometry":{"type":"Point","coordinates":[-97.48763,25.95071]},"properties":{"name":"Tesla Supercharger","network":"Tesla Supercharger","brand":"Tesla Supercharger","operator":"Tesla, Inc.","stalls":8,"kw_per_stall":null,"mw_capacity":null,"status":"24/7","access":"yes","fee":"yes","sockets":"","voltage":"","address":"2155, Paredes Line Road, Brownsville, TX","city":"Brownsville","state":"TX","source":"OpenStreetMap","osm_id":12168912388}},{"type":"Feature","geometry":{"type":"Point","coordinates":[-95.13708,32.44053]},"properties":{"name":"Tesla Supercharger","network":"Tesla Supercharger","brand":"Tesla Supercharger","operator":"Tesla","stalls":16,"kw_per_stall":null,"mw_capacity":null,"status":"24/7","access":"yes","fee":"yes","sockets":"","voltage":"","address":"16243, US-271, Tyler, TX","city":"Tyler","state":"TX","source":"OpenStreetMap","osm_id":12170597522}},{"type":"Feature","geometry":{"type":"Point","coordinates":[-97.84441,27.49381]},"properties":{"name":"Tesla Supercharger","network":"Tesla Supercharger","brand":"Tesla Supercharger","operator":"Tesla, Inc.","stalls":8,"kw_per_stall":null,"mw_capacity":null,"status":"24/7","access":"customers","fee":"yes","sockets":"","voltage":"","address":"2400, South US Highway 77, Kingsville, TX","city":"Kingsville","state":"TX","source":"OpenStreetMap","osm_id":12171052906}},{"type":"Feature","geometry":{"type":"Point","coordinates":[-97.86266,30.01295]},"properties":{"name":"Tesla Supercharger","network":"Tesla Supercharger","brand":"Tesla Supercharger","operator":"Tesla","stalls":16,"kw_per_stall":null,"mw_capacity":null,"status":"24/7","access":"yes","fee":"yes","sockets":"","voltage":"","address":"151, Evans Drive, Kyle, TX","city":"Kyle","state":"TX","source":"OpenStreetMap","osm_id":12171867471}},{"type":"Feature","geometry":{"type":"Point","coordinates":[-98.39806,30.26993]},"properties":{"name":"Johnson City Supercharger","network":"Tesla Supercharger","brand":"Tesla Supercharger","operator":"Tesla, Inc.","stalls":8,"kw_per_stall":null,"mw_capacity":null,"status":"24/7","access":"yes","fee":"yes","sockets":"","voltage":"","address":"405, US-281, Johnson City, TX","city":"Johnson City","state":"TX","source":"OpenStreetMap","osm_id":12172051994}},{"type":"Feature","geometry":{"type":"Point","coordinates":[-95.46461,29.73713]},"properties":{"name":"Tesla Supercharger","network":"Tesla Supercharger","brand":"Tesla Supercharger","operator":"Tesla, Inc.","stalls":16,"kw_per_stall":null,"mw_capacity":null,"status":"24/7","access":"customers","fee":"yes","sockets":"","voltage":"","address":"5085, Westheimer Road, Houston, TX","city":"Houston","state":"TX","source":"OpenStreetMap","osm_id":12172774411}},{"type":"Feature","geometry":{"type":"Point","coordinates":[-97.81937,30.52571]},"properties":{"name":"Tesla Supercharger","network":"Tesla Supercharger","brand":"Tesla Supercharger","operator":"Tesla, Inc.","stalls":12,"kw_per_stall":null,"mw_capacity":null,"status":"24/7","access":"yes","fee":"yes","sockets":"","voltage":"","address":"1001, East Whitestone Boulevard, Cedar Park, TX","city":"Cedar Park","state":"TX","source":"OpenStreetMap","osm_id":12172794526}},{"type":"Feature","geometry":{"type":"Point","coordinates":[-98.67489,30.75053]},"properties":{"name":"Tesla Supercharger","network":"Tesla Supercharger","brand":"Tesla Supercharger","operator":"Tesla, Inc.","stalls":8,"kw_per_stall":null,"mw_capacity":null,"status":"24/7","access":"yes","fee":"yes","sockets":"","voltage":"","address":"117, East Main Street, Llano, TX","city":"Llano","state":"TX","source":"OpenStreetMap","osm_id":12172988278}},{"type":"Feature","geometry":{"type":"Point","coordinates":[-97.58095,30.50281]},"properties":{"name":"Tesla Supercharger","network":"Tesla Supercharger","brand":"Tesla Supercharger","operator":"Tesla, Inc.","stalls":12,"kw_per_stall":null,"mw_capacity":null,"status":"24/7","access":"yes","fee":"yes","sockets":"","voltage":"","address":"5000, Gattis School Road, Hutto, TX","city":"Hutto","state":"TX","source":"OpenStreetMap","osm_id":12172994060}},{"type":"Feature","geometry":{"type":"Point","coordinates":[-97.82746,30.2898]},"properties":{"name":"Tesla Supercharger","network":"Tesla Supercharger","brand":"Tesla Supercharger","operator":"Tesla, Inc.","stalls":8,"kw_per_stall":null,"mw_capacity":null,"status":"24/7","access":"yes","fee":"yes","sockets":"","voltage":"","address":"701, South Capital of Texas Highway, West Lake Hills, TX","city":"West Lake Hills","state":"TX","source":"OpenStreetMap","osm_id":12173000588}},{"type":"Feature","geometry":{"type":"Point","coordinates":[-101.96164,33.52093]},"properties":{"name":"Tesla Supercharger","network":"Tesla Supercharger","brand":"Tesla Supercharger","operator":"Tesla, Inc.","stalls":4,"kw_per_stall":null,"mw_capacity":null,"status":"24/7","access":"yes","fee":"yes","sockets":"","voltage":"","address":"6544, 82nd Street, Lubbock, TX","city":"Lubbock","state":"TX","source":"OpenStreetMap","osm_id":12173256090}},{"type":"Feature","geometry":{"type":"Point","coordinates":[-97.76719,30.20011]},"properties":{"name":"Tesla Supercharger","network":"Tesla Supercharger","brand":"Tesla Supercharger","operator":"Tesla, Inc.","stalls":16,"kw_per_stall":null,"mw_capacity":null,"status":"24/7","access":"yes","fee":"yes","sockets":"","voltage":"","address":"807, East Stassney Lane, Austin, TX","city":"Austin","state":"TX","source":"OpenStreetMap","osm_id":12197325375}},{"type":"Feature","geometry":{"type":"Point","coordinates":[-96.87443,32.42868]},"properties":{"name":"Tesla Supercharger","network":"Tesla Supercharger","brand":"Tesla Supercharger","operator":"Tesla, Inc.","stalls":12,"kw_per_stall":null,"mw_capacity":null,"status":"24/7","access":"yes","fee":"yes","sockets":"","voltage":"","address":"625, FM664, Waxahachie, TX","city":"Waxahachie","state":"TX","source":"OpenStreetMap","osm_id":12209353157}},{"type":"Feature","geometry":{"type":"Point","coordinates":[-97.6512,27.79321]},"properties":{"name":"Robstown Supercharger","network":"Tesla Supercharger","brand":"Tesla Supercharger","operator":"Tesla, Inc.","stalls":16,"kw_per_stall":null,"mw_capacity":null,"status":"24/7","access":"yes","fee":"yes","sockets":"","voltage":"","address":"500, US-77, Robstown, TX","city":"Robstown","state":"TX","source":"OpenStreetMap","osm_id":12247272489}},{"type":"Feature","geometry":{"type":"Point","coordinates":[-99.77729,29.21171]},"properties":{"name":"Uvalde Supercharger","network":"Tesla Supercharger","brand":"Tesla Supercharger","operator":"Tesla, Inc.","stalls":12,"kw_per_stall":null,"mw_capacity":null,"status":"24/7","access":"yes","fee":"yes","sockets":"","voltage":"","address":"515, East Main Street, Uvalde, TX","city":"Uvalde","state":"TX","source":"OpenStreetMap","osm_id":12255930262}},{"type":"Feature","geometry":{"type":"Point","coordinates":[-97.81836,28.11112]},"properties":{"name":"Tesla Supercharger","network":"Tesla Supercharger","brand":"Tesla Supercharger","operator":"Tesla, Inc.","stalls":8,"kw_per_stall":null,"mw_capacity":null,"status":"24/7","access":"yes","fee":"yes","sockets":"","voltage":"","address":"10538, TX-359, Mathis, TX","city":"Mathis","state":"TX","source":"OpenStreetMap","osm_id":12282551327}},{"type":"Feature","geometry":{"type":"Point","coordinates":[-97.31394,32.86489]},"properties":{"name":"Tesla Supercharger","network":"Tesla Supercharger","brand":"Tesla Supercharger","operator":"Tesla, Inc.","stalls":12,"kw_per_stall":null,"mw_capacity":null,"status":"24/7","access":"yes","fee":"yes","sockets":"","voltage":"","address":"6800, North Freeway Service Road West, Fort Worth, TX","city":"Fort Worth","state":"TX","source":"OpenStreetMap","osm_id":12299246032}},{"type":"Feature","geometry":{"type":"Point","coordinates":[-101.87106,33.52775]},"properties":{"name":"Tesla Supercharger","network":"Tesla Supercharger","brand":"Tesla Supercharger","operator":"Tesla, Inc.","stalls":16,"kw_per_stall":null,"mw_capacity":null,"status":"24/7","access":"yes","fee":"yes","sockets":"","voltage":"","address":"7302, University Avenue, Lubbock, TX","city":"Lubbock","state":"TX","source":"OpenStreetMap","osm_id":12308816757}},{"type":"Feature","geometry":{"type":"Point","coordinates":[-99.76675,32.40621]},"properties":{"name":"Tesla Supercharger","network":"Tesla Supercharger","brand":"Tesla Supercharger","operator":"Tesla, Inc.","stalls":12,"kw_per_stall":null,"mw_capacity":null,"status":"24/7","access":"yes","fee":"yes","sockets":"","voltage":"","address":"3710, Ridgemont Drive, Abilene, TX","city":"Abilene","state":"TX","source":"OpenStreetMap","osm_id":12313043226}},{"type":"Feature","geometry":{"type":"Point","coordinates":[-106.89296,34.07171]},"properties":{"name":"Tesla Supercharger","network":"Tesla Supercharger","brand":"Tesla Supercharger","operator":"Tesla, Inc.","stalls":8,"kw_per_stall":null,"mw_capacity":null,"status":"24/7","access":"yes","fee":"yes","sockets":"","voltage":"","address":"1100, North California Street, Socorro, NM","city":"Socorro","state":"NM","source":"OpenStreetMap","osm_id":12318023553}},{"type":"Feature","geometry":{"type":"Point","coordinates":[-101.3826032,33.200135]},"properties":{"name":"Tesla Supercharger","network":"Tesla Supercharger","brand":"Tesla Supercharger","operator":"Tesla, Inc.","stalls":8,"kw_per_stall":null,"mw_capacity":null,"status":"24/7","access":"yes","fee":"yes","sockets":"","voltage":"","address":"905, North Broadway Street, Post, TX","city":"Post","state":"TX","source":"OpenStreetMap","osm_id":12360611427}},{"type":"Feature","geometry":{"type":"Point","coordinates":[-95.36612,29.7666]},"properties":{"name":"Houston, TX - Franklin St Supercharger","network":"Tesla Supercharger","brand":"Tesla Supercharger","operator":"Tesla, Inc.","stalls":24,"kw_per_stall":null,"mw_capacity":null,"status":"24/7","access":"yes","fee":"yes","sockets":"","voltage":"","address":"401, Franklin Street, Houston, TX","city":"Houston","state":"TX","source":"OpenStreetMap","osm_id":12367334292}},{"type":"Feature","geometry":{"type":"Point","coordinates":[-97.1299034,32.9434051]},"properties":{"name":"Tesla","network":"Tesla","brand":"Tesla","operator":"Tesla","stalls":5,"kw_per_stall":null,"mw_capacity":null,"status":"unknown","access":"restricted","fee":"","sockets":"","voltage":"","address":"","city":"","state":"","source":"OpenStreetMap","osm_id":12389123642}},{"type":"Feature","geometry":{"type":"Point","coordinates":[-97.6749794,30.4007923]},"properties":{"name":"Tesla Destination Charger","network":"Tesla","brand":"Tesla, Inc.","operator":"","stalls":null,"kw_per_stall":null,"mw_capacity":null,"status":"unknown","access":"yes","fee":"yes","sockets":"","voltage":"","address":"","city":"","state":"","source":"OpenStreetMap","osm_id":12405198183}},{"type":"Feature","geometry":{"type":"Point","coordinates":[-108.7139157,32.3406265]},"properties":{"name":"Tesla Supercharger","network":"Tesla Supercharger","brand":"Tesla Supercharger","operator":"Tesla, Inc.","stalls":12,"kw_per_stall":null,"mw_capacity":null,"status":"24/7","access":"yes","fee":"yes","sockets":"","voltage":"","address":"1316, Main Street, Lordsburg, NM","city":"Lordsburg","state":"NM","source":"OpenStreetMap","osm_id":12466636245}},{"type":"Feature","geometry":{"type":"Point","coordinates":[-106.0258259,35.627734]},"properties":{"name":"Tesla Supercharger","network":"Tesla Supercharger","brand":"Tesla Supercharger","operator":"Tesla","stalls":8,"kw_per_stall":null,"mw_capacity":null,"status":"24/7","access":"yes","fee":"yes","sockets":"","voltage":"","address":"6581, Cerrillos Road, Santa Fe, NM","city":"Santa Fe","state":"NM","source":"OpenStreetMap","osm_id":12475270610}},{"type":"Feature","geometry":{"type":"Point","coordinates":[-96.28912,30.60007]},"properties":{"name":"Tesla Supercharger","network":"Tesla Supercharger","brand":"Tesla Supercharger","operator":"Tesla","stalls":12,"kw_per_stall":null,"mw_capacity":null,"status":"24/7","access":"yes","fee":"yes","sockets":"","voltage":"","address":"3055, South Earl Rudder Freeway, College Station, TX","city":"College Station","state":"TX","source":"OpenStreetMap","osm_id":12581921113}},{"type":"Feature","geometry":{"type":"Point","coordinates":[-97.4786017,35.6225226]},"properties":{"name":"Tesla Supercharger","network":"Tesla Supercharger","brand":"Tesla Supercharger","operator":"Tesla, Inc.","stalls":12,"kw_per_stall":null,"mw_capacity":null,"status":"24/7","access":"yes","fee":"yes","sockets":"","voltage":"","address":"3325, South Boulevard Street, Edmond, OK","city":"Edmond","state":"OK","source":"OpenStreetMap","osm_id":12635087146}},{"type":"Feature","geometry":{"type":"Point","coordinates":[-97.501413,35.5087691]},"properties":{"name":"Oklahoma City Supercharger","network":"Tesla Supercharger","brand":"Tesla Supercharger","operator":"Tesla","stalls":16,"kw_per_stall":null,"mw_capacity":null,"status":"24/7","access":"yes","fee":"yes","sockets":"","voltage":"","address":"625, Northeast 36th Street, Oklahoma City, OK","city":"Oklahoma City","state":"OK","source":"OpenStreetMap","osm_id":12635108186}},{"type":"Feature","geometry":{"type":"Point","coordinates":[-97.5014787,35.5086522]},"properties":{"name":"Tesla Destination Charger","network":"Tesla","brand":"Tesla","operator":"Tesla","stalls":12,"kw_per_stall":null,"mw_capacity":null,"status":"24/7","access":"yes","fee":"yes","sockets":"","voltage":"","address":"625, Northeast 36th Street, Oklahoma City, OK","city":"Oklahoma City","state":"OK","source":"OpenStreetMap","osm_id":12635221515}},{"type":"Feature","geometry":{"type":"Point","coordinates":[-96.6920254,30.5377249]},"properties":{"name":"Tesla Supercharger","network":"Tesla Supercharger","brand":"Tesla Supercharger","operator":"Tesla, Inc.","stalls":8,"kw_per_stall":null,"mw_capacity":null,"status":"24/7","access":"customers","fee":"yes","sockets":"","voltage":"","address":"306, North Wright Street, Caldwell, TX","city":"Caldwell","state":"TX","source":"OpenStreetMap","osm_id":12698091411}},{"type":"Feature","geometry":{"type":"Point","coordinates":[-95.912058,36.1037546]},"properties":{"name":"Tesla Supercharger","network":"Tesla Supercharger","brand":"Tesla Supercharger","operator":"Tesla","stalls":20,"kw_per_stall":null,"mw_capacity":null,"status":"24/7","access":"yes","fee":"yes","sockets":"","voltage":"","address":"5726, East 41st Street South, Tulsa, OK","city":"Tulsa","state":"OK","source":"OpenStreetMap","osm_id":12712195076}},{"type":"Feature","geometry":{"type":"Point","coordinates":[-104.43931,36.88018]},"properties":{"name":"Tesla Supercharger","network":"Tesla Supercharger","brand":"Tesla Supercharger","operator":"Tesla","stalls":12,"kw_per_stall":null,"mw_capacity":null,"status":"24/7","access":"yes","fee":"yes","sockets":"","voltage":"","address":"1239, South 2nd Street, Raton, NM","city":"Raton","state":"NM","source":"OpenStreetMap","osm_id":12807836912}},{"type":"Feature","geometry":{"type":"Point","coordinates":[-101.722192,35.1918429]},"properties":{"name":"Amarillo Supercharger","network":"Tesla Supercharger","brand":"Tesla Supercharger","operator":"Tesla, Inc.","stalls":20,"kw_per_stall":null,"mw_capacity":null,"status":"24/7","access":"yes","fee":"yes","sockets":"","voltage":"","address":"9900, Interstate 40, Amarillo, TX","city":"Amarillo","state":"TX","source":"OpenStreetMap","osm_id":12824914917}},{"type":"Feature","geometry":{"type":"Point","coordinates":[-95.9700987,35.4405674]},"properties":{"name":"Tesla Supercharger","network":"Tesla Supercharger","brand":"Tesla Supercharger","operator":"Tesla, Inc.","stalls":8,"kw_per_stall":null,"mw_capacity":null,"status":"24/7","access":"yes","fee":"yes","sockets":"","voltage":"","address":"903, East Trudgeon Street, Henryetta, OK","city":"Henryetta","state":"OK","source":"OpenStreetMap","osm_id":12860015336}},{"type":"Feature","geometry":{"type":"Point","coordinates":[-95.06415,29.42814]},"properties":{"name":"Tesla Supercharger","network":"Tesla Supercharger","brand":"Tesla Supercharger","operator":"Tesla, Inc.","stalls":16,"kw_per_stall":null,"mw_capacity":null,"status":"24/7","access":"yes","fee":"yes","sockets":"","voltage":"","address":"6201, Gulf Freeway, Texas City, TX","city":"Texas City","state":"TX","source":"OpenStreetMap","osm_id":12880627787}},{"type":"Feature","geometry":{"type":"Point","coordinates":[-95.5592,29.77892]},"properties":{"name":"Houston, TX - Queensbury Lane Tesla Supercharger","network":"Tesla Supercharger","brand":"Tesla Supercharger","operator":"Tesla","stalls":16,"kw_per_stall":null,"mw_capacity":null,"status":"24/7","access":"yes","fee":"yes","sockets":"","voltage":"","address":"12711, Queensbury Lane, Houston, TX","city":"Houston","state":"TX","source":"OpenStreetMap","osm_id":12880680938}},{"type":"Feature","geometry":{"type":"Point","coordinates":[-100.90161,29.39409]},"properties":{"name":"Tesla Supercharger","network":"Tesla Supercharger","brand":"Tesla Supercharger","operator":"Tesla, Inc.","stalls":8,"kw_per_stall":null,"mw_capacity":null,"status":"24/7","access":"yes","fee":"yes","sockets":"","voltage":"","address":"330, Braddie Drive, Del Rio, TX","city":"Del Rio","state":"TX","source":"OpenStreetMap","osm_id":12912348889}},{"type":"Feature","geometry":{"type":"Point","coordinates":[-96.05492,33.13387]},"properties":{"name":"Tesla Supercharger","network":"Tesla Supercharger","brand":"Tesla Supercharger","operator":"Tesla, Inc.","stalls":12,"kw_per_stall":null,"mw_capacity":null,"status":"24/7","access":"yes","fee":"yes","sockets":"","voltage":"","address":"3004, I-30 Frontage Road, Greenville, TX","city":"Greenville","state":"TX","source":"OpenStreetMap","osm_id":12918062996}},{"type":"Feature","geometry":{"type":"Point","coordinates":[-97.73296,30.39044]},"properties":{"name":"Tesla Supercharger","network":"Tesla Supercharger","brand":"Tesla Supercharger","operator":"Tesla","stalls":24,"kw_per_stall":null,"mw_capacity":null,"status":"24/7","access":"yes","fee":"yes","sockets":"","voltage":"","address":"10515, North Mopac Expressway, Austin, TX","city":"Austin","state":"TX","source":"OpenStreetMap","osm_id":12920772602}},{"type":"Feature","geometry":{"type":"Point","coordinates":[-97.75644,26.18791]},"properties":{"name":"Harlingen Supercharger","network":"Tesla Supercharger","brand":"Tesla Supercharger","operator":"Tesla, Inc.","stalls":12,"kw_per_stall":null,"mw_capacity":null,"status":"24/7","access":"yes","fee":"yes","sockets":"","voltage":"","address":"6710, West Expy 83, Harlingen, TX","city":"Harlingen","state":"TX","source":"OpenStreetMap","osm_id":12921614073}},{"type":"Feature","geometry":{"type":"Point","coordinates":[-98.0688,27.74904]},"properties":{"name":"Alice Supercharger","network":"Tesla Supercharger","brand":"Tesla Supercharger","operator":"Tesla, Inc.","stalls":11,"kw_per_stall":null,"mw_capacity":null,"status":"24/7","access":"customers","fee":"yes","sockets":"","voltage":"","address":"700, East Front Street, Alice, TX","city":"Alice","state":"TX","source":"OpenStreetMap","osm_id":12923320531}},{"type":"Feature","geometry":{"type":"Point","coordinates":[-95.60559,29.73438]},"properties":{"name":"Houston, TX - 12523 Westheimer Rd Supercharger","network":"Tesla Supercharger","brand":"Tesla Supercharger","operator":"Tesla, Inc.","stalls":16,"kw_per_stall":null,"mw_capacity":null,"status":"24/7","access":"yes","fee":"yes","sockets":"","voltage":"","address":"12523, Westheimer Road, Houston, TX","city":"Houston","state":"TX","source":"OpenStreetMap","osm_id":12923482744}},{"type":"Feature","geometry":{"type":"Point","coordinates":[-95.4498603,30.0854743]},"properties":{"name":"Tesla Supercharger","network":"Tesla Supercharger","brand":"Tesla Supercharger","operator":"Tesla","stalls":15,"kw_per_stall":null,"mw_capacity":null,"status":"24/7","access":"customers","fee":"yes","sockets":"","voltage":"","address":"2102-2180, Spring Stuebner Road, Spring, TX","city":"Spring","state":"TX","source":"OpenStreetMap","osm_id":12923925105}},{"type":"Feature","geometry":{"type":"Point","coordinates":[-101.74915,34.18884]},"properties":{"name":"Plainview Tesla Supercharger","network":"Tesla Supercharger","brand":"Tesla Supercharger","operator":"Tesla, Inc.","stalls":8,"kw_per_stall":null,"mw_capacity":null,"status":"24/7","access":"yes","fee":"yes","sockets":"","voltage":"","address":"808, North I-27, Plainview, TX","city":"Plainview","state":"TX","source":"OpenStreetMap","osm_id":12924434730}},{"type":"Feature","geometry":{"type":"Point","coordinates":[-95.40063,29.77443]},"properties":{"name":"Houston, TX - Yale St Tesla Supercharger","network":"Tesla Supercharger","brand":"Tesla Supercharger","operator":"Tesla, Inc.","stalls":35,"kw_per_stall":null,"mw_capacity":null,"status":"24/7","access":"yes","fee":"yes","sockets":"","voltage":"","address":"195, Yale Street, Houston, TX","city":"Houston","state":"TX","source":"OpenStreetMap","osm_id":12924881216}},{"type":"Feature","geometry":{"type":"Point","coordinates":[-95.4521552,30.1887381]},"properties":{"name":"Tesla Supercharger","network":"Tesla Supercharger","brand":"Tesla Supercharger","operator":"Tesla","stalls":8,"kw_per_stall":null,"mw_capacity":null,"status":"24/7","access":"yes","fee":"yes","sockets":"","voltage":"","address":"10973, I-45, Shenandoah, TX","city":"Shenandoah","state":"TX","source":"OpenStreetMap","osm_id":12924951749}},{"type":"Feature","geometry":{"type":"Point","coordinates":[-95.8488,29.779]},"properties":{"name":"Katy, TX - Katy Fwy Tesla Supercharger","network":"Tesla Supercharger","brand":"Tesla Supercharger","operator":"Tesla, Inc.","stalls":24,"kw_per_stall":null,"mw_capacity":null,"status":"24/7","access":"yes","fee":"yes","sockets":"","voltage":"","address":"27700, Katy Freeway, Katy, TX","city":"Katy","state":"TX","source":"OpenStreetMap","osm_id":12925028225}},{"type":"Feature","geometry":{"type":"Point","coordinates":[-96.3171633,30.6129367]},"properties":{"name":"Tesla Supercharger","network":"Tesla Supercharger","brand":"Tesla Supercharger","operator":"Tesla","stalls":8,"kw_per_stall":null,"mw_capacity":null,"status":"24/7","access":"yes","fee":"yes","sockets":"","voltage":"","address":"1900, Texas Avenue South, College Station, TX","city":"College Station","state":"TX","source":"OpenStreetMap","osm_id":12925043513}},{"type":"Feature","geometry":{"type":"Point","coordinates":[-95.64583,29.74064]},"properties":{"name":"Houston, TX - Piping Rock Lane Tesla Supercharger","network":"Tesla Supercharger","brand":"Tesla Supercharger","operator":"Tesla, Inc.","stalls":8,"kw_per_stall":null,"mw_capacity":null,"status":"24/7","access":"yes","fee":"yes","sockets":"","voltage":"","address":"2344, Piping Rock Lane, Houston, TX","city":"Houston","state":"TX","source":"OpenStreetMap","osm_id":12925043987}},{"type":"Feature","geometry":{"type":"Point","coordinates":[-95.57574,29.99712]},"properties":{"name":"Tesla Supercharger","network":"Tesla Supercharger","brand":"Tesla Supercharger","operator":"Tesla","stalls":14,"kw_per_stall":null,"mw_capacity":null,"status":"24/7","access":"yes","fee":"yes","sockets":"","voltage":"","address":"10850, Louetta Road, Houston, TX","city":"Houston","state":"TX","source":"OpenStreetMap","osm_id":12925051818}},{"type":"Feature","geometry":{"type":"Point","coordinates":[-100.51253,31.42983]},"properties":{"name":"San Angelo, TX Tesla Supercharger","network":"Tesla Supercharger","brand":"Tesla Supercharger","operator":"Tesla, Inc.","stalls":8,"kw_per_stall":null,"mw_capacity":null,"status":"24/7","access":"yes","fee":"yes","sockets":"","voltage":"","address":"5502, Sherwood Way, San Angelo, TX","city":"San Angelo","state":"TX","source":"OpenStreetMap","osm_id":12926150175}},{"type":"Feature","geometry":{"type":"Point","coordinates":[-95.39232,29.58018]},"properties":{"name":"Pearland, TX Tesla Supercharger","network":"Tesla Supercharger","brand":"Tesla Supercharger","operator":"Tesla, Inc.","stalls":16,"kw_per_stall":null,"mw_capacity":null,"status":"24/7","access":"yes","fee":"yes","sockets":"","voltage":"","address":"11151, Shadow Creek Parkway, Pearland, TX","city":"Pearland","state":"TX","source":"OpenStreetMap","osm_id":12926232701}},{"type":"Feature","geometry":{"type":"Point","coordinates":[-95.41191,29.74009]},"properties":{"name":"Houston, TX - Kipling St Tesla Supercharger","network":"Tesla Supercharger","brand":"Tesla Supercharger","operator":"Tesla, Inc.","stalls":19,"kw_per_stall":null,"mw_capacity":null,"status":"24/7","access":"yes","fee":"yes","sockets":"","voltage":"","address":"2132, Kipling Street, Houston, TX","city":"Houston","state":"TX","source":"OpenStreetMap","osm_id":12926261238}},{"type":"Feature","geometry":{"type":"Point","coordinates":[-97.79305,30.23329]},"properties":{"name":"Austin, TX - S Lamar Blvd Tesla Supercharger","network":"Tesla Supercharger","brand":"Tesla Supercharger","operator":"Tesla, Inc.","stalls":12,"kw_per_stall":null,"mw_capacity":null,"status":"24/7","access":"customers","fee":"yes","sockets":"","voltage":"","address":"4211, South Lamar Boulevard, Austin, TX","city":"Austin","state":"TX","source":"OpenStreetMap","osm_id":12926427489}},{"type":"Feature","geometry":{"type":"Point","coordinates":[-98.48218,29.49705]},"properties":{"name":"San Antonio, TX - E Basse Rd Tesla Supercharger","network":"Tesla Supercharger","brand":"Tesla Supercharger","operator":"Tesla, Inc.","stalls":12,"kw_per_stall":null,"mw_capacity":null,"status":"24/7","access":"yes","fee":"yes","sockets":"","voltage":"","address":"255, East Basse Road, San Antonio, TX","city":"San Antonio","state":"TX","source":"OpenStreetMap","osm_id":12926645418}},{"type":"Feature","geometry":{"type":"Point","coordinates":[-98.48278,29.43209]},"properties":{"name":"San Antonio, TX - Broadway Tesla Supercharger","network":"Tesla Supercharger","brand":"Tesla Supercharger","operator":"Tesla, Inc.","stalls":16,"kw_per_stall":null,"mw_capacity":null,"status":"24/7","access":"yes","fee":"yes","sockets":"","voltage":"","address":"718, Broadway, San Antonio, TX","city":"San Antonio","state":"TX","source":"OpenStreetMap","osm_id":12926667173}},{"type":"Feature","geometry":{"type":"Point","coordinates":[-97.99839,30.19553]},"properties":{"name":"Dripping Springs, TX Tesla Supercharger","network":"Tesla Supercharger","brand":"Tesla Supercharger","operator":"Tesla, Inc.","stalls":8,"kw_per_stall":null,"mw_capacity":null,"status":"24/7","access":"customers","fee":"yes","sockets":"","voltage":"","address":"13810, Sawyer Ranch Road, Dripping Springs, TX","city":"Dripping Springs","state":"TX","source":"OpenStreetMap","osm_id":12926669492}},{"type":"Feature","geometry":{"type":"Point","coordinates":[-95.29951,29.98447]},"properties":{"name":"Humble, TX Tesla Supercharger","network":"Tesla Supercharger","brand":"Tesla Supercharger","operator":"Tesla, Inc.","stalls":15,"kw_per_stall":null,"mw_capacity":null,"status":"24/7","access":"yes","fee":"yes","sockets":"","voltage":"","address":"6115, Will Clayton Parkway, Humble, TX","city":"Humble","state":"TX","source":"OpenStreetMap","osm_id":12926708673}},{"type":"Feature","geometry":{"type":"Point","coordinates":[-95.2372682,30.1315271]},"properties":{"name":"Tesla Supercharger","network":"Tesla Supercharger","brand":"Tesla Supercharger","operator":"Tesla","stalls":16,"kw_per_stall":null,"mw_capacity":null,"status":"24/7","access":"yes","fee":"yes","sockets":"","voltage":"","address":"22118 1/2, Market Place Drive, New Caney, TX","city":"New Caney","state":"TX","source":"OpenStreetMap","osm_id":12926742323}},{"type":"Feature","geometry":{"type":"Point","coordinates":[-98.6016,29.61303]},"properties":{"name":"San Antonio, TX - Worth Pkwy Tesla Supercharger","network":"Tesla Supercharger","brand":"Tesla Supercharger","operator":"Tesla, Inc.","stalls":20,"kw_per_stall":null,"mw_capacity":null,"status":"24/7","access":"yes","fee":"yes","sockets":"","voltage":"","address":"5833, Worth Parkway, San Antonio, TX","city":"San Antonio","state":"TX","source":"OpenStreetMap","osm_id":12926757081}},{"type":"Feature","geometry":{"type":"Point","coordinates":[-96.3993,30.14031]},"properties":{"name":"Brenham, TX Tesla Supercharger","network":"Tesla Supercharger","brand":"Tesla Supercharger","operator":"Tesla, Inc.","stalls":12,"kw_per_stall":null,"mw_capacity":null,"status":"24/7","access":"yes","fee":"yes","sockets":"","voltage":"","address":"2685, Schulte Boulevard, Brenham, TX","city":"Brenham","state":"TX","source":"OpenStreetMap","osm_id":12930112392}},{"type":"Feature","geometry":{"type":"Point","coordinates":[-101.20265,30.70646]},"properties":{"name":"Ozona, TX - 14th St Tesla Supercharger","network":"Tesla Supercharger","brand":"Tesla Supercharger","operator":"Tesla, Inc.","stalls":12,"kw_per_stall":null,"mw_capacity":null,"status":"24/7","access":"yes","fee":"yes","sockets":"","voltage":"","address":"704, 14th Street, Ozona, TX","city":"Ozona","state":"TX","source":"OpenStreetMap","osm_id":12940309052}},{"type":"Feature","geometry":{"type":"Point","coordinates":[-97.74208,30.21494]},"properties":{"name":"Austin, TX - E Ben White Blvd Tesla Supercharger","network":"Tesla Supercharger","brand":"Tesla Supercharger","operator":"Tesla, Inc.","stalls":16,"kw_per_stall":null,"mw_capacity":null,"status":"24/7","access":"yes","fee":"yes","sockets":"","voltage":"","address":"2201, East Ben White Boulevard, Austin, TX","city":"Austin","state":"TX","source":"OpenStreetMap","osm_id":12941631489}},{"type":"Feature","geometry":{"type":"Point","coordinates":[-97.42929,25.94396]},"properties":{"name":"Brownsville, TX - Boca Chica Blvd Tesla Supercharger","network":"Tesla Supercharger","brand":"Tesla Supercharger","operator":"Tesla, Inc.","stalls":16,"kw_per_stall":null,"mw_capacity":null,"status":"24/7","access":"yes","fee":"yes","sockets":"","voltage":"","address":"5850, Ruben M Torres Boulevard, Brownsville, TX","city":"Brownsville","state":"TX","source":"OpenStreetMap","osm_id":12941775624}},{"type":"Feature","geometry":{"type":"Point","coordinates":[-96.6974817,32.99896]},"properties":{"name":"Richardson, TX Tesla Supercharger","network":"Tesla Supercharger","brand":"Tesla Supercharger","operator":"Tesla","stalls":null,"kw_per_stall":null,"mw_capacity":null,"status":"24/7","access":"yes","fee":"yes","sockets":"","voltage":"","address":"","city":"","state":"","source":"OpenStreetMap","osm_id":12943798374}},{"type":"Feature","geometry":{"type":"Point","coordinates":[-97.15494,33.63473]},"properties":{"name":"Gainesville, TX Tesla Supercharger","network":"Tesla Supercharger","brand":"Tesla Supercharger","operator":"Tesla","stalls":12,"kw_per_stall":null,"mw_capacity":null,"status":"24/7","access":"yes","fee":"yes","sockets":"","voltage":"","address":"1200, I-35 North Frontage Road, Gainesville, TX","city":"Gainesville","state":"TX","source":"OpenStreetMap","osm_id":12944721955}},{"type":"Feature","geometry":{"type":"Point","coordinates":[-98.43219,28.99574]},"properties":{"name":"Tesla Supercharger","network":"Tesla Supercharger","brand":"Tesla Supercharger","operator":"Tesla, Inc.","stalls":12,"kw_per_stall":null,"mw_capacity":null,"status":"24/7","access":"yes","fee":"yes","sockets":"","voltage":"","address":"109963, I-37, Pleasanton, TX","city":"Pleasanton","state":"TX","source":"OpenStreetMap","osm_id":12944721974}},{"type":"Feature","geometry":{"type":"Point","coordinates":[-97.18728,32.90677]},"properties":{"name":"Tesla Supercharger","network":"Tesla Supercharger","brand":"Tesla Supercharger","operator":"Tesla, Inc.","stalls":8,"kw_per_stall":null,"mw_capacity":null,"status":"24/7","access":"yes","fee":"yes","sockets":"","voltage":"","address":"8245, Precinct Line Road, North Richland Hills, TX","city":"North Richland Hills","state":"TX","source":"OpenStreetMap","osm_id":12944743316}},{"type":"Feature","geometry":{"type":"Point","coordinates":[-96.69751,32.99896]},"properties":{"name":"Tesla Supercharger","network":"Tesla","brand":"Tesla Supercharger","operator":"Tesla, Inc.","stalls":8,"kw_per_stall":null,"mw_capacity":null,"status":"24/7","access":"customers","fee":"yes","sockets":"","voltage":"","address":"1425, East Renner Road, Richardson, TX","city":"Richardson","state":"TX","source":"OpenStreetMap","osm_id":12944743378}},{"type":"Feature","geometry":{"type":"Point","coordinates":[-97.2076,31.39435]},"properties":{"name":"Tesla Supercharger","network":"Tesla Supercharger","brand":"Tesla Supercharger","operator":"Tesla, Inc.","stalls":20,"kw_per_stall":null,"mw_capacity":null,"status":"24/7","access":"yes","fee":"yes","sockets":"","voltage":"","address":"12020, South IH 35, Lorena, TX","city":"Lorena","state":"TX","source":"OpenStreetMap","osm_id":12944743391}},{"type":"Feature","geometry":{"type":"Point","coordinates":[-97.275237,28.3073133]},"properties":{"name":"Tesla Supercharger","network":"Tesla Supercharger","brand":"Tesla Supercharger","operator":"Tesla","stalls":8,"kw_per_stall":null,"mw_capacity":null,"status":"24/7","access":"yes","fee":"yes","sockets":"","voltage":"","address":"217, North Alamo Street, Refugio, TX","city":"Refugio","state":"TX","source":"OpenStreetMap","osm_id":12944743455}},{"type":"Feature","geometry":{"type":"Point","coordinates":[-97.32606,36.2893]},"properties":{"name":"Perry Supercharger","network":"Tesla Supercharger","brand":"Tesla Supercharger","operator":"Tesla, Inc.","stalls":6,"kw_per_stall":null,"mw_capacity":null,"status":"24/7","access":"customers","fee":"yes","sockets":"","voltage":"","address":"2812, Fir Street, Perry, OK","city":"Perry","state":"OK","source":"OpenStreetMap","osm_id":12944743541}},{"type":"Feature","geometry":{"type":"Point","coordinates":[-96.97899,28.76685]},"properties":{"name":"Tesla Supercharger","network":"Tesla Supercharger","brand":"Tesla Supercharger","operator":"Tesla, Inc.","stalls":6,"kw_per_stall":null,"mw_capacity":null,"status":"24/7","access":"customers","fee":"yes","sockets":"","voltage":"","address":"3107, South Laurent Street, Victoria, TX","city":"Victoria","state":"TX","source":"OpenStreetMap","osm_id":12944743656}},{"type":"Feature","geometry":{"type":"Point","coordinates":[-96.44823,32.06858]},"properties":{"name":"Tesla Supercharger","network":"Tesla Supercharger","brand":"Tesla Supercharger","operator":"Tesla, Inc.","stalls":10,"kw_per_stall":null,"mw_capacity":null,"status":"24/7","access":"customers","fee":"yes","sockets":"","voltage":"","address":"2035, I-45 Frontage Road, Corsicana, TX","city":"Corsicana","state":"TX","source":"OpenStreetMap","osm_id":12944743681}},{"type":"Feature","geometry":{"type":"Point","coordinates":[-98.14503,27.22491]},"properties":{"name":"Tesla Supercharger","network":"Tesla Supercharger","brand":"Tesla Supercharger","operator":"Tesla, Inc.","stalls":8,"kw_per_stall":null,"mw_capacity":null,"status":"24/7","access":"yes","fee":"yes","sockets":"","voltage":"","address":"300, South Street Marys Street, Falfurrias, TX","city":"Falfurrias","state":"TX","source":"OpenStreetMap","osm_id":12944743717}},{"type":"Feature","geometry":{"type":"Point","coordinates":[-98.8454,29.18555]},"properties":{"name":"Tesla Supercharger","network":"Tesla Supercharger","brand":"Tesla Supercharger","operator":"Tesla, Inc.","stalls":12,"kw_per_stall":null,"mw_capacity":null,"status":"24/7","access":"yes","fee":"yes","sockets":"","voltage":"","address":"21561, FM471, Natalia, TX","city":"Natalia","state":"TX","source":"OpenStreetMap","osm_id":12944743831}},{"type":"Feature","geometry":{"type":"Point","coordinates":[-106.58658,35.17181]},"properties":{"name":"Tesla Supercharger","network":"Tesla Supercharger","brand":"Tesla Supercharger","operator":"Tesla","stalls":8,"kw_per_stall":null,"mw_capacity":null,"status":"24/7","access":"yes","fee":"yes","sockets":"","voltage":"","address":"5151, Journal Center Boulevard Northeast, Albuquerque, NM","city":"Albuquerque","state":"NM","source":"OpenStreetMap","osm_id":12944743888}},{"type":"Feature","geometry":{"type":"Point","coordinates":[-107.8981486,35.1830086]},"properties":{"name":"Tesla Supercharger","network":"Tesla Supercharger","brand":"Tesla Supercharger","operator":"Tesla","stalls":15,"kw_per_stall":null,"mw_capacity":null,"status":"24/7","access":"yes","fee":"yes","sockets":"","voltage":"","address":"1500, Willow Drive, Milan, NM","city":"Milan","state":"NM","source":"OpenStreetMap","osm_id":12944743944}},{"type":"Feature","geometry":{"type":"Point","coordinates":[-106.5659157,35.1042909]},"properties":{"name":"Tesla Supercharger","network":"Tesla Supercharger","brand":"Tesla Supercharger","operator":"Tesla","stalls":16,"kw_per_stall":null,"mw_capacity":null,"status":"24/7","access":"yes","fee":"yes","sockets":"","voltage":"","address":"2200, Louisiana Boulevard Northeast, Albuquerque, NM","city":"Albuquerque","state":"NM","source":"OpenStreetMap","osm_id":12944744008}},{"type":"Feature","geometry":{"type":"Point","coordinates":[-97.7501,30.24766]},"properties":{"name":"Tesla Supercharger","network":"Tesla Supercharger","brand":"Tesla Supercharger","operator":"Tesla, Inc.","stalls":8,"kw_per_stall":null,"mw_capacity":null,"status":"24/7","access":"yes","fee":"yes","sockets":"","voltage":"","address":"1603, South Congress Avenue, Austin, TX","city":"Austin","state":"TX","source":"OpenStreetMap","osm_id":12944744110}},{"type":"Feature","geometry":{"type":"Point","coordinates":[-99.2435671,28.4459828]},"properties":{"name":"Cotulla, TX Tesla Supercharger","network":"Tesla Supercharger","brand":"Tesla Supercharger","operator":"Tesla","stalls":8,"kw_per_stall":null,"mw_capacity":null,"status":"24/7","access":"yes","fee":"yes","sockets":"","voltage":"","address":"358, I-35, Cotulla, TX","city":"Cotulla","state":"TX","source":"OpenStreetMap","osm_id":12944744147}},{"type":"Feature","geometry":{"type":"Point","coordinates":[-97.8572,28.81132]},"properties":{"name":"Tesla Supercharger","network":"Tesla Supercharger","brand":"Tesla Supercharger","operator":"Tesla","stalls":12,"kw_per_stall":null,"mw_capacity":null,"status":"24/7","access":"yes","fee":"yes","sockets":"","voltage":"","address":"123, South Sunset Strip Street, Kenedy, TX","city":"Kenedy","state":"TX","source":"OpenStreetMap","osm_id":12944744164}},{"type":"Feature","geometry":{"type":"Point","coordinates":[-95.61594,29.91298]},"properties":{"name":"Tesla Supercharger","network":"Tesla Supercharger","brand":"Tesla Supercharger","operator":"Tesla","stalls":16,"kw_per_stall":null,"mw_capacity":null,"status":"24/7","access":"yes","fee":"yes","sockets":"","voltage":"","address":"19820, Hempstead Road, Houston, TX","city":"Houston","state":"TX","source":"OpenStreetMap","osm_id":12944744235}},{"type":"Feature","geometry":{"type":"Point","coordinates":[-97.87772,26.15991]},"properties":{"name":"Tesla Supercharger","network":"Tesla Supercharger","brand":"Tesla Supercharger","operator":"Tesla","stalls":12,"kw_per_stall":null,"mw_capacity":null,"status":"24/7","access":"yes","fee":"yes","sockets":"","voltage":"","address":"8007, East Expressway 83, Mercedes, TX","city":"Mercedes","state":"TX","source":"OpenStreetMap","osm_id":12944744287}},{"type":"Feature","geometry":{"type":"Point","coordinates":[-97.0621787,32.6363126]},"properties":{"name":"Tesla Supercharger","network":"Tesla Supercharger","brand":"Tesla Supercharger","operator":"Tesla, Inc.","stalls":12,"kw_per_stall":null,"mw_capacity":null,"status":"24/7","access":"yes","fee":"yes","sockets":"","voltage":"","address":"3190, Lynn Creek Parkway, Grand Prairie, TX","city":"Grand Prairie","state":"TX","source":"OpenStreetMap","osm_id":12950475877}},{"type":"Feature","geometry":{"type":"Point","coordinates":[-97.3177227,32.5789514]},"properties":{"name":"Tesla Supercharger","network":"Tesla Supercharger","brand":"Tesla Supercharger","operator":"Tesla, Inc.","stalls":12,"kw_per_stall":null,"mw_capacity":null,"status":"24/7","access":"yes","fee":"yes","sockets":"","voltage":"","address":"12369, South Freeway, Burleson, TX","city":"Burleson","state":"TX","source":"OpenStreetMap","osm_id":12961964233}},{"type":"Feature","geometry":{"type":"Point","coordinates":[-97.6732878,30.4036519]},"properties":{"name":"Tesla Supercharger","network":"Tesla Supercharger","brand":"Tesla Supercharger","operator":"Tesla, Inc.","stalls":16,"kw_per_stall":null,"mw_capacity":null,"status":"24/7","access":"yes","fee":"yes","sockets":"","voltage":"","address":"500, West Canyon Ridge Road, Austin, TX","city":"Austin","state":"TX","source":"OpenStreetMap","osm_id":12967314455}},{"type":"Feature","geometry":{"type":"Point","coordinates":[-106.2673757,31.797373]},"properties":{"name":"Tesla Supercharger","network":"Tesla Supercharger","brand":"Tesla Supercharger","operator":"Tesla","stalls":12,"kw_per_stall":null,"mw_capacity":null,"status":"24/7","access":"yes","fee":"yes","sockets":"","voltage":"","address":"3550, Joe Battle Blvd, El Paso, TX","city":"El Paso","state":"TX","source":"OpenStreetMap","osm_id":12988714920}},{"type":"Feature","geometry":{"type":"Point","coordinates":[-105.9562718,32.9004213]},"properties":{"name":"Tesla Supercharger","network":"Tesla Supercharger","brand":"Tesla Supercharger","operator":"Tesla","stalls":8,"kw_per_stall":null,"mw_capacity":null,"status":"24/7","access":"yes","fee":"yes","sockets":"","voltage":"","address":"675, East 10th Street, Alamogordo, NM","city":"Alamogordo","state":"NM","source":"OpenStreetMap","osm_id":13040732914}},{"type":"Feature","geometry":{"type":"Point","coordinates":[-104.2204573,32.391711]},"properties":{"name":"Tesla Supercharger","network":"Tesla Supercharger","brand":"Tesla Supercharger","operator":"Tesla","stalls":8,"kw_per_stall":null,"mw_capacity":null,"status":"24/7","access":"yes","fee":"yes","sockets":"","voltage":"","address":"2525, Fairfield Drive, Carlsbad, NM","city":"Carlsbad","state":"NM","source":"OpenStreetMap","osm_id":13042398985}},{"type":"Feature","geometry":{"type":"Point","coordinates":[-106.6562306,35.1111965]},"properties":{"name":"Tesla Supercharger","network":"Tesla Supercharger","brand":"Tesla Supercharger","operator":"Tesla","stalls":23,"kw_per_stall":null,"mw_capacity":null,"status":"24/7","access":"yes","fee":"yes","sockets":"","voltage":"","address":"2510, 12th Street Northwest, Albuquerque, NM","city":"Albuquerque","state":"NM","source":"OpenStreetMap","osm_id":13046915128}},{"type":"Feature","geometry":{"type":"Point","coordinates":[-103.6531193,30.3568128]},"properties":{"name":"Alpine, TX Tesla Supercharger","network":"Tesla Supercharger","brand":"Tesla Supercharger","operator":"Tesla, Inc.","stalls":8,"kw_per_stall":null,"mw_capacity":null,"status":"24/7","access":"yes","fee":"yes","sockets":"","voltage":"","address":"300, South Cockrell Street, Alpine, TX","city":"Alpine","state":"TX","source":"OpenStreetMap","osm_id":13067640795}},{"type":"Feature","geometry":{"type":"Point","coordinates":[-96.1775884,31.7253633]},"properties":{"name":"Tesla Supercharger","network":"Tesla Supercharger","brand":"Tesla Supercharger","operator":"Tesla, Inc.","stalls":15,"kw_per_stall":null,"mw_capacity":null,"status":"24/7","access":"yes","fee":"yes","sockets":"","voltage":"","address":"1015, West Commerce Street, Fairfield, TX","city":"Fairfield","state":"TX","source":"OpenStreetMap","osm_id":13067742016}},{"type":"Feature","geometry":{"type":"Point","coordinates":[-95.8249793,32.2158091]},"properties":{"name":"Tesla Supercharger","network":"Tesla Supercharger","brand":"Tesla Supercharger","operator":"Tesla","stalls":8,"kw_per_stall":null,"mw_capacity":null,"status":"24/7","access":"yes","fee":"yes","sockets":"","voltage":"","address":"1520, East Tyler Street, Athens, TX","city":"Athens","state":"TX","source":"OpenStreetMap","osm_id":13067752526}},{"type":"Feature","geometry":{"type":"Point","coordinates":[-97.6616115,31.0727882]},"properties":{"name":"Harker Heights, TX Tesla Supercharger","network":"Tesla Supercharger","brand":"Tesla Supercharger","operator":"Tesla, Inc.","stalls":12,"kw_per_stall":null,"mw_capacity":null,"status":"24/7","access":"yes","fee":"yes","sockets":"","voltage":"","address":"201, East Central Texas Expy, Harker Heights, TX","city":"Harker Heights","state":"TX","source":"OpenStreetMap","osm_id":13069185766}},{"type":"Feature","geometry":{"type":"Point","coordinates":[-95.7805895,36.068164]},"properties":{"name":"Tesla Supercharger","network":"Tesla Supercharger","brand":"Tesla Supercharger","operator":"Tesla, Inc.","stalls":4,"kw_per_stall":null,"mw_capacity":null,"status":"24/7","access":"yes","fee":"yes","sockets":"","voltage":"","address":"900, East Hillside Drive, Broken Arrow, OK","city":"Broken Arrow","state":"OK","source":"OpenStreetMap","osm_id":13124475204}},{"type":"Feature","geometry":{"type":"Point","coordinates":[-108.148377,36.7679606]},"properties":{"name":"Tesla Supercharger","network":"Tesla Supercharger","brand":"Tesla Supercharger","operator":"Tesla","stalls":8,"kw_per_stall":null,"mw_capacity":null,"status":"24/7","access":"yes","fee":"yes","sockets":"","voltage":"","address":"4900, East Main Street, Farmington, NM","city":"Farmington","state":"NM","source":"OpenStreetMap","osm_id":13127559665}},{"type":"Feature","geometry":{"type":"Point","coordinates":[-97.3955691,35.8800487]},"properties":{"name":"Tesla Supercharger","network":"Tesla Supercharger","brand":"Tesla Supercharger","operator":"Tesla","stalls":12,"kw_per_stall":null,"mw_capacity":null,"status":"24/7","access":"yes","fee":"yes","sockets":"","voltage":"","address":"218, Heather Road, Guthrie, OK","city":"Guthrie","state":"OK","source":"OpenStreetMap","osm_id":13130369461}},{"type":"Feature","geometry":{"type":"Point","coordinates":[-96.3501734,30.6425178]},"properties":{"name":"Tesla Supercharger","network":"Tesla Supercharger","brand":"Tesla Supercharger","operator":"Tesla","stalls":16,"kw_per_stall":null,"mw_capacity":null,"status":"24/7","access":"yes","fee":"yes","sockets":"","voltage":"","address":"725, East Villa Maria Road, Bryan, TX","city":"Bryan","state":"TX","source":"OpenStreetMap","osm_id":13161944649}},{"type":"Feature","geometry":{"type":"Point","coordinates":[-97.3644857,32.7276816]},"properties":{"name":"Tesla Supercharger","network":"Tesla Supercharger","brand":"Tesla Supercharger","operator":"Tesla, Inc.","stalls":16,"kw_per_stall":null,"mw_capacity":null,"status":"24/7","access":"yes","fee":"yes","sockets":"","voltage":"","address":"1612, South University Drive, Fort Worth, TX","city":"Fort Worth","state":"TX","source":"OpenStreetMap","osm_id":13269986486}},{"type":"Feature","geometry":{"type":"Point","coordinates":[-105.575606,36.403304]},"properties":{"name":"Tesla Supercharger","network":"Tesla Supercharger","brand":"Tesla Supercharger","operator":"Tesla","stalls":8,"kw_per_stall":null,"mw_capacity":null,"status":"24/7","access":"yes","fee":"yes","sockets":"","voltage":"","address":"224, Paseo Del Pueblo Sur, Taos, NM","city":"Taos","state":"NM","source":"OpenStreetMap","osm_id":13275647864}},{"type":"Feature","geometry":{"type":"Point","coordinates":[-95.442928,29.722677]},"properties":{"name":"Tesla Supercharger","network":"Tesla Supercharger","brand":"Tesla Supercharger","operator":"Tesla, Inc.","stalls":24,"kw_per_stall":null,"mw_capacity":null,"status":"24/7","access":"yes","fee":"yes","sockets":"","voltage":"","address":"5586, Weslayan Street, Houston, TX","city":"Houston","state":"TX","source":"OpenStreetMap","osm_id":13305564923}},{"type":"Feature","geometry":{"type":"Point","coordinates":[-96.7070699,33.0376085]},"properties":{"name":"Tesla Supercharger","network":"Tesla Supercharger","brand":"Tesla Supercharger","operator":"Tesla","stalls":16,"kw_per_stall":null,"mw_capacity":null,"status":"24/7","access":"yes","fee":"yes","sockets":"","voltage":"","address":"120, West Parker Road, Plano, TX","city":"Plano","state":"TX","source":"OpenStreetMap","osm_id":13337747026}},{"type":"Feature","geometry":{"type":"Point","coordinates":[-106.3446002,31.7514146]},"properties":{"name":"Tesla Supercharger","network":"Tesla Supercharger","brand":"Tesla Supercharger","operator":"Tesla","stalls":12,"kw_per_stall":null,"mw_capacity":null,"status":"24/7","access":"yes","fee":"yes","sockets":"","voltage":"","address":"7970, Gateway Boulevard East, El Paso, TX","city":"El Paso","state":"TX","source":"OpenStreetMap","osm_id":13360281674}},{"type":"Feature","geometry":{"type":"Point","coordinates":[-97.0937621,32.0468418]},"properties":{"name":"Tesla Supercharger","network":"Tesla Supercharger","brand":"Tesla Supercharger","operator":"Tesla","stalls":24,"kw_per_stall":null,"mw_capacity":null,"status":"24/7","access":"yes","fee":"yes","sockets":"","voltage":"","address":"165, US-77, Hillsboro, TX","city":"Hillsboro","state":"TX","source":"OpenStreetMap","osm_id":13363410600}},{"type":"Feature","geometry":{"type":"Point","coordinates":[-96.9701579,33.0104964]},"properties":{"name":"Tesla Supercharger","network":"Tesla Supercharger","brand":"Tesla Supercharger","operator":"Tesla","stalls":12,"kw_per_stall":null,"mw_capacity":null,"status":"24/7","access":"yes","fee":"yes","sockets":"","voltage":"","address":"725, Hebron Parkway, Lewisville, TX","city":"Lewisville","state":"TX","source":"OpenStreetMap","osm_id":13370916500}},{"type":"Feature","geometry":{"type":"Point","coordinates":[-96.777397,29.692901]},"properties":{"name":"Tesla Supercharger","network":"Tesla Supercharger","brand":"Tesla Supercharger","operator":"Tesla","stalls":12,"kw_per_stall":null,"mw_capacity":null,"status":"24/7","access":"yes","fee":"yes","sockets":"","voltage":"","address":"720, South Eagle Street, Weimar, TX","city":"Weimar","state":"TX","source":"OpenStreetMap","osm_id":13386234975}},{"type":"Feature","geometry":{"type":"Point","coordinates":[-97.5680811,33.202201]},"properties":{"name":"Tesla Supercharger","network":"Tesla Supercharger","brand":"Tesla Supercharger","operator":"Tesla","stalls":12,"kw_per_stall":null,"mw_capacity":null,"status":"24/7","access":"yes","fee":"yes","sockets":"","voltage":"","address":"3400, US-287, Decatur, TX","city":"Decatur","state":"TX","source":"OpenStreetMap","osm_id":13388356720}},{"type":"Feature","geometry":{"type":"Point","coordinates":[-97.8759815,30.2021751]},"properties":{"name":"Tesla Supercharger","network":"Tesla","brand":"Tesla Supercharger","operator":"Tesla","stalls":8,"kw_per_stall":null,"mw_capacity":null,"status":"unknown","access":"","fee":"","sockets":"","voltage":"","address":"","city":"","state":"","source":"OpenStreetMap","osm_id":13391172517}},{"type":"Feature","geometry":{"type":"Point","coordinates":[-98.8663385,30.2698654]},"properties":{"name":"FBGTX Supercharger","network":"Tesla Supercharger","brand":"FBGTX","operator":"Tesla","stalls":8,"kw_per_stall":null,"mw_capacity":null,"status":"24/7","access":"yes","fee":"yes","sockets":"","voltage":"","address":"108, South Elk Street, Fredericksburg, TX","city":"Fredericksburg","state":"TX","source":"OpenStreetMap","osm_id":13416195874}},{"type":"Feature","geometry":{"type":"Point","coordinates":[-97.479626,35.2386989]},"properties":{"name":"Francis Energy Supercharger","network":"Tesla Supercharger","brand":"Francis Energy","operator":"Tesla","stalls":4,"kw_per_stall":null,"mw_capacity":null,"status":"24/7","access":"yes","fee":"yes","sockets":"","voltage":"","address":"2550, Mount Williams Drive, Norman, OK","city":"Norman","state":"OK","source":"OpenStreetMap","osm_id":13450161010}},{"type":"Feature","geometry":{"type":"Point","coordinates":[-95.8850393,36.0181023]},"properties":{"name":"Francis Energy Supercharger","network":"Tesla Supercharger","brand":"Francis Energy","operator":"Tesla","stalls":8,"kw_per_stall":null,"mw_capacity":null,"status":"24/7","access":"yes","fee":"yes","sockets":"","voltage":"","address":"10019, South Memorial Drive East, Tulsa, OK","city":"Tulsa","state":"OK","source":"OpenStreetMap","osm_id":13481213949}},{"type":"Feature","geometry":{"type":"Point","coordinates":[-96.3787269,33.9903625]},"properties":{"name":"Francis Energy Supercharger","network":"Tesla Supercharger","brand":"Francis Energy","operator":"Tesla","stalls":4,"kw_per_stall":null,"mw_capacity":null,"status":"24/7","access":"yes","fee":"yes","sockets":"","voltage":"","address":"215, West Lost Street, Durant, OK","city":"Durant","state":"OK","source":"OpenStreetMap","osm_id":13505510360}},{"type":"Feature","geometry":{"type":"Point","coordinates":[-98.38876,34.6111679]},"properties":{"name":"Francis Energy Supercharger","network":"Tesla Supercharger","brand":"Francis Energy","operator":"Tesla","stalls":8,"kw_per_stall":null,"mw_capacity":null,"status":"24/7","access":"yes","fee":"yes","sockets":"","voltage":"","address":"135, Northwest 2nd Street, Lawton, OK","city":"Lawton","state":"OK","source":"OpenStreetMap","osm_id":13535279618}},{"type":"Feature","geometry":{"type":"Point","coordinates":[-95.9342867,36.7243168]},"properties":{"name":"Francis Energy Supercharger","network":"Tesla Supercharger","brand":"Francis Energy","operator":"Tesla","stalls":8,"kw_per_stall":null,"mw_capacity":null,"status":"24/7","access":"yes","fee":"yes","sockets":"","voltage":"","address":"1900, Southeast Washington Boulevard, Bartlesville, OK","city":"Bartlesville","state":"OK","source":"OpenStreetMap","osm_id":13565991791}},{"type":"Feature","geometry":{"type":"Point","coordinates":[-95.9614633,36.0282249]},"properties":{"name":"Francis Energy Supercharger","network":"Tesla Supercharger","brand":"Francis Energy","operator":"Tesla","stalls":4,"kw_per_stall":null,"mw_capacity":null,"status":"24/7","access":"yes","fee":"yes","sockets":"","voltage":"","address":"300, Riverwalk Terrace, Jenks, OK","city":"Jenks","state":"OK","source":"OpenStreetMap","osm_id":13578048166}},{"type":"Feature","geometry":{"type":"Point","coordinates":[-96.5857292,32.7060593]},"properties":{"name":"Tesla Supercharger","network":"Tesla Supercharger","brand":"Tesla Supercharger","operator":"Tesla","stalls":12,"kw_per_stall":null,"mw_capacity":null,"status":"24/7","access":"yes","fee":"yes","sockets":"","voltage":"","address":"4295, South Beltline Road, Balch Springs, TX","city":"Balch Springs","state":"TX","source":"OpenStreetMap","osm_id":13585553499}},{"type":"Feature","geometry":{"type":"Point","coordinates":[-98.9553175,36.1672625]},"properties":{"name":"Francis Energy Supercharger","network":"Tesla Supercharger","brand":"Francis Energy","operator":"Tesla","stalls":8,"kw_per_stall":null,"mw_capacity":null,"status":"24/7","access":"yes","fee":"yes","sockets":"","voltage":"","address":"1098, US-270, Seiling, OK","city":"Seiling","state":"OK","source":"OpenStreetMap","osm_id":13588589473}},{"type":"Feature","geometry":{"type":"Point","coordinates":[-97.841811,27.5309301]},"properties":{"name":"Tesla Supercharger","network":"Tesla Supercharger","brand":"Tesla Supercharger","operator":"Tesla","stalls":12,"kw_per_stall":null,"mw_capacity":null,"status":"24/7","access":"yes","fee":"yes","sockets":"","voltage":"","address":"1752, East Corral Avenue, Kingsville, TX","city":"Kingsville","state":"TX","source":"OpenStreetMap","osm_id":13610822269}},{"type":"Feature","geometry":{"type":"Point","coordinates":[-97.0542275,33.0706275]},"properties":{"name":"Tesla Destination Charger","network":"Tesla","brand":"Tesla","operator":"Tesla","stalls":8,"kw_per_stall":null,"mw_capacity":null,"status":"unknown","access":"","fee":"","sockets":"","voltage":"","address":"","city":"","state":"","source":"OpenStreetMap","osm_id":13630142010}},{"type":"Feature","geometry":{"type":"Point","coordinates":[-98.2356953,35.5358983]},"properties":{"name":"Francis Energy Supercharger","network":"Tesla Supercharger","brand":"Francis Energy","operator":"Tesla","stalls":8,"kw_per_stall":null,"mw_capacity":null,"status":"24/7","access":"yes","fee":"yes","sockets":"","voltage":"","address":"245, South Walbaum Road, Calumet, OK","city":"Calumet","state":"OK","source":"OpenStreetMap","osm_id":13632953926}},{"type":"Feature","geometry":{"type":"Point","coordinates":[-95.5903039,30.7386782]},"properties":{"name":"Tesla Supercharger","network":"Tesla Supercharger","brand":"Tesla Supercharger","operator":"Tesla","stalls":12,"kw_per_stall":null,"mw_capacity":null,"status":"24/7","access":"yes","fee":"yes","sockets":"","voltage":"","address":"500, I-45, Huntsville, TX","city":"Huntsville","state":"TX","source":"OpenStreetMap","osm_id":13654956773}},{"type":"Feature","geometry":{"type":"Point","coordinates":[-100.2442927,25.5759556]},"properties":{"name":"Monterrey Supercharger","network":"Tesla Supercharger","brand":"Tesla Supercharger","operator":"Tesla","stalls":null,"kw_per_stall":null,"mw_capacity":null,"status":"24/7","access":"yes","fee":"yes","sockets":"","voltage":"","address":"","city":"","state":"","source":"OpenStreetMap","osm_id":13656900155}},{"type":"Feature","geometry":{"type":"Point","coordinates":[-99.377367,25.756739]},"properties":{"name":"Tesla Supercharger","network":"Tesla Supercharger","brand":"Tesla Supercharger","operator":"Tesla","stalls":null,"kw_per_stall":null,"mw_capacity":null,"status":"24/7","access":"yes","fee":"yes","sockets":"","voltage":"","address":"","city":"","state":"","source":"OpenStreetMap","osm_id":13656914215}},{"type":"Feature","geometry":{"type":"Point","coordinates":[-106.1210027,28.6308901]},"properties":{"name":"Chihuahua Supercharger","network":"Tesla Supercharger","brand":"Tesla Supercharger","operator":"Tesla","stalls":null,"kw_per_stall":null,"mw_capacity":null,"status":"24/7","access":"yes","fee":"yes","sockets":"","voltage":"","address":"","city":"","state":"","source":"OpenStreetMap","osm_id":13656925125}},{"type":"Feature","geometry":{"type":"Point","coordinates":[-106.5143666,30.6235239]},"properties":{"name":"Villa Ahumada Supercharger","network":"Tesla Supercharger","brand":"Tesla Supercharger","operator":"Tesla","stalls":4,"kw_per_stall":null,"mw_capacity":null,"status":"24/7","access":"yes","fee":"yes","sockets":"","voltage":"","address":"","city":"","state":"","source":"OpenStreetMap","osm_id":13656926355}},{"type":"Feature","geometry":{"type":"Point","coordinates":[-103.7334515,24.9928005]},"properties":{"name":"Cuencam\u00e9 Supercharger","network":"Tesla Supercharger","brand":"Tesla Supercharger","operator":"Tesla","stalls":4,"kw_per_stall":null,"mw_capacity":null,"status":"24/7","access":"yes","fee":"yes","sockets":"","voltage":"","address":"","city":"","state":"","source":"OpenStreetMap","osm_id":13659911076}},{"type":"Feature","geometry":{"type":"Point","coordinates":[-95.4034371,35.7675748]},"properties":{"name":"Francis Energy Supercharger","network":"Tesla Supercharger","brand":"Francis Energy","operator":"Tesla","stalls":4,"kw_per_stall":null,"mw_capacity":null,"status":"24/7","access":"yes","fee":"yes","sockets":"","voltage":"","address":"3325, Tahlequah Street, Muskogee, OK","city":"Muskogee","state":"OK","source":"OpenStreetMap","osm_id":13687763458}},{"type":"Feature","geometry":{"type":"Point","coordinates":[-97.5038104,35.5256611]},"properties":{"name":"Francis Energy Supercharger","network":"Tesla Supercharger","brand":"Francis Energy","operator":"Tesla","stalls":4,"kw_per_stall":null,"mw_capacity":null,"status":"24/7","access":"yes","fee":"yes","sockets":"","voltage":"","address":"5425, North Lincoln Boulevard, Oklahoma City, OK","city":"Oklahoma City","state":"OK","source":"OpenStreetMap","osm_id":13694259119}},{"type":"Feature","geometry":{"type":"Point","coordinates":[-97.1712976,34.5058961]},"properties":{"name":"Francis Energy Supercharger","network":"Tesla Supercharger","brand":"Francis Energy","operator":"Tesla","stalls":4,"kw_per_stall":null,"mw_capacity":null,"status":"24/7","access":"yes","fee":"yes","sockets":"","voltage":"","address":"12253, State Highway 7, Davis, OK","city":"Davis","state":"OK","source":"OpenStreetMap","osm_id":13712651151}},{"type":"Feature","geometry":{"type":"Point","coordinates":[-95.8884071,36.1848244]},"properties":{"name":"Solsource Supercharger","network":"Tesla Supercharger","brand":"Solsource","operator":"Tesla","stalls":4,"kw_per_stall":null,"mw_capacity":null,"status":"24/7","access":"yes","fee":"yes","sockets":"","voltage":"","address":"7805, East Virgin Court, Tulsa, OK","city":"Tulsa","state":"OK","source":"OpenStreetMap","osm_id":13738917817}},{"type":"Feature","geometry":{"type":"Point","coordinates":[-96.1119389,36.1345856]},"properties":{"name":"Francis Energy Supercharger","network":"Tesla Supercharger","brand":"Francis Energy","operator":"Tesla","stalls":8,"kw_per_stall":null,"mw_capacity":null,"status":"24/7","access":"yes","fee":"yes","sockets":"","voltage":"","address":"32, Alexander Boulevard, Sand Springs, OK","city":"Sand Springs","state":"OK","source":"OpenStreetMap","osm_id":13793701030}},{"type":"Feature","geometry":{"type":"Point","coordinates":[-97.729062,27.7081621]},"properties":{"name":"Tesla Supercharger","network":"Tesla Supercharger","brand":"Tesla Supercharger","operator":"Tesla","stalls":null,"kw_per_stall":null,"mw_capacity":null,"status":"unknown","access":"","fee":"","sockets":"","voltage":"","address":"","city":"","state":"","source":"OpenStreetMap","osm_id":13845725713}},{"type":"Feature","geometry":{"type":"Point","coordinates":[-95.8387285,36.2928272]},"properties":{"name":"Francis Energy Supercharger","network":"Tesla Supercharger","brand":"Francis Energy","operator":"Tesla","stalls":4,"kw_per_stall":null,"mw_capacity":null,"status":"24/7","access":"yes","fee":"yes","sockets":"","voltage":"","address":"12140, East 96th Street North, Owasso, OK","city":"Owasso","state":"OK","source":"OpenStreetMap","osm_id":13877027963}},{"type":"Feature","geometry":{"type":"Point","coordinates":[-97.68967,30.5619096]},"properties":{"name":"Tesla Superchargers","network":"Tesla Supercharger","brand":"","operator":"","stalls":null,"kw_per_stall":null,"mw_capacity":null,"status":"unknown","access":"","fee":"","sockets":"","voltage":"","address":"210, University Boulevard","city":"","state":"","source":"OpenStreetMap","osm_id":13921802601}},{"type":"Feature","geometry":{"type":"Point","coordinates":[-78.10376,36.74844]},"properties":{"name":"Tesla Supercharger South Hill","network":"Tesla Supercharger","brand":"Tesla Supercharger","operator":"Tesla, Inc.","stalls":6,"kw_per_stall":null,"mw_capacity":null,"status":"24/7","access":"customers","fee":"yes","sockets":"","voltage":"","address":"1791, North Mecklenburg Avenue, South Hill, VA","city":"South Hill","state":"VA","source":"OpenStreetMap","osm_id":3011907449}},{"type":"Feature","geometry":{"type":"Point","coordinates":[-76.75612,35.85059]},"properties":{"name":"Tesla Supercharger","network":"Tesla Supercharger","brand":"Tesla Supercharger","operator":"Tesla","stalls":8,"kw_per_stall":null,"mw_capacity":null,"status":"24/7","access":"customers","fee":"yes","sockets":"","voltage":"","address":"840, U.South. 64, Plymouth, NC","city":"Plymouth","state":"NC","source":"OpenStreetMap","osm_id":3649917976}},{"type":"Feature","geometry":{"type":"Point","coordinates":[-77.84687,35.97287]},"properties":{"name":"Tesla Supercharger","network":"Tesla Supercharger","brand":"Tesla Supercharger","operator":"Tesla, Inc.","stalls":8,"kw_per_stall":null,"mw_capacity":null,"status":"24/7","access":"customers","fee":"yes","sockets":"","voltage":"","address":"651, North Winstead Avenue, Rocky Mount, NC","city":"Rocky Mount","state":"NC","source":"OpenStreetMap","osm_id":3665029987}},{"type":"Feature","geometry":{"type":"Point","coordinates":[-76.20747,36.8605199]},"properties":{"name":"Norfolk Supercharger","network":"Tesla Supercharger","brand":"Tesla Supercharger","operator":"Tesla","stalls":6,"kw_per_stall":null,"mw_capacity":null,"status":"24/7","access":"customers","fee":"yes","sockets":"","voltage":"","address":"5900, East Virginia Beach Boulevard, Norfolk, VA","city":"Norfolk","state":"VA","source":"OpenStreetMap","osm_id":3700472994}},{"type":"Feature","geometry":{"type":"Point","coordinates":[-79.51121,36.07079]},"properties":{"name":"Tesla Supercharger","network":"Tesla Supercharger","brand":"Tesla Supercharger","operator":"Tesla, Inc.","stalls":8,"kw_per_stall":null,"mw_capacity":null,"status":"24/7","access":"customers","fee":"yes","sockets":"","voltage":"","address":"1080, Piper Lane, Burlington, NC","city":"Burlington","state":"NC","source":"OpenStreetMap","osm_id":5394917098}},{"type":"Feature","geometry":{"type":"Point","coordinates":[-78.64257,35.83562]},"properties":{"name":"Tesla Supercharger","network":"Tesla Supercharger","brand":"Tesla Supercharger","operator":"Tesla, Inc.","stalls":24,"kw_per_stall":null,"mw_capacity":null,"status":"24/7","access":"customers","fee":"yes","sockets":"","voltage":"","address":"4191, The Circle At North Hills Street, Raleigh, NC","city":"Raleigh","state":"NC","source":"OpenStreetMap","osm_id":5872323059}},{"type":"Feature","geometry":{"type":"Point","coordinates":[-78.82242,35.00953]},"properties":{"name":"Tesla Supercharger","network":"Tesla Supercharger","brand":"Tesla Supercharger","operator":"Tesla, Inc.","stalls":16,"kw_per_stall":null,"mw_capacity":null,"status":"24/7","access":"customers","fee":"yes","sockets":"","voltage":"","address":"1965, Cedar Creek Road, Fayetteville, NC","city":"Fayetteville","state":"NC","source":"OpenStreetMap","osm_id":6708916941}},{"type":"Feature","geometry":{"type":"Point","coordinates":[-79.90836,36.05947]},"properties":{"name":"Tesla Supercharger","network":"Tesla Supercharger","brand":"Tesla Supercharger","operator":"Tesla, Inc.","stalls":8,"kw_per_stall":null,"mw_capacity":null,"status":"24/7","access":"customers","fee":"yes","sockets":"","voltage":"","address":"5421, Hornaday Road, Greensboro, NC","city":"Greensboro","state":"NC","source":"OpenStreetMap","osm_id":6711017238}},{"type":"Feature","geometry":{"type":"Point","coordinates":[-75.6508787,35.9934212]},"properties":{"name":"Tesla Supercharger","network":"Tesla Supercharger","brand":"Tesla Supercharger","operator":"Tesla, Inc.","stalls":8,"kw_per_stall":null,"mw_capacity":null,"status":"24/7","access":"customers","fee":"yes","sockets":"","voltage":"","address":"2012, South Croatan Highway, Kill Devil Hills, NC","city":"Kill Devil Hills","state":"NC","source":"OpenStreetMap","osm_id":6711080188}},{"type":"Feature","geometry":{"type":"Point","coordinates":[-79.00234,34.66763]},"properties":{"name":"Tesla Supercharger","network":"Tesla Supercharger","brand":"Tesla Supercharger","operator":"Tesla, Inc.","stalls":8,"kw_per_stall":null,"mw_capacity":null,"status":"24/7","access":"customers","fee":"yes","sockets":"","voltage":"","address":"5093, Fayetteville Road, Lumberton, NC","city":"Lumberton","state":"NC","source":"OpenStreetMap","osm_id":6711103653}},{"type":"Feature","geometry":{"type":"Point","coordinates":[-77.94802,34.75628]},"properties":{"name":"Tesla Supercharger","network":"Tesla Supercharger","brand":"Tesla Supercharger","operator":"Tesla, Inc.","stalls":8,"kw_per_stall":null,"mw_capacity":null,"status":"24/7","access":"customers","fee":"yes","sockets":"","voltage":"","address":"111, River Village Place, Wallace, NC","city":"Wallace","state":"NC","source":"OpenStreetMap","osm_id":6711176069}},{"type":"Feature","geometry":{"type":"Point","coordinates":[-77.82919,34.24082]},"properties":{"name":"Tesla Supercharger","network":"Tesla Supercharger","brand":"Tesla Supercharger","operator":"Tesla, Inc.","stalls":10,"kw_per_stall":null,"mw_capacity":null,"status":"24/7","access":"customers","fee":"yes","sockets":"","voltage":"","address":"1022, International Drive, Wilmington, NC","city":"Wilmington","state":"NC","source":"OpenStreetMap","osm_id":6711192375}},{"type":"Feature","geometry":{"type":"Point","coordinates":[-79.99467,36.09501]},"properties":{"name":"Tesla Supercharger","network":"Tesla Supercharger","brand":"Tesla Supercharger","operator":"Tesla, Inc.","stalls":8,"kw_per_stall":null,"mw_capacity":null,"status":"24/7","access":"yes","fee":"yes","sockets":"","voltage":"","address":"3202, Sandy Ridge Road, Colfax, NC","city":"Colfax","state":"NC","source":"OpenStreetMap","osm_id":8608987660}},{"type":"Feature","geometry":{"type":"Point","coordinates":[-78.92517,33.70439]},"properties":{"name":"Tesla Supercharger","network":"Tesla Supercharger","brand":"Tesla Supercharger","operator":"Tesla, Inc.","stalls":10,"kw_per_stall":null,"mw_capacity":null,"status":"24/7","access":"customers","fee":"yes","sockets":"","voltage":"","address":"Myrtle Beach, SC","city":"Myrtle Beach","state":"SC","source":"OpenStreetMap","osm_id":9217398110}},{"type":"Feature","geometry":{"type":"Point","coordinates":[-77.67391,36.36593]},"properties":{"name":"Tesla Supercharger","network":"Tesla Supercharger","brand":"Tesla Supercharger","operator":"Tesla, Inc.","stalls":60,"kw_per_stall":null,"mw_capacity":null,"status":"24/7","access":"yes","fee":"yes","sockets":"","voltage":"","address":"10401, NC-903, Halifax, NC","city":"Halifax","state":"NC","source":"OpenStreetMap","osm_id":9238563744}},{"type":"Feature","geometry":{"type":"Point","coordinates":[-78.88645,35.8436]},"properties":{"name":"Cary Supercharger","network":"Tesla Supercharger","brand":"Tesla Supercharger","operator":"Tesla, Inc.","stalls":12,"kw_per_stall":null,"mw_capacity":null,"status":"24/7","access":"customers","fee":"yes","sockets":"","voltage":"","address":"7119, O'Kelly Chapel Road, Cary, NC","city":"Cary","state":"NC","source":"OpenStreetMap","osm_id":9770019237}},{"type":"Feature","geometry":{"type":"Point","coordinates":[-78.32558,35.505]},"properties":{"name":"Tesla Supercharger","network":"Tesla Supercharger","brand":"Tesla Supercharger","operator":"Tesla, Inc.","stalls":8,"kw_per_stall":null,"mw_capacity":null,"status":"24/7","access":"customers","fee":"yes","sockets":"","voltage":"","address":"1700, East Market Street, Smithfield, NC","city":"Smithfield","state":"NC","source":"OpenStreetMap","osm_id":9795745058}},{"type":"Feature","geometry":{"type":"Point","coordinates":[-78.8145765,33.7653731]},"properties":{"name":"Tesla Destination Charger","network":"Tesla","brand":"Tesla, Inc.","operator":"Tesla, Inc.","stalls":null,"kw_per_stall":null,"mw_capacity":null,"status":"unknown","access":"","fee":"","sockets":"","voltage":"","address":"","city":"","state":"","source":"OpenStreetMap","osm_id":11902578473}},{"type":"Feature","geometry":{"type":"Point","coordinates":[-78.000004,35.7635749]},"properties":{"name":"Tesla Supercharger","network":"Tesla Supercharger","brand":"Tesla Supercharger","operator":"Tesla","stalls":20,"kw_per_stall":null,"mw_capacity":null,"status":"24/7","access":"customers","fee":"yes","sockets":"","voltage":"","address":"4934, Raleigh Road Parkway West, Wilson, NC","city":"Wilson","state":"NC","source":"OpenStreetMap","osm_id":11986357051}},{"type":"Feature","geometry":{"type":"Point","coordinates":[-77.54267,36.70499]},"properties":{"name":"Tesla Supercharger","network":"Tesla Supercharger","brand":"Tesla Supercharger","operator":"Tesla, Inc.","stalls":8,"kw_per_stall":null,"mw_capacity":null,"status":"24/7","access":"yes","fee":"yes","sockets":"","voltage":"","address":"216, Market Drive, Emporia, VA","city":"Emporia","state":"VA","source":"OpenStreetMap","osm_id":12038497651}},{"type":"Feature","geometry":{"type":"Point","coordinates":[-76.21952,36.85652]},"properties":{"name":"Tesla Supercharger","network":"Tesla Supercharger","brand":"Tesla Supercharger","operator":"Tesla","stalls":12,"kw_per_stall":null,"mw_capacity":null,"status":"24/7","access":"yes","fee":"yes","sockets":"","voltage":"","address":"5350, East Virginia Beach Boulevard, Norfolk, VA","city":"Norfolk","state":"VA","source":"OpenStreetMap","osm_id":12070956634}},{"type":"Feature","geometry":{"type":"Point","coordinates":[-78.53252,35.98651]},"properties":{"name":"Tesla Supercharger","network":"Tesla Supercharger","brand":"Tesla Supercharger","operator":"Tesla, Inc.","stalls":12,"kw_per_stall":null,"mw_capacity":null,"status":"24/7","access":"yes","fee":"yes","sockets":"","voltage":"","address":"12536, Capital Boulevard, Wake Forest, NC","city":"Wake Forest","state":"NC","source":"OpenStreetMap","osm_id":12081794928}},{"type":"Feature","geometry":{"type":"Point","coordinates":[-78.79522,35.85488]},"properties":{"name":"Tesla Supercharger","network":"Tesla Supercharger","brand":"Tesla Supercharger","operator":"Tesla, Inc.","stalls":12,"kw_per_stall":null,"mw_capacity":null,"status":"24/7","access":"yes","fee":"yes","sockets":"","voltage":"","address":"1600, Aviation Parkway, Morrisville, NC","city":"Morrisville","state":"NC","source":"OpenStreetMap","osm_id":12388939817}},{"type":"Feature","geometry":{"type":"Point","coordinates":[-79.1934,35.48811]},"properties":{"name":"Tesla Supercharger","network":"Tesla Supercharger","brand":"Tesla Supercharger","operator":"Tesla, Inc.","stalls":12,"kw_per_stall":null,"mw_capacity":null,"status":"24/7","access":"yes","fee":"yes","sockets":"","voltage":"","address":"818, Spring Lane, Sanford, NC","city":"Sanford","state":"NC","source":"OpenStreetMap","osm_id":12944721989}},{"type":"Feature","geometry":{"type":"Point","coordinates":[-78.38125,36.3197]},"properties":{"name":"Tesla Supercharger","network":"Tesla","brand":"Tesla Supercharger","operator":"Tesla, Inc.","stalls":12,"kw_per_stall":null,"mw_capacity":null,"status":"24/7","access":"yes","fee":"yes","sockets":"","voltage":"","address":"1419, East Andrews Avenue, Henderson, NC","city":"Henderson","state":"NC","source":"OpenStreetMap","osm_id":12944743341}},{"type":"Feature","geometry":{"type":"Point","coordinates":[-79.703957,34.272076]},"properties":{"name":"Florence Supercharger","network":"Tesla Supercharger","brand":"Tesla Supercharger","operator":"Tesla","stalls":16,"kw_per_stall":null,"mw_capacity":null,"status":"24/7","access":"yes","fee":"yes","sockets":"","voltage":"","address":"3390, North Williston Road, Florence, SC","city":"Florence","state":"SC","source":"OpenStreetMap","osm_id":12944743361}},{"type":"Feature","geometry":{"type":"Point","coordinates":[-79.2700348,36.0698282]},"properties":{"name":"Tesla Supercharger","network":"Tesla Supercharger","brand":"Tesla Supercharger","operator":"Tesla","stalls":8,"kw_per_stall":null,"mw_capacity":null,"status":"24/7","access":"yes","fee":"yes","sockets":"","voltage":"","address":"1237, Mebane Oaks Road, Mebane, NC","city":"Mebane","state":"NC","source":"OpenStreetMap","osm_id":12944743451}},{"type":"Feature","geometry":{"type":"Point","coordinates":[-79.83258,34.19037]},"properties":{"name":"Florence Supercharger","network":"Tesla Supercharger","brand":"Tesla Supercharger","operator":"Tesla, Inc.","stalls":18,"kw_per_stall":null,"mw_capacity":null,"status":"24/7","access":"customers","fee":"yes","sockets":"","voltage":"","address":"2701, David H McLeod Boulevard, Florence, SC","city":"Florence","state":"SC","source":"OpenStreetMap","osm_id":12944743629}},{"type":"Feature","geometry":{"type":"Point","coordinates":[-78.56305,35.60844]},"properties":{"name":"Tesla Supercharger","network":"Tesla Supercharger","brand":"Tesla Supercharger","operator":"Tesla","stalls":8,"kw_per_stall":null,"mw_capacity":null,"status":"24/7","access":"yes","fee":"yes","sockets":"","voltage":"","address":"5180, NC-42, Garner, NC","city":"Garner","state":"NC","source":"OpenStreetMap","osm_id":12944743697}},{"type":"Feature","geometry":{"type":"Point","coordinates":[-75.507,35.33386]},"properties":{"name":"Tesla Supercharger","network":"Tesla Supercharger","brand":"Tesla Supercharger","operator":"Tesla","stalls":12,"kw_per_stall":null,"mw_capacity":null,"status":"24/7","access":"yes","fee":"yes","sockets":"","voltage":"","address":"41934, North Carolina Highway 12, Avon, NC","city":"Avon","state":"NC","source":"OpenStreetMap","osm_id":12944743712}},{"type":"Feature","geometry":{"type":"Point","coordinates":[-75.99395,36.79425]},"properties":{"name":"Tesla Supercharger","network":"Tesla","brand":"Tesla Supercharger","operator":"Tesla, Inc.","stalls":12,"kw_per_stall":null,"mw_capacity":null,"status":"24/7","access":"yes","fee":"yes","sockets":"","voltage":"","address":"1280, General Booth Boulevard, Virginia Beach, VA","city":"Virginia Beach","state":"VA","source":"OpenStreetMap","osm_id":12944743722}},{"type":"Feature","geometry":{"type":"Point","coordinates":[-76.74191,34.7253]},"properties":{"name":"Tesla Supercharger","network":"Tesla Supercharger","brand":"Tesla Supercharger","operator":"Tesla, Inc.","stalls":12,"kw_per_stall":null,"mw_capacity":null,"status":"24/7","access":"yes","fee":"yes","sockets":"","voltage":"","address":"2900, Arendell Street, Morehead City, NC","city":"Morehead City","state":"NC","source":"OpenStreetMap","osm_id":12944743747}},{"type":"Feature","geometry":{"type":"Point","coordinates":[-78.76227,35.74507]},"properties":{"name":"Cary Supercharger","network":"Tesla Supercharger","brand":"Tesla Supercharger","operator":"Tesla, Inc.","stalls":12,"kw_per_stall":null,"mw_capacity":null,"status":"24/7","access":"yes","fee":"yes","sockets":"","voltage":"","address":"6466, Tryon Road, Cary, NC","city":"Cary","state":"NC","source":"OpenStreetMap","osm_id":12944743773}},{"type":"Feature","geometry":{"type":"Point","coordinates":[-79.37001,34.43753]},"properties":{"name":"Tesla Supercharger","network":"Tesla Supercharger","brand":"Tesla Supercharger","operator":"Tesla, Inc.","stalls":40,"kw_per_stall":null,"mw_capacity":null,"status":"24/7","access":"yes","fee":"yes","sockets":"","voltage":"","address":"710, Radford Boulevard, Dillon, SC","city":"Dillon","state":"SC","source":"OpenStreetMap","osm_id":12944743779}},{"type":"Feature","geometry":{"type":"Point","coordinates":[-77.08417,35.10275]},"properties":{"name":"Tesla Supercharger","network":"Tesla","brand":"Tesla Supercharger","operator":"Tesla, Inc.","stalls":12,"kw_per_stall":null,"mw_capacity":null,"status":"24/7","access":"yes","fee":"yes","sockets":"","voltage":"","address":"3005, Drive MLK Jr Boulevard, New Bern, NC","city":"New Bern","state":"NC","source":"OpenStreetMap","osm_id":12944743784}},{"type":"Feature","geometry":{"type":"Point","coordinates":[-79.47956,34.76433]},"properties":{"name":"Tesla Supercharger","network":"Tesla Supercharger","brand":"Tesla Supercharger","operator":"Tesla, Inc.","stalls":12,"kw_per_stall":null,"mw_capacity":null,"status":"24/7","access":"yes","fee":"yes","sockets":"","voltage":"","address":"Laurinburg, NC","city":"Laurinburg","state":"NC","source":"OpenStreetMap","osm_id":12944743809}},{"type":"Feature","geometry":{"type":"Point","coordinates":[-79.04962,34.62253]},"properties":{"name":"Tesla Supercharger","network":"Tesla","brand":"Tesla Supercharger","operator":"Tesla, Inc.","stalls":16,"kw_per_stall":null,"mw_capacity":null,"status":"24/7","access":"yes","fee":"yes","sockets":"","voltage":"","address":"2950, West 5th Street, Lumberton, NC","city":"Lumberton","state":"NC","source":"OpenStreetMap","osm_id":12944743817}},{"type":"Feature","geometry":{"type":"Point","coordinates":[-76.10269,36.79566]},"properties":{"name":"Tesla Supercharger","network":"Tesla Supercharger","brand":"Tesla Supercharger","operator":"Tesla","stalls":8,"kw_per_stall":null,"mw_capacity":null,"status":"24/7","access":"yes","fee":"yes","sockets":"","voltage":"","address":"1579, Lynnhaven Parkway, Virginia Beach, VA","city":"Virginia Beach","state":"VA","source":"OpenStreetMap","osm_id":12944743848}},{"type":"Feature","geometry":{"type":"Point","coordinates":[-78.50553,35.79572]},"properties":{"name":"Tesla Supercharger","network":"Tesla","brand":"Tesla Supercharger","operator":"Tesla, Inc.","stalls":11,"kw_per_stall":null,"mw_capacity":null,"status":"24/7","access":"yes","fee":"yes","sockets":"","voltage":"","address":"3001, Widewaters Parkway, Knightdale, NC","city":"Knightdale","state":"NC","source":"OpenStreetMap","osm_id":12944743850}},{"type":"Feature","geometry":{"type":"Point","coordinates":[-77.86935,34.28849]},"properties":{"name":"Tesla Supercharger","network":"Tesla Supercharger","brand":"Tesla Supercharger","operator":"Tesla, Inc.","stalls":12,"kw_per_stall":null,"mw_capacity":null,"status":"24/7","access":"yes","fee":"yes","sockets":"","voltage":"","address":"2316, North College Road, Wilmington, NC","city":"Wilmington","state":"NC","source":"OpenStreetMap","osm_id":12944743860}},{"type":"Feature","geometry":{"type":"Point","coordinates":[-79.6601,36.05616]},"properties":{"name":"Tesla Supercharger","network":"Tesla Supercharger","brand":"Tesla Supercharger","operator":"Tesla, Inc.","stalls":8,"kw_per_stall":null,"mw_capacity":null,"status":"24/7","access":"yes","fee":"yes","sockets":"","voltage":"","address":"1810, Mount Hope Church Road, McLeansville, NC","city":"McLeansville","state":"NC","source":"OpenStreetMap","osm_id":12944743879}},{"type":"Feature","geometry":{"type":"Point","coordinates":[-77.4143179,34.7764775]},"properties":{"name":"Tesla Supercharger","network":"Tesla Supercharger","brand":"Tesla Supercharger","operator":"Tesla, Inc.","stalls":8,"kw_per_stall":null,"mw_capacity":null,"status":"24/7","access":"yes","fee":"yes","sockets":"","voltage":"","address":"1105, Gum Branch Road, Jacksonville, NC","city":"Jacksonville","state":"NC","source":"OpenStreetMap","osm_id":12944743896}},{"type":"Feature","geometry":{"type":"Point","coordinates":[-77.4,35.6055]},"properties":{"name":"Greenville Supercharger","network":"Tesla Supercharger","brand":"Tesla Supercharger","operator":"Tesla","stalls":8,"kw_per_stall":null,"mw_capacity":null,"status":"24/7","access":"yes","fee":"yes","sockets":"","voltage":"","address":"701, Moye Boulevard, Greenville, NC","city":"Greenville","state":"NC","source":"OpenStreetMap","osm_id":12944743953}},{"type":"Feature","geometry":{"type":"Point","coordinates":[-78.54187,35.37451]},"properties":{"name":"Tesla Supercharger","network":"Tesla Supercharger","brand":"Tesla Supercharger","operator":"Tesla, Inc.","stalls":8,"kw_per_stall":null,"mw_capacity":null,"status":"24/7","access":"yes","fee":"yes","sockets":"","voltage":"","address":"100, Water Place Landing, Benson, NC","city":"Benson","state":"NC","source":"OpenStreetMap","osm_id":12944743978}},{"type":"Feature","geometry":{"type":"Point","coordinates":[-78.6033804,36.2810676]},"properties":{"name":"Tesla Supercharger","network":"Tesla Supercharger","brand":"Tesla Supercharger","operator":"Tesla","stalls":12,"kw_per_stall":null,"mw_capacity":null,"status":"24/7","access":"yes","fee":"yes","sockets":"","voltage":"","address":"1011, Lewis Street, Oxford, NC","city":"Oxford","state":"NC","source":"OpenStreetMap","osm_id":12944743983}},{"type":"Feature","geometry":{"type":"Point","coordinates":[-78.0185,34.2173]},"properties":{"name":"Tesla Supercharger","network":"Tesla Supercharger","brand":"Tesla Supercharger","operator":"Tesla, Inc.","stalls":12,"kw_per_stall":null,"mw_capacity":null,"status":"24/7","access":"yes","fee":"yes","sockets":"","voltage":"","address":"2020, Olde Regent Way, Leland, NC","city":"Leland","state":"NC","source":"OpenStreetMap","osm_id":12944743984}},{"type":"Feature","geometry":{"type":"Point","coordinates":[-79.0639881,35.970136]},"properties":{"name":"Tesla Supercharger","network":"Tesla Supercharger","brand":"Tesla Supercharger","operator":"Tesla, Inc.","stalls":10,"kw_per_stall":null,"mw_capacity":null,"status":"24/7","access":"yes","fee":"yes","sockets":"","voltage":"","address":"100, Village Center Drive, Chapel Hill, NC","city":"Chapel Hill","state":"NC","source":"OpenStreetMap","osm_id":12944744003}},{"type":"Feature","geometry":{"type":"Point","coordinates":[-78.93706,35.90363]},"properties":{"name":"Tesla Supercharger","network":"Tesla Supercharger","brand":"Tesla Supercharger","operator":"Tesla, Inc.","stalls":12,"kw_per_stall":null,"mw_capacity":null,"status":"24/7","access":"yes","fee":"yes","sockets":"","voltage":"","address":"6901, Fayetteville Road, Durham, NC","city":"Durham","state":"NC","source":"OpenStreetMap","osm_id":12944744022}},{"type":"Feature","geometry":{"type":"Point","coordinates":[-79.74772,34.92151]},"properties":{"name":"Tesla Supercharger","network":"Tesla Supercharger","brand":"Tesla Supercharger","operator":"Tesla, Inc.","stalls":12,"kw_per_stall":null,"mw_capacity":null,"status":"24/7","access":"yes","fee":"yes","sockets":"","voltage":"","address":"1305, East Broad Avenue, Rockingham, NC","city":"Rockingham","state":"NC","source":"OpenStreetMap","osm_id":12944744025}},{"type":"Feature","geometry":{"type":"Point","coordinates":[-76.20935,36.86133]},"properties":{"name":"Tesla Supercharger","network":"Tesla Supercharger","brand":"Tesla Supercharger","operator":"Tesla","stalls":8,"kw_per_stall":null,"mw_capacity":null,"status":"24/7","access":"yes","fee":"yes","sockets":"","voltage":"","address":"1146, North Military Highway, Norfolk, VA","city":"Norfolk","state":"VA","source":"OpenStreetMap","osm_id":12944744047}},{"type":"Feature","geometry":{"type":"Point","coordinates":[-77.08045,35.10412]},"properties":{"name":"Tesla Supercharger","network":"Tesla Supercharger","brand":"Tesla Supercharger","operator":"Tesla, Inc.","stalls":8,"kw_per_stall":null,"mw_capacity":null,"status":"24/7","access":"yes","fee":"yes","sockets":"","voltage":"","address":"2507, Drive. M.L.K. Jr Boulevard, New Bern, NC","city":"New Bern","state":"NC","source":"OpenStreetMap","osm_id":12944744051}},{"type":"Feature","geometry":{"type":"Point","coordinates":[-78.1356,34.99269]},"properties":{"name":"Tesla Supercharger","network":"Tesla Supercharger","brand":"Tesla Supercharger","operator":"Tesla, Inc.","stalls":12,"kw_per_stall":null,"mw_capacity":null,"status":"24/7","access":"yes","fee":"yes","sockets":"","voltage":"","address":"2669, NC-24, Warsaw, NC","city":"Warsaw","state":"NC","source":"OpenStreetMap","osm_id":12944744058}},{"type":"Feature","geometry":{"type":"Point","coordinates":[-75.6160822,35.9381712]},"properties":{"name":"Tesla Supercharger","network":"Tesla","brand":"Tesla Supercharger","operator":"Tesla, Inc.","stalls":12,"kw_per_stall":null,"mw_capacity":null,"status":"24/7","access":"yes","fee":"yes","sockets":"","voltage":"","address":"5000, South Croatan Highway, Nags Head, NC","city":"Nags Head","state":"NC","source":"OpenStreetMap","osm_id":12944744068}},{"type":"Feature","geometry":{"type":"Point","coordinates":[-79.44202,35.73499]},"properties":{"name":"Tesla Supercharger","network":"Tesla Supercharger","brand":"Tesla Supercharger","operator":"Tesla, Inc.","stalls":8,"kw_per_stall":null,"mw_capacity":null,"status":"24/7","access":"yes","fee":"yes","sockets":"","voltage":"","address":"1605, East 11th Street, Siler City, NC","city":"Siler City","state":"NC","source":"OpenStreetMap","osm_id":12944744094}},{"type":"Feature","geometry":{"type":"Point","coordinates":[-78.99106,35.95306]},"properties":{"name":"Tesla Supercharger","network":"Tesla Supercharger","brand":"Tesla Supercharger","operator":"Tesla, Inc.","stalls":12,"kw_per_stall":null,"mw_capacity":null,"status":"24/7","access":"yes","fee":"yes","sockets":"","voltage":"","address":"Durham, NC","city":"Durham","state":"NC","source":"OpenStreetMap","osm_id":12944744100}},{"type":"Feature","geometry":{"type":"Point","coordinates":[-77.94831,35.38645]},"properties":{"name":"Tesla Supercharger","network":"Tesla Supercharger","brand":"Tesla Supercharger","operator":"Tesla, Inc.","stalls":8,"kw_per_stall":null,"mw_capacity":null,"status":"24/7","access":"yes","fee":"yes","sockets":"","voltage":"","address":"1001, North Spence Avenue, Goldsboro, NC","city":"Goldsboro","state":"NC","source":"OpenStreetMap","osm_id":12944744139}},{"type":"Feature","geometry":{"type":"Point","coordinates":[-79.94647,35.89947]},"properties":{"name":"Tesla Supercharger","network":"Tesla Supercharger","brand":"Tesla Supercharger","operator":"Tesla, Inc.","stalls":8,"kw_per_stall":null,"mw_capacity":null,"status":"24/7","access":"yes","fee":"yes","sockets":"","voltage":"","address":"10206, South Main Street, Archdale, NC","city":"Archdale","state":"NC","source":"OpenStreetMap","osm_id":12944744144}},{"type":"Feature","geometry":{"type":"Point","coordinates":[-78.70985,34.3439]},"properties":{"name":"Tesla Supercharger Whiteville, NC","network":"Tesla Supercharger","brand":"Tesla Supercharger","operator":"Tesla","stalls":12,"kw_per_stall":null,"mw_capacity":null,"status":"24/7","access":"yes","fee":"yes","sockets":"","voltage":"","address":"1203, North JK Powell Boulevard, Whiteville, NC","city":"Whiteville","state":"NC","source":"OpenStreetMap","osm_id":12944744196}},{"type":"Feature","geometry":{"type":"Point","coordinates":[-77.64967,35.26079]},"properties":{"name":"Tesla Supercharger","network":"Tesla Supercharger","brand":"Tesla Supercharger","operator":"Tesla, Inc.","stalls":8,"kw_per_stall":null,"mw_capacity":null,"status":"24/7","access":"yes","fee":"yes","sockets":"","voltage":"","address":"4483, US-70 East, Kinston, NC","city":"Kinston","state":"NC","source":"OpenStreetMap","osm_id":12944744219}},{"type":"Feature","geometry":{"type":"Point","coordinates":[-76.22651,36.89738]},"properties":{"name":"Norfolk Supercharger","network":"Tesla Supercharger","brand":"Tesla Supercharger","operator":"Tesla","stalls":8,"kw_per_stall":null,"mw_capacity":null,"status":"24/7","access":"yes","fee":"yes","sockets":"","voltage":"","address":"6301, North Military Highway, Norfolk, VA","city":"Norfolk","state":"VA","source":"OpenStreetMap","osm_id":12944744245}},{"type":"Feature","geometry":{"type":"Point","coordinates":[-76.30648,36.8374]},"properties":{"name":"Tesla Supercharger","network":"Tesla Supercharger","brand":"Tesla Supercharger","operator":"Tesla","stalls":8,"kw_per_stall":null,"mw_capacity":null,"status":"24/7","access":"yes","fee":"yes","sockets":"","voltage":"","address":"720, London Street, Portsmouth, VA","city":"Portsmouth","state":"VA","source":"OpenStreetMap","osm_id":12944744306}},{"type":"Feature","geometry":{"type":"Point","coordinates":[-79.49944,36.07009]},"properties":{"name":"Tesla Supercharger","network":"Tesla Supercharger","brand":"Tesla Supercharger","operator":"Tesla, Inc.","stalls":20,"kw_per_stall":null,"mw_capacity":null,"status":"24/7","access":"yes","fee":"yes","sockets":"","voltage":"","address":"3141, Garden Road, Burlington, NC","city":"Burlington","state":"NC","source":"OpenStreetMap","osm_id":12944744307}},{"type":"Feature","geometry":{"type":"Point","coordinates":[-77.39499,36.97799]},"properties":{"name":"Tesla Supercharger","network":"Tesla Supercharger","brand":"Tesla Supercharger","operator":"Tesla, Inc.","stalls":8,"kw_per_stall":null,"mw_capacity":null,"status":"24/7","access":"yes","fee":"yes","sockets":"","voltage":"","address":"13306, Street John Church Road, Stony Creek, VA","city":"Stony Creek","state":"VA","source":"OpenStreetMap","osm_id":12944744332}},{"type":"Feature","geometry":{"type":"Point","coordinates":[-76.65664,36.71749]},"properties":{"name":"Tesla Supercharger","network":"Tesla Supercharger","brand":"Tesla Supercharger","operator":"Tesla, Inc.","stalls":8,"kw_per_stall":null,"mw_capacity":null,"status":"24/7","access":"yes","fee":"yes","sockets":"","voltage":"","address":"1929, Holland Road, Suffolk, VA","city":"Suffolk","state":"VA","source":"OpenStreetMap","osm_id":12944744335}},{"type":"Feature","geometry":{"type":"Point","coordinates":[-76.05562,36.84068]},"properties":{"name":"Tesla Supercharger","network":"Tesla Supercharger","brand":"Tesla Supercharger","operator":"Tesla","stalls":8,"kw_per_stall":null,"mw_capacity":null,"status":"24/7","access":"yes","fee":"yes","sockets":"","voltage":"","address":"2501, Virginia Beach Boulevard, Virginia Beach, VA","city":"Virginia Beach","state":"VA","source":"OpenStreetMap","osm_id":12944744338}},{"type":"Feature","geometry":{"type":"Point","coordinates":[-78.90086,36.68665]},"properties":{"name":"Tesla Supercharger","network":"Tesla Supercharger","brand":"Tesla Supercharger","operator":"Tesla, Inc.","stalls":4,"kw_per_stall":null,"mw_capacity":null,"status":"24/7","access":"yes","fee":"yes","sockets":"","voltage":"","address":"1007, Philpott Road, South Boston, VA","city":"South Boston","state":"VA","source":"OpenStreetMap","osm_id":12944744350}},{"type":"Feature","geometry":{"type":"Point","coordinates":[-78.7954611,35.8557425]},"properties":{"name":"Tesla Supercharger","network":"Tesla Supercharger","brand":"Tesla Supercharger","operator":"Tesla","stalls":12,"kw_per_stall":null,"mw_capacity":null,"status":"24/7","access":"yes","fee":"yes","sockets":"","voltage":"","address":"1600, Aviation Parkway, Morrisville, NC","city":"Morrisville","state":"NC","source":"OpenStreetMap","osm_id":13058718404}},{"type":"Feature","geometry":{"type":"Point","coordinates":[-79.9327221,32.7813153]},"properties":{"name":"Tesla Destination Charger","network":"Tesla","brand":"Tesla","operator":"The Charleston Place","stalls":null,"kw_per_stall":null,"mw_capacity":null,"status":"unknown","access":"customers","fee":"","sockets":"","voltage":"","address":"","city":"","state":"","source":"OpenStreetMap","osm_id":13274558512}},{"type":"Feature","geometry":{"type":"Point","coordinates":[-78.1450903,35.5817723]},"properties":{"name":"Kenly Supercharger","network":"Tesla Supercharger","brand":"Tesla Supercharger","operator":"Tesla","stalls":null,"kw_per_stall":null,"mw_capacity":null,"status":"24/7","access":"yes","fee":"yes","sockets":"","voltage":"","address":"","city":"","state":"","source":"OpenStreetMap","osm_id":13294921939}},{"type":"Feature","geometry":{"type":"Point","coordinates":[-79.001606,33.797096]},"properties":{"name":"Conway Supercharger","network":"Tesla Supercharger","brand":"Tesla Supercharger","operator":"Tesla","stalls":null,"kw_per_stall":null,"mw_capacity":null,"status":"24/7","access":"yes","fee":"yes","sockets":"","voltage":"","address":"","city":"","state":"","source":"OpenStreetMap","osm_id":13667892202}},{"type":"Feature","geometry":{"type":"Point","coordinates":[-79.301111,36.06374]},"properties":{"name":"Tesla Supercharger","network":"Tesla Supercharger","brand":"Tesla Supercharger","operator":"Tesla","stalls":null,"kw_per_stall":null,"mw_capacity":null,"status":"24/7","access":"yes","fee":"yes","sockets":"","voltage":"","address":"","city":"","state":"","source":"OpenStreetMap","osm_id":13667894001}},{"type":"Feature","geometry":{"type":"Point","coordinates":[-78.922776,34.936568]},"properties":{"name":"Hope Mills Supercharger","network":"Tesla Supercharger","brand":"Tesla Supercharger","operator":"Tesla","stalls":null,"kw_per_stall":null,"mw_capacity":null,"status":"24/7","access":"yes","fee":"yes","sockets":"","voltage":"","address":"","city":"","state":"","source":"OpenStreetMap","osm_id":13667895101}},{"type":"Feature","geometry":{"type":"Point","coordinates":[-79.419749,35.174386]},"properties":{"name":"Southern Pines Supercharger","network":"Tesla Supercharger","brand":"Tesla Supercharger","operator":"Tesla","stalls":null,"kw_per_stall":null,"mw_capacity":null,"status":"24/7","access":"yes","fee":"yes","sockets":"","voltage":"","address":"","city":"","state":"","source":"OpenStreetMap","osm_id":13667895102}}]}