{"type":"FeatureCollection","features":[{"type":"Feature","geometry":{"type":"Point","coordinates":[-104.74,47.0539]},"properties":{"Plant_Name":"Glendive GT","State":"Montana","PrimSource":"natural gas","Total_MW":74.9,"Utility_Na":"Montana-Dakota Utilities Co","City":"Glendive"}},{"type":"Feature","geometry":{"type":"Point","coordinates":[-105.7953,46.4112]},"properties":{"Plant_Name":"Miles City GT","State":"Montana","PrimSource":"natural gas","Total_MW":23.6,"Utility_Na":"Montana-Dakota Utilities Co","City":"Miles City"}},{"type":"Feature","geometry":{"type":"Point","coordinates":[-111.2614,47.5213]},"properties":{"Plant_Name":"Black Eagle","State":"Montana","PrimSource":"hydroelectric","Total_MW":24,"Utility_Na":"NorthWestern Energy (MT Hydro)","City":"Great Falls"}},{"type":"Feature","geometry":{"type":"Point","coordinates":[-111.195,47.5375]},"properties":{"Plant_Name":"Cochrane","State":"Montana","PrimSource":"hydroelectric","Total_MW":63,"Utility_Na":"NorthWestern Energy (MT Hydro)","City":"Great Falls"}},{"type":"Feature","geometry":{"type":"Point","coordinates":[-111.8873,46.7659]},"properties":{"Plant_Name":"Hauser","State":"Montana","PrimSource":"hydroelectric","Total_MW":16.3,"Utility_Na":"NorthWestern Energy (MT Hydro)","City":"Helena"}},{"type":"Feature","geometry":{"type":"Point","coordinates":[-112.0047,46.9915]},"properties":{"Plant_Name":"Holter","State":"Montana","PrimSource":"hydroelectric","Total_MW":51.9,"Utility_Na":"NorthWestern Energy (MT Hydro)","City":"Wolf Creek"}},{"type":"Feature","geometry":{"type":"Point","coordinates":[-114.2339,47.6777]},"properties":{"Plant_Name":"Selis Ksanka Qlispe","State":"Montana","PrimSource":"hydroelectric","Total_MW":227.8,"Utility_Na":"Energy Keepers Inc","City":"Polson"}},{"type":"Feature","geometry":{"type":"Point","coordinates":[-111.0609,47.5817]},"properties":{"Plant_Name":"Morony","State":"Montana","PrimSource":"hydroelectric","Total_MW":49,"Utility_Na":"NorthWestern Energy (MT Hydro)","City":"Great Falls"}},{"type":"Feature","geometry":{"type":"Point","coordinates":[-109.7625,45.2257]},"properties":{"Plant_Name":"Mystic","State":"Montana","PrimSource":"hydroelectric","Total_MW":12,"Utility_Na":"NorthWestern Energy (MT Hydro)","City":"Fishtail"}},{"type":"Feature","geometry":{"type":"Point","coordinates":[-111.2045,47.5344]},"properties":{"Plant_Name":"Rainbow (MT)","State":"Montana","PrimSource":"hydroelectric","Total_MW":64,"Utility_Na":"NorthWestern Energy (MT Hydro)","City":"Great Falls"}},{"type":"Feature","geometry":{"type":"Point","coordinates":[-111.1225,47.5699]},"properties":{"Plant_Name":"Ryan","State":"Montana","PrimSource":"hydroelectric","Total_MW":71.5,"Utility_Na":"NorthWestern Energy (MT Hydro)","City":"Great Falls"}},{"type":"Feature","geometry":{"type":"Point","coordinates":[-115.3582,47.5932]},"properties":{"Plant_Name":"Thompson Falls","State":"Montana","PrimSource":"hydroelectric","Total_MW":93.5,"Utility_Na":"NorthWestern Energy (MT Hydro)","City":"Thompson Falls"}},{"type":"Feature","geometry":{"type":"Point","coordinates":[-110.8347,44.4533]},"properties":{"Plant_Name":"Old Faithful","State":"Wyoming","PrimSource":"petroleum","Total_MW":2,"Utility_Na":"NorthWestern Energy (MT wind/thermal)","City":"Yellowstone"}},{"type":"Feature","geometry":{"type":"Point","coordinates":[-115.7336,47.9605]},"properties":{"Plant_Name":"Noxon Rapids","State":"Montana","PrimSource":"hydroelectric","Total_MW":580.7,"Utility_Na":"Avista Corp","City":"Noxon"}},{"type":"Feature","geometry":{"type":"Point","coordinates":[-114.0144,48.3415]},"properties":{"Plant_Name":"Hungry Horse","State":"Montana","PrimSource":"hydroelectric","Total_MW":428,"Utility_Na":"U S Bureau of Reclamation","City":"Columbia Falls"}},{"type":"Feature","geometry":{"type":"Point","coordinates":[-107.9575,45.3074]},"properties":{"Plant_Name":"Yellowtail","State":"Montana","PrimSource":"hydroelectric","Total_MW":287.5,"Utility_Na":"U S Bureau of Reclamation","City":"Hardin"}},{"type":"Feature","geometry":{"type":"Point","coordinates":[-115.0507,36.0875]},"properties":{"Plant_Name":"Clark (NVE)","State":"Nevada","PrimSource":"natural gas","Total_MW":1141,"Utility_Na":"Nevada Power Co","City":"Las Vegas"}},{"type":"Feature","geometry":{"type":"Point","coordinates":[-114.6333,36.6573]},"properties":{"Plant_Name":"Reid Gardner","State":"Nevada","PrimSource":"batteries","Total_MW":220,"Utility_Na":"Nevada Power Co","City":"Moapa"}},{"type":"Feature","geometry":{"type":"Point","coordinates":[-119.1322,39.1281]},"properties":{"Plant_Name":"Fort Churchill","State":"Nevada","PrimSource":"natural gas","Total_MW":226,"Utility_Na":"Sierra Pacific Power Co","City":"Yerington"}},{"type":"Feature","geometry":{"type":"Point","coordinates":[-119.525,39.5625]},"properties":{"Plant_Name":"Tracy","State":"Nevada","PrimSource":"natural gas","Total_MW":953.6,"Utility_Na":"Sierra Pacific Power Co","City":"Sparks"}},{"type":"Feature","geometry":{"type":"Point","coordinates":[-108.4814,36.69]},"properties":{"Plant_Name":"Four Corners","State":"New Mexico","PrimSource":"coal","Total_MW":1540,"Utility_Na":"Arizona Public Service Co","City":"Fruitland"}},{"type":"Feature","geometry":{"type":"Point","coordinates":[-106.5472,31.8047]},"properties":{"Plant_Name":"Rio Grande","State":"New Mexico","PrimSource":"natural gas","Total_MW":313,"Utility_Na":"El Paso Electric Co","City":"SunLand Park"}},{"type":"Feature","geometry":{"type":"Point","coordinates":[-103.3015,32.7142]},"properties":{"Plant_Name":"Maddox","State":"New Mexico","PrimSource":"natural gas","Total_MW":188,"Utility_Na":"Southwestern Public Service Co","City":"Hobbs"}},{"type":"Feature","geometry":{"type":"Point","coordinates":[-106.6019,35.171]},"properties":{"Plant_Name":"Reeves","State":"New Mexico","PrimSource":"natural gas","Total_MW":146,"Utility_Na":"Public Service Co of NM","City":"Albuquerque"}},{"type":"Feature","geometry":{"type":"Point","coordinates":[-103.3533,32.7131]},"properties":{"Plant_Name":"Cunningham","State":"New Mexico","PrimSource":"natural gas","Total_MW":390,"Utility_Na":"Southwestern Public Service Co","City":"Hobbs"}},{"type":"Feature","geometry":{"type":"Point","coordinates":[-106.4642,35.3844]},"properties":{"Plant_Name":"Algodones","State":"New Mexico","PrimSource":"natural gas","Total_MW":45,"Utility_Na":"Public Service Co of NM","City":"Algodones"}},{"type":"Feature","geometry":{"type":"Point","coordinates":[-104.7606,42.2899]},"properties":{"Plant_Name":"Guernsey","State":"Wyoming","PrimSource":"hydroelectric","Total_MW":6.4,"Utility_Na":"U S Bureau of Reclamation","City":"Guernsey"}},{"type":"Feature","geometry":{"type":"Point","coordinates":[-120.9533,39.1343]},"properties":{"Plant_Name":"Rollins","State":"California","PrimSource":"hydroelectric","Total_MW":12.1,"Utility_Na":"Nevada Irrigation District","City":"Colfax"}},{"type":"Feature","geometry":{"type":"Point","coordinates":[-106.8805,42.1743]},"properties":{"Plant_Name":"Kortes","State":"Wyoming","PrimSource":"hydroelectric","Total_MW":36.6,"Utility_Na":"U S Bureau of Reclamation","City":"Sinclair"}},{"type":"Feature","geometry":{"type":"Point","coordinates":[-118.4168,34.0114]},"properties":{"Plant_Name":"Venice Hydro","State":"California","PrimSource":"hydroelectric","Total_MW":10.1,"Utility_Na":"Metropolitan Water District of S CA","City":"Culver City"}},{"type":"Feature","geometry":{"type":"Point","coordinates":[-122.365,47.0797]},"properties":{"Plant_Name":"Frederickson","State":"Washington","PrimSource":"natural gas","Total_MW":134,"Utility_Na":"Puget Sound Energy Inc","City":"Tacoma"}},{"type":"Feature","geometry":{"type":"Point","coordinates":[-111.7811,33.4665]},"properties":{"Plant_Name":"South Consolidated","State":"Arizona","PrimSource":"hydroelectric","Total_MW":1.4,"Utility_Na":"Salt River Project","City":"Phoenix"}},{"type":"Feature","geometry":{"type":"Point","coordinates":[-119.2567,37.1479]},"properties":{"Plant_Name":"J S Eastwood","State":"California","PrimSource":"pumped storage","Total_MW":199.8,"Utility_Na":"Southern California Edison Co","City":"Shaver Lake"}},{"type":"Feature","geometry":{"type":"Point","coordinates":[-110.3033,34.9394]},"properties":{"Plant_Name":"Cholla","State":"Arizona","PrimSource":"coal","Total_MW":383,"Utility_Na":"Arizona Public Service Co","City":"Joseph City"}},{"type":"Feature","geometry":{"type":"Point","coordinates":[-109.5538,31.3641]},"properties":{"Plant_Name":"Douglas","State":"Arizona","PrimSource":"petroleum","Total_MW":15,"Utility_Na":"Arizona Public Service Co","City":"Douglas"}},{"type":"Feature","geometry":{"type":"Point","coordinates":[-111.9122,33.4225]},"properties":{"Plant_Name":"Ocotillo","State":"Arizona","PrimSource":"natural gas","Total_MW":605,"Utility_Na":"Arizona Public Service Co","City":"Tempe"}},{"type":"Feature","geometry":{"type":"Point","coordinates":[-112.1583,33.4417]},"properties":{"Plant_Name":"West Phoenix","State":"Arizona","PrimSource":"natural gas","Total_MW":909,"Utility_Na":"Arizona Public Service Co","City":"Phoenix"}},{"type":"Feature","geometry":{"type":"Point","coordinates":[-111.3,32.5517]},"properties":{"Plant_Name":"Saguaro","State":"Arizona","PrimSource":"natural gas","Total_MW":179.1,"Utility_Na":"Arizona Public Service Co","City":"Red Rock"}},{"type":"Feature","geometry":{"type":"Point","coordinates":[-114.7106,32.7214]},"properties":{"Plant_Name":"Yucca","State":"Arizona","PrimSource":"natural gas","Total_MW":329.4,"Utility_Na":"Arizona Public Service Co","City":"Yuma"}},{"type":"Feature","geometry":{"type":"Point","coordinates":[-110.9921,32.2523]},"properties":{"Plant_Name":"Demoss Petrie","State":"Arizona","PrimSource":"natural gas","Total_MW":75,"Utility_Na":"Tucson Electric Power Co","City":"Tucson"}},{"type":"Feature","geometry":{"type":"Point","coordinates":[-110.9047,32.16]},"properties":{"Plant_Name":"H Wilson Sundt Generating Station","State":"Arizona","PrimSource":"natural gas","Total_MW":490,"Utility_Na":"Tucson Electric Power Co","City":"Tucson"}},{"type":"Feature","geometry":{"type":"Point","coordinates":[-112.2153,33.5561]},"properties":{"Plant_Name":"Agua Fria","State":"Arizona","PrimSource":"natural gas","Total_MW":741.2,"Utility_Na":"Salt River Project","City":"Glendale"}},{"type":"Feature","geometry":{"type":"Point","coordinates":[-111.9461,33.4394]},"properties":{"Plant_Name":"Crosscut","State":"Arizona","PrimSource":"hydroelectric","Total_MW":3,"Utility_Na":"Salt River Project","City":"Tempe"}},{"type":"Feature","geometry":{"type":"Point","coordinates":[-111.344,33.5907]},"properties":{"Plant_Name":"Horse Mesa","State":"Arizona","PrimSource":"pumped storage","Total_MW":150.7,"Utility_Na":"Salt River Project","City":"Apache Junction"}},{"type":"Feature","geometry":{"type":"Point","coordinates":[-111.9353,33.3556]},"properties":{"Plant_Name":"Kyrene","State":"Arizona","PrimSource":"natural gas","Total_MW":525,"Utility_Na":"Salt River Project","City":"Tempe"}},{"type":"Feature","geometry":{"type":"Point","coordinates":[-111.4431,33.5536]},"properties":{"Plant_Name":"Mormon Flat","State":"Arizona","PrimSource":"pumped storage","Total_MW":68.8,"Utility_Na":"Salt River Project","City":"Apache Junction"}},{"type":"Feature","geometry":{"type":"Point","coordinates":[-111.1618,33.6711]},"properties":{"Plant_Name":"Roosevelt","State":"Arizona","PrimSource":"hydroelectric","Total_MW":34,"Utility_Na":"Salt River Project","City":"Roosevelt"}},{"type":"Feature","geometry":{"type":"Point","coordinates":[-111.536,33.5661]},"properties":{"Plant_Name":"Stewart Mountain","State":"Arizona","PrimSource":"hydroelectric","Total_MW":13,"Utility_Na":"Salt River Project","City":"Phoenix"}},{"type":"Feature","geometry":{"type":"Point","coordinates":[-120.9314,37.6294]},"properties":{"Plant_Name":"McClure","State":"California","PrimSource":"natural gas","Total_MW":107,"Utility_Na":"Modesto Irrigation District","City":"Modesto"}},{"type":"Feature","geometry":{"type":"Point","coordinates":[-114.5707,35.197]},"properties":{"Plant_Name":"Davis Dam","State":"Arizona","PrimSource":"hydroelectric","Total_MW":254.8,"Utility_Na":"U S Bureau of Reclamation","City":"Kingman"}},{"type":"Feature","geometry":{"type":"Point","coordinates":[-111.4839,36.9366]},"properties":{"Plant_Name":"Glen Canyon Dam","State":"Arizona","PrimSource":"hydroelectric","Total_MW":1312,"Utility_Na":"U S Bureau of Reclamation","City":"Page"}},{"type":"Feature","geometry":{"type":"Point","coordinates":[-114.738,36.0155]},"properties":{"Plant_Name":"Hoover Dam (NV)","State":"Nevada","PrimSource":"hydroelectric","Total_MW":1039.4,"Utility_Na":"U S Bureau of Reclamation","City":"Boulder City"}},{"type":"Feature","geometry":{"type":"Point","coordinates":[-111.3125,40.4936]},"properties":{"Plant_Name":"Lake Creek Dam","State":"Utah","PrimSource":"hydroelectric","Total_MW":1,"Utility_Na":"Heber Light & Power Company","City":"Heber City"}},{"type":"Feature","geometry":{"type":"Point","coordinates":[-109.8931,32.0603]},"properties":{"Plant_Name":"Apache Station","State":"Arizona","PrimSource":"natural gas","Total_MW":548.5,"Utility_Na":"Arizona Electric Pwr Coop Inc","City":"Cochise"}},{"type":"Feature","geometry":{"type":"Point","coordinates":[-120.5947,37.6115]},"properties":{"Plant_Name":"Turlock Lake","State":"California","PrimSource":"hydroelectric","Total_MW":3.3,"Utility_Na":"Turlock Irrigation District","City":"Hickman"}},{"type":"Feature","geometry":{"type":"Point","coordinates":[-120.7462,37.6215]},"properties":{"Plant_Name":"Hickman","State":"California","PrimSource":"hydroelectric","Total_MW":1,"Utility_Na":"Turlock Irrigation District","City":"Hickman"}},{"type":"Feature","geometry":{"type":"Point","coordinates":[-121.8622,40.4519]},"properties":{"Plant_Name":"Volta 2","State":"California","PrimSource":"hydroelectric","Total_MW":0.9,"Utility_Na":"Pacific Gas & Electric Co.","City":"Manton"}},{"type":"Feature","geometry":{"type":"Point","coordinates":[-120.8035,39.216]},"properties":{"Plant_Name":"Alta Powerhouse","State":"California","PrimSource":"hydroelectric","Total_MW":1,"Utility_Na":"Pacific Gas & Electric Co.","City":"Alta"}},{"type":"Feature","geometry":{"type":"Point","coordinates":[-120.5394,38.0719]},"properties":{"Plant_Name":"Angels","State":"California","PrimSource":"hydroelectric","Total_MW":0.7,"Utility_Na":"Utica Water & Power Authority","City":"Angels Camp"}},{"type":"Feature","geometry":{"type":"Point","coordinates":[-119.0877,36.9091]},"properties":{"Plant_Name":"Balch 1","State":"California","PrimSource":"hydroelectric","Total_MW":31,"Utility_Na":"Pacific Gas & Electric Co.","City":"Balch Camp"}},{"type":"Feature","geometry":{"type":"Point","coordinates":[-119.0876,36.9089]},"properties":{"Plant_Name":"Balch 2","State":"California","PrimSource":"hydroelectric","Total_MW":105,"Utility_Na":"Pacific Gas & Electric Co.","City":"Balch Camp"}},{"type":"Feature","geometry":{"type":"Point","coordinates":[-121.2494,40.0074]},"properties":{"Plant_Name":"Belden","State":"California","PrimSource":"hydroelectric","Total_MW":125,"Utility_Na":"Pacific Gas & Electric Co.","City":"Belden"}},{"type":"Feature","geometry":{"type":"Point","coordinates":[-121.3277,39.9106]},"properties":{"Plant_Name":"Bucks Creek","State":"California","PrimSource":"hydroelectric","Total_MW":65,"Utility_Na":"Pacific Gas & Electric Co.","City":"Storrie"}},{"type":"Feature","geometry":{"type":"Point","coordinates":[-121.1907,40.1757]},"properties":{"Plant_Name":"Butt Valley","State":"California","PrimSource":"hydroelectric","Total_MW":41,"Utility_Na":"Pacific Gas & Electric Co.","City":"Belden"}},{"type":"Feature","geometry":{"type":"Point","coordinates":[-121.1482,40.0855]},"properties":{"Plant_Name":"Caribou 1","State":"California","PrimSource":"hydroelectric","Total_MW":75,"Utility_Na":"Pacific Gas & Electric Co.","City":"Belden"}},{"type":"Feature","geometry":{"type":"Point","coordinates":[-121.1494,40.086]},"properties":{"Plant_Name":"Caribou 2","State":"California","PrimSource":"hydroelectric","Total_MW":120,"Utility_Na":"Pacific Gas & Electric Co.","City":"Belden"}},{"type":"Feature","geometry":{"type":"Point","coordinates":[-121.6574,39.7889]},"properties":{"Plant_Name":"Centerville PH","State":"California","PrimSource":"hydroelectric","Total_MW":6.4,"Utility_Na":"Pacific Gas & Electric Co.","City":"Chico"}},{"type":"Feature","geometry":{"type":"Point","coordinates":[-120.8132,38.7718]},"properties":{"Plant_Name":"Chili Bar","State":"California","PrimSource":"hydroelectric","Total_MW":7,"Utility_Na":"Sacramento Municipal Util Dist","City":"Placerville"}},{"type":"Feature","geometry":{"type":"Point","coordinates":[-122.1219,40.4046]},"properties":{"Plant_Name":"Coleman PH","State":"California","PrimSource":"hydroelectric","Total_MW":13,"Utility_Na":"Pacific Gas & Electric Co.","City":"Anderson"}},{"type":"Feature","geometry":{"type":"Point","coordinates":[-121.4097,39.8259]},"properties":{"Plant_Name":"Cresta","State":"California","PrimSource":"hydroelectric","Total_MW":70,"Utility_Na":"Pacific Gas & Electric Co.","City":"Storrie"}},{"type":"Feature","geometry":{"type":"Point","coordinates":[-121.6318,39.8693]},"properties":{"Plant_Name":"De Sabla","State":"California","PrimSource":"hydroelectric","Total_MW":18.5,"Utility_Na":"Pacific Gas & Electric Co.","City":"Magalia"}},{"type":"Feature","geometry":{"type":"Point","coordinates":[-120.8443,39.2981]},"properties":{"Plant_Name":"Deer Creek PH","State":"California","PrimSource":"hydroelectric","Total_MW":5.7,"Utility_Na":"Nevada Irrigation District","City":"Nevada City"}},{"type":"Feature","geometry":{"type":"Point","coordinates":[-120.7674,39.2569]},"properties":{"Plant_Name":"Drum 1","State":"California","PrimSource":"hydroelectric","Total_MW":54,"Utility_Na":"Pacific Gas & Electric Co.","City":"Alta"}},{"type":"Feature","geometry":{"type":"Point","coordinates":[-120.767,39.2574]},"properties":{"Plant_Name":"Drum 2","State":"California","PrimSource":"hydroelectric","Total_MW":49.5,"Utility_Na":"Pacific Gas & Electric Co.","City":"Alta"}},{"type":"Feature","geometry":{"type":"Point","coordinates":[-120.8356,39.217]},"properties":{"Plant_Name":"Dutch Flat","State":"California","PrimSource":"hydroelectric","Total_MW":22,"Utility_Na":"Pacific Gas & Electric Co.","City":"Alta"}},{"type":"Feature","geometry":{"type":"Point","coordinates":[-120.6192,38.7936]},"properties":{"Plant_Name":"El Dorado","State":"California","PrimSource":"hydroelectric","Total_MW":20.8,"Utility_Na":"El Dorado Irrigation District","City":"Pollock Pines"}},{"type":"Feature","geometry":{"type":"Point","coordinates":[-120.6699,38.331]},"properties":{"Plant_Name":"Electra","State":"California","PrimSource":"hydroelectric","Total_MW":98,"Utility_Na":"Pacific Gas & Electric Co.","City":"Jackson"}},{"type":"Feature","geometry":{"type":"Point","coordinates":[-119.0203,36.9274]},"properties":{"Plant_Name":"Haas","State":"California","PrimSource":"hydroelectric","Total_MW":144,"Utility_Na":"Pacific Gas & Electric Co.","City":"Balch Camp"}},{"type":"Feature","geometry":{"type":"Point","coordinates":[-121.0419,38.957]},"properties":{"Plant_Name":"Halsey","State":"California","PrimSource":"hydroelectric","Total_MW":11,"Utility_Na":"Pacific Gas & Electric Co.","City":"Auburn"}},{"type":"Feature","geometry":{"type":"Point","coordinates":[-121.0895,40.2687]},"properties":{"Plant_Name":"Hamilton Branch","State":"California","PrimSource":"hydroelectric","Total_MW":4.8,"Utility_Na":"Pacific Gas & Electric Co.","City":"Peninsula Village"}},{"type":"Feature","geometry":{"type":"Point","coordinates":[-121.5445,40.9293]},"properties":{"Plant_Name":"Hat Creek 1","State":"California","PrimSource":"hydroelectric","Total_MW":8.5,"Utility_Na":"Pacific Gas & Electric Co.","City":"Burney"}},{"type":"Feature","geometry":{"type":"Point","coordinates":[-121.5487,40.9607]},"properties":{"Plant_Name":"Hat Creek 2","State":"California","PrimSource":"hydroelectric","Total_MW":8.5,"Utility_Na":"Pacific Gas & Electric Co.","City":"Burney"}},{"type":"Feature","geometry":{"type":"Point","coordinates":[-124.2103,40.7415]},"properties":{"Plant_Name":"Humboldt Bay","State":"California","PrimSource":"natural gas","Total_MW":163.4,"Utility_Na":"Pacific Gas & Electric Co.","City":"Eureka"}},{"type":"Feature","geometry":{"type":"Point","coordinates":[-121.9655,40.401]},"properties":{"Plant_Name":"Inskip","State":"California","PrimSource":"hydroelectric","Total_MW":8,"Utility_Na":"Pacific Gas & Electric Co.","City":"Manton"}},{"type":"Feature","geometry":{"type":"Point","coordinates":[-121.9752,40.9923]},"properties":{"Plant_Name":"James B Black","State":"California","PrimSource":"hydroelectric","Total_MW":172,"Utility_Na":"Pacific Gas & Electric Co.","City":"Big Bend"}},{"type":"Feature","geometry":{"type":"Point","coordinates":[-119.5528,37.0925]},"properties":{"Plant_Name":"Kerckhoff","State":"California","PrimSource":"hydroelectric","Total_MW":25.2,"Utility_Na":"Pacific Gas & Electric Co.","City":"Auberry"}},{"type":"Feature","geometry":{"type":"Point","coordinates":[-119.1588,36.8882]},"properties":{"Plant_Name":"Kings River PH","State":"California","PrimSource":"hydroelectric","Total_MW":52,"Utility_Na":"Pacific Gas & Electric Co.","City":"Balch Camp"}},{"type":"Feature","geometry":{"type":"Point","coordinates":[-120.3299,37.523]},"properties":{"Plant_Name":"Merced Falls","State":"California","PrimSource":"hydroelectric","Total_MW":3.5,"Utility_Na":"Merced Irrigation District","City":"Snelling"}},{"type":"Feature","geometry":{"type":"Point","coordinates":[-121.7822,36.8048]},"properties":{"Plant_Name":"Dynegy Moss Landing Power Plant Hybrid","State":"California","PrimSource":"natural gas","Total_MW":1770,"Utility_Na":"Dynegy -Moss Landing LLC","City":"Moss Landing"}},{"type":"Feature","geometry":{"type":"Point","coordinates":[-120.4464,38.1471]},"properties":{"Plant_Name":"Murphys","State":"California","PrimSource":"hydroelectric","Total_MW":1.3,"Utility_Na":"Utica Water & Power Authority","City":"Murphys"}},{"type":"Feature","geometry":{"type":"Point","coordinates":[-121.2717,39.2364]},"properties":{"Plant_Name":"Narrows PH","State":"California","PrimSource":"hydroelectric","Total_MW":12,"Utility_Na":"Yuba County Water Agency","City":"Grass Valley"}},{"type":"Feature","geometry":{"type":"Point","coordinates":[-120.3265,38.0321]},"properties":{"Plant_Name":"Phoenix","State":"California","PrimSource":"hydroelectric","Total_MW":2,"Utility_Na":"Pacific Gas & Electric Co.","City":"Sonora"}},{"type":"Feature","geometry":{"type":"Point","coordinates":[-121.4982,40.9908]},"properties":{"Plant_Name":"Pit 1","State":"California","PrimSource":"hydroelectric","Total_MW":61,"Utility_Na":"Pacific Gas & Electric Co.","City":"Burney"}},{"type":"Feature","geometry":{"type":"Point","coordinates":[-121.7481,40.9974]},"properties":{"Plant_Name":"Pit 3","State":"California","PrimSource":"hydroelectric","Total_MW":69.9,"Utility_Na":"Pacific Gas & Electric Co.","City":"Burney"}},{"type":"Feature","geometry":{"type":"Point","coordinates":[-121.8494,40.9864]},"properties":{"Plant_Name":"Pit 4","State":"California","PrimSource":"hydroelectric","Total_MW":95,"Utility_Na":"Pacific Gas & Electric Co.","City":"Big Bend"}},{"type":"Feature","geometry":{"type":"Point","coordinates":[-121.9776,40.9862]},"properties":{"Plant_Name":"Pit 5","State":"California","PrimSource":"hydroelectric","Total_MW":160,"Utility_Na":"Pacific Gas & Electric Co.","City":"Big Bend"}},{"type":"Feature","geometry":{"type":"Point","coordinates":[-121.9929,40.9226]},"properties":{"Plant_Name":"Pit 6","State":"California","PrimSource":"hydroelectric","Total_MW":80,"Utility_Na":"Pacific Gas & Electric Co.","City":"Montgomery Creek"}},{"type":"Feature","geometry":{"type":"Point","coordinates":[-121.9908,40.8475]},"properties":{"Plant_Name":"Pit 7","State":"California","PrimSource":"hydroelectric","Total_MW":113,"Utility_Na":"Pacific Gas & Electric Co.","City":"Montgomery Creek"}},{"type":"Feature","geometry":{"type":"Point","coordinates":[-121.4698,39.7229]},"properties":{"Plant_Name":"Poe","State":"California","PrimSource":"hydroelectric","Total_MW":120,"Utility_Na":"Pacific Gas & Electric Co.","City":"Storrie"}},{"type":"Feature","geometry":{"type":"Point","coordinates":[-123.1279,39.3618]},"properties":{"Plant_Name":"Potter Valley","State":"California","PrimSource":"hydroelectric","Total_MW":9.2,"Utility_Na":"Pacific Gas & Electric Co.","City":"Potter Valley"}},{"type":"Feature","geometry":{"type":"Point","coordinates":[-121.3452,39.9052]},"properties":{"Plant_Name":"Rock Creek","State":"California","PrimSource":"hydroelectric","Total_MW":126,"Utility_Na":"Pacific Gas & Electric Co.","City":"Storrie"}},{"type":"Feature","geometry":{"type":"Point","coordinates":[-119.4975,37.2032]},"properties":{"Plant_Name":"San Joaquin 2","State":"California","PrimSource":"hydroelectric","Total_MW":3.2,"Utility_Na":"Pacific Gas & Electric Co.","City":"North Fork"}},{"type":"Feature","geometry":{"type":"Point","coordinates":[-119.5194,37.2537]},"properties":{"Plant_Name":"San Joaquin 3","State":"California","PrimSource":"hydroelectric","Total_MW":4.2,"Utility_Na":"Pacific Gas & Electric Co.","City":"North Fork"}},{"type":"Feature","geometry":{"type":"Point","coordinates":[-120.2181,38.4979]},"properties":{"Plant_Name":"Salt Springs","State":"California","PrimSource":"hydroelectric","Total_MW":44,"Utility_Na":"Pacific Gas & Electric Co.","City":"Pioneer"}},{"type":"Feature","geometry":{"type":"Point","coordinates":[-121.8792,40.3954]},"properties":{"Plant_Name":"South","State":"California","PrimSource":"hydroelectric","Total_MW":7,"Utility_Na":"Pacific Gas & Electric Co.","City":"Manton"}},{"type":"Feature","geometry":{"type":"Point","coordinates":[-120.6448,39.3246]},"properties":{"Plant_Name":"Spaulding 1","State":"California","PrimSource":"hydroelectric","Total_MW":7,"Utility_Na":"Pacific Gas & Electric Co.","City":"Emigrant Gap"}},{"type":"Feature","geometry":{"type":"Point","coordinates":[-120.6454,39.3246]},"properties":{"Plant_Name":"Spaulding 2","State":"California","PrimSource":"hydroelectric","Total_MW":4.4,"Utility_Na":"Pacific Gas & Electric Co.","City":"Emigrant Gap"}},{"type":"Feature","geometry":{"type":"Point","coordinates":[-120.6355,39.3377]},"properties":{"Plant_Name":"Spaulding 3","State":"California","PrimSource":"hydroelectric","Total_MW":5.8,"Utility_Na":"Pacific Gas & Electric Co.","City":"Emigrant Gap"}},{"type":"Feature","geometry":{"type":"Point","coordinates":[-120.1117,38.1865]},"properties":{"Plant_Name":"Spring Gap","State":"California","PrimSource":"hydroelectric","Total_MW":7,"Utility_Na":"Pacific Gas & Electric Co.","City":"Long Barn"}},{"type":"Feature","geometry":{"type":"Point","coordinates":[-120.3703,38.139]},"properties":{"Plant_Name":"Stanislaus","State":"California","PrimSource":"hydroelectric","Total_MW":91,"Utility_Na":"Pacific Gas & Electric Co.","City":"Vallecito"}},{"type":"Feature","geometry":{"type":"Point","coordinates":[-122.745,38.777]},"properties":{"Plant_Name":"Geysers Unit 5-20","State":"California","PrimSource":"geothermal","Total_MW":644,"Utility_Na":"Geysers Power Co LLC","City":"Middletown"}},{"type":"Feature","geometry":{"type":"Point","coordinates":[-120.4926,38.4493]},"properties":{"Plant_Name":"Tiger Creek","State":"California","PrimSource":"hydroelectric","Total_MW":58,"Utility_Na":"Pacific Gas & Electric Co.","City":"Pioneer"}},{"type":"Feature","geometry":{"type":"Point","coordinates":[-118.7071,36.1631]},"properties":{"Plant_Name":"Tule River","State":"California","PrimSource":"hydroelectric","Total_MW":6.4,"Utility_Na":"Tule Hydro LLC\r","City":"Springville"}},{"type":"Feature","geometry":{"type":"Point","coordinates":[-121.8671,40.4591]},"properties":{"Plant_Name":"Volta 1","State":"California","PrimSource":"hydroelectric","Total_MW":9,"Utility_Na":"Pacific Gas & Electric Co.","City":"Manton"}},{"type":"Feature","geometry":{"type":"Point","coordinates":[-120.5496,38.4209]},"properties":{"Plant_Name":"West Point PH","State":"California","PrimSource":"hydroelectric","Total_MW":14.5,"Utility_Na":"Pacific Gas & Electric Co.","City":"Pioneer"}},{"type":"Feature","geometry":{"type":"Point","coordinates":[-121.0985,38.8899]},"properties":{"Plant_Name":"Wise","State":"California","PrimSource":"hydroelectric","Total_MW":17.2,"Utility_Na":"Pacific Gas & Electric Co.","City":"Auburn"}},{"type":"Feature","geometry":{"type":"Point","coordinates":[-119.5047,37.151]},"properties":{"Plant_Name":"A G Wishon","State":"California","PrimSource":"hydroelectric","Total_MW":20,"Utility_Na":"Pacific Gas & Electric Co.","City":"North Fork"}},{"type":"Feature","geometry":{"type":"Point","coordinates":[-122.3605,41.9856]},"properties":{"Plant_Name":"Fall Creek","State":"California","PrimSource":"hydroelectric","Total_MW":1.9,"Utility_Na":"PacifiCorp","City":"Hornbrook"}},{"type":"Feature","geometry":{"type":"Point","coordinates":[-112.8533,38.4889]},"properties":{"Plant_Name":"Blundell","State":"Utah","PrimSource":"geothermal","Total_MW":31.7,"Utility_Na":"PacifiCorp","City":"Milford"}},{"type":"Feature","geometry":{"type":"Point","coordinates":[-115.392,32.6731]},"properties":{"Plant_Name":"Drop 5","State":"California","PrimSource":"hydroelectric","Total_MW":3.8,"Utility_Na":"Imperial Irrigation District","City":"Calexico"}},{"type":"Feature","geometry":{"type":"Point","coordinates":[-118.1009,33.7688]},"properties":{"Plant_Name":"AES Alamitos LLC","State":"California","PrimSource":"natural gas","Total_MW":1142,"Utility_Na":"AES Alamitos LLC","City":"Long Beach"}},{"type":"Feature","geometry":{"type":"Point","coordinates":[-118.4795,34.0969]},"properties":{"Plant_Name":"Sepulveda Canyon","State":"California","PrimSource":"hydroelectric","Total_MW":8.5,"Utility_Na":"Metropolitan Water District of S CA","City":"Los Angeles"}},{"type":"Feature","geometry":{"type":"Point","coordinates":[-119.2396,37.2042]},"properties":{"Plant_Name":"Big Creek 1","State":"California","PrimSource":"hydroelectric","Total_MW":88.4,"Utility_Na":"Southern California Edison Co","City":"Big Creek"}},{"type":"Feature","geometry":{"type":"Point","coordinates":[-119.3069,37.2]},"properties":{"Plant_Name":"Big Creek 2","State":"California","PrimSource":"hydroelectric","Total_MW":66.6,"Utility_Na":"Southern California Edison Co","City":"Auberry"}},{"type":"Feature","geometry":{"type":"Point","coordinates":[-119.3866,37.1485]},"properties":{"Plant_Name":"Big Creek 3","State":"California","PrimSource":"hydroelectric","Total_MW":173.5,"Utility_Na":"Southern California Edison Co","City":"Auberry"}},{"type":"Feature","geometry":{"type":"Point","coordinates":[-119.4898,37.139]},"properties":{"Plant_Name":"Big Creek 4","State":"California","PrimSource":"hydroelectric","Total_MW":100,"Utility_Na":"Southern California Edison Co","City":"North Fork"}},{"type":"Feature","geometry":{"type":"Point","coordinates":[-119.3289,37.2096]},"properties":{"Plant_Name":"Big Creek 8","State":"California","PrimSource":"hydroelectric","Total_MW":70.8,"Utility_Na":"Southern California Edison Co","City":"Auberry"}},{"type":"Feature","geometry":{"type":"Point","coordinates":[-119.3068,37.2001]},"properties":{"Plant_Name":"Big Creek 2A","State":"California","PrimSource":"hydroelectric","Total_MW":100,"Utility_Na":"Southern California Edison Co","City":"Auberry"}},{"type":"Feature","geometry":{"type":"Point","coordinates":[-118.5733,37.2736]},"properties":{"Plant_Name":"Bishop Creek 2","State":"California","PrimSource":"hydroelectric","Total_MW":7.3,"Utility_Na":"Southern California Edison Co","City":"Bishop"}},{"type":"Feature","geometry":{"type":"Point","coordinates":[-118.532,37.302]},"properties":{"Plant_Name":"Bishop Creek 3","State":"California","PrimSource":"hydroelectric","Total_MW":8.4,"Utility_Na":"Southern California Edison Co","City":"Bishop"}},{"type":"Feature","geometry":{"type":"Point","coordinates":[-118.5017,37.323]},"properties":{"Plant_Name":"Bishop Creek 4","State":"California","PrimSource":"hydroelectric","Total_MW":8.2,"Utility_Na":"Southern California Edison Co","City":"Bishop"}},{"type":"Feature","geometry":{"type":"Point","coordinates":[-118.4797,37.3344]},"properties":{"Plant_Name":"Bishop Creek 5","State":"California","PrimSource":"hydroelectric","Total_MW":3.8,"Utility_Na":"Southern California Edison Co","City":"Bishop"}},{"type":"Feature","geometry":{"type":"Point","coordinates":[-118.4628,37.3499]},"properties":{"Plant_Name":"Bishop Creek 6","State":"California","PrimSource":"hydroelectric","Total_MW":1.6,"Utility_Na":"Southern California Edison Co","City":"Bishop"}},{"type":"Feature","geometry":{"type":"Point","coordinates":[-117.3971,34.1552]},"properties":{"Plant_Name":"Fontana","State":"California","PrimSource":"hydroelectric","Total_MW":3,"Utility_Na":"Southern California Edison Co","City":"Rialto"}},{"type":"Feature","geometry":{"type":"Point","coordinates":[-117.9792,33.6439]},"properties":{"Plant_Name":"AES Huntington Beach LLC","State":"California","PrimSource":"natural gas","Total_MW":225.8,"Utility_Na":"AES Huntington Beach LLC","City":"Huntington Beach"}},{"type":"Feature","geometry":{"type":"Point","coordinates":[-118.8799,36.4613]},"properties":{"Plant_Name":"Kaweah 2","State":"California","PrimSource":"hydroelectric","Total_MW":1.8,"Utility_Na":"Southern California Edison Co","City":"Three Rivers"}},{"type":"Feature","geometry":{"type":"Point","coordinates":[-118.862,36.4651]},"properties":{"Plant_Name":"Kaweah 1","State":"California","PrimSource":"hydroelectric","Total_MW":2.3,"Utility_Na":"Southern California Edison Co","City":"Three Rivers"}},{"type":"Feature","geometry":{"type":"Point","coordinates":[-118.8356,36.4861]},"properties":{"Plant_Name":"Kaweah 3","State":"California","PrimSource":"hydroelectric","Total_MW":4.5,"Utility_Na":"Southern California Edison Co","City":"Three Rivers"}},{"type":"Feature","geometry":{"type":"Point","coordinates":[-118.4362,35.7762]},"properties":{"Plant_Name":"Kern River 3","State":"California","PrimSource":"hydroelectric","Total_MW":40.2,"Utility_Na":"Southern California Edison Co","City":"Kernville"}},{"type":"Feature","geometry":{"type":"Point","coordinates":[-118.7796,35.4603]},"properties":{"Plant_Name":"Kern River 1","State":"California","PrimSource":"hydroelectric","Total_MW":26.4,"Utility_Na":"Southern California Edison Co","City":"Bakersfield"}},{"type":"Feature","geometry":{"type":"Point","coordinates":[-118.2248,33.7641]},"properties":{"Plant_Name":"Long Beach Generation LLC","State":"California","PrimSource":"natural gas","Total_MW":260,"Utility_Na":"Long Beach Generation LLC","City":"Long Beach"}},{"type":"Feature","geometry":{"type":"Point","coordinates":[-119.172,38.0427]},"properties":{"Plant_Name":"Lundy","State":"California","PrimSource":"hydroelectric","Total_MW":3,"Utility_Na":"Southern California Edison Co","City":"Lee Vining"}},{"type":"Feature","geometry":{"type":"Point","coordinates":[-119.338,37.2203]},"properties":{"Plant_Name":"Mammoth Pool","State":"California","PrimSource":"hydroelectric","Total_MW":190,"Utility_Na":"Southern California Edison Co","City":"North Fork"}},{"type":"Feature","geometry":{"type":"Point","coordinates":[-119.1689,34.1292]},"properties":{"Plant_Name":"Ormond Beach","State":"California","PrimSource":"natural gas","Total_MW":1491,"Utility_Na":"Ormond Beach Power, LLC","City":"Oxnard"}},{"type":"Feature","geometry":{"type":"Point","coordinates":[-119.2161,37.9442]},"properties":{"Plant_Name":"Poole","State":"California","PrimSource":"hydroelectric","Total_MW":11.3,"Utility_Na":"Southern California Edison Co","City":"Lee Vining"}},{"type":"Feature","geometry":{"type":"Point","coordinates":[-119.1589,37.257]},"properties":{"Plant_Name":"Portal","State":"California","PrimSource":"hydroelectric","Total_MW":10.8,"Utility_Na":"Southern California Edison Co","City":"Lakeshore"}},{"type":"Feature","geometry":{"type":"Point","coordinates":[-119.1233,37.767]},"properties":{"Plant_Name":"Rush Creek","State":"California","PrimSource":"hydroelectric","Total_MW":11.4,"Utility_Na":"Southern California Edison Co","City":"June lake"}},{"type":"Feature","geometry":{"type":"Point","coordinates":[-117.2418,34.0818]},"properties":{"Plant_Name":"Mountainview Generating Station","State":"California","PrimSource":"natural gas","Total_MW":1018,"Utility_Na":"Southern California Edison Co","City":"Redlands"}},{"type":"Feature","geometry":{"type":"Point","coordinates":[-117.0585,34.1452]},"properties":{"Plant_Name":"Santa Ana 1","State":"California","PrimSource":"hydroelectric","Total_MW":3.2,"Utility_Na":"Southern California Edison Co","City":"Highlands"}},{"type":"Feature","geometry":{"type":"Point","coordinates":[-117.0991,34.1072]},"properties":{"Plant_Name":"Santa Ana 3","State":"California","PrimSource":"hydroelectric","Total_MW":3.1,"Utility_Na":"Southern California Edison Co","City":"Highlands"}},{"type":"Feature","geometry":{"type":"Point","coordinates":[-118.7889,36.1357]},"properties":{"Plant_Name":"Lower Tule River","State":"California","PrimSource":"hydroelectric","Total_MW":2.6,"Utility_Na":"Southern California Edison Co","City":"Springdale"}},{"type":"Feature","geometry":{"type":"Point","coordinates":[-119.3339,46.4711]},"properties":{"Plant_Name":"Columbia Generating Station","State":"Washington","PrimSource":"nuclear","Total_MW":1151,"Utility_Na":"Energy Northwest","City":"Richland"}},{"type":"Feature","geometry":{"type":"Point","coordinates":[-120.8507,38.2569]},"properties":{"Plant_Name":"Pardee","State":"California","PrimSource":"hydroelectric","Total_MW":27.7,"Utility_Na":"East Bay Municipal Util Dist","City":"Valley Springs"}},{"type":"Feature","geometry":{"type":"Point","coordinates":[-118.2782,34.1556]},"properties":{"Plant_Name":"Grayson","State":"California","PrimSource":"natural gas","Total_MW":48,"Utility_Na":"City of Glendale - (CA)","City":"Glendale"}},{"type":"Feature","geometry":{"type":"Point","coordinates":[-119.9675,37.8966]},"properties":{"Plant_Name":"Dion R Holm","State":"California","PrimSource":"hydroelectric","Total_MW":186.9,"Utility_Na":"City & County of San Francisco","City":"Groveland"}},{"type":"Feature","geometry":{"type":"Point","coordinates":[-120.2993,37.8094]},"properties":{"Plant_Name":"Moccasin","State":"California","PrimSource":"hydroelectric","Total_MW":111.2,"Utility_Na":"City & County of San Francisco","City":"Moccasin"}},{"type":"Feature","geometry":{"type":"Point","coordinates":[-119.9532,37.8777]},"properties":{"Plant_Name":"R C Kirkwood","State":"California","PrimSource":"hydroelectric","Total_MW":121.4,"Utility_Na":"City & County of San Francisco","City":"Groveland"}},{"type":"Feature","geometry":{"type":"Point","coordinates":[-115.031,32.7054]},"properties":{"Plant_Name":"Drop 2 (CA)","State":"California","PrimSource":"hydroelectric","Total_MW":9.8,"Utility_Na":"Imperial Irrigation District","City":"Holtville"}},{"type":"Feature","geometry":{"type":"Point","coordinates":[-115.1261,32.7054]},"properties":{"Plant_Name":"Drop 3 (CA)","State":"California","PrimSource":"hydroelectric","Total_MW":8.9,"Utility_Na":"Imperial Irrigation District","City":"Holtville"}},{"type":"Feature","geometry":{"type":"Point","coordinates":[-115.2191,32.7053]},"properties":{"Plant_Name":"Drop 4","State":"California","PrimSource":"hydroelectric","Total_MW":20,"Utility_Na":"Imperial Irrigation District","City":"Holtville"}},{"type":"Feature","geometry":{"type":"Point","coordinates":[-114.7139,32.7366]},"properties":{"Plant_Name":"Pilot Knob","State":"California","PrimSource":"hydroelectric","Total_MW":0,"Utility_Na":"Imperial Irrigation District","City":"Winterhaven"}},{"type":"Feature","geometry":{"type":"Point","coordinates":[-115.54,32.8022]},"properties":{"Plant_Name":"El Centro Hybrid","State":"California","PrimSource":"natural gas","Total_MW":323.1,"Utility_Na":"Imperial Irrigation District","City":"El Centro"}},{"type":"Feature","geometry":{"type":"Point","coordinates":[-118.3241,37.1428]},"properties":{"Plant_Name":"Big Pine Creek","State":"California","PrimSource":"hydroelectric","Total_MW":3,"Utility_Na":"Los Angeles Department of Water & Power","City":"Big Pine"}},{"type":"Feature","geometry":{"type":"Point","coordinates":[-118.6566,34.5872]},"properties":{"Plant_Name":"Castaic","State":"California","PrimSource":"pumped storage","Total_MW":1674.5,"Utility_Na":"Los Angeles Department of Water & Power","City":"Castaic"}},{"type":"Feature","geometry":{"type":"Point","coordinates":[-118.557,37.4379]},"properties":{"Plant_Name":"Control Gorge","State":"California","PrimSource":"hydroelectric","Total_MW":37.5,"Utility_Na":"Los Angeles Department of Water & Power","City":"Bishop"}},{"type":"Feature","geometry":{"type":"Point","coordinates":[-118.0439,36.4434]},"properties":{"Plant_Name":"Cottonwood","State":"California","PrimSource":"hydroelectric","Total_MW":2.4,"Utility_Na":"Los Angeles Department of Water & Power","City":"Lone Pine"}},{"type":"Feature","geometry":{"type":"Point","coordinates":[-118.4944,34.3182]},"properties":{"Plant_Name":"Foothill","State":"California","PrimSource":"hydroelectric","Total_MW":8.6,"Utility_Na":"Los Angeles Department of Water & Power","City":"Sylmar"}},{"type":"Feature","geometry":{"type":"Point","coordinates":[-118.4134,34.1039]},"properties":{"Plant_Name":"Franklin (CA)","State":"California","PrimSource":"hydroelectric","Total_MW":2,"Utility_Na":"Los Angeles Department of Water & Power","City":"Beverley Hills"}},{"type":"Feature","geometry":{"type":"Point","coordinates":[-117.9567,36.1097]},"properties":{"Plant_Name":"Haiwee","State":"California","PrimSource":"hydroelectric","Total_MW":5,"Utility_Na":"Los Angeles Department of Water & Power","City":"Olancha"}},{"type":"Feature","geometry":{"type":"Point","coordinates":[-118.2656,33.7706]},"properties":{"Plant_Name":"Harbor","State":"California","PrimSource":"natural gas","Total_MW":428,"Utility_Na":"Los Angeles Department of Water & Power","City":"Wilmington"}},{"type":"Feature","geometry":{"type":"Point","coordinates":[-118.0991,33.7647]},"properties":{"Plant_Name":"Haynes","State":"California","PrimSource":"natural gas","Total_MW":1599.2,"Utility_Na":"Los Angeles Department of Water & Power","City":"Long Beach"}},{"type":"Feature","geometry":{"type":"Point","coordinates":[-118.5692,37.51]},"properties":{"Plant_Name":"Middle Gorge","State":"California","PrimSource":"hydroelectric","Total_MW":37.5,"Utility_Na":"Los Angeles Department of Water & Power","City":"Bishop"}},{"type":"Feature","geometry":{"type":"Point","coordinates":[-118.5239,37.4142]},"properties":{"Plant_Name":"Pleasant Valley Hydro","State":"California","PrimSource":"hydroelectric","Total_MW":2.7,"Utility_Na":"Los Angeles Department of Water & Power","City":"Bishop"}},{"type":"Feature","geometry":{"type":"Point","coordinates":[-118.4928,34.3128]},"properties":{"Plant_Name":"San Fernando","State":"California","PrimSource":"hydroelectric","Total_MW":6.1,"Utility_Na":"Los Angeles Department of Water & Power","City":"Sylmar"}},{"type":"Feature","geometry":{"type":"Point","coordinates":[-118.4276,33.9182]},"properties":{"Plant_Name":"Scattergood","State":"California","PrimSource":"natural gas","Total_MW":778.3,"Utility_Na":"Los Angeles Department of Water & Power","City":"Playa del Rey"}},{"type":"Feature","geometry":{"type":"Point","coordinates":[-118.59,37.546]},"properties":{"Plant_Name":"Upper Gorge","State":"California","PrimSource":"hydroelectric","Total_MW":36.5,"Utility_Na":"Los Angeles Department of Water & Power","City":"Bishop"}},{"type":"Feature","geometry":{"type":"Point","coordinates":[-118.3913,34.245]},"properties":{"Plant_Name":"Valley (CA)","State":"California","PrimSource":"natural gas","Total_MW":563,"Utility_Na":"Los Angeles Department of Water & Power","City":"Sun Valley"}},{"type":"Feature","geometry":{"type":"Point","coordinates":[-120.2686,37.5843]},"properties":{"Plant_Name":"Exchequer","State":"California","PrimSource":"hydroelectric","Total_MW":94.5,"Utility_Na":"Merced Irrigation District","City":"Snelling"}},{"type":"Feature","geometry":{"type":"Point","coordinates":[-120.3101,37.5221]},"properties":{"Plant_Name":"McSwain","State":"California","PrimSource":"hydroelectric","Total_MW":9,"Utility_Na":"Merced Irrigation District","City":"Snelling"}},{"type":"Feature","geometry":{"type":"Point","coordinates":[-120.8909,39.1779]},"properties":{"Plant_Name":"Chicago Park","State":"California","PrimSource":"hydroelectric","Total_MW":44,"Utility_Na":"Nevada Irrigation District","City":"Colfax"}},{"type":"Feature","geometry":{"type":"Point","coordinates":[-120.8352,39.2184]},"properties":{"Plant_Name":"Dutch Flat 2","State":"California","PrimSource":"hydroelectric","Total_MW":27.3,"Utility_Na":"Nevada Irrigation District","City":"Dutch Flat"}},{"type":"Feature","geometry":{"type":"Point","coordinates":[-120.077,38.2026]},"properties":{"Plant_Name":"Beardsley","State":"California","PrimSource":"hydroelectric","Total_MW":11,"Utility_Na":"Oakdale&South San Joaquin Irrigation D.","City":"None"}},{"type":"Feature","geometry":{"type":"Point","coordinates":[-120.0341,38.2467]},"properties":{"Plant_Name":"Donnells","State":"California","PrimSource":"hydroelectric","Total_MW":72,"Utility_Na":"Oakdale&South San Joaquin Irrigation D.","City":"None"}},{"type":"Feature","geometry":{"type":"Point","coordinates":[-120.605,37.8761]},"properties":{"Plant_Name":"Tulloch","State":"California","PrimSource":"hydroelectric","Total_MW":25.5,"Utility_Na":"Oakdale&South San Joaquin Irrigation D.","City":"Jamestown"}},{"type":"Feature","geometry":{"type":"Point","coordinates":[-121.2788,39.551]},"properties":{"Plant_Name":"Forbestown","State":"California","PrimSource":"hydroelectric","Total_MW":37.5,"Utility_Na":"South Feather Water and Power Agency","City":"Forbestown"}},{"type":"Feature","geometry":{"type":"Point","coordinates":[-121.4912,39.5318]},"properties":{"Plant_Name":"Kelly Ridge","State":"California","PrimSource":"hydroelectric","Total_MW":10,"Utility_Na":"South Feather Water and Power Agency","City":"Oroville"}},{"type":"Feature","geometry":{"type":"Point","coordinates":[-121.2041,39.5538]},"properties":{"Plant_Name":"Woodleaf","State":"California","PrimSource":"hydroelectric","Total_MW":60,"Utility_Na":"South Feather Water and Power Agency","City":"Forbestown"}},{"type":"Feature","geometry":{"type":"Point","coordinates":[-118.1494,34.126]},"properties":{"Plant_Name":"Glenarm","State":"California","PrimSource":"natural gas","Total_MW":222.4,"Utility_Na":"City of Pasadena - (CA)","City":"Pasadena"}},{"type":"Feature","geometry":{"type":"Point","coordinates":[-120.4061,39.078]},"properties":{"Plant_Name":"French Meadows","State":"California","PrimSource":"hydroelectric","Total_MW":16,"Utility_Na":"Placer County Water Agency","City":"Foresthill"}},{"type":"Feature","geometry":{"type":"Point","coordinates":[-120.5964,39.0248]},"properties":{"Plant_Name":"Middle Fork","State":"California","PrimSource":"hydroelectric","Total_MW":132,"Utility_Na":"Placer County Water Agency","City":"Foresthill"}},{"type":"Feature","geometry":{"type":"Point","coordinates":[-120.7467,39.0034]},"properties":{"Plant_Name":"Oxbow (CA)","State":"California","PrimSource":"hydroelectric","Total_MW":6,"Utility_Na":"Placer County Water Agency","City":"Foresthill"}},{"type":"Feature","geometry":{"type":"Point","coordinates":[-120.7251,39.001]},"properties":{"Plant_Name":"Ralston","State":"California","PrimSource":"hydroelectric","Total_MW":86,"Utility_Na":"Placer County Water Agency","City":"Foresthill"}},{"type":"Feature","geometry":{"type":"Point","coordinates":[-120.4445,37.4778]},"properties":{"Plant_Name":"Parker","State":"California","PrimSource":"hydroelectric","Total_MW":2.7,"Utility_Na":"Merced Irrigation District","City":"Snelling"}},{"type":"Feature","geometry":{"type":"Point","coordinates":[-120.5371,38.8288]},"properties":{"Plant_Name":"Camino","State":"California","PrimSource":"hydroelectric","Total_MW":155.9,"Utility_Na":"Sacramento Municipal Util Dist","City":"Camino"}},{"type":"Feature","geometry":{"type":"Point","coordinates":[-120.5318,38.834]},"properties":{"Plant_Name":"Jaybird","State":"California","PrimSource":"hydroelectric","Total_MW":156.2,"Utility_Na":"Sacramento Municipal Util Dist","City":"Camino"}},{"type":"Feature","geometry":{"type":"Point","coordinates":[-120.3245,38.9827]},"properties":{"Plant_Name":"Loon Lake","State":"California","PrimSource":"hydroelectric","Total_MW":74.1,"Utility_Na":"Sacramento Municipal Util Dist","City":"Fresh Pond"}},{"type":"Feature","geometry":{"type":"Point","coordinates":[-120.3783,38.8965]},"properties":{"Plant_Name":"Robbs Peak","State":"California","PrimSource":"hydroelectric","Total_MW":25.5,"Utility_Na":"Sacramento Municipal Util Dist","City":"Fresh Pond"}},{"type":"Feature","geometry":{"type":"Point","coordinates":[-120.7874,38.7653]},"properties":{"Plant_Name":"White Rock/Slab Creek","State":"California","PrimSource":"hydroelectric","Total_MW":244.2,"Utility_Na":"Sacramento Municipal Util Dist","City":"Placerville"}},{"type":"Feature","geometry":{"type":"Point","coordinates":[-117.3344,34.2056]},"properties":{"Plant_Name":"Devil Canyon","State":"California","PrimSource":"hydroelectric","Total_MW":262,"Utility_Na":"California Dept. of Water Resources","City":"San Bernardino"}},{"type":"Feature","geometry":{"type":"Point","coordinates":[-121.4922,39.543]},"properties":{"Plant_Name":"Edward C Hyatt","State":"California","PrimSource":"hydroelectric","Total_MW":743.1,"Utility_Na":"California Dept. of Water Resources","City":"Oroville"}},{"type":"Feature","geometry":{"type":"Point","coordinates":[-121.6301,39.5149]},"properties":{"Plant_Name":"Thermalito","State":"California","PrimSource":"pumped storage","Total_MW":115.1,"Utility_Na":"California Dept. of Water Resources","City":"Oroville"}},{"type":"Feature","geometry":{"type":"Point","coordinates":[-120.4202,37.696]},"properties":{"Plant_Name":"Don Pedro","State":"California","PrimSource":"hydroelectric","Total_MW":203.2,"Utility_Na":"Turlock Irrigation District","City":"La Grange"}},{"type":"Feature","geometry":{"type":"Point","coordinates":[-120.4436,37.6697]},"properties":{"Plant_Name":"La Grange","State":"California","PrimSource":"hydroelectric","Total_MW":4.3,"Utility_Na":"Turlock Irrigation District","City":"La Grange"}},{"type":"Feature","geometry":{"type":"Point","coordinates":[-121.1584,38.7067]},"properties":{"Plant_Name":"Folsom","State":"California","PrimSource":"hydroelectric","Total_MW":215.1,"Utility_Na":"U S Bureau of Reclamation","City":"Folsom"}},{"type":"Feature","geometry":{"type":"Point","coordinates":[-122.627,40.6469]},"properties":{"Plant_Name":"Judge F Carr","State":"California","PrimSource":"hydroelectric","Total_MW":177.4,"Utility_Na":"U S Bureau of Reclamation","City":"French Gulch"}},{"type":"Feature","geometry":{"type":"Point","coordinates":[-122.4464,40.6119]},"properties":{"Plant_Name":"Keswick","State":"California","PrimSource":"hydroelectric","Total_MW":117,"Utility_Na":"U S Bureau of Reclamation","City":"Redding"}},{"type":"Feature","geometry":{"type":"Point","coordinates":[-121.2202,38.6373]},"properties":{"Plant_Name":"Nimbus","State":"California","PrimSource":"hydroelectric","Total_MW":16.6,"Utility_Na":"U S Bureau of Reclamation","City":"Folsom"}},{"type":"Feature","geometry":{"type":"Point","coordinates":[-122.4223,40.7175]},"properties":{"Plant_Name":"Shasta","State":"California","PrimSource":"hydroelectric","Total_MW":714,"Utility_Na":"U S Bureau of Reclamation","City":"Redding"}},{"type":"Feature","geometry":{"type":"Point","coordinates":[-121.0477,37.0987]},"properties":{"Plant_Name":"ONeill","State":"California","PrimSource":"pumped storage","Total_MW":14.4,"Utility_Na":"U S Bureau of Reclamation","City":"Los Banos"}},{"type":"Feature","geometry":{"type":"Point","coordinates":[-114.1402,34.2953]},"properties":{"Plant_Name":"Parker Dam","State":"California","PrimSource":"hydroelectric","Total_MW":120,"Utility_Na":"U S Bureau of Reclamation","City":"Parker"}},{"type":"Feature","geometry":{"type":"Point","coordinates":[-121.0772,37.0692]},"properties":{"Plant_Name":"W R Gianelli","State":"California","PrimSource":"pumped storage","Total_MW":401,"Utility_Na":"California Dept. of Water Resources","City":"Gustine"}},{"type":"Feature","geometry":{"type":"Point","coordinates":[-122.4675,40.6281]},"properties":{"Plant_Name":"Spring Creek","State":"California","PrimSource":"hydroelectric","Total_MW":180,"Utility_Na":"U S Bureau of Reclamation","City":"Redding"}},{"type":"Feature","geometry":{"type":"Point","coordinates":[-122.7626,40.7973]},"properties":{"Plant_Name":"Trinity","State":"California","PrimSource":"hydroelectric","Total_MW":140,"Utility_Na":"U S Bureau of Reclamation","City":"Weaverville"}},{"type":"Feature","geometry":{"type":"Point","coordinates":[-121.1917,39.3308]},"properties":{"Plant_Name":"Colgate","State":"California","PrimSource":"hydroelectric","Total_MW":352.4,"Utility_Na":"Yuba County Water Agency","City":"Dobbins"}},{"type":"Feature","geometry":{"type":"Point","coordinates":[-121.2704,39.239]},"properties":{"Plant_Name":"Narrows 2","State":"California","PrimSource":"hydroelectric","Total_MW":55,"Utility_Na":"Yuba County Water Agency","City":"Browns Valley"}},{"type":"Feature","geometry":{"type":"Point","coordinates":[-117.0166,33.1662]},"properties":{"Plant_Name":"Bear Valley","State":"California","PrimSource":"hydroelectric","Total_MW":1.4,"Utility_Na":"City of Escondido - (CA)","City":"Escondido"}},{"type":"Feature","geometry":{"type":"Point","coordinates":[-104.6144,38.2667]},"properties":{"Plant_Name":"Pueblo","State":"Colorado","PrimSource":"petroleum","Total_MW":8,"Utility_Na":"Black Hills Colorado Electric, LLC","City":"Pueblo"}},{"type":"Feature","geometry":{"type":"Point","coordinates":[-105.8947,37.4594]},"properties":{"Plant_Name":"Alamosa","State":"Colorado","PrimSource":"petroleum","Total_MW":27,"Utility_Na":"Public Service Co of Colorado","City":"Alamosa"}},{"type":"Feature","geometry":{"type":"Point","coordinates":[-105.3325,40.0047]},"properties":{"Plant_Name":"Boulder Canyon Hydro","State":"Colorado","PrimSource":"hydroelectric","Total_MW":5,"Utility_Na":"Boulder City of","City":"Boulder"}},{"type":"Feature","geometry":{"type":"Point","coordinates":[-105.7088,39.6551]},"properties":{"Plant_Name":"Cabin Creek","State":"Colorado","PrimSource":"pumped storage","Total_MW":340,"Utility_Na":"Public Service Co of Colorado","City":"Georgetown"}},{"type":"Feature","geometry":{"type":"Point","coordinates":[-104.9645,39.8073]},"properties":{"Plant_Name":"Cherokee","State":"Colorado","PrimSource":"natural gas","Total_MW":886,"Utility_Na":"Public Service Co of Colorado","City":"Denver"}},{"type":"Feature","geometry":{"type":"Point","coordinates":[-104.5747,38.2081]},"properties":{"Plant_Name":"Comanche (CO)","State":"Colorado","PrimSource":"coal","Total_MW":1085,"Utility_Na":"Public Service Co of Colorado","City":"Pueblo"}},{"type":"Feature","geometry":{"type":"Point","coordinates":[-108.7347,39.1364]},"properties":{"Plant_Name":"Fruita","State":"Colorado","PrimSource":"natural gas","Total_MW":14,"Utility_Na":"Public Service Co of Colorado","City":"Grand Junction"}},{"type":"Feature","geometry":{"type":"Point","coordinates":[-105.6978,39.6919]},"properties":{"Plant_Name":"Georgetown Hydro","State":"Colorado","PrimSource":"hydroelectric","Total_MW":1.6,"Utility_Na":"Public Service Co of Colorado","City":"Georgetown"}},{"type":"Feature","geometry":{"type":"Point","coordinates":[-106.182,38.5342]},"properties":{"Plant_Name":"Salida","State":"Colorado","PrimSource":"hydroelectric","Total_MW":0.6,"Utility_Na":"Public Service Co of Colorado","City":"Salida"}},{"type":"Feature","geometry":{"type":"Point","coordinates":[-107.2269,39.5701]},"properties":{"Plant_Name":"Shoshone (CO)","State":"Colorado","PrimSource":"hydroelectric","Total_MW":15,"Utility_Na":"Public Service Co of Colorado","City":"Glenwood Springs"}},{"type":"Feature","geometry":{"type":"Point","coordinates":[-105.202,40.0195]},"properties":{"Plant_Name":"Valmont","State":"Colorado","PrimSource":"natural gas","Total_MW":43,"Utility_Na":"Public Service Co of Colorado","City":"Boulder"}},{"type":"Feature","geometry":{"type":"Point","coordinates":[-117.4971,33.8343]},"properties":{"Plant_Name":"Temescal","State":"California","PrimSource":"hydroelectric","Total_MW":2.8,"Utility_Na":"Metropolitan Water District of S CA","City":"Corona"}},{"type":"Feature","geometry":{"type":"Point","coordinates":[-117.6106,33.859]},"properties":{"Plant_Name":"Corona","State":"California","PrimSource":"hydroelectric","Total_MW":2.8,"Utility_Na":"Metropolitan Water District of S CA","City":"Corona"}},{"type":"Feature","geometry":{"type":"Point","coordinates":[-117.1831,33.8361]},"properties":{"Plant_Name":"Perris","State":"California","PrimSource":"hydroelectric","Total_MW":7.9,"Utility_Na":"Metropolitan Water District of S CA","City":"Perris"}},{"type":"Feature","geometry":{"type":"Point","coordinates":[-118.0992,34.0047]},"properties":{"Plant_Name":"Rio Hondo","State":"California","PrimSource":"hydroelectric","Total_MW":1.9,"Utility_Na":"Metropolitan Water District of S CA","City":"South Gate"}},{"type":"Feature","geometry":{"type":"Point","coordinates":[-117.9552,33.9249]},"properties":{"Plant_Name":"Coyote Creek","State":"California","PrimSource":"hydroelectric","Total_MW":3.1,"Utility_Na":"Metropolitan Water District of S CA","City":"La Habra"}},{"type":"Feature","geometry":{"type":"Point","coordinates":[-117.1889,33.3944]},"properties":{"Plant_Name":"Red Mountain","State":"California","PrimSource":"hydroelectric","Total_MW":5.9,"Utility_Na":"Metropolitan Water District of S CA","City":"Fallbrook"}},{"type":"Feature","geometry":{"type":"Point","coordinates":[-117.8291,33.9001]},"properties":{"Plant_Name":"Valley View","State":"California","PrimSource":"hydroelectric","Total_MW":4.1,"Utility_Na":"Metropolitan Water District of S CA","City":"Yorba Linda"}},{"type":"Feature","geometry":{"type":"Point","coordinates":[-120.4706,37.6508]},"properties":{"Plant_Name":"Upper Dawson","State":"California","PrimSource":"hydroelectric","Total_MW":5.5,"Utility_Na":"Turlock Irrigation District","City":"La Grange"}},{"type":"Feature","geometry":{"type":"Point","coordinates":[-104.8333,38.8244]},"properties":{"Plant_Name":"South Plant","State":"Colorado","PrimSource":"natural gas","Total_MW":150,"Utility_Na":"City of Colorado Springs - (CO)","City":"Colorado Springs"}},{"type":"Feature","geometry":{"type":"Point","coordinates":[-104.8169,38.8814]},"properties":{"Plant_Name":"George Birdsall","State":"Colorado","PrimSource":"natural gas","Total_MW":54,"Utility_Na":"City of Colorado Springs - (CO)","City":"Colorado Springs"}},{"type":"Feature","geometry":{"type":"Point","coordinates":[-104.9331,38.8556]},"properties":{"Plant_Name":"Manitou Springs","State":"Colorado","PrimSource":"hydroelectric","Total_MW":5.5,"Utility_Na":"City of Colorado Springs - (CO)","City":"Manitou Spring"}},{"type":"Feature","geometry":{"type":"Point","coordinates":[-104.9738,38.8414]},"properties":{"Plant_Name":"Ruxton Park","State":"Colorado","PrimSource":"hydroelectric","Total_MW":1,"Utility_Na":"City of Colorado Springs - (CO)","City":"Manitou Spring"}},{"type":"Feature","geometry":{"type":"Point","coordinates":[-102.0737,38.0327]},"properties":{"Plant_Name":"Holly","State":"Colorado","PrimSource":"petroleum","Total_MW":2.7,"Utility_Na":"Town of Holly - (CO)","City":"Holly"}},{"type":"Feature","geometry":{"type":"Point","coordinates":[-102.2795,40.9505]},"properties":{"Plant_Name":"Julesburg","State":"Colorado","PrimSource":"petroleum","Total_MW":2.2,"Utility_Na":"City of Julesburg - (CO)","City":"Julesburg"}},{"type":"Feature","geometry":{"type":"Point","coordinates":[-108.1775,43.4179]},"properties":{"Plant_Name":"Boysen","State":"Wyoming","PrimSource":"hydroelectric","Total_MW":17.2,"Utility_Na":"U S Bureau of Reclamation","City":"Thermopolis"}},{"type":"Feature","geometry":{"type":"Point","coordinates":[-103.2159,38.0647]},"properties":{"Plant_Name":"Las Animas","State":"Colorado","PrimSource":"petroleum","Total_MW":5.1,"Utility_Na":"City of Las Animas - (CO)","City":"Las Animas"}},{"type":"Feature","geometry":{"type":"Point","coordinates":[-102.5379,38.0333]},"properties":{"Plant_Name":"Lamar Plant","State":"Colorado","PrimSource":"wind","Total_MW":7.5,"Utility_Na":"City of Lamar - (CO)","City":"Lamar"}},{"type":"Feature","geometry":{"type":"Point","coordinates":[-122.7559,38.7903]},"properties":{"Plant_Name":"Sonoma California Geothermal","State":"California","PrimSource":"geothermal","Total_MW":50,"Utility_Na":"Geysers Power Co LLC","City":"Middletown"}},{"type":"Feature","geometry":{"type":"Point","coordinates":[-104.4875,37.179]},"properties":{"Plant_Name":"Trinidad (CO)","State":"Colorado","PrimSource":"petroleum","Total_MW":9.2,"Utility_Na":"City of Trinidad - (CO)","City":"Trinidad"}},{"type":"Feature","geometry":{"type":"Point","coordinates":[-107.3375,38.4532]},"properties":{"Plant_Name":"Blue Mesa","State":"Colorado","PrimSource":"hydroelectric","Total_MW":86.4,"Utility_Na":"U S Bureau of Reclamation","City":"Gunnison"}},{"type":"Feature","geometry":{"type":"Point","coordinates":[-105.5097,40.3768]},"properties":{"Plant_Name":"Estes","State":"Colorado","PrimSource":"hydroelectric","Total_MW":51.6,"Utility_Na":"U S Bureau of Reclamation","City":"Estes Park"}},{"type":"Feature","geometry":{"type":"Point","coordinates":[-107.5393,38.4518]},"properties":{"Plant_Name":"Morrow Point","State":"Colorado","PrimSource":"hydroelectric","Total_MW":173.2,"Utility_Na":"U S Bureau of Reclamation","City":"Montrose"}},{"type":"Feature","geometry":{"type":"Point","coordinates":[-105.2238,40.421]},"properties":{"Plant_Name":"Big Thompson","State":"Colorado","PrimSource":"hydroelectric","Total_MW":5.2,"Utility_Na":"U S Bureau of Reclamation","City":"Loveland"}},{"type":"Feature","geometry":{"type":"Point","coordinates":[-106.3327,39.8788]},"properties":{"Plant_Name":"Green Mountain","State":"Colorado","PrimSource":"hydroelectric","Total_MW":26,"Utility_Na":"U S Bureau of Reclamation","City":"Kremmling"}},{"type":"Feature","geometry":{"type":"Point","coordinates":[-105.5343,40.3441]},"properties":{"Plant_Name":"Marys Lake","State":"Colorado","PrimSource":"hydroelectric","Total_MW":9.3,"Utility_Na":"U S Bureau of Reclamation","City":"Estes Park"}},{"type":"Feature","geometry":{"type":"Point","coordinates":[-105.236,40.365]},"properties":{"Plant_Name":"Flatiron","State":"Colorado","PrimSource":"hydroelectric","Total_MW":94.5,"Utility_Na":"U S Bureau of Reclamation","City":"Loveland"}},{"type":"Feature","geometry":{"type":"Point","coordinates":[-105.3251,40.3651]},"properties":{"Plant_Name":"Pole Hill","State":"Colorado","PrimSource":"hydroelectric","Total_MW":38.2,"Utility_Na":"U S Bureau of Reclamation","City":"Loveland"}},{"type":"Feature","geometry":{"type":"Point","coordinates":[-108.0441,39.1937]},"properties":{"Plant_Name":"Lower Molina","State":"Colorado","PrimSource":"hydroelectric","Total_MW":5.6,"Utility_Na":"U S Bureau of Reclamation","City":"Molina"}},{"type":"Feature","geometry":{"type":"Point","coordinates":[-108.0048,39.1438]},"properties":{"Plant_Name":"Upper Molina","State":"Colorado","PrimSource":"hydroelectric","Total_MW":9.9,"Utility_Na":"U S Bureau of Reclamation","City":"Molina"}},{"type":"Feature","geometry":{"type":"Point","coordinates":[-107.185,40.4856]},"properties":{"Plant_Name":"Hayden","State":"Colorado","PrimSource":"coal","Total_MW":441,"Utility_Na":"Public Service Co of Colorado","City":"Hayden"}},{"type":"Feature","geometry":{"type":"Point","coordinates":[-121.317,39.0488]},"properties":{"Plant_Name":"Sacramento Municipal Util Dist","State":"California","PrimSource":"hydroelectric","Total_MW":7.2,"Utility_Na":"South Sutter Water District","City":"Sacramento"}},{"type":"Feature","geometry":{"type":"Point","coordinates":[-120.3819,38.8503]},"properties":{"Plant_Name":"Jones Fork","State":"California","PrimSource":"hydroelectric","Total_MW":10,"Utility_Na":"Sacramento Municipal Util Dist","City":"Fresh Pond"}},{"type":"Feature","geometry":{"type":"Point","coordinates":[-121.3933,38.6527]},"properties":{"Plant_Name":"McClellan (CA)","State":"California","PrimSource":"natural gas","Total_MW":77,"Utility_Na":"Sacramento Municipal Util Dist","City":"Sacramento"}},{"type":"Feature","geometry":{"type":"Point","coordinates":[-121.0245,38.2268]},"properties":{"Plant_Name":"Camanche","State":"California","PrimSource":"hydroelectric","Total_MW":10.5,"Utility_Na":"East Bay Municipal Util Dist","City":"Clements & Wallace"}},{"type":"Feature","geometry":{"type":"Point","coordinates":[-118.1111,48.6203]},"properties":{"Plant_Name":"Kettle Falls Generating Station","State":"Washington","PrimSource":"biomass","Total_MW":56.2,"Utility_Na":"Avista Corp","City":"Kettle Falls"}},{"type":"Feature","geometry":{"type":"Point","coordinates":[-107.6131,36.8061]},"properties":{"Plant_Name":"Navajo Dam","State":"New Mexico","PrimSource":"hydroelectric","Total_MW":30,"Utility_Na":"City of Farmington - (NM)","City":"Farmington"}},{"type":"Feature","geometry":{"type":"Point","coordinates":[-114.9427,32.7116]},"properties":{"Plant_Name":"Drop 1","State":"California","PrimSource":"hydroelectric","Total_MW":3.8,"Utility_Na":"Imperial Irrigation District","City":"Holtville"}},{"type":"Feature","geometry":{"type":"Point","coordinates":[-115.2824,32.6995]},"properties":{"Plant_Name":"East Highline","State":"California","PrimSource":"hydroelectric","Total_MW":1,"Utility_Na":"Imperial Irrigation District","City":"Holtville"}},{"type":"Feature","geometry":{"type":"Point","coordinates":[-122.4358,48.4558]},"properties":{"Plant_Name":"Fredonia","State":"Washington","PrimSource":"natural gas","Total_MW":280,"Utility_Na":"Puget Sound Energy Inc","City":"Mt Vernon"}},{"type":"Feature","geometry":{"type":"Point","coordinates":[-121.7833,47.6992]},"properties":{"Plant_Name":"South Fork Tolt","State":"Washington","PrimSource":"hydroelectric","Total_MW":16.8,"Utility_Na":"City of Seattle - (WA)","City":"North Bend"}},{"type":"Feature","geometry":{"type":"Point","coordinates":[-121.1614,40.0753]},"properties":{"Plant_Name":"Oak Flat","State":"California","PrimSource":"hydroelectric","Total_MW":1.3,"Utility_Na":"Pacific Gas & Electric Co.","City":"Belden"}},{"type":"Feature","geometry":{"type":"Point","coordinates":[-121.093,38.8352]},"properties":{"Plant_Name":"Newcastle","State":"California","PrimSource":"hydroelectric","Total_MW":11.5,"Utility_Na":"Pacific Gas & Electric Co.","City":"Auburn"}},{"type":"Feature","geometry":{"type":"Point","coordinates":[-108.7877,43.219]},"properties":{"Plant_Name":"Pilot Butte","State":"Wyoming","PrimSource":"hydroelectric","Total_MW":1.6,"Utility_Na":"U S Bureau of Reclamation","City":"Morton"}},{"type":"Feature","geometry":{"type":"Point","coordinates":[-119.558,37.0718]},"properties":{"Plant_Name":"Kerckhoff 2","State":"California","PrimSource":"hydroelectric","Total_MW":155,"Utility_Na":"Pacific Gas & Electric Co.","City":"Auberry"}},{"type":"Feature","geometry":{"type":"Point","coordinates":[-106.2428,41.8353]},"properties":{"Plant_Name":"Medicine Bow","State":"Wyoming","PrimSource":"wind","Total_MW":6.2,"Utility_Na":"SRIV Partnership LLC","City":"Medicine Bow"}},{"type":"Feature","geometry":{"type":"Point","coordinates":[-121.5934,39.8935]},"properties":{"Plant_Name":"Toadtown","State":"California","PrimSource":"hydroelectric","Total_MW":1.5,"Utility_Na":"Pacific Gas & Electric Co.","City":"Magalia"}},{"type":"Feature","geometry":{"type":"Point","coordinates":[-117.5257,34.1034]},"properties":{"Plant_Name":"Etiwanda","State":"California","PrimSource":"hydroelectric","Total_MW":23.9,"Utility_Na":"Metropolitan Water District of S CA","City":"Rancho Cucamonga"}},{"type":"Feature","geometry":{"type":"Point","coordinates":[-120.312,37.8164]},"properties":{"Plant_Name":"Moccasin Low Head Hydro Project","State":"California","PrimSource":"hydroelectric","Total_MW":1.5,"Utility_Na":"City & County of San Francisco","City":"Moccasin"}},{"type":"Feature","geometry":{"type":"Point","coordinates":[-121.1195,39.5804]},"properties":{"Plant_Name":"Sly Creek","State":"California","PrimSource":"hydroelectric","Total_MW":12.1,"Utility_Na":"South Feather Water and Power Agency","City":"Forbestown"}},{"type":"Feature","geometry":{"type":"Point","coordinates":[-112.1019,43.4202]},"properties":{"Plant_Name":"Gem State","State":"Idaho","PrimSource":"hydroelectric","Total_MW":23.4,"Utility_Na":"City of Idaho Falls - (ID)","City":"Idaho Falls"}},{"type":"Feature","geometry":{"type":"Point","coordinates":[-112.8764,42.7778]},"properties":{"Plant_Name":"American Falls","State":"Idaho","PrimSource":"hydroelectric","Total_MW":103.3,"Utility_Na":"Idaho Power Co","City":"American Falls"}},{"type":"Feature","geometry":{"type":"Point","coordinates":[-115.071,42.9138]},"properties":{"Plant_Name":"Bliss","State":"Idaho","PrimSource":"hydroelectric","Total_MW":78.9,"Utility_Na":"Idaho Power Co","City":"Bliss"}},{"type":"Feature","geometry":{"type":"Point","coordinates":[-116.8975,44.8367]},"properties":{"Plant_Name":"Brownlee","State":"Idaho","PrimSource":"hydroelectric","Total_MW":661,"Utility_Na":"Idaho Power Co","City":"Cambridge"}},{"type":"Feature","geometry":{"type":"Point","coordinates":[-115.9779,42.9449]},"properties":{"Plant_Name":"C J Strike","State":"Idaho","PrimSource":"hydroelectric","Total_MW":91.7,"Utility_Na":"Idaho Power Co","City":"Bruneau"}},{"type":"Feature","geometry":{"type":"Point","coordinates":[-116.0483,44.5256]},"properties":{"Plant_Name":"Cascade Dam","State":"Idaho","PrimSource":"hydroelectric","Total_MW":13.6,"Utility_Na":"Idaho Power Co","City":"Cascade"}},{"type":"Feature","geometry":{"type":"Point","coordinates":[-114.7801,42.667]},"properties":{"Plant_Name":"Clear Lake","State":"Idaho","PrimSource":"hydroelectric","Total_MW":2.3,"Utility_Na":"Idaho Power Co","City":"Buhl"}},{"type":"Feature","geometry":{"type":"Point","coordinates":[-114.9062,42.8658]},"properties":{"Plant_Name":"Lower Malad","State":"Idaho","PrimSource":"hydroelectric","Total_MW":15.8,"Utility_Na":"Idaho Power Co","City":"Hagerman"}},{"type":"Feature","geometry":{"type":"Point","coordinates":[-114.9036,42.8416]},"properties":{"Plant_Name":"Lower Salmon","State":"Idaho","PrimSource":"hydroelectric","Total_MW":71.5,"Utility_Na":"Idaho Power Co","City":"Hagerman"}},{"type":"Feature","geometry":{"type":"Point","coordinates":[-113.8853,45.1834]},"properties":{"Plant_Name":"Salmon Diesel","State":"Idaho","PrimSource":"petroleum","Total_MW":5.6,"Utility_Na":"Idaho Power Co","City":"Salmon"}},{"type":"Feature","geometry":{"type":"Point","coordinates":[-114.4033,42.5975]},"properties":{"Plant_Name":"Shoshone Falls","State":"Idaho","PrimSource":"hydroelectric","Total_MW":15.4,"Utility_Na":"Idaho Power Co","City":"Twin Falls"}},{"type":"Feature","geometry":{"type":"Point","coordinates":[-116.3791,43.2435]},"properties":{"Plant_Name":"Swan Falls","State":"Idaho","PrimSource":"hydroelectric","Total_MW":23.5,"Utility_Na":"Idaho Power Co","City":"Kuna"}},{"type":"Feature","geometry":{"type":"Point","coordinates":[-114.8367,42.7405]},"properties":{"Plant_Name":"Thousand Springs","State":"Idaho","PrimSource":"hydroelectric","Total_MW":6.7,"Utility_Na":"Idaho Power Co","City":"Wendell"}},{"type":"Feature","geometry":{"type":"Point","coordinates":[-114.3553,42.5892]},"properties":{"Plant_Name":"Twin Falls (ID)","State":"Idaho","PrimSource":"hydroelectric","Total_MW":52.6,"Utility_Na":"Idaho Power Co","City":"Kimberly"}},{"type":"Feature","geometry":{"type":"Point","coordinates":[-114.9247,42.7674]},"properties":{"Plant_Name":"Upper Salmon A","State":"Idaho","PrimSource":"hydroelectric","Total_MW":17.7,"Utility_Na":"Idaho Power Co","City":"Hagerman"}},{"type":"Feature","geometry":{"type":"Point","coordinates":[-114.8855,42.8643]},"properties":{"Plant_Name":"Upper Malad","State":"Idaho","PrimSource":"hydroelectric","Total_MW":7.7,"Utility_Na":"Idaho Power Co","City":"Hagerman"}},{"type":"Feature","geometry":{"type":"Point","coordinates":[-111.4973,44.0786]},"properties":{"Plant_Name":"Ashton","State":"Idaho","PrimSource":"hydroelectric","Total_MW":7.1,"Utility_Na":"PacifiCorp","City":"Ashton"}},{"type":"Feature","geometry":{"type":"Point","coordinates":[-111.794,42.5368]},"properties":{"Plant_Name":"Grace","State":"Idaho","PrimSource":"hydroelectric","Total_MW":33,"Utility_Na":"PacifiCorp","City":"Grace"}},{"type":"Feature","geometry":{"type":"Point","coordinates":[-111.7485,42.2678]},"properties":{"Plant_Name":"Oneida","State":"Idaho","PrimSource":"hydroelectric","Total_MW":27.9,"Utility_Na":"PacifiCorp","City":"Riverdale"}},{"type":"Feature","geometry":{"type":"Point","coordinates":[-111.6967,42.6446]},"properties":{"Plant_Name":"Soda","State":"Idaho","PrimSource":"hydroelectric","Total_MW":15.2,"Utility_Na":"PacifiCorp","City":"Soda Springs"}},{"type":"Feature","geometry":{"type":"Point","coordinates":[-116.0531,48.0844]},"properties":{"Plant_Name":"Cabinet Gorge","State":"Idaho","PrimSource":"hydroelectric","Total_MW":254.6,"Utility_Na":"Avista Corp","City":"Clark Fork"}},{"type":"Feature","geometry":{"type":"Point","coordinates":[-116.9539,47.7033]},"properties":{"Plant_Name":"Post Falls","State":"Idaho","PrimSource":"hydroelectric","Total_MW":17.5,"Utility_Na":"Avista Corp","City":"Post Falls"}},{"type":"Feature","geometry":{"type":"Point","coordinates":[-120.9325,39.2721]},"properties":{"Plant_Name":"Scott Flat","State":"California","PrimSource":"hydroelectric","Total_MW":0.9,"Utility_Na":"Nevada Irrigation District","City":"Nevada City"}},{"type":"Feature","geometry":{"type":"Point","coordinates":[-116.2977,46.5143]},"properties":{"Plant_Name":"Dworshak","State":"Idaho","PrimSource":"hydroelectric","Total_MW":465,"Utility_Na":"USACE Northwestern Division","City":"Ahsahka"}},{"type":"Feature","geometry":{"type":"Point","coordinates":[-112.0454,43.4914]},"properties":{"Plant_Name":"City Power Plant","State":"Idaho","PrimSource":"hydroelectric","Total_MW":8,"Utility_Na":"City of Idaho Falls - (ID)","City":"Idaho Falls"}},{"type":"Feature","geometry":{"type":"Point","coordinates":[-112.0626,43.4684]},"properties":{"Plant_Name":"Lower No 2","State":"Idaho","PrimSource":"hydroelectric","Total_MW":3,"Utility_Na":"City of Idaho Falls - (ID)","City":"Idaho Falls"}},{"type":"Feature","geometry":{"type":"Point","coordinates":[-112.051,43.5527]},"properties":{"Plant_Name":"Upper Power Plant","State":"Idaho","PrimSource":"hydroelectric","Total_MW":8,"Utility_Na":"City of Idaho Falls - (ID)","City":"Idaho Falls"}},{"type":"Feature","geometry":{"type":"Point","coordinates":[-121.0591,39.0096]},"properties":{"Plant_Name":"Combie South","State":"California","PrimSource":"hydroelectric","Total_MW":1.5,"Utility_Na":"Nevada Irrigation District","City":"Auburn"}},{"type":"Feature","geometry":{"type":"Point","coordinates":[-111.2058,43.3348]},"properties":{"Plant_Name":"Palisades Dam","State":"Idaho","PrimSource":"hydroelectric","Total_MW":176.4,"Utility_Na":"U S Bureau of Reclamation","City":"Palisades"}},{"type":"Feature","geometry":{"type":"Point","coordinates":[-116.9986,48.1802]},"properties":{"Plant_Name":"Albeni Falls","State":"Idaho","PrimSource":"hydroelectric","Total_MW":42,"Utility_Na":"USACE Northwestern Division","City":"Oldtown"}},{"type":"Feature","geometry":{"type":"Point","coordinates":[-122.7677,38.8348]},"properties":{"Plant_Name":"Bottle Rock Power","State":"California","PrimSource":"geothermal","Total_MW":9,"Utility_Na":"Mayacma Geothermal","City":"Cobb"}},{"type":"Feature","geometry":{"type":"Point","coordinates":[-118.6867,34.8158]},"properties":{"Plant_Name":"Alamo","State":"California","PrimSource":"hydroelectric","Total_MW":17,"Utility_Na":"California Dept. of Water Resources","City":"Pearblossom"}},{"type":"Feature","geometry":{"type":"Point","coordinates":[-119.2578,46.9825]},"properties":{"Plant_Name":"Quincy Chute","State":"Washington","PrimSource":"hydroelectric","Total_MW":9.4,"Utility_Na":"PUD No 2 of Grant County","City":"Quincy"}},{"type":"Feature","geometry":{"type":"Point","coordinates":[-111.3344,39.2056]},"properties":{"Plant_Name":"Hydro Plant No 3","State":"Utah","PrimSource":"hydroelectric","Total_MW":2.6,"Utility_Na":"City of Ephraim - (UT)","City":"east of Ephraim"}},{"type":"Feature","geometry":{"type":"Point","coordinates":[-111.7053,42.6033]},"properties":{"Plant_Name":"Last Chance","State":"Idaho","PrimSource":"hydroelectric","Total_MW":1.4,"Utility_Na":"PacifiCorp","City":"Grace"}},{"type":"Feature","geometry":{"type":"Point","coordinates":[-106.9085,42.1561]},"properties":{"Plant_Name":"Seminoe","State":"Wyoming","PrimSource":"hydroelectric","Total_MW":51.6,"Utility_Na":"U S Bureau of Reclamation","City":"Sinclair"}},{"type":"Feature","geometry":{"type":"Point","coordinates":[-111.6215,39.2559]},"properties":{"Plant_Name":"Manti Lower","State":"Utah","PrimSource":"hydroelectric","Total_MW":1,"Utility_Na":"City of Manti - (UT)","City":"Manti"}},{"type":"Feature","geometry":{"type":"Point","coordinates":[-116.7008,45.2439]},"properties":{"Plant_Name":"Hells Canyon","State":"Oregon","PrimSource":"hydroelectric","Total_MW":437.1,"Utility_Na":"Idaho Power Co","City":"Oxbow"}},{"type":"Feature","geometry":{"type":"Point","coordinates":[-116.835,44.9716]},"properties":{"Plant_Name":"Oxbow (OR)","State":"Oregon","PrimSource":"hydroelectric","Total_MW":210.8,"Utility_Na":"Idaho Power Co","City":"Oxbow"}},{"type":"Feature","geometry":{"type":"Point","coordinates":[-122.3379,43.2512]},"properties":{"Plant_Name":"Clearwater 1","State":"Oregon","PrimSource":"hydroelectric","Total_MW":17.9,"Utility_Na":"PacifiCorp","City":"Idleyld Park"}},{"type":"Feature","geometry":{"type":"Point","coordinates":[-122.4098,43.2669]},"properties":{"Plant_Name":"Clearwater 2","State":"Oregon","PrimSource":"hydroelectric","Total_MW":31,"Utility_Na":"PacifiCorp","City":"Idleyld Park"}},{"type":"Feature","geometry":{"type":"Point","coordinates":[-122.7571,42.5146]},"properties":{"Plant_Name":"Eagle Point","State":"Oregon","PrimSource":"hydroelectric","Total_MW":2.8,"Utility_Na":"PacifiCorp","City":"Eagle Point"}},{"type":"Feature","geometry":{"type":"Point","coordinates":[-121.7955,42.2248]},"properties":{"Plant_Name":"East Side","State":"Oregon","PrimSource":"hydroelectric","Total_MW":3,"Utility_Na":"PacifiCorp","City":"Klamath Falls"}},{"type":"Feature","geometry":{"type":"Point","coordinates":[-122.449,43.2742]},"properties":{"Plant_Name":"Fish Creek","State":"Oregon","PrimSource":"hydroelectric","Total_MW":10.4,"Utility_Na":"PacifiCorp","City":"Idleyld Park"}},{"type":"Feature","geometry":{"type":"Point","coordinates":[-122.2494,43.3558]},"properties":{"Plant_Name":"Lemolo 1","State":"Oregon","PrimSource":"hydroelectric","Total_MW":32,"Utility_Na":"PacifiCorp","City":"Idleyld Park"}},{"type":"Feature","geometry":{"type":"Point","coordinates":[-122.5151,42.7307]},"properties":{"Plant_Name":"Prospect 1","State":"Oregon","PrimSource":"hydroelectric","Total_MW":4.6,"Utility_Na":"PacifiCorp","City":"Prospect"}},{"type":"Feature","geometry":{"type":"Point","coordinates":[-122.514,42.7312]},"properties":{"Plant_Name":"Prospect 2","State":"Oregon","PrimSource":"hydroelectric","Total_MW":36,"Utility_Na":"PacifiCorp","City":"Prospect"}},{"type":"Feature","geometry":{"type":"Point","coordinates":[-122.4185,42.7306]},"properties":{"Plant_Name":"Prospect 3","State":"Oregon","PrimSource":"hydroelectric","Total_MW":7.7,"Utility_Na":"PacifiCorp","City":"Prospect"}},{"type":"Feature","geometry":{"type":"Point","coordinates":[-122.5151,42.7331]},"properties":{"Plant_Name":"Prospect 4","State":"Oregon","PrimSource":"hydroelectric","Total_MW":0.9,"Utility_Na":"PacifiCorp","City":"Prospect"}},{"type":"Feature","geometry":{"type":"Point","coordinates":[-122.4728,43.2939]},"properties":{"Plant_Name":"Slide Creek","State":"Oregon","PrimSource":"hydroelectric","Total_MW":18,"Utility_Na":"PacifiCorp","City":"Idleyld Park"}},{"type":"Feature","geometry":{"type":"Point","coordinates":[-122.5014,43.3061]},"properties":{"Plant_Name":"Soda Springs","State":"Oregon","PrimSource":"hydroelectric","Total_MW":11.6,"Utility_Na":"PacifiCorp","City":"Idleyld Park"}},{"type":"Feature","geometry":{"type":"Point","coordinates":[-122.4475,43.2727]},"properties":{"Plant_Name":"Toketee Falls","State":"Oregon","PrimSource":"hydroelectric","Total_MW":45,"Utility_Na":"PacifiCorp","City":"Idleyld Park"}},{"type":"Feature","geometry":{"type":"Point","coordinates":[-117.2127,45.2667]},"properties":{"Plant_Name":"Wallowa Falls","State":"Oregon","PrimSource":"hydroelectric","Total_MW":1.1,"Utility_Na":"PacifiCorp","City":"Joseph"}},{"type":"Feature","geometry":{"type":"Point","coordinates":[-122.3201,45.268]},"properties":{"Plant_Name":"Faraday","State":"Oregon","PrimSource":"hydroelectric","Total_MW":41.9,"Utility_Na":"Portland General Electric Co","City":"Estacada"}},{"type":"Feature","geometry":{"type":"Point","coordinates":[-122.2799,45.2433]},"properties":{"Plant_Name":"North Fork","State":"Oregon","PrimSource":"hydroelectric","Total_MW":58,"Utility_Na":"Portland General Electric Co","City":"Estacada"}},{"type":"Feature","geometry":{"type":"Point","coordinates":[-121.2314,44.6944]},"properties":{"Plant_Name":"Pelton","State":"Oregon","PrimSource":"hydroelectric","Total_MW":110,"Utility_Na":"Portland General Electric Co","City":"Madras"}},{"type":"Feature","geometry":{"type":"Point","coordinates":[-122.35,45.3]},"properties":{"Plant_Name":"River Mill","State":"Oregon","PrimSource":"hydroelectric","Total_MW":24.7,"Utility_Na":"Portland General Electric Co","City":"Estacada"}},{"type":"Feature","geometry":{"type":"Point","coordinates":[-121.2773,44.6058]},"properties":{"Plant_Name":"Round Butte","State":"Oregon","PrimSource":"hydroelectric","Total_MW":353,"Utility_Na":"Portland General Electric Co","City":"Madras"}},{"type":"Feature","geometry":{"type":"Point","coordinates":[-122.619,45.354]},"properties":{"Plant_Name":"Sullivan","State":"Oregon","PrimSource":"hydroelectric","Total_MW":18.3,"Utility_Na":"Portland General Electric Co","City":"West Linn"}},{"type":"Feature","geometry":{"type":"Point","coordinates":[-122.0414,44.286]},"properties":{"Plant_Name":"Carmen Smith","State":"Oregon","PrimSource":"hydroelectric","Total_MW":103.8,"Utility_Na":"Eugene Water & Electric Board","City":"McKenzie Bridge"}},{"type":"Feature","geometry":{"type":"Point","coordinates":[-122.835,44.0696]},"properties":{"Plant_Name":"Walterville","State":"Oregon","PrimSource":"hydroelectric","Total_MW":7.5,"Utility_Na":"Eugene Water & Electric Board","City":"Springfield"}},{"type":"Feature","geometry":{"type":"Point","coordinates":[-122.2832,44.7514]},"properties":{"Plant_Name":"Big Cliff","State":"Oregon","PrimSource":"hydroelectric","Total_MW":21,"Utility_Na":"USACE Northwestern Division","City":"Gates"}},{"type":"Feature","geometry":{"type":"Point","coordinates":[-121.941,45.6441]},"properties":{"Plant_Name":"Bonneville","State":"Oregon","PrimSource":"hydroelectric","Total_MW":1153.9,"Utility_Na":"USACE Northwestern Division","City":"Cascade Locks"}},{"type":"Feature","geometry":{"type":"Point","coordinates":[-122.2439,44.1307]},"properties":{"Plant_Name":"Cougar","State":"Oregon","PrimSource":"hydroelectric","Total_MW":26,"Utility_Na":"USACE Northwestern Division","City":"Lowell"}},{"type":"Feature","geometry":{"type":"Point","coordinates":[-122.2511,44.7224]},"properties":{"Plant_Name":"Detroit","State":"Oregon","PrimSource":"hydroelectric","Total_MW":100,"Utility_Na":"USACE Northwestern Division","City":"Mill City"}},{"type":"Feature","geometry":{"type":"Point","coordinates":[-122.8055,43.9242]},"properties":{"Plant_Name":"Dexter","State":"Oregon","PrimSource":"hydroelectric","Total_MW":15,"Utility_Na":"USACE Northwestern Division","City":"Lowell"}},{"type":"Feature","geometry":{"type":"Point","coordinates":[-122.5494,44.4494]},"properties":{"Plant_Name":"Green Peter","State":"Oregon","PrimSource":"hydroelectric","Total_MW":80,"Utility_Na":"USACE Northwestern Division","City":"Foster"}},{"type":"Feature","geometry":{"type":"Point","coordinates":[-122.4238,43.7107]},"properties":{"Plant_Name":"Hills Creek","State":"Oregon","PrimSource":"hydroelectric","Total_MW":30,"Utility_Na":"USACE Northwestern Division","City":"Oakridge"}},{"type":"Feature","geometry":{"type":"Point","coordinates":[-120.6941,45.7164]},"properties":{"Plant_Name":"John Day","State":"Oregon","PrimSource":"hydroelectric","Total_MW":2052,"Utility_Na":"USACE Northwestern Division","City":"Rufus"}},{"type":"Feature","geometry":{"type":"Point","coordinates":[-122.7531,43.9153]},"properties":{"Plant_Name":"Lookout Point","State":"Oregon","PrimSource":"hydroelectric","Total_MW":120,"Utility_Na":"USACE Northwestern Division","City":"Lowell"}},{"type":"Feature","geometry":{"type":"Point","coordinates":[-119.2988,45.9402]},"properties":{"Plant_Name":"McNary","State":"Oregon","PrimSource":"hydroelectric","Total_MW":966.5,"Utility_Na":"USACE Northwestern Division","City":"Umatilla"}},{"type":"Feature","geometry":{"type":"Point","coordinates":[-109.1812,44.5029]},"properties":{"Plant_Name":"Shoshone (WY)","State":"Wyoming","PrimSource":"hydroelectric","Total_MW":3,"Utility_Na":"U S Bureau of Reclamation","City":"Cody"}},{"type":"Feature","geometry":{"type":"Point","coordinates":[-110.064,42.027]},"properties":{"Plant_Name":"Fontenelle","State":"Wyoming","PrimSource":"hydroelectric","Total_MW":11.2,"Utility_Na":"U S Bureau of Reclamation","City":"Le Barge"}},{"type":"Feature","geometry":{"type":"Point","coordinates":[-111.396,44.4183]},"properties":{"Plant_Name":"Island Park","State":"Idaho","PrimSource":"hydroelectric","Total_MW":4.8,"Utility_Na":"Fall River Rural Elec Coop Inc","City":"Island Park"}},{"type":"Feature","geometry":{"type":"Point","coordinates":[-122.0832,45.4817]},"properties":{"Plant_Name":"PHP 1","State":"Oregon","PrimSource":"hydroelectric","Total_MW":24,"Utility_Na":"Portland City of","City":"Sandy"}},{"type":"Feature","geometry":{"type":"Point","coordinates":[-122.1513,45.449]},"properties":{"Plant_Name":"PHP 2","State":"Oregon","PrimSource":"hydroelectric","Total_MW":13.5,"Utility_Na":"Portland City of","City":"Sandy"}},{"type":"Feature","geometry":{"type":"Point","coordinates":[-111.8433,41.7258]},"properties":{"Plant_Name":"Logan City","State":"Utah","PrimSource":"natural gas","Total_MW":13.5,"Utility_Na":"City of Logan - (UT)","City":"Logan"}},{"type":"Feature","geometry":{"type":"Point","coordinates":[-120.9044,37.4903]},"properties":{"Plant_Name":"Walnut","State":"California","PrimSource":"natural gas","Total_MW":47,"Utility_Na":"Turlock Irrigation District","City":"Turlock"}},{"type":"Feature","geometry":{"type":"Point","coordinates":[-111.4339,40.9648]},"properties":{"Plant_Name":"Echo Dam","State":"Utah","PrimSource":"hydroelectric","Total_MW":4.4,"Utility_Na":"City of Bountiful","City":"Echo"}},{"type":"Feature","geometry":{"type":"Point","coordinates":[-112.8617,33.3881]},"properties":{"Plant_Name":"Palo Verde","State":"Arizona","PrimSource":"nuclear","Total_MW":3937,"Utility_Na":"Arizona Public Service Co","City":"Wintersburg"}},{"type":"Feature","geometry":{"type":"Point","coordinates":[-118.3147,34.1764]},"properties":{"Plant_Name":"Olive","State":"California","PrimSource":"natural gas","Total_MW":99,"Utility_Na":"City of Burbank Water and Power","City":"Burbank"}},{"type":"Feature","geometry":{"type":"Point","coordinates":[-107.5912,40.4627]},"properties":{"Plant_Name":"Craig (CO)","State":"Colorado","PrimSource":"coal","Total_MW":1285,"Utility_Na":"Tri-State G & T Assn, Inc","City":"Craig"}},{"type":"Feature","geometry":{"type":"Point","coordinates":[-112.4806,38.2683]},"properties":{"Plant_Name":"Upper Beaver","State":"Utah","PrimSource":"hydroelectric","Total_MW":2.5,"Utility_Na":"Beaver City Corporation","City":"Beaver"}},{"type":"Feature","geometry":{"type":"Point","coordinates":[-112.0521,41.8347]},"properties":{"Plant_Name":"Cutler Hydro","State":"Utah","PrimSource":"hydroelectric","Total_MW":30,"Utility_Na":"PacifiCorp","City":"Collinston"}},{"type":"Feature","geometry":{"type":"Point","coordinates":[-111.9289,40.7686]},"properties":{"Plant_Name":"Gadsby","State":"Utah","PrimSource":"natural gas","Total_MW":353.6,"Utility_Na":"PacifiCorp","City":"Salt Lake City"}},{"type":"Feature","geometry":{"type":"Point","coordinates":[-111.7821,40.6192]},"properties":{"Plant_Name":"Granite","State":"Utah","PrimSource":"hydroelectric","Total_MW":1.2,"Utility_Na":"PacifiCorp","City":"Salt lake City"}},{"type":"Feature","geometry":{"type":"Point","coordinates":[-111.9465,41.2436]},"properties":{"Plant_Name":"Pioneer","State":"Utah","PrimSource":"hydroelectric","Total_MW":4,"Utility_Na":"PacifiCorp","City":"Ogden"}},{"type":"Feature","geometry":{"type":"Point","coordinates":[-111.5029,40.5449]},"properties":{"Plant_Name":"Snake Creek","State":"Utah","PrimSource":"hydroelectric","Total_MW":1,"Utility_Na":"Heber Light & Power Company","City":"Midway"}},{"type":"Feature","geometry":{"type":"Point","coordinates":[-116.1714,33.6758]},"properties":{"Plant_Name":"Coachella","State":"California","PrimSource":"natural gas","Total_MW":73.9,"Utility_Na":"Imperial Irrigation District","City":"Coachella"}},{"type":"Feature","geometry":{"type":"Point","coordinates":[-106.614,45.8831]},"properties":{"Plant_Name":"Colstrip","State":"Montana","PrimSource":"coal","Total_MW":1480,"Utility_Na":"Talen Montana LLC","City":"Colstrip"}},{"type":"Feature","geometry":{"type":"Point","coordinates":[-111.7533,40.6236]},"properties":{"Plant_Name":"Stairs","State":"Utah","PrimSource":"hydroelectric","Total_MW":1.2,"Utility_Na":"PacifiCorp","City":"Salt Lake City"}},{"type":"Feature","geometry":{"type":"Point","coordinates":[-111.8849,41.1376]},"properties":{"Plant_Name":"Weber","State":"Utah","PrimSource":"hydroelectric","Total_MW":2,"Utility_Na":"PacifiCorp","City":"South Weber"}},{"type":"Feature","geometry":{"type":"Point","coordinates":[-111.8853,40.8869]},"properties":{"Plant_Name":"Bountiful City","State":"Utah","PrimSource":"natural gas","Total_MW":24.5,"Utility_Na":"City of Bountiful","City":"Bountiful"}},{"type":"Feature","geometry":{"type":"Point","coordinates":[-111.9935,41.5016]},"properties":{"Plant_Name":"Brigham City","State":"Utah","PrimSource":"hydroelectric","Total_MW":1.5,"Utility_Na":"Brigham City Corporation","City":"Brigham"}},{"type":"Feature","geometry":{"type":"Point","coordinates":[-111.746,41.7464]},"properties":{"Plant_Name":"Hydro III","State":"Utah","PrimSource":"hydroelectric","Total_MW":1.4,"Utility_Na":"City of Logan - (UT)","City":"Logan"}},{"type":"Feature","geometry":{"type":"Point","coordinates":[-111.6215,39.2559]},"properties":{"Plant_Name":"Manti Upper","State":"Utah","PrimSource":"hydroelectric","Total_MW":1.2,"Utility_Na":"City of Manti - (UT)","City":"Manti"}},{"type":"Feature","geometry":{"type":"Point","coordinates":[-111.4995,40.1671]},"properties":{"Plant_Name":"Bartholomew","State":"Utah","PrimSource":"hydroelectric","Total_MW":1,"Utility_Na":"City of Springville - (UT)","City":"Springville"}},{"type":"Feature","geometry":{"type":"Point","coordinates":[-111.6048,40.08]},"properties":{"Plant_Name":"Spanish Fork","State":"Utah","PrimSource":"hydroelectric","Total_MW":3.6,"Utility_Na":"Strawberry Water Users Assn","City":"Spanish Fork"}},{"type":"Feature","geometry":{"type":"Point","coordinates":[-111.8314,41.1365]},"properties":{"Plant_Name":"Gateway","State":"Utah","PrimSource":"hydroelectric","Total_MW":4,"Utility_Na":"Weber Basin Water Conserv Dist","City":"Mountain Green"}},{"type":"Feature","geometry":{"type":"Point","coordinates":[-111.4043,40.7904]},"properties":{"Plant_Name":"Wanship","State":"Utah","PrimSource":"hydroelectric","Total_MW":1.9,"Utility_Na":"Weber Basin Water Conserv Dist","City":"Wanship"}},{"type":"Feature","geometry":{"type":"Point","coordinates":[-111.4383,37.9858]},"properties":{"Plant_Name":"Boulder","State":"Utah","PrimSource":"hydroelectric","Total_MW":4.2,"Utility_Na":"Garkane Energy Coop, Inc","City":"Boulder"}},{"type":"Feature","geometry":{"type":"Point","coordinates":[-110.0661,40.5381]},"properties":{"Plant_Name":"Uintah","State":"Utah","PrimSource":"hydroelectric","Total_MW":1.2,"Utility_Na":"Moon Lake Electric Assn Inc","City":"Neola"}},{"type":"Feature","geometry":{"type":"Point","coordinates":[-111.1262,32.401]},"properties":{"Plant_Name":"North Loop","State":"Arizona","PrimSource":"natural gas","Total_MW":95,"Utility_Na":"Tucson Electric Power Co","City":"Tucson"}},{"type":"Feature","geometry":{"type":"Point","coordinates":[-104.1566,47.6785]},"properties":{"Plant_Name":"Lewis & Clark","State":"Montana","PrimSource":"natural gas","Total_MW":18.2,"Utility_Na":"Montana-Dakota Utilities Co","City":"Richland"}},{"type":"Feature","geometry":{"type":"Point","coordinates":[-120.8555,35.2115]},"properties":{"Plant_Name":"Diablo Canyon","State":"California","PrimSource":"nuclear","Total_MW":2240,"Utility_Na":"Pacific Gas & Electric Co.","City":"Avila Beach"}},{"type":"Feature","geometry":{"type":"Point","coordinates":[-118.9683,37.0293]},"properties":{"Plant_Name":"Helms Pumped Storage","State":"California","PrimSource":"pumped storage","Total_MW":1212,"Utility_Na":"Pacific Gas & Electric Co.","City":"Shaver Lake"}},{"type":"Feature","geometry":{"type":"Point","coordinates":[-105.3815,44.2901]},"properties":{"Plant_Name":"Wyodak","State":"Wyoming","PrimSource":"coal","Total_MW":332,"Utility_Na":"PacifiCorp","City":"Gillette"}},{"type":"Feature","geometry":{"type":"Point","coordinates":[-104.8742,40.2461]},"properties":{"Plant_Name":"Fort St Vrain","State":"Colorado","PrimSource":"natural gas","Total_MW":1022,"Utility_Na":"Public Service Co of Colorado","City":"Platteville"}},{"type":"Feature","geometry":{"type":"Point","coordinates":[-122.7516,48.8856]},"properties":{"Plant_Name":"Whitehorn","State":"Washington","PrimSource":"natural gas","Total_MW":134,"Utility_Na":"Puget Sound Energy Inc","City":"Blaine"}},{"type":"Feature","geometry":{"type":"Point","coordinates":[-120.5282,37.9469]},"properties":{"Plant_Name":"New Melones","State":"California","PrimSource":"hydroelectric","Total_MW":382,"Utility_Na":"U S Bureau of Reclamation","City":"Jamestown"}},{"type":"Feature","geometry":{"type":"Point","coordinates":[-107.6253,38.5106]},"properties":{"Plant_Name":"Crystal","State":"Colorado","PrimSource":"hydroelectric","Total_MW":35,"Utility_Na":"U S Bureau of Reclamation","City":"Montrose"}},{"type":"Feature","geometry":{"type":"Point","coordinates":[-118.9773,47.9575]},"properties":{"Plant_Name":"Grand Coulee","State":"Washington","PrimSource":"hydroelectric","Total_MW":7079,"Utility_Na":"U S Bureau of Reclamation","City":"Grand Coulee"}},{"type":"Feature","geometry":{"type":"Point","coordinates":[-111.0289,39.1747]},"properties":{"Plant_Name":"Hunter","State":"Utah","PrimSource":"coal","Total_MW":1363,"Utility_Na":"PacifiCorp","City":"Castle Dale"}},{"type":"Feature","geometry":{"type":"Point","coordinates":[-115.3143,48.4098]},"properties":{"Plant_Name":"Libby","State":"Montana","PrimSource":"hydroelectric","Total_MW":525,"Utility_Na":"USACE Northwestern Division","City":"Libby"}},{"type":"Feature","geometry":{"type":"Point","coordinates":[-122.8598,46.7559]},"properties":{"Plant_Name":"Transalta Centralia Generation","State":"Washington","PrimSource":"coal","Total_MW":670,"Utility_Na":"TransAlta Centralia Gen LLC","City":"Centralia"}},{"type":"Feature","geometry":{"type":"Point","coordinates":[-122.5544,45.9567]},"properties":{"Plant_Name":"Merwin","State":"Washington","PrimSource":"hydroelectric","Total_MW":151,"Utility_Na":"PacifiCorp","City":"Ariel"}},{"type":"Feature","geometry":{"type":"Point","coordinates":[-122.2017,46.0608]},"properties":{"Plant_Name":"Swift 1","State":"Washington","PrimSource":"hydroelectric","Total_MW":263.7,"Utility_Na":"PacifiCorp","City":"Cougar"}},{"type":"Feature","geometry":{"type":"Point","coordinates":[-122.3355,45.9628]},"properties":{"Plant_Name":"Yale","State":"Washington","PrimSource":"hydroelectric","Total_MW":163.6,"Utility_Na":"PacifiCorp","City":"Amboy"}},{"type":"Feature","geometry":{"type":"Point","coordinates":[-121.4752,46.9535]},"properties":{"Plant_Name":"Crystal Mountain","State":"Washington","PrimSource":"petroleum","Total_MW":2.5,"Utility_Na":"Puget Sound Energy Inc","City":"Greenwater"}},{"type":"Feature","geometry":{"type":"Point","coordinates":[-122.1749,46.991]},"properties":{"Plant_Name":"Electron","State":"Washington","PrimSource":"hydroelectric","Total_MW":25.8,"Utility_Na":"Electron Hydro LLC","City":"Orting"}},{"type":"Feature","geometry":{"type":"Point","coordinates":[-121.7407,48.5478]},"properties":{"Plant_Name":"Lower Baker","State":"Washington","PrimSource":"hydroelectric","Total_MW":102.4,"Utility_Na":"Puget Sound Energy Inc","City":"Concrete"}},{"type":"Feature","geometry":{"type":"Point","coordinates":[-121.837,47.5401]},"properties":{"Plant_Name":"Snoqualmie","State":"Washington","PrimSource":"hydroelectric","Total_MW":12.1,"Utility_Na":"Puget Sound Energy Inc","City":"Snoqualmie"}},{"type":"Feature","geometry":{"type":"Point","coordinates":[-121.6907,48.649]},"properties":{"Plant_Name":"Upper Baker","State":"Washington","PrimSource":"hydroelectric","Total_MW":103.4,"Utility_Na":"Puget Sound Energy Inc","City":"Concrete"}},{"type":"Feature","geometry":{"type":"Point","coordinates":[-117.9167,47.8217]},"properties":{"Plant_Name":"Little Falls (WA)","State":"Washington","PrimSource":"hydroelectric","Total_MW":43.2,"Utility_Na":"Avista Corp","City":"Ford"}},{"type":"Feature","geometry":{"type":"Point","coordinates":[-117.8361,47.8344]},"properties":{"Plant_Name":"Long Lake","State":"Washington","PrimSource":"hydroelectric","Total_MW":89.5,"Utility_Na":"Avista Corp","City":"Ford"}},{"type":"Feature","geometry":{"type":"Point","coordinates":[-118.0603,48.5953]},"properties":{"Plant_Name":"Meyers Falls","State":"Washington","PrimSource":"hydroelectric","Total_MW":1.6,"Utility_Na":"Hydro Technology Systems Inc","City":"Kettle Falls"}},{"type":"Feature","geometry":{"type":"Point","coordinates":[-117.5372,47.7697]},"properties":{"Plant_Name":"Nine Mile","State":"Washington","PrimSource":"hydroelectric","Total_MW":37.6,"Utility_Na":"Avista Corp","City":"Nine Mile"}},{"type":"Feature","geometry":{"type":"Point","coordinates":[-122.6358,46.9749]},"properties":{"Plant_Name":"Yelm","State":"Washington","PrimSource":"hydroelectric","Total_MW":11.4,"Utility_Na":"City of Centralia - (WA)","City":"Yelm"}},{"type":"Feature","geometry":{"type":"Point","coordinates":[-120.2953,47.5336]},"properties":{"Plant_Name":"Rocky Reach","State":"Washington","PrimSource":"hydroelectric","Total_MW":1253.9,"Utility_Na":"PUD No 1 of Chelan County","City":"Wenatchee"}},{"type":"Feature","geometry":{"type":"Point","coordinates":[-122.6772,42.6717]},"properties":{"Plant_Name":"Lost Creek","State":"Oregon","PrimSource":"hydroelectric","Total_MW":49,"Utility_Na":"USACE Northwestern Division","City":"Trail"}},{"type":"Feature","geometry":{"type":"Point","coordinates":[-117.4294,46.6595]},"properties":{"Plant_Name":"Lower Granite","State":"Washington","PrimSource":"hydroelectric","Total_MW":802,"Utility_Na":"USACE Northwestern Division","City":"Pomeroy"}},{"type":"Feature","geometry":{"type":"Point","coordinates":[-109.2708,34.5789]},"properties":{"Plant_Name":"Coronado","State":"Arizona","PrimSource":"coal","Total_MW":762,"Utility_Na":"Salt River Project","City":"St Johns"}},{"type":"Feature","geometry":{"type":"Point","coordinates":[-118.7881,34.6853]},"properties":{"Plant_Name":"W E Warne","State":"California","PrimSource":"hydroelectric","Total_MW":76,"Utility_Na":"California Dept. of Water Resources","City":"Gorman"}},{"type":"Feature","geometry":{"type":"Point","coordinates":[-120.0917,47.3461]},"properties":{"Plant_Name":"Rock Island","State":"Washington","PrimSource":"hydroelectric","Total_MW":503.2,"Utility_Na":"PUD No 1 of Chelan County","City":"Wenatchee"}},{"type":"Feature","geometry":{"type":"Point","coordinates":[-121.0679,48.7326]},"properties":{"Plant_Name":"Ross","State":"Washington","PrimSource":"hydroelectric","Total_MW":450,"Utility_Na":"City of Seattle - (WA)","City":"Rockport"}},{"type":"Feature","geometry":{"type":"Point","coordinates":[-104.8825,42.1089]},"properties":{"Plant_Name":"Laramie River Station","State":"Wyoming","PrimSource":"coal","Total_MW":1700,"Utility_Na":"Basin Electric Power Coop","City":"Wheatland"}},{"type":"Feature","geometry":{"type":"Point","coordinates":[-107.7828,37.5237]},"properties":{"Plant_Name":"Tacoma","State":"Colorado","PrimSource":"hydroelectric","Total_MW":4.6,"Utility_Na":"Public Service Co of Colorado","City":"Durango"}},{"type":"Feature","geometry":{"type":"Point","coordinates":[-107.8831,37.866]},"properties":{"Plant_Name":"Ames Hydro","State":"Colorado","PrimSource":"hydroelectric","Total_MW":2.8,"Utility_Na":"Public Service Co of Colorado","City":"Ophir"}},{"type":"Feature","geometry":{"type":"Point","coordinates":[-106.3523,39.0942]},"properties":{"Plant_Name":"Mount Elbert","State":"Colorado","PrimSource":"pumped storage","Total_MW":230,"Utility_Na":"U S Bureau of Reclamation","City":"Twin Lakes"}},{"type":"Feature","geometry":{"type":"Point","coordinates":[-117.3705,47.7351]},"properties":{"Plant_Name":"Northeast (WA)","State":"Washington","PrimSource":"natural gas","Total_MW":45,"Utility_Na":"Avista Corp","City":"Spokane"}},{"type":"Feature","geometry":{"type":"Point","coordinates":[-122.2819,37.7968]},"properties":{"Plant_Name":"Dynegy Oakland Power Plant","State":"California","PrimSource":"petroleum","Total_MW":110,"Utility_Na":"Dynegy Oakland, LLC","City":"Oakland"}},{"type":"Feature","geometry":{"type":"Point","coordinates":[-119.8653,47.9469]},"properties":{"Plant_Name":"Wells","State":"Washington","PrimSource":"hydroelectric","Total_MW":875,"Utility_Na":"PUD No 1 of Douglas County","City":"Pateros"}},{"type":"Feature","geometry":{"type":"Point","coordinates":[-119.908,46.6451]},"properties":{"Plant_Name":"Priest Rapids","State":"Washington","PrimSource":"hydroelectric","Total_MW":950,"Utility_Na":"PUD No 2 of Grant County","City":"Mattawa"}},{"type":"Feature","geometry":{"type":"Point","coordinates":[-119.9703,46.8731]},"properties":{"Plant_Name":"Wanapum","State":"Washington","PrimSource":"hydroelectric","Total_MW":1220,"Utility_Na":"PUD No 2 of Grant County","City":"Beverly"}},{"type":"Feature","geometry":{"type":"Point","coordinates":[-117.4183,48.7809]},"properties":{"Plant_Name":"Box Canyon","State":"Washington","PrimSource":"hydroelectric","Total_MW":90,"Utility_Na":"PUD No 1 of Pend Oreille County","City":"Ione"}},{"type":"Feature","geometry":{"type":"Point","coordinates":[-121.1346,45.614]},"properties":{"Plant_Name":"The Dalles","State":"Oregon","PrimSource":"hydroelectric","Total_MW":1822.7,"Utility_Na":"USACE Northwestern Division","City":"The Dalles"}},{"type":"Feature","geometry":{"type":"Point","coordinates":[-122.3102,46.8016]},"properties":{"Plant_Name":"Alder","State":"Washington","PrimSource":"hydroelectric","Total_MW":51,"Utility_Na":"City of Tacoma - (WA)","City":"La Grande"}},{"type":"Feature","geometry":{"type":"Point","coordinates":[-123.2252,47.4181]},"properties":{"Plant_Name":"Cushman 1","State":"Washington","PrimSource":"hydroelectric","Total_MW":53.4,"Utility_Na":"City of Tacoma - (WA)","City":"Shelton"}},{"type":"Feature","geometry":{"type":"Point","coordinates":[-123.1603,47.3698]},"properties":{"Plant_Name":"Cushman 2","State":"Washington","PrimSource":"hydroelectric","Total_MW":93.6,"Utility_Na":"City of Tacoma - (WA)","City":"Shelton"}},{"type":"Feature","geometry":{"type":"Point","coordinates":[-122.3196,46.8328]},"properties":{"Plant_Name":"LaGrande","State":"Washington","PrimSource":"hydroelectric","Total_MW":64,"Utility_Na":"City of Tacoma - (WA)","City":"La Grande"}},{"type":"Feature","geometry":{"type":"Point","coordinates":[-122.5885,46.5035]},"properties":{"Plant_Name":"Mayfield","State":"Washington","PrimSource":"hydroelectric","Total_MW":164,"Utility_Na":"City of Tacoma - (WA)","City":"Silver Creek"}},{"type":"Feature","geometry":{"type":"Point","coordinates":[-122.4247,46.5347]},"properties":{"Plant_Name":"Mossyrock","State":"Washington","PrimSource":"hydroelectric","Total_MW":343,"Utility_Na":"City of Tacoma - (WA)","City":"Silver Creek"}},{"type":"Feature","geometry":{"type":"Point","coordinates":[-119.6404,47.9951]},"properties":{"Plant_Name":"Chief Joseph","State":"Washington","PrimSource":"hydroelectric","Total_MW":2456.2,"Utility_Na":"USACE Northwestern Division","City":"Bridgeport"}},{"type":"Feature","geometry":{"type":"Point","coordinates":[-118.8798,46.2498]},"properties":{"Plant_Name":"Ice Harbor","State":"Washington","PrimSource":"hydroelectric","Total_MW":513,"Utility_Na":"USACE Northwestern Division","City":"Burbank"}},{"type":"Feature","geometry":{"type":"Point","coordinates":[-118.0273,46.5838]},"properties":{"Plant_Name":"Little Goose","State":"Washington","PrimSource":"hydroelectric","Total_MW":810,"Utility_Na":"USACE Northwestern Division","City":"Dayton"}},{"type":"Feature","geometry":{"type":"Point","coordinates":[-118.5397,46.5635]},"properties":{"Plant_Name":"Lower Monumental","State":"Washington","PrimSource":"hydroelectric","Total_MW":810,"Utility_Na":"USACE Northwestern Division","City":"Kahlotus"}},{"type":"Feature","geometry":{"type":"Point","coordinates":[-121.5694,46.5958]},"properties":{"Plant_Name":"Packwood","State":"Washington","PrimSource":"hydroelectric","Total_MW":26,"Utility_Na":"Energy Northwest","City":"Packwood"}},{"type":"Feature","geometry":{"type":"Point","coordinates":[-103.6803,40.2217]},"properties":{"Plant_Name":"Pawnee","State":"Colorado","PrimSource":"coal","Total_MW":505,"Utility_Na":"Public Service Co of Colorado","City":"Brush"}},{"type":"Feature","geometry":{"type":"Point","coordinates":[-122.2594,46.0594]},"properties":{"Plant_Name":"Swift 2","State":"Washington","PrimSource":"hydroelectric","Total_MW":65,"Utility_Na":"PacifiCorp","City":"Cougar"}},{"type":"Feature","geometry":{"type":"Point","coordinates":[-111.2833,43.9135]},"properties":{"Plant_Name":"Felt","State":"Idaho","PrimSource":"hydroelectric","Total_MW":5.9,"Utility_Na":"Fall River Rural Elec Coop Inc","City":"Felt"}},{"type":"Feature","geometry":{"type":"Point","coordinates":[-110.8934,42.9051]},"properties":{"Plant_Name":"Strawberry Creek","State":"Wyoming","PrimSource":"hydroelectric","Total_MW":1.5,"Utility_Na":"Lower Valley Energy Inc","City":"Bedford"}},{"type":"Feature","geometry":{"type":"Point","coordinates":[-110.9166,42.7284]},"properties":{"Plant_Name":"Swift Creek","State":"Wyoming","PrimSource":"hydroelectric","Total_MW":1.7,"Utility_Na":"Lower Valley Energy Inc","City":"Afton"}},{"type":"Feature","geometry":{"type":"Point","coordinates":[-115.4515,43.3571]},"properties":{"Plant_Name":"Anderson Ranch","State":"Idaho","PrimSource":"hydroelectric","Total_MW":40,"Utility_Na":"U S Bureau of Reclamation","City":"Mountain Home"}},{"type":"Feature","geometry":{"type":"Point","coordinates":[-116.4372,43.9305]},"properties":{"Plant_Name":"Black Canyon","State":"Idaho","PrimSource":"hydroelectric","Total_MW":10.2,"Utility_Na":"U S Bureau of Reclamation","City":"Emmet"}},{"type":"Feature","geometry":{"type":"Point","coordinates":[-116.0938,43.5377]},"properties":{"Plant_Name":"Boise R Diversion","State":"Idaho","PrimSource":"hydroelectric","Total_MW":3.3,"Utility_Na":"U S Bureau of Reclamation","City":"Boise"}},{"type":"Feature","geometry":{"type":"Point","coordinates":[-113.4832,42.6699]},"properties":{"Plant_Name":"Minidoka","State":"Idaho","PrimSource":"hydroelectric","Total_MW":27.7,"Utility_Na":"U S Bureau of Reclamation","City":"Rupert"}},{"type":"Feature","geometry":{"type":"Point","coordinates":[-111.7279,46.649]},"properties":{"Plant_Name":"Canyon Ferry","State":"Montana","PrimSource":"hydroelectric","Total_MW":57.6,"Utility_Na":"U S Bureau of Reclamation","City":"Helena"}},{"type":"Feature","geometry":{"type":"Point","coordinates":[-107.192,33.1534]},"properties":{"Plant_Name":"Elephant Butte","State":"New Mexico","PrimSource":"hydroelectric","Total_MW":27.9,"Utility_Na":"U S Bureau of Reclamation","City":"Truth or Consequences"}},{"type":"Feature","geometry":{"type":"Point","coordinates":[-122.5479,42.1212]},"properties":{"Plant_Name":"Green Springs","State":"Oregon","PrimSource":"hydroelectric","Total_MW":17.2,"Utility_Na":"U S Bureau of Reclamation","City":"Columbia Falls"}},{"type":"Feature","geometry":{"type":"Point","coordinates":[-111.5284,40.4044]},"properties":{"Plant_Name":"Deer Creek (UT)","State":"Utah","PrimSource":"hydroelectric","Total_MW":5.4,"Utility_Na":"U S Bureau of Reclamation","City":"Heber"}},{"type":"Feature","geometry":{"type":"Point","coordinates":[-109.4217,40.9146]},"properties":{"Plant_Name":"Flaming Gorge","State":"Utah","PrimSource":"hydroelectric","Total_MW":151.8,"Utility_Na":"U S Bureau of Reclamation","City":"Dutch John"}},{"type":"Feature","geometry":{"type":"Point","coordinates":[-119.5898,46.2668]},"properties":{"Plant_Name":"Chandler","State":"Washington","PrimSource":"hydroelectric","Total_MW":12,"Utility_Na":"U S Bureau of Reclamation","City":"Benton City"}},{"type":"Feature","geometry":{"type":"Point","coordinates":[-120.4778,46.6184]},"properties":{"Plant_Name":"Roza","State":"Washington","PrimSource":"hydroelectric","Total_MW":12.9,"Utility_Na":"U S Bureau of Reclamation","City":"Yakima"}},{"type":"Feature","geometry":{"type":"Point","coordinates":[-109.1296,44.5138]},"properties":{"Plant_Name":"Heart Mountain","State":"Wyoming","PrimSource":"hydroelectric","Total_MW":5,"Utility_Na":"U S Bureau of Reclamation","City":"Cody"}},{"type":"Feature","geometry":{"type":"Point","coordinates":[-106.7175,42.5484]},"properties":{"Plant_Name":"Alcova","State":"Wyoming","PrimSource":"hydroelectric","Total_MW":41.4,"Utility_Na":"U S Bureau of Reclamation","City":"Alcova"}},{"type":"Feature","geometry":{"type":"Point","coordinates":[-122.4025,43.2806]},"properties":{"Plant_Name":"Lemolo 2","State":"Oregon","PrimSource":"hydroelectric","Total_MW":38.5,"Utility_Na":"PacifiCorp","City":"Toketee Falls"}},{"type":"Feature","geometry":{"type":"Point","coordinates":[-111.6338,45.4879]},"properties":{"Plant_Name":"Madison Dam","State":"Montana","PrimSource":"hydroelectric","Total_MW":16.4,"Utility_Na":"NorthWestern Energy (MT Hydro)","City":"Ennis"}},{"type":"Feature","geometry":{"type":"Point","coordinates":[-120.0133,47.8347]},"properties":{"Plant_Name":"Chelan","State":"Washington","PrimSource":"hydroelectric","Total_MW":62.1,"Utility_Na":"PUD No 1 of Chelan County","City":"Wenatchee"}},{"type":"Feature","geometry":{"type":"Point","coordinates":[-121.7819,47.4193]},"properties":{"Plant_Name":"Cedar Falls (WA)","State":"Washington","PrimSource":"hydroelectric","Total_MW":30,"Utility_Na":"City of Seattle - (WA)","City":"North Bend"}},{"type":"Feature","geometry":{"type":"Point","coordinates":[-121.2086,48.6981]},"properties":{"Plant_Name":"Gorge","State":"Washington","PrimSource":"hydroelectric","Total_MW":193,"Utility_Na":"City of Seattle - (WA)","City":"Rockport"}},{"type":"Feature","geometry":{"type":"Point","coordinates":[-121.1317,48.7139]},"properties":{"Plant_Name":"Diablo","State":"Washington","PrimSource":"hydroelectric","Total_MW":182.4,"Utility_Na":"City of Seattle - (WA)","City":"Rockport"}},{"type":"Feature","geometry":{"type":"Point","coordinates":[-117.3478,48.9871]},"properties":{"Plant_Name":"Boundary","State":"Washington","PrimSource":"hydroelectric","Total_MW":1144.9,"Utility_Na":"City of Seattle - (WA)","City":"Metaline"}},{"type":"Feature","geometry":{"type":"Point","coordinates":[-117.9093,34.1548]},"properties":{"Plant_Name":"Azusa","State":"California","PrimSource":"hydroelectric","Total_MW":2,"Utility_Na":"City of Pasadena - (CA)","City":"Azusa"}},{"type":"Feature","geometry":{"type":"Point","coordinates":[-105.7769,42.8378]},"properties":{"Plant_Name":"Dave Johnston","State":"Wyoming","PrimSource":"coal","Total_MW":745,"Utility_Na":"PacifiCorp","City":"Glen Rock"}},{"type":"Feature","geometry":{"type":"Point","coordinates":[-110.5983,41.7581]},"properties":{"Plant_Name":"Naughton","State":"Wyoming","PrimSource":"coal","Total_MW":604,"Utility_Na":"PacifiCorp","City":"Kemmerer"}},{"type":"Feature","geometry":{"type":"Point","coordinates":[-106.7959,42.4766]},"properties":{"Plant_Name":"Fremont Canyon","State":"Wyoming","PrimSource":"hydroelectric","Total_MW":66.8,"Utility_Na":"U S Bureau of Reclamation","City":"Alcova"}},{"type":"Feature","geometry":{"type":"Point","coordinates":[-104.9555,42.4673]},"properties":{"Plant_Name":"Glendo","State":"Wyoming","PrimSource":"hydroelectric","Total_MW":38,"Utility_Na":"U S Bureau of Reclamation","City":"Glendo"}},{"type":"Feature","geometry":{"type":"Point","coordinates":[-114.0708,48.0592]},"properties":{"Plant_Name":"Big Fork","State":"Montana","PrimSource":"hydroelectric","Total_MW":4.6,"Utility_Na":"PacifiCorp","City":"Big Fork"}},{"type":"Feature","geometry":{"type":"Point","coordinates":[-118.4547,34.5902]},"properties":{"Plant_Name":"San Francisquito 1","State":"California","PrimSource":"hydroelectric","Total_MW":77,"Utility_Na":"Los Angeles Department of Water & Power","City":"Saugus"}},{"type":"Feature","geometry":{"type":"Point","coordinates":[-118.5251,34.5343]},"properties":{"Plant_Name":"San Francisquito 2","State":"California","PrimSource":"hydroelectric","Total_MW":44.9,"Utility_Na":"Los Angeles Department of Water & Power","City":"Saugus"}},{"type":"Feature","geometry":{"type":"Point","coordinates":[-112.5802,39.5097]},"properties":{"Plant_Name":"Intermountain Power Project","State":"Utah","PrimSource":"coal","Total_MW":1800,"Utility_Na":"Los Angeles Department of Water & Power","City":"Delta"}},{"type":"Feature","geometry":{"type":"Point","coordinates":[-121.3133,44.0623]},"properties":{"Plant_Name":"Bend","State":"Oregon","PrimSource":"hydroelectric","Total_MW":1,"Utility_Na":"PacifiCorp","City":"Bend"}},{"type":"Feature","geometry":{"type":"Point","coordinates":[-122.0699,45.122]},"properties":{"Plant_Name":"Oak Grove","State":"Oregon","PrimSource":"hydroelectric","Total_MW":44,"Utility_Na":"Portland General Electric Co","City":"Estacada"}},{"type":"Feature","geometry":{"type":"Point","coordinates":[-116.1752,48.7339]},"properties":{"Plant_Name":"Moyie Springs","State":"Idaho","PrimSource":"hydroelectric","Total_MW":4.3,"Utility_Na":"City of Bonners Ferry","City":"Moyie Springs"}},{"type":"Feature","geometry":{"type":"Point","coordinates":[-120.5342,46.4492]},"properties":{"Plant_Name":"Drop 2 (WA)","State":"Washington","PrimSource":"hydroelectric","Total_MW":2.1,"Utility_Na":"Yakama Power","City":"Wapato"}},{"type":"Feature","geometry":{"type":"Point","coordinates":[-120.56,46.4231]},"properties":{"Plant_Name":"Drop 3 (WA)","State":"Washington","PrimSource":"hydroelectric","Total_MW":1,"Utility_Na":"Yakama Power","City":"Wapato"}},{"type":"Feature","geometry":{"type":"Point","coordinates":[-119.7478,39.1522]},"properties":{"Plant_Name":"Brunswick","State":"Nevada","PrimSource":"petroleum","Total_MW":6,"Utility_Na":"Sierra Pacific Power Co","City":"Carson City"}},{"type":"Feature","geometry":{"type":"Point","coordinates":[-119.5933,39.2851]},"properties":{"Plant_Name":"Fleish","State":"Nevada","PrimSource":"hydroelectric","Total_MW":2.5,"Utility_Na":"Truckee Meadows Water Authority","City":"Fleish"}},{"type":"Feature","geometry":{"type":"Point","coordinates":[-110.9313,31.3635]},"properties":{"Plant_Name":"Valencia","State":"Arizona","PrimSource":"natural gas","Total_MW":60.3,"Utility_Na":"UNS Electric, Inc","City":"Nogales"}},{"type":"Feature","geometry":{"type":"Point","coordinates":[-103.7136,38.0492]},"properties":{"Plant_Name":"Rocky Ford","State":"Colorado","PrimSource":"petroleum","Total_MW":10,"Utility_Na":"Black Hills Colorado Electric, LLC","City":"Rocky Ford"}},{"type":"Feature","geometry":{"type":"Point","coordinates":[-120.0272,39.2458]},"properties":{"Plant_Name":"Kings Beach","State":"California","PrimSource":"petroleum","Total_MW":12,"Utility_Na":"Liberty Utilities (CalPeco Electric) LLC","City":"Kings Beach"}},{"type":"Feature","geometry":{"type":"Point","coordinates":[-119.0667,39.4625]},"properties":{"Plant_Name":"Lahontan","State":"Nevada","PrimSource":"hydroelectric","Total_MW":1.8,"Utility_Na":"Truckee-Carson Irrigation District","City":"Fallon"}},{"type":"Feature","geometry":{"type":"Point","coordinates":[-119.585,39.3125]},"properties":{"Plant_Name":"Verdi","State":"Nevada","PrimSource":"hydroelectric","Total_MW":2.4,"Utility_Na":"Truckee Meadows Water Authority","City":"Verdi"}},{"type":"Feature","geometry":{"type":"Point","coordinates":[-119.5604,39.3022]},"properties":{"Plant_Name":"Washoe","State":"Nevada","PrimSource":"hydroelectric","Total_MW":1.8,"Utility_Na":"Truckee Meadows Water Authority","City":"Verdi"}},{"type":"Feature","geometry":{"type":"Point","coordinates":[-111.8006,40.585]},"properties":{"Plant_Name":"Little Cottonwood","State":"Utah","PrimSource":"hydroelectric","Total_MW":4.8,"Utility_Na":"City of Murray - (UT)","City":"Sandy"}},{"type":"Feature","geometry":{"type":"Point","coordinates":[-122.6712,44.4146]},"properties":{"Plant_Name":"Foster","State":"Oregon","PrimSource":"hydroelectric","Total_MW":20,"Utility_Na":"USACE Northwestern Division","City":"Foster"}},{"type":"Feature","geometry":{"type":"Point","coordinates":[-120.4443,38.8643]},"properties":{"Plant_Name":"Union Valley","State":"California","PrimSource":"hydroelectric","Total_MW":38.6,"Utility_Na":"Sacramento Municipal Util Dist","City":"Fresh Pond"}},{"type":"Feature","geometry":{"type":"Point","coordinates":[-102.2431,39.3561]},"properties":{"Plant_Name":"Burlington (CO)","State":"Colorado","PrimSource":"petroleum","Total_MW":100,"Utility_Na":"Tri-State G & T Assn, Inc","City":"Burlington"}},{"type":"Feature","geometry":{"type":"Point","coordinates":[-106.4123,48.0122]},"properties":{"Plant_Name":"Fort Peck","State":"Montana","PrimSource":"hydroelectric","Total_MW":218,"Utility_Na":"USACE-Omaha","City":"Fort Peck"}},{"type":"Feature","geometry":{"type":"Point","coordinates":[-117.4537,33.8553]},"properties":{"Plant_Name":"Lake Mathews","State":"California","PrimSource":"hydroelectric","Total_MW":4.9,"Utility_Na":"Metropolitan Water District of S CA","City":"Riverside"}},{"type":"Feature","geometry":{"type":"Point","coordinates":[-118.6092,34.5148]},"properties":{"Plant_Name":"Foothill Feeder","State":"California","PrimSource":"hydroelectric","Total_MW":7.1,"Utility_Na":"Metropolitan Water District of S CA","City":"Castaic"}},{"type":"Feature","geometry":{"type":"Point","coordinates":[-117.7958,34.1275]},"properties":{"Plant_Name":"San Dimas","State":"California","PrimSource":"hydroelectric","Total_MW":9.9,"Utility_Na":"Metropolitan Water District of S CA","City":"San Dimas"}},{"type":"Feature","geometry":{"type":"Point","coordinates":[-117.8192,33.9117]},"properties":{"Plant_Name":"Yorba Linda","State":"California","PrimSource":"hydroelectric","Total_MW":5.1,"Utility_Na":"Metropolitan Water District of S CA","City":"Yorba Linda"}},{"type":"Feature","geometry":{"type":"Point","coordinates":[-118.3103,33.3331]},"properties":{"Plant_Name":"Pebbly Beach Generating Station Hybrid","State":"California","PrimSource":"petroleum","Total_MW":12.7,"Utility_Na":"Southern California Edison Co","City":"Avalon"}},{"type":"Feature","geometry":{"type":"Point","coordinates":[-105.0212,40.8609]},"properties":{"Plant_Name":"Rawhide","State":"Colorado","PrimSource":"natural gas","Total_MW":668,"Utility_Na":"Platte River Power Authority","City":"Wellington"}},{"type":"Feature","geometry":{"type":"Point","coordinates":[-112.0625,43.4687]},"properties":{"Plant_Name":"Lower No 1","State":"Idaho","PrimSource":"hydroelectric","Total_MW":8,"Utility_Na":"City of Idaho Falls - (ID)","City":"Idaho Falls"}},{"type":"Feature","geometry":{"type":"Point","coordinates":[-111.4187,39.5441]},"properties":{"Plant_Name":"Unit 4","State":"Utah","PrimSource":"hydroelectric","Total_MW":1.3,"Utility_Na":"City of Mt Pleasant - (UT)","City":"Mt Pleasent"}},{"type":"Feature","geometry":{"type":"Point","coordinates":[-111.6203,40.1817]},"properties":{"Plant_Name":"Whitehead","State":"Utah","PrimSource":"natural gas","Total_MW":24.4,"Utility_Na":"City of Springville - (UT)","City":"Springville"}},{"type":"Feature","geometry":{"type":"Point","coordinates":[-111.7832,41.7437]},"properties":{"Plant_Name":"Hydro II","State":"Utah","PrimSource":"hydroelectric","Total_MW":6.2,"Utility_Na":"City of Logan - (UT)","City":"Logan"}},{"type":"Feature","geometry":{"type":"Point","coordinates":[-110.5739,44.415]},"properties":{"Plant_Name":"Lake (WY)","State":"Wyoming","PrimSource":"petroleum","Total_MW":2.7,"Utility_Na":"NorthWestern Energy (MT wind/thermal)","City":"Yellowstone"}},{"type":"Feature","geometry":{"type":"Point","coordinates":[-120.1046,39.4704]},"properties":{"Plant_Name":"Stampede","State":"California","PrimSource":"hydroelectric","Total_MW":3.6,"Utility_Na":"U S Bureau of Reclamation","City":"Truckee"}},{"type":"Feature","geometry":{"type":"Point","coordinates":[-117.3235,34.3074]},"properties":{"Plant_Name":"Mojave Siphon","State":"California","PrimSource":"hydroelectric","Total_MW":32.4,"Utility_Na":"California Dept. of Water Resources","City":"Hesperia"}},{"type":"Feature","geometry":{"type":"Point","coordinates":[-114.9082,42.7664]},"properties":{"Plant_Name":"Upper Salmon B","State":"Idaho","PrimSource":"hydroelectric","Total_MW":18.8,"Utility_Na":"Idaho Power Co","City":"Hagerman"}},{"type":"Feature","geometry":{"type":"Point","coordinates":[-113.5689,37.1137]},"properties":{"Plant_Name":"St George Red Rock","State":"Utah","PrimSource":"petroleum","Total_MW":14,"Utility_Na":"City of St George","City":"St George"}},{"type":"Feature","geometry":{"type":"Point","coordinates":[-114.9024,36.4306]},"properties":{"Plant_Name":"Harry Allen","State":"Nevada","PrimSource":"natural gas","Total_MW":654,"Utility_Na":"Nevada Power Co","City":"Las Vegas"}},{"type":"Feature","geometry":{"type":"Point","coordinates":[-111.4252,40.5037]},"properties":{"Plant_Name":"Heber City","State":"Utah","PrimSource":"natural gas","Total_MW":17.5,"Utility_Na":"Heber Light & Power Company","City":"Heber City"}},{"type":"Feature","geometry":{"type":"Point","coordinates":[-119.8963,47.1596]},"properties":{"Plant_Name":"PEC Headworks","State":"Washington","PrimSource":"hydroelectric","Total_MW":6.6,"Utility_Na":"PUD No 2 of Grant County","City":"Moses Lake"}},{"type":"Feature","geometry":{"type":"Point","coordinates":[-123.6052,47.3851]},"properties":{"Plant_Name":"Wynoochee","State":"Washington","PrimSource":"hydroelectric","Total_MW":15.5,"Utility_Na":"City of Tacoma - (WA)","City":"Montesano"}},{"type":"Feature","geometry":{"type":"Point","coordinates":[-121.5464,39.5287]},"properties":{"Plant_Name":"Thermalito Diverson Dam","State":"California","PrimSource":"hydroelectric","Total_MW":3,"Utility_Na":"California Dept. of Water Resources","City":"Oroville"}},{"type":"Feature","geometry":{"type":"Point","coordinates":[-111.8485,41.2543]},"properties":{"Plant_Name":"Pine View Dam","State":"Utah","PrimSource":"hydroelectric","Total_MW":1.8,"Utility_Na":"City of Bountiful","City":"Ogden"}},{"type":"Feature","geometry":{"type":"Point","coordinates":[-117.0395,34.088]},"properties":{"Plant_Name":"Mill Creek 3","State":"California","PrimSource":"hydroelectric","Total_MW":3,"Utility_Na":"Southern California Edison Co","City":"Mill Creek"}},{"type":"Feature","geometry":{"type":"Point","coordinates":[-122.5332,39.5869]},"properties":{"Plant_Name":"Stony Gorge","State":"California","PrimSource":"hydroelectric","Total_MW":5,"Utility_Na":"City of Santa Clara - (CA)","City":"Elk Creek"}},{"type":"Feature","geometry":{"type":"Point","coordinates":[-112.2714,33.8447]},"properties":{"Plant_Name":"Waddell","State":"Arizona","PrimSource":"pumped storage","Total_MW":40,"Utility_Na":"Central Arizona Water Conservation Dist","City":"Peoria"}},{"type":"Feature","geometry":{"type":"Point","coordinates":[-114.2774,34.1683]},"properties":{"Plant_Name":"Headgate Rock","State":"Arizona","PrimSource":"hydroelectric","Total_MW":19.5,"Utility_Na":"Colorado River Indian Irr Proj","City":"Parker"}},{"type":"Feature","geometry":{"type":"Point","coordinates":[-122.5387,40.5976]},"properties":{"Plant_Name":"Whiskeytown","State":"California","PrimSource":"hydroelectric","Total_MW":3.5,"Utility_Na":"City of Redding - (CA)","City":"Whiskeytown"}},{"type":"Feature","geometry":{"type":"Point","coordinates":[-114.0369,42.5268]},"properties":{"Plant_Name":"Milner Hydro","State":"Idaho","PrimSource":"hydroelectric","Total_MW":48.3,"Utility_Na":"Idaho Power Co","City":"Murtaugh"}},{"type":"Feature","geometry":{"type":"Point","coordinates":[-122.3323,39.8149]},"properties":{"Plant_Name":"Black Butte","State":"California","PrimSource":"hydroelectric","Total_MW":6.1,"Utility_Na":"City of Santa Clara - (CA)","City":"Orland"}},{"type":"Feature","geometry":{"type":"Point","coordinates":[-121.9687,37.401]},"properties":{"Plant_Name":"Gianera","State":"California","PrimSource":"natural gas","Total_MW":49.6,"Utility_Na":"City of Santa Clara - (CA)","City":"Santa Clara"}},{"type":"Feature","geometry":{"type":"Point","coordinates":[-104.9011,38.9737]},"properties":{"Plant_Name":"Tesla","State":"Colorado","PrimSource":"hydroelectric","Total_MW":28,"Utility_Na":"City of Colorado Springs - (CO)","City":"Colorado Springs"}},{"type":"Feature","geometry":{"type":"Point","coordinates":[-122.7197,46.7844]},"properties":{"Plant_Name":"Skookumchuck","State":"Washington","PrimSource":"hydroelectric","Total_MW":1,"Utility_Na":"TransAlta Centralia Gen LLC","City":"Tenino"}},{"type":"Feature","geometry":{"type":"Point","coordinates":[-121.0204,37.6526]},"properties":{"Plant_Name":"Woodland","State":"California","PrimSource":"natural gas","Total_MW":177.2,"Utility_Na":"Modesto Irrigation District","City":"Modesto"}},{"type":"Feature","geometry":{"type":"Point","coordinates":[-117.155,43.7719]},"properties":{"Plant_Name":"Michell Butte Power Project","State":"Oregon","PrimSource":"hydroelectric","Total_MW":2,"Utility_Na":"Owyhee Irrigation District","City":"Nyssa"}},{"type":"Feature","geometry":{"type":"Point","coordinates":[-117.2437,43.6416]},"properties":{"Plant_Name":"Owyhee Dam Power Project","State":"Oregon","PrimSource":"hydroelectric","Total_MW":5,"Utility_Na":"Owyhee Irrigation District","City":"Nyssa"}},{"type":"Feature","geometry":{"type":"Point","coordinates":[-117.2327,43.642]},"properties":{"Plant_Name":"Tunnel 1 Power Project","State":"Oregon","PrimSource":"hydroelectric","Total_MW":8.5,"Utility_Na":"Owyhee Irrigation District","City":"Nyssa"}},{"type":"Feature","geometry":{"type":"Point","coordinates":[-115.5119,32.9038]},"properties":{"Plant_Name":"Mesquite Lake Energy Park Plant 2","State":"California","PrimSource":"biomass","Total_MW":15.5,"Utility_Na":"Mesquite Lake Energy Park","City":"Imperial"}},{"type":"Feature","geometry":{"type":"Point","coordinates":[-118.6242,34.2619]},"properties":{"Plant_Name":"East Portal Generator","State":"California","PrimSource":"hydroelectric","Total_MW":1.2,"Utility_Na":"Calleguas Mun Water District","City":"Chatsworth"}},{"type":"Feature","geometry":{"type":"Point","coordinates":[-117.3319,47.6822]},"properties":{"Plant_Name":"Upriver Dam Hydro Plant","State":"Washington","PrimSource":"hydroelectric","Total_MW":4.5,"Utility_Na":"City of Spokane","City":"Spokane"}},{"type":"Feature","geometry":{"type":"Point","coordinates":[-118.2547,46.0883]},"properties":{"Plant_Name":"Twin Reservoirs","State":"Washington","PrimSource":"hydroelectric","Total_MW":1.8,"Utility_Na":"Walla Walla City of","City":"Walla Walla"}},{"type":"Feature","geometry":{"type":"Point","coordinates":[-119.7035,36.9977]},"properties":{"Plant_Name":"Friant Hydro Facility","State":"California","PrimSource":"hydroelectric","Total_MW":39.4,"Utility_Na":"Friant Power Authority","City":"Friant"}},{"type":"Feature","geometry":{"type":"Point","coordinates":[-123.4156,43.0895]},"properties":{"Plant_Name":"Dillard Complex","State":"Oregon","PrimSource":"biomass","Total_MW":51.5,"Utility_Na":"Roseburg Forest Products Co","City":"Dillard"}},{"type":"Feature","geometry":{"type":"Point","coordinates":[-120.15,38.1861]},"properties":{"Plant_Name":"Sand Bar Power Plant","State":"California","PrimSource":"hydroelectric","Total_MW":15.6,"Utility_Na":"Tri-Dam Power Authority","City":"Stanislaus Ntl. Fores"}},{"type":"Feature","geometry":{"type":"Point","coordinates":[-120.6775,46.5964]},"properties":{"Plant_Name":"Orchard Avenue 1","State":"Washington","PrimSource":"hydroelectric","Total_MW":1.6,"Utility_Na":"Yakima-Tieton Irrigation Dist","City":"Yakima"}},{"type":"Feature","geometry":{"type":"Point","coordinates":[-120.7372,46.6926]},"properties":{"Plant_Name":"Cowiche","State":"Washington","PrimSource":"hydroelectric","Total_MW":1.6,"Utility_Na":"Yakima-Tieton Irrigation Dist","City":"Tieton"}},{"type":"Feature","geometry":{"type":"Point","coordinates":[-106.3748,39.2527]},"properties":{"Plant_Name":"Sugarloaf Hydro Plant","State":"Colorado","PrimSource":"hydroelectric","Total_MW":2.5,"Utility_Na":"Eagle Creek Renewable Energy, LLC","City":"Leadville"}},{"type":"Feature","geometry":{"type":"Point","coordinates":[-119.1667,34.196]},"properties":{"Plant_Name":"Oxnard","State":"California","PrimSource":"natural gas","Total_MW":70.9,"Utility_Na":"Procter&Gamble Paper Products Co-Oxnard","City":"Oxnard"}},{"type":"Feature","geometry":{"type":"Point","coordinates":[-117.2467,32.6792]},"properties":{"Plant_Name":"Gas Utilization Facility","State":"California","PrimSource":"biomass","Total_MW":5.6,"Utility_Na":"City of San Diego","City":"San Diego"}},{"type":"Feature","geometry":{"type":"Point","coordinates":[-119.046,35.5005]},"properties":{"Plant_Name":"Double C Generation Limited Partnership","State":"California","PrimSource":"natural gas","Total_MW":46,"Utility_Na":"WCAC Operating Company","City":"Bakersfield"}},{"type":"Feature","geometry":{"type":"Point","coordinates":[-119.0401,35.5165]},"properties":{"Plant_Name":"Kern Front Limited","State":"California","PrimSource":"natural gas","Total_MW":46,"Utility_Na":"WCAC Operating Company","City":"Bakersfield"}},{"type":"Feature","geometry":{"type":"Point","coordinates":[-119.0305,35.509]},"properties":{"Plant_Name":"High Sierra Limited","State":"California","PrimSource":"natural gas","Total_MW":46,"Utility_Na":"WCAC Operating Company","City":"Bakersfield"}},{"type":"Feature","geometry":{"type":"Point","coordinates":[-118.2347,33.7917]},"properties":{"Plant_Name":"Equilon Los Angeles Refining","State":"California","PrimSource":"other","Total_MW":62.2,"Utility_Na":"Tesoro Refining and Marketing Company","City":"Wilmington"}},{"type":"Feature","geometry":{"type":"Point","coordinates":[-118.3833,35.0686]},"properties":{"Plant_Name":"Victory Garden (Tehachapi)","State":"California","PrimSource":"wind","Total_MW":18.8,"Utility_Na":"Wind Stream Operations LLC","City":"Tehachapi"}},{"type":"Feature","geometry":{"type":"Point","coordinates":[-116.6183,33.9369]},"properties":{"Plant_Name":"Painted Hills Wind Park","State":"California","PrimSource":"wind","Total_MW":46.8,"Utility_Na":"Terra-Gen Operating Co-Wind","City":"Whitewater"}},{"type":"Feature","geometry":{"type":"Point","coordinates":[-118.2469,35.2608]},"properties":{"Plant_Name":"Sky River Wind Energy Center","State":"California","PrimSource":"wind","Total_MW":60.2,"Utility_Na":"Sky River Wind LLC","City":"Tehachapi"}},{"type":"Feature","geometry":{"type":"Point","coordinates":[-122.1728,37.4553]},"properties":{"Plant_Name":"SRI International Cogen Project","State":"California","PrimSource":"natural gas","Total_MW":5.6,"Utility_Na":"IPT SRI Cogeneration Inc","City":"Menlo Park"}},{"type":"Feature","geometry":{"type":"Point","coordinates":[-118.2358,33.8153]},"properties":{"Plant_Name":"BP Carson Refinery","State":"California","PrimSource":"other","Total_MW":8,"Utility_Na":"Tesoro Carson Refinery","City":"Carson"}},{"type":"Feature","geometry":{"type":"Point","coordinates":[-118.2303,33.7771]},"properties":{"Plant_Name":"Harbor Cogen","State":"California","PrimSource":"natural gas","Total_MW":101.7,"Utility_Na":"Harbor Cogeneration Co.","City":"Wilmington"}},{"type":"Feature","geometry":{"type":"Point","coordinates":[-122.7958,48.0931]},"properties":{"Plant_Name":"Port Townsend Paper","State":"Washington","PrimSource":"biomass","Total_MW":7.8,"Utility_Na":"Port Townsend Paper Co","City":"Port Townsend"}},{"type":"Feature","geometry":{"type":"Point","coordinates":[-120.6534,39.4484]},"properties":{"Plant_Name":"Bowman","State":"California","PrimSource":"hydroelectric","Total_MW":3.6,"Utility_Na":"Nevada Irrigation District","City":"Nevada City"}},{"type":"Feature","geometry":{"type":"Point","coordinates":[-116.7103,33.915]},"properties":{"Plant_Name":"Salka Cabazon Wind","State":"California","PrimSource":"wind","Total_MW":38.9,"Utility_Na":"Salka Cabazon Wind LLC","City":"North Palm Springs"}},{"type":"Feature","geometry":{"type":"Point","coordinates":[-116.4603,33.8817]},"properties":{"Plant_Name":"Edom Hills Project 1 LLC","State":"California","PrimSource":"wind","Total_MW":20,"Utility_Na":"Edom Hills Project 1 LLC","City":"Cathedral City"}},{"type":"Feature","geometry":{"type":"Point","coordinates":[-120.4776,37.8741]},"properties":{"Plant_Name":"Pacific-Ultrapower Chinese Station","State":"California","PrimSource":"biomass","Total_MW":18,"Utility_Na":"IHI Power Services Corp","City":"Jamestown"}},{"type":"Feature","geometry":{"type":"Point","coordinates":[-121.6499,37.7493]},"properties":{"Plant_Name":"Altamont Gas Recovery","State":"California","PrimSource":"biomass","Total_MW":5.8,"Utility_Na":"WM Renewable Energy LLC","City":"Livermore"}},{"type":"Feature","geometry":{"type":"Point","coordinates":[-118.4784,34.0303]},"properties":{"Plant_Name":"Saint Johns Health Center","State":"California","PrimSource":"natural gas","Total_MW":1,"Utility_Na":"Saint John's Health Center","City":"Santa Monica"}},{"type":"Feature","geometry":{"type":"Point","coordinates":[-119.662,35.3195]},"properties":{"Plant_Name":"McKittrick Limited","State":"California","PrimSource":"natural gas","Total_MW":46,"Utility_Na":"WCAC Operating Company","City":"Bakersfield"}},{"type":"Feature","geometry":{"type":"Point","coordinates":[-119.4409,35.0898]},"properties":{"Plant_Name":"Berry Cogen Tanne Hills 18","State":"California","PrimSource":"natural gas","Total_MW":16,"Utility_Na":"Berry Petroleum Co","City":"Maricopa"}},{"type":"Feature","geometry":{"type":"Point","coordinates":[-118.33,33.8534]},"properties":{"Plant_Name":"Torrance Refining Company, LLC","State":"California","PrimSource":"other","Total_MW":49.3,"Utility_Na":"Torrance Refining Company, LLC","City":"Torrance"}},{"type":"Feature","geometry":{"type":"Point","coordinates":[-122.9628,45.0485]},"properties":{"Plant_Name":"Covanta Marion Inc","State":"Oregon","PrimSource":"biomass","Total_MW":11.5,"Utility_Na":"Covanta Marion Inc","City":"Brooks"}},{"type":"Feature","geometry":{"type":"Point","coordinates":[-116.9764,46.4231]},"properties":{"Plant_Name":"Clearwater Paper IPP Lewiston","State":"Idaho","PrimSource":"biomass","Total_MW":54.5,"Utility_Na":"Clearwater Paper Corporation","City":"Lewiston"}},{"type":"Feature","geometry":{"type":"Point","coordinates":[-119.7669,39.37]},"properties":{"Plant_Name":"Steamboat Hills LP","State":"Nevada","PrimSource":"geothermal","Total_MW":26.7,"Utility_Na":"Ormat Nevada Inc","City":"Reno"}},{"type":"Feature","geometry":{"type":"Point","coordinates":[-116.5106,33.8247]},"properties":{"Plant_Name":"Municipal Cogen Plant","State":"California","PrimSource":"natural gas","Total_MW":1.2,"Utility_Na":"Palm Springs City of","City":"Palm Springs"}},{"type":"Feature","geometry":{"type":"Point","coordinates":[-116.5781,33.934]},"properties":{"Plant_Name":"San Gorgonio Westwinds II LLC","State":"California","PrimSource":"wind","Total_MW":43.4,"Utility_Na":"Terra-Gen Operating Co-Wind","City":"North Palm Springs"}},{"type":"Feature","geometry":{"type":"Point","coordinates":[-117.9381,33.6942]},"properties":{"Plant_Name":"Plant No 1 Orange County","State":"California","PrimSource":"biomass","Total_MW":7.2,"Utility_Na":"Orange County Sanitation Dist","City":"Fountain Valley"}},{"type":"Feature","geometry":{"type":"Point","coordinates":[-123.1153,47.4706]},"properties":{"Plant_Name":"Lilliwaup Falls Generating","State":"Washington","PrimSource":"hydroelectric","Total_MW":1.4,"Utility_Na":"William G. Reed Jr","City":"Lilliwaup"}},{"type":"Feature","geometry":{"type":"Point","coordinates":[-104.7736,40.0986]},"properties":{"Plant_Name":"JM Shafer Generating Station","State":"Colorado","PrimSource":"natural gas","Total_MW":272,"Utility_Na":"Tri-State G & T Assn, Inc","City":"Ft. Lupton"}},{"type":"Feature","geometry":{"type":"Point","coordinates":[-114.4626,42.9544]},"properties":{"Plant_Name":"GeoBon II","State":"Idaho","PrimSource":"hydroelectric","Total_MW":1,"Utility_Na":"Koosh, Inc.","City":"Shoshone"}},{"type":"Feature","geometry":{"type":"Point","coordinates":[-121.9272,37.4058]},"properties":{"Plant_Name":"Agnews Power Plant","State":"California","PrimSource":"natural gas","Total_MW":28,"Utility_Na":"OLS Energy-Agnews Inc.","City":"San Jose"}},{"type":"Feature","geometry":{"type":"Point","coordinates":[-120.3641,36.1703]},"properties":{"Plant_Name":"Coalinga Cogeneration Facility","State":"California","PrimSource":"natural gas","Total_MW":6.4,"Utility_Na":"Aera Energy LLC-Coalinga","City":"Coalinga"}},{"type":"Feature","geometry":{"type":"Point","coordinates":[-118.9644,35.4206]},"properties":{"Plant_Name":"Southeast Kern River Cogen","State":"California","PrimSource":"natural gas","Total_MW":26.8,"Utility_Na":"Chevron USA Inc","City":"Bakersfield"}},{"type":"Feature","geometry":{"type":"Point","coordinates":[-119.7075,35.4386]},"properties":{"Plant_Name":"South Belridge Cogeneration Facility","State":"California","PrimSource":"natural gas","Total_MW":57,"Utility_Na":"AERA Energy LLC","City":"McKittrick"}},{"type":"Feature","geometry":{"type":"Point","coordinates":[-118.2764,35.0439]},"properties":{"Plant_Name":"Oak Creek Energy Systems I","State":"California","PrimSource":"wind","Total_MW":34.5,"Utility_Na":"Terra-Gen Operating Co-Wind","City":"Mojave"}},{"type":"Feature","geometry":{"type":"Point","coordinates":[-120.8149,38.1496]},"properties":{"Plant_Name":"New Hogan Power Plant","State":"California","PrimSource":"hydroelectric","Total_MW":2.8,"Utility_Na":"Modesto Irrigation District","City":"Valley Springs"}},{"type":"Feature","geometry":{"type":"Point","coordinates":[-118.5556,39.5475]},"properties":{"Plant_Name":"Stillwater Facility","State":"Nevada","PrimSource":"geothermal","Total_MW":62.2,"Utility_Na":"Ormat Stillwater LLC","City":"Fallon"}},{"type":"Feature","geometry":{"type":"Point","coordinates":[-115.2568,32.8156]},"properties":{"Plant_Name":"Ormesa I","State":"California","PrimSource":"geothermal","Total_MW":16,"Utility_Na":"Ormat Nevada Inc","City":"Holtville"}},{"type":"Feature","geometry":{"type":"Point","coordinates":[-116.5415,33.8909]},"properties":{"Plant_Name":"East Winds Project","State":"California","PrimSource":"wind","Total_MW":3,"Utility_Na":"Terra-Gen Operating Co-Wind","City":"Palm Springs"}},{"type":"Feature","geometry":{"type":"Point","coordinates":[-118.2642,35.045]},"properties":{"Plant_Name":"Mojave 16/17/18","State":"California","PrimSource":"wind","Total_MW":88.5,"Utility_Na":"Terra-Gen Operating Co-Wind","City":"Mojave"}},{"type":"Feature","geometry":{"type":"Point","coordinates":[-121.6878,47.4446]},"properties":{"Plant_Name":"Twin Falls Hydro","State":"Washington","PrimSource":"hydroelectric","Total_MW":22.8,"Utility_Na":"Central Rivers Power US, LLC","City":"North Bend"}},{"type":"Feature","geometry":{"type":"Point","coordinates":[-122.382,37.9676]},"properties":{"Plant_Name":"Nove Power Plant","State":"California","PrimSource":"biomass","Total_MW":3,"Utility_Na":"Nove Investments I LLC","City":"Richmond"}},{"type":"Feature","geometry":{"type":"Point","coordinates":[-122.2634,37.8703]},"properties":{"Plant_Name":"PE Berkeley","State":"California","PrimSource":"natural gas","Total_MW":24,"Utility_Na":"Berkeley Cogeneration Facility","City":"Berkeley"}},{"type":"Feature","geometry":{"type":"Point","coordinates":[-117.6809,33.9896]},"properties":{"Plant_Name":"CamChino Leasing LLC","State":"California","PrimSource":"natural gas","Total_MW":29,"Utility_Na":"CamChino Leasing LLC","City":"Chino"}},{"type":"Feature","geometry":{"type":"Point","coordinates":[-119.0479,34.162]},"properties":{"Plant_Name":"CSUCI Site Authority","State":"California","PrimSource":"natural gas","Total_MW":28.3,"Utility_Na":"CSUCI Site Authority","City":"Camarillo"}},{"type":"Feature","geometry":{"type":"Point","coordinates":[-120.8408,35.9359]},"properties":{"Plant_Name":"Sargent Canyon Cogeneration","State":"California","PrimSource":"natural gas","Total_MW":30,"Utility_Na":"Sargent Canyon Cogeneration Co","City":"Bakersfield"}},{"type":"Feature","geometry":{"type":"Point","coordinates":[-120.8679,35.9515]},"properties":{"Plant_Name":"Salinas River Cogeneration","State":"California","PrimSource":"natural gas","Total_MW":33,"Utility_Na":"Salinas River Cogeneration Co","City":"San Ardo"}},{"type":"Feature","geometry":{"type":"Point","coordinates":[-122.2792,40.4283]},"properties":{"Plant_Name":"Wheelabrator Shasta","State":"California","PrimSource":"biomass","Total_MW":56.4,"Utility_Na":"Shasta Sustainable Resource Management, Inc.","City":"Anderson"}},{"type":"Feature","geometry":{"type":"Point","coordinates":[-117.5042,47.6263]},"properties":{"Plant_Name":"Spokane Waste to Energy","State":"Washington","PrimSource":"biomass","Total_MW":22.7,"Utility_Na":"City of Spokane","City":"Spokane"}},{"type":"Feature","geometry":{"type":"Point","coordinates":[-116.3158,45.2178]},"properties":{"Plant_Name":"El Dorado Hydro Elk Creek","State":"Idaho","PrimSource":"hydroelectric","Total_MW":2.3,"Utility_Na":"Hydroland Omega LLC","City":"New Meadows"}},{"type":"Feature","geometry":{"type":"Point","coordinates":[-120.7785,38.7834]},"properties":{"Plant_Name":"Rock Creek LP","State":"California","PrimSource":"hydroelectric","Total_MW":3,"Utility_Na":"Hydroland Omega LLC","City":"Placerville"}},{"type":"Feature","geometry":{"type":"Point","coordinates":[-114.0575,42.5609]},"properties":{"Plant_Name":"Bypass","State":"Idaho","PrimSource":"hydroelectric","Total_MW":9.9,"Utility_Na":"North Side Energy Company","City":"Hazelton"}},{"type":"Feature","geometry":{"type":"Point","coordinates":[-114.0675,42.5867]},"properties":{"Plant_Name":"S E Hazelton A","State":"Idaho","PrimSource":"hydroelectric","Total_MW":8.7,"Utility_Na":"North Side Energy Company","City":"Hazelton"}},{"type":"Feature","geometry":{"type":"Point","coordinates":[-106.6252,35.0841]},"properties":{"Plant_Name":"Ford Utilities Center","State":"New Mexico","PrimSource":"natural gas","Total_MW":12.9,"Utility_Na":"University of New Mexico","City":"Albuquerque"}},{"type":"Feature","geometry":{"type":"Point","coordinates":[-121.5998,45.4807]},"properties":{"Plant_Name":"Middle Fork Irrigation District","State":"Oregon","PrimSource":"hydroelectric","Total_MW":3.3,"Utility_Na":"Middle Fork Irrigation Dist","City":"Parkdale"}},{"type":"Feature","geometry":{"type":"Point","coordinates":[-118.7206,44.4587]},"properties":{"Plant_Name":"Co-Gen LLC","State":"Oregon","PrimSource":"biomass","Total_MW":7.5,"Utility_Na":"Co-Generation Co","City":"Prairie City"}},{"type":"Feature","geometry":{"type":"Point","coordinates":[-108.4278,45.8117]},"properties":{"Plant_Name":"Yellowstone Energy LP","State":"Montana","PrimSource":"petroleum","Total_MW":52,"Utility_Na":"Yellowstone Energy LP","City":"Billings"}},{"type":"Feature","geometry":{"type":"Point","coordinates":[-123.1778,42.8489]},"properties":{"Plant_Name":"Galesville Project","State":"Oregon","PrimSource":"hydroelectric","Total_MW":1.6,"Utility_Na":"Douglas County","City":"Azalea"}},{"type":"Feature","geometry":{"type":"Point","coordinates":[-110.3917,39.5472]},"properties":{"Plant_Name":"Sunnyside Cogen Associates","State":"Utah","PrimSource":"coal","Total_MW":51,"Utility_Na":"Sunnyside Cogeneration Assoc","City":"Sunnyside"}},{"type":"Feature","geometry":{"type":"Point","coordinates":[-122.4563,40.9769]},"properties":{"Plant_Name":"Slate Creek","State":"California","PrimSource":"hydroelectric","Total_MW":4,"Utility_Na":"Central Rivers Power US, LLC","City":"Lakehead"}},{"type":"Feature","geometry":{"type":"Point","coordinates":[-117.1464,32.7261]},"properties":{"Plant_Name":"Naval Hospital Medical Center","State":"California","PrimSource":"natural gas","Total_MW":4.4,"Utility_Na":"Department of the Navy","City":"San Diego"}},{"type":"Feature","geometry":{"type":"Point","coordinates":[-120.105,40.3008]},"properties":{"Plant_Name":"Amedee Geothermal Venture I","State":"California","PrimSource":"geothermal","Total_MW":2.2,"Utility_Na":" ","City":"Amedee"}},{"type":"Feature","geometry":{"type":"Point","coordinates":[-112.1493,42.626]},"properties":{"Plant_Name":"Marsh Valley Development","State":"Idaho","PrimSource":"hydroelectric","Total_MW":1.5,"Utility_Na":"Marsh Valley Development Inc","City":"McCammon"}},{"type":"Feature","geometry":{"type":"Point","coordinates":[-121.3297,44.033]},"properties":{"Plant_Name":"Siphon Power Project","State":"Oregon","PrimSource":"hydroelectric","Total_MW":5.4,"Utility_Na":"Central Oregon Irrigation Dist","City":"Bend"}},{"type":"Feature","geometry":{"type":"Point","coordinates":[-122.0394,38.2494]},"properties":{"Plant_Name":"Solano County Cogen Plant","State":"California","PrimSource":"natural gas","Total_MW":2.8,"Utility_Na":"Solano County","City":"Fairfield"}},{"type":"Feature","geometry":{"type":"Point","coordinates":[-114.5388,42.6325]},"properties":{"Plant_Name":"Rock Creek I","State":"Idaho","PrimSource":"hydroelectric","Total_MW":2,"Utility_Na":"Shorock Hydro Inc","City":"Twin Falls"}},{"type":"Feature","geometry":{"type":"Point","coordinates":[-123.3591,42.9611]},"properties":{"Plant_Name":"Co-Gen II LLC","State":"Oregon","PrimSource":"biomass","Total_MW":7.8,"Utility_Na":"Co-Gen II","City":"Riddle"}},{"type":"Feature","geometry":{"type":"Point","coordinates":[-117.8557,39.9663]},"properties":{"Plant_Name":"Dixie Valley","State":"Nevada","PrimSource":"geothermal","Total_MW":58.5,"Utility_Na":"Ormat Nevada Inc","City":"Fallon"}},{"type":"Feature","geometry":{"type":"Point","coordinates":[-113.3583,37.1854]},"properties":{"Plant_Name":"Quail Creek Hydro Plant #1","State":"Utah","PrimSource":"hydroelectric","Total_MW":2.3,"Utility_Na":"Washington Cnty Wtr Consv Dist","City":"Hurricane"}},{"type":"Feature","geometry":{"type":"Point","coordinates":[-122.1139,38.0314]},"properties":{"Plant_Name":"Martinez Sulfuric Acid Regeneration Plt","State":"California","PrimSource":"other","Total_MW":4,"Utility_Na":"Eco Services Corp.","City":"Martinez"}},{"type":"Feature","geometry":{"type":"Point","coordinates":[-118.2347,33.8431]},"properties":{"Plant_Name":"Dominguez Plant","State":"California","PrimSource":"other","Total_MW":3.5,"Utility_Na":"Eco Services Corp.","City":"Long Beach"}},{"type":"Feature","geometry":{"type":"Point","coordinates":[-118.4439,34.0692]},"properties":{"Plant_Name":"UCLA So Campus Cogen Project","State":"California","PrimSource":"natural gas","Total_MW":23.5,"Utility_Na":"University of California-LA","City":"Los Angeles"}},{"type":"Feature","geometry":{"type":"Point","coordinates":[-119.6597,35.3161]},"properties":{"Plant_Name":"McKittrick Cogen","State":"California","PrimSource":"natural gas","Total_MW":9.6,"Utility_Na":"Chevron USA Inc","City":"McKittrick"}},{"type":"Feature","geometry":{"type":"Point","coordinates":[-119.7669,35.6661]},"properties":{"Plant_Name":"Lost Hills Cogeneration Plant","State":"California","PrimSource":"natural gas","Total_MW":5.4,"Utility_Na":"AERA Energy LLC","City":"Lost Hills"}},{"type":"Feature","geometry":{"type":"Point","coordinates":[-119.5986,35.2761]},"properties":{"Plant_Name":"North Midway Cogen","State":"California","PrimSource":"natural gas","Total_MW":9,"Utility_Na":"Chevron USA Inc","City":"McKittrick"}},{"type":"Feature","geometry":{"type":"Point","coordinates":[-119.6592,35.3639]},"properties":{"Plant_Name":"Cymric 31X Cogen","State":"California","PrimSource":"natural gas","Total_MW":5.4,"Utility_Na":"Chevron USA Inc","City":"McKittrick"}},{"type":"Feature","geometry":{"type":"Point","coordinates":[-119.6434,35.3461]},"properties":{"Plant_Name":"Cymric 6Z Cogen","State":"California","PrimSource":"natural gas","Total_MW":5.4,"Utility_Na":"Chevron USA Inc","City":"McKittrick"}},{"type":"Feature","geometry":{"type":"Point","coordinates":[-120.3828,36.2097]},"properties":{"Plant_Name":"Coalinga 6C Cogen","State":"California","PrimSource":"natural gas","Total_MW":5.4,"Utility_Na":"Chevron USA Inc","City":"Coalinga"}},{"type":"Feature","geometry":{"type":"Point","coordinates":[-119.4706,35.1133]},"properties":{"Plant_Name":"Taft 26C Cogen","State":"California","PrimSource":"natural gas","Total_MW":10.8,"Utility_Na":"Chevron USA Inc","City":"Taft"}},{"type":"Feature","geometry":{"type":"Point","coordinates":[-120.3972,36.1556]},"properties":{"Plant_Name":"Coalinga 25D Cogen","State":"California","PrimSource":"natural gas","Total_MW":10.8,"Utility_Na":"Chevron USA Inc","City":"Coalinga"}},{"type":"Feature","geometry":{"type":"Point","coordinates":[-118.4949,34.3841]},"properties":{"Plant_Name":"Berry Placerita Cogen","State":"California","PrimSource":"natural gas","Total_MW":40,"Utility_Na":"Shadow Wolf Energy","City":"Santa Clarita"}},{"type":"Feature","geometry":{"type":"Point","coordinates":[-117.9556,33.6433]},"properties":{"Plant_Name":"Plant No 2 Orange County","State":"California","PrimSource":"biomass","Total_MW":14.4,"Utility_Na":"Orange County Sanitation Dist","City":"Huntington Beach"}},{"type":"Feature","geometry":{"type":"Point","coordinates":[-119.6756,35.3633]},"properties":{"Plant_Name":"Cymric 36W Cogen","State":"California","PrimSource":"natural gas","Total_MW":10.8,"Utility_Na":"Chevron USA Inc","City":"McKittrick"}},{"type":"Feature","geometry":{"type":"Point","coordinates":[-118.9617,35.4406]},"properties":{"Plant_Name":"Kern River Eastridge Cogen","State":"California","PrimSource":"natural gas","Total_MW":41.6,"Utility_Na":"Chevron USA Inc","City":"Bakersfield"}},{"type":"Feature","geometry":{"type":"Point","coordinates":[-122.3909,37.9418]},"properties":{"Plant_Name":"Richmond Cogen","State":"California","PrimSource":"natural gas","Total_MW":148.3,"Utility_Na":"Chevron Products Company-Richmond","City":"Richmond"}},{"type":"Feature","geometry":{"type":"Point","coordinates":[-108.8428,44.9806]},"properties":{"Plant_Name":"Elk Basin Gasoline Plant","State":"Wyoming","PrimSource":"other","Total_MW":1.6,"Utility_Na":"Contango Oil and Gas","City":"Powell"}},{"type":"Feature","geometry":{"type":"Point","coordinates":[-118.2572,35.0506]},"properties":{"Plant_Name":"Mojave 3/4/5","State":"California","PrimSource":"wind","Total_MW":67,"Utility_Na":"Terra-Gen Operating Co-Wind","City":"Mojave"}},{"type":"Feature","geometry":{"type":"Point","coordinates":[-117.1436,32.6947]},"properties":{"Plant_Name":"CP Kelco San Diego Plant","State":"California","PrimSource":"natural gas","Total_MW":27.8,"Utility_Na":"CP Kelco US Inc.","City":"San Diego"}},{"type":"Feature","geometry":{"type":"Point","coordinates":[-122.6854,44.5975]},"properties":{"Plant_Name":"Lacomb Irrigation District","State":"Oregon","PrimSource":"hydroelectric","Total_MW":1,"Utility_Na":"Lacomb Irrigation Dist","City":"Lebanon"}},{"type":"Feature","geometry":{"type":"Point","coordinates":[-122.881,38.8339]},"properties":{"Plant_Name":"Aidlin Geothermal Power Plant","State":"California","PrimSource":"geothermal","Total_MW":18,"Utility_Na":"Geysers Power Co LLC","City":"Middletown"}},{"type":"Feature","geometry":{"type":"Point","coordinates":[-118.3248,35.0958]},"properties":{"Plant_Name":"85 A","State":"California","PrimSource":"wind","Total_MW":21.3,"Utility_Na":"Wind Wall 1 LLC","City":"Tehachapi"}},{"type":"Feature","geometry":{"type":"Point","coordinates":[-118.3325,35.1026]},"properties":{"Plant_Name":"85 B","State":"California","PrimSource":"wind","Total_MW":25.2,"Utility_Na":"Wind Wall 1 LLC","City":"Tehachapi"}},{"type":"Feature","geometry":{"type":"Point","coordinates":[-119.6294,35.2269]},"properties":{"Plant_Name":"Midway Sunset Cogen","State":"California","PrimSource":"natural gas","Total_MW":219,"Utility_Na":"Midway-Sunset Cogeneration Co","City":"Fellows"}},{"type":"Feature","geometry":{"type":"Point","coordinates":[-121.6398,39.1367]},"properties":{"Plant_Name":"Yuba City Cogen Partners","State":"California","PrimSource":"natural gas","Total_MW":49.9,"Utility_Na":"Wellhead Services, Inc","City":"Yuba City"}},{"type":"Feature","geometry":{"type":"Point","coordinates":[-122.3502,44.3968]},"properties":{"Plant_Name":"Falls Creek","State":"Oregon","PrimSource":"hydroelectric","Total_MW":3.9,"Utility_Na":"Eagle Creek Renewable Energy, LLC","City":"Cascadia"}},{"type":"Feature","geometry":{"type":"Point","coordinates":[-111.4077,46.1206]},"properties":{"Plant_Name":"Broadwater Power Project","State":"Montana","PrimSource":"hydroelectric","Total_MW":9.7,"Utility_Na":"Montana Dept-Natural Res&Consv","City":"Toston"}},{"type":"Feature","geometry":{"type":"Point","coordinates":[-117.9061,34.0332]},"properties":{"Plant_Name":"MM West Covina","State":"California","PrimSource":"biomass","Total_MW":5.4,"Utility_Na":"MM West Covina Energy LLC","City":"West Covina"}},{"type":"Feature","geometry":{"type":"Point","coordinates":[-117.8557,34.2043]},"properties":{"Plant_Name":"San Gabriel Hydro Project","State":"California","PrimSource":"hydroelectric","Total_MW":4.8,"Utility_Na":"Los Angeles County-San Gabriel","City":"Azusa"}},{"type":"Feature","geometry":{"type":"Point","coordinates":[-115.2637,32.7757]},"properties":{"Plant_Name":"Geo East Mesa II","State":"California","PrimSource":"geothermal","Total_MW":14.4,"Utility_Na":"Ormat Nevada Inc","City":"Holtville"}},{"type":"Feature","geometry":{"type":"Point","coordinates":[-115.5356,32.7144]},"properties":{"Plant_Name":"Second Imperial Geothermal","State":"California","PrimSource":"geothermal","Total_MW":52.1,"Utility_Na":"ORCAL Geothermal, Inc","City":"Heber"}},{"type":"Feature","geometry":{"type":"Point","coordinates":[-104.9138,39.6419]},"properties":{"Plant_Name":"Hillcrest Pump Station","State":"Colorado","PrimSource":"hydroelectric","Total_MW":2,"Utility_Na":"Denver City & County of","City":"Denver"}},{"type":"Feature","geometry":{"type":"Point","coordinates":[-121.3304,37.9436]},"properties":{"Plant_Name":"Stockton Biomass","State":"California","PrimSource":"biomass","Total_MW":45,"Utility_Na":"DTE Stockton LLC","City":"Stockton"}},{"type":"Feature","geometry":{"type":"Point","coordinates":[-116.5574,48.9595]},"properties":{"Plant_Name":"Smith Falls Hydro Project","State":"Idaho","PrimSource":"hydroelectric","Total_MW":20.1,"Utility_Na":"Smith Creek Hydro, LLC","City":"Bonners Ferry"}},{"type":"Feature","geometry":{"type":"Point","coordinates":[-121.2988,44.49]},"properties":{"Plant_Name":"Opal Springs Hydro","State":"Oregon","PrimSource":"hydroelectric","Total_MW":3.3,"Utility_Na":"Deschutes Valley Water District","City":"Culver"}},{"type":"Feature","geometry":{"type":"Point","coordinates":[-123.0112,38.7221]},"properties":{"Plant_Name":"Warm Springs Hydro Project","State":"California","PrimSource":"hydroelectric","Total_MW":1.2,"Utility_Na":"Sonoma County Water Agency","City":"Geyserville"}},{"type":"Feature","geometry":{"type":"Point","coordinates":[-121.7233,48.6802]},"properties":{"Plant_Name":"Koma Kulshan","State":"Washington","PrimSource":"hydroelectric","Total_MW":12.4,"Utility_Na":"Eagle Creek Renewable Energy, LLC","City":"Concrete"}},{"type":"Feature","geometry":{"type":"Point","coordinates":[-122.56,48.4708]},"properties":{"Plant_Name":"HF Sinclair Puget Sound Refining","State":"Washington","PrimSource":"natural gas","Total_MW":120,"Utility_Na":"HF Sinclair Corporation","City":"Anacortes"}},{"type":"Feature","geometry":{"type":"Point","coordinates":[-115.0117,36.0417]},"properties":{"Plant_Name":"Saguaro Power","State":"Nevada","PrimSource":"natural gas","Total_MW":101,"Utility_Na":"Saguaro Power Co","City":"Henderson"}},{"type":"Feature","geometry":{"type":"Point","coordinates":[-118.0131,33.907]},"properties":{"Plant_Name":"Biola University Hybrid","State":"California","PrimSource":"natural gas","Total_MW":4.3,"Utility_Na":"Biola University","City":"La Mirada"}},{"type":"Feature","geometry":{"type":"Point","coordinates":[-118.3417,35.0583]},"properties":{"Plant_Name":"Coram Energy LLC (ECT)","State":"California","PrimSource":"wind","Total_MW":7.5,"Utility_Na":"Nextera Energy Resources","City":"Tehachapi"}},{"type":"Feature","geometry":{"type":"Point","coordinates":[-118.3417,35.075]},"properties":{"Plant_Name":"Coram Energy LLC","State":"California","PrimSource":"wind","Total_MW":3,"Utility_Na":"Nextera Energy Resources","City":"Tehachapi"}},{"type":"Feature","geometry":{"type":"Point","coordinates":[-118.3083,35.0583]},"properties":{"Plant_Name":"Coram Energy LLC (4.5MW)","State":"California","PrimSource":"wind","Total_MW":4.6,"Utility_Na":"Nextera Energy Resources","City":"Tehachapi"}},{"type":"Feature","geometry":{"type":"Point","coordinates":[-114.1747,42.6289]},"properties":{"Plant_Name":"Wilson Lake Hydroelectric Project","State":"Idaho","PrimSource":"hydroelectric","Total_MW":8.4,"Utility_Na":"Hazelton/Wilson Joint Venture","City":"Eden"}},{"type":"Feature","geometry":{"type":"Point","coordinates":[-123.5231,40.1998]},"properties":{"Plant_Name":"Three Forks Water Power Project","State":"California","PrimSource":"hydroelectric","Total_MW":1.2,"Utility_Na":"Grizzly Mountain Ranch","City":"Zenia"}},{"type":"Feature","geometry":{"type":"Point","coordinates":[-109.7542,41.5933]},"properties":{"Plant_Name":"General Chemical","State":"Wyoming","PrimSource":"coal","Total_MW":30,"Utility_Na":"Tata Chemicals Partners","City":"Green River"}},{"type":"Feature","geometry":{"type":"Point","coordinates":[-118.3049,34.1463]},"properties":{"Plant_Name":"Toyon Power Station","State":"California","PrimSource":"biomass","Total_MW":0.9,"Utility_Na":"Toyon Landfill Gas Conversion, LLC","City":"Los Angeles"}},{"type":"Feature","geometry":{"type":"Point","coordinates":[-119.0069,36.4156]},"properties":{"Plant_Name":"Terminus Hydroelectric Project","State":"California","PrimSource":"hydroelectric","Total_MW":20,"Utility_Na":"Eagle Creek Renewable Energy, LLC","City":"Lemon Cove"}},{"type":"Feature","geometry":{"type":"Point","coordinates":[-114.8783,36.2253]},"properties":{"Plant_Name":"Nevada Cogen Associates 2 Black Mountain","State":"Nevada","PrimSource":"natural gas","Total_MW":93.1,"Utility_Na":"Nevada Cogeneration Assoc # 2","City":"Las Vegas"}},{"type":"Feature","geometry":{"type":"Point","coordinates":[-114.9207,36.3432]},"properties":{"Plant_Name":"Nevada Cogen Assoc#1 GarnetVly","State":"Nevada","PrimSource":"natural gas","Total_MW":85.5,"Utility_Na":"Nevada Cogeneration Assoc # 1","City":"Las Vegas"}},{"type":"Feature","geometry":{"type":"Point","coordinates":[-105.2692,40.0076]},"properties":{"Plant_Name":"University of Colorado","State":"Colorado","PrimSource":"natural gas","Total_MW":31,"Utility_Na":"University of Colorado","City":"Boulder"}},{"type":"Feature","geometry":{"type":"Point","coordinates":[-107.1097,41.7795]},"properties":{"Plant_Name":"Sinclair Oil Refinery","State":"Wyoming","PrimSource":"natural gas","Total_MW":5,"Utility_Na":"HF Sinclair Parco Refining LLC","City":"Sinclair"}},{"type":"Feature","geometry":{"type":"Point","coordinates":[-122.4233,40.5073]},"properties":{"Plant_Name":"Redding Power","State":"California","PrimSource":"natural gas","Total_MW":171,"Utility_Na":"City of Redding - (CA)","City":"Redding"}},{"type":"Feature","geometry":{"type":"Point","coordinates":[-120.985,37.5744]},"properties":{"Plant_Name":"Almond Power Plant","State":"California","PrimSource":"natural gas","Total_MW":199.5,"Utility_Na":"Turlock Irrigation District","City":"Modesto"}},{"type":"Feature","geometry":{"type":"Point","coordinates":[-109.1707,44.5082]},"properties":{"Plant_Name":"Buffalo Bill","State":"Wyoming","PrimSource":"hydroelectric","Total_MW":18,"Utility_Na":"U S Bureau of Reclamation","City":"Cody"}},{"type":"Feature","geometry":{"type":"Point","coordinates":[-121.2792,39.8893]},"properties":{"Plant_Name":"Grizzly","State":"California","PrimSource":"hydroelectric","Total_MW":17.7,"Utility_Na":"City of Santa Clara - (CA)","City":"N/A"}},{"type":"Feature","geometry":{"type":"Point","coordinates":[-119.6739,45.848]},"properties":{"Plant_Name":"Coyote Springs","State":"Oregon","PrimSource":"natural gas","Total_MW":244.2,"Utility_Na":"Portland General Electric Co","City":"Boardman"}},{"type":"Feature","geometry":{"type":"Point","coordinates":[-122.7195,38.752]},"properties":{"Plant_Name":"Geothermal 1","State":"California","PrimSource":"geothermal","Total_MW":60,"Utility_Na":"Northern California Power Agny","City":"Middletown"}},{"type":"Feature","geometry":{"type":"Point","coordinates":[-122.7117,38.7492]},"properties":{"Plant_Name":"Geothermal 2","State":"California","PrimSource":"geothermal","Total_MW":65,"Utility_Na":"Northern California Power Agny","City":"Middletown"}},{"type":"Feature","geometry":{"type":"Point","coordinates":[-108.574,37.5752]},"properties":{"Plant_Name":"McPhee","State":"Colorado","PrimSource":"hydroelectric","Total_MW":1.2,"Utility_Na":"U S Bureau of Reclamation","City":"Cortez"}},{"type":"Feature","geometry":{"type":"Point","coordinates":[-108.5749,37.4295]},"properties":{"Plant_Name":"Towaoc","State":"Colorado","PrimSource":"hydroelectric","Total_MW":11.4,"Utility_Na":"U S Bureau of Reclamation","City":"Cortez"}},{"type":"Feature","geometry":{"type":"Point","coordinates":[-111.7302,40.0608]},"properties":{"Plant_Name":"Payson","State":"Utah","PrimSource":"natural gas","Total_MW":5.2,"Utility_Na":"Payson City Corporation","City":"Payson"}},{"type":"Feature","geometry":{"type":"Point","coordinates":[-122.9974,43.9621]},"properties":{"Plant_Name":"Short Mountain","State":"Oregon","PrimSource":"biomass","Total_MW":3.2,"Utility_Na":"Emerald People's Utility Dist","City":"Eugene"}},{"type":"Feature","geometry":{"type":"Point","coordinates":[-122.1097,46.4661]},"properties":{"Plant_Name":"Cowlitz Falls","State":"Washington","PrimSource":"hydroelectric","Total_MW":70,"Utility_Na":"PUD No 1 of Lewis County","City":"Randle"}},{"type":"Feature","geometry":{"type":"Point","coordinates":[-121.1369,45.6144]},"properties":{"Plant_Name":"Dalles Dam North Fishway Project","State":"Oregon","PrimSource":"hydroelectric","Total_MW":5,"Utility_Na":"Northern Wasco County PUD","City":"The Dalles"}},{"type":"Feature","geometry":{"type":"Point","coordinates":[-118.2219,33.9986]},"properties":{"Plant_Name":"Vernon","State":"California","PrimSource":"petroleum","Total_MW":18,"Utility_Na":"City of Vernon","City":"Vernon"}},{"type":"Feature","geometry":{"type":"Point","coordinates":[-121.3869,38.0881]},"properties":{"Plant_Name":"Combustion Turbine Project No 2","State":"California","PrimSource":"natural gas","Total_MW":49.3,"Utility_Na":"Northern California Power Agny","City":"Lodi"}},{"type":"Feature","geometry":{"type":"Point","coordinates":[-122.2889,37.7886]},"properties":{"Plant_Name":"Alameda","State":"California","PrimSource":"natural gas","Total_MW":49.8,"Utility_Na":"Northern California Power Agny","City":"Alameda"}},{"type":"Feature","geometry":{"type":"Point","coordinates":[-121.3005,38.1466]},"properties":{"Plant_Name":"Lodi","State":"California","PrimSource":"natural gas","Total_MW":25.2,"Utility_Na":"Northern California Power Agny","City":"Lodi"}},{"type":"Feature","geometry":{"type":"Point","coordinates":[-121.3238,38.8107]},"properties":{"Plant_Name":"Roseville Power Plant #2","State":"California","PrimSource":"natural gas","Total_MW":42.4,"Utility_Na":"City of Roseville - (CA)","City":"Rocklin"}},{"type":"Feature","geometry":{"type":"Point","coordinates":[-116.8673,47.8043]},"properties":{"Plant_Name":"Rathdrum","State":"Idaho","PrimSource":"natural gas","Total_MW":132,"Utility_Na":"Avista Corp","City":"Rathdrum"}},{"type":"Feature","geometry":{"type":"Point","coordinates":[-106.8219,39.3631]},"properties":{"Plant_Name":"Basalt","State":"Colorado","PrimSource":"hydroelectric","Total_MW":4.5,"Utility_Na":"City of Aspen- (CO)","City":"Aspen"}},{"type":"Feature","geometry":{"type":"Point","coordinates":[-123.1856,39.1972]},"properties":{"Plant_Name":"Lake Mendocino","State":"California","PrimSource":"hydroelectric","Total_MW":3.5,"Utility_Na":"City of Ukiah - (CA)","City":"Ukiah"}},{"type":"Feature","geometry":{"type":"Point","coordinates":[-105.3833,44.2856]},"properties":{"Plant_Name":"Neil Simpson II","State":"Wyoming","PrimSource":"coal","Total_MW":114,"Utility_Na":"Black Hills Power, Inc.","City":"Gillette"}},{"type":"Feature","geometry":{"type":"Point","coordinates":[-121.0958,39.53]},"properties":{"Plant_Name":"Deadwood Creek","State":"California","PrimSource":"hydroelectric","Total_MW":1.9,"Utility_Na":"Hydro Sierra Energy, LLC","City":"Dobbins"}},{"type":"Feature","geometry":{"type":"Point","coordinates":[-121.8866,45.0811]},"properties":{"Plant_Name":"Stone Creek","State":"Oregon","PrimSource":"hydroelectric","Total_MW":7,"Utility_Na":"Eugene Water & Electric Board","City":"Estacada"}},{"type":"Feature","geometry":{"type":"Point","coordinates":[-119.2991,45.94]},"properties":{"Plant_Name":"McNary Dam Fish Attraction Project","State":"Washington","PrimSource":"hydroelectric","Total_MW":9,"Utility_Na":"Northern Wasco County PUD","City":"Plymouth"}},{"type":"Feature","geometry":{"type":"Point","coordinates":[-121.769,38.1164]},"properties":{"Plant_Name":"Solano Wind","State":"California","PrimSource":"wind","Total_MW":300.5,"Utility_Na":"Sacramento Municipal Util Dist","City":"Rio Vista"}},{"type":"Feature","geometry":{"type":"Point","coordinates":[-121.4624,38.4457]},"properties":{"Plant_Name":"Carson Ice-Gen Project","State":"California","PrimSource":"natural gas","Total_MW":109,"Utility_Na":"Sacramento Municipal Util Dist","City":"Sacramento"}},{"type":"Feature","geometry":{"type":"Point","coordinates":[-109.1299,44.5127]},"properties":{"Plant_Name":"Spirit Mountain","State":"Wyoming","PrimSource":"hydroelectric","Total_MW":4.5,"Utility_Na":"U S Bureau of Reclamation","City":"Cody"}},{"type":"Feature","geometry":{"type":"Point","coordinates":[-111.5888,41.2972]},"properties":{"Plant_Name":"Causey","State":"Utah","PrimSource":"hydroelectric","Total_MW":2.2,"Utility_Na":"Weber Basin Water Conserv Dist","City":"South Fork"}},{"type":"Feature","geometry":{"type":"Point","coordinates":[-121.4001,38.5309]},"properties":{"Plant_Name":"SCA Cogen 2","State":"California","PrimSource":"natural gas","Total_MW":176.6,"Utility_Na":"Sacramento Municipal Util Dist","City":"Sacramento"}},{"type":"Feature","geometry":{"type":"Point","coordinates":[-121.4735,38.511]},"properties":{"Plant_Name":"SPA Cogen 3","State":"California","PrimSource":"natural gas","Total_MW":178,"Utility_Na":"Sacramento Municipal Util Dist","City":"Sacramento"}},{"type":"Feature","geometry":{"type":"Point","coordinates":[-121.8144,47.9084]},"properties":{"Plant_Name":"H M Jackson","State":"Washington","PrimSource":"hydroelectric","Total_MW":96,"Utility_Na":"PUD No 1 of Snohomish County","City":"Sultan"}},{"type":"Feature","geometry":{"type":"Point","coordinates":[-106.7321,36.5928]},"properties":{"Plant_Name":"El Vado Dam","State":"New Mexico","PrimSource":"hydroelectric","Total_MW":8,"Utility_Na":"Los Alamos County","City":"Tierra Amarilla"}},{"type":"Feature","geometry":{"type":"Point","coordinates":[-122.7256,45.6497]},"properties":{"Plant_Name":"River Road Gen Plant","State":"Washington","PrimSource":"natural gas","Total_MW":230,"Utility_Na":"PUD No 1 of Clark County - (WA)","City":"Vancouver"}},{"type":"Feature","geometry":{"type":"Point","coordinates":[-122.1044,38.5131]},"properties":{"Plant_Name":"Monticello Dam","State":"California","PrimSource":"hydroelectric","Total_MW":11.5,"Utility_Na":"Solano Irrigation District","City":"Winters"}},{"type":"Feature","geometry":{"type":"Point","coordinates":[-123.2234,44.6969]},"properties":{"Plant_Name":"Coffin Butte","State":"Oregon","PrimSource":"biomass","Total_MW":5.6,"Utility_Na":"Pacific Northwest Generating Coop","City":"Corvallis"}},{"type":"Feature","geometry":{"type":"Point","coordinates":[-113.6267,37.042]},"properties":{"Plant_Name":"Bloomington Power Plant","State":"Utah","PrimSource":"petroleum","Total_MW":9,"Utility_Na":"City of St George","City":"Bloomington"}},{"type":"Feature","geometry":{"type":"Point","coordinates":[-106.423,36.2399]},"properties":{"Plant_Name":"Abiquiu Dam","State":"New Mexico","PrimSource":"hydroelectric","Total_MW":16.8,"Utility_Na":"Los Alamos County","City":"Abiquiu"}},{"type":"Feature","geometry":{"type":"Point","coordinates":[-109.2844,40.0864]},"properties":{"Plant_Name":"Bonanza","State":"Utah","PrimSource":"coal","Total_MW":470.5,"Utility_Na":"Deseret Generation & Tran Coop","City":"Vernal"}},{"type":"Feature","geometry":{"type":"Point","coordinates":[-115.5364,32.9553]},"properties":{"Plant_Name":"Rockwood","State":"California","PrimSource":"natural gas","Total_MW":42.3,"Utility_Na":"Imperial Irrigation District","City":"Brawley"}},{"type":"Feature","geometry":{"type":"Point","coordinates":[-121.8414,47.5445]},"properties":{"Plant_Name":"Snoqualmie 2","State":"Washington","PrimSource":"hydroelectric","Total_MW":33.6,"Utility_Na":"Puget Sound Energy Inc","City":"Snoqualmie"}},{"type":"Feature","geometry":{"type":"Point","coordinates":[-122.486,48.746]},"properties":{"Plant_Name":"Encogen","State":"Washington","PrimSource":"natural gas","Total_MW":159.4,"Utility_Na":"Puget Sound Energy Inc","City":"Bellingham"}},{"type":"Feature","geometry":{"type":"Point","coordinates":[-119.327,36.8326]},"properties":{"Plant_Name":"Pine Flat","State":"California","PrimSource":"hydroelectric","Total_MW":165,"Utility_Na":"Kings River Conservation Dist","City":"Piedra"}},{"type":"Feature","geometry":{"type":"Point","coordinates":[-118.7965,35.4407]},"properties":{"Plant_Name":"Kern Canyon","State":"California","PrimSource":"hydroelectric","Total_MW":11.5,"Utility_Na":"Kern and Tule Hydro LLC","City":"Bakersfield"}},{"type":"Feature","geometry":{"type":"Point","coordinates":[-119.674,45.848]},"properties":{"Plant_Name":"Coyote Springs II","State":"Oregon","PrimSource":"natural gas","Total_MW":290,"Utility_Na":"Avista Corp","City":"Boardman"}},{"type":"Feature","geometry":{"type":"Point","coordinates":[-119.0964,46.0958]},"properties":{"Plant_Name":"Nine Canyon","State":"Washington","PrimSource":"wind","Total_MW":95,"Utility_Na":"Energy Northwest","City":"Kennewick"}},{"type":"Feature","geometry":{"type":"Point","coordinates":[-117.0698,33.6808]},"properties":{"Plant_Name":"Diamond Valley Lake","State":"California","PrimSource":"hydroelectric","Total_MW":29.7,"Utility_Na":"Metropolitan Water District of S CA","City":"Winchester"}},{"type":"Feature","geometry":{"type":"Point","coordinates":[-115.7343,43.1792]},"properties":{"Plant_Name":"Evander Andrews Power Complex","State":"Idaho","PrimSource":"natural gas","Total_MW":262.3,"Utility_Na":"Idaho Power Co","City":"Mountain Home"}},{"type":"Feature","geometry":{"type":"Point","coordinates":[-108.698,32.3505]},"properties":{"Plant_Name":"Lordsburg Generating","State":"New Mexico","PrimSource":"natural gas","Total_MW":82.6,"Utility_Na":"Public Service Co of NM","City":"Lordsburg"}},{"type":"Feature","geometry":{"type":"Point","coordinates":[-108.5494,32.2363]},"properties":{"Plant_Name":"Pyramid","State":"New Mexico","PrimSource":"natural gas","Total_MW":158,"Utility_Na":"Tri-State G & T Assn, Inc","City":"Lordsburg"}},{"type":"Feature","geometry":{"type":"Point","coordinates":[-118.3147,34.1772]},"properties":{"Plant_Name":"Lake One","State":"California","PrimSource":"natural gas","Total_MW":48,"Utility_Na":"City of Burbank Water and Power","City":"Burbank"}},{"type":"Feature","geometry":{"type":"Point","coordinates":[-104.5308,38.2844]},"properties":{"Plant_Name":"Airport Industrial","State":"Colorado","PrimSource":"petroleum","Total_MW":10,"Utility_Na":"Black Hills Colorado Electric, LLC","City":"Pueblo"}},{"type":"Feature","geometry":{"type":"Point","coordinates":[-123.48,46.9692]},"properties":{"Plant_Name":"Grays Harbor Energy Facility","State":"Washington","PrimSource":"natural gas","Total_MW":595,"Utility_Na":"Invenergy Services LLC","City":"Elma"}},{"type":"Feature","geometry":{"type":"Point","coordinates":[-111.89,40.67]},"properties":{"Plant_Name":"Murray Turbine","State":"Utah","PrimSource":"natural gas","Total_MW":36,"Utility_Na":"City of Murray - (UT)","City":"Murray"}},{"type":"Feature","geometry":{"type":"Point","coordinates":[-117.1472,47.6972]},"properties":{"Plant_Name":"Boulder Park","State":"Washington","PrimSource":"natural gas","Total_MW":24.6,"Utility_Na":"Avista Corp","City":"Spokane"}},{"type":"Feature","geometry":{"type":"Point","coordinates":[-105.5322,43.8294]},"properties":{"Plant_Name":"Hartzog","State":"Wyoming","PrimSource":"natural gas","Total_MW":15,"Utility_Na":"Basin Electric Power Coop","City":"Wright"}},{"type":"Feature","geometry":{"type":"Point","coordinates":[-106.1092,44.69]},"properties":{"Plant_Name":"Arvada","State":"Wyoming","PrimSource":"natural gas","Total_MW":10,"Utility_Na":"Basin Electric Power Coop","City":"Arvada"}},{"type":"Feature","geometry":{"type":"Point","coordinates":[-105.7689,43.7219]},"properties":{"Plant_Name":"Barber Creek","State":"Wyoming","PrimSource":"natural gas","Total_MW":15,"Utility_Na":"Basin Electric Power Coop","City":"Gillette"}},{"type":"Feature","geometry":{"type":"Point","coordinates":[-108.7875,41.7378]},"properties":{"Plant_Name":"Jim Bridger","State":"Wyoming","PrimSource":"natural gas","Total_MW":2119,"Utility_Na":"PacifiCorp","City":"Point of Rocks"}},{"type":"Feature","geometry":{"type":"Point","coordinates":[-104.796,40.0922]},"properties":{"Plant_Name":"Fort Lupton","State":"Colorado","PrimSource":"natural gas","Total_MW":88,"Utility_Na":"Public Service Co of Colorado","City":"Ft. Lupton"}},{"type":"Feature","geometry":{"type":"Point","coordinates":[-111.7503,33.3325]},"properties":{"Plant_Name":"Santan","State":"Arizona","PrimSource":"natural gas","Total_MW":1286,"Utility_Na":"Salt River Project","City":"Gilbert"}},{"type":"Feature","geometry":{"type":"Point","coordinates":[-111.0781,39.3792]},"properties":{"Plant_Name":"Huntington","State":"Utah","PrimSource":"coal","Total_MW":909,"Utility_Na":"PacifiCorp","City":"Huntington"}},{"type":"Feature","geometry":{"type":"Point","coordinates":[-123.1739,46.1724]},"properties":{"Plant_Name":"Beaver","State":"Oregon","PrimSource":"natural gas","Total_MW":492.8,"Utility_Na":"Portland General Electric Co","City":"Clatskanie"}},{"type":"Feature","geometry":{"type":"Point","coordinates":[-119.9001,34.4314]},"properties":{"Plant_Name":"Ellwood","State":"California","PrimSource":"natural gas","Total_MW":54,"Utility_Na":"Ellwood Power, LLC","City":"Goleta"}},{"type":"Feature","geometry":{"type":"Point","coordinates":[-102.6217,37.4028]},"properties":{"Plant_Name":"Springfield (CO)","State":"Colorado","PrimSource":"petroleum","Total_MW":2.7,"Utility_Na":"City of Springfield - (CO)","City":"Springfield"}},{"type":"Feature","geometry":{"type":"Point","coordinates":[-104.7058,38.6335]},"properties":{"Plant_Name":"Ray D Nixon","State":"Colorado","PrimSource":"coal","Total_MW":255,"Utility_Na":"City of Colorado Springs - (CO)","City":"Fountain"}},{"type":"Feature","geometry":{"type":"Point","coordinates":[-109.1639,34.3186]},"properties":{"Plant_Name":"Springerville","State":"Arizona","PrimSource":"coal","Total_MW":1632.8,"Utility_Na":"Tucson Electric Power Co","City":"Springerville"}},{"type":"Feature","geometry":{"type":"Point","coordinates":[-117.1516,40.8813]},"properties":{"Plant_Name":"North Valmy","State":"Nevada","PrimSource":"coal","Total_MW":522,"Utility_Na":"Sierra Pacific Power Co","City":"Valmy"}},{"type":"Feature","geometry":{"type":"Point","coordinates":[-114.738,36.0155]},"properties":{"Plant_Name":"Hoover Dam (AZ)","State":"Arizona","PrimSource":"hydroelectric","Total_MW":1039.7,"Utility_Na":"U S Bureau of Reclamation","City":"Boulder City"}},{"type":"Feature","geometry":{"type":"Point","coordinates":[-117.4206,47.6536]},"properties":{"Plant_Name":"Monroe Street","State":"Washington","PrimSource":"hydroelectric","Total_MW":15,"Utility_Na":"Avista Corp","City":"Spokane"}},{"type":"Feature","geometry":{"type":"Point","coordinates":[-117.4189,47.6544]},"properties":{"Plant_Name":"Upper Falls","State":"Washington","PrimSource":"hydroelectric","Total_MW":10.2,"Utility_Na":"Avista Corp","City":"Spokane"}},{"type":"Feature","geometry":{"type":"Point","coordinates":[-121.2408,48.6759]},"properties":{"Plant_Name":"Newhalem","State":"Washington","PrimSource":"hydroelectric","Total_MW":2.3,"Utility_Na":"City of Seattle - (WA)","City":"Rockport"}},{"type":"Feature","geometry":{"type":"Point","coordinates":[-105.215,39.7606]},"properties":{"Plant_Name":"Colorado Energy Nations Company","State":"Colorado","PrimSource":"natural gas","Total_MW":40,"Utility_Na":"Molson Coors USA LLC","City":"Golden"}},{"type":"Feature","geometry":{"type":"Point","coordinates":[-121.1708,37.0478]},"properties":{"Plant_Name":"Dinosaur Point","State":"California","PrimSource":"wind","Total_MW":17,"Utility_Na":"International Turbine Res Inc","City":"Los Banos"}},{"type":"Feature","geometry":{"type":"Point","coordinates":[-116.0583,43.528]},"properties":{"Plant_Name":"Lucky Peak Power Plant Project","State":"Idaho","PrimSource":"hydroelectric","Total_MW":83,"Utility_Na":"Boise-Kuna Irrigation District","City":"Boise"}},{"type":"Feature","geometry":{"type":"Point","coordinates":[-118.9535,39.754]},"properties":{"Plant_Name":"Desert Peak Power Plant","State":"Nevada","PrimSource":"geothermal","Total_MW":17.3,"Utility_Na":"Ormat Nevada Inc","City":"Fernley"}},{"type":"Feature","geometry":{"type":"Point","coordinates":[-117.3215,33.1165]},"properties":{"Plant_Name":"Encina Water Pollution Control","State":"California","PrimSource":"biomass","Total_MW":3.2,"Utility_Na":"Encina Joint Powers Authority","City":"Carlsbad"}},{"type":"Feature","geometry":{"type":"Point","coordinates":[-121.5367,37.0001]},"properties":{"Plant_Name":"Gilroy Power Plant","State":"California","PrimSource":"natural gas","Total_MW":101,"Utility_Na":"Calpine Gilroy Cogen LP","City":"Gilroy"}},{"type":"Feature","geometry":{"type":"Point","coordinates":[-119.2947,36.3275]},"properties":{"Plant_Name":"Kaweah Delta District Hospital","State":"California","PrimSource":"natural gas","Total_MW":3.5,"Utility_Na":"Kaweah Delta Hospital","City":"Visalia"}},{"type":"Feature","geometry":{"type":"Point","coordinates":[-114.6616,42.6296]},"properties":{"Plant_Name":"Little Mac Project","State":"Idaho","PrimSource":"hydroelectric","Total_MW":1.5,"Utility_Na":"Little Mac Power Company","City":"Buhl"}},{"type":"Feature","geometry":{"type":"Point","coordinates":[-124.2028,40.7995]},"properties":{"Plant_Name":"Fairhaven Power","State":"California","PrimSource":"biomass","Total_MW":16,"Utility_Na":"DG Fairhaven Power LLC","City":"Samoa"}},{"type":"Feature","geometry":{"type":"Point","coordinates":[-105.0657,39.4588]},"properties":{"Plant_Name":"Foothills Hydro Plant","State":"Colorado","PrimSource":"hydroelectric","Total_MW":3.1,"Utility_Na":"Denver City & County-Foothills","City":"Littleton"}},{"type":"Feature","geometry":{"type":"Point","coordinates":[-105.1263,39.4326]},"properties":{"Plant_Name":"Strontia Springs Hydro Plant","State":"Colorado","PrimSource":"hydroelectric","Total_MW":1,"Utility_Na":"Denver City & County of","City":"Littleton"}},{"type":"Feature","geometry":{"type":"Point","coordinates":[-118.2836,33.7683]},"properties":{"Plant_Name":"Total Energy Facilities","State":"California","PrimSource":"biomass","Total_MW":31.4,"Utility_Na":"Los Angeles County Sanitation","City":"Carson"}},{"type":"Feature","geometry":{"type":"Point","coordinates":[-117.0064,32.7797]},"properties":{"Plant_Name":"Grossmont Hospital","State":"California","PrimSource":"natural gas","Total_MW":4.2,"Utility_Na":"Sharp Grossmont Hospital","City":"La Mesa"}},{"type":"Feature","geometry":{"type":"Point","coordinates":[-123.4347,40.37]},"properties":{"Plant_Name":"Gosselin Hydro Plant","State":"California","PrimSource":"hydroelectric","Total_MW":0.4,"Utility_Na":"Humboldt Bay Mun Water Dist","City":"Ruth"}},{"type":"Feature","geometry":{"type":"Point","coordinates":[-109.1652,45.2063]},"properties":{"Plant_Name":"South Dry Creek Hydro","State":"Montana","PrimSource":"hydroelectric","Total_MW":2,"Utility_Na":"Hydrodynamics Inc","City":"Red Lodge"}},{"type":"Feature","geometry":{"type":"Point","coordinates":[-118.482,35.6441]},"properties":{"Plant_Name":"Isabella Hydro Project","State":"California","PrimSource":"hydroelectric","Total_MW":11.8,"Utility_Na":"Isabella Partners","City":"Lake Isabella"}},{"type":"Feature","geometry":{"type":"Point","coordinates":[-112.7194,44.0274]},"properties":{"Plant_Name":"Birch Creek Power","State":"Idaho","PrimSource":"hydroelectric","Total_MW":2.6,"Utility_Na":"Birch Power Co","City":"Terreton"}},{"type":"Feature","geometry":{"type":"Point","coordinates":[-121.3097,38.9032]},"properties":{"Plant_Name":"Sierra Pacific Lincoln Facility","State":"California","PrimSource":"biomass","Total_MW":17.5,"Utility_Na":"Sierra Pacific Industries","City":"Lincoln"}},{"type":"Feature","geometry":{"type":"Point","coordinates":[-120.0998,36.617]},"properties":{"Plant_Name":"Fresno Cogen Partners","State":"California","PrimSource":"natural gas","Total_MW":86.8,"Utility_Na":"Wellhead Services, Inc","City":"San Joaquin"}},{"type":"Feature","geometry":{"type":"Point","coordinates":[-116.6405,33.9347]},"properties":{"Plant_Name":"Whitewater Hydro Plant","State":"California","PrimSource":"hydroelectric","Total_MW":1.3,"Utility_Na":"Desert Water Agency","City":"California"}},{"type":"Feature","geometry":{"type":"Point","coordinates":[-118.2491,33.8759]},"properties":{"Plant_Name":"Carson Cogeneration","State":"California","PrimSource":"natural gas","Total_MW":49.3,"Utility_Na":"Carson Cogeneration Co","City":"Carson"}},{"type":"Feature","geometry":{"type":"Point","coordinates":[-117.1517,32.7992]},"properties":{"Plant_Name":"Childrens Hospital","State":"California","PrimSource":"petroleum","Total_MW":11.3,"Utility_Na":"DTE San Diego COGEN Inc.","City":"San Diego"}},{"type":"Feature","geometry":{"type":"Point","coordinates":[-104.9542,39.8078]},"properties":{"Plant_Name":"Metro Wastewater Reclamation District","State":"Colorado","PrimSource":"biomass","Total_MW":9.8,"Utility_Na":"ENGIE Denver Metro LLC","City":"Denver"}},{"type":"Feature","geometry":{"type":"Point","coordinates":[-118.3897,35.0606]},"properties":{"Plant_Name":"Tehachapi Wind Resource I","State":"California","PrimSource":"wind","Total_MW":8.7,"Utility_Na":"CalWind Resources Inc","City":"Tehachapi"}},{"type":"Feature","geometry":{"type":"Point","coordinates":[-117.2484,34.0504]},"properties":{"Plant_Name":"Loma Linda University Cogen","State":"California","PrimSource":"natural gas","Total_MW":12.3,"Utility_Na":"Loma Linda University","City":"Loma Linda"}},{"type":"Feature","geometry":{"type":"Point","coordinates":[-118.4031,33.9058]},"properties":{"Plant_Name":"El Segundo Cogen","State":"California","PrimSource":"natural gas","Total_MW":171.6,"Utility_Na":"Chevron USA Inc-El Segundo","City":"El Segundo"}},{"type":"Feature","geometry":{"type":"Point","coordinates":[-111.6539,40.5834]},"properties":{"Plant_Name":"Snowbird Power Plant","State":"Utah","PrimSource":"natural gas","Total_MW":5.5,"Utility_Na":"Snowbird Corporation","City":"Snowbird"}},{"type":"Feature","geometry":{"type":"Point","coordinates":[-118.9241,36.0586]},"properties":{"Plant_Name":"Tulare Success Power Project","State":"California","PrimSource":"hydroelectric","Total_MW":1.4,"Utility_Na":"Lower Tule River Irrgtn Dist","City":"Porterville"}},{"type":"Feature","geometry":{"type":"Point","coordinates":[-120.5817,39.5657]},"properties":{"Plant_Name":"Haypress","State":"California","PrimSource":"hydroelectric","Total_MW":10,"Utility_Na":"EIF Haypress LLC","City":"Sierra City"}},{"type":"Feature","geometry":{"type":"Point","coordinates":[-118.1256,34.1385]},"properties":{"Plant_Name":"California Institute of Technology","State":"California","PrimSource":"natural gas","Total_MW":11.1,"Utility_Na":"California Institute-Technology","City":"Pasadena"}},{"type":"Feature","geometry":{"type":"Point","coordinates":[-123.498,40.6467]},"properties":{"Plant_Name":"Big Creek Water Works","State":"California","PrimSource":"hydroelectric","Total_MW":4.8,"Utility_Na":"Big Creek Water Works Ltd","City":"Hyampom"}},{"type":"Feature","geometry":{"type":"Point","coordinates":[-116.6175,40.5547]},"properties":{"Plant_Name":"Beowawe","State":"Nevada","PrimSource":"geothermal","Total_MW":25.8,"Utility_Na":"Ormat Nevada Inc","City":"Beowawe"}},{"type":"Feature","geometry":{"type":"Point","coordinates":[-121.1372,41.1325]},"properties":{"Plant_Name":"Big Valley Power LLC","State":"California","PrimSource":"biomass","Total_MW":8.7,"Utility_Na":"Big Valley Power (BVP) LLC","City":"Bieber"}},{"type":"Feature","geometry":{"type":"Point","coordinates":[-121.1278,36.225]},"properties":{"Plant_Name":"King City Power Plant","State":"California","PrimSource":"natural gas","Total_MW":115,"Utility_Na":"Calpine King City Cogen LLC","City":"King City"}},{"type":"Feature","geometry":{"type":"Point","coordinates":[-114.3102,42.4937]},"properties":{"Plant_Name":"South Forks Hydro","State":"Idaho","PrimSource":"hydroelectric","Total_MW":8,"Utility_Na":"South Forks Joint Venture","City":"Hansen"}},{"type":"Feature","geometry":{"type":"Point","coordinates":[-116.0873,33.586]},"properties":{"Plant_Name":"Desert View Power","State":"California","PrimSource":"biomass","Total_MW":47,"Utility_Na":"Desert View Power Inc","City":"Mecca"}},{"type":"Feature","geometry":{"type":"Point","coordinates":[-121.5238,45.6652]},"properties":{"Plant_Name":"Copper Dam Plant","State":"Oregon","PrimSource":"hydroelectric","Total_MW":1,"Utility_Na":"Farmer's Irrigation District","City":"Hood River"}},{"type":"Feature","geometry":{"type":"Point","coordinates":[-121.5485,45.6676]},"properties":{"Plant_Name":"Peters Drive Plant","State":"Oregon","PrimSource":"hydroelectric","Total_MW":0.3,"Utility_Na":"Farmer's Irrigation District","City":"Hood River"}},{"type":"Feature","geometry":{"type":"Point","coordinates":[-111.6656,42.2608]},"properties":{"Plant_Name":"Mink Creek Hydro","State":"Idaho","PrimSource":"hydroelectric","Total_MW":2,"Utility_Na":"Mink Creek Hydro Entity","City":"Preston"}},{"type":"Feature","geometry":{"type":"Point","coordinates":[-106.6697,35.0161]},"properties":{"Plant_Name":"Southside Water Reclamation Plant","State":"New Mexico","PrimSource":"natural gas","Total_MW":6.4,"Utility_Na":"Albuquerque City of","City":"Albuquerque"}},{"type":"Feature","geometry":{"type":"Point","coordinates":[-122.0589,38.0244]},"properties":{"Plant_Name":"Marathon Bay Area Cogen","State":"California","PrimSource":"natural gas","Total_MW":103.5,"Utility_Na":"Tesoro Marketing & Refining Co. LLC (Martinez)","City":"Martinez"}},{"type":"Feature","geometry":{"type":"Point","coordinates":[-121.6397,39.1365]},"properties":{"Plant_Name":"Greenleaf 2 Power Plant","State":"California","PrimSource":"natural gas","Total_MW":49.5,"Utility_Na":"Greenleaf Energy LLC","City":"Yuba City"}},{"type":"Feature","geometry":{"type":"Point","coordinates":[-121.6961,39.0529]},"properties":{"Plant_Name":"Greenleaf 1","State":"California","PrimSource":"natural gas","Total_MW":60,"Utility_Na":"Calpine Greenleaf Holding, Inc.","City":"Yuba City"}},{"type":"Feature","geometry":{"type":"Point","coordinates":[-117.0288,32.8577]},"properties":{"Plant_Name":"Sycamore Energy LLC","State":"California","PrimSource":"biomass","Total_MW":5.2,"Utility_Na":"Sycamore Energy LLC","City":"Santee"}},{"type":"Feature","geometry":{"type":"Point","coordinates":[-119.5794,36.5397]},"properties":{"Plant_Name":"Kingsburg Cogen","State":"California","PrimSource":"natural gas","Total_MW":33.8,"Utility_Na":"KES Kingsburg LP","City":"Kingsburg"}},{"type":"Feature","geometry":{"type":"Point","coordinates":[-106.0662,39.6208]},"properties":{"Plant_Name":"Dillon Hydro Plant","State":"Colorado","PrimSource":"hydroelectric","Total_MW":1.8,"Utility_Na":"Denver City & County of","City":"Summit"}},{"type":"Feature","geometry":{"type":"Point","coordinates":[-106.2053,40.035]},"properties":{"Plant_Name":"Williams Fork Hydro Plant","State":"Colorado","PrimSource":"hydroelectric","Total_MW":3.5,"Utility_Na":"Denver City & County of","City":"Parshall"}},{"type":"Feature","geometry":{"type":"Point","coordinates":[-105.677,39.4616]},"properties":{"Plant_Name":"North Fork Hydro Plant","State":"Colorado","PrimSource":"hydroelectric","Total_MW":5.5,"Utility_Na":"Denver City & County of","City":"Grant"}},{"type":"Feature","geometry":{"type":"Point","coordinates":[-105.3565,39.9456]},"properties":{"Plant_Name":"Gross Hydro Plant","State":"Colorado","PrimSource":"hydroelectric","Total_MW":8,"Utility_Na":"Denver City & County of","City":"Boulder"}},{"type":"Feature","geometry":{"type":"Point","coordinates":[-117.5402,34.0454]},"properties":{"Plant_Name":"New-Indy Ontario Mill","State":"California","PrimSource":"natural gas","Total_MW":29.4,"Utility_Na":"New-Indy Ontario LLC","City":"Ontario"}},{"type":"Feature","geometry":{"type":"Point","coordinates":[-116.8276,34.8634]},"properties":{"Plant_Name":"Sunray 2","State":"California","PrimSource":"solar","Total_MW":20,"Utility_Na":"Sunray Energy 2, LLC","City":"Daggett"}},{"type":"Feature","geometry":{"type":"Point","coordinates":[-116.8276,34.8634]},"properties":{"Plant_Name":"Sunray 3","State":"California","PrimSource":"solar","Total_MW":13.8,"Utility_Na":"Sunray Energy 3 LLC","City":"Daggett"}},{"type":"Feature","geometry":{"type":"Point","coordinates":[-117.3563,35.0308]},"properties":{"Plant_Name":"Lockhart Solar PV, LLC","State":"California","PrimSource":"solar","Total_MW":85,"Utility_Na":"Terra-Gen Operating Co-Solar","City":"Hinkley"}},{"type":"Feature","geometry":{"type":"Point","coordinates":[-121.2558,40.9764]},"properties":{"Plant_Name":"Muck Valley Hydroelectric","State":"California","PrimSource":"hydroelectric","Total_MW":29.9,"Utility_Na":"Brookfield Renewable Trading and Marketing LP","City":"NA"}},{"type":"Feature","geometry":{"type":"Point","coordinates":[-118.0241,34.0233]},"properties":{"Plant_Name":"Puente Hills Energy Recovery","State":"California","PrimSource":"biomass","Total_MW":45,"Utility_Na":"Los Angeles County Sanitation","City":"Whittier"}},{"type":"Feature","geometry":{"type":"Point","coordinates":[-118.9096,37.6455]},"properties":{"Plant_Name":"Mammoth G3","State":"California","PrimSource":"geothermal","Total_MW":9.9,"Utility_Na":"Ormat Nevada Inc","City":"Mammoth Lakes"}},{"type":"Feature","geometry":{"type":"Point","coordinates":[-118.9143,37.6451]},"properties":{"Plant_Name":"Mammoth G1","State":"California","PrimSource":"geothermal","Total_MW":6.6,"Utility_Na":"Ormat Nevada Inc","City":"Mammoth lakes"}},{"type":"Feature","geometry":{"type":"Point","coordinates":[-118.9092,37.6464]},"properties":{"Plant_Name":"Mammoth G2","State":"California","PrimSource":"geothermal","Total_MW":9.9,"Utility_Na":"Ormat Nevada Inc","City":"Mammoth Lakes"}},{"type":"Feature","geometry":{"type":"Point","coordinates":[-118.9849,35.4515]},"properties":{"Plant_Name":"Kern River Cogeneration","State":"California","PrimSource":"natural gas","Total_MW":288,"Utility_Na":"Kern River Cogeneration Co","City":"Bakersfield"}},{"type":"Feature","geometry":{"type":"Point","coordinates":[-119.571,35.1946]},"properties":{"Plant_Name":"Mid-Set Cogeneration","State":"California","PrimSource":"natural gas","Total_MW":36,"Utility_Na":"Mid Set Cogeneration Co","City":"Fellows"}},{"type":"Feature","geometry":{"type":"Point","coordinates":[-114.4328,42.5328]},"properties":{"Plant_Name":"Amalgamated Sugar Twin Falls","State":"Idaho","PrimSource":"natural gas","Total_MW":8.5,"Utility_Na":"The Amalgamated Sugar Co","City":"Twin Falls"}},{"type":"Feature","geometry":{"type":"Point","coordinates":[-121.8783,37.3361]},"properties":{"Plant_Name":"San Jose Cogeneration","State":"California","PrimSource":"natural gas","Total_MW":5.6,"Utility_Na":"San Jose State University Fclts Dev &Ops","City":"San Jose"}},{"type":"Feature","geometry":{"type":"Point","coordinates":[-118.3158,35.075]},"properties":{"Plant_Name":"Cameron Ridge LLC","State":"California","PrimSource":"wind","Total_MW":59.6,"Utility_Na":"Terra-Gen Operating Co-Wind","City":"Mojave"}},{"type":"Feature","geometry":{"type":"Point","coordinates":[-118.3167,35.0697]},"properties":{"Plant_Name":"Ridgetop Energy LLC","State":"California","PrimSource":"wind","Total_MW":29,"Utility_Na":"Terra-Gen Operating Co-Wind","City":"Mojave"}},{"type":"Feature","geometry":{"type":"Point","coordinates":[-115.565,33.1779]},"properties":{"Plant_Name":"CE Leathers","State":"California","PrimSource":"geothermal","Total_MW":42,"Utility_Na":"CalEnergy Operating Corporation","City":"Calipatria"}},{"type":"Feature","geometry":{"type":"Point","coordinates":[-115.616,33.1646]},"properties":{"Plant_Name":"Del Ranch Company","State":"California","PrimSource":"geothermal","Total_MW":42,"Utility_Na":"CalEnergy Operating Corporation","City":"Calipatria"}},{"type":"Feature","geometry":{"type":"Point","coordinates":[-115.6033,33.1777]},"properties":{"Plant_Name":"Elmore Company","State":"California","PrimSource":"geothermal","Total_MW":49,"Utility_Na":"CalEnergy Operating Corporation","City":"Calipatria"}},{"type":"Feature","geometry":{"type":"Point","coordinates":[-118.9266,35.4192]},"properties":{"Plant_Name":"Bear Mountain Limited","State":"California","PrimSource":"natural gas","Total_MW":46,"Utility_Na":"WCAC Operating Company","City":"Bakersfield"}},{"type":"Feature","geometry":{"type":"Point","coordinates":[-119.0299,35.4837]},"properties":{"Plant_Name":"Badger Creek Limited","State":"California","PrimSource":"natural gas","Total_MW":46,"Utility_Na":"WCAC Operating Company","City":"Bakersfield"}},{"type":"Feature","geometry":{"type":"Point","coordinates":[-121.7203,40.8797]},"properties":{"Plant_Name":"Burney Forest Products","State":"California","PrimSource":"biomass","Total_MW":31,"Utility_Na":"Burney Forest Products, A Joint Venture","City":"Burney"}},{"type":"Feature","geometry":{"type":"Point","coordinates":[-121.2444,40.3034]},"properties":{"Plant_Name":"Collins Pine Project","State":"California","PrimSource":"biomass","Total_MW":5,"Utility_Na":"Collins Pine Co","City":"Chester"}},{"type":"Feature","geometry":{"type":"Point","coordinates":[-118.4999,34.3801]},"properties":{"Plant_Name":"CES Placerita Power Plant","State":"California","PrimSource":"natural gas","Total_MW":69,"Utility_Na":"CES Placerita Inc","City":"Santa Clarita"}},{"type":"Feature","geometry":{"type":"Point","coordinates":[-103.631,40.2415]},"properties":{"Plant_Name":"Brush Generation Facility","State":"Colorado","PrimSource":"natural gas","Total_MW":267,"Utility_Na":"Brush Power LLC","City":"Brush"}},{"type":"Feature","geometry":{"type":"Point","coordinates":[-117.3833,35.765]},"properties":{"Plant_Name":"Argus Cogen Plant","State":"California","PrimSource":"coal","Total_MW":57,"Utility_Na":"Searles Valley Minerals Operations Inc.","City":"Trona"}},{"type":"Feature","geometry":{"type":"Point","coordinates":[-117.3956,35.7075]},"properties":{"Plant_Name":"Westend Facility","State":"California","PrimSource":"natural gas","Total_MW":15,"Utility_Na":"Searles Valley Minerals Operations Inc.","City":"Trona"}},{"type":"Feature","geometry":{"type":"Point","coordinates":[-121.7225,40.8579]},"properties":{"Plant_Name":"Burney Creek","State":"California","PrimSource":"hydroelectric","Total_MW":3,"Utility_Na":"Snow Mountain Hydro LLC","City":"Burney"}},{"type":"Feature","geometry":{"type":"Point","coordinates":[-121.9487,40.8713]},"properties":{"Plant_Name":"Cove Hydroelectric","State":"California","PrimSource":"hydroelectric","Total_MW":5,"Utility_Na":"Snow Mountain Hydro LLC","City":"Burney"}},{"type":"Feature","geometry":{"type":"Point","coordinates":[-121.4145,40.7576]},"properties":{"Plant_Name":"Lost Creek I","State":"California","PrimSource":"hydroelectric","Total_MW":1.1,"Utility_Na":"Snow Mountain Hydro LLC","City":"Burney"}},{"type":"Feature","geometry":{"type":"Point","coordinates":[-121.8427,40.4579]},"properties":{"Plant_Name":"Ponderosa Bailey Creek","State":"California","PrimSource":"hydroelectric","Total_MW":1.1,"Utility_Na":"Snow Mountain Hydro LLC","City":"Manton"}},{"type":"Feature","geometry":{"type":"Point","coordinates":[-116.5622,33.9219]},"properties":{"Plant_Name":"Karen Avenue Wind Farm","State":"California","PrimSource":"wind","Total_MW":11.7,"Utility_Na":"San Gorgonio Farms Inc","City":"North Palm Springs"}},{"type":"Feature","geometry":{"type":"Point","coordinates":[-117.1405,32.8197]},"properties":{"Plant_Name":"Kyocera International Inc.(San Diego)","State":"California","PrimSource":"natural gas","Total_MW":3.8,"Utility_Na":" ","City":"San Diego"}},{"type":"Feature","geometry":{"type":"Point","coordinates":[-116.1213,43.561]},"properties":{"Plant_Name":"Barber Dam","State":"Idaho","PrimSource":"hydroelectric","Total_MW":4,"Utility_Na":"Barber Pool Hydro LLC\r","City":"Boise"}},{"type":"Feature","geometry":{"type":"Point","coordinates":[-120.9894,42.5014]},"properties":{"Plant_Name":"Sprague Hydro","State":"Oregon","PrimSource":"hydroelectric","Total_MW":1,"Utility_Na":"Sprague Hydro LLC","City":"Bly"}},{"type":"Feature","geometry":{"type":"Point","coordinates":[-114.3569,43.2547]},"properties":{"Plant_Name":"Magic Dam Hydroelectric Project","State":"Idaho","PrimSource":"hydroelectric","Total_MW":8.7,"Utility_Na":"Wood Hydro, LLC","City":"Shoshone"}},{"type":"Feature","geometry":{"type":"Point","coordinates":[-121.7686,36.7131]},"properties":{"Plant_Name":"Marina Landfill Gas","State":"California","PrimSource":"biomass","Total_MW":4.9,"Utility_Na":"Monterey Regional Waste Mgmt","City":"Marina"}},{"type":"Feature","geometry":{"type":"Point","coordinates":[-115.6387,33.1582]},"properties":{"Plant_Name":"Salton Sea Power Gen Co - Unit 3","State":"California","PrimSource":"geothermal","Total_MW":50,"Utility_Na":"CalEnergy Operating Corporation","City":"Calipatria"}},{"type":"Feature","geometry":{"type":"Point","coordinates":[-115.1222,36.2319]},"properties":{"Plant_Name":"Las Vegas Generating Station","State":"Nevada","PrimSource":"natural gas","Total_MW":282,"Utility_Na":"Nevada Power Co","City":"North Las Vegas"}},{"type":"Feature","geometry":{"type":"Point","coordinates":[-115.2637,32.7757]},"properties":{"Plant_Name":"Ormesa III","State":"California","PrimSource":"geothermal","Total_MW":30.4,"Utility_Na":"Ormat Nevada Inc","City":"Holtville"}},{"type":"Feature","geometry":{"type":"Point","coordinates":[-123.9942,40.8786]},"properties":{"Plant_Name":"Blue Lake Power LLC","State":"California","PrimSource":"biomass","Total_MW":11.5,"Utility_Na":"Blue Lake Power LLC","City":"Blue Lake"}},{"type":"Feature","geometry":{"type":"Point","coordinates":[-119.7232,36.6889]},"properties":{"Plant_Name":"Rio Bravo Fresno","State":"California","PrimSource":"biomass","Total_MW":24.3,"Utility_Na":"Rio Bravo Fresno","City":"Fresno"}},{"type":"Feature","geometry":{"type":"Point","coordinates":[-121.3137,38.8319]},"properties":{"Plant_Name":"Rio Bravo Rocklin","State":"California","PrimSource":"biomass","Total_MW":24.4,"Utility_Na":"Rio Bravo Rocklin","City":"Lincoln"}},{"type":"Feature","geometry":{"type":"Point","coordinates":[-119.1664,34.1958]},"properties":{"Plant_Name":"E F Oxnard Energy Facility","State":"California","PrimSource":"natural gas","Total_MW":48.5,"Utility_Na":"EF Oxnard, LLC","City":"Oxnard"}},{"type":"Feature","geometry":{"type":"Point","coordinates":[-120.2648,40.3683]},"properties":{"Plant_Name":"HL Power","State":"California","PrimSource":"biomass","Total_MW":30,"Utility_Na":"HL Power Company","City":"Wendel"}},{"type":"Feature","geometry":{"type":"Point","coordinates":[-114.7957,42.9457]},"properties":{"Plant_Name":"Koyle Ranch Hydroelectric Project","State":"Idaho","PrimSource":"hydroelectric","Total_MW":1.3,"Utility_Na":"Koyle Hydro Inc","City":"Gooding"}},{"type":"Feature","geometry":{"type":"Point","coordinates":[-106.6547,45.9752]},"properties":{"Plant_Name":"Colstrip Energy LP","State":"Montana","PrimSource":"coal","Total_MW":38,"Utility_Na":"Colstrip Energy LP","City":"Colstrip"}},{"type":"Feature","geometry":{"type":"Point","coordinates":[-114.5009,42.6225]},"properties":{"Plant_Name":"Crystal Springs","State":"Idaho","PrimSource":"hydroelectric","Total_MW":2,"Utility_Na":"Crystal Springs Hydro Elec LP","City":"Filer"}},{"type":"Feature","geometry":{"type":"Point","coordinates":[-114.268,42.836]},"properties":{"Plant_Name":"Dietrich Drop","State":"Idaho","PrimSource":"hydroelectric","Total_MW":4.8,"Utility_Na":"Wood Hydro, LLC","City":"Shoshone"}},{"type":"Feature","geometry":{"type":"Point","coordinates":[-114.3801,42.4771]},"properties":{"Plant_Name":"Low Line Rapids","State":"Idaho","PrimSource":"hydroelectric","Total_MW":2.7,"Utility_Na":"Lower Lowline LLC","City":"Kimberly"}},{"type":"Feature","geometry":{"type":"Point","coordinates":[-114.5315,42.6207]},"properties":{"Plant_Name":"Rock Creek II","State":"Idaho","PrimSource":"hydroelectric","Total_MW":1.8,"Utility_Na":"Hydroland Omega LLC","City":"Twin Falls"}},{"type":"Feature","geometry":{"type":"Point","coordinates":[-121.7371,38.6905]},"properties":{"Plant_Name":"Woodland Biomass Power Ltd","State":"California","PrimSource":"biomass","Total_MW":25,"Utility_Na":"DTE Energy Services-Woodland","City":"Woodland"}},{"type":"Feature","geometry":{"type":"Point","coordinates":[-120.3654,36.7559]},"properties":{"Plant_Name":"Covanta Mendota","State":"California","PrimSource":"biomass","Total_MW":25,"Utility_Na":"Clean Energy Systems Mendota","City":"Mendota"}},{"type":"Feature","geometry":{"type":"Point","coordinates":[-119.2337,35.7144]},"properties":{"Plant_Name":"Covanta Delano Energy","State":"California","PrimSource":"biomass","Total_MW":49,"Utility_Na":"Clean Energy Systems Delano","City":"Delano"}},{"type":"Feature","geometry":{"type":"Point","coordinates":[-122.85,42.4361]},"properties":{"Plant_Name":"Biomass One LP","State":"Oregon","PrimSource":"biomass","Total_MW":36.5,"Utility_Na":"Biomass One LP","City":"White City"}},{"type":"Feature","geometry":{"type":"Point","coordinates":[-117.7981,36.0372]},"properties":{"Plant_Name":"Coso Finance Partners","State":"California","PrimSource":"geothermal","Total_MW":81.2,"Utility_Na":"Coso Operating Co LLC","City":"Inyokern"}},{"type":"Feature","geometry":{"type":"Point","coordinates":[-117.7917,36.0192]},"properties":{"Plant_Name":"Coso Power Developers","State":"California","PrimSource":"geothermal","Total_MW":80.3,"Utility_Na":"Coso Operating Co LLC","City":"Inyokern"}},{"type":"Feature","geometry":{"type":"Point","coordinates":[-117.7886,36.0019]},"properties":{"Plant_Name":"Coso Energy Developers","State":"California","PrimSource":"geothermal","Total_MW":67.8,"Utility_Na":"Coso Operating Co LLC","City":"Inyokern"}},{"type":"Feature","geometry":{"type":"Point","coordinates":[-115.6475,33.158]},"properties":{"Plant_Name":"Salton Sea Power Gen Co - Unit 1","State":"California","PrimSource":"geothermal","Total_MW":10,"Utility_Na":"CalEnergy Operating Corporation","City":"Calipatria"}},{"type":"Feature","geometry":{"type":"Point","coordinates":[-115.6455,33.1589]},"properties":{"Plant_Name":"Salton Sea Power Gen Co - Unit 2","State":"California","PrimSource":"geothermal","Total_MW":23.1,"Utility_Na":"CalEnergy Operating Corporation","City":"Calipatria"}},{"type":"Feature","geometry":{"type":"Point","coordinates":[-121.4481,40.8014]},"properties":{"Plant_Name":"Bidwell Ditch Project","State":"California","PrimSource":"hydroelectric","Total_MW":1.8,"Utility_Na":"Mega Renewables","City":"Hat Creek"}},{"type":"Feature","geometry":{"type":"Point","coordinates":[-121.9484,40.8821]},"properties":{"Plant_Name":"Roaring Creek Water Power","State":"California","PrimSource":"hydroelectric","Total_MW":2,"Utility_Na":"Shasta Hydroelectric Inc","City":"Montgomery Creek"}},{"type":"Feature","geometry":{"type":"Point","coordinates":[-121.9204,40.8741]},"properties":{"Plant_Name":"Hatchet Creek Project","State":"California","PrimSource":"hydroelectric","Total_MW":6.8,"Utility_Na":"Mega Renewables","City":"Montgomery Creek"}},{"type":"Feature","geometry":{"type":"Point","coordinates":[-118.4448,34.3262]},"properties":{"Plant_Name":"Olive View Medical Center","State":"California","PrimSource":"natural gas","Total_MW":5.4,"Utility_Na":"Los Angeles County DHS","City":"Sylmar"}},{"type":"Feature","geometry":{"type":"Point","coordinates":[-119.4299,35.0968]},"properties":{"Plant_Name":"Chalk Cliff Limited","State":"California","PrimSource":"natural gas","Total_MW":46,"Utility_Na":"WCAC Operating Company","City":"Bakersfield"}},{"type":"Feature","geometry":{"type":"Point","coordinates":[-118.8222,35.43]},"properties":{"Plant_Name":"Rio Bravo Hydro Project","State":"California","PrimSource":"hydroelectric","Total_MW":13.4,"Utility_Na":"Olcese Water District","City":"Bakersfield"}},{"type":"Feature","geometry":{"type":"Point","coordinates":[-124.1014,40.4728]},"properties":{"Plant_Name":"Humboldt Sawmill Company","State":"California","PrimSource":"biomass","Total_MW":33.5,"Utility_Na":"Mendocino Forest Products","City":"Scotia"}},{"type":"Feature","geometry":{"type":"Point","coordinates":[-117.0701,32.7782]},"properties":{"Plant_Name":"San Diego State University","State":"California","PrimSource":"natural gas","Total_MW":11.9,"Utility_Na":"San Diego State University","City":"San Diego"}},{"type":"Feature","geometry":{"type":"Point","coordinates":[-122.0622,36.9997]},"properties":{"Plant_Name":"University of California Santa Cruz","State":"California","PrimSource":"natural gas","Total_MW":7.4,"Utility_Na":"University of California Santa Cruz","City":"Santa Cruz"}},{"type":"Feature","geometry":{"type":"Point","coordinates":[-122.7434,38.7879]},"properties":{"Plant_Name":"Calistoga Power Plant","State":"California","PrimSource":"geothermal","Total_MW":100,"Utility_Na":"Geysers Power Co LLC","City":"Middletown"}},{"type":"Feature","geometry":{"type":"Point","coordinates":[-118.7511,34.4617]},"properties":{"Plant_Name":"Santa Felicia Dam","State":"California","PrimSource":"hydroelectric","Total_MW":1.3,"Utility_Na":"United Water Conservation District","City":"Piru"}},{"type":"Feature","geometry":{"type":"Point","coordinates":[-122.4519,37.7766]},"properties":{"Plant_Name":"Univ of San Francisco Cogen","State":"California","PrimSource":"natural gas","Total_MW":1.4,"Utility_Na":"University of San Francisco","City":"San Francisco"}},{"type":"Feature","geometry":{"type":"Point","coordinates":[-117.7954,48.9477]},"properties":{"Plant_Name":"Sheep Creek Hydro","State":"Washington","PrimSource":"hydroelectric","Total_MW":1.6,"Utility_Na":"Sheep Creek Hydro Inc","City":"Northport"}},{"type":"Feature","geometry":{"type":"Point","coordinates":[-116.3871,44.9549]},"properties":{"Plant_Name":"Tamarack Energy","State":"Idaho","PrimSource":"biomass","Total_MW":5.8,"Utility_Na":"Tamarack Energy","City":"New Meadows"}},{"type":"Feature","geometry":{"type":"Point","coordinates":[-121.7016,40.8767]},"properties":{"Plant_Name":"Sierra Pacific Burney Facility","State":"California","PrimSource":"biomass","Total_MW":18.9,"Utility_Na":"Sierra Pacific Industries","City":"Burney"}},{"type":"Feature","geometry":{"type":"Point","coordinates":[-120.9092,39.9412]},"properties":{"Plant_Name":"Sierra Pacific Quincy Facility","State":"California","PrimSource":"biomass","Total_MW":24,"Utility_Na":"Sierra Pacific Industries","City":"Quincy"}},{"type":"Feature","geometry":{"type":"Point","coordinates":[-117.701,35.0329]},"properties":{"Plant_Name":"US Borax","State":"California","PrimSource":"natural gas","Total_MW":39,"Utility_Na":"U S Borax Inc","City":"Boron"}},{"type":"Feature","geometry":{"type":"Point","coordinates":[-122.2583,38.0417]},"properties":{"Plant_Name":"Phillips 66 Rodeo Refinery","State":"California","PrimSource":"other","Total_MW":45.6,"Utility_Na":"Phillips 66 Company","City":"Rodeo"}},{"type":"Feature","geometry":{"type":"Point","coordinates":[-122.5667,38.9236]},"properties":{"Plant_Name":"Clear Lake Hydro Project","State":"California","PrimSource":"hydroelectric","Total_MW":2.4,"Utility_Na":"Yolo County Flood Control WCD","City":"Clearlake"}},{"type":"Feature","geometry":{"type":"Point","coordinates":[-122.5356,39.0788]},"properties":{"Plant_Name":"Indian Valley Dam Hydro Project","State":"California","PrimSource":"hydroelectric","Total_MW":2.7,"Utility_Na":"Yolo County Flood Control WCD","City":"Clearlake Oaks"}},{"type":"Feature","geometry":{"type":"Point","coordinates":[-120.3885,36.1807]},"properties":{"Plant_Name":"Coalinga Cogeneration","State":"California","PrimSource":"natural gas","Total_MW":36,"Utility_Na":"Coalinga Cogeneration Co","City":"Coalinga"}},{"type":"Feature","geometry":{"type":"Point","coordinates":[-118.9853,35.4526]},"properties":{"Plant_Name":"Sycamore Cogeneration","State":"California","PrimSource":"natural gas","Total_MW":300,"Utility_Na":"Sycamore Cogeneration Co","City":"Bakersfield"}},{"type":"Feature","geometry":{"type":"Point","coordinates":[-117.175,33.051]},"properties":{"Plant_Name":"R E Badger Filtration Plant","State":"California","PrimSource":"hydroelectric","Total_MW":1,"Utility_Na":"Santa Fe Irrigation District","City":"Rancho Santa Fe"}},{"type":"Feature","geometry":{"type":"Point","coordinates":[-118.2294,33.7886]},"properties":{"Plant_Name":"Linde Wilmington","State":"California","PrimSource":"natural gas","Total_MW":27,"Utility_Na":"Linde Inc","City":"Wilmington"}},{"type":"Feature","geometry":{"type":"Point","coordinates":[-121.9591,40.5345]},"properties":{"Plant_Name":"Bear Creek","State":"California","PrimSource":"hydroelectric","Total_MW":3,"Utility_Na":"Central Rivers Power US, LLC","City":"Shingletown"}},{"type":"Feature","geometry":{"type":"Point","coordinates":[-119.4436,35.093]},"properties":{"Plant_Name":"Berry Cogen","State":"California","PrimSource":"natural gas","Total_MW":35,"Utility_Na":"Berry Petroleum Co","City":"Taft"}},{"type":"Feature","geometry":{"type":"Point","coordinates":[-122.3292,41.2792]},"properties":{"Plant_Name":"Box Canyon Dam","State":"California","PrimSource":"hydroelectric","Total_MW":5,"Utility_Na":"Siskiyou Power Authority","City":"Mount Shasta"}},{"type":"Feature","geometry":{"type":"Point","coordinates":[-121.928,40.6372]},"properties":{"Plant_Name":"Olsen","State":"California","PrimSource":"hydroelectric","Total_MW":4.8,"Utility_Na":"Olsen Power Partners","City":"Whitmore"}},{"type":"Feature","geometry":{"type":"Point","coordinates":[-123.7611,46.9541]},"properties":{"Plant_Name":"Cosmo Specialty Fibers Plant","State":"Washington","PrimSource":"biomass","Total_MW":17,"Utility_Na":"Cosmo Specialty Fibers","City":"Cosmopolis"}},{"type":"Feature","geometry":{"type":"Point","coordinates":[-122.9728,46.1236]},"properties":{"Plant_Name":"Nippon Dynawave Packaging Longview WA","State":"Washington","PrimSource":"biomass","Total_MW":58,"Utility_Na":"Nippon Dynawave Packaging Co.","City":"Longview"}},{"type":"Feature","geometry":{"type":"Point","coordinates":[-122.9555,44.0569]},"properties":{"Plant_Name":"IP Springfield Oregon","State":"Oregon","PrimSource":"biomass","Total_MW":58,"Utility_Na":"International Paper Corporation - Springfield","City":"Springfield"}},{"type":"Feature","geometry":{"type":"Point","coordinates":[-117.8348,33.6887]},"properties":{"Plant_Name":"B Braun Medical","State":"California","PrimSource":"natural gas","Total_MW":5.7,"Utility_Na":"B Braun Medical Inc","City":"Irvine"}},{"type":"Feature","geometry":{"type":"Point","coordinates":[-107.7847,37.1456]},"properties":{"Plant_Name":"Williams Ignacio Natural Gas Plant","State":"Colorado","PrimSource":"other","Total_MW":6.1,"Utility_Na":"Harvest Midstream Co","City":"Durango"}},{"type":"Feature","geometry":{"type":"Point","coordinates":[-107.5787,37.3777]},"properties":{"Plant_Name":"Vallecito Hydroelectric","State":"Colorado","PrimSource":"hydroelectric","Total_MW":5.8,"Utility_Na":"Ptarmigan Res & Engy Inc","City":"Bayfield"}},{"type":"Feature","geometry":{"type":"Point","coordinates":[-115.6167,33.1633]},"properties":{"Plant_Name":"Vulcan-BN Geothermal Power Company","State":"California","PrimSource":"geothermal","Total_MW":38,"Utility_Na":"CalEnergy Operating Corporation","City":"Calipatria"}},{"type":"Feature","geometry":{"type":"Point","coordinates":[-118.2448,33.8166]},"properties":{"Plant_Name":"Watson Cogeneration","State":"California","PrimSource":"natural gas","Total_MW":398,"Utility_Na":"ARCO Products Co-Watson","City":"Carson"}},{"type":"Feature","geometry":{"type":"Point","coordinates":[-120.8792,37.8607]},"properties":{"Plant_Name":"Woodward Power Plant","State":"California","PrimSource":"hydroelectric","Total_MW":2.7,"Utility_Na":"Turlock Irrigation District","City":"Oakdale"}},{"type":"Feature","geometry":{"type":"Point","coordinates":[-120.807,37.8304]},"properties":{"Plant_Name":"Frankenheimer Power Plant","State":"California","PrimSource":"hydroelectric","Total_MW":4,"Utility_Na":"Turlock Irrigation District","City":"Oakdale"}},{"type":"Feature","geometry":{"type":"Point","coordinates":[-121.8924,41.0289]},"properties":{"Plant_Name":"Nelson Creek","State":"California","PrimSource":"hydroelectric","Total_MW":0.5,"Utility_Na":"Nelson Creek Power Inc","City":"Big Bend"}},{"type":"Feature","geometry":{"type":"Point","coordinates":[-119.1845,34.1405]},"properties":{"Plant_Name":"Oxnard Wastewater Treatment Plant","State":"California","PrimSource":"biomass","Total_MW":1.2,"Utility_Na":"Oxnard City of","City":"Oxnard"}},{"type":"Feature","geometry":{"type":"Point","coordinates":[-122.9431,47.7197]},"properties":{"Plant_Name":"Rocky Brook Hydroelectric","State":"Washington","PrimSource":"hydroelectric","Total_MW":0.1,"Utility_Na":"Rocky Brook Electric Inc","City":"Brinnon"}},{"type":"Feature","geometry":{"type":"Point","coordinates":[-117.8051,34.1242]},"properties":{"Plant_Name":"San Dimas Wash Generating Station","State":"California","PrimSource":"hydroelectric","Total_MW":1,"Utility_Na":"San Gabriel Valley Mun Wtr Dt","City":"San Dimas"}},{"type":"Feature","geometry":{"type":"Point","coordinates":[-117.6381,34.1019]},"properties":{"Plant_Name":"San Antonio Regional Hospital","State":"California","PrimSource":"natural gas","Total_MW":2.7,"Utility_Na":"San Antonio Regional Hospital","City":"Upland"}},{"type":"Feature","geometry":{"type":"Point","coordinates":[-119.0652,39.4636]},"properties":{"Plant_Name":"New Lahontan","State":"Nevada","PrimSource":"hydroelectric","Total_MW":3.8,"Utility_Na":"Truckee-Carson Irrigation District","City":"Fallon"}},{"type":"Feature","geometry":{"type":"Point","coordinates":[-108.5928,39.0673]},"properties":{"Plant_Name":"Redlands Water & Power","State":"Colorado","PrimSource":"hydroelectric","Total_MW":1.4,"Utility_Na":"Redlands Water & Power Company","City":"Grand Junction"}},{"type":"Feature","geometry":{"type":"Point","coordinates":[-120.0444,34.4648]},"properties":{"Plant_Name":"ExxonMobil Santa Ynez Facility","State":"California","PrimSource":"natural gas","Total_MW":49.1,"Utility_Na":"Exxon Mobil Production Co","City":"Goleta"}},{"type":"Feature","geometry":{"type":"Point","coordinates":[-112.5294,42.9084]},"properties":{"Plant_Name":"Simplot Leasing Don Plant","State":"Idaho","PrimSource":"other","Total_MW":14.8,"Utility_Na":"Simplot Leasing Corp","City":"Pocatello"}},{"type":"Feature","geometry":{"type":"Point","coordinates":[-116.615,33.9261]},"properties":{"Plant_Name":"San Gorgonio Farms Wind Farm","State":"California","PrimSource":"wind","Total_MW":31,"Utility_Na":"San Gorgonio Farms Inc","City":"Whitewater"}},{"type":"Feature","geometry":{"type":"Point","coordinates":[-122.1096,39.1062]},"properties":{"Plant_Name":"Wadham Energy LP","State":"California","PrimSource":"biomass","Total_MW":26.5,"Utility_Na":"Wadham Energy Ltd Partners","City":"Williams"}},{"type":"Feature","geometry":{"type":"Point","coordinates":[-121.116,37.7325]},"properties":{"Plant_Name":"AltaGas Ripon Energy Inc.","State":"California","PrimSource":"natural gas","Total_MW":46.1,"Utility_Na":"AltaGas Ripon Energy Inc.","City":"Ripon"}},{"type":"Feature","geometry":{"type":"Point","coordinates":[-117.7742,34.0594]},"properties":{"Plant_Name":"VESI Pomona","State":"California","PrimSource":"batteries","Total_MW":40,"Utility_Na":"VESI Pomona Energy Storage, Inc.","City":"Pomona"}},{"type":"Feature","geometry":{"type":"Point","coordinates":[-119.8997,37.0568]},"properties":{"Plant_Name":"Site 980 65","State":"California","PrimSource":"hydroelectric","Total_MW":2.1,"Utility_Na":"Madera-Chowchilla Power Auth","City":"Madera"}},{"type":"Feature","geometry":{"type":"Point","coordinates":[-114.5578,42.6366]},"properties":{"Plant_Name":"Marco Ranch","State":"Idaho","PrimSource":"hydroelectric","Total_MW":1.2,"Utility_Na":"Marco Power Inc","City":"Jerome"}},{"type":"Feature","geometry":{"type":"Point","coordinates":[-122.4464,47.6611]},"properties":{"Plant_Name":"West Point Treatment Plant","State":"Washington","PrimSource":"biomass","Total_MW":4.6,"Utility_Na":"King County Dept-Natural Res","City":"Seattle"}},{"type":"Feature","geometry":{"type":"Point","coordinates":[-121.6319,39.8693]},"properties":{"Plant_Name":"Forks of Butte Hydro Project","State":"California","PrimSource":"hydroelectric","Total_MW":14.5,"Utility_Na":"Hypower Energy, LLC","City":"Magalia"}},{"type":"Feature","geometry":{"type":"Point","coordinates":[-120.8833,35.7986]},"properties":{"Plant_Name":"Nacimiento Hydro Project","State":"California","PrimSource":"hydroelectric","Total_MW":4,"Utility_Na":"Monterey Cnty Water Res Agency","City":"Bradley"}},{"type":"Feature","geometry":{"type":"Point","coordinates":[-114.0256,43.4252]},"properties":{"Plant_Name":"Little Wood Hydro Project","State":"Idaho","PrimSource":"hydroelectric","Total_MW":2.4,"Utility_Na":"Littlewood Irrigation District","City":"Carey"}},{"type":"Feature","geometry":{"type":"Point","coordinates":[-121.6483,47.4335]},"properties":{"Plant_Name":"Weeks Falls","State":"Washington","PrimSource":"hydroelectric","Total_MW":4.2,"Utility_Na":"Eagle Creek Renewable Energy, LLC","City":"North Bend"}},{"type":"Feature","geometry":{"type":"Point","coordinates":[-112.7194,44.0274]},"properties":{"Plant_Name":"Dry Creek Project","State":"Idaho","PrimSource":"hydroelectric","Total_MW":2.2,"Utility_Na":"Dry Creek LLC","City":"Howe"}},{"type":"Feature","geometry":{"type":"Point","coordinates":[-119.0129,35.4405]},"properties":{"Plant_Name":"Western Power & Steam Inc","State":"California","PrimSource":"natural gas","Total_MW":19.6,"Utility_Na":"Western Power and Steam II LLC","City":"Bakersfield"}},{"type":"Feature","geometry":{"type":"Point","coordinates":[-119.6617,35.3544]},"properties":{"Plant_Name":"Welport Lease Project","State":"California","PrimSource":"natural gas","Total_MW":4,"Utility_Na":"Sentinel Peak Resources California, LLC","City":"McKittrick"}},{"type":"Feature","geometry":{"type":"Point","coordinates":[-119.5831,35.2208]},"properties":{"Plant_Name":"Dome Project","State":"California","PrimSource":"natural gas","Total_MW":5,"Utility_Na":"Sentinel Peak Resources California, LLC","City":"Fellows"}},{"type":"Feature","geometry":{"type":"Point","coordinates":[-118.2867,33.7686]},"properties":{"Plant_Name":"Los Angeles Refinery Wilmington","State":"California","PrimSource":"other","Total_MW":50,"Utility_Na":"Phillips 66 - Los Angeles","City":"Wilmington"}},{"type":"Feature","geometry":{"type":"Point","coordinates":[-121.8333,38.1167]},"properties":{"Plant_Name":"EDF Renewable Windfarm V Inc","State":"California","PrimSource":"wind","Total_MW":15.5,"Utility_Na":"EDF Renewable Asset Holdings, Inc.","City":"Birds Landing"}},{"type":"Feature","geometry":{"type":"Point","coordinates":[-116.5739,33.9184]},"properties":{"Plant_Name":"San Gorgonio Windplant WPP1993","State":"California","PrimSource":"wind","Total_MW":49.5,"Utility_Na":"FPL Energy Operating Services, Inc.","City":"North Palm Springs"}},{"type":"Feature","geometry":{"type":"Point","coordinates":[-109.1328,41.5417]},"properties":{"Plant_Name":"Simplot Phosphates","State":"Wyoming","PrimSource":"other","Total_MW":11.5,"Utility_Na":"Simplot Phosphates LLC","City":"Rock Springs"}},{"type":"Feature","geometry":{"type":"Point","coordinates":[-122.2733,48.9905]},"properties":{"Plant_Name":"Sumas Power Plant","State":"Washington","PrimSource":"natural gas","Total_MW":125.5,"Utility_Na":"Puget Sound Energy Inc","City":"Sumas"}},{"type":"Feature","geometry":{"type":"Point","coordinates":[-121.5628,39.492]},"properties":{"Plant_Name":"Oroville Cogeneration LP","State":"California","PrimSource":"natural gas","Total_MW":7.7,"Utility_Na":"Apex Power Generation Corp.","City":"Oroville"}},{"type":"Feature","geometry":{"type":"Point","coordinates":[-114.8226,42.6998]},"properties":{"Plant_Name":"Blind Canyon Hydro","State":"Idaho","PrimSource":"hydroelectric","Total_MW":1.3,"Utility_Na":"Blind Canyon Aquaranch, Inc.","City":"Wendell"}},{"type":"Feature","geometry":{"type":"Point","coordinates":[-120.3178,37.9664]},"properties":{"Plant_Name":"Sierra Pacific Sonora","State":"California","PrimSource":"biomass","Total_MW":6,"Utility_Na":"Sierra Pacific Industries","City":"Standard"}},{"type":"Feature","geometry":{"type":"Point","coordinates":[-116.2442,43.9041]},"properties":{"Plant_Name":"Horseshoe Bend Hydroelectric Co","State":"Idaho","PrimSource":"hydroelectric","Total_MW":9.4,"Utility_Na":"Horseshoe Bend Hydroelectric Co","City":"Horseshoe Bend"}},{"type":"Feature","geometry":{"type":"Point","coordinates":[-122.6851,48.829]},"properties":{"Plant_Name":"Ferndale Generating Station","State":"Washington","PrimSource":"natural gas","Total_MW":270,"Utility_Na":"Puget Sound Energy Inc","City":"Ferndale"}},{"type":"Feature","geometry":{"type":"Point","coordinates":[-120.0008,38.3914]},"properties":{"Plant_Name":"Spicer Meadow Project","State":"California","PrimSource":"hydroelectric","Total_MW":5.5,"Utility_Na":"Northern California Power Agny","City":"Murphys"}},{"type":"Feature","geometry":{"type":"Point","coordinates":[-120.3805,38.1446]},"properties":{"Plant_Name":"Collierville Powerhouse","State":"California","PrimSource":"hydroelectric","Total_MW":253,"Utility_Na":"Northern California Power Agny","City":"Murphys"}},{"type":"Feature","geometry":{"type":"Point","coordinates":[-114.093,42.6051]},"properties":{"Plant_Name":"Hazelton B Hydro","State":"Idaho","PrimSource":"hydroelectric","Total_MW":7.6,"Utility_Na":"Hazelton/Wilson Joint Venture","City":"Hazelton"}},{"type":"Feature","geometry":{"type":"Point","coordinates":[-122.9184,46.1039]},"properties":{"Plant_Name":"Longview Fibre","State":"Washington","PrimSource":"biomass","Total_MW":47,"Utility_Na":"Longview Fibre Co","City":"Longview"}},{"type":"Feature","geometry":{"type":"Point","coordinates":[-121.6875,38.5963]},"properties":{"Plant_Name":"MM Yolo Power","State":"California","PrimSource":"biomass","Total_MW":3.3,"Utility_Na":"Yolo County Community Services Department","City":"Woodland"}},{"type":"Feature","geometry":{"type":"Point","coordinates":[-110.8526,32.578]},"properties":{"Plant_Name":"University of Arizona - Biosphere 2","State":"Arizona","PrimSource":"natural gas","Total_MW":3.1,"Utility_Na":"University of Arizona - Biosphere 2","City":"Oracle"}},{"type":"Feature","geometry":{"type":"Point","coordinates":[-106.9494,39.6486]},"properties":{"Plant_Name":"American Gypsum Cogeneration","State":"Colorado","PrimSource":"natural gas","Total_MW":7.6,"Utility_Na":"Eagle Materials Co LLC","City":"Gypsum"}},{"type":"Feature","geometry":{"type":"Point","coordinates":[-118.2572,35.05]},"properties":{"Plant_Name":"TPC Windfarms LLC","State":"California","PrimSource":"wind","Total_MW":28.7,"Utility_Na":"Terra-Gen Operating Co-Wind","City":"Mojave"}},{"type":"Feature","geometry":{"type":"Point","coordinates":[-123.509,40.0941]},"properties":{"Plant_Name":"Kekawaka Power House","State":"California","PrimSource":"hydroelectric","Total_MW":4.9,"Utility_Na":"Eagle Creek Renewable Energy, LLC","City":"Mirinda"}},{"type":"Feature","geometry":{"type":"Point","coordinates":[-119.7468,39.3956]},"properties":{"Plant_Name":"Steamboat II","State":"Nevada","PrimSource":"geothermal","Total_MW":16.3,"Utility_Na":"Steamboat Development Corp","City":"Reno"}},{"type":"Feature","geometry":{"type":"Point","coordinates":[-119.7475,39.3944]},"properties":{"Plant_Name":"Steamboat III","State":"Nevada","PrimSource":"geothermal","Total_MW":16.3,"Utility_Na":"Steamboat Development Corp","City":"Reno"}},{"type":"Feature","geometry":{"type":"Point","coordinates":[-108.1225,32.6956]},"properties":{"Plant_Name":"Chino Mines","State":"New Mexico","PrimSource":"natural gas","Total_MW":50.4,"Utility_Na":"FreePort-McMoRan-Corp-Chino Mines","City":"Hurley"}},{"type":"Feature","geometry":{"type":"Point","coordinates":[-111.3535,44.0597]},"properties":{"Plant_Name":"Falls River Hydro","State":"Idaho","PrimSource":"hydroelectric","Total_MW":9,"Utility_Na":"Marysville Hydro Partners","City":"Ashton"}},{"type":"Feature","geometry":{"type":"Point","coordinates":[-115.9493,46.3838]},"properties":{"Plant_Name":"Ford Hydro LP","State":"Idaho","PrimSource":"hydroelectric","Total_MW":0.6,"Utility_Na":"Ford Hydro Ltd Partnership","City":"Weippe"}},{"type":"Feature","geometry":{"type":"Point","coordinates":[-105.3347,40.0111]},"properties":{"Plant_Name":"Boulder City Lakewood Hydro","State":"Colorado","PrimSource":"hydroelectric","Total_MW":3.5,"Utility_Na":"Boulder City of","City":"Boulder"}},{"type":"Feature","geometry":{"type":"Point","coordinates":[-105.3347,40.0111]},"properties":{"Plant_Name":"Boulder City Betasso Hydro Plant","State":"Colorado","PrimSource":"hydroelectric","Total_MW":3,"Utility_Na":"Boulder City of","City":"Boulder"}},{"type":"Feature","geometry":{"type":"Point","coordinates":[-118.1714,35.0506]},"properties":{"Plant_Name":"Difwind Farms Ltd VI","State":"California","PrimSource":"wind","Total_MW":25.3,"Utility_Na":"Terra-Gen Operating Co-Wind","City":"Mojave"}},{"type":"Feature","geometry":{"type":"Point","coordinates":[-115.518,32.7146]},"properties":{"Plant_Name":"Heber Geothermal","State":"California","PrimSource":"geothermal","Total_MW":63.5,"Utility_Na":"ORCAL Geothermal, Inc","City":"Heber"}},{"type":"Feature","geometry":{"type":"Point","coordinates":[-116.5753,43.6058]},"properties":{"Plant_Name":"Amalgamated Sugar LLC Nampa","State":"Idaho","PrimSource":"natural gas","Total_MW":8.2,"Utility_Na":"Amalgamated Sugar Co-Nampa","City":"Nampa"}},{"type":"Feature","geometry":{"type":"Point","coordinates":[-114.6541,32.7288]},"properties":{"Plant_Name":"Yuma Cogeneration Associates","State":"Arizona","PrimSource":"natural gas","Total_MW":52.2,"Utility_Na":"Falcon Power Operating Company","City":"Yuma"}},{"type":"Feature","geometry":{"type":"Point","coordinates":[-121.2477,44.7242]},"properties":{"Plant_Name":"Warm Springs Power Enterprises","State":"Oregon","PrimSource":"hydroelectric","Total_MW":18.5,"Utility_Na":"Warm Springs Power Enterprises","City":"Warm Springs"}},{"type":"Feature","geometry":{"type":"Point","coordinates":[-115.2481,32.7881]},"properties":{"Plant_Name":"Ormesa II","State":"California","PrimSource":"geothermal","Total_MW":16,"Utility_Na":"Ormat Nevada Inc","City":"Holtville"}},{"type":"Feature","geometry":{"type":"Point","coordinates":[-108.7112,40.1063]},"properties":{"Plant_Name":"Taylor Draw Hydroelectric Facility","State":"Colorado","PrimSource":"hydroelectric","Total_MW":2,"Utility_Na":"Rio Blanco Water Conserv Dist","City":"Rangely"}},{"type":"Feature","geometry":{"type":"Point","coordinates":[-108.3628,32.6618]},"properties":{"Plant_Name":"Freeport McMoRan","State":"New Mexico","PrimSource":"petroleum","Total_MW":29,"Utility_Na":"Freeport McMoRan Inc","City":"Tyrone"}},{"type":"Feature","geometry":{"type":"Point","coordinates":[-117.0995,33.1185]},"properties":{"Plant_Name":"Goal Line LP","State":"California","PrimSource":"natural gas","Total_MW":49.4,"Utility_Na":"Goal Line LP","City":"Escondido"}},{"type":"Feature","geometry":{"type":"Point","coordinates":[-118.3394,35.0663]},"properties":{"Plant_Name":"Coram Tehachapi","State":"California","PrimSource":"wind","Total_MW":6.5,"Utility_Na":"Nextera Energy Resources","City":"Tehachapi"}},{"type":"Feature","geometry":{"type":"Point","coordinates":[-114.8903,42.6474]},"properties":{"Plant_Name":"Lateral 10 Ventures","State":"Idaho","PrimSource":"hydroelectric","Total_MW":2.3,"Utility_Na":"Lateral 10 Ventures","City":"Buhl"}},{"type":"Feature","geometry":{"type":"Point","coordinates":[-119.37,45.8042]},"properties":{"Plant_Name":"Hermiston Generating Plant","State":"Oregon","PrimSource":"natural gas","Total_MW":464,"Utility_Na":"Hermiston Generating Co LP","City":"Hermiston"}},{"type":"Feature","geometry":{"type":"Point","coordinates":[-119.0298,35.4837]},"properties":{"Plant_Name":"Live Oak Limited","State":"California","PrimSource":"natural gas","Total_MW":46,"Utility_Na":"WCAC Operating Company","City":"Bakersfield"}},{"type":"Feature","geometry":{"type":"Point","coordinates":[-119.7667,36.8347]},"properties":{"Plant_Name":"Saint Agnes Medical Center","State":"California","PrimSource":"natural gas","Total_MW":5.4,"Utility_Na":"Saint Agnes Medical Center","City":"Fresno"}},{"type":"Feature","geometry":{"type":"Point","coordinates":[-122.3036,47.6539]},"properties":{"Plant_Name":"University of Washington Power Plant","State":"Washington","PrimSource":"petroleum","Total_MW":15,"Utility_Na":"University of Washington","City":"Seattle"}},{"type":"Feature","geometry":{"type":"Point","coordinates":[-114.1612,42.7401]},"properties":{"Plant_Name":"Mile 28 Water Power Project","State":"Idaho","PrimSource":"hydroelectric","Total_MW":1.4,"Utility_Na":"Wood Hydro, LLC","City":"Eden"}},{"type":"Feature","geometry":{"type":"Point","coordinates":[-115.0339,36.1375]},"properties":{"Plant_Name":"Sun Peak Generating Station","State":"Nevada","PrimSource":"natural gas","Total_MW":222,"Utility_Na":"Nevada Power Co","City":"Las Vegas"}},{"type":"Feature","geometry":{"type":"Point","coordinates":[-121.7105,47.5497]},"properties":{"Plant_Name":"Black Creek","State":"Washington","PrimSource":"hydroelectric","Total_MW":3.7,"Utility_Na":"Black Creek Hydro Inc","City":"Snoqualmie"}},{"type":"Feature","geometry":{"type":"Point","coordinates":[-118.3114,35.1061]},"properties":{"Plant_Name":"Tehachapi Wind Resource II","State":"California","PrimSource":"wind","Total_MW":21.9,"Utility_Na":"CalWind Resources Inc","City":"Tehachapi"}},{"type":"Feature","geometry":{"type":"Point","coordinates":[-122.1117,38.0169]},"properties":{"Plant_Name":"Martinez Refining","State":"California","PrimSource":"natural gas","Total_MW":100,"Utility_Na":"Martinez Refining Co","City":"Martinez"}},{"type":"Feature","geometry":{"type":"Point","coordinates":[-118.3153,35.074]},"properties":{"Plant_Name":"Ridgetop","State":"California","PrimSource":"wind","Total_MW":46.9,"Utility_Na":"Terra-Gen Operating Co-Wind","City":"Mojave"}},{"type":"Feature","geometry":{"type":"Point","coordinates":[-116.9309,32.5836]},"properties":{"Plant_Name":"Richard J Donovan Correctional Facility","State":"California","PrimSource":"natural gas","Total_MW":2.2,"Utility_Na":"California Dept of Corrections","City":"San Diego"}},{"type":"Feature","geometry":{"type":"Point","coordinates":[-123.0739,44.0483]},"properties":{"Plant_Name":"Univ of Oregon Central Power Station","State":"Oregon","PrimSource":"natural gas","Total_MW":15.6,"Utility_Na":"University of Oregon","City":"Eugene"}},{"type":"Feature","geometry":{"type":"Point","coordinates":[-121.7714,36.7056]},"properties":{"Plant_Name":"Monterey One Water","State":"California","PrimSource":"biomass","Total_MW":1.8,"Utility_Na":"Monterey One Water","City":"Marina"}},{"type":"Feature","geometry":{"type":"Point","coordinates":[-106.4513,32.1648]},"properties":{"Plant_Name":"New Mexico State University","State":"New Mexico","PrimSource":"natural gas","Total_MW":4.5,"Utility_Na":"New Mexico State University","City":"Las Cruces"}},{"type":"Feature","geometry":{"type":"Point","coordinates":[-115.6386,33.157]},"properties":{"Plant_Name":"Salton Sea Power Gen Co - Unit 4","State":"California","PrimSource":"geothermal","Total_MW":44,"Utility_Na":"CalEnergy Operating Corporation","City":"Calipatria"}},{"type":"Feature","geometry":{"type":"Point","coordinates":[-121.9564,40.8468]},"properties":{"Plant_Name":"Montgomery Creek Hydro","State":"California","PrimSource":"hydroelectric","Total_MW":2.6,"Utility_Na":"Central Rivers Power US, LLC","City":"Montgomery Creek"}},{"type":"Feature","geometry":{"type":"Point","coordinates":[-106.644,35.026]},"properties":{"Plant_Name":"Rio Bravo","State":"New Mexico","PrimSource":"natural gas","Total_MW":140.7,"Utility_Na":"Public Service Co of NM","City":"Albuquerque"}},{"type":"Feature","geometry":{"type":"Point","coordinates":[-114.9942,35.7889]},"properties":{"Plant_Name":"Desert Star Energy Center","State":"Nevada","PrimSource":"natural gas","Total_MW":450,"Utility_Na":"Desert Star Energy Center SDG&E","City":"Boulder City"}},{"type":"Feature","geometry":{"type":"Point","coordinates":[-122.2161,38.0569]},"properties":{"Plant_Name":"Crockett Cogen Project","State":"California","PrimSource":"natural gas","Total_MW":247,"Utility_Na":"Crockett Cogeneration","City":"Crockett"}},{"type":"Feature","geometry":{"type":"Point","coordinates":[-116.8904,47.331]},"properties":{"Plant_Name":"Plummer Cogen","State":"Idaho","PrimSource":"biomass","Total_MW":5.8,"Utility_Na":"Stimson Lumber Company","City":"Plummer"}},{"type":"Feature","geometry":{"type":"Point","coordinates":[-117.1627,32.8448]},"properties":{"Plant_Name":"MM San Diego-Miramar","State":"California","PrimSource":"biomass","Total_MW":6.4,"Utility_Na":"MM San Diego Energy-Miramar","City":"San Diego"}},{"type":"Feature","geometry":{"type":"Point","coordinates":[-121.8106,42.1739]},"properties":{"Plant_Name":"Klamath Cogeneration Plant","State":"Oregon","PrimSource":"natural gas","Total_MW":490,"Utility_Na":"Klamath Energy LLC","City":"Klamath Falls"}},{"type":"Feature","geometry":{"type":"Point","coordinates":[-121.6959,39.0531]},"properties":{"Plant_Name":"Sutter Energy Center","State":"California","PrimSource":"natural gas","Total_MW":528,"Utility_Na":"Calpine Corp-Sutter","City":"Yuba City"}},{"type":"Feature","geometry":{"type":"Point","coordinates":[-114.1333,35.054]},"properties":{"Plant_Name":"Griffith Energy LLC","State":"Arizona","PrimSource":"natural gas","Total_MW":570,"Utility_Na":"Griffith Energy LLC","City":"Golden Valley"}},{"type":"Feature","geometry":{"type":"Point","coordinates":[-118.66,45.9362]},"properties":{"Plant_Name":"Vansycle","State":"Oregon","PrimSource":"wind","Total_MW":25,"Utility_Na":"ESI Vansycle Partners LP","City":"Touchet"}},{"type":"Feature","geometry":{"type":"Point","coordinates":[-103.685,40.2171]},"properties":{"Plant_Name":"Manchief Electric Generating Station","State":"Colorado","PrimSource":"natural gas","Total_MW":250,"Utility_Na":"Public Service Co of Colorado","City":"Brush"}},{"type":"Feature","geometry":{"type":"Point","coordinates":[-111.7889,32.9042]},"properties":{"Plant_Name":"Desert Basin","State":"Arizona","PrimSource":"natural gas","Total_MW":703.8,"Utility_Na":"Salt River Project","City":"Casa Grande"}},{"type":"Feature","geometry":{"type":"Point","coordinates":[-119.5919,35.2956]},"properties":{"Plant_Name":"La Paloma Generating Plant","State":"California","PrimSource":"natural gas","Total_MW":1010,"Utility_Na":"CXA La Paloma LLC","City":"McKittrick"}},{"type":"Feature","geometry":{"type":"Point","coordinates":[-119.394,36.388]},"properties":{"Plant_Name":"MM Tulare Energy","State":"California","PrimSource":"biomass","Total_MW":1.6,"Utility_Na":"MM Tulare Energy LLC","City":"Visalia"}},{"type":"Feature","geometry":{"type":"Point","coordinates":[-118.3894,34.2925]},"properties":{"Plant_Name":"MM Lopez Energy","State":"California","PrimSource":"biomass","Total_MW":2.7,"Utility_Na":"MM Lopez Energy LLC","City":"Lake View Terrace"}},{"type":"Feature","geometry":{"type":"Point","coordinates":[-114.5317,34.8678]},"properties":{"Plant_Name":"South Point Energy Center","State":"Arizona","PrimSource":"natural gas","Total_MW":487,"Utility_Na":"South Point Energy Center LLC","City":"Mohave Valley"}},{"type":"Feature","geometry":{"type":"Point","coordinates":[-116.9203,47.7858]},"properties":{"Plant_Name":"Rathdrum Power LLC","State":"Idaho","PrimSource":"natural gas","Total_MW":210,"Utility_Na":"Rathdrum Power LLC","City":"Rathdrum"}},{"type":"Feature","geometry":{"type":"Point","coordinates":[-119.585,35.2097]},"properties":{"Plant_Name":"Sunrise Power LLC","State":"California","PrimSource":"natural gas","Total_MW":545,"Utility_Na":"Sunrise Power Co LLC","City":"Fellows"}},{"type":"Feature","geometry":{"type":"Point","coordinates":[-120.86,35.9533]},"properties":{"Plant_Name":"Aera San Ardo Cogen Facility","State":"California","PrimSource":"natural gas","Total_MW":5.6,"Utility_Na":"Aera Energy LLC-San Ardo","City":"San Ardo"}},{"type":"Feature","geometry":{"type":"Point","coordinates":[-105.0018,39.6692]},"properties":{"Plant_Name":"Arapahoe Combustion Turbine Project","State":"Colorado","PrimSource":"natural gas","Total_MW":122.5,"Utility_Na":"SWG Arapahoe, LLC","City":"Denver"}},{"type":"Feature","geometry":{"type":"Point","coordinates":[-105.2009,40.0205]},"properties":{"Plant_Name":"Valmont Combustion Turbine Project","State":"Colorado","PrimSource":"natural gas","Total_MW":76,"Utility_Na":"Public Service Co of Colorado","City":"Boulder"}},{"type":"Feature","geometry":{"type":"Point","coordinates":[-106.8465,32.1142]},"properties":{"Plant_Name":"Afton Generating Station","State":"New Mexico","PrimSource":"natural gas","Total_MW":238.6,"Utility_Na":"Public Service Co of NM","City":"La Mesa"}},{"type":"Feature","geometry":{"type":"Point","coordinates":[-121.873,38.0301]},"properties":{"Plant_Name":"Los Medanos Energy Center","State":"California","PrimSource":"natural gas","Total_MW":559,"Utility_Na":"Los Medanos Energy Center LLC","City":"Pittsburg"}},{"type":"Feature","geometry":{"type":"Point","coordinates":[-108.3136,42.8475]},"properties":{"Plant_Name":"Beaver Creek Gas Plant","State":"Wyoming","PrimSource":"natural gas","Total_MW":5.4,"Utility_Na":"Denbury Inc","City":"Riverton"}},{"type":"Feature","geometry":{"type":"Point","coordinates":[-112.8897,33.3417]},"properties":{"Plant_Name":"Arlington Valley Energy Facility","State":"Arizona","PrimSource":"natural gas","Total_MW":580,"Utility_Na":"Arlington Valley LLC","City":"Arlington"}},{"type":"Feature","geometry":{"type":"Point","coordinates":[-104.7069,38.6281]},"properties":{"Plant_Name":"Front Range Power Plant","State":"Colorado","PrimSource":"natural gas","Total_MW":460,"Utility_Na":"City of Colorado Springs - (CO)","City":"Fountain"}},{"type":"Feature","geometry":{"type":"Point","coordinates":[-114.6865,33.6157]},"properties":{"Plant_Name":"Blythe Energy Inc","State":"California","PrimSource":"natural gas","Total_MW":514,"Utility_Na":"AltaGas Blythe Operations Inc","City":"Blythe"}},{"type":"Feature","geometry":{"type":"Point","coordinates":[-112.6944,32.975]},"properties":{"Plant_Name":"Gila River Power Block 4","State":"Arizona","PrimSource":"natural gas","Total_MW":570,"Utility_Na":"Salt River Project","City":"Gila Bend"}},{"type":"Feature","geometry":{"type":"Point","coordinates":[-114.9218,36.3837]},"properties":{"Plant_Name":"Chuck Lenzie Generating Station","State":"Nevada","PrimSource":"natural gas","Total_MW":1242,"Utility_Na":"Nevada Power Co","City":"Apex"}},{"type":"Feature","geometry":{"type":"Point","coordinates":[-119.3133,45.794]},"properties":{"Plant_Name":"Hermiston Power Partnership","State":"Oregon","PrimSource":"natural gas","Total_MW":629,"Utility_Na":"Hermiston Power Partnership","City":"Hermiston"}},{"type":"Feature","geometry":{"type":"Point","coordinates":[-121.8439,38.0169]},"properties":{"Plant_Name":"Delta Energy Center","State":"California","PrimSource":"natural gas","Total_MW":842,"Utility_Na":"Delta Energy Center LLC","City":"Pittsburg"}},{"type":"Feature","geometry":{"type":"Point","coordinates":[-116.55,33.9167]},"properties":{"Plant_Name":"Phoenix Wind Power LLC","State":"California","PrimSource":"wind","Total_MW":2.1,"Utility_Na":"Avangrid Power LLC","City":"North Palm Springs"}},{"type":"Feature","geometry":{"type":"Point","coordinates":[-107.7834,32.2993]},"properties":{"Plant_Name":"Luna Energy Facility","State":"New Mexico","PrimSource":"natural gas","Total_MW":559,"Utility_Na":"Public Service Co of NM","City":"Deming"}},{"type":"Feature","geometry":{"type":"Point","coordinates":[-116.915,32.5815]},"properties":{"Plant_Name":"Otay Mesa Generating Project","State":"California","PrimSource":"natural gas","Total_MW":571,"Utility_Na":"Otay Mesa Energy Center LLC","City":"San Diego"}},{"type":"Feature","geometry":{"type":"Point","coordinates":[-113.1134,33.476]},"properties":{"Plant_Name":"Harquahala Generating Project","State":"Arizona","PrimSource":"natural gas","Total_MW":1042.9,"Utility_Na":"New Harquahala Generating Co, LLC","City":"Tonopah"}},{"type":"Feature","geometry":{"type":"Point","coordinates":[-121.7457,37.2207]},"properties":{"Plant_Name":"Metcalf Energy Center","State":"California","PrimSource":"natural gas","Total_MW":557,"Utility_Na":"Calpine Corp - Metcalf Energy Center","City":"San Jose"}},{"type":"Feature","geometry":{"type":"Point","coordinates":[-119.4707,35.2803]},"properties":{"Plant_Name":"Elk Hills Power LLC","State":"California","PrimSource":"natural gas","Total_MW":525,"Utility_Na":"Elk Hills Power LLC","City":"Tupman"}},{"type":"Feature","geometry":{"type":"Point","coordinates":[-104.6875,38.5569]},"properties":{"Plant_Name":"Fountain Valley Power Facility","State":"Colorado","PrimSource":"natural gas","Total_MW":234,"Utility_Na":"Fountain Valley Power LLC","City":"Fountain"}},{"type":"Feature","geometry":{"type":"Point","coordinates":[-112.8406,33.3346]},"properties":{"Plant_Name":"Red Hawk","State":"Arizona","PrimSource":"natural gas","Total_MW":1002,"Utility_Na":"Arizona Public Service Co","City":"Arlington"}},{"type":"Feature","geometry":{"type":"Point","coordinates":[-105.3786,44.285]},"properties":{"Plant_Name":"Neil Simpson Gas Turbine #2","State":"Wyoming","PrimSource":"natural gas","Total_MW":34,"Utility_Na":"Black Hills Power, Inc.","City":"Gillette"}},{"type":"Feature","geometry":{"type":"Point","coordinates":[-105.3833,44.2858]},"properties":{"Plant_Name":"Wygen 1","State":"Wyoming","PrimSource":"coal","Total_MW":85,"Utility_Na":" ","City":"Gillette"}},{"type":"Feature","geometry":{"type":"Point","coordinates":[-112.8642,33.345]},"properties":{"Plant_Name":"Mesquite Generating Station Block 2","State":"Arizona","PrimSource":"natural gas","Total_MW":624,"Utility_Na":"Mesquite Power LLC","City":"Arlington"}},{"type":"Feature","geometry":{"type":"Point","coordinates":[-120.833,45.8114]},"properties":{"Plant_Name":"Goldendale Generating Station","State":"Washington","PrimSource":"natural gas","Total_MW":263.7,"Utility_Na":"Puget Sound Energy Inc","City":"Goldendale"}},{"type":"Feature","geometry":{"type":"Point","coordinates":[-121.924,38.3989]},"properties":{"Plant_Name":"CalPeak Power Vaca Dixon Peaker Plant","State":"California","PrimSource":"natural gas","Total_MW":48,"Utility_Na":"CalPeak Power, LLC","City":"Vacaville"}},{"type":"Feature","geometry":{"type":"Point","coordinates":[-103.7005,39.2038]},"properties":{"Plant_Name":"Limon Generating Station","State":"Colorado","PrimSource":"natural gas","Total_MW":134,"Utility_Na":"Tri-State G & T Assn, Inc","City":"Limon"}},{"type":"Feature","geometry":{"type":"Point","coordinates":[-104.682,39.9411]},"properties":{"Plant_Name":"Frank Knutson","State":"Colorado","PrimSource":"natural gas","Total_MW":134,"Utility_Na":"Tri-State G & T Assn, Inc","City":"Commerce City"}},{"type":"Feature","geometry":{"type":"Point","coordinates":[-120.5806,36.6529]},"properties":{"Plant_Name":"CalPeak Power Panoche Peaker Plant","State":"California","PrimSource":"natural gas","Total_MW":48,"Utility_Na":"CalPeak Power, LLC","City":"Firebaugh"}},{"type":"Feature","geometry":{"type":"Point","coordinates":[-116.9439,32.5624]},"properties":{"Plant_Name":"CalPeak Power Border Peaker Plant","State":"California","PrimSource":"natural gas","Total_MW":48,"Utility_Na":"CalPeak Power, LLC","City":"San Diego"}},{"type":"Feature","geometry":{"type":"Point","coordinates":[-116.9721,32.7965]},"properties":{"Plant_Name":"Cuyamaca Peak Energy Plant","State":"California","PrimSource":"natural gas","Total_MW":48.7,"Utility_Na":"San Diego Gas & Electric Co","City":"El Cajon"}},{"type":"Feature","geometry":{"type":"Point","coordinates":[-117.1174,33.1219]},"properties":{"Plant_Name":"CalPeak Power Enterprise Peaker Plant","State":"California","PrimSource":"natural gas","Total_MW":48,"Utility_Na":"CalPeak Power, LLC","City":"Escondido"}},{"type":"Feature","geometry":{"type":"Point","coordinates":[-114.9609,36.416]},"properties":{"Plant_Name":"Apex Generating Station","State":"Nevada","PrimSource":"natural gas","Total_MW":524.4,"Utility_Na":"Apex Generating Station","City":"Las Vegas"}},{"type":"Feature","geometry":{"type":"Point","coordinates":[-117.3647,34.5953]},"properties":{"Plant_Name":"High Desert Power Plant","State":"California","PrimSource":"natural gas","Total_MW":876,"Utility_Na":"MRP Generation Holdings, LLC","City":"Victorville"}},{"type":"Feature","geometry":{"type":"Point","coordinates":[-111.5899,32.9285]},"properties":{"Plant_Name":"Sundance","State":"Arizona","PrimSource":"natural gas","Total_MW":410,"Utility_Na":"Arizona Public Service Co","City":"Casa Grande"}},{"type":"Feature","geometry":{"type":"Point","coordinates":[-117.1172,33.1261]},"properties":{"Plant_Name":"Escondido Energy Center","State":"California","PrimSource":"natural gas","Total_MW":54,"Utility_Na":"Wellhead Services, Inc","City":"Escondido"}},{"type":"Feature","geometry":{"type":"Point","coordinates":[-117.0586,32.5917]},"properties":{"Plant_Name":"Chula Vista Energy Center","State":"California","PrimSource":"natural gas","Total_MW":37.2,"Utility_Na":"Wellhead Services, Inc","City":"Chula Vista"}},{"type":"Feature","geometry":{"type":"Point","coordinates":[-116.553,33.9109]},"properties":{"Plant_Name":"Indigo Energy Facility","State":"California","PrimSource":"natural gas","Total_MW":142.5,"Utility_Na":"Diamond Generating Corporation","City":"North Palm Springs"}},{"type":"Feature","geometry":{"type":"Point","coordinates":[-116.9442,32.567]},"properties":{"Plant_Name":"Larkspur Energy Facility","State":"California","PrimSource":"natural gas","Total_MW":91.6,"Utility_Na":"Diamond Generating Corporation","City":"San Diego"}},{"type":"Feature","geometry":{"type":"Point","coordinates":[-121.8144,42.1727]},"properties":{"Plant_Name":"Klamath Expansion Project","State":"Oregon","PrimSource":"natural gas","Total_MW":100,"Utility_Na":"Klamath Energy LLC","City":"Klamath Falls"}},{"type":"Feature","geometry":{"type":"Point","coordinates":[-118.24,33.7803]},"properties":{"Plant_Name":"Wilmington Hydrogen Plant","State":"California","PrimSource":"other","Total_MW":28.1,"Utility_Na":"Air Products & Chemicals Inc","City":"Wilmington"}},{"type":"Feature","geometry":{"type":"Point","coordinates":[-118.917,46.06]},"properties":{"Plant_Name":"FPL Energy Vansycle LLC (WA)","State":"Washington","PrimSource":"wind","Total_MW":176.9,"Utility_Na":"FPL Energy Vansycle LLC","City":"Touchet"}},{"type":"Feature","geometry":{"type":"Point","coordinates":[-112.0317,40.6667]},"properties":{"Plant_Name":"West Valley Generation Project","State":"Utah","PrimSource":"natural gas","Total_MW":185,"Utility_Na":"Utah Municipal Power Agency","City":"West Valley City"}},{"type":"Feature","geometry":{"type":"Point","coordinates":[-121.8547,38.2422]},"properties":{"Plant_Name":"Creed Energy Center","State":"California","PrimSource":"natural gas","Total_MW":48,"Utility_Na":"Creed Energy Center LLC","City":"Suisun"}},{"type":"Feature","geometry":{"type":"Point","coordinates":[-121.8683,38.2216]},"properties":{"Plant_Name":"Lambie Energy Center","State":"California","PrimSource":"natural gas","Total_MW":46,"Utility_Na":"Gilroy Energy Center LLC","City":"Suisun"}},{"type":"Feature","geometry":{"type":"Point","coordinates":[-121.8433,38.2268]},"properties":{"Plant_Name":"Goose Haven Energy Center","State":"California","PrimSource":"natural gas","Total_MW":48,"Utility_Na":"Goose Haven Energy Center","City":"Suisun"}},{"type":"Feature","geometry":{"type":"Point","coordinates":[-104.6814,39.7479]},"properties":{"Plant_Name":"Blue Spruce Energy Center","State":"Colorado","PrimSource":"natural gas","Total_MW":264,"Utility_Na":"Public Service Co of Colorado","City":"Aurora"}},{"type":"Feature","geometry":{"type":"Point","coordinates":[-105.226,39.8575]},"properties":{"Plant_Name":"Plains End","State":"Colorado","PrimSource":"natural gas","Total_MW":110,"Utility_Na":"Plains End Operating Services LLC","City":"Arvada"}},{"type":"Feature","geometry":{"type":"Point","coordinates":[-118.844,34.9556]},"properties":{"Plant_Name":"Pastoria Energy Facility, LLC","State":"California","PrimSource":"natural gas","Total_MW":757,"Utility_Na":"Calpine Corp - Pastoria Energy Center","City":"Lebec"}},{"type":"Feature","geometry":{"type":"Point","coordinates":[-122.9131,46.6225]},"properties":{"Plant_Name":"Chehalis Generating Facility","State":"Washington","PrimSource":"natural gas","Total_MW":477,"Utility_Na":"PacifiCorp","City":"Chehalis"}},{"type":"Feature","geometry":{"type":"Point","coordinates":[-115.3561,35.6139]},"properties":{"Plant_Name":"Higgins Generating Station","State":"Nevada","PrimSource":"natural gas","Total_MW":620,"Utility_Na":"Nevada Power Co","City":"Primm"}},{"type":"Feature","geometry":{"type":"Point","coordinates":[-119.6481,36.2701]},"properties":{"Plant_Name":"Hanford Energy Park Peaker","State":"California","PrimSource":"natural gas","Total_MW":91.8,"Utility_Na":"MRP San Joaquin Energy LLC.","City":"Hanford"}},{"type":"Feature","geometry":{"type":"Point","coordinates":[-122.9855,46.1388]},"properties":{"Plant_Name":"Mint Farm Generating Station","State":"Washington","PrimSource":"natural gas","Total_MW":270,"Utility_Na":"Puget Sound Energy Inc","City":"Longview"}},{"type":"Feature","geometry":{"type":"Point","coordinates":[-116.5642,33.9211]},"properties":{"Plant_Name":"Mountain View I & II","State":"California","PrimSource":"wind","Total_MW":70.9,"Utility_Na":"AES Distributed Energy","City":"North Palm Springs"}},{"type":"Feature","geometry":{"type":"Point","coordinates":[-115.6666,43.1472]},"properties":{"Plant_Name":"Bennett Mountain","State":"Idaho","PrimSource":"natural gas","Total_MW":174.8,"Utility_Na":"Idaho Power Co","City":"Mountain Home"}},{"type":"Feature","geometry":{"type":"Point","coordinates":[-120.2794,45.2766]},"properties":{"Plant_Name":"Condon Windpower LLC","State":"Oregon","PrimSource":"wind","Total_MW":49.8,"Utility_Na":"ALLETE Clean Energy","City":"Condon"}},{"type":"Feature","geometry":{"type":"Point","coordinates":[-103.162,40.9459]},"properties":{"Plant_Name":"Ridge Crest Wind Partners","State":"Colorado","PrimSource":"wind","Total_MW":29.7,"Utility_Na":"Terra-Gen Operating Co-Wind","City":"Peetz"}},{"type":"Feature","geometry":{"type":"Point","coordinates":[-121.9319,37.425]},"properties":{"Plant_Name":"Los Esteros Critical Energy Center","State":"California","PrimSource":"natural gas","Total_MW":300,"Utility_Na":"Los Esteros Critical Energy Facility LLC","City":"San Jose"}},{"type":"Feature","geometry":{"type":"Point","coordinates":[-107.6,45.7578]},"properties":{"Plant_Name":"Hardin Generator Project","State":"Montana","PrimSource":"coal","Total_MW":107,"Utility_Na":"Heorot Power Management","City":"Hardin"}},{"type":"Feature","geometry":{"type":"Point","coordinates":[-122.7489,38.3017]},"properties":{"Plant_Name":"Sonoma Central Landfill Phase I","State":"California","PrimSource":"biomass","Total_MW":2.8,"Utility_Na":"County of Sonoma Dept of Trnsp","City":"Petaluma"}},{"type":"Feature","geometry":{"type":"Point","coordinates":[-122.7489,38.3017]},"properties":{"Plant_Name":"Sonoma Central Landfill Phase II","State":"California","PrimSource":"biomass","Total_MW":2.8,"Utility_Na":"County of Sonoma Dept of Trnsp","City":"Petaluma"}},{"type":"Feature","geometry":{"type":"Point","coordinates":[-121.1944,38.5136]},"properties":{"Plant_Name":"Kiefer Landfill","State":"California","PrimSource":"biomass","Total_MW":8.4,"Utility_Na":"Sacramento County of Dpt Waste","City":"Sloughhouse"}},{"type":"Feature","geometry":{"type":"Point","coordinates":[-106.7322,34.6115]},"properties":{"Plant_Name":"Valencia Energy Facility","State":"New Mexico","PrimSource":"natural gas","Total_MW":144.3,"Utility_Na":"Valencia Power LLC","City":"Belen"}},{"type":"Feature","geometry":{"type":"Point","coordinates":[-119.9044,36.2397]},"properties":{"Plant_Name":"Henrietta Peaker","State":"California","PrimSource":"natural gas","Total_MW":92.4,"Utility_Na":"MRP San Joaquin Energy LLC.","City":"Lemoore"}},{"type":"Feature","geometry":{"type":"Point","coordinates":[-121.5363,36.999]},"properties":{"Plant_Name":"Gilroy Peaking Energy Center","State":"California","PrimSource":"natural gas","Total_MW":144,"Utility_Na":"Calpine Gilroy Cogen LP","City":"Gilroy"}},{"type":"Feature","geometry":{"type":"Point","coordinates":[-121.1246,36.2248]},"properties":{"Plant_Name":"King City Peaking","State":"California","PrimSource":"natural gas","Total_MW":44,"Utility_Na":"Calpine Corp-King City","City":"King City"}},{"type":"Feature","geometry":{"type":"Point","coordinates":[-121.6387,39.1392]},"properties":{"Plant_Name":"Yuba City Energy Center","State":"California","PrimSource":"natural gas","Total_MW":47,"Utility_Na":"Calpine Corp-Yuba City","City":"Yuba City"}},{"type":"Feature","geometry":{"type":"Point","coordinates":[-122.3657,47.0861]},"properties":{"Plant_Name":"Frederickson Power LP","State":"Washington","PrimSource":"natural gas","Total_MW":246,"Utility_Na":"Frederickson Power LP","City":"Tacoma"}},{"type":"Feature","geometry":{"type":"Point","coordinates":[-104.5953,40.0908]},"properties":{"Plant_Name":"Rocky Mountain Energy Center","State":"Colorado","PrimSource":"natural gas","Total_MW":592,"Utility_Na":"Public Service Co of Colorado","City":"Keenesburg"}},{"type":"Feature","geometry":{"type":"Point","coordinates":[-114.9606,36.4078]},"properties":{"Plant_Name":"Silverhawk","State":"Nevada","PrimSource":"natural gas","Total_MW":1064,"Utility_Na":"Nevada Power Co","City":"North Las Vegas"}},{"type":"Feature","geometry":{"type":"Point","coordinates":[-121.6093,39.1093]},"properties":{"Plant_Name":"Feather River Energy Center","State":"California","PrimSource":"natural gas","Total_MW":48,"Utility_Na":"Calpine Corp-Yuba City","City":"Yuba City"}},{"type":"Feature","geometry":{"type":"Point","coordinates":[-122.1411,38.0736]},"properties":{"Plant_Name":"Valero Refinery Cogeneration Unit 1","State":"California","PrimSource":"natural gas","Total_MW":45.4,"Utility_Na":"Valero Refining Co California","City":"Benicia"}},{"type":"Feature","geometry":{"type":"Point","coordinates":[-122.0753,38.2285]},"properties":{"Plant_Name":"Wolfskill Energy Center","State":"California","PrimSource":"natural gas","Total_MW":47,"Utility_Na":"Gilroy Energy Center LLC","City":"Fairfield"}},{"type":"Feature","geometry":{"type":"Point","coordinates":[-112.5194,45.9293]},"properties":{"Plant_Name":"Basin Creek Plant","State":"Montana","PrimSource":"natural gas","Total_MW":54,"Utility_Na":"Basin Creek Power Services LLC","City":"Butte"}},{"type":"Feature","geometry":{"type":"Point","coordinates":[-120.5507,45.5563]},"properties":{"Plant_Name":"Klondike Wind Power","State":"Oregon","PrimSource":"wind","Total_MW":24,"Utility_Na":"Avangrid Power LLC","City":"Wasco"}},{"type":"Feature","geometry":{"type":"Point","coordinates":[-120.5783,36.6535]},"properties":{"Plant_Name":"Wellhead Power Panoche","State":"California","PrimSource":"natural gas","Total_MW":56.7,"Utility_Na":"Wellhead Services, Inc","City":"Firebaugh"}},{"type":"Feature","geometry":{"type":"Point","coordinates":[-122.7489,38.3017]},"properties":{"Plant_Name":"Sonoma Central Landfill Phase III","State":"California","PrimSource":"biomass","Total_MW":1.4,"Utility_Na":"County of Sonoma Dept of Trnsp","City":"Petaluma"}},{"type":"Feature","geometry":{"type":"Point","coordinates":[-123.7739,46.9728]},"properties":{"Plant_Name":"Sierra Pacific Aberdeen","State":"Washington","PrimSource":"biomass","Total_MW":17.4,"Utility_Na":"Sierra Pacific Industries","City":"Aberdeen"}},{"type":"Feature","geometry":{"type":"Point","coordinates":[-105.5,39.9913]},"properties":{"Plant_Name":"Boulder City Silver Lake Hydro","State":"Colorado","PrimSource":"hydroelectric","Total_MW":3.3,"Utility_Na":"Boulder City of","City":"Boulder"}},{"type":"Feature","geometry":{"type":"Point","coordinates":[-121.4906,37.7107]},"properties":{"Plant_Name":"Tracy Combined Cycle Power Plant","State":"California","PrimSource":"natural gas","Total_MW":320.1,"Utility_Na":"MRP San Joaquin Energy LLC.","City":"Tracy"}},{"type":"Feature","geometry":{"type":"Point","coordinates":[-117.3533,34.0606]},"properties":{"Plant_Name":"Century Generating Facility","State":"California","PrimSource":"natural gas","Total_MW":38,"Utility_Na":"Colton Power LP","City":"Colton"}},{"type":"Feature","geometry":{"type":"Point","coordinates":[-117.3532,34.0609]},"properties":{"Plant_Name":"Drews Generating Facility","State":"California","PrimSource":"natural gas","Total_MW":38,"Utility_Na":"Colton Power LP","City":"Colton"}},{"type":"Feature","geometry":{"type":"Point","coordinates":[-119.7375,35.4791]},"properties":{"Plant_Name":"Elk Hills Cogen","State":"California","PrimSource":"natural gas","Total_MW":46.6,"Utility_Na":"California Resources Elk Hills LLC","City":"Tupman"}},{"type":"Feature","geometry":{"type":"Point","coordinates":[-117.3603,34.0414]},"properties":{"Plant_Name":"Agua Mansa Power Plant","State":"California","PrimSource":"natural gas","Total_MW":40,"Utility_Na":"E I Colton LLC","City":"Colton"}},{"type":"Feature","geometry":{"type":"Point","coordinates":[-121.7907,38.0144]},"properties":{"Plant_Name":"Riverview Energy Center","State":"California","PrimSource":"natural gas","Total_MW":47,"Utility_Na":"Gilroy Energy Center for Riverview","City":"Antioch"}},{"type":"Feature","geometry":{"type":"Point","coordinates":[-121.124,38.3385]},"properties":{"Plant_Name":"Cosumnes","State":"California","PrimSource":"natural gas","Total_MW":545,"Utility_Na":"Sacramento Municipal Util Dist","City":"Herald"}},{"type":"Feature","geometry":{"type":"Point","coordinates":[-108.2153,36.7166]},"properties":{"Plant_Name":"Bluffview","State":"New Mexico","PrimSource":"natural gas","Total_MW":58,"Utility_Na":"City of Farmington - (NM)","City":"Farmington"}},{"type":"Feature","geometry":{"type":"Point","coordinates":[-115.6384,33.1533]},"properties":{"Plant_Name":"Salton Sea Power LLC - Unit 5","State":"California","PrimSource":"geothermal","Total_MW":46,"Utility_Na":"CalEnergy Operating Corporation","City":"Calipatria"}},{"type":"Feature","geometry":{"type":"Point","coordinates":[-115.5114,33.1669]},"properties":{"Plant_Name":"CE Turbo LLC","State":"California","PrimSource":"geothermal","Total_MW":10,"Utility_Na":"CalEnergy Operating Corporation","City":"Calipatria"}},{"type":"Feature","geometry":{"type":"Point","coordinates":[-117.1178,33.1197]},"properties":{"Plant_Name":"Palomar Energy","State":"California","PrimSource":"natural gas","Total_MW":581.4,"Utility_Na":"San Diego Gas & Electric Co","City":"Escondido"}},{"type":"Feature","geometry":{"type":"Point","coordinates":[-118.8162,46.0128]},"properties":{"Plant_Name":"FPL Energy Vansycle LLC (OR)","State":"Oregon","PrimSource":"wind","Total_MW":122.8,"Utility_Na":"FPL Energy Vansycle LLC","City":"Touchet"}},{"type":"Feature","geometry":{"type":"Point","coordinates":[-119.01,39.796]},"properties":{"Plant_Name":"Brady","State":"Nevada","PrimSource":"geothermal","Total_MW":22.3,"Utility_Na":"Ormat Nevada Inc","City":"Fallon"}},{"type":"Feature","geometry":{"type":"Point","coordinates":[-116.735,33.9172]},"properties":{"Plant_Name":"Cabazon Wind Partners","State":"California","PrimSource":"wind","Total_MW":41,"Utility_Na":"Shell Wind Energy Inc.","City":"Cabazon"}},{"type":"Feature","geometry":{"type":"Point","coordinates":[-116.6178,33.925]},"properties":{"Plant_Name":"Whitewater Hill Wind Partners","State":"California","PrimSource":"wind","Total_MW":61.5,"Utility_Na":"Shell Wind Energy Inc.","City":"North Palm Springs"}},{"type":"Feature","geometry":{"type":"Point","coordinates":[-117.1514,46.7289]},"properties":{"Plant_Name":"Grimes Way","State":"Washington","PrimSource":"natural gas","Total_MW":3.7,"Utility_Na":"Washington State University","City":"Pullman"}},{"type":"Feature","geometry":{"type":"Point","coordinates":[-121.9508,37.3767]},"properties":{"Plant_Name":"Donald Von Raesfeld Power Plant","State":"California","PrimSource":"natural gas","Total_MW":147.8,"Utility_Na":"City of Santa Clara - (CA)","City":"Santa Clara"}},{"type":"Feature","geometry":{"type":"Point","coordinates":[-122.2961,37.8258]},"properties":{"Plant_Name":"WWTP Power Generation Station","State":"California","PrimSource":"biomass","Total_MW":6,"Utility_Na":"East Bay Municipal Util Dist","City":"Oakland"}},{"type":"Feature","geometry":{"type":"Point","coordinates":[-118.2219,33.9986]},"properties":{"Plant_Name":"H. Gonzales","State":"California","PrimSource":"natural gas","Total_MW":10.8,"Utility_Na":"City of Vernon","City":"Vernon"}},{"type":"Feature","geometry":{"type":"Point","coordinates":[-118.2219,33.9986]},"properties":{"Plant_Name":"Malburg","State":"California","PrimSource":"natural gas","Total_MW":139,"Utility_Na":"City of Vernon","City":"Vernon"}},{"type":"Feature","geometry":{"type":"Point","coordinates":[-118.3153,34.1786]},"properties":{"Plant_Name":"Magnolia Power Project","State":"California","PrimSource":"natural gas","Total_MW":301,"Utility_Na":"City of Burbank Water and Power","City":"Burbank"}},{"type":"Feature","geometry":{"type":"Point","coordinates":[-118.2141,33.7684]},"properties":{"Plant_Name":"THUMS","State":"California","PrimSource":"natural gas","Total_MW":45,"Utility_Na":"THUMS Long Beach Company","City":"Long Beach"}},{"type":"Feature","geometry":{"type":"Point","coordinates":[-121.8053,38.1381]},"properties":{"Plant_Name":"High Winds LLC","State":"California","PrimSource":"wind","Total_MW":162,"Utility_Na":"FPLE High Winds, LLC","City":"Birds Landing"}},{"type":"Feature","geometry":{"type":"Point","coordinates":[-120.8956,37.4878]},"properties":{"Plant_Name":"Walnut Energy Center","State":"California","PrimSource":"natural gas","Total_MW":269,"Utility_Na":"Turlock Irrigation District","City":"Turlock"}},{"type":"Feature","geometry":{"type":"Point","coordinates":[-121.9464,37.4344]},"properties":{"Plant_Name":"SJ/SC WPCP","State":"California","PrimSource":"natural gas","Total_MW":12.8,"Utility_Na":"San Jose/Santa Clara Water P C","City":"San Jose"}},{"type":"Feature","geometry":{"type":"Point","coordinates":[-117.855,33.9328]},"properties":{"Plant_Name":"Blacksand Generating Facility","State":"California","PrimSource":"natural gas","Total_MW":5.8,"Utility_Na":"Bridge Energy LLC","City":"Brea"}},{"type":"Feature","geometry":{"type":"Point","coordinates":[-110.5556,41.2874]},"properties":{"Plant_Name":"TransAlta Wyoming Wind","State":"Wyoming","PrimSource":"wind","Total_MW":142.2,"Utility_Na":"TransAlta Wyoming Wind LLC","City":"Evanston"}},{"type":"Feature","geometry":{"type":"Point","coordinates":[-104.0473,34.6357]},"properties":{"Plant_Name":"New Mexico Wind Energy Center","State":"New Mexico","PrimSource":"wind","Total_MW":204,"Utility_Na":"FPL Energy New Mexico Wind LLC","City":"House"}},{"type":"Feature","geometry":{"type":"Point","coordinates":[-111.8934,39.8214]},"properties":{"Plant_Name":"Currant Creek","State":"Utah","PrimSource":"natural gas","Total_MW":524,"Utility_Na":"PacifiCorp","City":"Mona"}},{"type":"Feature","geometry":{"type":"Point","coordinates":[-116.5914,33.9141]},"properties":{"Plant_Name":"Mountain View III","State":"California","PrimSource":"wind","Total_MW":22.4,"Utility_Na":"Avangrid Power LLC","City":"North Palm Springs"}},{"type":"Feature","geometry":{"type":"Point","coordinates":[-119.0858,34.2253]},"properties":{"Plant_Name":"Springville Hydroelectric","State":"California","PrimSource":"hydroelectric","Total_MW":1,"Utility_Na":"Calleguas Mun Water District","City":"Camarillo"}},{"type":"Feature","geometry":{"type":"Point","coordinates":[-121.3294,37.9369]},"properties":{"Plant_Name":"Regional Wastewater Control Facility","State":"California","PrimSource":"biomass","Total_MW":4,"Utility_Na":"City of Stockton MUD","City":"Stockton"}},{"type":"Feature","geometry":{"type":"Point","coordinates":[-121.116,37.7315]},"properties":{"Plant_Name":"Ripon Generation Station","State":"California","PrimSource":"natural gas","Total_MW":100,"Utility_Na":"Modesto Irrigation District","City":"Ripon"}},{"type":"Feature","geometry":{"type":"Point","coordinates":[-117.4528,33.9636]},"properties":{"Plant_Name":"Riverside Energy Resource Center","State":"California","PrimSource":"natural gas","Total_MW":196,"Utility_Na":"City of Riverside - (CA)","City":"Riverside"}},{"type":"Feature","geometry":{"type":"Point","coordinates":[-117.2933,33.9308]},"properties":{"Plant_Name":"Springs Generating Station","State":"California","PrimSource":"natural gas","Total_MW":40,"Utility_Na":"City of Riverside - (CA)","City":"Riverside"}},{"type":"Feature","geometry":{"type":"Point","coordinates":[-112.1225,40.7119]},"properties":{"Plant_Name":"Kennecott Power Plant","State":"Utah","PrimSource":"other","Total_MW":37.7,"Utility_Na":"Kennecott Utah Copper","City":"Magna"}},{"type":"Feature","geometry":{"type":"Point","coordinates":[-102.6231,37.7033]},"properties":{"Plant_Name":"Colorado Green Holdings LLC","State":"Colorado","PrimSource":"wind","Total_MW":162,"Utility_Na":"Avangrid Power LLC","City":"Lamar"}},{"type":"Feature","geometry":{"type":"Point","coordinates":[-111.7294,40.0614]},"properties":{"Plant_Name":"Nebo Power Station","State":"Utah","PrimSource":"natural gas","Total_MW":130,"Utility_Na":"Utah Associated Mun Power Sys","City":"Payson"}},{"type":"Feature","geometry":{"type":"Point","coordinates":[-122.2124,40.1501]},"properties":{"Plant_Name":"Red Bluff","State":"California","PrimSource":"natural gas","Total_MW":44.8,"Utility_Na":"California Power Holdings LLC","City":"Red Bluff"}},{"type":"Feature","geometry":{"type":"Point","coordinates":[-120.2485,37.1073]},"properties":{"Plant_Name":"Chowchilla II","State":"California","PrimSource":"natural gas","Total_MW":49.6,"Utility_Na":"California Power Holdings LLC","City":"Chowchilla"}},{"type":"Feature","geometry":{"type":"Point","coordinates":[-123.4066,46.154]},"properties":{"Plant_Name":"Georgia-Pacific Wauna Mill","State":"Oregon","PrimSource":"biomass","Total_MW":24,"Utility_Na":"Georgia-Pacific Wauna LLC","City":"Clatskanie"}},{"type":"Feature","geometry":{"type":"Point","coordinates":[-122.9046,42.3555]},"properties":{"Plant_Name":"Medford Operation","State":"Oregon","PrimSource":"biomass","Total_MW":7.5,"Utility_Na":"Boise Cascade Wood Products LLC","City":"Medford"}},{"type":"Feature","geometry":{"type":"Point","coordinates":[-118.591,45.943]},"properties":{"Plant_Name":"Combine Hills I","State":"Oregon","PrimSource":"wind","Total_MW":41,"Utility_Na":"Eurus Combine Hills I LLC","City":"Milton-Freewater"}},{"type":"Feature","geometry":{"type":"Point","coordinates":[-116.5297,40.7461]},"properties":{"Plant_Name":"TS Power Plant","State":"Nevada","PrimSource":"coal","Total_MW":418.4,"Utility_Na":"Nevada Gold Energy, LLC","City":"Battle Mountain"}},{"type":"Feature","geometry":{"type":"Point","coordinates":[-123.172,46.1789]},"properties":{"Plant_Name":"Port Westward","State":"Oregon","PrimSource":"natural gas","Total_MW":392.2,"Utility_Na":"Portland General Electric Co","City":"Clatskanie"}},{"type":"Feature","geometry":{"type":"Point","coordinates":[-112.4008,34.6584]},"properties":{"Plant_Name":"Prescott Airport","State":"Arizona","PrimSource":"solar","Total_MW":3,"Utility_Na":"Arizona Public Service Co","City":"Prescott"}},{"type":"Feature","geometry":{"type":"Point","coordinates":[-110.9528,32.2299]},"properties":{"Plant_Name":"Cogeneration 1","State":"Arizona","PrimSource":"natural gas","Total_MW":8.3,"Utility_Na":"University of Arizona","City":"Tucson"}},{"type":"Feature","geometry":{"type":"Point","coordinates":[-117.1664,32.8769]},"properties":{"Plant_Name":"Miramar Energy Facility","State":"California","PrimSource":"natural gas","Total_MW":94,"Utility_Na":"San Diego Gas & Electric Co","City":"San Diego"}},{"type":"Feature","geometry":{"type":"Point","coordinates":[-111.7542,40.3317]},"properties":{"Plant_Name":"Lake Side Power Plant","State":"Utah","PrimSource":"natural gas","Total_MW":1176,"Utility_Na":"PacifiCorp","City":"Vineyard"}},{"type":"Feature","geometry":{"type":"Point","coordinates":[-119.7399,36.6896]},"properties":{"Plant_Name":"Malaga Power LLC","State":"California","PrimSource":"natural gas","Total_MW":96,"Utility_Na":"CalPeak Power, LLC","City":"Fresno"}},{"type":"Feature","geometry":{"type":"Point","coordinates":[-113.5166,37.1121]},"properties":{"Plant_Name":"Millcreek Power Generation","State":"Utah","PrimSource":"natural gas","Total_MW":73.6,"Utility_Na":"City of St George","City":"St. George"}},{"type":"Feature","geometry":{"type":"Point","coordinates":[-117.8331,46.4211]},"properties":{"Plant_Name":"Hopkins Ridge Wind","State":"Washington","PrimSource":"wind","Total_MW":156.6,"Utility_Na":"Puget Sound Energy Inc","City":"Dayton"}},{"type":"Feature","geometry":{"type":"Point","coordinates":[-121.6144,37.7637]},"properties":{"Plant_Name":"Diablo Winds LLC","State":"California","PrimSource":"wind","Total_MW":18,"Utility_Na":"Sequitur Renewables, LLC","City":"Livermore"}},{"type":"Feature","geometry":{"type":"Point","coordinates":[-118.3952,35.0925]},"properties":{"Plant_Name":"Helzel & Schwarzhoff 86","State":"California","PrimSource":"wind","Total_MW":2.4,"Utility_Na":"Wind Stream Operations LLC","City":"Tehachapi"}},{"type":"Feature","geometry":{"type":"Point","coordinates":[-118.3811,35.0772]},"properties":{"Plant_Name":"ZCO","State":"California","PrimSource":"wind","Total_MW":1.6,"Utility_Na":"Wind Stream Operations LLC","City":"Tehachapi"}},{"type":"Feature","geometry":{"type":"Point","coordinates":[-103.3539,34.9806]},"properties":{"Plant_Name":"Caprock Wind Farm","State":"New Mexico","PrimSource":"wind","Total_MW":100,"Utility_Na":"Leeward Asset Management, LLC","City":"San Jon"}},{"type":"Feature","geometry":{"type":"Point","coordinates":[-116.3425,32.7056]},"properties":{"Plant_Name":"Kumeyaay Wind","State":"California","PrimSource":"wind","Total_MW":50,"Utility_Na":"Leeward Asset Management, LLC","City":"Campo"}},{"type":"Feature","geometry":{"type":"Point","coordinates":[-121.3811,38.7928]},"properties":{"Plant_Name":"Roseville Energy Park","State":"California","PrimSource":"natural gas","Total_MW":212.2,"Utility_Na":"City of Roseville - (CA)","City":"Roseville"}},{"type":"Feature","geometry":{"type":"Point","coordinates":[-111.8294,43.4195]},"properties":{"Plant_Name":"Wolverine Creek","State":"Idaho","PrimSource":"wind","Total_MW":64.5,"Utility_Na":"Invenergy Services LLC","City":"Idaho Falls"}},{"type":"Feature","geometry":{"type":"Point","coordinates":[-118.2924,35.0609]},"properties":{"Plant_Name":"Oasis Wind","State":"California","PrimSource":"wind","Total_MW":60.3,"Utility_Na":"Terra-Gen Operating Co-Wind","City":"Mojave"}},{"type":"Feature","geometry":{"type":"Point","coordinates":[-103.8604,33.9716]},"properties":{"Plant_Name":"San Juan Mesa Wind Project LLC","State":"New Mexico","PrimSource":"wind","Total_MW":120,"Utility_Na":"NRG Energy Gas & Wind Holdings Inc","City":"Elida"}},{"type":"Feature","geometry":{"type":"Point","coordinates":[-114.9494,42.8581]},"properties":{"Plant_Name":"Fossil Gulch","State":"Idaho","PrimSource":"wind","Total_MW":10.5,"Utility_Na":"Greenbacker Renewable Energy Corporation","City":"Hagerman"}},{"type":"Feature","geometry":{"type":"Point","coordinates":[-110.0904,41.8805]},"properties":{"Plant_Name":"Shute Creek Facility","State":"Wyoming","PrimSource":"other","Total_MW":102.3,"Utility_Na":"Exxon Mobil Production Co","City":"Kemmerer"}},{"type":"Feature","geometry":{"type":"Point","coordinates":[-113.3825,42.0994]},"properties":{"Plant_Name":"Raft River Geothermal Power Plant","State":"Idaho","PrimSource":"geothermal","Total_MW":10,"Utility_Na":"US Geothermal Inc.","City":"Malta"}},{"type":"Feature","geometry":{"type":"Point","coordinates":[-105.3811,44.2919]},"properties":{"Plant_Name":"Wygen 2","State":"Wyoming","PrimSource":"coal","Total_MW":90,"Utility_Na":"Black Hills Power, Inc.","City":"Gillette"}},{"type":"Feature","geometry":{"type":"Point","coordinates":[-102.9647,40.983]},"properties":{"Plant_Name":"Spring Canyon","State":"Colorado","PrimSource":"wind","Total_MW":60,"Utility_Na":"Invenergy Services LLC","City":"Peetz"}},{"type":"Feature","geometry":{"type":"Point","coordinates":[-119.7546,39.3908]},"properties":{"Plant_Name":"Richard Burdette Geothermal","State":"Nevada","PrimSource":"geothermal","Total_MW":20,"Utility_Na":"Ormat Nevada Inc","City":"Reno"}},{"type":"Feature","geometry":{"type":"Point","coordinates":[-120.2065,47.0363]},"properties":{"Plant_Name":"Wild Horse","State":"Washington","PrimSource":"wind","Total_MW":273,"Utility_Na":"Puget Sound Energy Inc","City":"Ellensburg"}},{"type":"Feature","geometry":{"type":"Point","coordinates":[-105.0108,34.8147]},"properties":{"Plant_Name":"Aragonne Wind LLC","State":"New Mexico","PrimSource":"wind","Total_MW":235,"Utility_Na":"Leeward Asset Management, LLC","City":"Santa Rosa"}},{"type":"Feature","geometry":{"type":"Point","coordinates":[-116.9025,34.2506]},"properties":{"Plant_Name":"Bear Valley Power Plant","State":"California","PrimSource":"natural gas","Total_MW":8.4,"Utility_Na":"Bear Valley Electric Service","City":"Big Bear Lake"}},{"type":"Feature","geometry":{"type":"Point","coordinates":[-117.6085,33.8912]},"properties":{"Plant_Name":"Clearwater Power Plant","State":"California","PrimSource":"natural gas","Total_MW":28,"Utility_Na":"City of Riverside - (CA)","City":"Corona"}},{"type":"Feature","geometry":{"type":"Point","coordinates":[-109.29,34.093]},"properties":{"Plant_Name":"Western Renewable Energy","State":"Arizona","PrimSource":"biomass","Total_MW":2.5,"Utility_Na":"Western Renewable Energy LLC","City":"Eagar"}},{"type":"Feature","geometry":{"type":"Point","coordinates":[-120.593,45.571]},"properties":{"Plant_Name":"Klondike Windpower II","State":"Oregon","PrimSource":"wind","Total_MW":81,"Utility_Na":"Avangrid Power LLC","City":"Wasco"}},{"type":"Feature","geometry":{"type":"Point","coordinates":[-120.2098,45.6525]},"properties":{"Plant_Name":"Leaning Juniper","State":"Oregon","PrimSource":"wind","Total_MW":100.5,"Utility_Na":"PacifiCorp","City":"Arlington"}},{"type":"Feature","geometry":{"type":"Point","coordinates":[-120.2896,45.8877]},"properties":{"Plant_Name":"Big Horn Wind Project","State":"Washington","PrimSource":"wind","Total_MW":199,"Utility_Na":"Avangrid Power LLC","City":"Bickelton"}},{"type":"Feature","geometry":{"type":"Point","coordinates":[-121.85,38.12]},"properties":{"Plant_Name":"Shiloh I Wind Project","State":"California","PrimSource":"wind","Total_MW":150,"Utility_Na":"Avangrid Power LLC","City":"Rio Vista"}},{"type":"Feature","geometry":{"type":"Point","coordinates":[-104.0206,40.8944]},"properties":{"Plant_Name":"Cedar Creek Wind","State":"Colorado","PrimSource":"wind","Total_MW":300.5,"Utility_Na":"Leeward Asset Management, LLC","City":"Grover"}},{"type":"Feature","geometry":{"type":"Point","coordinates":[-109.7531,46.5725]},"properties":{"Plant_Name":"Judith Gap Wind Energy Center","State":"Montana","PrimSource":"wind","Total_MW":135,"Utility_Na":"Invenergy Services LLC","City":"Harlowton"}},{"type":"Feature","geometry":{"type":"Point","coordinates":[-114.9817,35.7998]},"properties":{"Plant_Name":"Nevada Solar One","State":"Nevada","PrimSource":"solar","Total_MW":68.5,"Utility_Na":"Acciona Solar Power","City":"Boulder City"}},{"type":"Feature","geometry":{"type":"Point","coordinates":[-122.4331,48.4481]},"properties":{"Plant_Name":"Sierra Pacific Burlington Facility","State":"Washington","PrimSource":"biomass","Total_MW":24.6,"Utility_Na":"Sierra Pacific Industries","City":"Mt Vernon"}},{"type":"Feature","geometry":{"type":"Point","coordinates":[-121.8156,36.9178]},"properties":{"Plant_Name":"Ameresco Santa Cruz Energy","State":"California","PrimSource":"biomass","Total_MW":3,"Utility_Na":"AMERESCO Santa Cruz Energy LLC","City":"Watsonville"}},{"type":"Feature","geometry":{"type":"Point","coordinates":[-118.1754,35.248]},"properties":{"Plant_Name":"Pine Tree Wind Power Project","State":"California","PrimSource":"wind","Total_MW":135,"Utility_Na":"Los Angeles Department of Water & Power","City":"Cantil"}},{"type":"Feature","geometry":{"type":"Point","coordinates":[-113.9266,42.4903]},"properties":{"Plant_Name":"Burley Butte Windpark","State":"Idaho","PrimSource":"wind","Total_MW":21.3,"Utility_Na":"Idaho Wind Partners 1 LLC","City":"Burley"}},{"type":"Feature","geometry":{"type":"Point","coordinates":[-113.9255,42.4368]},"properties":{"Plant_Name":"Golden Valley Wind Park LLC","State":"Idaho","PrimSource":"wind","Total_MW":12,"Utility_Na":"Idaho Wind Partners 1 LLC","City":"Burley"}},{"type":"Feature","geometry":{"type":"Point","coordinates":[-114.0173,42.4606]},"properties":{"Plant_Name":"Milner Dam Wind Park LLC","State":"Idaho","PrimSource":"wind","Total_MW":19.5,"Utility_Na":"Idaho Wind Partners 1 LLC","City":"Burley"}},{"type":"Feature","geometry":{"type":"Point","coordinates":[-114.9897,42.8406]},"properties":{"Plant_Name":"Oregon Trail Wind Park","State":"Idaho","PrimSource":"wind","Total_MW":13.5,"Utility_Na":"Idaho Wind Partners 1 LLC","City":"Hagerman"}},{"type":"Feature","geometry":{"type":"Point","coordinates":[-114.9986,42.7975]},"properties":{"Plant_Name":"Pilgrim Stage Wind Park","State":"Idaho","PrimSource":"wind","Total_MW":10.5,"Utility_Na":"Idaho Wind Partners 1 LLC","City":"Hagerman"}},{"type":"Feature","geometry":{"type":"Point","coordinates":[-114.9892,42.6819]},"properties":{"Plant_Name":"Salmon Falls Wind Park","State":"Idaho","PrimSource":"wind","Total_MW":21,"Utility_Na":"Idaho Wind Partners 1 LLC","City":"Hagerman"}},{"type":"Feature","geometry":{"type":"Point","coordinates":[-114.9678,42.8703]},"properties":{"Plant_Name":"Thousand Springs Wind Park","State":"Idaho","PrimSource":"wind","Total_MW":12,"Utility_Na":"Idaho Wind Partners 1 LLC","City":"Hagerman"}},{"type":"Feature","geometry":{"type":"Point","coordinates":[-114.9693,42.8369]},"properties":{"Plant_Name":"Tuana Gulch Wind Park","State":"Idaho","PrimSource":"wind","Total_MW":10.5,"Utility_Na":"Idaho Wind Partners 1 LLC","City":"Hagerman"}},{"type":"Feature","geometry":{"type":"Point","coordinates":[-104.8878,40.0922]},"properties":{"Plant_Name":"Spindle Hill Energy Center","State":"Colorado","PrimSource":"natural gas","Total_MW":270,"Utility_Na":"Invenergy Services LLC","City":"Fort Lupton"}},{"type":"Feature","geometry":{"type":"Point","coordinates":[-121.6672,37.805]},"properties":{"Plant_Name":"Buena Vista Energy LLC","State":"California","PrimSource":"wind","Total_MW":38,"Utility_Na":"Leeward Asset Management, LLC","City":"Byron"}},{"type":"Feature","geometry":{"type":"Point","coordinates":[-103.3094,32.7283]},"properties":{"Plant_Name":"Hobbs Generating Station","State":"New Mexico","PrimSource":"natural gas","Total_MW":578.1,"Utility_Na":"Lea Power Partners LLC","City":"Hobbs"}},{"type":"Feature","geometry":{"type":"Point","coordinates":[-102.8622,37.6735]},"properties":{"Plant_Name":"Twin Buttes Wind Project","State":"Colorado","PrimSource":"wind","Total_MW":75,"Utility_Na":"Avangrid Power LLC","City":"Lamar"}},{"type":"Feature","geometry":{"type":"Point","coordinates":[-122.7718,42.3844]},"properties":{"Plant_Name":"Dry Creek LFG to Energy Project","State":"Oregon","PrimSource":"biomass","Total_MW":3,"Utility_Na":"Oregon Environmental Industries LLC","City":"Eagle Point"}},{"type":"Feature","geometry":{"type":"Point","coordinates":[-117.7772,46.3747]},"properties":{"Plant_Name":"Marengo Wind Plant","State":"Washington","PrimSource":"wind","Total_MW":234,"Utility_Na":"PacifiCorp","City":"Dayton"}},{"type":"Feature","geometry":{"type":"Point","coordinates":[-122.1338,37.6347]},"properties":{"Plant_Name":"Russell City Energy Center","State":"California","PrimSource":"natural gas","Total_MW":605,"Utility_Na":"Russell City Energy Company LLC","City":"Hayward"}},{"type":"Feature","geometry":{"type":"Point","coordinates":[-120.5042,45.5836]},"properties":{"Plant_Name":"Klondike Windpower III","State":"Oregon","PrimSource":"wind","Total_MW":297.5,"Utility_Na":"Avangrid Power LLC","City":"Wasco"}},{"type":"Feature","geometry":{"type":"Point","coordinates":[-122.3769,41.4356]},"properties":{"Plant_Name":"Roseburg Forest Products Biomass","State":"California","PrimSource":"biomass","Total_MW":9,"Utility_Na":"Roseburg Forest Products","City":"Weed"}},{"type":"Feature","geometry":{"type":"Point","coordinates":[-119.2469,34.2056]},"properties":{"Plant_Name":"McGrath Peaker","State":"California","PrimSource":"natural gas","Total_MW":49,"Utility_Na":"Southern California Edison Co","City":"Oxnard"}},{"type":"Feature","geometry":{"type":"Point","coordinates":[-117.5343,34.0903]},"properties":{"Plant_Name":"Grapeland Hybrid","State":"California","PrimSource":"natural gas","Total_MW":56,"Utility_Na":"Southern California Edison Co","City":"Rancho Cucamonga"}},{"type":"Feature","geometry":{"type":"Point","coordinates":[-117.5604,34.0053]},"properties":{"Plant_Name":"Mira Loma Peaker","State":"California","PrimSource":"natural gas","Total_MW":49,"Utility_Na":"Southern California Edison Co","City":"Ontario"}},{"type":"Feature","geometry":{"type":"Point","coordinates":[-117.9832,33.8073]},"properties":{"Plant_Name":"Barre Peaker","State":"California","PrimSource":"natural gas","Total_MW":49,"Utility_Na":"Southern California Edison Co","City":"Stanton"}},{"type":"Feature","geometry":{"type":"Point","coordinates":[-118.1046,33.9296]},"properties":{"Plant_Name":"Center Hybrid","State":"California","PrimSource":"natural gas","Total_MW":57,"Utility_Na":"Southern California Edison Co","City":"Norwalk"}},{"type":"Feature","geometry":{"type":"Point","coordinates":[-121.7587,38.0175]},"properties":{"Plant_Name":"Gateway Generating Station","State":"California","PrimSource":"natural gas","Total_MW":563.4,"Utility_Na":"Pacific Gas & Electric Co.","City":"Antioch"}},{"type":"Feature","geometry":{"type":"Point","coordinates":[-105.8805,37.6903]},"properties":{"Plant_Name":"SunE Alamosa","State":"Colorado","PrimSource":"solar","Total_MW":5.5,"Utility_Na":"SunE Alamosa1 LLC","City":"Hooper"}},{"type":"Feature","geometry":{"type":"Point","coordinates":[-114.1594,35.0361]},"properties":{"Plant_Name":"Black Mountain Generating Station","State":"Arizona","PrimSource":"natural gas","Total_MW":90,"Utility_Na":"UNS Electric, Inc","City":"Golden Valley"}},{"type":"Feature","geometry":{"type":"Point","coordinates":[-120.6034,45.6537]},"properties":{"Plant_Name":"Biglow Canyon Wind Farm","State":"Oregon","PrimSource":"wind","Total_MW":449.7,"Utility_Na":"Portland General Electric Co","City":"Wasco"}},{"type":"Feature","geometry":{"type":"Point","coordinates":[-120.3419,45.8155]},"properties":{"Plant_Name":"White Creek Wind Farm","State":"Washington","PrimSource":"wind","Total_MW":204,"Utility_Na":"White Creek Wind 1 LLC","City":"Roosevelt"}},{"type":"Feature","geometry":{"type":"Point","coordinates":[-108.4911,45.7769]},"properties":{"Plant_Name":"Phillips 66 Billings Refinery","State":"Montana","PrimSource":"other","Total_MW":1.5,"Utility_Na":"Phillips 66 Billings Refinery","City":"Billings"}},{"type":"Feature","geometry":{"type":"Point","coordinates":[-116.4725,43.46]},"properties":{"Plant_Name":"Mora Drop Hydroelectric Project","State":"Idaho","PrimSource":"hydroelectric","Total_MW":0.8,"Utility_Na":"Boise-Kuna Irrigation District","City":"Kuna"}},{"type":"Feature","geometry":{"type":"Point","coordinates":[-111.1018,48.318]},"properties":{"Plant_Name":"Tiber Dam Hydroelectric Plant","State":"Montana","PrimSource":"hydroelectric","Total_MW":7.5,"Utility_Na":"Tiber Montana LLC","City":"Chester"}},{"type":"Feature","geometry":{"type":"Point","coordinates":[-119.5108,39.5603]},"properties":{"Plant_Name":"Western 102 Power Plant","State":"Nevada","PrimSource":"natural gas","Total_MW":117,"Utility_Na":"Nevada Gold Mines","City":"McCarran"}},{"type":"Feature","geometry":{"type":"Point","coordinates":[-111.9038,40.7931]},"properties":{"Plant_Name":"Tesoro SLC Cogeneration Plant","State":"Utah","PrimSource":"natural gas","Total_MW":23,"Utility_Na":"Tesoro Refng Marketing Co Mntn Region","City":"Salt Lake City"}},{"type":"Feature","geometry":{"type":"Point","coordinates":[-105.2256,39.8586]},"properties":{"Plant_Name":"Plains End II LLC","State":"Colorado","PrimSource":"natural gas","Total_MW":111.4,"Utility_Na":"Plains End Operating Services LLC","City":"Arvada"}},{"type":"Feature","geometry":{"type":"Point","coordinates":[-104.7161,39.6522]},"properties":{"Plant_Name":"DADS Gas Recovery","State":"Colorado","PrimSource":"biomass","Total_MW":3.2,"Utility_Na":"WM Renewable Energy LLC","City":"Aurora"}},{"type":"Feature","geometry":{"type":"Point","coordinates":[-122.27,39.3661]},"properties":{"Plant_Name":"Colusa Generating Station","State":"California","PrimSource":"natural gas","Total_MW":640,"Utility_Na":"Pacific Gas & Electric Co.","City":"Maxwell"}},{"type":"Feature","geometry":{"type":"Point","coordinates":[-119.7645,39.3732]},"properties":{"Plant_Name":"Galena 2 Geothermal Power Plant","State":"Nevada","PrimSource":"geothermal","Total_MW":12,"Utility_Na":"Ormat Nevada Inc","City":"Reno"}},{"type":"Feature","geometry":{"type":"Point","coordinates":[-119.7489,39.3887]},"properties":{"Plant_Name":"Galena 3 Geothermal Power Plant","State":"Nevada","PrimSource":"geothermal","Total_MW":20,"Utility_Na":"Ormat Nevada Inc","City":"Reno"}},{"type":"Feature","geometry":{"type":"Point","coordinates":[-112.0339,40.7461]},"properties":{"Plant_Name":"Salt Lake Energy Systems","State":"Utah","PrimSource":"biomass","Total_MW":3.1,"Utility_Na":"NextEra Renewable Fuels, LLC","City":"Salt Lake City"}},{"type":"Feature","geometry":{"type":"Point","coordinates":[-103.436,40.986]},"properties":{"Plant_Name":"Peetz Table Wind Energy","State":"Colorado","PrimSource":"wind","Total_MW":199.5,"Utility_Na":"FPL Peetz Table Wind Energy","City":"Peetz"}},{"type":"Feature","geometry":{"type":"Point","coordinates":[-115.0544,36.2603]},"properties":{"Plant_Name":"Nellis Air Force Base Solar Array","State":"Nevada","PrimSource":"solar","Total_MW":13.2,"Utility_Na":"Solar Star NAFB LLC","City":"Las Vegas"}},{"type":"Feature","geometry":{"type":"Point","coordinates":[-115.5045,33.2388]},"properties":{"Plant_Name":"Niland Gas Turbine Plant","State":"California","PrimSource":"natural gas","Total_MW":86.4,"Utility_Na":"Imperial Irrigation District","City":"Niland"}},{"type":"Feature","geometry":{"type":"Point","coordinates":[-118.3789,35.1161]},"properties":{"Plant_Name":"Terra-Gen VG Wind LLC","State":"California","PrimSource":"wind","Total_MW":7.4,"Utility_Na":"Terra-Gen Operating Co-Wind","City":"Tehachapi"}},{"type":"Feature","geometry":{"type":"Point","coordinates":[-111.4392,47.4983]},"properties":{"Plant_Name":"Horseshoe Bend Wind Park","State":"Montana","PrimSource":"wind","Total_MW":9.7,"Utility_Na":"Cycle Holdings, LLC","City":"Great Falls"}},{"type":"Feature","geometry":{"type":"Point","coordinates":[-105.3806,44.2919]},"properties":{"Plant_Name":"Wygen III","State":"Wyoming","PrimSource":"coal","Total_MW":100,"Utility_Na":"Black Hills Power, Inc.","City":"Gillette"}},{"type":"Feature","geometry":{"type":"Point","coordinates":[-104.3917,48.21]},"properties":{"Plant_Name":"Culbertson Generation Station","State":"Montana","PrimSource":"natural gas","Total_MW":85,"Utility_Na":"Basin Electric Power Coop","City":"Culbertson"}},{"type":"Feature","geometry":{"type":"Point","coordinates":[-105.4608,44.3889]},"properties":{"Plant_Name":"Dry Fork Station","State":"Wyoming","PrimSource":"coal","Total_MW":390,"Utility_Na":"Basin Electric Power Coop","City":"Gillette"}},{"type":"Feature","geometry":{"type":"Point","coordinates":[-103.259,40.941]},"properties":{"Plant_Name":"Logan Wind Energy","State":"Colorado","PrimSource":"wind","Total_MW":201,"Utility_Na":"Logan Wind Energy LLC","City":"Peetz"}},{"type":"Feature","geometry":{"type":"Point","coordinates":[-110.335,34.5032]},"properties":{"Plant_Name":"Novo BioPower Plant","State":"Arizona","PrimSource":"biomass","Total_MW":22.2,"Utility_Na":"Novo Biopower LLC","City":"Snowflake"}},{"type":"Feature","geometry":{"type":"Point","coordinates":[-117.8163,45.0852]},"properties":{"Plant_Name":"Elkhorn Valley Wind Farm","State":"Oregon","PrimSource":"wind","Total_MW":100.7,"Utility_Na":"Telocaset Wind Power Partners","City":"Union"}},{"type":"Feature","geometry":{"type":"Point","coordinates":[-115.4656,43.0272]},"properties":{"Plant_Name":"Mountain Home","State":"Idaho","PrimSource":"wind","Total_MW":21,"Utility_Na":"Hot Springs Windfarm, LLC","City":"Mountain Home"}},{"type":"Feature","geometry":{"type":"Point","coordinates":[-115.4803,43.0536]},"properties":{"Plant_Name":"Bennett Creek Windfarm LLC - Mountain Home","State":"Idaho","PrimSource":"wind","Total_MW":21,"Utility_Na":"Bennett Creek Windfarm LLC","City":"Mountain Home"}},{"type":"Feature","geometry":{"type":"Point","coordinates":[-120.5797,36.6541]},"properties":{"Plant_Name":"Midway Peaking LLC","State":"California","PrimSource":"natural gas","Total_MW":111.2,"Utility_Na":"CalPeak Power, LLC","City":"Firebaugh"}},{"type":"Feature","geometry":{"type":"Point","coordinates":[-121.8036,40.8981]},"properties":{"Plant_Name":"Hatchet Ridge Wind Project","State":"California","PrimSource":"wind","Total_MW":101.2,"Utility_Na":"Pattern Operators LP","City":"Burney"}},{"type":"Feature","geometry":{"type":"Point","coordinates":[-120.5212,45.7818]},"properties":{"Plant_Name":"Goodnoe Hills","State":"Washington","PrimSource":"wind","Total_MW":94,"Utility_Na":"PacifiCorp","City":"Goldendale"}},{"type":"Feature","geometry":{"type":"Point","coordinates":[-119.1122,46.7392]},"properties":{"Plant_Name":"Russell D Smith","State":"Washington","PrimSource":"hydroelectric","Total_MW":6.1,"Utility_Na":"Columbia Basin Hydropower","City":"Othello"}},{"type":"Feature","geometry":{"type":"Point","coordinates":[-119.2917,47.5025]},"properties":{"Plant_Name":"Summer Falls Power Plant","State":"Washington","PrimSource":"hydroelectric","Total_MW":92,"Utility_Na":"Columbia Basin Hydropower","City":"Coulee City"}},{"type":"Feature","geometry":{"type":"Point","coordinates":[-119.2545,46.3784]},"properties":{"Plant_Name":"Eltopia Branch Canal 4.6","State":"Washington","PrimSource":"hydroelectric","Total_MW":2.2,"Utility_Na":"Columbia Basin Hydropower","City":"Pasco"}},{"type":"Feature","geometry":{"type":"Point","coordinates":[-119.2544,46.3785]},"properties":{"Plant_Name":"Potholes East Canal 66.0","State":"Washington","PrimSource":"hydroelectric","Total_MW":2.3,"Utility_Na":"Columbia Basin Hydropower","City":"Pasco"}},{"type":"Feature","geometry":{"type":"Point","coordinates":[-119.2992,47.6164]},"properties":{"Plant_Name":"Main Canal Headworks","State":"Washington","PrimSource":"hydroelectric","Total_MW":26.8,"Utility_Na":"Columbia Basin Hydropower","City":"Coulee City"}},{"type":"Feature","geometry":{"type":"Point","coordinates":[-120.8072,45.8797]},"properties":{"Plant_Name":"Tuolumne Wind Project","State":"Washington","PrimSource":"wind","Total_MW":136.3,"Utility_Na":"Turlock Irrigation District","City":"Goldendale"}},{"type":"Feature","geometry":{"type":"Point","coordinates":[-120.2485,37.1067]},"properties":{"Plant_Name":"Ampersand Chowchilla Biomass LLC","State":"California","PrimSource":"biomass","Total_MW":10.5,"Utility_Na":"Ampersand Chowchilla Biomass LLC","City":"Chowchilla"}},{"type":"Feature","geometry":{"type":"Point","coordinates":[-120.4903,37.1867]},"properties":{"Plant_Name":"El Nido Facility","State":"California","PrimSource":"biomass","Total_MW":10.5,"Utility_Na":"Merced Power LLC","City":"El Nido"}},{"type":"Feature","geometry":{"type":"Point","coordinates":[-111.5822,40.0714]},"properties":{"Plant_Name":"Spanish Fork Wind Park 2 LLC","State":"Utah","PrimSource":"wind","Total_MW":18.9,"Utility_Na":"Spanish Fork Wind Park 2, LLC","City":"Spanish Fork"}},{"type":"Feature","geometry":{"type":"Point","coordinates":[-110.4807,41.2881]},"properties":{"Plant_Name":"Mountain Wind Power LLC","State":"Wyoming","PrimSource":"wind","Total_MW":61,"Utility_Na":"Mountain Wind Power LLC","City":"Fort Bridger"}},{"type":"Feature","geometry":{"type":"Point","coordinates":[-110.5444,41.2639]},"properties":{"Plant_Name":"Mountain Wind Power II LLC","State":"Wyoming","PrimSource":"wind","Total_MW":80,"Utility_Na":"Mountain Wind Power II LLC","City":"Fort Bridger"}},{"type":"Feature","geometry":{"type":"Point","coordinates":[-120.3658,36.7575]},"properties":{"Plant_Name":"CalRenew-1","State":"California","PrimSource":"solar","Total_MW":5,"Utility_Na":"CalRenew-1 LLC","City":"Mendota"}},{"type":"Feature","geometry":{"type":"Point","coordinates":[-122.612,44.7708]},"properties":{"Plant_Name":"Evergreen BioPower LLC","State":"Oregon","PrimSource":"biomass","Total_MW":10,"Utility_Na":"Invenergy Services LLC","City":"Lyons"}},{"type":"Feature","geometry":{"type":"Point","coordinates":[-104.1836,46.2753]},"properties":{"Plant_Name":"Diamond Willow Wind Facility","State":"Montana","PrimSource":"wind","Total_MW":30,"Utility_Na":"Montana-Dakota Utilities Co","City":"Baker"}},{"type":"Feature","geometry":{"type":"Point","coordinates":[-120.125,45.7119]},"properties":{"Plant_Name":"Pebble Springs Wind LLC","State":"Oregon","PrimSource":"wind","Total_MW":98.7,"Utility_Na":"Avangrid Power LLC","City":"Wasco"}},{"type":"Feature","geometry":{"type":"Point","coordinates":[-120.5744,45.52]},"properties":{"Plant_Name":"Hay Canyon Wind Power LLC","State":"Oregon","PrimSource":"wind","Total_MW":100.8,"Utility_Na":"Avangrid Power LLC","City":"Wasco"}},{"type":"Feature","geometry":{"type":"Point","coordinates":[-116.5527,33.9393]},"properties":{"Plant_Name":"Dillon Wind LLC","State":"California","PrimSource":"wind","Total_MW":45,"Utility_Na":"Avangrid Power LLC","City":"North Palm Springs"}},{"type":"Feature","geometry":{"type":"Point","coordinates":[-120.5833,36.6514]},"properties":{"Plant_Name":"Panoche Energy Center","State":"California","PrimSource":"natural gas","Total_MW":388,"Utility_Na":"Panoche Energy Center, LLC","City":"Firebaugh"}},{"type":"Feature","geometry":{"type":"Point","coordinates":[-112.9559,32.9223]},"properties":{"Plant_Name":"Solana Generating Station","State":"Arizona","PrimSource":"solar","Total_MW":295.6,"Utility_Na":"Arizona Solar One LLC","City":"Gila Bend"}},{"type":"Feature","geometry":{"type":"Point","coordinates":[-119.7417,36.8098]},"properties":{"Plant_Name":"CSU Fresno Solar Project","State":"California","PrimSource":"solar","Total_MW":1,"Utility_Na":"MMA Fresno Power LP","City":"Fresno"}},{"type":"Feature","geometry":{"type":"Point","coordinates":[-118.1481,34.0403]},"properties":{"Plant_Name":"ELACC Photovoltaic Power Facility","State":"California","PrimSource":"solar","Total_MW":0.8,"Utility_Na":"MMA LA Power LP","City":"Los Angeles"}},{"type":"Feature","geometry":{"type":"Point","coordinates":[-104.6971,39.8368]},"properties":{"Plant_Name":"Denver Int Airport","State":"Colorado","PrimSource":"solar","Total_MW":1.9,"Utility_Na":"MMA DAS Power","City":"Denver"}},{"type":"Feature","geometry":{"type":"Point","coordinates":[-115.5439,33.0139]},"properties":{"Plant_Name":"North Brawley Geothermal Plant","State":"California","PrimSource":"geothermal","Total_MW":53.5,"Utility_Na":"Ormat Nevada Inc","City":"Brawley"}},{"type":"Feature","geometry":{"type":"Point","coordinates":[-104.3975,48.2139]},"properties":{"Plant_Name":"OREG 1 Inc","State":"Montana","PrimSource":"other","Total_MW":20,"Utility_Na":"Ormat Nevada Inc","City":"Culbertson"}},{"type":"Feature","geometry":{"type":"Point","coordinates":[-110.8106,32.097]},"properties":{"Plant_Name":"UASTP I","State":"Arizona","PrimSource":"solar","Total_MW":1.5,"Utility_Na":"Tucson Electric Power Co","City":"Tucson"}},{"type":"Feature","geometry":{"type":"Point","coordinates":[-114.7914,42.8656]},"properties":{"Plant_Name":"Big Sky Dairy Digester","State":"Idaho","PrimSource":"biomass","Total_MW":1.4,"Utility_Na":"DF-AP #1 LLC","City":"Gooding"}},{"type":"Feature","geometry":{"type":"Point","coordinates":[-114.9981,33.665]},"properties":{"Plant_Name":"Genesis Solar Energy Project","State":"California","PrimSource":"solar","Total_MW":250,"Utility_Na":"Genesis Solar LLC","City":"Blythe"}},{"type":"Feature","geometry":{"type":"Point","coordinates":[-112.4767,33.6819]},"properties":{"Plant_Name":"Northwest Regional","State":"Arizona","PrimSource":"biomass","Total_MW":3.2,"Utility_Na":"WM Renewable Energy LLC","City":"Surprise"}},{"type":"Feature","geometry":{"type":"Point","coordinates":[-121.7294,38.6597]},"properties":{"Plant_Name":"Yolo County Solar Project","State":"California","PrimSource":"solar","Total_MW":1,"Utility_Na":"Yolo County of","City":"Woodland"}},{"type":"Feature","geometry":{"type":"Point","coordinates":[-115.4397,43.0371]},"properties":{"Plant_Name":"Ryegrass Windfarm","State":"Idaho","PrimSource":"wind","Total_MW":23,"Utility_Na":"Mountain Air Projects, LLC","City":"Glenns Ferry"}},{"type":"Feature","geometry":{"type":"Point","coordinates":[-115.4633,43.0061]},"properties":{"Plant_Name":"Hammett Hill Windfarm","State":"Idaho","PrimSource":"wind","Total_MW":23,"Utility_Na":"Mountain Air Projects, LLC","City":"Glenns Ferry"}},{"type":"Feature","geometry":{"type":"Point","coordinates":[-115.4129,43.0484]},"properties":{"Plant_Name":"Mainline Windfarm","State":"Idaho","PrimSource":"wind","Total_MW":23,"Utility_Na":"Mountain Air Projects, LLC","City":"Glenns Ferry"}},{"type":"Feature","geometry":{"type":"Point","coordinates":[-115.452,43.0566]},"properties":{"Plant_Name":"Desert Meadow Windfarm","State":"Idaho","PrimSource":"wind","Total_MW":23,"Utility_Na":"Mountain Air Projects, LLC","City":"Glenns Ferry"}},{"type":"Feature","geometry":{"type":"Point","coordinates":[-115.4005,43.0281]},"properties":{"Plant_Name":"Cold Springs Windfarm","State":"Idaho","PrimSource":"wind","Total_MW":23,"Utility_Na":"Mountain Air Projects, LLC","City":"Glenns Ferry"}},{"type":"Feature","geometry":{"type":"Point","coordinates":[-121.2697,44.1427]},"properties":{"Plant_Name":"Juniper Ridge Hydroelectric Project","State":"Oregon","PrimSource":"hydroelectric","Total_MW":3.3,"Utility_Na":"Central Oregon Irrigation Dist","City":"Bend"}},{"type":"Feature","geometry":{"type":"Point","coordinates":[-119.9166,35.3237]},"properties":{"Plant_Name":"California Valley Solar Ranch","State":"California","PrimSource":"solar","Total_MW":249.8,"Utility_Na":"Clearway Energy Operating LLC","City":"California Valley"}},{"type":"Feature","geometry":{"type":"Point","coordinates":[-119.0747,36.0281]},"properties":{"Plant_Name":"Solar Photovoltaic Project #42","State":"California","PrimSource":"solar","Total_MW":5,"Utility_Na":"Southern California Edison Co","City":"Tulare"}},{"type":"Feature","geometry":{"type":"Point","coordinates":[-115.3503,35.7931]},"properties":{"Plant_Name":"Silver State Solar Power North","State":"Nevada","PrimSource":"solar","Total_MW":50,"Utility_Na":"Silver State Solar Power North, LLC","City":"Primm"}},{"type":"Feature","geometry":{"type":"Point","coordinates":[-115.4826,43.0338]},"properties":{"Plant_Name":"Two Ponds Windfarm","State":"Idaho","PrimSource":"wind","Total_MW":23,"Utility_Na":"Mountain Air Projects, LLC","City":"Glenns Ferry"}},{"type":"Feature","geometry":{"type":"Point","coordinates":[-116.9119,39.5911]},"properties":{"Plant_Name":"McGinness Hills","State":"Nevada","PrimSource":"geothermal","Total_MW":70.6,"Utility_Na":"Ormat Nevada Inc","City":"Austin"}},{"type":"Feature","geometry":{"type":"Point","coordinates":[-116.1511,41.4828]},"properties":{"Plant_Name":"Tuscarora Geothermal Power Plant","State":"Nevada","PrimSource":"geothermal","Total_MW":21.4,"Utility_Na":"Ormat Nevada Inc","City":"Tuscarora"}},{"type":"Feature","geometry":{"type":"Point","coordinates":[-116.3508,33.2989]},"properties":{"Plant_Name":"Solar Borrego I","State":"California","PrimSource":"solar","Total_MW":26,"Utility_Na":"NRG Solar Borrego I","City":"Borrego Springs"}},{"type":"Feature","geometry":{"type":"Point","coordinates":[-119.3997,40.3806]},"properties":{"Plant_Name":"San Emidio","State":"Nevada","PrimSource":"geothermal","Total_MW":6,"Utility_Na":"USG Nevada LLC","City":"Gerlach"}},{"type":"Feature","geometry":{"type":"Point","coordinates":[-123.179,44.1163]},"properties":{"Plant_Name":"Seneca Sustainable Energy LLC","State":"Oregon","PrimSource":"biomass","Total_MW":19.8,"Utility_Na":"Seneca Sustainable Energy LLC","City":"Eugene"}},{"type":"Feature","geometry":{"type":"Point","coordinates":[-116.5527,33.8816]},"properties":{"Plant_Name":"Mountain View IV","State":"California","PrimSource":"wind","Total_MW":49,"Utility_Na":"AES Distributed Energy","City":"North Palm Springs"}},{"type":"Feature","geometry":{"type":"Point","coordinates":[-118.1267,34.1358]},"properties":{"Plant_Name":"Caltech Central","State":"California","PrimSource":"natural gas","Total_MW":1.1,"Utility_Na":"Bloom Energy 2009 PPA","City":"Pasadena"}},{"type":"Feature","geometry":{"type":"Point","coordinates":[-115.5733,33.2046]},"properties":{"Plant_Name":"John L. Featherstone Plant","State":"California","PrimSource":"geothermal","Total_MW":49.9,"Utility_Na":"Hudson Ranch Power I LLC","City":"Calipatria"}},{"type":"Feature","geometry":{"type":"Point","coordinates":[-116.5714,33.9342]},"properties":{"Plant_Name":"Sentinel Energy Center, LLC","State":"California","PrimSource":"natural gas","Total_MW":800,"Utility_Na":"Sentinel Energy Center LLC","City":"Desert Hot Springs"}},{"type":"Feature","geometry":{"type":"Point","coordinates":[-121.6019,37.7892]},"properties":{"Plant_Name":"Mariposa Energy Project","State":"California","PrimSource":"natural gas","Total_MW":199.6,"Utility_Na":"Diamond Generating Corporation","City":"Byron"}},{"type":"Feature","geometry":{"type":"Point","coordinates":[-118.4612,34.9349]},"properties":{"Plant_Name":"Manzana Wind LLC","State":"California","PrimSource":"wind","Total_MW":189,"Utility_Na":"Avangrid Power LLC","City":"Rosamond"}},{"type":"Feature","geometry":{"type":"Point","coordinates":[-115.6583,32.6633]},"properties":{"Plant_Name":"Imperial Solar Energy Center South","State":"California","PrimSource":"solar","Total_MW":128.9,"Utility_Na":"CSOLAR IV South LLC","City":"Calexico"}},{"type":"Feature","geometry":{"type":"Point","coordinates":[-115.7793,32.7722]},"properties":{"Plant_Name":"Imperial Solar Energy Center West","State":"California","PrimSource":"solar","Total_MW":148.7,"Utility_Na":"CSOLAR IV West LLC","City":"Seeley"}},{"type":"Feature","geometry":{"type":"Point","coordinates":[-121.1287,46.658]},"properties":{"Plant_Name":"Tieton Dam Hydro Electric Project","State":"Washington","PrimSource":"hydroelectric","Total_MW":13.8,"Utility_Na":"City of Burbank Water and Power","City":"Rimrock"}},{"type":"Feature","geometry":{"type":"Point","coordinates":[-120.1069,36.5314]},"properties":{"Plant_Name":"Stroud Solar Station","State":"California","PrimSource":"solar","Total_MW":20,"Utility_Na":"Pacific Gas & Electric Co.","City":"Helm"}},{"type":"Feature","geometry":{"type":"Point","coordinates":[-120.1033,36.4003]},"properties":{"Plant_Name":"Five Points Solar Station","State":"California","PrimSource":"solar","Total_MW":15,"Utility_Na":"Pacific Gas & Electric Co.","City":"Five Points"}},{"type":"Feature","geometry":{"type":"Point","coordinates":[-120.1249,36.3787]},"properties":{"Plant_Name":"Westside Solar Station","State":"California","PrimSource":"solar","Total_MW":15,"Utility_Na":"Pacific Gas & Electric Co.","City":"Five Points"}},{"type":"Feature","geometry":{"type":"Point","coordinates":[-121.3911,38.4869]},"properties":{"Plant_Name":"FRV SI Transport Solar LP","State":"California","PrimSource":"solar","Total_MW":1,"Utility_Na":"FRV SI Transport Solar, L.P. (Sacremento)","City":"Sacramento"}},{"type":"Feature","geometry":{"type":"Point","coordinates":[-105.1471,40.5928]},"properties":{"Plant_Name":"RV CSU Power II LLC","State":"Colorado","PrimSource":"solar","Total_MW":3,"Utility_Na":"RV CSU Power II LLC","City":"Fort Collins"}},{"type":"Feature","geometry":{"type":"Point","coordinates":[-104.7817,38.7228]},"properties":{"Plant_Name":"Carson Solar I","State":"Colorado","PrimSource":"solar","Total_MW":1.5,"Utility_Na":"Carson Solar 1 LLC","City":"Colorado Springs"}},{"type":"Feature","geometry":{"type":"Point","coordinates":[-116.0447,32.7528]},"properties":{"Plant_Name":"Ocotillo Express LLC","State":"California","PrimSource":"wind","Total_MW":265.4,"Utility_Na":"Pattern Operators LP","City":"Ocotillo"}},{"type":"Feature","geometry":{"type":"Point","coordinates":[-117.9449,34.0087]},"properties":{"Plant_Name":"Walnut Creek Energy Park","State":"California","PrimSource":"natural gas","Total_MW":500.5,"Utility_Na":"Walnut Creek LLC","City":"Industry"}},{"type":"Feature","geometry":{"type":"Point","coordinates":[-120.3161,36.5303]},"properties":{"Plant_Name":"Giffen","State":"California","PrimSource":"solar","Total_MW":10,"Utility_Na":"Pacific Gas & Electric Co.","City":"TBD"}},{"type":"Feature","geometry":{"type":"Point","coordinates":[-120.3435,36.4251]},"properties":{"Plant_Name":"Cantua Solar Station","State":"California","PrimSource":"solar","Total_MW":20,"Utility_Na":"Pacific Gas & Electric Co.","City":"TBD"}},{"type":"Feature","geometry":{"type":"Point","coordinates":[-120.0306,36.1814]},"properties":{"Plant_Name":"Huron Solar Station","State":"California","PrimSource":"solar","Total_MW":20,"Utility_Na":"Pacific Gas & Electric Co.","City":"Huron"}},{"type":"Feature","geometry":{"type":"Point","coordinates":[-111.0331,32.2894]},"properties":{"Plant_Name":"Roger Road WWTP","State":"Arizona","PrimSource":"solar","Total_MW":0.9,"Utility_Na":"SunE M5C Holdings LLC","City":"Tucson"}},{"type":"Feature","geometry":{"type":"Point","coordinates":[-120.0835,45.7316]},"properties":{"Plant_Name":"North Hurlburt Wind LLC","State":"Oregon","PrimSource":"wind","Total_MW":265,"Utility_Na":"Caithness Shepherds Flat LLC","City":"Arlington"}},{"type":"Feature","geometry":{"type":"Point","coordinates":[-117.3644,47.1558]},"properties":{"Plant_Name":"Palouse","State":"Washington","PrimSource":"wind","Total_MW":105.3,"Utility_Na":"Onward Energy","City":"Oakesdale"}},{"type":"Feature","geometry":{"type":"Point","coordinates":[-120.08,45.7063]},"properties":{"Plant_Name":"South Hurlburt Wind LLC","State":"Oregon","PrimSource":"wind","Total_MW":290,"Utility_Na":"Caithness Shepherds Flat LLC","City":"Arlington"}},{"type":"Feature","geometry":{"type":"Point","coordinates":[-120.0082,45.5855]},"properties":{"Plant_Name":"Horseshoe Bend Wind LLC","State":"Oregon","PrimSource":"wind","Total_MW":290,"Utility_Na":"Caithness Shepherds Flat LLC","City":"Arlington"}},{"type":"Feature","geometry":{"type":"Point","coordinates":[-108.8644,44.7264]},"properties":{"Plant_Name":"Garland Canal Power Plant","State":"Wyoming","PrimSource":"hydroelectric","Total_MW":2.6,"Utility_Na":"Shoshone Irrigation District","City":"Powell"}},{"type":"Feature","geometry":{"type":"Point","coordinates":[-104.8066,38.9579]},"properties":{"Plant_Name":"AFA Solar Farm","State":"Colorado","PrimSource":"solar","Total_MW":5.5,"Utility_Na":"Solar Star Colorado II LLC","City":"Colorado Springs"}},{"type":"Feature","geometry":{"type":"Point","coordinates":[-116.9178,32.5739]},"properties":{"Plant_Name":"Pio Pico Energy Center","State":"California","PrimSource":"natural gas","Total_MW":318,"Utility_Na":"Pio Pico Energy Center LLC","City":"San Diego"}},{"type":"Feature","geometry":{"type":"Point","coordinates":[-114.0046,35.2417]},"properties":{"Plant_Name":"La Senita","State":"Arizona","PrimSource":"solar","Total_MW":1,"Utility_Na":"UNS Electric, Inc","City":"Kingman"}},{"type":"Feature","geometry":{"type":"Point","coordinates":[-122.0153,37.4194]},"properties":{"Plant_Name":"Sunnyvale City of WPCP","State":"California","PrimSource":"natural gas","Total_MW":1.6,"Utility_Na":"Sunnyvale City of WPCP","City":"Sunnyvale"}},{"type":"Feature","geometry":{"type":"Point","coordinates":[-122.4818,37.7509]},"properties":{"Plant_Name":"Sunset Reservoir North Basin","State":"California","PrimSource":"solar","Total_MW":4.5,"Utility_Na":"Duke Energy Renewables Services","City":"San Francisco"}},{"type":"Feature","geometry":{"type":"Point","coordinates":[-112.429,34.7184]},"properties":{"Plant_Name":"Chino Valley Solar","State":"Arizona","PrimSource":"solar","Total_MW":38,"Utility_Na":"Arizona Public Service Co","City":"Chino Valley"}},{"type":"Feature","geometry":{"type":"Point","coordinates":[-112.6617,33.0347]},"properties":{"Plant_Name":"Cotton Center Solar Hybrid","State":"Arizona","PrimSource":"solar","Total_MW":34,"Utility_Na":"Arizona Public Service Co","City":"Gila Bend"}},{"type":"Feature","geometry":{"type":"Point","coordinates":[-112.6614,33.0211]},"properties":{"Plant_Name":"Paloma Solar Hybrid","State":"Arizona","PrimSource":"solar","Total_MW":34,"Utility_Na":"Arizona Public Service Co","City":"Gila Bend"}},{"type":"Feature","geometry":{"type":"Point","coordinates":[-113.344,33.0257]},"properties":{"Plant_Name":"Hyder Solar Hybrid","State":"Arizona","PrimSource":"solar","Total_MW":47,"Utility_Na":"Arizona Public Service Co","City":"Hyder"}},{"type":"Feature","geometry":{"type":"Point","coordinates":[-119.5522,36.6842]},"properties":{"Plant_Name":"Algonquin Power Sanger LLC","State":"California","PrimSource":"natural gas","Total_MW":61.5,"Utility_Na":"Algonquin Power Sanger LLC","City":"Sanger"}},{"type":"Feature","geometry":{"type":"Point","coordinates":[-106.6,35.169]},"properties":{"Plant_Name":"Albuquerque Solar Energy Center","State":"New Mexico","PrimSource":"solar","Total_MW":2,"Utility_Na":"PNM Resources","City":"Albuquerque"}},{"type":"Feature","geometry":{"type":"Point","coordinates":[-106.7724,34.8331]},"properties":{"Plant_Name":"Los Lunas Solar Energy Center","State":"New Mexico","PrimSource":"solar","Total_MW":7,"Utility_Na":"PNM Resources","City":"Los Lunas"}},{"type":"Feature","geometry":{"type":"Point","coordinates":[-122.0697,37.9978]},"properties":{"Plant_Name":"CCCSD Wastewater Treatment Plnt","State":"California","PrimSource":"natural gas","Total_MW":3,"Utility_Na":"Central Contra Costa Sanitary District","City":"Martinez"}},{"type":"Feature","geometry":{"type":"Point","coordinates":[-107.7506,32.1658]},"properties":{"Plant_Name":"Deming Solar Energy Center","State":"New Mexico","PrimSource":"solar","Total_MW":9,"Utility_Na":"PNM Resources","City":"Deming"}},{"type":"Feature","geometry":{"type":"Point","coordinates":[-105.2067,35.6433]},"properties":{"Plant_Name":"Las Vegas Solar Energy Center","State":"New Mexico","PrimSource":"solar","Total_MW":5,"Utility_Na":"PNM Resources","City":"Las Vegas"}},{"type":"Feature","geometry":{"type":"Point","coordinates":[-105.9998,32.8657]},"properties":{"Plant_Name":"Alamogordo Solar Energy Center","State":"New Mexico","PrimSource":"solar","Total_MW":4.9,"Utility_Na":"PNM Resources","City":"Alamogordo"}},{"type":"Feature","geometry":{"type":"Point","coordinates":[-120.6169,45.6131]},"properties":{"Plant_Name":"PaTu Wind Farm LLC","State":"Oregon","PrimSource":"wind","Total_MW":9,"Utility_Na":"PaTu Wind Farm LLC","City":"Wasco"}},{"type":"Feature","geometry":{"type":"Point","coordinates":[-120.8917,37.8583]},"properties":{"Plant_Name":"Robert O Schulz Solar Farm","State":"California","PrimSource":"solar","Total_MW":1.3,"Utility_Na":"South San Joaquin Irr District","City":"Oakdale"}},{"type":"Feature","geometry":{"type":"Point","coordinates":[-121.0564,38.6183]},"properties":{"Plant_Name":"Broadridge Cogen","State":"California","PrimSource":"natural gas","Total_MW":5,"Utility_Na":"Broadridge Customer Communications","City":"El Dorado Hills"}},{"type":"Feature","geometry":{"type":"Point","coordinates":[-117.2392,32.8747]},"properties":{"Plant_Name":"University of California San Diego Hybri","State":"California","PrimSource":"natural gas","Total_MW":32.5,"Utility_Na":"University of California San Diego","City":"La Jolla"}},{"type":"Feature","geometry":{"type":"Point","coordinates":[-119.1831,34.1414]},"properties":{"Plant_Name":"Oxnard Paper Mill","State":"California","PrimSource":"natural gas","Total_MW":29,"Utility_Na":"New-Indy, Oxnard LLC","City":"Oxnard"}},{"type":"Feature","geometry":{"type":"Point","coordinates":[-121.8469,38.1694]},"properties":{"Plant_Name":"Shiloh III Wind Project LLC","State":"California","PrimSource":"wind","Total_MW":102.5,"Utility_Na":"EDF Renewable Asset Holdings, Inc.","City":"Birds Landing"}},{"type":"Feature","geometry":{"type":"Point","coordinates":[-107.2597,32.63]},"properties":{"Plant_Name":"Hatch Solar Energy Center I, LLC","State":"New Mexico","PrimSource":"solar","Total_MW":5,"Utility_Na":"Hatch Solar Energy Center I, LLC","City":"Hatch"}},{"type":"Feature","geometry":{"type":"Point","coordinates":[-121.3564,37.6167]},"properties":{"Plant_Name":"Teichert Materials-Teichert Vernalis","State":"California","PrimSource":"wind","Total_MW":1,"Utility_Na":"Foundation HA Energy Generation, LLC","City":"San Joaquin"}},{"type":"Feature","geometry":{"type":"Point","coordinates":[-118.2183,35.0775]},"properties":{"Plant_Name":"Rising Tree Wind Farm","State":"California","PrimSource":"wind","Total_MW":79.2,"Utility_Na":"Rising Tree Wind Farm LLC","City":"Mojave"}},{"type":"Feature","geometry":{"type":"Point","coordinates":[-121.5217,37.7142]},"properties":{"Plant_Name":"Foundation ST","State":"California","PrimSource":"wind","Total_MW":2,"Utility_Na":"Foundation HA Energy Generation, LLC","City":"Tracy"}},{"type":"Feature","geometry":{"type":"Point","coordinates":[-120.7836,45.7442]},"properties":{"Plant_Name":"Linden Wind Energy Project","State":"Washington","PrimSource":"wind","Total_MW":50,"Utility_Na":"Los Angeles Department of Water & Power","City":"Goldendale"}},{"type":"Feature","geometry":{"type":"Point","coordinates":[-104.62,38.1728]},"properties":{"Plant_Name":"Vestas Towers America, Inc.","State":"Colorado","PrimSource":"wind","Total_MW":1.8,"Utility_Na":"CS Wind America, Inc.","City":"Pueblo"}},{"type":"Feature","geometry":{"type":"Point","coordinates":[-104.6542,39.9041]},"properties":{"Plant_Name":"City & County of Denver at Denver Int'l","State":"Colorado","PrimSource":"solar","Total_MW":3.4,"Utility_Na":"Denver Airport Solar, LLC","City":"Denver"}},{"type":"Feature","geometry":{"type":"Point","coordinates":[-118.8519,35.3]},"properties":{"Plant_Name":"Regulus Solar Project","State":"California","PrimSource":"solar","Total_MW":60,"Utility_Na":"Regulus Solar, LLC","City":"Bakersfield"}},{"type":"Feature","geometry":{"type":"Point","coordinates":[-118.9544,35.1028]},"properties":{"Plant_Name":"Adobe Solar","State":"California","PrimSource":"solar","Total_MW":20,"Utility_Na":"Southern Power Co","City":"Arvin"}},{"type":"Feature","geometry":{"type":"Point","coordinates":[-123.2786,45.1089]},"properties":{"Plant_Name":"Yamhill Solar LLC","State":"Oregon","PrimSource":"solar","Total_MW":1,"Utility_Na":"Standard Solar","City":"Amity"}},{"type":"Feature","geometry":{"type":"Point","coordinates":[-123.2891,44.5643]},"properties":{"Plant_Name":"Oregon State University Energy Center","State":"Oregon","PrimSource":"natural gas","Total_MW":5.7,"Utility_Na":"Oregon State University","City":"Corvallis"}},{"type":"Feature","geometry":{"type":"Point","coordinates":[-118.9686,35.4118]},"properties":{"Plant_Name":"Bakersfield College Solar 01","State":"California","PrimSource":"solar","Total_MW":1.1,"Utility_Na":"Kern Community College District","City":"Bakersfield"}},{"type":"Feature","geometry":{"type":"Point","coordinates":[-117.5117,33.8264]},"properties":{"Plant_Name":"Temescal Canyon RV, LLC","State":"California","PrimSource":"solar","Total_MW":1.5,"Utility_Na":"Temescal Canyon RV, LLC","City":"Corona"}},{"type":"Feature","geometry":{"type":"Point","coordinates":[-111.2828,32.3717]},"properties":{"Plant_Name":"Avra Valley Solar","State":"Arizona","PrimSource":"solar","Total_MW":25,"Utility_Na":"Solar Avra Valley LLC","City":"Marana"}},{"type":"Feature","geometry":{"type":"Point","coordinates":[-121.4128,38.3647]},"properties":{"Plant_Name":"SMUD at Grundman","State":"California","PrimSource":"solar","Total_MW":18,"Utility_Na":"Sacramento PV Energy, LLC","City":"Elk Grove"}},{"type":"Feature","geometry":{"type":"Point","coordinates":[-121.2789,38.2531]},"properties":{"Plant_Name":"SMUD at Van Conett","State":"California","PrimSource":"solar","Total_MW":2.9,"Utility_Na":"Sacramento PV Energy, LLC","City":"Galt"}},{"type":"Feature","geometry":{"type":"Point","coordinates":[-121.3375,38.2378]},"properties":{"Plant_Name":"SMUD at Fleshman","State":"California","PrimSource":"solar","Total_MW":2.9,"Utility_Na":"Sacramento PV Energy, LLC","City":"Galt"}},{"type":"Feature","geometry":{"type":"Point","coordinates":[-112.4146,33.4091]},"properties":{"Plant_Name":"Macys Goodyear","State":"Arizona","PrimSource":"solar","Total_MW":3.1,"Utility_Na":"Macys Corporate Services, Inc","City":"Goodyear"}},{"type":"Feature","geometry":{"type":"Point","coordinates":[-112.8339,33.305]},"properties":{"Plant_Name":"Arlington Valley Solar Energy II","State":"Arizona","PrimSource":"solar","Total_MW":125.4,"Utility_Na":"Arevon Energy, Inc.","City":"Arlington"}},{"type":"Feature","geometry":{"type":"Point","coordinates":[-105.1803,40.048]},"properties":{"Plant_Name":"City of Boulder WWTP","State":"Colorado","PrimSource":"solar","Total_MW":0.9,"Utility_Na":"SunE NLB-2, LLC","City":"Boulder"}},{"type":"Feature","geometry":{"type":"Point","coordinates":[-120.1572,36.9408]},"properties":{"Plant_Name":"City of Madera WWTP","State":"California","PrimSource":"solar","Total_MW":1,"Utility_Na":"SunE GIL1, LLC","City":"Madera"}},{"type":"Feature","geometry":{"type":"Point","coordinates":[-118.0175,33.8817]},"properties":{"Plant_Name":"Staples La Mirada, CA","State":"California","PrimSource":"solar","Total_MW":0.9,"Utility_Na":"SunE WF3-ST Holdings, LLC","City":"La Mirada"}},{"type":"Feature","geometry":{"type":"Point","coordinates":[-115.4114,35.8094]},"properties":{"Plant_Name":"Goodsprings Waste Heat Recovery","State":"Nevada","PrimSource":"other","Total_MW":6.5,"Utility_Na":"Nevada Power Co","City":"Jean"}},{"type":"Feature","geometry":{"type":"Point","coordinates":[-112.0969,47.6053]},"properties":{"Plant_Name":"Turnbull Hydro","State":"Montana","PrimSource":"hydroelectric","Total_MW":13,"Utility_Na":"Turnbull Hydro LLC","City":"Fairfield"}},{"type":"Feature","geometry":{"type":"Point","coordinates":[-120.0686,35.4056]},"properties":{"Plant_Name":"Topaz Solar Farm","State":"California","PrimSource":"solar","Total_MW":585.9,"Utility_Na":"Topaz Solar Farms LLC","City":"Santa Margarita"}},{"type":"Feature","geometry":{"type":"Point","coordinates":[-122.2961,37.8258]},"properties":{"Plant_Name":"Power Generation Station (PGS) 2","State":"California","PrimSource":"biomass","Total_MW":3.8,"Utility_Na":"East Bay Municipal Util Dist","City":"Oakland"}},{"type":"Feature","geometry":{"type":"Point","coordinates":[-121.1629,38.6135]},"properties":{"Plant_Name":"Aerojet I","State":"California","PrimSource":"solar","Total_MW":3,"Utility_Na":"Altus Power America Management, LLC","City":"Rancho Cordova"}},{"type":"Feature","geometry":{"type":"Point","coordinates":[-121.1703,38.6086]},"properties":{"Plant_Name":"Aerojet II","State":"California","PrimSource":"solar","Total_MW":2.2,"Utility_Na":"Altus Power America Management, LLC","City":"Rancho Cordova"}},{"type":"Feature","geometry":{"type":"Point","coordinates":[-121.7181,37.7908]},"properties":{"Plant_Name":"Vasco Winds","State":"California","PrimSource":"wind","Total_MW":78.2,"Utility_Na":"Vasco Winds, LLC","City":"Livermore"}},{"type":"Feature","geometry":{"type":"Point","coordinates":[-121.8219,38.1167]},"properties":{"Plant_Name":"Montezuma Wind II","State":"California","PrimSource":"wind","Total_MW":78.2,"Utility_Na":"NextEra Energy Montezuma Wind II, LLC","City":"Birds Landing"}},{"type":"Feature","geometry":{"type":"Point","coordinates":[-118.1756,33.8112]},"properties":{"Plant_Name":"Signal Hill West Unit","State":"California","PrimSource":"other","Total_MW":5.7,"Utility_Na":"Signal Hill Petroleum, Inc","City":"Signal Hill"}},{"type":"Feature","geometry":{"type":"Point","coordinates":[-104.72,41.1236]},"properties":{"Plant_Name":"Cheyenne Prairie Generating Station","State":"Wyoming","PrimSource":"natural gas","Total_MW":131,"Utility_Na":"Black Hills Service Company LLC","City":"Cheyenne"}},{"type":"Feature","geometry":{"type":"Point","coordinates":[-112.904,33.3418]},"properties":{"Plant_Name":"Mesquite Solar 1","State":"Arizona","PrimSource":"solar","Total_MW":170,"Utility_Na":"Consolidated Edison Development Inc.","City":"Tonopah"}},{"type":"Feature","geometry":{"type":"Point","coordinates":[-118.3345,34.9383]},"properties":{"Plant_Name":"Catalina Solar LLC","State":"California","PrimSource":"solar","Total_MW":110,"Utility_Na":"EDF Renewable Asset Holdings, Inc.","City":"Rosamond"}},{"type":"Feature","geometry":{"type":"Point","coordinates":[-117.2369,33.1438]},"properties":{"Plant_Name":"Watkins Manufacturing Co.","State":"California","PrimSource":"natural gas","Total_MW":2,"Utility_Na":"Watkins Manufacturing Corporation","City":"San Diego"}},{"type":"Feature","geometry":{"type":"Point","coordinates":[-116.5625,33.9097]},"properties":{"Plant_Name":"North Palm Springs 4A","State":"California","PrimSource":"solar","Total_MW":4,"Utility_Na":"Greenbacker Renewable Energy Corporation","City":"Palm Springs"}},{"type":"Feature","geometry":{"type":"Point","coordinates":[-121.8553,38.1375]},"properties":{"Plant_Name":"Shiloh IV Wind Project LLC","State":"California","PrimSource":"wind","Total_MW":102.5,"Utility_Na":"EDF Renewable Asset Holdings, Inc.","City":"Birds Landing"}},{"type":"Feature","geometry":{"type":"Point","coordinates":[-103.1378,32.1274]},"properties":{"Plant_Name":"SPS1 Dollarhide","State":"New Mexico","PrimSource":"solar","Total_MW":10,"Utility_Na":"SunE SPS1, LLC","City":"Jal"}},{"type":"Feature","geometry":{"type":"Point","coordinates":[-103.1831,32.1836]},"properties":{"Plant_Name":"SPS2 Jal","State":"New Mexico","PrimSource":"solar","Total_MW":10,"Utility_Na":"SunE SPS2, LLC","City":"Jal"}},{"type":"Feature","geometry":{"type":"Point","coordinates":[-103.3233,32.4697]},"properties":{"Plant_Name":"SPS3 Lea","State":"New Mexico","PrimSource":"solar","Total_MW":10,"Utility_Na":"SunE SPS3, LLC","City":"Eunice"}},{"type":"Feature","geometry":{"type":"Point","coordinates":[-103.3036,32.6819]},"properties":{"Plant_Name":"SPS4 Monument","State":"New Mexico","PrimSource":"solar","Total_MW":10.1,"Utility_Na":"SunE SPS4, LLC","City":"Monument"}},{"type":"Feature","geometry":{"type":"Point","coordinates":[-104.2347,32.3456]},"properties":{"Plant_Name":"SPS5 Hopi","State":"New Mexico","PrimSource":"solar","Total_MW":10.1,"Utility_Na":"SunE SPS5, LLC","City":"Carlsbad"}},{"type":"Feature","geometry":{"type":"Point","coordinates":[-116.5933,33.9242]},"properties":{"Plant_Name":"North Palm Springs 1A","State":"California","PrimSource":"solar","Total_MW":2.4,"Utility_Na":"Greenbacker Renewable Energy Corporation","City":"Palm Springs"}},{"type":"Feature","geometry":{"type":"Point","coordinates":[-110.3378,46.4119]},"properties":{"Plant_Name":"Gordon Butte Wind LLC","State":"Montana","PrimSource":"wind","Total_MW":17.7,"Utility_Na":"Gordon Butte Wind LLC","City":"Martinsdale"}},{"type":"Feature","geometry":{"type":"Point","coordinates":[-115.3933,42.9822]},"properties":{"Plant_Name":"Sawtooth Wind Project","State":"Idaho","PrimSource":"wind","Total_MW":22.4,"Utility_Na":"Idaho Winds LLC","City":"Glenns Ferry"}},{"type":"Feature","geometry":{"type":"Point","coordinates":[-121.4313,38.3389]},"properties":{"Plant_Name":"SMUD at Lawrence","State":"California","PrimSource":"solar","Total_MW":1,"Utility_Na":"Sacramento PV Energy, LLC","City":"Elk Grove"}},{"type":"Feature","geometry":{"type":"Point","coordinates":[-124.0654,46.7936]},"properties":{"Plant_Name":"Coastal Energy Project","State":"Washington","PrimSource":"wind","Total_MW":6,"Utility_Na":"Coastal Community Action Program","City":"Aberdeen"}},{"type":"Feature","geometry":{"type":"Point","coordinates":[-118.4325,34.8914]},"properties":{"Plant_Name":"Pacific Wind LLC","State":"California","PrimSource":"wind","Total_MW":140,"Utility_Na":"EDF Renewable Asset Holdings, Inc.","City":"Rosamond"}},{"type":"Feature","geometry":{"type":"Point","coordinates":[-112.7578,42.7033]},"properties":{"Plant_Name":"Power County Wind Park South","State":"Idaho","PrimSource":"wind","Total_MW":22.5,"Utility_Na":"Power County Wind Park South LLC","City":"American Falls"}},{"type":"Feature","geometry":{"type":"Point","coordinates":[-112.7486,42.7389]},"properties":{"Plant_Name":"Power County Wind Park North","State":"Idaho","PrimSource":"wind","Total_MW":22.5,"Utility_Na":"Power County Wind Park North LLC","City":"American Falls"}},{"type":"Feature","geometry":{"type":"Point","coordinates":[-121.8,47.7916]},"properties":{"Plant_Name":"Youngs Creek Hydroelectric Project","State":"Washington","PrimSource":"hydroelectric","Total_MW":7.9,"Utility_Na":"PUD No 1 of Snohomish County","City":"Monroe"}},{"type":"Feature","geometry":{"type":"Point","coordinates":[-117.6814,35.6877]},"properties":{"Plant_Name":"Naval Air Weapons Station China Lake","State":"California","PrimSource":"solar","Total_MW":11.1,"Utility_Na":"MN8 Energy LLC","City":"Ridgecrest"}},{"type":"Feature","geometry":{"type":"Point","coordinates":[-114.4961,32.6878]},"properties":{"Plant_Name":"Arizona Western College PV","State":"Arizona","PrimSource":"solar","Total_MW":4.7,"Utility_Na":"AES Distributed Energy","City":"Yuma"}},{"type":"Feature","geometry":{"type":"Point","coordinates":[-112.9019,42.6747]},"properties":{"Plant_Name":"Rockland Wind Farm","State":"Idaho","PrimSource":"wind","Total_MW":79.2,"Utility_Na":"Ridgeline Energy LLC","City":"American Falls"}},{"type":"Feature","geometry":{"type":"Point","coordinates":[-121.73,39.674]},"properties":{"Plant_Name":"Ameresco Butte County","State":"California","PrimSource":"biomass","Total_MW":2,"Utility_Na":"Ameresco Butte County LLC","City":"Paradise"}},{"type":"Feature","geometry":{"type":"Point","coordinates":[-114.6517,33.6617]},"properties":{"Plant_Name":"Palo Verde College","State":"California","PrimSource":"solar","Total_MW":1,"Utility_Na":"Scale Sustainable I, LLC","City":"Blythe"}},{"type":"Feature","geometry":{"type":"Point","coordinates":[-118.3547,35.0542]},"properties":{"Plant_Name":"Windstar 1","State":"California","PrimSource":"wind","Total_MW":120,"Utility_Na":"Nextera Energy Resources","City":"Tehachapi"}},{"type":"Feature","geometry":{"type":"Point","coordinates":[-114.0675,35.1458]},"properties":{"Plant_Name":"Kingman 1","State":"Arizona","PrimSource":"wind","Total_MW":10.5,"Utility_Na":"Brookfield Renewable Trading and Marketing LP","City":"Kingman"}},{"type":"Feature","geometry":{"type":"Point","coordinates":[-121.1819,38.4686]},"properties":{"Plant_Name":"RE Dillard 1 LLC","State":"California","PrimSource":"solar","Total_MW":3,"Utility_Na":"MN8 Energy LLC","City":"Sloughhouse"}},{"type":"Feature","geometry":{"type":"Point","coordinates":[-121.3811,38.3651]},"properties":{"Plant_Name":"RE Kammerer 1 LLC","State":"California","PrimSource":"solar","Total_MW":5,"Utility_Na":"MN8 Energy LLC","City":"Elk Grove"}},{"type":"Feature","geometry":{"type":"Point","coordinates":[-121.1778,38.4661]},"properties":{"Plant_Name":"RE Dillard 2 LLC","State":"California","PrimSource":"solar","Total_MW":3,"Utility_Na":"MN8 Energy LLC","City":"Sloughhouse"}},{"type":"Feature","geometry":{"type":"Point","coordinates":[-121.3811,38.3651]},"properties":{"Plant_Name":"RE Kammerer 2 LLC","State":"California","PrimSource":"solar","Total_MW":5,"Utility_Na":"MN8 Energy LLC","City":"Elk Grove"}},{"type":"Feature","geometry":{"type":"Point","coordinates":[-121.1803,38.4619]},"properties":{"Plant_Name":"RE Dillard 3 LLC","State":"California","PrimSource":"solar","Total_MW":3,"Utility_Na":"MN8 Energy LLC","City":"Sloughhouse"}},{"type":"Feature","geometry":{"type":"Point","coordinates":[-121.3811,38.3651]},"properties":{"Plant_Name":"RE Kammerer 3 LLC","State":"California","PrimSource":"solar","Total_MW":5,"Utility_Na":"MN8 Energy LLC","City":"Elk Grove"}},{"type":"Feature","geometry":{"type":"Point","coordinates":[-121.4128,38.3475]},"properties":{"Plant_Name":"RE Bruceville 1 LLC","State":"California","PrimSource":"solar","Total_MW":5,"Utility_Na":"MN8 Energy LLC","City":"Elk Grove"}},{"type":"Feature","geometry":{"type":"Point","coordinates":[-121.4128,38.3475]},"properties":{"Plant_Name":"RE Bruceville 2 LLC","State":"California","PrimSource":"solar","Total_MW":5,"Utility_Na":"MN8 Energy LLC","City":"Elk Grove"}},{"type":"Feature","geometry":{"type":"Point","coordinates":[-121.4128,38.3475]},"properties":{"Plant_Name":"RE Bruceville 3 LLC","State":"California","PrimSource":"solar","Total_MW":5,"Utility_Na":"MN8 Energy LLC","City":"Elk Grove"}},{"type":"Feature","geometry":{"type":"Point","coordinates":[-113.1772,34.5858]},"properties":{"Plant_Name":"RE Bagdad Solar I LLC","State":"Arizona","PrimSource":"solar","Total_MW":14.9,"Utility_Na":"Duke Energy Renewables Services","City":"Bagdad"}},{"type":"Feature","geometry":{"type":"Point","coordinates":[-122.0928,38.2322]},"properties":{"Plant_Name":"Foundation AB","State":"California","PrimSource":"wind","Total_MW":1.5,"Utility_Na":"Foundation HA Energy Generation, LLC","City":"Fairfield"}},{"type":"Feature","geometry":{"type":"Point","coordinates":[-117.5294,34.0847]},"properties":{"Plant_Name":"Foundation IE","State":"California","PrimSource":"wind","Total_MW":1,"Utility_Na":"Foundation HA Energy Generation, LLC","City":"Rancho Cucamonga"}},{"type":"Feature","geometry":{"type":"Point","coordinates":[-112.8314,32.367]},"properties":{"Plant_Name":"RE Ajo 1 LLC","State":"Arizona","PrimSource":"solar","Total_MW":4.5,"Utility_Na":"Duke Energy Renewables Services","City":"Ajo"}},{"type":"Feature","geometry":{"type":"Point","coordinates":[-118.0536,33.9142]},"properties":{"Plant_Name":"Golden Springs Building C-1","State":"California","PrimSource":"solar","Total_MW":1.2,"Utility_Na":"Golden Springs Development Company LLC","City":"Santa Fe Springs"}},{"type":"Feature","geometry":{"type":"Point","coordinates":[-118.0522,33.9119]},"properties":{"Plant_Name":"Golden Springs Building D","State":"California","PrimSource":"solar","Total_MW":1.3,"Utility_Na":"Golden Springs Development Company LLC","City":"Santa Fe Springs"}},{"type":"Feature","geometry":{"type":"Point","coordinates":[-117.2719,44.3969]},"properties":{"Plant_Name":"Lime Wind","State":"Oregon","PrimSource":"wind","Total_MW":3,"Utility_Na":"Lime Wind LLC","City":"Huntington"}},{"type":"Feature","geometry":{"type":"Point","coordinates":[-121.1803,38.4619]},"properties":{"Plant_Name":"RE Dillard 4 LLC","State":"California","PrimSource":"solar","Total_MW":0.4,"Utility_Na":"MN8 Energy LLC","City":"Sloughhouse"}},{"type":"Feature","geometry":{"type":"Point","coordinates":[-122.2928,37.5425]},"properties":{"Plant_Name":"Franklin Templeton San Mateo","State":"California","PrimSource":"natural gas","Total_MW":1,"Utility_Na":"Bloom Energy","City":"San Mateo"}},{"type":"Feature","geometry":{"type":"Point","coordinates":[-121.2958,38.3026]},"properties":{"Plant_Name":"RE McKenzie 1 LLC","State":"California","PrimSource":"solar","Total_MW":5,"Utility_Na":"MN8 Energy LLC","City":"Galt"}},{"type":"Feature","geometry":{"type":"Point","coordinates":[-121.2958,38.3026]},"properties":{"Plant_Name":"RE McKenzie 2 LLC","State":"California","PrimSource":"solar","Total_MW":5,"Utility_Na":"MN8 Energy LLC","City":"Galt"}},{"type":"Feature","geometry":{"type":"Point","coordinates":[-121.2958,38.3026]},"properties":{"Plant_Name":"RE McKenzie 3 LLC","State":"California","PrimSource":"solar","Total_MW":5,"Utility_Na":"MN8 Energy LLC","City":"Galt"}},{"type":"Feature","geometry":{"type":"Point","coordinates":[-121.2958,38.3026]},"properties":{"Plant_Name":"RE McKenzie 4 LLC","State":"California","PrimSource":"solar","Total_MW":5,"Utility_Na":"MN8 Energy LLC","City":"Galt"}},{"type":"Feature","geometry":{"type":"Point","coordinates":[-121.2958,38.3026]},"properties":{"Plant_Name":"RE McKenzie 5 LLC","State":"California","PrimSource":"solar","Total_MW":5,"Utility_Na":"MN8 Energy LLC","City":"Galt"}},{"type":"Feature","geometry":{"type":"Point","coordinates":[-121.2958,38.3026]},"properties":{"Plant_Name":"RE McKenzie 6 LLC","State":"California","PrimSource":"solar","Total_MW":5,"Utility_Na":"MN8 Energy LLC","City":"Galt"}},{"type":"Feature","geometry":{"type":"Point","coordinates":[-119.4264,36.5381]},"properties":{"Plant_Name":"Dinuba Wastewater Treatment Plant","State":"California","PrimSource":"solar","Total_MW":1,"Utility_Na":"AES Distributed Energy","City":"Dinuba"}},{"type":"Feature","geometry":{"type":"Point","coordinates":[-117.971,34.6543]},"properties":{"Plant_Name":"Heliocentric","State":"California","PrimSource":"solar","Total_MW":1.3,"Utility_Na":"Heliocentric LLC","City":"Palmdale"}},{"type":"Feature","geometry":{"type":"Point","coordinates":[-118.2932,35.0309]},"properties":{"Plant_Name":"Mustang Hills LLC","State":"California","PrimSource":"wind","Total_MW":150,"Utility_Na":"Mustang Hills, LLC (Longroad)","City":"Mojave"}},{"type":"Feature","geometry":{"type":"Point","coordinates":[-118.2118,35.0434]},"properties":{"Plant_Name":"Pinyon Pine I","State":"California","PrimSource":"wind","Total_MW":168,"Utility_Na":"Pinyon Pines Wind I, LLC","City":"Mojave"}},{"type":"Feature","geometry":{"type":"Point","coordinates":[-118.2348,35.0267]},"properties":{"Plant_Name":"Alta Wind VIII","State":"California","PrimSource":"wind","Total_MW":150,"Utility_Na":"Nextera Energy Resources","City":"Mojave"}},{"type":"Feature","geometry":{"type":"Point","coordinates":[-117.9731,34.6543]},"properties":{"Plant_Name":"L-8 Solar Project","State":"California","PrimSource":"solar","Total_MW":1.3,"Utility_Na":"L-8 Solar Project LLC","City":"Palmdale"}},{"type":"Feature","geometry":{"type":"Point","coordinates":[-118.2233,35.0268]},"properties":{"Plant_Name":"Pinyon Pine II","State":"California","PrimSource":"wind","Total_MW":132,"Utility_Na":"Pinyon Pines Wind II, LLC","City":"Mojave"}},{"type":"Feature","geometry":{"type":"Point","coordinates":[-117.0953,32.7917]},"properties":{"Plant_Name":"ISH Solar Hospital SDMC","State":"California","PrimSource":"solar","Total_MW":1.1,"Utility_Na":"SunEdison LLC","City":"San Diego"}},{"type":"Feature","geometry":{"type":"Point","coordinates":[-118.1244,33.9217]},"properties":{"Plant_Name":"ISH Solar Hospital Downey","State":"California","PrimSource":"solar","Total_MW":1.1,"Utility_Na":"SunEdison LLC","City":"Downey"}},{"type":"Feature","geometry":{"type":"Point","coordinates":[-121.4647,38.282]},"properties":{"Plant_Name":"Green Acres Solar Facility 1","State":"California","PrimSource":"solar","Total_MW":2.8,"Utility_Na":"SIT Renewables, Inc.","City":"Elk Grove"}},{"type":"Feature","geometry":{"type":"Point","coordinates":[-121.4613,38.2836]},"properties":{"Plant_Name":"Green Acres Solar Facility 2","State":"California","PrimSource":"solar","Total_MW":0.9,"Utility_Na":"SIT Renewables, Inc.","City":"Elk Grove"}},{"type":"Feature","geometry":{"type":"Point","coordinates":[-117.2389,32.8744]},"properties":{"Plant_Name":"Univ of California San Diego Solar","State":"California","PrimSource":"solar","Total_MW":1,"Utility_Na":"University of California San Diego","City":"La Jolla"}},{"type":"Feature","geometry":{"type":"Point","coordinates":[-114.7703,36.53]},"properties":{"Plant_Name":"Moapa Southern Paiute","State":"Nevada","PrimSource":"solar","Total_MW":250,"Utility_Na":"Arevon Energy, Inc.","City":"Moapa"}},{"type":"Feature","geometry":{"type":"Point","coordinates":[-117.8456,34.0087]},"properties":{"Plant_Name":"Industry MetroLink PV 1","State":"California","PrimSource":"solar","Total_MW":1.5,"Utility_Na":"City of Industry","City":"Industry"}},{"type":"Feature","geometry":{"type":"Point","coordinates":[-116.2714,43.6972]},"properties":{"Plant_Name":"Hidden Hollow Energy","State":"Idaho","PrimSource":"biomass","Total_MW":3,"Utility_Na":"Hidden Hollow Energy LLC","City":"Boise"}},{"type":"Feature","geometry":{"type":"Point","coordinates":[-119.1106,35.8011]},"properties":{"Plant_Name":"Castle Rock Vineyards","State":"California","PrimSource":"solar","Total_MW":1,"Utility_Na":"Castle Rock Cooling","City":"Delano"}},{"type":"Feature","geometry":{"type":"Point","coordinates":[-118.2242,34.0269]},"properties":{"Plant_Name":"2555 E Olympic Bl","State":"California","PrimSource":"solar","Total_MW":1,"Utility_Na":"Los Angeles Department of Water & Power","City":"Los Angeles"}},{"type":"Feature","geometry":{"type":"Point","coordinates":[-103.3239,32.9781]},"properties":{"Plant_Name":"LCEC Generation LLVC","State":"New Mexico","PrimSource":"natural gas","Total_MW":43.5,"Utility_Na":"Western Farmers Elec Coop, Inc","City":"Lovington"}},{"type":"Feature","geometry":{"type":"Point","coordinates":[-122.1056,36.9733]},"properties":{"Plant_Name":"Santa Cruz Energy","State":"California","PrimSource":"biomass","Total_MW":1.5,"Utility_Na":"Santa Cruz Energy LLC","City":"Santa Cruz"}},{"type":"Feature","geometry":{"type":"Point","coordinates":[-122.7717,45.2694]},"properties":{"Plant_Name":"Baldock Solar Highway","State":"Oregon","PrimSource":"solar","Total_MW":1.4,"Utility_Na":"Portland General Electric Co","City":"Aurora"}},{"type":"Feature","geometry":{"type":"Point","coordinates":[-111.6122,33.2675]},"properties":{"Plant_Name":"Queen Creek Solar Farm","State":"Arizona","PrimSource":"solar","Total_MW":18.6,"Utility_Na":"Siete Solar LLC","City":"Queen Creek"}},{"type":"Feature","geometry":{"type":"Point","coordinates":[-103.2853,32.9528]},"properties":{"Plant_Name":"Wildcat Wind","State":"New Mexico","PrimSource":"wind","Total_MW":27.3,"Utility_Na":"Wildcat Wind, LLC","City":"Lovington"}},{"type":"Feature","geometry":{"type":"Point","coordinates":[-111.7264,43.3864]},"properties":{"Plant_Name":"Horse Butte Wind I, LLC","State":"Idaho","PrimSource":"wind","Total_MW":57.6,"Utility_Na":"Utah Associated Mun Power Sys","City":"Iona"}},{"type":"Feature","geometry":{"type":"Point","coordinates":[-119.6506,36.1639]},"properties":{"Plant_Name":"Guernsey Solar Station","State":"California","PrimSource":"solar","Total_MW":20,"Utility_Na":"Pacific Gas & Electric Co.","City":"Hanford"}},{"type":"Feature","geometry":{"type":"Point","coordinates":[-120.1142,36.1764]},"properties":{"Plant_Name":"Gates Solar Station","State":"California","PrimSource":"solar","Total_MW":20,"Utility_Na":"Pacific Gas & Electric Co.","City":"Huron"}},{"type":"Feature","geometry":{"type":"Point","coordinates":[-119.0386,35.4028]},"properties":{"Plant_Name":"Improvement Dst No. 4","State":"California","PrimSource":"solar","Total_MW":1.1,"Utility_Na":"Kern County Water Agency","City":"Bakersfield"}},{"type":"Feature","geometry":{"type":"Point","coordinates":[-113.2975,37.1856]},"properties":{"Plant_Name":"Hurricane City Power","State":"Utah","PrimSource":"natural gas","Total_MW":14.3,"Utility_Na":"Hurricane City Power","City":"Hurricane"}},{"type":"Feature","geometry":{"type":"Point","coordinates":[-118.425,33.9106]},"properties":{"Plant_Name":"El Segundo Energy Center LLC","State":"California","PrimSource":"natural gas","Total_MW":510,"Utility_Na":"NRG Energy Services LLC","City":"El Segundo"}},{"type":"Feature","geometry":{"type":"Point","coordinates":[-116.93,47.5317]},"properties":{"Plant_Name":"Fighting Creek LFGTE Plant","State":"Idaho","PrimSource":"biomass","Total_MW":3.2,"Utility_Na":"Kootenai Renewable Energy LLC","City":"Coeur d'Alene"}},{"type":"Feature","geometry":{"type":"Point","coordinates":[-117.6591,33.9656]},"properties":{"Plant_Name":"San Antonio West Solar Rooftop","State":"California","PrimSource":"solar","Total_MW":1.5,"Utility_Na":"SS San Antonio West LLC","City":"Chino"}},{"type":"Feature","geometry":{"type":"Point","coordinates":[-123.3803,43.1861]},"properties":{"Plant_Name":"Roseburg LFG","State":"Oregon","PrimSource":"biomass","Total_MW":1.6,"Utility_Na":"Roseburg LFG Energy LLC","City":"Roseburg"}},{"type":"Feature","geometry":{"type":"Point","coordinates":[-116.2897,32.6639]},"properties":{"Plant_Name":"Tule Wind LLC","State":"California","PrimSource":"wind","Total_MW":143,"Utility_Na":"Avangrid Power LLC","City":"Boulevard"}},{"type":"Feature","geometry":{"type":"Point","coordinates":[-109.8119,41.6217]},"properties":{"Plant_Name":"Genesis Alkali","State":"Wyoming","PrimSource":"coal","Total_MW":41,"Utility_Na":"Genesis Alkali, LLC","City":"Green River"}},{"type":"Feature","geometry":{"type":"Point","coordinates":[-115.5681,32.9111]},"properties":{"Plant_Name":"Spreckels Sugar Company","State":"California","PrimSource":"natural gas","Total_MW":8.9,"Utility_Na":"Spreckels Sugar Company","City":"Brawley"}},{"type":"Feature","geometry":{"type":"Point","coordinates":[-110.8247,32.1081]},"properties":{"Plant_Name":"FRB Solar Farm","State":"Arizona","PrimSource":"solar","Total_MW":1.9,"Utility_Na":"FRB Solar LLC","City":"Tucson"}},{"type":"Feature","geometry":{"type":"Point","coordinates":[-121.4753,38.5164]},"properties":{"Plant_Name":"Solar Star California II LLC","State":"California","PrimSource":"solar","Total_MW":2,"Utility_Na":"Solar Star California II LLC","City":"Sacramento"}},{"type":"Feature","geometry":{"type":"Point","coordinates":[-107.5093,32.5543]},"properties":{"Plant_Name":"Macho Springs Power I","State":"New Mexico","PrimSource":"wind","Total_MW":50.4,"Utility_Na":"Capital Power Corporation","City":"Deming"}},{"type":"Feature","geometry":{"type":"Point","coordinates":[-116.3481,33.2706]},"properties":{"Plant_Name":"Desert Green Solar Farm LLC","State":"California","PrimSource":"solar","Total_MW":6.3,"Utility_Na":"Invenergy Services LLC","City":"Boulevard"}},{"type":"Feature","geometry":{"type":"Point","coordinates":[-118.2414,35.0083]},"properties":{"Plant_Name":"Brookfield Tehachapi 1","State":"California","PrimSource":"wind","Total_MW":102,"Utility_Na":"Coram California Development, L.P.","City":"Mojave"}},{"type":"Feature","geometry":{"type":"Point","coordinates":[-109.4828,46.2753]},"properties":{"Plant_Name":"Musselshell Wind Project","State":"Montana","PrimSource":"wind","Total_MW":10,"Utility_Na":"Musselshell Wind Project LLC","City":"Shawmut"}},{"type":"Feature","geometry":{"type":"Point","coordinates":[-109.4828,46.2753]},"properties":{"Plant_Name":"Musselshell Wind Project Two LLC","State":"Montana","PrimSource":"wind","Total_MW":10,"Utility_Na":"Musselshell Wind Project Two LLC","City":"Shawmut"}},{"type":"Feature","geometry":{"type":"Point","coordinates":[-121.6,48.2697]},"properties":{"Plant_Name":"Darrington","State":"Washington","PrimSource":"biomass","Total_MW":4.5,"Utility_Na":"Hampton Lumber Mills - Washington Inc","City":"Darrington"}},{"type":"Feature","geometry":{"type":"Point","coordinates":[-121.6442,39.6481]},"properties":{"Plant_Name":"Butte College Main Campus Solar","State":"California","PrimSource":"solar","Total_MW":3.6,"Utility_Na":"Butte-Glenn Community College District","City":"Oroville"}},{"type":"Feature","geometry":{"type":"Point","coordinates":[-122.3925,37.7397]},"properties":{"Plant_Name":"SF Southeast Cogen Plant","State":"California","PrimSource":"biomass","Total_MW":1.5,"Utility_Na":"City & County of San Francisco","City":"San Francisco"}},{"type":"Feature","geometry":{"type":"Point","coordinates":[-120.4774,40.4128]},"properties":{"Plant_Name":"High Sierra Cogeneration Plant","State":"California","PrimSource":"natural gas","Total_MW":5.6,"Utility_Na":"Plumas Sierra Rural Electric Coop","City":"Susanville"}},{"type":"Feature","geometry":{"type":"Point","coordinates":[-121.3875,38.0881]},"properties":{"Plant_Name":"Lodi Energy Center","State":"California","PrimSource":"natural gas","Total_MW":273,"Utility_Na":"Northern California Power Agny","City":"Lodi"}},{"type":"Feature","geometry":{"type":"Point","coordinates":[-104.4919,37.8011]},"properties":{"Plant_Name":"Busch Ranch Wind Energy Farm","State":"Colorado","PrimSource":"wind","Total_MW":29,"Utility_Na":"Black Hills Colorado Electric, LLC","City":"Walsenburg"}},{"type":"Feature","geometry":{"type":"Point","coordinates":[-120.5669,35.6703]},"properties":{"Plant_Name":"Meridian Vineyards","State":"California","PrimSource":"solar","Total_MW":1.1,"Utility_Na":"CVI CleanCapital Solar 1 LLC","City":"Paso Robles"}},{"type":"Feature","geometry":{"type":"Point","coordinates":[-106.9133,32.2517]},"properties":{"Plant_Name":"SunE EPE2 LLC","State":"New Mexico","PrimSource":"solar","Total_MW":13.6,"Utility_Na":"SunE EPE2, LLC","City":"Las Cruces"}},{"type":"Feature","geometry":{"type":"Point","coordinates":[-106.341,32.0344]},"properties":{"Plant_Name":"SunE EPE1 LLC","State":"New Mexico","PrimSource":"solar","Total_MW":10,"Utility_Na":"SunE EPE1 LLC","City":"Chaparral"}},{"type":"Feature","geometry":{"type":"Point","coordinates":[-121.3419,38.8381]},"properties":{"Plant_Name":"Lincoln Landfill","State":"California","PrimSource":"biomass","Total_MW":4.8,"Utility_Na":"Energy 2001 Inc","City":"Lincoln"}},{"type":"Feature","geometry":{"type":"Point","coordinates":[-115.3939,33.8231]},"properties":{"Plant_Name":"Desert Sunlight 300, LLC","State":"California","PrimSource":"solar","Total_MW":313.7,"Utility_Na":"NextEra Energy Desert Sunlight 300, LLC","City":"Desert Center"}},{"type":"Feature","geometry":{"type":"Point","coordinates":[-112.1033,48.8203]},"properties":{"Plant_Name":"NaturEner Rim Rock Energy","State":"Montana","PrimSource":"wind","Total_MW":184.6,"Utility_Na":"NaturEner Rim Rock Energy LLC","City":"Kevin"}},{"type":"Feature","geometry":{"type":"Point","coordinates":[-114.4287,32.6486]},"properties":{"Plant_Name":"Foothills Solar Plant Hybrid","State":"Arizona","PrimSource":"batteries","Total_MW":70,"Utility_Na":"Arizona Public Service Co","City":"Yuma"}},{"type":"Feature","geometry":{"type":"Point","coordinates":[-119.4428,35.9025]},"properties":{"Plant_Name":"Alpaugh North","State":"California","PrimSource":"solar","Total_MW":20,"Utility_Na":"Consolidated Edison Development Inc.","City":"Alpaugh"}},{"type":"Feature","geometry":{"type":"Point","coordinates":[-119.4353,35.8983]},"properties":{"Plant_Name":"Alpaugh 50","State":"California","PrimSource":"solar","Total_MW":50,"Utility_Na":"Consolidated Edison Development Inc.","City":"Alpaugh"}},{"type":"Feature","geometry":{"type":"Point","coordinates":[-111.895,40.7672]},"properties":{"Plant_Name":"Salt Palace Solar Gen Plant","State":"Utah","PrimSource":"solar","Total_MW":1.3,"Utility_Na":"Wasatch View Solar LLC","City":"Salt Lake City"}},{"type":"Feature","geometry":{"type":"Point","coordinates":[-117.8402,33.932]},"properties":{"Plant_Name":"Brea Expansion Plant","State":"California","PrimSource":"biomass","Total_MW":37.2,"Utility_Na":"Brea Power II","City":"Brea"}},{"type":"Feature","geometry":{"type":"Point","coordinates":[-106.4772,32.3958]},"properties":{"Plant_Name":"WSMR I","State":"New Mexico","PrimSource":"solar","Total_MW":4.5,"Utility_Na":"Siemens Government Technologies Inc","City":"White Sands Missile"}},{"type":"Feature","geometry":{"type":"Point","coordinates":[-114.9628,35.7864]},"properties":{"Plant_Name":"Copper Mountain Solar 2","State":"Nevada","PrimSource":"solar","Total_MW":154,"Utility_Na":"Consolidated Edison Development Inc.","City":"Boulder City"}},{"type":"Feature","geometry":{"type":"Point","coordinates":[-115.0367,42.88]},"properties":{"Plant_Name":"High Mesa","State":"Idaho","PrimSource":"wind","Total_MW":39.9,"Utility_Na":"High Mesa Energy, LLC","City":"King Hill"}},{"type":"Feature","geometry":{"type":"Point","coordinates":[-117.4681,44.0231]},"properties":{"Plant_Name":"Neal Hot Springs Geothermal Project","State":"Oregon","PrimSource":"geothermal","Total_MW":17.7,"Utility_Na":"US Geothermal Inc.","City":"Vale"}},{"type":"Feature","geometry":{"type":"Point","coordinates":[-118.9469,34.9753]},"properties":{"Plant_Name":"IKEA Tejon 345","State":"California","PrimSource":"solar","Total_MW":1.5,"Utility_Na":"IKEA Property Inc","City":"Lebec"}},{"type":"Feature","geometry":{"type":"Point","coordinates":[-119.7165,35.6473]},"properties":{"Plant_Name":"Nickel 1 Solar Facility","State":"California","PrimSource":"solar","Total_MW":1.5,"Utility_Na":"Altus Power America Management, LLC","City":"Lost Hills"}},{"type":"Feature","geometry":{"type":"Point","coordinates":[-112.5761,33.4192]},"properties":{"Plant_Name":"Buckeye Union HS District 201","State":"Arizona","PrimSource":"solar","Total_MW":3.3,"Utility_Na":"Luminace Solar Arizona, LLC","City":"Buckeye"}},{"type":"Feature","geometry":{"type":"Point","coordinates":[-120.9956,37.7342]},"properties":{"Plant_Name":"Axium Modesto Solar","State":"California","PrimSource":"solar","Total_MW":25,"Utility_Na":"Axium US Solar Holdings LLC","City":"Modesto"}},{"type":"Feature","geometry":{"type":"Point","coordinates":[-114.1627,35.0227]},"properties":{"Plant_Name":"Black Mountain Solar LLC","State":"Arizona","PrimSource":"solar","Total_MW":9,"Utility_Na":"Duke Energy Renewables Services","City":"Golden Valley"}},{"type":"Feature","geometry":{"type":"Point","coordinates":[-119.72,36.69]},"properties":{"Plant_Name":"Vitro Flat Glass LLC","State":"California","PrimSource":"petroleum","Total_MW":2.6,"Utility_Na":"Vitro Flat Glass LLC","City":"Fresno"}},{"type":"Feature","geometry":{"type":"Point","coordinates":[-117.9383,34.1217]},"properties":{"Plant_Name":"Irwindale Brew Yard, LLC","State":"California","PrimSource":"natural gas","Total_MW":9.6,"Utility_Na":"Irwindale Brew Yard, LLC","City":"Irwindale"}},{"type":"Feature","geometry":{"type":"Point","coordinates":[-115.4967,33.2458]},"properties":{"Plant_Name":"Imperial Valley Solar Company 1 LLC","State":"California","PrimSource":"solar","Total_MW":23,"Utility_Na":"Imperial Irrigation District","City":"Niland"}},{"type":"Feature","geometry":{"type":"Point","coordinates":[-117.9394,34.6189]},"properties":{"Plant_Name":"SEPV 1","State":"California","PrimSource":"solar","Total_MW":2,"Utility_Na":"CVI CleanCapital Solar 1 LLC","City":"Palmdale"}},{"type":"Feature","geometry":{"type":"Point","coordinates":[-116.1528,34.1742]},"properties":{"Plant_Name":"SEPV 2","State":"California","PrimSource":"solar","Total_MW":2,"Utility_Na":"CVI CleanCapital Solar 1 LLC","City":"Twentynine Palms"}},{"type":"Feature","geometry":{"type":"Point","coordinates":[-117.9206,34.9077]},"properties":{"Plant_Name":"Edwards Air Force Base","State":"California","PrimSource":"solar","Total_MW":3,"Utility_Na":"CleanCapital Holdings","City":"Edwards"}},{"type":"Feature","geometry":{"type":"Point","coordinates":[-103.8069,40.263]},"properties":{"Plant_Name":"Western Sugar Coop- Ft Morgan","State":"Colorado","PrimSource":"natural gas","Total_MW":3,"Utility_Na":"Western Sugar Cooperative","City":"Fort Morgan"}},{"type":"Feature","geometry":{"type":"Point","coordinates":[-118.1506,34.9897]},"properties":{"Plant_Name":"PRC-Desoto Intl/PPG Aerospace","State":"California","PrimSource":"petroleum","Total_MW":1.5,"Utility_Na":"PRC-Desoto Intl Corp./PPG","City":"Mojave"}},{"type":"Feature","geometry":{"type":"Point","coordinates":[-121.173,38.6451]},"properties":{"Plant_Name":"Intel Folsom","State":"California","PrimSource":"solar","Total_MW":1,"Utility_Na":"Tesla Inc.","City":"Folsom"}},{"type":"Feature","geometry":{"type":"Point","coordinates":[-105.4617,34.6511]},"properties":{"Plant_Name":"El Cabo Wind","State":"New Mexico","PrimSource":"wind","Total_MW":298,"Utility_Na":"Avangrid Power LLC","City":"Encino"}},{"type":"Feature","geometry":{"type":"Point","coordinates":[-120.0904,45.5857]},"properties":{"Plant_Name":"Montague Wind Power Facility LLC","State":"Oregon","PrimSource":"wind","Total_MW":200,"Utility_Na":"Avangrid Power LLC","City":"Arlington"}},{"type":"Feature","geometry":{"type":"Point","coordinates":[-118.9183,35.2956]},"properties":{"Plant_Name":"Kern Oil & Refining Co","State":"California","PrimSource":"natural gas","Total_MW":4.9,"Utility_Na":"Kern Oil & Refining Co","City":"Bakersfield"}},{"type":"Feature","geometry":{"type":"Point","coordinates":[-117.3072,34.5619]},"properties":{"Plant_Name":"Foundation Cemex River Plant","State":"California","PrimSource":"wind","Total_MW":3.2,"Utility_Na":"Foundation CA Fund VI Manager LLC","City":"Victorville"}},{"type":"Feature","geometry":{"type":"Point","coordinates":[-117.1125,34.6231]},"properties":{"Plant_Name":"Foundation Cemex BMQ","State":"California","PrimSource":"wind","Total_MW":3,"Utility_Na":"Foundation CA Fund VI Manager LLC","City":"Apple Valley"}},{"type":"Feature","geometry":{"type":"Point","coordinates":[-121.8181,38.42]},"properties":{"Plant_Name":"Foundation Superior Farms","State":"California","PrimSource":"wind","Total_MW":1,"Utility_Na":"Foundation CA Fund VI Manager LLC","City":"Dixon"}},{"type":"Feature","geometry":{"type":"Point","coordinates":[-122.1939,40.1111]},"properties":{"Plant_Name":"Foundation Wal-Mart Red Bluff","State":"California","PrimSource":"wind","Total_MW":1,"Utility_Na":"Foundation CA Fund VI Manager LLC","City":"Red Bluff"}},{"type":"Feature","geometry":{"type":"Point","coordinates":[-111.8039,43.5244]},"properties":{"Plant_Name":"Meadow Creek Project Company","State":"Idaho","PrimSource":"wind","Total_MW":115.8,"Utility_Na":"Ridgeline Energy LLC","City":"Idaho Falls"}},{"type":"Feature","geometry":{"type":"Point","coordinates":[-123.9319,44.6119]},"properties":{"Plant_Name":"Georgia-Pacific Toledo Mill","State":"Oregon","PrimSource":"biomass","Total_MW":13.4,"Utility_Na":"Georgia-Pacific Toledo LLC","City":"Toledo"}},{"type":"Feature","geometry":{"type":"Point","coordinates":[-121.9325,38.6928]},"properties":{"Plant_Name":"Foundation Cemex Madison","State":"California","PrimSource":"wind","Total_MW":1,"Utility_Na":"Foundation CA Fund V Manager, LLC","City":"Madison"}},{"type":"Feature","geometry":{"type":"Point","coordinates":[-116.815,33.9172]},"properties":{"Plant_Name":"Foundation RRM","State":"California","PrimSource":"wind","Total_MW":2,"Utility_Na":"Foundation CA Fund V Manager, LLC","City":"Cabazon"}},{"type":"Feature","geometry":{"type":"Point","coordinates":[-116.7492,33.9142]},"properties":{"Plant_Name":"Foundation NWNA","State":"California","PrimSource":"wind","Total_MW":5.1,"Utility_Na":"Foundation CA Fund V Manager, LLC","City":"Cabazon"}},{"type":"Feature","geometry":{"type":"Point","coordinates":[-119.7975,36.6786]},"properties":{"Plant_Name":"La Joya Del Sol","State":"California","PrimSource":"solar","Total_MW":1.5,"Utility_Na":"CVI CleanCapital Solar 1 LLC","City":"Fresno"}},{"type":"Feature","geometry":{"type":"Point","coordinates":[-121.3983,38.515]},"properties":{"Plant_Name":"Depot Park Solar System","State":"California","PrimSource":"solar","Total_MW":2.7,"Utility_Na":"Depot Park Solar Farm","City":"Sacramento"}},{"type":"Feature","geometry":{"type":"Point","coordinates":[-119.2945,35.7909]},"properties":{"Plant_Name":"Delano Energy Center","State":"California","PrimSource":"natural gas","Total_MW":60.5,"Utility_Na":"Wellhead Services, Inc","City":"Delano"}},{"type":"Feature","geometry":{"type":"Point","coordinates":[-103.7311,35.1828]},"properties":{"Plant_Name":"Quay County","State":"New Mexico","PrimSource":"petroleum","Total_MW":17,"Utility_Na":"Southwestern Public Service Co","City":"Tucumcari"}},{"type":"Feature","geometry":{"type":"Point","coordinates":[-103.5732,39.381]},"properties":{"Plant_Name":"Limon Wind I","State":"Colorado","PrimSource":"wind","Total_MW":200,"Utility_Na":"Limon","City":"Limon"}},{"type":"Feature","geometry":{"type":"Point","coordinates":[-103.5811,39.3414]},"properties":{"Plant_Name":"Limon Wind II","State":"Colorado","PrimSource":"wind","Total_MW":200,"Utility_Na":"Limon","City":"Limon"}},{"type":"Feature","geometry":{"type":"Point","coordinates":[-118.1286,33.9192]},"properties":{"Plant_Name":"Kaiser Downey","State":"California","PrimSource":"natural gas","Total_MW":1,"Utility_Na":"Bloom Energy 2009 PPA","City":"Downey"}},{"type":"Feature","geometry":{"type":"Point","coordinates":[-113.2972,38.1739]},"properties":{"Plant_Name":"Blue Mountain Biogas","State":"Utah","PrimSource":"biomass","Total_MW":3,"Utility_Na":"Blue Mountain Biogas LLC","City":"Milford"}},{"type":"Feature","geometry":{"type":"Point","coordinates":[-120.49,43.2369]},"properties":{"Plant_Name":"Outback Solar At Christmas Valley","State":"Oregon","PrimSource":"solar","Total_MW":4.4,"Utility_Na":"Outback Solar, LLC","City":"Christmas Valley"}},{"type":"Feature","geometry":{"type":"Point","coordinates":[-117.6089,34.0325]},"properties":{"Plant_Name":"Kaiser Ontario","State":"California","PrimSource":"natural gas","Total_MW":1,"Utility_Na":"Bloom Energy 2009 PPA","City":"Ontario"}},{"type":"Feature","geometry":{"type":"Point","coordinates":[-111.8117,41.7486]},"properties":{"Plant_Name":"Central Energy Plant USU","State":"Utah","PrimSource":"natural gas","Total_MW":4.4,"Utility_Na":"Utah State University","City":"Logan"}},{"type":"Feature","geometry":{"type":"Point","coordinates":[-112.4275,34.6494]},"properties":{"Plant_Name":"Prescott Solar Plant","State":"Arizona","PrimSource":"solar","Total_MW":10.8,"Utility_Na":"SunE AZ1, LLC","City":"Prescott"}},{"type":"Feature","geometry":{"type":"Point","coordinates":[-119.8342,36.2261]},"properties":{"Plant_Name":"RE Kansas South LLC","State":"California","PrimSource":"solar","Total_MW":20,"Utility_Na":"RE Kansas South LLC","City":"Lemoore"}},{"type":"Feature","geometry":{"type":"Point","coordinates":[-118.3047,34.7089]},"properties":{"Plant_Name":"TA-High Desert LLC","State":"California","PrimSource":"solar","Total_MW":20,"Utility_Na":"TA-High Desert LLC","City":"Lancaster"}},{"type":"Feature","geometry":{"type":"Point","coordinates":[-120.3626,42.175]},"properties":{"Plant_Name":"Black Cap Solar Plant","State":"Oregon","PrimSource":"solar","Total_MW":2,"Utility_Na":"PacifiCorp","City":"Lakeview"}},{"type":"Feature","geometry":{"type":"Point","coordinates":[-118.1864,35.3478]},"properties":{"Plant_Name":"North Sky River Energy LLC","State":"California","PrimSource":"wind","Total_MW":162,"Utility_Na":"North Sky River Energy LLC","City":"Weldon"}},{"type":"Feature","geometry":{"type":"Point","coordinates":[-112.2711,35.4156]},"properties":{"Plant_Name":"Perrin Ranch Wind LLC","State":"Arizona","PrimSource":"wind","Total_MW":99.2,"Utility_Na":"Perrin Ranch Wind LLC","City":"Williams"}},{"type":"Feature","geometry":{"type":"Point","coordinates":[-117.1639,34.0631]},"properties":{"Plant_Name":"Energy Center","State":"California","PrimSource":"natural gas","Total_MW":0.9,"Utility_Na":"University of Redlands","City":"Redlands"}},{"type":"Feature","geometry":{"type":"Point","coordinates":[-117.8866,33.8806]},"properties":{"Plant_Name":"CSUF Trigeneration","State":"California","PrimSource":"natural gas","Total_MW":8.6,"Utility_Na":"California State University at Fullerton","City":"Fullerton"}},{"type":"Feature","geometry":{"type":"Point","coordinates":[-110.82,32.1164]},"properties":{"Plant_Name":"Prairie Fire","State":"Arizona","PrimSource":"solar","Total_MW":4.5,"Utility_Na":"Tucson Electric Power Co","City":"Tucson"}},{"type":"Feature","geometry":{"type":"Point","coordinates":[-120.6183,35.1844]},"properties":{"Plant_Name":"Thomas M Knott Cogen Facility","State":"California","PrimSource":"natural gas","Total_MW":1.2,"Utility_Na":"Sentinel Peak Resources California, LLC","City":"San Luis Obispo"}},{"type":"Feature","geometry":{"type":"Point","coordinates":[-112.7339,40.9133]},"properties":{"Plant_Name":"US Magnesium","State":"Utah","PrimSource":"natural gas","Total_MW":33,"Utility_Na":"US Magnesium","City":"Rowley"}},{"type":"Feature","geometry":{"type":"Point","coordinates":[-122.4567,37.7625]},"properties":{"Plant_Name":"Parnassus Central Utility Plant","State":"California","PrimSource":"natural gas","Total_MW":12.5,"Utility_Na":"University of California-San Francisco","City":"San Francisco"}},{"type":"Feature","geometry":{"type":"Point","coordinates":[-111.9283,33.4172]},"properties":{"Plant_Name":"Arizona State University CHP","State":"Arizona","PrimSource":"natural gas","Total_MW":17.1,"Utility_Na":"Energy Center Phoenix LLC","City":"Tempe"}},{"type":"Feature","geometry":{"type":"Point","coordinates":[-117.4775,34.5123]},"properties":{"Plant_Name":"RE Victor Phelan Solar One LLC","State":"California","PrimSource":"solar","Total_MW":20,"Utility_Na":"MN8 Energy LLC","City":"Adelanto"}},{"type":"Feature","geometry":{"type":"Point","coordinates":[-121.6942,38.5003]},"properties":{"Plant_Name":"Grassland 3&4 Solar Project","State":"California","PrimSource":"solar","Total_MW":2,"Utility_Na":"Yolo County of","City":"Davis"}},{"type":"Feature","geometry":{"type":"Point","coordinates":[-120.1325,36.1422]},"properties":{"Plant_Name":"West Gates Solar Station","State":"California","PrimSource":"solar","Total_MW":10,"Utility_Na":"Pacific Gas & Electric Co.","City":"Huron"}},{"type":"Feature","geometry":{"type":"Point","coordinates":[-113.1808,33.3783]},"properties":{"Plant_Name":"Saddle Mountain Solar I","State":"Arizona","PrimSource":"solar","Total_MW":15,"Utility_Na":"SunE AZ2, LLC","City":"Tonopah"}},{"type":"Feature","geometry":{"type":"Point","coordinates":[-121.6942,38.5003]},"properties":{"Plant_Name":"Grassland 1&2 Solar Project","State":"California","PrimSource":"solar","Total_MW":2,"Utility_Na":"Yolo County of","City":"Davis"}},{"type":"Feature","geometry":{"type":"Point","coordinates":[-110.6392,47.3333]},"properties":{"Plant_Name":"Spion Kop Wind Farm","State":"Montana","PrimSource":"wind","Total_MW":40,"Utility_Na":"NorthWestern Energy (MT wind/thermal)","City":"Geyser"}},{"type":"Feature","geometry":{"type":"Point","coordinates":[-117.9364,33.6228]},"properties":{"Plant_Name":"Hoag Hospital Cogen Plant","State":"California","PrimSource":"natural gas","Total_MW":3.6,"Utility_Na":"Hoag Memorial Presbyterian Hospital","City":"Newport Beach"}},{"type":"Feature","geometry":{"type":"Point","coordinates":[-116.6831,34.8536]},"properties":{"Plant_Name":"Newberry Solar 1 LLC","State":"California","PrimSource":"solar","Total_MW":1.5,"Utility_Na":"Newberry Solar 1 LLC","City":"Newberry Springs"}},{"type":"Feature","geometry":{"type":"Point","coordinates":[-116.0903,34.1922]},"properties":{"Plant_Name":"SEPV9 Power Plant","State":"California","PrimSource":"solar","Total_MW":8.5,"Utility_Na":"Duke Energy Renewables Services","City":"Twentynine Palms"}},{"type":"Feature","geometry":{"type":"Point","coordinates":[-117.0175,33.7672]},"properties":{"Plant_Name":"Tahquitz High School","State":"California","PrimSource":"solar","Total_MW":1,"Utility_Na":"AES Distributed Energy","City":"Hemet"}},{"type":"Feature","geometry":{"type":"Point","coordinates":[-116.5556,33.9089]},"properties":{"Plant_Name":"Wagner Wind LLC","State":"California","PrimSource":"wind","Total_MW":6,"Utility_Na":"Greenbacker Renewable Energy Corporation","City":"Palm Springs"}},{"type":"Feature","geometry":{"type":"Point","coordinates":[-116.1525,34.1719]},"properties":{"Plant_Name":"SEPV 8","State":"California","PrimSource":"solar","Total_MW":11.8,"Utility_Na":"Duke Energy Renewables Services","City":"Twentynine Palms"}},{"type":"Feature","geometry":{"type":"Point","coordinates":[-105.4381,36.9667]},"properties":{"Plant_Name":"Kit Carson","State":"New Mexico","PrimSource":"solar","Total_MW":1.3,"Utility_Na":"Terraform Arcadia","City":"Amalia"}},{"type":"Feature","geometry":{"type":"Point","coordinates":[-117.0097,33.7197]},"properties":{"Plant_Name":"West Valley High School Solar","State":"California","PrimSource":"solar","Total_MW":0.9,"Utility_Na":"AES Distributed Energy","City":"Hemet"}},{"type":"Feature","geometry":{"type":"Point","coordinates":[-118.5747,34.1836]},"properties":{"Plant_Name":"Pierce College","State":"California","PrimSource":"solar","Total_MW":1.9,"Utility_Na":"Los Angeles Community College District","City":"Wilmington"}},{"type":"Feature","geometry":{"type":"Point","coordinates":[-118.4833,34.2489]},"properties":{"Plant_Name":"VA Sepulveda Ambulatory Care Center","State":"California","PrimSource":"solar","Total_MW":3.5,"Utility_Na":"VA Sepulveda Ambulatory Care Center","City":"North Hills"}},{"type":"Feature","geometry":{"type":"Point","coordinates":[-122.2189,38.0572]},"properties":{"Plant_Name":"C&H Sugar Plant","State":"California","PrimSource":"other","Total_MW":10,"Utility_Na":"C&H Sugar Company Inc","City":"Crockett"}},{"type":"Feature","geometry":{"type":"Point","coordinates":[-118.36,34.075]},"properties":{"Plant_Name":"CBS Television City","State":"California","PrimSource":"solar","Total_MW":1.6,"Utility_Na":"Televison City Studios, LLC.","City":"Los Angeles"}},{"type":"Feature","geometry":{"type":"Point","coordinates":[-106.31,35.8756]},"properties":{"Plant_Name":"Los Alamos PV Site","State":"New Mexico","PrimSource":"solar","Total_MW":1,"Utility_Na":"Los Alamos County","City":"Los Alamos"}},{"type":"Feature","geometry":{"type":"Point","coordinates":[-118.4042,33.9439]},"properties":{"Plant_Name":"Central Utilities Plant LAX 2","State":"California","PrimSource":"natural gas","Total_MW":8.4,"Utility_Na":"LAX Airport","City":"Los Angeles"}},{"type":"Feature","geometry":{"type":"Point","coordinates":[-121.2576,38.5595]},"properties":{"Plant_Name":"FAA NorCal TRACON","State":"California","PrimSource":"solar","Total_MW":1,"Utility_Na":"Enfinity NorCal 1 FAA LLC","City":"Mather AFB"}},{"type":"Feature","geometry":{"type":"Point","coordinates":[-112.8135,33.498]},"properties":{"Plant_Name":"Badger 1","State":"Arizona","PrimSource":"solar","Total_MW":14.8,"Utility_Na":"Desert Sky Solar LLC","City":"Tonopah"}},{"type":"Feature","geometry":{"type":"Point","coordinates":[-123.1719,46.1789]},"properties":{"Plant_Name":"Port Westward Unit 2","State":"Oregon","PrimSource":"natural gas","Total_MW":224.4,"Utility_Na":"Portland General Electric Co","City":"Clatskanie"}},{"type":"Feature","geometry":{"type":"Point","coordinates":[-106.815,34.6161]},"properties":{"Plant_Name":"La Luz Energy Center","State":"New Mexico","PrimSource":"natural gas","Total_MW":40,"Utility_Na":"Public Service Co of NM","City":"Belen"}},{"type":"Feature","geometry":{"type":"Point","coordinates":[-114.5717,33.5989]},"properties":{"Plant_Name":"Venable Solar 1","State":"California","PrimSource":"solar","Total_MW":1.5,"Utility_Na":"Venable Solar, LLC","City":"Blythe"}},{"type":"Feature","geometry":{"type":"Point","coordinates":[-114.5717,33.5972]},"properties":{"Plant_Name":"Venable Solar 2","State":"California","PrimSource":"solar","Total_MW":1.5,"Utility_Na":"Venable Solar, LLC","City":"Blythe"}},{"type":"Feature","geometry":{"type":"Point","coordinates":[-111.9247,33.6031]},"properties":{"Plant_Name":"Jewish Community Center PV","State":"Arizona","PrimSource":"solar","Total_MW":1.2,"Utility_Na":"AES Distributed Energy","City":"Scottsdale"}},{"type":"Feature","geometry":{"type":"Point","coordinates":[-111.9997,33.6416]},"properties":{"Plant_Name":"Paradise Valley H.S. PV","State":"Arizona","PrimSource":"solar","Total_MW":1.4,"Utility_Na":"AES Distributed Energy","City":"Phoenix"}},{"type":"Feature","geometry":{"type":"Point","coordinates":[-119.2367,35.7342]},"properties":{"Plant_Name":"Roll Delano","State":"California","PrimSource":"natural gas","Total_MW":1.2,"Utility_Na":"Bloom Energy","City":"Delano"}},{"type":"Feature","geometry":{"type":"Point","coordinates":[-121.9342,37.2528]},"properties":{"Plant_Name":"Xilinx San Jose","State":"California","PrimSource":"natural gas","Total_MW":1,"Utility_Na":"Bloom Energy","City":"San Jose"}},{"type":"Feature","geometry":{"type":"Point","coordinates":[-117.2869,33.1372]},"properties":{"Plant_Name":"Life Technologies Carlsbad","State":"California","PrimSource":"natural gas","Total_MW":1,"Utility_Na":"Bloom Energy","City":"Carlsbad"}},{"type":"Feature","geometry":{"type":"Point","coordinates":[-119.5403,36.5053]},"properties":{"Plant_Name":"Kingsburg Solar","State":"California","PrimSource":"solar","Total_MW":3.7,"Utility_Na":"Altus Power America Management, LLC","City":"Kingsburg"}},{"type":"Feature","geometry":{"type":"Point","coordinates":[-119.1286,36.2675]},"properties":{"Plant_Name":"Exeter Solar","State":"California","PrimSource":"solar","Total_MW":3.5,"Utility_Na":"Altus Power America Management, LLC","City":"Exeter"}},{"type":"Feature","geometry":{"type":"Point","coordinates":[-119.255,36.3875]},"properties":{"Plant_Name":"Ivanhoe Solar","State":"California","PrimSource":"solar","Total_MW":3.5,"Utility_Na":"Altus Power America Management, LLC","City":"Visalia"}},{"type":"Feature","geometry":{"type":"Point","coordinates":[-119.1339,36.2119]},"properties":{"Plant_Name":"Lindsay Solar","State":"California","PrimSource":"solar","Total_MW":4,"Utility_Na":"Altus Power America Management, LLC","City":"Lindsay"}},{"type":"Feature","geometry":{"type":"Point","coordinates":[-119.0397,36.1028]},"properties":{"Plant_Name":"Porterville Solar","State":"California","PrimSource":"solar","Total_MW":3.5,"Utility_Na":"Altus Power America Management, LLC","City":"Porterville"}},{"type":"Feature","geometry":{"type":"Point","coordinates":[-119.0731,39.5858]},"properties":{"Plant_Name":"Patua Acquisition Project, LLC","State":"Nevada","PrimSource":"geothermal","Total_MW":40.6,"Utility_Na":"Patua Acquisition Company, LLC","City":"Hazen"}},{"type":"Feature","geometry":{"type":"Point","coordinates":[-121.8336,38.3147]},"properties":{"Plant_Name":"G2 Energy Hay Rd","State":"California","PrimSource":"biomass","Total_MW":1.5,"Utility_Na":"G2 Energy LLC","City":"Vacaville"}},{"type":"Feature","geometry":{"type":"Point","coordinates":[-118.5914,45.8992]},"properties":{"Plant_Name":"Vansycle II Wind Energy Center","State":"Oregon","PrimSource":"wind","Total_MW":102.3,"Utility_Na":"FPL Energy Stateline II Inc","City":"Athena"}},{"type":"Feature","geometry":{"type":"Point","coordinates":[-123.4656,48.1347]},"properties":{"Plant_Name":"McKinley Paper Co. - Washington Mill","State":"Washington","PrimSource":"biomass","Total_MW":12,"Utility_Na":"McKinley Paper Co. - Washington Mill","City":"Port Angeles"}},{"type":"Feature","geometry":{"type":"Point","coordinates":[-118.2881,34.6656]},"properties":{"Plant_Name":"Radiance Solar 4","State":"California","PrimSource":"solar","Total_MW":1.5,"Utility_Na":"Greenbacker Renewable Energy Corporation","City":"Lancaster"}},{"type":"Feature","geometry":{"type":"Point","coordinates":[-118.2869,34.6656]},"properties":{"Plant_Name":"Radiance Solar 5","State":"California","PrimSource":"solar","Total_MW":1.5,"Utility_Na":"Greenbacker Renewable Energy Corporation","City":"Lancaster"}},{"type":"Feature","geometry":{"type":"Point","coordinates":[-119.5108,35.895]},"properties":{"Plant_Name":"Atwell Island","State":"California","PrimSource":"solar","Total_MW":15.7,"Utility_Na":"SPS Atwell Island LLC","City":"Alpaugh"}},{"type":"Feature","geometry":{"type":"Point","coordinates":[-121.6842,39.3733]},"properties":{"Plant_Name":"Gridley Main","State":"California","PrimSource":"solar","Total_MW":1,"Utility_Na":"Altus Power America Management, LLC","City":"Gridley"}},{"type":"Feature","geometry":{"type":"Point","coordinates":[-121.6817,39.3733]},"properties":{"Plant_Name":"Gridley Main Two","State":"California","PrimSource":"solar","Total_MW":2.5,"Utility_Na":"Altus Power America Management, LLC","City":"Gridley"}},{"type":"Feature","geometry":{"type":"Point","coordinates":[-119.4625,35.8714]},"properties":{"Plant_Name":"White River Solar","State":"California","PrimSource":"solar","Total_MW":20,"Utility_Na":"Consolidated Edison Development Inc.","City":"Alpaugh"}},{"type":"Feature","geometry":{"type":"Point","coordinates":[-119.5733,36.1383]},"properties":{"Plant_Name":"Corcoran Solar","State":"California","PrimSource":"solar","Total_MW":20,"Utility_Na":"Consolidated Edison Development Inc.","City":"Corcoran"}},{"type":"Feature","geometry":{"type":"Point","coordinates":[-121.7478,38.0017]},"properties":{"Plant_Name":"Oakley Solar Project","State":"California","PrimSource":"solar","Total_MW":1.5,"Utility_Na":"Oakley Solar Project LLC","City":"Oakley"}},{"type":"Feature","geometry":{"type":"Point","coordinates":[-120.5994,35.1867]},"properties":{"Plant_Name":"Cold Canyon 1","State":"California","PrimSource":"biomass","Total_MW":1.5,"Utility_Na":"Toro Energy of California SLO","City":"San Luis Obispo"}},{"type":"Feature","geometry":{"type":"Point","coordinates":[-119.9011,45.71]},"properties":{"Plant_Name":"Threemile Digester","State":"Oregon","PrimSource":"natural gas","Total_MW":4.8,"Utility_Na":"TMF-RIG, LLC","City":"Boardman"}},{"type":"Feature","geometry":{"type":"Point","coordinates":[-113.3489,33.027]},"properties":{"Plant_Name":"Hyder II Hybrid","State":"Arizona","PrimSource":"solar","Total_MW":28,"Utility_Na":"Arizona Public Service Co","City":"Hyder"}},{"type":"Feature","geometry":{"type":"Point","coordinates":[-116.8997,43.625]},"properties":{"Plant_Name":"Fargo Drop","State":"Idaho","PrimSource":"hydroelectric","Total_MW":1.1,"Utility_Na":"Riverside Investments LLC","City":"Wilder"}},{"type":"Feature","geometry":{"type":"Point","coordinates":[-118.4036,34.8181]},"properties":{"Plant_Name":"Solar Star 1","State":"California","PrimSource":"solar","Total_MW":309.9,"Utility_Na":"Solar Star California XIX, LLC","City":"Rosamond"}},{"type":"Feature","geometry":{"type":"Point","coordinates":[-118.3528,34.8486]},"properties":{"Plant_Name":"Solar Star 2","State":"California","PrimSource":"solar","Total_MW":275,"Utility_Na":"Solar Star California XX, LLC","City":"Rosamond"}},{"type":"Feature","geometry":{"type":"Point","coordinates":[-113.2947,46.2275]},"properties":{"Plant_Name":"Flint Creek Hydroelectric LLC","State":"Montana","PrimSource":"hydroelectric","Total_MW":2,"Utility_Na":"Hydrodynamics Inc","City":"Philipsburg"}},{"type":"Feature","geometry":{"type":"Point","coordinates":[-118.2,35.06]},"properties":{"Plant_Name":"Alta Wind X","State":"California","PrimSource":"wind","Total_MW":138,"Utility_Na":"Alta Wind X, LLC","City":"Mojave"}},{"type":"Feature","geometry":{"type":"Point","coordinates":[-118.39,35.065]},"properties":{"Plant_Name":"Alta Wind XI","State":"California","PrimSource":"wind","Total_MW":90,"Utility_Na":"Alta Wind XI, LLC","City":"Mojave"}},{"type":"Feature","geometry":{"type":"Point","coordinates":[-121.4086,36.5342]},"properties":{"Plant_Name":"Ameresco Johnson Canyon","State":"California","PrimSource":"biomass","Total_MW":1.4,"Utility_Na":"Ameresco Johnson Canyon LLC","City":"Gonzales"}},{"type":"Feature","geometry":{"type":"Point","coordinates":[-115.5406,32.7125]},"properties":{"Plant_Name":"Heber Solar","State":"California","PrimSource":"solar","Total_MW":10,"Utility_Na":"Axium US Solar Holdings LLC","City":"Heber"}},{"type":"Feature","geometry":{"type":"Point","coordinates":[-111.4836,33.1551]},"properties":{"Plant_Name":"Copper Crossing Energy and Research Cent","State":"Arizona","PrimSource":"natural gas","Total_MW":88,"Utility_Na":"Salt River Project","City":"Florence"}},{"type":"Feature","geometry":{"type":"Point","coordinates":[-116.8655,34.3981]},"properties":{"Plant_Name":"Lone Valley Solar Park I LLC","State":"California","PrimSource":"solar","Total_MW":10,"Utility_Na":"Lone Valley Solar Park I LLC","City":"Lucerne Valley"}},{"type":"Feature","geometry":{"type":"Point","coordinates":[-117.4667,34.5011]},"properties":{"Plant_Name":"Victor Dry Farm Ranch A","State":"California","PrimSource":"solar","Total_MW":5,"Utility_Na":"AES Distributed Energy","City":"Victorville"}},{"type":"Feature","geometry":{"type":"Point","coordinates":[-117.4711,34.4978]},"properties":{"Plant_Name":"Victor Dry Farm Ranch B","State":"California","PrimSource":"solar","Total_MW":5,"Utility_Na":"AES Distributed Energy","City":"Victorville"}},{"type":"Feature","geometry":{"type":"Point","coordinates":[-118.5306,34.2433]},"properties":{"Plant_Name":"CSU Northridge Plant","State":"California","PrimSource":"solar","Total_MW":0.4,"Utility_Na":"California State University, Northridge","City":"Northridge"}},{"type":"Feature","geometry":{"type":"Point","coordinates":[-118.5192,34.3357]},"properties":{"Plant_Name":"Sunshine Gas Producers","State":"California","PrimSource":"biomass","Total_MW":20,"Utility_Na":"Sunshine Gas Producers LLC","City":"Sylmar"}},{"type":"Feature","geometry":{"type":"Point","coordinates":[-115.6478,32.6869]},"properties":{"Plant_Name":"Centinela Solar Energy","State":"California","PrimSource":"solar","Total_MW":170,"Utility_Na":"Arevon Energy, Inc.","City":"Calexico"}},{"type":"Feature","geometry":{"type":"Point","coordinates":[-119.0831,34.1797]},"properties":{"Plant_Name":"Glass House Camarillo Cultivation","State":"California","PrimSource":"natural gas","Total_MW":13.2,"Utility_Na":"Glass House Camarillo Cultivation","City":"Camarillo"}},{"type":"Feature","geometry":{"type":"Point","coordinates":[-121.7289,37.7544]},"properties":{"Plant_Name":"Ameresco Vasco Road","State":"California","PrimSource":"biomass","Total_MW":4.2,"Utility_Na":"Ameresco Vasco Road, LLC","City":"Livermore"}},{"type":"Feature","geometry":{"type":"Point","coordinates":[-120.9297,38.0297]},"properties":{"Plant_Name":"Ameresco San Joaquin","State":"California","PrimSource":"biomass","Total_MW":4.2,"Utility_Na":"Ameresco San Joaquin, LLC","City":"Linden"}},{"type":"Feature","geometry":{"type":"Point","coordinates":[-121.1851,37.8834]},"properties":{"Plant_Name":"Ameresco Forward","State":"California","PrimSource":"biomass","Total_MW":4.2,"Utility_Na":"Ameresco Forward, LLC","City":"Manteca"}},{"type":"Feature","geometry":{"type":"Point","coordinates":[-120.7531,47.1392]},"properties":{"Plant_Name":"Swauk Wind LLC","State":"Washington","PrimSource":"wind","Total_MW":4.3,"Utility_Na":"Gamesa Wind US LLC","City":"Thorp"}},{"type":"Feature","geometry":{"type":"Point","coordinates":[-118.0511,34.655]},"properties":{"Plant_Name":"Arrache 4006","State":"California","PrimSource":"solar","Total_MW":2,"Utility_Na":"CD US Solar MT 2 LLC","City":"Palmdale"}},{"type":"Feature","geometry":{"type":"Point","coordinates":[-118.0519,34.6506]},"properties":{"Plant_Name":"Arrache 4013","State":"California","PrimSource":"solar","Total_MW":1.5,"Utility_Na":"CD US Solar MT 2 LLC","City":"Palmdale"}},{"type":"Feature","geometry":{"type":"Point","coordinates":[-118.0611,34.6478]},"properties":{"Plant_Name":"Arrache 8083","State":"California","PrimSource":"solar","Total_MW":4,"Utility_Na":"CD US Solar MT 2 LLC","City":"Palmdale"}},{"type":"Feature","geometry":{"type":"Point","coordinates":[-117.1544,34.5092]},"properties":{"Plant_Name":"Nunn","State":"California","PrimSource":"solar","Total_MW":1,"Utility_Na":"CD US Solar MT 2 LLC","City":"Apple Valley"}},{"type":"Feature","geometry":{"type":"Point","coordinates":[-118.1631,34.6439]},"properties":{"Plant_Name":"Rutan","State":"California","PrimSource":"solar","Total_MW":4,"Utility_Na":"CD US Solar MT 2 LLC","City":"Palmdale"}},{"type":"Feature","geometry":{"type":"Point","coordinates":[-118.0614,34.6689]},"properties":{"Plant_Name":"Vinam","State":"California","PrimSource":"solar","Total_MW":1.5,"Utility_Na":"CD US Solar MT 2 LLC","City":"Lancaster"}},{"type":"Feature","geometry":{"type":"Point","coordinates":[-118.0625,34.6953]},"properties":{"Plant_Name":"Ma","State":"California","PrimSource":"solar","Total_MW":1.5,"Utility_Na":"CD US Solar MT 2 LLC","City":"Lancaster"}},{"type":"Feature","geometry":{"type":"Point","coordinates":[-118.2742,34.7089]},"properties":{"Plant_Name":"Horn","State":"California","PrimSource":"solar","Total_MW":1.5,"Utility_Na":"CD US Solar MT 2 LLC","City":"Lancaster"}},{"type":"Feature","geometry":{"type":"Point","coordinates":[-117.6422,34.6008]},"properties":{"Plant_Name":"Watts 3115","State":"California","PrimSource":"solar","Total_MW":2,"Utility_Na":"CD US Solar MT 2 LLC","City":"Adelanto"}},{"type":"Feature","geometry":{"type":"Point","coordinates":[-121.1528,44.5281]},"properties":{"Plant_Name":"45 Mile Hydroelectric Project","State":"Oregon","PrimSource":"hydroelectric","Total_MW":3,"Utility_Na":"EBD Hydro LLC","City":"Culver"}},{"type":"Feature","geometry":{"type":"Point","coordinates":[-114.7397,33.6947]},"properties":{"Plant_Name":"McCoy Solar Energy Project Hybrid","State":"California","PrimSource":"solar","Total_MW":500.6,"Utility_Na":"McCoy Solar, LLC","City":"Blythe"}},{"type":"Feature","geometry":{"type":"Point","coordinates":[-103.325,34.7469]},"properties":{"Plant_Name":"Broadview Energy Prime LLC","State":"New Mexico","PrimSource":"wind","Total_MW":9.9,"Utility_Na":"Chopin Wind, LLC","City":"Grady"}},{"type":"Feature","geometry":{"type":"Point","coordinates":[-103.305,34.7281]},"properties":{"Plant_Name":"Broadview Energy Prime 2 LLC","State":"New Mexico","PrimSource":"wind","Total_MW":9.9,"Utility_Na":"Chopin Wind, LLC","City":"Grady"}},{"type":"Feature","geometry":{"type":"Point","coordinates":[-115.7264,32.7533]},"properties":{"Plant_Name":"Campo Verde Solar","State":"California","PrimSource":"solar","Total_MW":139,"Utility_Na":"Southern Power Co","City":"El Centro"}},{"type":"Feature","geometry":{"type":"Point","coordinates":[-121.685,42.1658]},"properties":{"Plant_Name":"C-Drop Hydro","State":"Oregon","PrimSource":"hydroelectric","Total_MW":1.1,"Utility_Na":"C-Drop","City":"Klamath Falls"}},{"type":"Feature","geometry":{"type":"Point","coordinates":[-115.0353,36.1344]},"properties":{"Plant_Name":"Las Vegas WPCF Solar Plant","State":"Nevada","PrimSource":"solar","Total_MW":3.3,"Utility_Na":"City of Las Vegas","City":"Las Vegas"}},{"type":"Feature","geometry":{"type":"Point","coordinates":[-104.5069,33.3511]},"properties":{"Plant_Name":"SEV NM Phase 2","State":"New Mexico","PrimSource":"solar","Total_MW":1.4,"Utility_Na":"Altus Power America Management, LLC","City":"Roswell"}},{"type":"Feature","geometry":{"type":"Point","coordinates":[-104.58,38.3061]},"properties":{"Plant_Name":"CSU Pueblo","State":"Colorado","PrimSource":"solar","Total_MW":1,"Utility_Na":"Scale Sustainable I, LLC","City":"Pueblo"}},{"type":"Feature","geometry":{"type":"Point","coordinates":[-111.2428,32.3697]},"properties":{"Plant_Name":"Picture Rocks Solar, LLC","State":"Arizona","PrimSource":"solar","Total_MW":20,"Utility_Na":"MN8 Energy LLC","City":"Marana"}},{"type":"Feature","geometry":{"type":"Point","coordinates":[-114.97,36.39]},"properties":{"Plant_Name":"Apex Solar PV Power Project","State":"Nevada","PrimSource":"solar","Total_MW":20,"Utility_Na":"Southern Power Co","City":"North Las Vegas"}},{"type":"Feature","geometry":{"type":"Point","coordinates":[-114.87,36.23]},"properties":{"Plant_Name":"Spectrum Solar PV Power Project","State":"Nevada","PrimSource":"solar","Total_MW":30,"Utility_Na":"Southern Power Co","City":"Las Vegas"}},{"type":"Feature","geometry":{"type":"Point","coordinates":[-118.2469,34.9]},"properties":{"Plant_Name":"RE Rosamond One LLC","State":"California","PrimSource":"solar","Total_MW":20,"Utility_Na":"MN8 Energy LLC","City":"Rosamond"}},{"type":"Feature","geometry":{"type":"Point","coordinates":[-118.2383,34.9003]},"properties":{"Plant_Name":"RE Rosamond Two LLC","State":"California","PrimSource":"solar","Total_MW":20,"Utility_Na":"MN8 Energy LLC","City":"Rosamond"}},{"type":"Feature","geometry":{"type":"Point","coordinates":[-118.1645,35.0074]},"properties":{"Plant_Name":"RE Rio Grande Solar LLC","State":"California","PrimSource":"solar","Total_MW":5,"Utility_Na":"MN8 Energy LLC","City":"Mojave"}},{"type":"Feature","geometry":{"type":"Point","coordinates":[-112.6658,33.0264]},"properties":{"Plant_Name":"RE Gillespie 1 LLC","State":"Arizona","PrimSource":"solar","Total_MW":15,"Utility_Na":"MN8 Energy LLC","City":"Gila Bend"}},{"type":"Feature","geometry":{"type":"Point","coordinates":[-118.1642,35.0247]},"properties":{"Plant_Name":"RE Columbia 3 LLC","State":"California","PrimSource":"solar","Total_MW":10,"Utility_Na":"MN8 Energy LLC","City":"Mojave"}},{"type":"Feature","geometry":{"type":"Point","coordinates":[-119.8131,45.6986]},"properties":{"Plant_Name":"Carty Generating Station","State":"Oregon","PrimSource":"natural gas","Total_MW":416.3,"Utility_Na":"Portland General Electric Co","City":"Boardman"}},{"type":"Feature","geometry":{"type":"Point","coordinates":[-114.9181,33.5683]},"properties":{"Plant_Name":"Chuckawalla Solar","State":"California","PrimSource":"solar","Total_MW":4,"Utility_Na":"Altus Power America Management, LLC","City":"Blythe"}},{"type":"Feature","geometry":{"type":"Point","coordinates":[-121.1489,38.1364]},"properties":{"Plant_Name":"Bear Creek Solar","State":"California","PrimSource":"solar","Total_MW":1.5,"Utility_Na":"Ecos Energy LLC","City":"Lodi"}},{"type":"Feature","geometry":{"type":"Point","coordinates":[-120.6829,35.5579]},"properties":{"Plant_Name":"Vintner Solar","State":"California","PrimSource":"solar","Total_MW":1.5,"Utility_Na":"Ecos Energy LLC","City":"Templeton"}},{"type":"Feature","geometry":{"type":"Point","coordinates":[-121.1412,38.1214]},"properties":{"Plant_Name":"Kettleman Solar Project","State":"California","PrimSource":"solar","Total_MW":1,"Utility_Na":"Ecos Energy LLC","City":"Lodi"}},{"type":"Feature","geometry":{"type":"Point","coordinates":[-114.9181,33.565]},"properties":{"Plant_Name":"Ironwood Solar LLC","State":"California","PrimSource":"solar","Total_MW":4,"Utility_Na":"Altus Power America Management, LLC","City":"Blythe"}},{"type":"Feature","geometry":{"type":"Point","coordinates":[-116.53,33.9231]},"properties":{"Plant_Name":"Desert Hot Springs Solar","State":"California","PrimSource":"solar","Total_MW":2.2,"Utility_Na":"Consolidated Edison Solutions Inc.","City":"Desert Hot Springs"}},{"type":"Feature","geometry":{"type":"Point","coordinates":[-111.7386,32.9369]},"properties":{"Plant_Name":"Union HS at Casa Grande","State":"Arizona","PrimSource":"solar","Total_MW":1.6,"Utility_Na":"Luminace Solar Holding, LLC","City":"Casa Grande"}},{"type":"Feature","geometry":{"type":"Point","coordinates":[-111.7131,32.8914]},"properties":{"Plant_Name":"Vista Grande HS at Casa Grande","State":"Arizona","PrimSource":"solar","Total_MW":1.4,"Utility_Na":"Luminace Solar Holding, LLC","City":"Casa Grande"}},{"type":"Feature","geometry":{"type":"Point","coordinates":[-105.9711,32.9764]},"properties":{"Plant_Name":"Otero Solar","State":"New Mexico","PrimSource":"solar","Total_MW":8,"Utility_Na":"PNM Resources","City":"La Luz"}},{"type":"Feature","geometry":{"type":"Point","coordinates":[-106.6544,34.7467]},"properties":{"Plant_Name":"Manzano Solar","State":"New Mexico","PrimSource":"solar","Total_MW":8.4,"Utility_Na":"PNM Resources","City":"Los Lunas"}},{"type":"Feature","geometry":{"type":"Point","coordinates":[-120.0467,36.9411]},"properties":{"Plant_Name":"Madera Community Hospital","State":"California","PrimSource":"solar","Total_MW":1,"Utility_Na":"CleanCapital Holdings","City":"Madera"}},{"type":"Feature","geometry":{"type":"Point","coordinates":[-114.2409,48.3877]},"properties":{"Plant_Name":"Stoltze CoGen1","State":"Montana","PrimSource":"biomass","Total_MW":3,"Utility_Na":"F H Stoltze Land & Lumber Co","City":"Columbia Falls"}},{"type":"Feature","geometry":{"type":"Point","coordinates":[-122.1397,37.6335]},"properties":{"Plant_Name":"City of Hayward WWTP","State":"California","PrimSource":"solar","Total_MW":2.7,"Utility_Na":"City of Hayward","City":"Hayward"}},{"type":"Feature","geometry":{"type":"Point","coordinates":[-115.5325,32.9672]},"properties":{"Plant_Name":"Crown Cooling Facility","State":"California","PrimSource":"solar","Total_MW":1,"Utility_Na":"Five Crowns Inc","City":"Brawley"}},{"type":"Feature","geometry":{"type":"Point","coordinates":[-116.5431,33.8906]},"properties":{"Plant_Name":"Garnet Solar Generation Station I LLC","State":"California","PrimSource":"solar","Total_MW":4,"Utility_Na":"Garnet Solar Generation Station I LLC","City":"Palm Springs"}},{"type":"Feature","geometry":{"type":"Point","coordinates":[-118.3239,38.8367]},"properties":{"Plant_Name":"Don A Campbell 1 Geothermal","State":"Nevada","PrimSource":"geothermal","Total_MW":13.3,"Utility_Na":"ORNI 47, LLC","City":"Gabbs"}},{"type":"Feature","geometry":{"type":"Point","coordinates":[-112.24,33.8206]},"properties":{"Plant_Name":"Lake Pleasant WTP","State":"Arizona","PrimSource":"solar","Total_MW":6,"Utility_Na":"MN8 Energy LLC","City":"Peoria"}},{"type":"Feature","geometry":{"type":"Point","coordinates":[-108.2481,32.7139]},"properties":{"Plant_Name":"Silver City WWTP PV Project","State":"New Mexico","PrimSource":"solar","Total_MW":1,"Utility_Na":"Affordable Solar Silver City, LLC","City":"Silver City"}},{"type":"Feature","geometry":{"type":"Point","coordinates":[-115.3947,33.8055]},"properties":{"Plant_Name":"Desert Sunlight 250, LLC","State":"California","PrimSource":"solar","Total_MW":249.7,"Utility_Na":"NextEra Energy Desert Sunlight 250, LLC","City":"Desert Center"}},{"type":"Feature","geometry":{"type":"Point","coordinates":[-111.8024,33.3559]},"properties":{"Plant_Name":"Gilbert Solar Facility I, LLC","State":"Arizona","PrimSource":"solar","Total_MW":1.9,"Utility_Na":"Gilbert Solar Facility I, LLC","City":"Gilbert"}},{"type":"Feature","geometry":{"type":"Point","coordinates":[-114.9644,36.3906]},"properties":{"Plant_Name":"Mountain View Solar","State":"Nevada","PrimSource":"solar","Total_MW":20,"Utility_Na":"NextEra Energy Mountain View Solar","City":"North Las Vegas"}},{"type":"Feature","geometry":{"type":"Point","coordinates":[-115.4819,32.9828]},"properties":{"Plant_Name":"Community Solar 1","State":"California","PrimSource":"solar","Total_MW":5.7,"Utility_Na":"Solar Community I LLC","City":"Brawley"}},{"type":"Feature","geometry":{"type":"Point","coordinates":[-108.7856,38.2725]},"properties":{"Plant_Name":"SMPA Solar 1 Community Solar","State":"Colorado","PrimSource":"solar","Total_MW":1,"Utility_Na":"San Miguel Power Assn, Inc","City":"Bedrock"}},{"type":"Feature","geometry":{"type":"Point","coordinates":[-104.8322,37.7722]},"properties":{"Plant_Name":"Huerfano River Wind","State":"Colorado","PrimSource":"wind","Total_MW":8,"Utility_Na":"Huerfano River Wind, LLC","City":"Walsenburg"}},{"type":"Feature","geometry":{"type":"Point","coordinates":[-105.8353,43.0181]},"properties":{"Plant_Name":"Glenrock","State":"Wyoming","PrimSource":"wind","Total_MW":138,"Utility_Na":"PacifiCorp","City":"Glenrock"}},{"type":"Feature","geometry":{"type":"Point","coordinates":[-105.8543,43.0572]},"properties":{"Plant_Name":"Rolling Hills","State":"Wyoming","PrimSource":"wind","Total_MW":99,"Utility_Na":"PacifiCorp","City":"Glenrock"}},{"type":"Feature","geometry":{"type":"Point","coordinates":[-106.3758,41.9203]},"properties":{"Plant_Name":"Seven Mile Hill","State":"Wyoming","PrimSource":"wind","Total_MW":118.5,"Utility_Na":"PacifiCorp","City":"Medicine Bow"}},{"type":"Feature","geometry":{"type":"Point","coordinates":[-112.0631,40.55]},"properties":{"Plant_Name":"Trans-Jordan Generating Station","State":"Utah","PrimSource":"biomass","Total_MW":4.5,"Utility_Na":"Energy Developments, Inc d/b/a EDL","City":"South Jordan"}},{"type":"Feature","geometry":{"type":"Point","coordinates":[-120.3183,45.6758]},"properties":{"Plant_Name":"Wheat Field Wind Power Project","State":"Oregon","PrimSource":"wind","Total_MW":102.9,"Utility_Na":"Wheat Field Wind Power Project LLC","City":"Arlington"}},{"type":"Feature","geometry":{"type":"Point","coordinates":[-120.2008,45.7167]},"properties":{"Plant_Name":"Arlington Wind Power Project","State":"Oregon","PrimSource":"wind","Total_MW":102.9,"Utility_Na":"Arlington Wind Power Project LLC","City":"Arlington"}},{"type":"Feature","geometry":{"type":"Point","coordinates":[-120.6872,47.1356]},"properties":{"Plant_Name":"Sagebrush Power Partners","State":"Washington","PrimSource":"wind","Total_MW":100.7,"Utility_Na":"Sagebrush Power Partners, LLC","City":"Ellensburg"}},{"type":"Feature","geometry":{"type":"Point","coordinates":[-117.6933,34.5644]},"properties":{"Plant_Name":"Bolthouse S&P and Rowen Farms Solar","State":"California","PrimSource":"solar","Total_MW":1.2,"Utility_Na":"MMA WBF Power LP","City":"Palmdale"}},{"type":"Feature","geometry":{"type":"Point","coordinates":[-121.8461,38.1711]},"properties":{"Plant_Name":"Shiloh Wind Project 2 LLC","State":"California","PrimSource":"wind","Total_MW":150,"Utility_Na":"EDF Renewable Asset Holdings, Inc.","City":"Birds Landing"}},{"type":"Feature","geometry":{"type":"Point","coordinates":[-121.1647,38.4498]},"properties":{"Plant_Name":"Sacramento Soleil LLC","State":"California","PrimSource":"solar","Total_MW":1,"Utility_Na":"EDF Renewable Asset Holdings, Inc.","City":"Wilton"}},{"type":"Feature","geometry":{"type":"Point","coordinates":[-104.3975,48.2142]},"properties":{"Plant_Name":"OREG 2 Inc","State":"Montana","PrimSource":"other","Total_MW":20,"Utility_Na":"Ormat Nevada Inc","City":"Culbertson"}},{"type":"Feature","geometry":{"type":"Point","coordinates":[-111.5836,44.0183]},"properties":{"Plant_Name":"Chester Diversion Hydroelectric Project","State":"Idaho","PrimSource":"hydroelectric","Total_MW":3.6,"Utility_Na":"Fall River Rural Elec Coop Inc","City":"Chester"}},{"type":"Feature","geometry":{"type":"Point","coordinates":[-122.4,37.5]},"properties":{"Plant_Name":"Ameresco Ox Mountain","State":"California","PrimSource":"biomass","Total_MW":10.8,"Utility_Na":"AMERESCO Ox Mountain Energy LLC","City":"Half Moon Bay"}},{"type":"Feature","geometry":{"type":"Point","coordinates":[-121.9345,38.0039]},"properties":{"Plant_Name":"Ameresco Keller Canyon","State":"California","PrimSource":"biomass","Total_MW":3.6,"Utility_Na":"AMERESCO Keller Canyon LLC","City":"Bay Point"}},{"type":"Feature","geometry":{"type":"Point","coordinates":[-118.6429,34.4317]},"properties":{"Plant_Name":"Ameresco Chiquita Canyon","State":"California","PrimSource":"biomass","Total_MW":8,"Utility_Na":"AMERESCO Chiquita Canyon LLC","City":"Castaic"}},{"type":"Feature","geometry":{"type":"Point","coordinates":[-112.8766,46.1047]},"properties":{"Plant_Name":"Dave Gates Generating Station","State":"Montana","PrimSource":"natural gas","Total_MW":132.3,"Utility_Na":"NorthWestern Energy (MT wind/thermal)","City":"Anaconda"}},{"type":"Feature","geometry":{"type":"Point","coordinates":[-121.7745,36.8065]},"properties":{"Plant_Name":"Gap Pacific Distribution Center","State":"California","PrimSource":"solar","Total_MW":1.2,"Utility_Na":"MN8 Energy LLC","City":"Fresno"}},{"type":"Feature","geometry":{"type":"Point","coordinates":[-117.1114,33.3594]},"properties":{"Plant_Name":"Orange Grove Peaking Facility","State":"California","PrimSource":"natural gas","Total_MW":98.2,"Utility_Na":"Orange Grove Energy LP","City":"Pala"}},{"type":"Feature","geometry":{"type":"Point","coordinates":[-115.5873,32.6711]},"properties":{"Plant_Name":"Imperial Valley Solar, LLC","State":"California","PrimSource":"solar","Total_MW":199.9,"Utility_Na":"Imperial Valley Solar, LLC","City":"Calexico"}},{"type":"Feature","geometry":{"type":"Point","coordinates":[-107.8134,39.5229]},"properties":{"Plant_Name":"WWRF Solar Plant","State":"Colorado","PrimSource":"solar","Total_MW":1.3,"Utility_Na":"SunE U6 Holdings LLC","City":"Rifle"}},{"type":"Feature","geometry":{"type":"Point","coordinates":[-117.1583,46.7331]},"properties":{"Plant_Name":"Biotech LS 0836","State":"Washington","PrimSource":"petroleum","Total_MW":1,"Utility_Na":"Washington State University","City":"Pullman"}},{"type":"Feature","geometry":{"type":"Point","coordinates":[-119.9375,45.6758]},"properties":{"Plant_Name":"Threemile Canyon","State":"Oregon","PrimSource":"wind","Total_MW":9.9,"Utility_Na":"Threemile Canyon Wind I, LLC","City":"Boardman"}},{"type":"Feature","geometry":{"type":"Point","coordinates":[-115.0369,42.8444]},"properties":{"Plant_Name":"Cassia Wind","State":"Idaho","PrimSource":"wind","Total_MW":8.4,"Utility_Na":"Cassia Wind Farm, LLC","City":"Hagerman"}},{"type":"Feature","geometry":{"type":"Point","coordinates":[-115.0172,42.8744]},"properties":{"Plant_Name":"Cassia Gulch","State":"Idaho","PrimSource":"wind","Total_MW":18.9,"Utility_Na":"Cassia Gulch Wind Park, LLC","City":"Hagerman"}},{"type":"Feature","geometry":{"type":"Point","coordinates":[-114.7444,33.5917]},"properties":{"Plant_Name":"Solar Blythe LLC","State":"California","PrimSource":"solar","Total_MW":21,"Utility_Na":"NRG Solar Blythe","City":"Blythe"}},{"type":"Feature","geometry":{"type":"Point","coordinates":[-114.9933,35.7881]},"properties":{"Plant_Name":"CM10","State":"Nevada","PrimSource":"solar","Total_MW":10,"Utility_Na":"Consolidated Edison Development Inc.","City":"Boulder City"}},{"type":"Feature","geometry":{"type":"Point","coordinates":[-105.9625,34.4667]},"properties":{"Plant_Name":"High Lonesome Mesa LLC","State":"New Mexico","PrimSource":"wind","Total_MW":100,"Utility_Na":"High Lonesome Mesa, LLC","City":"Willard"}},{"type":"Feature","geometry":{"type":"Point","coordinates":[-111.5033,32.9174]},"properties":{"Plant_Name":"Coolidge Generation Station","State":"Arizona","PrimSource":"natural gas","Total_MW":520.8,"Utility_Na":"Salt River Project","City":"Coolidge"}},{"type":"Feature","geometry":{"type":"Point","coordinates":[-119.9914,45.6533]},"properties":{"Plant_Name":"Willow Creek Energy Center","State":"Oregon","PrimSource":"wind","Total_MW":72,"Utility_Na":"Invenergy Services LLC","City":"Lone"}},{"type":"Feature","geometry":{"type":"Point","coordinates":[-104.9978,41.1397]},"properties":{"Plant_Name":"Happy Jack Windpower Project","State":"Wyoming","PrimSource":"wind","Total_MW":29.4,"Utility_Na":"Duke Energy Renewables Services","City":"Cheyenne"}},{"type":"Feature","geometry":{"type":"Point","coordinates":[-119.4222,45.7017]},"properties":{"Plant_Name":"Butter Creek Power LLC","State":"Oregon","PrimSource":"wind","Total_MW":5,"Utility_Na":"Odessa Energy Services LLC","City":"Echo"}},{"type":"Feature","geometry":{"type":"Point","coordinates":[-119.4647,45.655]},"properties":{"Plant_Name":"Big Top LLC","State":"Oregon","PrimSource":"wind","Total_MW":1.7,"Utility_Na":"Odessa Energy Services LLC","City":"Echo"}},{"type":"Feature","geometry":{"type":"Point","coordinates":[-119.4181,45.7286]},"properties":{"Plant_Name":"Four Corners Windfarm LLC","State":"Oregon","PrimSource":"wind","Total_MW":8,"Utility_Na":"Echo 2","City":"Echo"}},{"type":"Feature","geometry":{"type":"Point","coordinates":[-119.4533,45.6447]},"properties":{"Plant_Name":"Four Mile Canyon Windfarm LLC","State":"Oregon","PrimSource":"wind","Total_MW":10,"Utility_Na":"Echo 2","City":"Echo"}},{"type":"Feature","geometry":{"type":"Point","coordinates":[-119.4044,45.7122]},"properties":{"Plant_Name":"Oregon Trail Windfarm LLC","State":"Oregon","PrimSource":"wind","Total_MW":9.9,"Utility_Na":"Echo 1","City":"Echo"}},{"type":"Feature","geometry":{"type":"Point","coordinates":[-119.4869,45.6542]},"properties":{"Plant_Name":"Pacific Canyon Windfarm LLC","State":"Oregon","PrimSource":"wind","Total_MW":8.3,"Utility_Na":"Echo 1","City":"Echo"}},{"type":"Feature","geometry":{"type":"Point","coordinates":[-119.4767,45.6447]},"properties":{"Plant_Name":"Sand Ranch Windfarm LLC","State":"Oregon","PrimSource":"wind","Total_MW":9.9,"Utility_Na":"Echo 1","City":"Echo"}},{"type":"Feature","geometry":{"type":"Point","coordinates":[-119.4625,45.6531]},"properties":{"Plant_Name":"Wagon Trail LLC","State":"Oregon","PrimSource":"wind","Total_MW":3.3,"Utility_Na":"Odessa Energy Services LLC","City":"Echo"}},{"type":"Feature","geometry":{"type":"Point","coordinates":[-119.4097,45.6967]},"properties":{"Plant_Name":"Ward Butte Windfarm LLC","State":"Oregon","PrimSource":"wind","Total_MW":6.6,"Utility_Na":"Echo 1","City":"Echo"}},{"type":"Feature","geometry":{"type":"Point","coordinates":[-118.1414,40.9961]},"properties":{"Plant_Name":"NGP Blue Mountain I LLC","State":"Nevada","PrimSource":"geothermal","Total_MW":39,"Utility_Na":"NGP Blue Mountain I LLC","City":"Winnemucca"}},{"type":"Feature","geometry":{"type":"Point","coordinates":[-115.9233,43.595]},"properties":{"Plant_Name":"Arrowrock Hydroelectric Project","State":"Idaho","PrimSource":"hydroelectric","Total_MW":16,"Utility_Na":"Boise-Kuna Irrigation District","City":"Boise"}},{"type":"Feature","geometry":{"type":"Point","coordinates":[-104.5264,38.3208]},"properties":{"Plant_Name":"Pueblo Airport Generating Station","State":"Colorado","PrimSource":"natural gas","Total_MW":408,"Utility_Na":"Black Hills Service Company LLC","City":"Pueblo"}},{"type":"Feature","geometry":{"type":"Point","coordinates":[-116.9721,32.7961]},"properties":{"Plant_Name":"El Cajon Energy Center","State":"California","PrimSource":"natural gas","Total_MW":60.5,"Utility_Na":"Wellhead Services, Inc","City":"El Cajon"}},{"type":"Feature","geometry":{"type":"Point","coordinates":[-117.23,33.8672]},"properties":{"Plant_Name":"SunEdison Walgreens Moreno Valley","State":"California","PrimSource":"solar","Total_MW":0.9,"Utility_Na":"SunE WG113 Moreno Valley LLC","City":"Moreno Valley"}},{"type":"Feature","geometry":{"type":"Point","coordinates":[-121.9637,38.4001]},"properties":{"Plant_Name":"Mariani Packing Vacaville Solar","State":"California","PrimSource":"solar","Total_MW":0.9,"Utility_Na":"SunE U6 Holdings LLC","City":"Vacaville"}},{"type":"Feature","geometry":{"type":"Point","coordinates":[-121.7134,38.6749]},"properties":{"Plant_Name":"Walgreens Woodland Distribution Center","State":"California","PrimSource":"solar","Total_MW":0.9,"Utility_Na":"SunE WG45 Woodland LLC","City":"Woodland"}},{"type":"Feature","geometry":{"type":"Point","coordinates":[-114.918,33.5673]},"properties":{"Plant_Name":"SunEdison Ironwood State Prison","State":"California","PrimSource":"solar","Total_MW":0.9,"Utility_Na":"SunE CPA CDC2 LLC","City":"Blythe"}},{"type":"Feature","geometry":{"type":"Point","coordinates":[-119.13,34.2089]},"properties":{"Plant_Name":"SunEdison Procter & Gamble Oxnard","State":"California","PrimSource":"solar","Total_MW":0.8,"Utility_Na":"SunE U6 Holdings LLC","City":"Oxnard"}},{"type":"Feature","geometry":{"type":"Point","coordinates":[-117.2668,34.0947]},"properties":{"Plant_Name":"Kohls San Bernardino Solar Facility","State":"California","PrimSource":"solar","Total_MW":0.9,"Utility_Na":"SunE WF3 KHL A Holdings, LLC","City":"San Bernardino"}},{"type":"Feature","geometry":{"type":"Point","coordinates":[-122.0927,38.2321]},"properties":{"Plant_Name":"SunEdison Anheuser Busch Fairfield","State":"California","PrimSource":"solar","Total_MW":0.9,"Utility_Na":"SunE M5 Holdings LLC","City":"Fairfield"}},{"type":"Feature","geometry":{"type":"Point","coordinates":[-114.9036,33.5653]},"properties":{"Plant_Name":"Chuckawalla Valley State Prison","State":"California","PrimSource":"solar","Total_MW":0.9,"Utility_Na":"SunE CPA CDC1 LLC","City":"Blythe"}},{"type":"Feature","geometry":{"type":"Point","coordinates":[-117.2,34.5975]},"properties":{"Plant_Name":"SunEdison Walmart Apple Valley DC","State":"California","PrimSource":"solar","Total_MW":0.9,"Utility_Na":"SunE M5 Holdings LLC","City":"Apple Valley"}},{"type":"Feature","geometry":{"type":"Point","coordinates":[-120.2969,45.5739]},"properties":{"Plant_Name":"Waste Management Columbia Ridge LFGTE","State":"Oregon","PrimSource":"biomass","Total_MW":12.8,"Utility_Na":"WM Renewable Energy LLC","City":"Arlington"}},{"type":"Feature","geometry":{"type":"Point","coordinates":[-123.2511,45.1672]},"properties":{"Plant_Name":"Riverbend Landfill","State":"Oregon","PrimSource":"biomass","Total_MW":4.8,"Utility_Na":"WM Renewable Energy LLC","City":"McMinnville"}},{"type":"Feature","geometry":{"type":"Point","coordinates":[-117.8617,33.8581]},"properties":{"Plant_Name":"Canyon Power Plant","State":"California","PrimSource":"natural gas","Total_MW":194.8,"Utility_Na":"City of Anaheim - (CA)","City":"Anaheim"}},{"type":"Feature","geometry":{"type":"Point","coordinates":[-116.8197,43.9044]},"properties":{"Plant_Name":"Langley Gulch Power Plant","State":"Idaho","PrimSource":"natural gas","Total_MW":305.5,"Utility_Na":"Idaho Power Co","City":"New Plymouth"}},{"type":"Feature","geometry":{"type":"Point","coordinates":[-105.9906,41.7244]},"properties":{"Plant_Name":"McFadden Ridge","State":"Wyoming","PrimSource":"wind","Total_MW":28.8,"Utility_Na":"PacifiCorp","City":"Rock River"}},{"type":"Feature","geometry":{"type":"Point","coordinates":[-106.0111,41.6751]},"properties":{"Plant_Name":"High Plains","State":"Wyoming","PrimSource":"wind","Total_MW":99,"Utility_Na":"PacifiCorp","City":"Rock River"}},{"type":"Feature","geometry":{"type":"Point","coordinates":[-121.9264,38.4106]},"properties":{"Plant_Name":"Vaca Dixon Solar Station","State":"California","PrimSource":"solar","Total_MW":2,"Utility_Na":"Pacific Gas & Electric Co.","City":"Vacaville"}},{"type":"Feature","geometry":{"type":"Point","coordinates":[-112.1097,48.51]},"properties":{"Plant_Name":"NaturEner Glacier Wind Energy 1","State":"Montana","PrimSource":"wind","Total_MW":104.2,"Utility_Na":"NaturEner Glacier Wind Energy 1 LLC","City":"Ethridge"}},{"type":"Feature","geometry":{"type":"Point","coordinates":[-112.1847,48.5333]},"properties":{"Plant_Name":"NaturEner Glacier Wind Energy 2","State":"Montana","PrimSource":"wind","Total_MW":101.4,"Utility_Na":"NaturEner Glacier Wind Energy 2 LLC","City":"Ethridge"}},{"type":"Feature","geometry":{"type":"Point","coordinates":[-115.4686,35.5561]},"properties":{"Plant_Name":"Ivanpah 2","State":"California","PrimSource":"solar","Total_MW":133.4,"Utility_Na":"NRG Energy Services","City":"Nipton"}},{"type":"Feature","geometry":{"type":"Point","coordinates":[-115.4525,35.5331]},"properties":{"Plant_Name":"Ivanpah 1","State":"California","PrimSource":"solar","Total_MW":126,"Utility_Na":"NRG Energy Services","City":"Nipton"}},{"type":"Feature","geometry":{"type":"Point","coordinates":[-115.4825,35.5808]},"properties":{"Plant_Name":"Ivanpah 3","State":"California","PrimSource":"solar","Total_MW":133.4,"Utility_Na":"NRG Energy Services","City":"Nipton"}},{"type":"Feature","geometry":{"type":"Point","coordinates":[-112.935,38.5357]},"properties":{"Plant_Name":"Milford Wind Corridor I LLC","State":"Utah","PrimSource":"wind","Total_MW":203.5,"Utility_Na":"Milford Wind Corridor Phase I, LLC (Longroad)","City":"Milford"}},{"type":"Feature","geometry":{"type":"Point","coordinates":[-105.999,43.0146]},"properties":{"Plant_Name":"Campbell Hill Windpower","State":"Wyoming","PrimSource":"wind","Total_MW":99,"Utility_Na":"Duke Energy Renewables Services","City":"Glenrock"}},{"type":"Feature","geometry":{"type":"Point","coordinates":[-105.024,41.1297]},"properties":{"Plant_Name":"Silver Sage Windpower","State":"Wyoming","PrimSource":"wind","Total_MW":42,"Utility_Na":"Duke Energy Renewables Services","City":"Cheyenne"}},{"type":"Feature","geometry":{"type":"Point","coordinates":[-106.2214,42.8847]},"properties":{"Plant_Name":"Casper Wind Farm","State":"Wyoming","PrimSource":"wind","Total_MW":17,"Utility_Na":"Chevron USA","City":"Evansville"}},{"type":"Feature","geometry":{"type":"Point","coordinates":[-120.48,45.51]},"properties":{"Plant_Name":"Star Point Wind Project LLC","State":"Oregon","PrimSource":"wind","Total_MW":98.7,"Utility_Na":"Avangrid Power LLC","City":"Wasco"}},{"type":"Feature","geometry":{"type":"Point","coordinates":[-110.2842,34.6596]},"properties":{"Plant_Name":"Dry Lake Wind LLC","State":"Arizona","PrimSource":"wind","Total_MW":63,"Utility_Na":"Avangrid Power LLC","City":"Heber"}},{"type":"Feature","geometry":{"type":"Point","coordinates":[-120.4142,34.9537]},"properties":{"Plant_Name":"Santa Maria LFG Power Plant","State":"California","PrimSource":"biomass","Total_MW":1,"Utility_Na":"J&A-Santa Maria LLC","City":"Santa Maria"}},{"type":"Feature","geometry":{"type":"Point","coordinates":[-120.3803,34.9494]},"properties":{"Plant_Name":"J&A-Santa Maria II LLC","State":"California","PrimSource":"biomass","Total_MW":1.4,"Utility_Na":"J&A-Santa Maria II LLC","City":"Santa Maria"}},{"type":"Feature","geometry":{"type":"Point","coordinates":[-118.0481,33.9716]},"properties":{"Plant_Name":"Whittier LFG Power Plant #1","State":"California","PrimSource":"biomass","Total_MW":2,"Utility_Na":"J&A-Whittier LLC","City":"Whittier"}},{"type":"Feature","geometry":{"type":"Point","coordinates":[-103.74,35.17]},"properties":{"Plant_Name":"Mesalands Comm College Wind Turbine","State":"New Mexico","PrimSource":"wind","Total_MW":1.5,"Utility_Na":"Mesalands Community College","City":"Tucumcari"}},{"type":"Feature","geometry":{"type":"Point","coordinates":[-112.931,38.5852]},"properties":{"Plant_Name":"Milford Wind Corridor Stage II LLC","State":"Utah","PrimSource":"wind","Total_MW":102,"Utility_Na":"Milford Wind Corridor Stage II LLC","City":"Milford"}},{"type":"Feature","geometry":{"type":"Point","coordinates":[-117.8467,33.6481]},"properties":{"Plant_Name":"UCI Facilities Management Central Plant","State":"California","PrimSource":"natural gas","Total_MW":19,"Utility_Na":"University of California Irvine","City":"Irvine"}},{"type":"Feature","geometry":{"type":"Point","coordinates":[-115.0108,42.8253]},"properties":{"Plant_Name":"Payne's Ferry","State":"Idaho","PrimSource":"wind","Total_MW":21,"Utility_Na":"Idaho Wind Partners 1 LLC","City":"Hagerman"}},{"type":"Feature","geometry":{"type":"Point","coordinates":[-115.0489,42.8119]},"properties":{"Plant_Name":"Camp Reed","State":"Idaho","PrimSource":"wind","Total_MW":22.5,"Utility_Na":"Idaho Wind Partners 1 LLC","City":"Glenns Ferry"}},{"type":"Feature","geometry":{"type":"Point","coordinates":[-114.9886,42.7708]},"properties":{"Plant_Name":"Yahoo Creek","State":"Idaho","PrimSource":"wind","Total_MW":21,"Utility_Na":"Idaho Wind Partners 1 LLC","City":"Hagerman"}},{"type":"Feature","geometry":{"type":"Point","coordinates":[-121.3992,39.0728]},"properties":{"Plant_Name":"G2 Energy Ostrom Road LLC","State":"California","PrimSource":"biomass","Total_MW":3.3,"Utility_Na":"G2 Energy LLC","City":"Wheatland"}},{"type":"Feature","geometry":{"type":"Point","coordinates":[-115.0164,42.8925]},"properties":{"Plant_Name":"Tuana Springs","State":"Idaho","PrimSource":"wind","Total_MW":16.8,"Utility_Na":"Tuana Springs Energy, LLC","City":"Hagerman"}},{"type":"Feature","geometry":{"type":"Point","coordinates":[-118.591,45.943]},"properties":{"Plant_Name":"Eurus Combine Hills Turbine Ranch 2","State":"Oregon","PrimSource":"wind","Total_MW":62,"Utility_Na":"Eurus Combine Hills II LLC","City":"Milton Freewater"}},{"type":"Feature","geometry":{"type":"Point","coordinates":[-105.1459,40.5911]},"properties":{"Plant_Name":"RV CSU Power LLC","State":"Colorado","PrimSource":"solar","Total_MW":1.9,"Utility_Na":"RV CSU Power LLC","City":"Fort Collins"}},{"type":"Feature","geometry":{"type":"Point","coordinates":[-120.3475,45.8131]},"properties":{"Plant_Name":"Harvest Wind Project","State":"Washington","PrimSource":"wind","Total_MW":98.9,"Utility_Na":"Harvest Wind Project TIC","City":"Roosevelt"}},{"type":"Feature","geometry":{"type":"Point","coordinates":[-120.8339,45.7269]},"properties":{"Plant_Name":"Windy Flats Wind Project","State":"Washington","PrimSource":"wind","Total_MW":262.2,"Utility_Na":"Windy Flats Partners LLC","City":"Centerville"}},{"type":"Feature","geometry":{"type":"Point","coordinates":[-118.7236,34.1511]},"properties":{"Plant_Name":"Calabasas Gas to Energy Facility","State":"California","PrimSource":"biomass","Total_MW":6.6,"Utility_Na":"Los Angeles County Sanitation","City":"Agoura"}},{"type":"Feature","geometry":{"type":"Point","coordinates":[-119.6203,39.4933]},"properties":{"Plant_Name":"Waste Management Lockwood LFGTE","State":"Nevada","PrimSource":"biomass","Total_MW":3.2,"Utility_Na":"WM Renewable Energy LLC","City":"Sparks"}},{"type":"Feature","geometry":{"type":"Point","coordinates":[-102.7431,40.7569]},"properties":{"Plant_Name":"Colorado Highlands Wind","State":"Colorado","PrimSource":"wind","Total_MW":96.1,"Utility_Na":"Colorado Highlands Wind LLC","City":"Fleming"}},{"type":"Feature","geometry":{"type":"Point","coordinates":[-120.1819,46.9547]},"properties":{"Plant_Name":"Vantage Wind Energy LLC","State":"Washington","PrimSource":"wind","Total_MW":90,"Utility_Na":"Invenergy Services LLC","City":"Ellensburg"}},{"type":"Feature","geometry":{"type":"Point","coordinates":[-114.4922,39.1042]},"properties":{"Plant_Name":"Spring Valley Wind Project","State":"Nevada","PrimSource":"wind","Total_MW":150,"Utility_Na":"Pattern Operators LP","City":"Ely"}},{"type":"Feature","geometry":{"type":"Point","coordinates":[-117.8217,46.5242]},"properties":{"Plant_Name":"Lower Snake River Wind Energy Project","State":"Washington","PrimSource":"wind","Total_MW":342.7,"Utility_Na":"Puget Sound Energy Inc","City":"Pomeroy"}},{"type":"Feature","geometry":{"type":"Point","coordinates":[-121.7966,38.1636]},"properties":{"Plant_Name":"FPL Energy Montezuma Winds LLC","State":"California","PrimSource":"wind","Total_MW":36.8,"Utility_Na":"FPL Energy Montezuma Wind","City":"Birds Landing"}},{"type":"Feature","geometry":{"type":"Point","coordinates":[-114.9933,35.7814]},"properties":{"Plant_Name":"CM48","State":"Nevada","PrimSource":"solar","Total_MW":48,"Utility_Na":"Consolidated Edison Development Inc.","City":"Boulder City"}},{"type":"Feature","geometry":{"type":"Point","coordinates":[-103.7839,40.9475]},"properties":{"Plant_Name":"Cedar Creek II","State":"Colorado","PrimSource":"wind","Total_MW":248.3,"Utility_Na":"AE Power Services LLC","City":"New Raymer"}},{"type":"Feature","geometry":{"type":"Point","coordinates":[-111.8364,43.4671]},"properties":{"Plant_Name":"Goshen Phase II","State":"Idaho","PrimSource":"wind","Total_MW":124.5,"Utility_Na":"AE Power Services LLC","City":"Idaho Falls"}},{"type":"Feature","geometry":{"type":"Point","coordinates":[-118.5725,39.2944]},"properties":{"Plant_Name":"Salt Wells","State":"Nevada","PrimSource":"geothermal","Total_MW":20.2,"Utility_Na":"Ormat Salt Wells LLC","City":"Fallon"}},{"type":"Feature","geometry":{"type":"Point","coordinates":[-104.6357,36.4681]},"properties":{"Plant_Name":"Cimarron Solar Facility","State":"New Mexico","PrimSource":"solar","Total_MW":30.6,"Utility_Na":"Southern Power Co","City":"Springer"}},{"type":"Feature","geometry":{"type":"Point","coordinates":[-102.3533,39.3383]},"properties":{"Plant_Name":"Kit Carson Windpower","State":"Colorado","PrimSource":"wind","Total_MW":51,"Utility_Na":"Duke Energy Renewables Services","City":"Burlington"}},{"type":"Feature","geometry":{"type":"Point","coordinates":[-117.2579,34.4802]},"properties":{"Plant_Name":"Victor Valley CC CPV Solar","State":"California","PrimSource":"solar","Total_MW":1,"Utility_Na":"Victor Valley Community College District","City":"Victorville"}},{"type":"Feature","geometry":{"type":"Point","coordinates":[-121.765,38.0169]},"properties":{"Plant_Name":"Marsh Landing Generating Station","State":"California","PrimSource":"natural gas","Total_MW":765.2,"Utility_Na":"Marsh Landing LLC","City":"Antioch"}},{"type":"Feature","geometry":{"type":"Point","coordinates":[-117.3636,38.2389]},"properties":{"Plant_Name":"Crescent Dunes Solar Energy","State":"Nevada","PrimSource":"solar","Total_MW":110,"Utility_Na":"Tonopah Solar Energy LLC","City":"Tonopah"}},{"type":"Feature","geometry":{"type":"Point","coordinates":[-118.3534,35.0337]},"properties":{"Plant_Name":"Alta Wind Energy Center I","State":"California","PrimSource":"wind","Total_MW":150,"Utility_Na":"Alta Wind I, LLC","City":"Mojave"}},{"type":"Feature","geometry":{"type":"Point","coordinates":[-102.8969,40.9881]},"properties":{"Plant_Name":"Northern Colorado Wind LLC","State":"Colorado","PrimSource":"wind","Total_MW":174.3,"Utility_Na":"Northern Colorado Wind LLC","City":"Peetz"}},{"type":"Feature","geometry":{"type":"Point","coordinates":[-118.2953,35.0239]},"properties":{"Plant_Name":"Alta Wind Energy Center II","State":"California","PrimSource":"wind","Total_MW":150,"Utility_Na":"Alta Wind II, LLC","City":"Mojave"}},{"type":"Feature","geometry":{"type":"Point","coordinates":[-118.2953,35.0239]},"properties":{"Plant_Name":"Alta Wind Energy Center III","State":"California","PrimSource":"wind","Total_MW":150,"Utility_Na":"Alta Wind III, LLC","City":"Mojave"}},{"type":"Feature","geometry":{"type":"Point","coordinates":[-118.2422,35.0086]},"properties":{"Plant_Name":"Alta Wind Energy Center IV","State":"California","PrimSource":"wind","Total_MW":102,"Utility_Na":"Alta Wind IV, LLC","City":"Mojave"}},{"type":"Feature","geometry":{"type":"Point","coordinates":[-118.2422,35.0086]},"properties":{"Plant_Name":"Alta Wind Energy Center V","State":"California","PrimSource":"wind","Total_MW":168,"Utility_Na":"Alta Wind V, LLC","City":"Mojave"}},{"type":"Feature","geometry":{"type":"Point","coordinates":[-118.5047,34.7892]},"properties":{"Plant_Name":"Alpine Solar","State":"California","PrimSource":"solar","Total_MW":66,"Utility_Na":"Alpine BESS LLC","City":"Lancaster"}},{"type":"Feature","geometry":{"type":"Point","coordinates":[-122.0428,47.4558]},"properties":{"Plant_Name":"Cedar Hills","State":"Washington","PrimSource":"biomass","Total_MW":5.4,"Utility_Na":"Bio Energy Washington, LLC","City":"Maple Valley"}},{"type":"Feature","geometry":{"type":"Point","coordinates":[-106.1603,42.0436]},"properties":{"Plant_Name":"Dunlap","State":"Wyoming","PrimSource":"wind","Total_MW":111,"Utility_Na":"PacifiCorp","City":"Medicine Bow"}},{"type":"Feature","geometry":{"type":"Point","coordinates":[-116.5825,33.9053]},"properties":{"Plant_Name":"Garnet Wind Energy Center","State":"California","PrimSource":"wind","Total_MW":6.5,"Utility_Na":"Terra-Gen Operating Co-Wind","City":"North Palm Springs"}},{"type":"Feature","geometry":{"type":"Point","coordinates":[-117.4353,34.5508]},"properties":{"Plant_Name":"Adelanto Solar Project","State":"California","PrimSource":"solar","Total_MW":6.8,"Utility_Na":"Los Angeles Department of Water & Power","City":"Adelanto"}},{"type":"Feature","geometry":{"type":"Point","coordinates":[-118.1957,35.2296]},"properties":{"Plant_Name":"Pine Tree Solar Project","State":"California","PrimSource":"solar","Total_MW":8.5,"Utility_Na":"Los Angeles Department of Water & Power","City":"Owenyo"}},{"type":"Feature","geometry":{"type":"Point","coordinates":[-118.4308,34.3197]},"properties":{"Plant_Name":"Maclay Solar Project","State":"California","PrimSource":"solar","Total_MW":1.8,"Utility_Na":"Los Angeles Department of Water & Power","City":"Sylmar"}},{"type":"Feature","geometry":{"type":"Point","coordinates":[-118.2772,33.7331]},"properties":{"Plant_Name":"Pacific Cruise Ship Terminals Berth 93","State":"California","PrimSource":"solar","Total_MW":1,"Utility_Na":"City of Los Angeles Harbor Department","City":"San Pedro"}},{"type":"Feature","geometry":{"type":"Point","coordinates":[-118.2069,34.1283]},"properties":{"Plant_Name":"Occidental College Solar Project","State":"California","PrimSource":"solar","Total_MW":1,"Utility_Na":"Occidental College","City":"Los Angeles"}},{"type":"Feature","geometry":{"type":"Point","coordinates":[-118.2297,34.0578]},"properties":{"Plant_Name":"Metro Support Services Center Solar","State":"California","PrimSource":"solar","Total_MW":1.1,"Utility_Na":"Los Angeles County Metropolitan Transportation Authority","City":"Los Angeles"}},{"type":"Feature","geometry":{"type":"Point","coordinates":[-118.2849,33.7831]},"properties":{"Plant_Name":"Los Angeles Harbor College","State":"California","PrimSource":"solar","Total_MW":2.2,"Utility_Na":"Los Angeles Community College District","City":"Wilmington"}},{"type":"Feature","geometry":{"type":"Point","coordinates":[-103.6781,39.4218]},"properties":{"Plant_Name":"Cedar Point Wind","State":"Colorado","PrimSource":"wind","Total_MW":252,"Utility_Na":"Cedar Point LLC","City":"Limon"}},{"type":"Feature","geometry":{"type":"Point","coordinates":[-105.9276,37.6945]},"properties":{"Plant_Name":"San Luis Valley Solar Ranch","State":"Colorado","PrimSource":"solar","Total_MW":35,"Utility_Na":"Avangrid Power LLC","City":"Mosca"}},{"type":"Feature","geometry":{"type":"Point","coordinates":[-111.484,33.1606]},"properties":{"Plant_Name":"Poseidon Solar, LLC","State":"Arizona","PrimSource":"solar","Total_MW":20,"Utility_Na":"Axium Arizona Renewables, LLC","City":"Globe"}},{"type":"Feature","geometry":{"type":"Point","coordinates":[-120.3039,45.9192]},"properties":{"Plant_Name":"Big Horn Wind II","State":"Washington","PrimSource":"wind","Total_MW":50,"Utility_Na":"Avangrid Power LLC","City":"Bickleton"}},{"type":"Feature","geometry":{"type":"Point","coordinates":[-120.2355,45.9215]},"properties":{"Plant_Name":"Juniper Canyon I Wind Project","State":"Washington","PrimSource":"wind","Total_MW":148.8,"Utility_Na":"Avangrid Power LLC","City":"Bickleton"}},{"type":"Feature","geometry":{"type":"Point","coordinates":[-112.3794,33.5261]},"properties":{"Plant_Name":"Luke Solar","State":"Arizona","PrimSource":"solar","Total_MW":11.2,"Utility_Na":"Arizona Public Service Co","City":"Glendale"}},{"type":"Feature","geometry":{"type":"Point","coordinates":[-105.7872,42.9258]},"properties":{"Plant_Name":"Top of the World Windpower Project","State":"Wyoming","PrimSource":"wind","Total_MW":200,"Utility_Na":"Duke Energy Renewables Services","City":"Glenrock"}},{"type":"Feature","geometry":{"type":"Point","coordinates":[-117.3391,35.0177]},"properties":{"Plant_Name":"Mojave Solar Project","State":"California","PrimSource":"solar","Total_MW":275,"Utility_Na":"Mojave Solar LLC","City":"Hinkley"}},{"type":"Feature","geometry":{"type":"Point","coordinates":[-120.2598,45.651]},"properties":{"Plant_Name":"Leaning Juniper Wind Power II","State":"Oregon","PrimSource":"wind","Total_MW":199.2,"Utility_Na":"Avangrid Power LLC","City":"Arlington"}},{"type":"Feature","geometry":{"type":"Point","coordinates":[-106.6733,31.7928]},"properties":{"Plant_Name":"Roadrunner Solar","State":"New Mexico","PrimSource":"solar","Total_MW":20,"Utility_Na":"NRG Solar Roadrunner","City":"Santa Teresa"}},{"type":"Feature","geometry":{"type":"Point","coordinates":[-120.879,36.627]},"properties":{"Plant_Name":"Panoche Valley Solar Farm","State":"California","PrimSource":"solar","Total_MW":140,"Utility_Na":"Consolidated Edison Development Inc.","City":"Paicines"}},{"type":"Feature","geometry":{"type":"Point","coordinates":[-114.6167,42.7167]},"properties":{"Plant_Name":"Cargill B6 Biofactory","State":"Idaho","PrimSource":"biomass","Total_MW":2.2,"Utility_Na":"Pico Energy, LLC","City":"Jerome"}},{"type":"Feature","geometry":{"type":"Point","coordinates":[-112.2797,43.6319]},"properties":{"Plant_Name":"Kettle Butte Digester, LLC","State":"Idaho","PrimSource":"biomass","Total_MW":1.8,"Utility_Na":"Kettle Butte Digester, LLC","City":"Roberts"}},{"type":"Feature","geometry":{"type":"Point","coordinates":[-115.1794,36.1039]},"properties":{"Plant_Name":"CityCenter Central Plant Cogen Units","State":"Nevada","PrimSource":"natural gas","Total_MW":8,"Utility_Na":"CityCenter Land LLC","City":"Las Vegas"}},{"type":"Feature","geometry":{"type":"Point","coordinates":[-113.1945,38.1607]},"properties":{"Plant_Name":"Thermo No 1","State":"Utah","PrimSource":"geothermal","Total_MW":14,"Utility_Na":"Thermo No 1 BE 01 LLC","City":"Milford"}},{"type":"Feature","geometry":{"type":"Point","coordinates":[-107.3828,35.2689]},"properties":{"Plant_Name":"Red Mesa Wind LLC","State":"New Mexico","PrimSource":"wind","Total_MW":102.4,"Utility_Na":"Red Mesa Wind LLC","City":"Seboyeta"}},{"type":"Feature","geometry":{"type":"Point","coordinates":[-120.11,35.9897]},"properties":{"Plant_Name":"Avenal Park","State":"California","PrimSource":"solar","Total_MW":6,"Utility_Na":"Avenal Solar Holdings LLC","City":"Avenal"}},{"type":"Feature","geometry":{"type":"Point","coordinates":[-120.1103,35.9831]},"properties":{"Plant_Name":"Sun City Project LLC","State":"California","PrimSource":"solar","Total_MW":20,"Utility_Na":"Avenal Solar Holdings LLC","City":"Avenal"}},{"type":"Feature","geometry":{"type":"Point","coordinates":[-120.1103,35.9828]},"properties":{"Plant_Name":"Sand Drag LLC","State":"California","PrimSource":"solar","Total_MW":19,"Utility_Na":"Avenal Solar Holdings LLC","City":"Avenal"}},{"type":"Feature","geometry":{"type":"Point","coordinates":[-114.6344,32.7792]},"properties":{"Plant_Name":"Siphon Drop Power Plant","State":"California","PrimSource":"hydroelectric","Total_MW":4.4,"Utility_Na":"Yuma County Water User's Association","City":"Winterhaven"}},{"type":"Feature","geometry":{"type":"Point","coordinates":[-105.9558,37.5986]},"properties":{"Plant_Name":"Alamosa Solar","State":"Colorado","PrimSource":"solar","Total_MW":30,"Utility_Na":"Solar of Alamosa LLC","City":"Mosca"}},{"type":"Feature","geometry":{"type":"Point","coordinates":[-105.6094,36.7169]},"properties":{"Plant_Name":"Questa Solar Facility","State":"New Mexico","PrimSource":"solar","Total_MW":1,"Utility_Na":"Chevron Technology Ventures","City":"Questa"}},{"type":"Feature","geometry":{"type":"Point","coordinates":[-123.2347,45.1122]},"properties":{"Plant_Name":"Bellevue Solar Project","State":"Oregon","PrimSource":"solar","Total_MW":1.6,"Utility_Na":"EDF Renewable Asset Holdings, Inc.","City":"Amnity"}},{"type":"Feature","geometry":{"type":"Point","coordinates":[-113.4945,32.9774]},"properties":{"Plant_Name":"Agua Caliente Solar Project","State":"Arizona","PrimSource":"solar","Total_MW":347.7,"Utility_Na":"Agua Caliente Solar","City":"Dateland"}},{"type":"Feature","geometry":{"type":"Point","coordinates":[-117.4739,40.1808]},"properties":{"Plant_Name":"Jersey Valley Geothermal Power Plant","State":"Nevada","PrimSource":"geothermal","Total_MW":15.6,"Utility_Na":"Ormat Nevada Inc","City":"Imlay"}},{"type":"Feature","geometry":{"type":"Point","coordinates":[-105.8909,37.6855]},"properties":{"Plant_Name":"Greater Sandhill I","State":"Colorado","PrimSource":"solar","Total_MW":19,"Utility_Na":"Greater Sandhill I LLC","City":"Mosca"}},{"type":"Feature","geometry":{"type":"Point","coordinates":[-118.4244,34.7803]},"properties":{"Plant_Name":"AV Solar Ranch One","State":"California","PrimSource":"solar","Total_MW":241.5,"Utility_Na":"AV Solar Ranch 1 LLC","City":"Lancaster"}},{"type":"Feature","geometry":{"type":"Point","coordinates":[-110.1734,34.6062]},"properties":{"Plant_Name":"Poseidon Wind, LLC","State":"Arizona","PrimSource":"wind","Total_MW":65.1,"Utility_Na":"Axium Arizona Renewables, LLC","City":"Herber"}},{"type":"Feature","geometry":{"type":"Point","coordinates":[-112.8642,33.345]},"properties":{"Plant_Name":"Mesquite Generating Station Block 1","State":"Arizona","PrimSource":"natural gas","Total_MW":620,"Utility_Na":"Salt River Project","City":"Arlington"}},{"type":"Feature","geometry":{"type":"Point","coordinates":[-112.5811,38.5603]},"properties":{"Plant_Name":"Cove Fort","State":"Utah","PrimSource":"geothermal","Total_MW":25,"Utility_Na":"Ormat Cove Fort LLC","City":"Cove Fort"}},{"type":"Feature","geometry":{"type":"Point","coordinates":[-118.0269,46.4211]},"properties":{"Plant_Name":"Tucannon River Wind Farm","State":"Washington","PrimSource":"wind","Total_MW":266.8,"Utility_Na":"Portland General Electric Co","City":"Dayton"}},{"type":"Feature","geometry":{"type":"Point","coordinates":[-106.9431,39.6481]},"properties":{"Plant_Name":"Eagle Valley Clean Energy LLC Biomass","State":"Colorado","PrimSource":"biomass","Total_MW":12.6,"Utility_Na":"Eagle Valley Clean Energy LLC","City":"Gypsum"}},{"type":"Feature","geometry":{"type":"Point","coordinates":[-104.4,33.3]},"properties":{"Plant_Name":"GSE NM1","State":"New Mexico","PrimSource":"solar","Total_MW":1.7,"Utility_Na":"Altus Power America Management, LLC","City":"Dexter"}},{"type":"Feature","geometry":{"type":"Point","coordinates":[-120.5287,37.8898]},"properties":{"Plant_Name":"Sonora 1","State":"California","PrimSource":"solar","Total_MW":1.5,"Utility_Na":"Greenbacker Renewable Energy Corporation","City":"Jamestown"}},{"type":"Feature","geometry":{"type":"Point","coordinates":[-117.5311,34.0439]},"properties":{"Plant_Name":"Oltmans SCE at Champagne","State":"California","PrimSource":"solar","Total_MW":1,"Utility_Na":"California PV Energy LLC","City":"Ontario"}},{"type":"Feature","geometry":{"type":"Point","coordinates":[-117.5961,34.05]},"properties":{"Plant_Name":"Oltmans SCE at Jurupa","State":"California","PrimSource":"solar","Total_MW":1.5,"Utility_Na":"California PV Energy LLC","City":"Ontario"}},{"type":"Feature","geometry":{"type":"Point","coordinates":[-121.8153,39.7242]},"properties":{"Plant_Name":"Sierra Nevada Brewing Co Hybrid","State":"California","PrimSource":"natural gas","Total_MW":3.6,"Utility_Na":"Sierra Nevada Brewing Co","City":"Chico"}},{"type":"Feature","geometry":{"type":"Point","coordinates":[-106.6578,35.3133]},"properties":{"Plant_Name":"Sue Cleveland High School","State":"New Mexico","PrimSource":"solar","Total_MW":1,"Utility_Na":"Terraform Arcadia","City":"Rio Rancho"}},{"type":"Feature","geometry":{"type":"Point","coordinates":[-106.6678,35.2644]},"properties":{"Plant_Name":"Rio Rancho High School","State":"New Mexico","PrimSource":"solar","Total_MW":1,"Utility_Na":"Terraform Arcadia","City":"Rio Rancho"}},{"type":"Feature","geometry":{"type":"Point","coordinates":[-116.2344,34.1572]},"properties":{"Plant_Name":"Cascade Solar","State":"California","PrimSource":"solar","Total_MW":18.5,"Utility_Na":"Cascade Solar LLC","City":"Joshua Tree"}},{"type":"Feature","geometry":{"type":"Point","coordinates":[-123.8042,45.4144]},"properties":{"Plant_Name":"POTB Digester","State":"Oregon","PrimSource":"biomass","Total_MW":1,"Utility_Na":"Tillamook BioGas, LLC Digester\r","City":"Tillamook"}},{"type":"Feature","geometry":{"type":"Point","coordinates":[-115.47,33.08]},"properties":{"Plant_Name":"Solar Gen 2 Solar Facility","State":"California","PrimSource":"solar","Total_MW":150,"Utility_Na":"Southern Power Co","City":"Calipatria"}},{"type":"Feature","geometry":{"type":"Point","coordinates":[-121.5014,38.5739]},"properties":{"Plant_Name":"DGS Central Utility Plant","State":"California","PrimSource":"natural gas","Total_MW":3.9,"Utility_Na":"State of CA DGS BPM","City":"Sacramento"}},{"type":"Feature","geometry":{"type":"Point","coordinates":[-111.8417,40.7631]},"properties":{"Plant_Name":"HTW Plant 303 COGEN","State":"Utah","PrimSource":"natural gas","Total_MW":5.6,"Utility_Na":"The University of Utah","City":"Salt Lake City"}},{"type":"Feature","geometry":{"type":"Point","coordinates":[-113.6458,37.6392]},"properties":{"Plant_Name":"Beryl Solar Plant","State":"Utah","PrimSource":"solar","Total_MW":3,"Utility_Na":"Evergreen Wind, LLC","City":"Beryl"}},{"type":"Feature","geometry":{"type":"Point","coordinates":[-113.09,37.8078]},"properties":{"Plant_Name":"Cedar Valley Solar Plant","State":"Utah","PrimSource":"solar","Total_MW":3,"Utility_Na":"Evergreen Wind, LLC","City":"Cedar City"}},{"type":"Feature","geometry":{"type":"Point","coordinates":[-112.7317,38.0233]},"properties":{"Plant_Name":"Buckhorn Solar Plant","State":"Utah","PrimSource":"solar","Total_MW":3,"Utility_Na":"Evergreen Wind, LLC","City":"Paragonah"}},{"type":"Feature","geometry":{"type":"Point","coordinates":[-113.0083,38.2914]},"properties":{"Plant_Name":"Milford Flat Solar Plant","State":"Utah","PrimSource":"solar","Total_MW":3,"Utility_Na":"Evergreen Wind, LLC","City":"Milford"}},{"type":"Feature","geometry":{"type":"Point","coordinates":[-113.0356,38.2914]},"properties":{"Plant_Name":"Laho Solar Plant","State":"Utah","PrimSource":"solar","Total_MW":3,"Utility_Na":"Evergreen Wind, LLC","City":"Milford"}},{"type":"Feature","geometry":{"type":"Point","coordinates":[-112.7358,38.2561]},"properties":{"Plant_Name":"Greenville Solar Plant","State":"Utah","PrimSource":"solar","Total_MW":2.2,"Utility_Na":"Evergreen Wind, LLC","City":"Milford"}},{"type":"Feature","geometry":{"type":"Point","coordinates":[-112.9889,38.4028]},"properties":{"Plant_Name":"Granite Peak Solar Plant","State":"Utah","PrimSource":"solar","Total_MW":3,"Utility_Na":"Evergreen Wind, LLC","City":"Milford"}},{"type":"Feature","geometry":{"type":"Point","coordinates":[-122.3942,37.7933]},"properties":{"Plant_Name":"One Market Plaza","State":"California","PrimSource":"natural gas","Total_MW":1.5,"Utility_Na":"Paramount Group Inc","City":"San Francisco"}},{"type":"Feature","geometry":{"type":"Point","coordinates":[-117.4569,34.5531]},"properties":{"Plant_Name":"Industry Solar Power Generation Station","State":"California","PrimSource":"solar","Total_MW":1.5,"Utility_Na":"AES Distributed Energy","City":"Adelanto"}},{"type":"Feature","geometry":{"type":"Point","coordinates":[-117.1911,34.5511]},"properties":{"Plant_Name":"Navajo Solar Power Generation Station 1","State":"California","PrimSource":"solar","Total_MW":1.5,"Utility_Na":"AES Distributed Energy","City":"Apple Valley"}},{"type":"Feature","geometry":{"type":"Point","coordinates":[-117.145,34.4969]},"properties":{"Plant_Name":"Powhatan Solar Power Generation Station","State":"California","PrimSource":"solar","Total_MW":1.5,"Utility_Na":"AES Distributed Energy","City":"Apple Valley"}},{"type":"Feature","geometry":{"type":"Point","coordinates":[-117.1919,34.545]},"properties":{"Plant_Name":"Otoe Solar Power Generation Station 1 LL","State":"California","PrimSource":"solar","Total_MW":1.5,"Utility_Na":"AES Distributed Energy","City":"Apple Valley"}},{"type":"Feature","geometry":{"type":"Point","coordinates":[-120.0758,36.1381]},"properties":{"Plant_Name":"Westlands Solar PV Farm","State":"California","PrimSource":"solar","Total_MW":18,"Utility_Na":"Boralex US Operations LLC","City":"Huron"}},{"type":"Feature","geometry":{"type":"Point","coordinates":[-122.4028,37.7956]},"properties":{"Plant_Name":"Transamerica Pyramid","State":"California","PrimSource":"natural gas","Total_MW":1,"Utility_Na":"Transamerica Pyramid Properties LLC","City":"San Francisco"}},{"type":"Feature","geometry":{"type":"Point","coordinates":[-115.5464,32.8033]},"properties":{"Plant_Name":"Sol Orchard El Centro PV","State":"California","PrimSource":"solar","Total_MW":20,"Utility_Na":"Sol Orchard Imperial 1, LLC","City":"El Centro"}},{"type":"Feature","geometry":{"type":"Point","coordinates":[-105.2089,40.3242]},"properties":{"Plant_Name":"Carter Hydro","State":"Colorado","PrimSource":"hydroelectric","Total_MW":2.6,"Utility_Na":"Northern Colorado Water Conservancy District","City":"Berthoud"}},{"type":"Feature","geometry":{"type":"Point","coordinates":[-121.8869,37.7192]},"properties":{"Plant_Name":"Santa Rita Jail Hybrid","State":"California","PrimSource":"solar","Total_MW":2.9,"Utility_Na":"County of Alameda GSA","City":"Dublin"}},{"type":"Feature","geometry":{"type":"Point","coordinates":[-118.3247,34.6817]},"properties":{"Plant_Name":"Western Antelope Blue Sky Ranch A","State":"California","PrimSource":"solar","Total_MW":19,"Utility_Na":"AES Distributed Energy","City":"Lancaster"}},{"type":"Feature","geometry":{"type":"Point","coordinates":[-118.3203,34.6889]},"properties":{"Plant_Name":"Western Antelope Dry Ranch","State":"California","PrimSource":"solar","Total_MW":10,"Utility_Na":"AES Distributed Energy","City":"Lancaster"}},{"type":"Feature","geometry":{"type":"Point","coordinates":[-108.8383,32.1447]},"properties":{"Plant_Name":"Lightning Dock Geothermal","State":"New Mexico","PrimSource":"geothermal","Total_MW":8.6,"Utility_Na":"Lightning Dock Geothermal HI-01, LLC","City":"Animas"}},{"type":"Feature","geometry":{"type":"Point","coordinates":[-110.8633,32.1825]},"properties":{"Plant_Name":"Actus Lend Lease DMAFB","State":"Arizona","PrimSource":"solar","Total_MW":3,"Utility_Na":"Tesla Inc.","City":"Tucson"}},{"type":"Feature","geometry":{"type":"Point","coordinates":[-121.7878,36.7211]},"properties":{"Plant_Name":"Monterey Regional Water Pollution Contro","State":"California","PrimSource":"solar","Total_MW":1,"Utility_Na":"Tesla Inc.","City":"Marina"}},{"type":"Feature","geometry":{"type":"Point","coordinates":[-118.0589,34.6958]},"properties":{"Plant_Name":"Lancaster Baptist Church","State":"California","PrimSource":"solar","Total_MW":1,"Utility_Na":"Tesla Inc.","City":"Lancaster"}},{"type":"Feature","geometry":{"type":"Point","coordinates":[-121.4168,38.5548]},"properties":{"Plant_Name":"Sacramento Fairbain Water Treatment Plan","State":"California","PrimSource":"solar","Total_MW":1,"Utility_Na":"Tesla Inc.","City":"Sacramento"}},{"type":"Feature","geometry":{"type":"Point","coordinates":[-119.42,36.2]},"properties":{"Plant_Name":"Tulare 1 and 2","State":"California","PrimSource":"solar","Total_MW":3,"Utility_Na":"Arevon Energy, Inc.","City":"Tulare"}},{"type":"Feature","geometry":{"type":"Point","coordinates":[-115.32,35.63]},"properties":{"Plant_Name":"Silver State Solar Power South","State":"Nevada","PrimSource":"solar","Total_MW":260.1,"Utility_Na":"Silver State Solar Power South, LLC","City":"Primm Valley"}},{"type":"Feature","geometry":{"type":"Point","coordinates":[-115.4,35.6]},"properties":{"Plant_Name":"Stateline Solar","State":"California","PrimSource":"solar","Total_MW":300,"Utility_Na":"Southern Power Co","City":"Nipton"}},{"type":"Feature","geometry":{"type":"Point","coordinates":[-112.9042,37.8828]},"properties":{"Plant_Name":"Utah Red Hills Renewable Energy Park","State":"Utah","PrimSource":"solar","Total_MW":80,"Utility_Na":"MN8 Energy LLC","City":"Parowan"}},{"type":"Feature","geometry":{"type":"Point","coordinates":[-119.61,45.69]},"properties":{"Plant_Name":"Finley Buttes Landfill Gas","State":"Oregon","PrimSource":"biomass","Total_MW":4.8,"Utility_Na":"Finley BioEnergy LLC","City":"Boardman"}},{"type":"Feature","geometry":{"type":"Point","coordinates":[-122.2906,46.9756]},"properties":{"Plant_Name":"LRI LFGTE Facility","State":"Washington","PrimSource":"biomass","Total_MW":4.5,"Utility_Na":"Frontier Operation Services","City":"Graham"}},{"type":"Feature","geometry":{"type":"Point","coordinates":[-105.9853,36.9078]},"properties":{"Plant_Name":"Blue Sky One","State":"New Mexico","PrimSource":"solar","Total_MW":1.3,"Utility_Na":"SSA Solar of NM, LLC","City":"Taos"}},{"type":"Feature","geometry":{"type":"Point","coordinates":[-121.8142,48.9078]},"properties":{"Plant_Name":"Nooksack Hydro","State":"Washington","PrimSource":"hydroelectric","Total_MW":2.8,"Utility_Na":"Puget Sound Hydro LLC","City":"Glacier"}},{"type":"Feature","geometry":{"type":"Point","coordinates":[-117.5375,34.0131]},"properties":{"Plant_Name":"Mira Loma","State":"California","PrimSource":"solar","Total_MW":3,"Utility_Na":"Costco Wholesale","City":"Mira Loma"}},{"type":"Feature","geometry":{"type":"Point","coordinates":[-119.1056,35.1697]},"properties":{"Plant_Name":"ABEC Bidart-Old River LLC","State":"California","PrimSource":"biomass","Total_MW":1.8,"Utility_Na":"ABEC Bidart-Old River LLC","City":"Bakersfield"}},{"type":"Feature","geometry":{"type":"Point","coordinates":[-111.9842,33.4345]},"properties":{"Plant_Name":"Phoenix Airport East Economy Lot","State":"Arizona","PrimSource":"solar","Total_MW":1,"Utility_Na":"SunStrong Management, LLC","City":"Phoenix"}},{"type":"Feature","geometry":{"type":"Point","coordinates":[-112.0448,33.4304]},"properties":{"Plant_Name":"Phoenix Airport Rental Car Center","State":"Arizona","PrimSource":"solar","Total_MW":1.4,"Utility_Na":"SunStrong Management, LLC","City":"Phoenix"}},{"type":"Feature","geometry":{"type":"Point","coordinates":[-119.85,35.62]},"properties":{"Plant_Name":"Lost Hills/Blackwell","State":"California","PrimSource":"solar","Total_MW":32,"Utility_Na":"Southern Power Co","City":"Lost Hills"}},{"type":"Feature","geometry":{"type":"Point","coordinates":[-120.41,36.73]},"properties":{"Plant_Name":"North Star Solar","State":"California","PrimSource":"solar","Total_MW":60,"Utility_Na":"Southern Power Co","City":"Mendota"}},{"type":"Feature","geometry":{"type":"Point","coordinates":[-118.875,35.1507]},"properties":{"Plant_Name":"Orion Solar I","State":"California","PrimSource":"solar","Total_MW":12,"Utility_Na":"Orion Solar I LLC","City":"Arvin"}},{"type":"Feature","geometry":{"type":"Point","coordinates":[-118.8753,35.1507]},"properties":{"Plant_Name":"Orion Solar II","State":"California","PrimSource":"solar","Total_MW":8,"Utility_Na":"Orion Solar II, LLC","City":"Arvin"}},{"type":"Feature","geometry":{"type":"Point","coordinates":[-121.9664,38.3006]},"properties":{"Plant_Name":"North Bay Solar 1","State":"California","PrimSource":"solar","Total_MW":1,"Utility_Na":"AES Distributed Energy","City":"Fairfield"}},{"type":"Feature","geometry":{"type":"Point","coordinates":[-118.2894,34.7169]},"properties":{"Plant_Name":"Lancaster Dry Farm Ranch B","State":"California","PrimSource":"solar","Total_MW":5,"Utility_Na":"AES Distributed Energy","City":"Lancaster"}},{"type":"Feature","geometry":{"type":"Point","coordinates":[-118.2894,34.7133]},"properties":{"Plant_Name":"Rodeo Solar C2","State":"California","PrimSource":"solar","Total_MW":1.5,"Utility_Na":"AES Distributed Energy","City":"Lancaster"}},{"type":"Feature","geometry":{"type":"Point","coordinates":[-118.2894,34.7133]},"properties":{"Plant_Name":"Rodeo Solar D2","State":"California","PrimSource":"solar","Total_MW":1.5,"Utility_Na":"AES Distributed Energy","City":"Lancaster"}},{"type":"Feature","geometry":{"type":"Point","coordinates":[-118.2897,34.7231]},"properties":{"Plant_Name":"Summer Solar A2","State":"California","PrimSource":"solar","Total_MW":1.5,"Utility_Na":"AES Distributed Energy","City":"Lancaster"}},{"type":"Feature","geometry":{"type":"Point","coordinates":[-118.2897,34.7231]},"properties":{"Plant_Name":"Summer Solar B2","State":"California","PrimSource":"solar","Total_MW":1.5,"Utility_Na":"AES Distributed Energy","City":"Lancaster"}},{"type":"Feature","geometry":{"type":"Point","coordinates":[-118.2897,34.7231]},"properties":{"Plant_Name":"Summer Solar C2","State":"California","PrimSource":"solar","Total_MW":1.5,"Utility_Na":"AES Distributed Energy","City":"Lancaster"}},{"type":"Feature","geometry":{"type":"Point","coordinates":[-118.2897,34.7231]},"properties":{"Plant_Name":"Summer Solar D2","State":"California","PrimSource":"solar","Total_MW":1,"Utility_Na":"AES Distributed Energy","City":"Lancaster"}},{"type":"Feature","geometry":{"type":"Point","coordinates":[-118.2897,34.7231]},"properties":{"Plant_Name":"Summer North Solar","State":"California","PrimSource":"solar","Total_MW":6.5,"Utility_Na":"AES Distributed Energy","City":"Lancaster"}},{"type":"Feature","geometry":{"type":"Point","coordinates":[-117.3417,34.5822]},"properties":{"Plant_Name":"Expressway Solar A","State":"California","PrimSource":"solar","Total_MW":2,"Utility_Na":"AES Distributed Energy","City":"Victorville"}},{"type":"Feature","geometry":{"type":"Point","coordinates":[-117.3403,34.5833]},"properties":{"Plant_Name":"Expressway Solar B","State":"California","PrimSource":"solar","Total_MW":2,"Utility_Na":"AES Distributed Energy","City":"Victorville"}},{"type":"Feature","geometry":{"type":"Point","coordinates":[-117.3414,34.5844]},"properties":{"Plant_Name":"Expressway Solar C2","State":"California","PrimSource":"solar","Total_MW":1.5,"Utility_Na":"AES Distributed Energy","City":"Victorville"}},{"type":"Feature","geometry":{"type":"Point","coordinates":[-103.0772,40.9642]},"properties":{"Plant_Name":"Spring Canyon Expansion Wind Energy Ctr","State":"Colorado","PrimSource":"wind","Total_MW":62.6,"Utility_Na":"Spring Canyon Expansion LLC","City":"Peetz"}},{"type":"Feature","geometry":{"type":"Point","coordinates":[-103.5111,33.9261]},"properties":{"Plant_Name":"Roosevelt County","State":"New Mexico","PrimSource":"wind","Total_MW":250,"Utility_Na":"Boralex US Operations LLC","City":"Portales"}},{"type":"Feature","geometry":{"type":"Point","coordinates":[-107.755,38.4833]},"properties":{"Plant_Name":"South Canal Hydro-1","State":"Colorado","PrimSource":"hydroelectric","Total_MW":3.8,"Utility_Na":"Delta-Montrose Electric Association","City":"Montrose"}},{"type":"Feature","geometry":{"type":"Point","coordinates":[-107.7714,38.4703]},"properties":{"Plant_Name":"South Canal Hydro-3","State":"Colorado","PrimSource":"hydroelectric","Total_MW":3.3,"Utility_Na":"Delta-Montrose Electric Association","City":"Montrose"}},{"type":"Feature","geometry":{"type":"Point","coordinates":[-105.1839,35.6569]},"properties":{"Plant_Name":"Storrie Lake Solar Project","State":"New Mexico","PrimSource":"solar","Total_MW":1.5,"Utility_Na":"MSM Solar LLC","City":"Las Vegas"}},{"type":"Feature","geometry":{"type":"Point","coordinates":[-121.4225,41.0314]},"properties":{"Plant_Name":"Shasta Solar Farm","State":"California","PrimSource":"solar","Total_MW":3,"Utility_Na":"Ignite Solar Holdings LLC","City":"Fall River Mills"}},{"type":"Feature","geometry":{"type":"Point","coordinates":[-118.8128,35.3219]},"properties":{"Plant_Name":"Redcrest Solar Farm","State":"California","PrimSource":"solar","Total_MW":16,"Utility_Na":"AES Distributed Energy","City":"Edison"}},{"type":"Feature","geometry":{"type":"Point","coordinates":[-110.8133,32.1019]},"properties":{"Plant_Name":"Cogenra - TEP","State":"Arizona","PrimSource":"solar","Total_MW":1,"Utility_Na":"Terraform Arcadia","City":"Tucson"}},{"type":"Feature","geometry":{"type":"Point","coordinates":[-110.0881,32.2861]},"properties":{"Plant_Name":"Red Horse 2","State":"Arizona","PrimSource":"solar","Total_MW":81,"Utility_Na":"Red Horse 2","City":"Willcox"}},{"type":"Feature","geometry":{"type":"Point","coordinates":[-110.8197,32.1028]},"properties":{"Plant_Name":"Gato Montes Solar, LLC","State":"Arizona","PrimSource":"solar","Total_MW":5,"Utility_Na":"Duke Energy Renewables Services","City":"Tucson"}},{"type":"Feature","geometry":{"type":"Point","coordinates":[-122.9753,38.7614]},"properties":{"Plant_Name":"ASTI","State":"California","PrimSource":"solar","Total_MW":1.2,"Utility_Na":"Perpetual Energy Systems","City":"Cloverdale"}},{"type":"Feature","geometry":{"type":"Point","coordinates":[-122.4797,38.5108]},"properties":{"Plant_Name":"Beringer","State":"California","PrimSource":"solar","Total_MW":1.4,"Utility_Na":"Perpetual Energy Systems","City":"Saint Helena"}},{"type":"Feature","geometry":{"type":"Point","coordinates":[-106.6372,35.0019]},"properties":{"Plant_Name":"Prosperity Energy Storage Facility Hybri","State":"New Mexico","PrimSource":"batteries","Total_MW":1.3,"Utility_Na":"Public Service Co of NM","City":"Albuquerque"}},{"type":"Feature","geometry":{"type":"Point","coordinates":[-107.7581,38.2392]},"properties":{"Plant_Name":"Tri-County Water Hydropower Project","State":"Colorado","PrimSource":"hydroelectric","Total_MW":8,"Utility_Na":"Tri-County Water Conservancy District","City":"Ridgway"}},{"type":"Feature","geometry":{"type":"Point","coordinates":[-117.0017,33.2342]},"properties":{"Plant_Name":"Valley Center 1","State":"California","PrimSource":"solar","Total_MW":2.5,"Utility_Na":"MN8 Energy LLC","City":"Valley Center"}},{"type":"Feature","geometry":{"type":"Point","coordinates":[-117.0017,33.2342]},"properties":{"Plant_Name":"Valley Center 2","State":"California","PrimSource":"solar","Total_MW":5,"Utility_Na":"MN8 Energy LLC","City":"Valley Center"}},{"type":"Feature","geometry":{"type":"Point","coordinates":[-116.875,33.0122]},"properties":{"Plant_Name":"Ramona 1","State":"California","PrimSource":"solar","Total_MW":2,"Utility_Na":"MN8 Energy LLC","City":"Ramona"}},{"type":"Feature","geometry":{"type":"Point","coordinates":[-116.875,33.0122]},"properties":{"Plant_Name":"Ramona 2","State":"California","PrimSource":"solar","Total_MW":5,"Utility_Na":"MN8 Energy LLC","City":"Ramona"}},{"type":"Feature","geometry":{"type":"Point","coordinates":[-118.0444,33.9108]},"properties":{"Plant_Name":"Santa Fe Springs Rooftop Solar BLDG M","State":"California","PrimSource":"solar","Total_MW":1.8,"Utility_Na":"Golden Springs Development Company LLC","City":"Santa Fe Springs"}},{"type":"Feature","geometry":{"type":"Point","coordinates":[-118.0444,33.9108]},"properties":{"Plant_Name":"Santa Fe Springs Rooftop Solar BLDG H","State":"California","PrimSource":"solar","Total_MW":1.5,"Utility_Na":"Golden Springs Development Company LLC","City":"Santa Fe Springs"}},{"type":"Feature","geometry":{"type":"Point","coordinates":[-116.0542,34.2372]},"properties":{"Plant_Name":"MCAGCC Cogen Plant","State":"California","PrimSource":"natural gas","Total_MW":16.2,"Utility_Na":"DOD USMC Marine Air Ground Combat","City":"Twentynine Palms"}},{"type":"Feature","geometry":{"type":"Point","coordinates":[-114.9579,35.8894]},"properties":{"Plant_Name":"Copper Mountain Solar 3","State":"Nevada","PrimSource":"solar","Total_MW":255,"Utility_Na":"Consolidated Edison Development Inc.","City":"Boulder City"}},{"type":"Feature","geometry":{"type":"Point","coordinates":[-119.4158,36.67]},"properties":{"Plant_Name":"2081 Terzian Solar Project","State":"California","PrimSource":"solar","Total_MW":1.2,"Utility_Na":"Solarenewal LLC","City":"Reedley"}},{"type":"Feature","geometry":{"type":"Point","coordinates":[-121.6697,39.2917]},"properties":{"Plant_Name":"2127 Harris Solar Project","State":"California","PrimSource":"solar","Total_MW":1.3,"Utility_Na":"Solarenewal LLC","City":"Live Oak"}},{"type":"Feature","geometry":{"type":"Point","coordinates":[-120.5069,37.3522]},"properties":{"Plant_Name":"2097 Helton Solar Project","State":"California","PrimSource":"solar","Total_MW":1.5,"Utility_Na":"Solarenewal LLC","City":"Merced"}},{"type":"Feature","geometry":{"type":"Point","coordinates":[-103.8558,33.0294]},"properties":{"Plant_Name":"Anderson Wind I","State":"New Mexico","PrimSource":"wind","Total_MW":5,"Utility_Na":"Chopin Wind, LLC","City":"Hagerman"}},{"type":"Feature","geometry":{"type":"Point","coordinates":[-103.865,33.0139]},"properties":{"Plant_Name":"Anderson Wind II","State":"New Mexico","PrimSource":"wind","Total_MW":10,"Utility_Na":"Chopin Wind, LLC","City":"Hagerman"}},{"type":"Feature","geometry":{"type":"Point","coordinates":[-123.0178,38.7731]},"properties":{"Plant_Name":"Cloverdale Solar I","State":"California","PrimSource":"solar","Total_MW":1.5,"Utility_Na":"Altus Power America Management, LLC","City":"Cloverdale"}},{"type":"Feature","geometry":{"type":"Point","coordinates":[-121.1639,38.6436]},"properties":{"Plant_Name":"Intel Folsom Phase 2","State":"California","PrimSource":"solar","Total_MW":1,"Utility_Na":"Tesla Inc.","City":"Folsom"}},{"type":"Feature","geometry":{"type":"Point","coordinates":[-122.7658,38.3689]},"properties":{"Plant_Name":"Laguna Water Reclamation Facility","State":"California","PrimSource":"biomass","Total_MW":4.4,"Utility_Na":"City of Santa Rosa","City":"Santa Rosa"}},{"type":"Feature","geometry":{"type":"Point","coordinates":[-121.785,42.2542]},"properties":{"Plant_Name":"Oregon University System OIT Klamath Fal","State":"Oregon","PrimSource":"solar","Total_MW":1.7,"Utility_Na":"Tesla Inc.","City":"Klamath Falls"}},{"type":"Feature","geometry":{"type":"Point","coordinates":[-118.7019,34.1361]},"properties":{"Plant_Name":"Las Virgenes Municipal Water District","State":"California","PrimSource":"solar","Total_MW":1,"Utility_Na":"Tesla Inc.","City":"Calabasas"}},{"type":"Feature","geometry":{"type":"Point","coordinates":[-111.9653,47.7233]},"properties":{"Plant_Name":"Fairfield Wind","State":"Montana","PrimSource":"wind","Total_MW":10,"Utility_Na":"Greenbacker Renewable Energy Corporation","City":"Fairfield"}},{"type":"Feature","geometry":{"type":"Point","coordinates":[-110.35,31.5553]},"properties":{"Plant_Name":"Fort Huachuca Solar PV Project","State":"Arizona","PrimSource":"solar","Total_MW":18,"Utility_Na":"Tucson Electric Power Co","City":"Sierra Vista"}},{"type":"Feature","geometry":{"type":"Point","coordinates":[-119.0461,35.8747]},"properties":{"Plant_Name":"White River Solar 2","State":"California","PrimSource":"solar","Total_MW":19.8,"Utility_Na":"Consolidated Edison Development Inc.","City":"Alpaugh"}},{"type":"Feature","geometry":{"type":"Point","coordinates":[-119.8058,36.2188]},"properties":{"Plant_Name":"Henrietta Solar Project","State":"California","PrimSource":"solar","Total_MW":100,"Utility_Na":"Southern Power Co","City":"Lemoore"}},{"type":"Feature","geometry":{"type":"Point","coordinates":[-120.8986,37.7197]},"properties":{"Plant_Name":"Central Valley Ag Power","State":"California","PrimSource":"biomass","Total_MW":1.5,"Utility_Na":"Central Valley Ag Power LLC","City":"Oakdale"}},{"type":"Feature","geometry":{"type":"Point","coordinates":[-118.1856,35.0267]},"properties":{"Plant_Name":"RE Camelot LLC","State":"California","PrimSource":"solar","Total_MW":45,"Utility_Na":"Onward Energy","City":"Mojave"}},{"type":"Feature","geometry":{"type":"Point","coordinates":[-120.2908,36.6175]},"properties":{"Plant_Name":"RE Adams East, LLC","State":"California","PrimSource":"solar","Total_MW":19,"Utility_Na":"Onward Energy","City":"Fresno"}},{"type":"Feature","geometry":{"type":"Point","coordinates":[-119.8339,36.2478]},"properties":{"Plant_Name":"RE Kansas Solar, LLC","State":"California","PrimSource":"solar","Total_MW":20,"Utility_Na":"Onward Energy","City":"Lemoore"}},{"type":"Feature","geometry":{"type":"Point","coordinates":[-119.0889,35.2233]},"properties":{"Plant_Name":"RE Old River One, LLC","State":"California","PrimSource":"solar","Total_MW":20,"Utility_Na":"Onward Energy","City":"Bakersfield"}},{"type":"Feature","geometry":{"type":"Point","coordinates":[-118.1856,35.0267]},"properties":{"Plant_Name":"RE Columbia Two, LLC","State":"California","PrimSource":"solar","Total_MW":15,"Utility_Na":"Onward Energy","City":"Mojave"}},{"type":"Feature","geometry":{"type":"Point","coordinates":[-119.9053,36.2261]},"properties":{"Plant_Name":"RE Kent South, LLC","State":"California","PrimSource":"solar","Total_MW":20,"Utility_Na":"Onward Energy","City":"Lemoore"}},{"type":"Feature","geometry":{"type":"Point","coordinates":[-117.3339,33.1405]},"properties":{"Plant_Name":"Carlsbad Energy Center","State":"California","PrimSource":"natural gas","Total_MW":527.5,"Utility_Na":"NRG California Peaker Operations LLC","City":"Carlsbad"}},{"type":"Feature","geometry":{"type":"Point","coordinates":[-110.0872,46.4494]},"properties":{"Plant_Name":"Two Dot Wind Farm","State":"Montana","PrimSource":"wind","Total_MW":9.7,"Utility_Na":"NorthWestern Energy (MT wind/thermal)","City":"Two Dot"}},{"type":"Feature","geometry":{"type":"Point","coordinates":[-118.8214,35.3231]},"properties":{"Plant_Name":"Woodmere Solar Farm","State":"California","PrimSource":"solar","Total_MW":15,"Utility_Na":"AES Distributed Energy","City":"Edison"}},{"type":"Feature","geometry":{"type":"Point","coordinates":[-118.8786,35.3253]},"properties":{"Plant_Name":"Hayworth Solar","State":"California","PrimSource":"solar","Total_MW":26,"Utility_Na":"AES Distributed Energy","City":"Edison"}},{"type":"Feature","geometry":{"type":"Point","coordinates":[-107.48,32.57]},"properties":{"Plant_Name":"Macho Springs","State":"New Mexico","PrimSource":"solar","Total_MW":52.2,"Utility_Na":"Southern Power Co","City":"Deming"}},{"type":"Feature","geometry":{"type":"Point","coordinates":[-112.8814,32.9408]},"properties":{"Plant_Name":"Gila Bend Hybrid","State":"Arizona","PrimSource":"solar","Total_MW":68,"Utility_Na":"Arizona Public Service Co","City":"Gila Bend"}},{"type":"Feature","geometry":{"type":"Point","coordinates":[-111.0081,31.5]},"properties":{"Plant_Name":"Rio Rico Solar","State":"Arizona","PrimSource":"solar","Total_MW":6,"Utility_Na":"UNS Electric, Inc","City":"Rio Rico"}},{"type":"Feature","geometry":{"type":"Point","coordinates":[-121.9603,38.3994]},"properties":{"Plant_Name":"Vacaville","State":"California","PrimSource":"solar","Total_MW":1,"Utility_Na":"700Eubanks LLC","City":"Vacaville"}},{"type":"Feature","geometry":{"type":"Point","coordinates":[-121.9436,37.3617]},"properties":{"Plant_Name":"SC 1 Data Center, Phase 2","State":"California","PrimSource":"petroleum","Total_MW":99.6,"Utility_Na":"Xeres Ventures LLC","City":"Santa Clara"}},{"type":"Feature","geometry":{"type":"Point","coordinates":[-118.4633,45.88]},"properties":{"Plant_Name":"Chopin Wind LLC","State":"Oregon","PrimSource":"wind","Total_MW":10,"Utility_Na":"Chopin Wind, LLC","City":"Milton-Freewater"}},{"type":"Feature","geometry":{"type":"Point","coordinates":[-103.4742,39.3533]},"properties":{"Plant_Name":"Limon III Wind LLC","State":"Colorado","PrimSource":"wind","Total_MW":200.6,"Utility_Na":"Limon","City":"Limon"}},{"type":"Feature","geometry":{"type":"Point","coordinates":[-119.58,35.5936]},"properties":{"Plant_Name":"Cottonwood Solar, LLC (Goose Lake)","State":"California","PrimSource":"solar","Total_MW":12,"Utility_Na":"Onward Energy","City":"Lost Hills"}},{"type":"Feature","geometry":{"type":"Point","coordinates":[-119.5544,36.1344]},"properties":{"Plant_Name":"Cottonwood Solar, LLC (City of Corcoran)","State":"California","PrimSource":"solar","Total_MW":12,"Utility_Na":"Onward Energy","City":"Corcoran"}},{"type":"Feature","geometry":{"type":"Point","coordinates":[-115.5322,33.1658]},"properties":{"Plant_Name":"Calipatria Solar Farm","State":"California","PrimSource":"solar","Total_MW":20,"Utility_Na":"Southern Power Co","City":"Calipatria"}},{"type":"Feature","geometry":{"type":"Point","coordinates":[-118.1306,34.7083]},"properties":{"Plant_Name":"Division 1","State":"California","PrimSource":"solar","Total_MW":1.5,"Utility_Na":"Tesla Inc.","City":"Lancaster"}},{"type":"Feature","geometry":{"type":"Point","coordinates":[-118.1306,34.7083]},"properties":{"Plant_Name":"Division 2","State":"California","PrimSource":"solar","Total_MW":1,"Utility_Na":"Tesla Inc.","City":"Lancaster"}},{"type":"Feature","geometry":{"type":"Point","coordinates":[-118.1306,34.7083]},"properties":{"Plant_Name":"Division 3","State":"California","PrimSource":"solar","Total_MW":1,"Utility_Na":"Tesla Inc.","City":"Lancaster"}},{"type":"Feature","geometry":{"type":"Point","coordinates":[-118.1236,34.7003]},"properties":{"Plant_Name":"Kettering Solar 1","State":"California","PrimSource":"solar","Total_MW":1,"Utility_Na":"Tesla Inc.","City":"Lancaster"}},{"type":"Feature","geometry":{"type":"Point","coordinates":[-118.1236,34.7003]},"properties":{"Plant_Name":"Kettering Solar 2","State":"California","PrimSource":"solar","Total_MW":1,"Utility_Na":"Tesla Inc.","City":"Lancaster"}},{"type":"Feature","geometry":{"type":"Point","coordinates":[-121.4042,36.8317]},"properties":{"Plant_Name":"Enerparc CA1 LLC","State":"California","PrimSource":"solar","Total_MW":1.5,"Utility_Na":"Enerparc CA 1, LLC","City":"Hollister"}},{"type":"Feature","geometry":{"type":"Point","coordinates":[-121.7194,37.9697]},"properties":{"Plant_Name":"CSD 2- Freedom High","State":"California","PrimSource":"solar","Total_MW":0.9,"Utility_Na":"CleanCapital Holdings","City":"Oakley"}},{"type":"Feature","geometry":{"type":"Point","coordinates":[-121.7556,37.9219]},"properties":{"Plant_Name":"CSD 2 - Heritage High","State":"California","PrimSource":"solar","Total_MW":1.3,"Utility_Na":"CleanCapital Holdings","City":"Brentwood"}},{"type":"Feature","geometry":{"type":"Point","coordinates":[-117.9072,34.9325]},"properties":{"Plant_Name":"EAFB - North Base","State":"California","PrimSource":"solar","Total_MW":1,"Utility_Na":"CleanCapital Holdings","City":"Edwards Air Force Bas"}},{"type":"Feature","geometry":{"type":"Point","coordinates":[-117.9003,34.9172]},"properties":{"Plant_Name":"EAFB - South Base","State":"California","PrimSource":"solar","Total_MW":1,"Utility_Na":"CleanCapital Holdings","City":"Edwards Air Force Bas"}},{"type":"Feature","geometry":{"type":"Point","coordinates":[-117.1214,32.9061]},"properties":{"Plant_Name":"SDCCD - Miramar","State":"California","PrimSource":"solar","Total_MW":1,"Utility_Na":"CleanCapital Holdings","City":"San Diego"}},{"type":"Feature","geometry":{"type":"Point","coordinates":[-117.1706,33.21]},"properties":{"Plant_Name":"SDCWA - Twin Oaks","State":"California","PrimSource":"solar","Total_MW":1,"Utility_Na":"CleanCapital Holdings","City":"San Marcos"}},{"type":"Feature","geometry":{"type":"Point","coordinates":[-105.0047,40.0294]},"properties":{"Plant_Name":"Front Range Project","State":"Colorado","PrimSource":"biomass","Total_MW":4.6,"Utility_Na":"Timberline Energy LLC","City":"Erie"}},{"type":"Feature","geometry":{"type":"Point","coordinates":[-104.9408,39.9825]},"properties":{"Plant_Name":"Brighton PV Solar Plant","State":"Colorado","PrimSource":"solar","Total_MW":1.8,"Utility_Na":"Hangar 160 LLC","City":"Brighton"}},{"type":"Feature","geometry":{"type":"Point","coordinates":[-119.9031,36.2217]},"properties":{"Plant_Name":"RE Mustang LLC","State":"California","PrimSource":"solar","Total_MW":175,"Utility_Na":"MN8 Energy LLC","City":"Lemoore"}},{"type":"Feature","geometry":{"type":"Point","coordinates":[-118.095,34.715]},"properties":{"Plant_Name":"Lancaster Solar 1","State":"California","PrimSource":"solar","Total_MW":1.5,"Utility_Na":"Boralex US Operations LLC","City":"Lancaster"}},{"type":"Feature","geometry":{"type":"Point","coordinates":[-110.9606,32.0014]},"properties":{"Plant_Name":"Avalon Solar","State":"Arizona","PrimSource":"solar","Total_MW":29,"Utility_Na":"Arevon Energy, Inc.","City":"Pima"}},{"type":"Feature","geometry":{"type":"Point","coordinates":[-118.1661,34.7106]},"properties":{"Plant_Name":"Lancaster Solar 2","State":"California","PrimSource":"solar","Total_MW":1.5,"Utility_Na":"Boralex US Operations LLC","City":"Lancaster"}},{"type":"Feature","geometry":{"type":"Point","coordinates":[-117.3781,34.435]},"properties":{"Plant_Name":"Hesperia","State":"California","PrimSource":"solar","Total_MW":1.5,"Utility_Na":"SunEdison LLC","City":"Hesperia"}},{"type":"Feature","geometry":{"type":"Point","coordinates":[-119.5647,36.1381]},"properties":{"Plant_Name":"CID Solar, LLC","State":"California","PrimSource":"solar","Total_MW":20,"Utility_Na":"Onward Energy","City":"Corcoran"}},{"type":"Feature","geometry":{"type":"Point","coordinates":[-103.1947,40.6316]},"properties":{"Plant_Name":"Sterling PV 3","State":"Colorado","PrimSource":"solar","Total_MW":1.6,"Utility_Na":"Greenbacker Renewable Energy Corporation","City":"Sterling"}},{"type":"Feature","geometry":{"type":"Point","coordinates":[-108.5091,39.0672]},"properties":{"Plant_Name":"Mesa PV1","State":"Colorado","PrimSource":"solar","Total_MW":1.6,"Utility_Na":"Greenbacker Renewable Energy Corporation","City":"Grand Junction"}},{"type":"Feature","geometry":{"type":"Point","coordinates":[-119.12,36.19]},"properties":{"Plant_Name":"Farmersville","State":"California","PrimSource":"solar","Total_MW":4.5,"Utility_Na":"Arevon Energy, Inc.","City":"Farmersville"}},{"type":"Feature","geometry":{"type":"Point","coordinates":[-119.02,36.05]},"properties":{"Plant_Name":"Porterville 6 and 7","State":"California","PrimSource":"solar","Total_MW":3,"Utility_Na":"Arevon Energy, Inc.","City":"Porterville"}},{"type":"Feature","geometry":{"type":"Point","coordinates":[-110.9483,32.2408]},"properties":{"Plant_Name":"Cogeneration 2","State":"Arizona","PrimSource":"natural gas","Total_MW":5,"Utility_Na":"University of Arizona","City":"Tucson"}},{"type":"Feature","geometry":{"type":"Point","coordinates":[-118.2064,35.0889]},"properties":{"Plant_Name":"Rising Tree Wind Farm II","State":"California","PrimSource":"wind","Total_MW":19.8,"Utility_Na":"Rising Tree Wind Farm II LLC","City":"Mojave"}},{"type":"Feature","geometry":{"type":"Point","coordinates":[-118.2433,35.0606]},"properties":{"Plant_Name":"Rising Tree Wind Farm III","State":"California","PrimSource":"wind","Total_MW":99,"Utility_Na":"Rising Tree Wind Farm III LLC","City":"Mojave"}},{"type":"Feature","geometry":{"type":"Point","coordinates":[-116.8625,34.4083]},"properties":{"Plant_Name":"Lone Valley Solar Park II LLC","State":"California","PrimSource":"solar","Total_MW":20,"Utility_Na":"Lone Valley Solar Park II LLC","City":"Lucerne Valley"}},{"type":"Feature","geometry":{"type":"Point","coordinates":[-107.6961,39.5261]},"properties":{"Plant_Name":"Eagle Springs Solar LLC","State":"Colorado","PrimSource":"solar","Total_MW":1,"Utility_Na":"Eagle Springs Solar LLC","City":"Silt"}},{"type":"Feature","geometry":{"type":"Point","coordinates":[-119.6825,35.4161]},"properties":{"Plant_Name":"Rio Bravo Solar 1 LLC","State":"California","PrimSource":"solar","Total_MW":19.5,"Utility_Na":"Duke Energy Renewables Services","City":"McKittrick"}},{"type":"Feature","geometry":{"type":"Point","coordinates":[-119.6292,35.4225]},"properties":{"Plant_Name":"Rio Bravo Solar II LLC","State":"California","PrimSource":"solar","Total_MW":19.5,"Utility_Na":"Duke Energy Renewables Services","City":"McKittrick"}},{"type":"Feature","geometry":{"type":"Point","coordinates":[-103.3783,34.9828]},"properties":{"Plant_Name":"Caprock Solar 1 LLC","State":"New Mexico","PrimSource":"solar","Total_MW":24.4,"Utility_Na":"Duke Energy Renewables Services","City":"San Jon"}},{"type":"Feature","geometry":{"type":"Point","coordinates":[-119.5739,35.63]},"properties":{"Plant_Name":"Wildwood Solar II","State":"California","PrimSource":"solar","Total_MW":14.7,"Utility_Na":"Duke Energy Renewables Services","City":"Wasco"}},{"type":"Feature","geometry":{"type":"Point","coordinates":[-117.9328,34.5994]},"properties":{"Plant_Name":"Lancaster Little Rock","State":"California","PrimSource":"solar","Total_MW":5,"Utility_Na":"AES Distributed Energy","City":"Landers"}},{"type":"Feature","geometry":{"type":"Point","coordinates":[-120.4844,37.2678]},"properties":{"Plant_Name":"Merced Solar LLC","State":"California","PrimSource":"solar","Total_MW":1.5,"Utility_Na":"Ecos Energy LLC","City":"Merced"}},{"type":"Feature","geometry":{"type":"Point","coordinates":[-120.4825,37.2678]},"properties":{"Plant_Name":"Mission Solar LLC","State":"California","PrimSource":"solar","Total_MW":1.5,"Utility_Na":"Ecos Energy LLC","City":"Merced"}},{"type":"Feature","geometry":{"type":"Point","coordinates":[-121.4289,36.8625]},"properties":{"Plant_Name":"Hollister Solar LLC","State":"California","PrimSource":"solar","Total_MW":1.5,"Utility_Na":"Ecos Energy LLC","City":"Hollister"}},{"type":"Feature","geometry":{"type":"Point","coordinates":[-117.3872,34.5128]},"properties":{"Plant_Name":"Victor Mesa Linda B2","State":"California","PrimSource":"solar","Total_MW":1.6,"Utility_Na":"AES Distributed Energy","City":"Victorville"}},{"type":"Feature","geometry":{"type":"Point","coordinates":[-117.3872,34.5114]},"properties":{"Plant_Name":"Victor Mesa Linda C2","State":"California","PrimSource":"solar","Total_MW":1.6,"Utility_Na":"AES Distributed Energy","City":"Victorville"}},{"type":"Feature","geometry":{"type":"Point","coordinates":[-117.3872,34.5094]},"properties":{"Plant_Name":"Victor Mesa Linda D2","State":"California","PrimSource":"solar","Total_MW":1.6,"Utility_Na":"AES Distributed Energy","City":"Victorville"}},{"type":"Feature","geometry":{"type":"Point","coordinates":[-117.3872,34.5081]},"properties":{"Plant_Name":"Victor Mesa Linda E2","State":"California","PrimSource":"solar","Total_MW":1.6,"Utility_Na":"AES Distributed Energy","City":"Victorville"}},{"type":"Feature","geometry":{"type":"Point","coordinates":[-117.9389,34.6131]},"properties":{"Plant_Name":"SEPV Palmdale East","State":"California","PrimSource":"solar","Total_MW":9,"Utility_Na":"AES Distributed Energy","City":"Palmdale"}},{"type":"Feature","geometry":{"type":"Point","coordinates":[-121.8842,37.6439]},"properties":{"Plant_Name":"Life Technologies - Pleasanton","State":"California","PrimSource":"natural gas","Total_MW":1,"Utility_Na":"Bloom Energy","City":"Pleasanton"}},{"type":"Feature","geometry":{"type":"Point","coordinates":[-121.8719,37.3564]},"properties":{"Plant_Name":"Kellogg's - San Jose","State":"California","PrimSource":"natural gas","Total_MW":1,"Utility_Na":"Bloom Energy","City":"San Jose"}},{"type":"Feature","geometry":{"type":"Point","coordinates":[-121.7039,38.0011]},"properties":{"Plant_Name":"California PV Energy at ISD WWTP","State":"California","PrimSource":"solar","Total_MW":1,"Utility_Na":"California PV Energy LLC","City":"Oakley"}},{"type":"Feature","geometry":{"type":"Point","coordinates":[-122.565,38.1608]},"properties":{"Plant_Name":"Waste Mangement Redwood LFGTE","State":"California","PrimSource":"biomass","Total_MW":4,"Utility_Na":"WM Renewable Energy LLC","City":"Novato"}},{"type":"Feature","geometry":{"type":"Point","coordinates":[-119.6292,36.3067]},"properties":{"Plant_Name":"Hanford 1 and 2","State":"California","PrimSource":"solar","Total_MW":3,"Utility_Na":"Arevon Energy, Inc.","City":"Hanford"}},{"type":"Feature","geometry":{"type":"Point","coordinates":[-118.0344,35.2489]},"properties":{"Plant_Name":"Beacon Solar Plant Site 5","State":"California","PrimSource":"solar","Total_MW":37.8,"Utility_Na":"Arevon Asset Management","City":"Cantil"}},{"type":"Feature","geometry":{"type":"Point","coordinates":[-117.9992,35.2658]},"properties":{"Plant_Name":"Beacon Solar Plant Site 2","State":"California","PrimSource":"solar","Total_MW":47.3,"Utility_Na":"Arevon Asset Management","City":"Cantil"}},{"type":"Feature","geometry":{"type":"Point","coordinates":[-118.0144,35.2694]},"properties":{"Plant_Name":"Hecate Energy Beacon Solar 1","State":"California","PrimSource":"solar","Total_MW":51,"Utility_Na":"AES Distributed Energy","City":"Cantil"}},{"type":"Feature","geometry":{"type":"Point","coordinates":[-118.0147,35.2531]},"properties":{"Plant_Name":"Hecate Energy Beacon Solar 3","State":"California","PrimSource":"solar","Total_MW":51,"Utility_Na":"AES Distributed Energy","City":"Cantil"}},{"type":"Feature","geometry":{"type":"Point","coordinates":[-118.0269,35.2536]},"properties":{"Plant_Name":"Hecate Energy Beacon Solar 4","State":"California","PrimSource":"solar","Total_MW":47,"Utility_Na":"AES Distributed Energy","City":"Cantil"}},{"type":"Feature","geometry":{"type":"Point","coordinates":[-119.6225,35.3056]},"properties":{"Plant_Name":"Pumpjack Solar I","State":"California","PrimSource":"solar","Total_MW":20,"Utility_Na":"Duke Energy Renewables Services","City":"McKittrick"}},{"type":"Feature","geometry":{"type":"Point","coordinates":[-121.4578,38.5872]},"properties":{"Plant_Name":"Sacramento (SMUD)","State":"California","PrimSource":"solar","Total_MW":1.5,"Utility_Na":"Terraform Arcadia","City":"Sacramento"}},{"type":"Feature","geometry":{"type":"Point","coordinates":[-116.3546,32.7021]},"properties":{"Plant_Name":"Golden Acorn Casino","State":"California","PrimSource":"wind","Total_MW":1,"Utility_Na":"Foundation HA Energy Generation, LLC","City":"Campo"}},{"type":"Feature","geometry":{"type":"Point","coordinates":[-121.3403,36.4211]},"properties":{"Plant_Name":"City of Soledad Water Reclamation","State":"California","PrimSource":"wind","Total_MW":1,"Utility_Na":"Foundation HA Energy Generation, LLC","City":"Soledad"}},{"type":"Feature","geometry":{"type":"Point","coordinates":[-121.4517,36.505]},"properties":{"Plant_Name":"Taylor Farms","State":"California","PrimSource":"wind","Total_MW":1,"Utility_Na":"Foundation HA Energy Generation, LLC","City":"Gonzales"}},{"type":"Feature","geometry":{"type":"Point","coordinates":[-122.0925,38.2336]},"properties":{"Plant_Name":"Anheuser-Busch #2","State":"California","PrimSource":"wind","Total_MW":1.6,"Utility_Na":"Foundation HA Energy Generation, LLC","City":"Fairfield"}},{"type":"Feature","geometry":{"type":"Point","coordinates":[-118.3528,34.8122]},"properties":{"Plant_Name":"Catalina Solar 2, LLC","State":"California","PrimSource":"solar","Total_MW":18,"Utility_Na":"Onward Energy","City":"Rosamond"}},{"type":"Feature","geometry":{"type":"Point","coordinates":[-112.6944,32.975]},"properties":{"Plant_Name":"Gila River Power Block 1","State":"Arizona","PrimSource":"natural gas","Total_MW":570,"Utility_Na":"Salt River Project","City":"Gila Bend"}},{"type":"Feature","geometry":{"type":"Point","coordinates":[-121.0522,37.1303]},"properties":{"Plant_Name":"Quinto Solar PV Project","State":"California","PrimSource":"solar","Total_MW":105.1,"Utility_Na":"Arevon Energy, Inc.","City":"Gustine"}},{"type":"Feature","geometry":{"type":"Point","coordinates":[-122.9581,43.7867]},"properties":{"Plant_Name":"Dorena Hydro-Electric Facility","State":"Oregon","PrimSource":"hydroelectric","Total_MW":7.5,"Utility_Na":"Dorena Hydro, LLC","City":"Cottage Grove"}},{"type":"Feature","geometry":{"type":"Point","coordinates":[-117.5628,34.4739]},"properties":{"Plant_Name":"SCE-Snowline-Duncan Road (North)","State":"California","PrimSource":"solar","Total_MW":1.5,"Utility_Na":"SunEdison LLC","City":"Phelan"}},{"type":"Feature","geometry":{"type":"Point","coordinates":[-117.5622,34.4714]},"properties":{"Plant_Name":"SCE-Snowline-Duncan Road (South)","State":"California","PrimSource":"solar","Total_MW":1,"Utility_Na":"SunEdison LLC","City":"Phelan"}},{"type":"Feature","geometry":{"type":"Point","coordinates":[-121.0464,42.2033]},"properties":{"Plant_Name":"Old Mill Solar","State":"Oregon","PrimSource":"solar","Total_MW":5,"Utility_Na":"Old Mill Solar","City":"Bly"}},{"type":"Feature","geometry":{"type":"Point","coordinates":[-119.5783,35.6158]},"properties":{"Plant_Name":"Wildwood Solar I, LLC","State":"California","PrimSource":"solar","Total_MW":19.5,"Utility_Na":"Duke Energy Renewables Services","City":"Wasco"}},{"type":"Feature","geometry":{"type":"Point","coordinates":[-120.5578,42.6958]},"properties":{"Plant_Name":"Paisley Geothermal Generating Plant","State":"Oregon","PrimSource":"geothermal","Total_MW":1.8,"Utility_Na":"Surprise Valley Electrification","City":"Paisley"}},{"type":"Feature","geometry":{"type":"Point","coordinates":[-113.6125,37.6411]},"properties":{"Plant_Name":"Enterprise Solar, LLC","State":"Utah","PrimSource":"solar","Total_MW":80,"Utility_Na":"Clearway Renewable Operation & Maintenance LLC","City":"Newcastle"}},{"type":"Feature","geometry":{"type":"Point","coordinates":[-113.0339,38.5242]},"properties":{"Plant_Name":"Escalante Solar I, LLC","State":"Utah","PrimSource":"solar","Total_MW":80,"Utility_Na":"Clearway Renewable Operation & Maintenance LLC","City":"Milford"}},{"type":"Feature","geometry":{"type":"Point","coordinates":[-113.03,38.5008]},"properties":{"Plant_Name":"Escalante Solar II, LLC","State":"Utah","PrimSource":"solar","Total_MW":80,"Utility_Na":"Clearway Renewable Operation & Maintenance LLC","City":"Milford"}},{"type":"Feature","geometry":{"type":"Point","coordinates":[-112.9869,38.4978]},"properties":{"Plant_Name":"Escalante Solar III, LLC","State":"Utah","PrimSource":"solar","Total_MW":80,"Utility_Na":"Clearway Renewable Operation & Maintenance LLC","City":"Milford"}},{"type":"Feature","geometry":{"type":"Point","coordinates":[-106.53,35.0492]},"properties":{"Plant_Name":"Eubank Landfill Solar Array","State":"New Mexico","PrimSource":"solar","Total_MW":2,"Utility_Na":"Suncore Photovoltaics, Inc","City":"Albuquerque"}},{"type":"Feature","geometry":{"type":"Point","coordinates":[-119.375,36.185]},"properties":{"Plant_Name":"City of Tulare Water Facility","State":"California","PrimSource":"solar","Total_MW":8.8,"Utility_Na":"City of Tulare Water Pollution Control","City":"Tulare"}},{"type":"Feature","geometry":{"type":"Point","coordinates":[-114.9361,35.4797]},"properties":{"Plant_Name":"Searchlight Solar","State":"Nevada","PrimSource":"solar","Total_MW":17.5,"Utility_Na":"Altus Power America Management, LLC","City":"Searchlight"}},{"type":"Feature","geometry":{"type":"Point","coordinates":[-117.0725,33.7131]},"properties":{"Plant_Name":"Diamond Valley Solar Project","State":"California","PrimSource":"solar","Total_MW":1.3,"Utility_Na":"Ecos Energy LLC","City":"Winchester"}},{"type":"Feature","geometry":{"type":"Point","coordinates":[-119.1278,35.3933]},"properties":{"Plant_Name":"Shafter Solar LLC","State":"California","PrimSource":"solar","Total_MW":20,"Utility_Na":"Shafter Solar LLC","City":"Bakersfield"}},{"type":"Feature","geometry":{"type":"Point","coordinates":[-117.3236,34.7683]},"properties":{"Plant_Name":"Madelyn Solar, LLC","State":"California","PrimSource":"solar","Total_MW":1,"Utility_Na":"CD US Solar PO 3, LLC","City":"Silver Lake"}},{"type":"Feature","geometry":{"type":"Point","coordinates":[-117.3236,34.7664]},"properties":{"Plant_Name":"Rudy Solar, LLC","State":"California","PrimSource":"solar","Total_MW":1.5,"Utility_Na":"CD US Solar PO 3, LLC","City":"Silver Lake"}},{"type":"Feature","geometry":{"type":"Point","coordinates":[-117.3236,34.765]},"properties":{"Plant_Name":"Mitchell Solar, LLC","State":"California","PrimSource":"solar","Total_MW":1.5,"Utility_Na":"CD US Solar PO 3, LLC","City":"Silver Lake"}},{"type":"Feature","geometry":{"type":"Point","coordinates":[-119.2433,35.1261]},"properties":{"Plant_Name":"Algonquin SKIC20 Solar LLC","State":"California","PrimSource":"solar","Total_MW":20,"Utility_Na":"Algonquin Power Co","City":"Taft"}},{"type":"Feature","geometry":{"type":"Point","coordinates":[-119.5817,36.1419]},"properties":{"Plant_Name":"Corcoran Solar 2","State":"California","PrimSource":"solar","Total_MW":19.8,"Utility_Na":"Consolidated Edison Development Inc.","City":"Corcoran"}},{"type":"Feature","geometry":{"type":"Point","coordinates":[-119.4597,35.815]},"properties":{"Plant_Name":"Atwell Island West Solar","State":"California","PrimSource":"solar","Total_MW":20,"Utility_Na":"Consolidated Edison Development Inc.","City":"Alpaugh"}},{"type":"Feature","geometry":{"type":"Point","coordinates":[-117.9197,33.8025]},"properties":{"Plant_Name":"Anaheim Solar Energy Plant","State":"California","PrimSource":"solar","Total_MW":2,"Utility_Na":"Anaheim Public Utilities","City":"Anaheim"}},{"type":"Feature","geometry":{"type":"Point","coordinates":[-117.4708,34.4131]},"properties":{"Plant_Name":"SCE-Snowline-White Road (South)","State":"California","PrimSource":"solar","Total_MW":1.5,"Utility_Na":"SunEdison LLC","City":"Phelan"}},{"type":"Feature","geometry":{"type":"Point","coordinates":[-117.4697,34.4175]},"properties":{"Plant_Name":"SCE-Snowline-White Road (North)","State":"California","PrimSource":"solar","Total_MW":1.5,"Utility_Na":"SunEdison LLC","City":"Phelan"}},{"type":"Feature","geometry":{"type":"Point","coordinates":[-117.47,34.4153]},"properties":{"Plant_Name":"SCE-Snowline-White Rd (Central)","State":"California","PrimSource":"solar","Total_MW":1.5,"Utility_Na":"SunEdison LLC","City":"Phelan"}},{"type":"Feature","geometry":{"type":"Point","coordinates":[-123.7256,40.5264]},"properties":{"Plant_Name":"Baker Creek Hydroelectric","State":"California","PrimSource":"hydroelectric","Total_MW":0,"Utility_Na":"Baker Station Associates, LP","City":"Bridgeville"}},{"type":"Feature","geometry":{"type":"Point","coordinates":[-115.1778,36.0886]},"properties":{"Plant_Name":"Solar Las Vegas MB-1","State":"Nevada","PrimSource":"solar","Total_MW":4.9,"Utility_Na":"NRG Solar Las Vegas MB-1","City":"Las Vegas"}},{"type":"Feature","geometry":{"type":"Point","coordinates":[-118.3342,34.7036]},"properties":{"Plant_Name":"Sierra Solar Greenworks","State":"California","PrimSource":"solar","Total_MW":18,"Utility_Na":"AES Distributed Energy","City":"Lancaster"}},{"type":"Feature","geometry":{"type":"Point","coordinates":[-117.3775,34.5572]},"properties":{"Plant_Name":"Adelanto Solar II, LLC","State":"California","PrimSource":"solar","Total_MW":7,"Utility_Na":"Adelanto Solar II, LLC","City":"Adelanto"}},{"type":"Feature","geometry":{"type":"Point","coordinates":[-117.3775,34.5572]},"properties":{"Plant_Name":"Adelanto Solar, LLC","State":"California","PrimSource":"solar","Total_MW":20,"Utility_Na":"Adelanto Solar, LLC","City":"Adelanto"}},{"type":"Feature","geometry":{"type":"Point","coordinates":[-118.3247,34.6892]},"properties":{"Plant_Name":"TA-Acacia, LLC","State":"California","PrimSource":"solar","Total_MW":20,"Utility_Na":"Onward Energy","City":"Lancaster"}},{"type":"Feature","geometry":{"type":"Point","coordinates":[-112.66,33.145]},"properties":{"Plant_Name":"Desert Star Hybrid","State":"Arizona","PrimSource":"solar","Total_MW":20,"Utility_Na":"Arizona Public Service Co","City":"Buckeye"}},{"type":"Feature","geometry":{"type":"Point","coordinates":[-110.8669,32.1458]},"properties":{"Plant_Name":"Valencia Solar","State":"Arizona","PrimSource":"solar","Total_MW":10,"Utility_Na":"RWE Renewables Americas, LLC","City":"Tucson"}},{"type":"Feature","geometry":{"type":"Point","coordinates":[-110.8157,32.0979]},"properties":{"Plant_Name":"Tech Park Solar","State":"Arizona","PrimSource":"solar","Total_MW":5,"Utility_Na":"RWE Renewables Americas, LLC","City":"Tucson"}},{"type":"Feature","geometry":{"type":"Point","coordinates":[-117.1981,32.8947]},"properties":{"Plant_Name":"P Plant","State":"California","PrimSource":"natural gas","Total_MW":4,"Utility_Na":"Qualcomm Incorporated","City":"San Diego"}},{"type":"Feature","geometry":{"type":"Point","coordinates":[-117.2011,32.9042]},"properties":{"Plant_Name":"Q Plant","State":"California","PrimSource":"natural gas","Total_MW":4,"Utility_Na":"Qualcomm Incorporated","City":"San Diego"}},{"type":"Feature","geometry":{"type":"Point","coordinates":[-117.1956,32.9033]},"properties":{"Plant_Name":"W Plant","State":"California","PrimSource":"natural gas","Total_MW":4,"Utility_Na":"Qualcomm Incorporated","City":"San Diego"}},{"type":"Feature","geometry":{"type":"Point","coordinates":[-117.7022,33.7189]},"properties":{"Plant_Name":"Bowerman Power LFG, LLC","State":"California","PrimSource":"biomass","Total_MW":23.8,"Utility_Na":"Bowerman Power LFG, LLC","City":"Irvine"}},{"type":"Feature","geometry":{"type":"Point","coordinates":[-104.6739,39.9027]},"properties":{"Plant_Name":"Denver Intl Airport IV Solar","State":"Colorado","PrimSource":"solar","Total_MW":1.5,"Utility_Na":"Denver Int'l Airport IV Solar","City":"Denver"}},{"type":"Feature","geometry":{"type":"Point","coordinates":[-117.3475,34.6822]},"properties":{"Plant_Name":"Alamo Solar","State":"California","PrimSource":"solar","Total_MW":20,"Utility_Na":"Onward Energy","City":"Oro Grande"}},{"type":"Feature","geometry":{"type":"Point","coordinates":[-119.14,39.1281]},"properties":{"Plant_Name":"Ft. Churchill PV","State":"Nevada","PrimSource":"solar","Total_MW":19.5,"Utility_Na":"Sierra Pacific Power Co","City":"Yerington"}},{"type":"Feature","geometry":{"type":"Point","coordinates":[-122.01,37.33]},"properties":{"Plant_Name":"Apple Campus 2 PV","State":"California","PrimSource":"solar","Total_MW":12.4,"Utility_Na":"Apple, Inc","City":"Cupertino"}},{"type":"Feature","geometry":{"type":"Point","coordinates":[-117.2739,44.425]},"properties":{"Plant_Name":"Jett Creek Windfarm (Burnt River)","State":"Oregon","PrimSource":"wind","Total_MW":10,"Utility_Na":"Jett Creek","City":"Huntington"}},{"type":"Feature","geometry":{"type":"Point","coordinates":[-117.3439,44.3669]},"properties":{"Plant_Name":"Benson Creek Windfarm (Burnt River)","State":"Oregon","PrimSource":"wind","Total_MW":10,"Utility_Na":"Benson Creek","City":"Huntington"}},{"type":"Feature","geometry":{"type":"Point","coordinates":[-117.3231,44.3531]},"properties":{"Plant_Name":"Durbin Creek Windfarm (Burnt River)","State":"Oregon","PrimSource":"wind","Total_MW":10,"Utility_Na":"Durbin Creek","City":"Huntington"}},{"type":"Feature","geometry":{"type":"Point","coordinates":[-117.255,44.4181]},"properties":{"Plant_Name":"Prospector Windfarm (Burnt River)","State":"Oregon","PrimSource":"wind","Total_MW":10,"Utility_Na":"Prospector","City":"Huntington"}},{"type":"Feature","geometry":{"type":"Point","coordinates":[-117.2731,44.3819]},"properties":{"Plant_Name":"Willow Spring Windfarm (Burnt River)","State":"Oregon","PrimSource":"wind","Total_MW":10,"Utility_Na":"Willow Spring","City":"Huntington"}},{"type":"Feature","geometry":{"type":"Point","coordinates":[-111.7858,43.8169]},"properties":{"Plant_Name":"BYUI Central Energy Facility","State":"Idaho","PrimSource":"natural gas","Total_MW":4.6,"Utility_Na":"Brigham Young Univ Idaho","City":"Rexburg"}},{"type":"Feature","geometry":{"type":"Point","coordinates":[-120.3161,36.5447]},"properties":{"Plant_Name":"Giffen Solar Park","State":"California","PrimSource":"solar","Total_MW":20,"Utility_Na":"Giffen Solar Park, LLC","City":"Cantua Creek"}},{"type":"Feature","geometry":{"type":"Point","coordinates":[-120.2367,36.3869]},"properties":{"Plant_Name":"Five Points Solar Park","State":"California","PrimSource":"solar","Total_MW":60,"Utility_Na":"Boralex US Operations LLC","City":"Five Points"}},{"type":"Feature","geometry":{"type":"Point","coordinates":[-119.845,35.612]},"properties":{"Plant_Name":"Blackwell Solar Park","State":"California","PrimSource":"solar","Total_MW":20,"Utility_Na":"Consolidated Edison Development Inc.","City":"Lost Hills"}},{"type":"Feature","geometry":{"type":"Point","coordinates":[-120.9572,37.0094]},"properties":{"Plant_Name":"Wright Solar Park","State":"California","PrimSource":"solar","Total_MW":200,"Utility_Na":"Wright Solar Park LLC","City":"Los Banos"}},{"type":"Feature","geometry":{"type":"Point","coordinates":[-118.0767,34.6489]},"properties":{"Plant_Name":"Solar Oasis LLC","State":"California","PrimSource":"solar","Total_MW":20,"Utility_Na":"Solar Oasis, LLC","City":"Palmdale"}},{"type":"Feature","geometry":{"type":"Point","coordinates":[-112.3656,42.7878]},"properties":{"Plant_Name":"Bannock County LFG to Energy","State":"Idaho","PrimSource":"biomass","Total_MW":2.8,"Utility_Na":"Bannock County Landfill","City":"Pocatello"}},{"type":"Feature","geometry":{"type":"Point","coordinates":[-119.96,36.9411]},"properties":{"Plant_Name":"Borden Solar Farm","State":"California","PrimSource":"solar","Total_MW":50,"Utility_Na":"41MB 8me, LLC","City":"Madera"}},{"type":"Feature","geometry":{"type":"Point","coordinates":[-117.9553,35.2492]},"properties":{"Plant_Name":"Springbok Solar Farm 1","State":"California","PrimSource":"solar","Total_MW":105,"Utility_Na":"62SK 8me, LLC","City":"Cantil"}},{"type":"Feature","geometry":{"type":"Point","coordinates":[-117.4644,34.5481]},"properties":{"Plant_Name":"Coronus Adelanto West 1","State":"California","PrimSource":"solar","Total_MW":1.5,"Utility_Na":"Clean Focus Yield, LLC","City":"Adelanto"}},{"type":"Feature","geometry":{"type":"Point","coordinates":[-117.4644,34.5481]},"properties":{"Plant_Name":"Coronus Adelanto West 2","State":"California","PrimSource":"solar","Total_MW":1.5,"Utility_Na":"Clean Focus Yield, LLC","City":"Adelanto"}},{"type":"Feature","geometry":{"type":"Point","coordinates":[-117.2836,33.8961]},"properties":{"Plant_Name":"Park Meridian #1","State":"California","PrimSource":"solar","Total_MW":1.5,"Utility_Na":"Altus Power America Management, LLC","City":"Riverside"}},{"type":"Feature","geometry":{"type":"Point","coordinates":[-117.5528,34.1003]},"properties":{"Plant_Name":"Rancho Cucamonga Dist #1","State":"California","PrimSource":"solar","Total_MW":1.8,"Utility_Na":"Altus Power America Management, LLC","City":"Rancho Cucamonga"}},{"type":"Feature","geometry":{"type":"Point","coordinates":[-117.6067,34.0397]},"properties":{"Plant_Name":"Terra Francesco","State":"California","PrimSource":"solar","Total_MW":1.5,"Utility_Na":"Altus Power America Management, LLC","City":"Ontario"}},{"type":"Feature","geometry":{"type":"Point","coordinates":[-121.9939,38.5211]},"properties":{"Plant_Name":"Putah Creek Solar Farm","State":"California","PrimSource":"solar","Total_MW":2,"Utility_Na":"Solvida Energy Group/Blue Oak Energy","City":"Winters"}},{"type":"Feature","geometry":{"type":"Point","coordinates":[-120.82,36.9258]},"properties":{"Plant_Name":"Vega Solar","State":"California","PrimSource":"solar","Total_MW":20,"Utility_Na":"Vega Solar, LLC","City":"Los Banos"}},{"type":"Feature","geometry":{"type":"Point","coordinates":[-122.01,37.33]},"properties":{"Plant_Name":"Apple Campus 2 Fuel Cell","State":"California","PrimSource":"biomass","Total_MW":4,"Utility_Na":"Apple, Inc","City":"Cupertino"}},{"type":"Feature","geometry":{"type":"Point","coordinates":[-106.8128,35.2836]},"properties":{"Plant_Name":"Sandoval Solar Energy Center","State":"New Mexico","PrimSource":"solar","Total_MW":6.1,"Utility_Na":"PNM Resources","City":"Rio Rancho"}},{"type":"Feature","geometry":{"type":"Point","coordinates":[-104.5942,36.3981]},"properties":{"Plant_Name":"Springer Solar 1","State":"New Mexico","PrimSource":"solar","Total_MW":0.9,"Utility_Na":"Springer Electric Coop, Inc","City":"Springer"}},{"type":"Feature","geometry":{"type":"Point","coordinates":[-117.3194,34.0933]},"properties":{"Plant_Name":"Colton Solar One, LLC","State":"California","PrimSource":"solar","Total_MW":2.5,"Utility_Na":"Colton Solar One, LLC","City":"San Bernardino"}},{"type":"Feature","geometry":{"type":"Point","coordinates":[-117.3617,34.0422]},"properties":{"Plant_Name":"Colton Solar Two, LLC","State":"California","PrimSource":"solar","Total_MW":1,"Utility_Na":"Colton Solar Two, LLC","City":"Colton"}},{"type":"Feature","geometry":{"type":"Point","coordinates":[-119.0561,35.8319]},"properties":{"Plant_Name":"Tropico Solar PV Plant","State":"California","PrimSource":"solar","Total_MW":13,"Utility_Na":"Arevon Energy, Inc.","City":"Delano"}},{"type":"Feature","geometry":{"type":"Point","coordinates":[-119.0561,35.8358]},"properties":{"Plant_Name":"Nicolis Solar PV Plant","State":"California","PrimSource":"solar","Total_MW":19,"Utility_Na":"Arevon Energy, Inc.","City":"Delano"}},{"type":"Feature","geometry":{"type":"Point","coordinates":[-119.3178,35.1153]},"properties":{"Plant_Name":"Maricopa West Solar PV, LLC","State":"California","PrimSource":"solar","Total_MW":20,"Utility_Na":"Onward Energy","City":"Taft"}},{"type":"Feature","geometry":{"type":"Point","coordinates":[-117.0106,33.74]},"properties":{"Plant_Name":"AP North Lake I, LP","State":"California","PrimSource":"solar","Total_MW":20,"Utility_Na":"AP North Lake I, LP","City":"Hemet"}},{"type":"Feature","geometry":{"type":"Point","coordinates":[-106.52,34.81]},"properties":{"Plant_Name":"Meadow Lake Solar Energy Center","State":"New Mexico","PrimSource":"solar","Total_MW":9,"Utility_Na":"PNM Resources","City":"Los Lunas"}},{"type":"Feature","geometry":{"type":"Point","coordinates":[-107.2452,35.2012]},"properties":{"Plant_Name":"Cibola","State":"New Mexico","PrimSource":"solar","Total_MW":7.6,"Utility_Na":"PNM Resources","City":"Seboyeta"}},{"type":"Feature","geometry":{"type":"Point","coordinates":[-113.0536,38.3111]},"properties":{"Plant_Name":"South Milford Solar Plant","State":"Utah","PrimSource":"solar","Total_MW":2.9,"Utility_Na":"REUT Origination, LLC","City":"Milford"}},{"type":"Feature","geometry":{"type":"Point","coordinates":[-119.9475,36.0508]},"properties":{"Plant_Name":"Kettleman Solar -Centaurus","State":"California","PrimSource":"solar","Total_MW":20,"Utility_Na":"Boralex US Operations LLC","City":"Kettleman City"}},{"type":"Feature","geometry":{"type":"Point","coordinates":[-111.4303,33.0356]},"properties":{"Plant_Name":"Sandstone Solar","State":"Arizona","PrimSource":"solar","Total_MW":43,"Utility_Na":"AES Distributed Energy","City":"Florence"}},{"type":"Feature","geometry":{"type":"Point","coordinates":[-119.9058,35.7267]},"properties":{"Plant_Name":"Coronal Lost Hills","State":"California","PrimSource":"solar","Total_MW":20,"Utility_Na":"Arevon Energy, Inc.","City":"Lost Hills"}},{"type":"Feature","geometry":{"type":"Point","coordinates":[-118.1961,34.0714]},"properties":{"Plant_Name":"Forever 21 Retail, Inc.","State":"California","PrimSource":"solar","Total_MW":1.3,"Utility_Na":"Los Angeles Department of Water & Power","City":"Los Angeles"}},{"type":"Feature","geometry":{"type":"Point","coordinates":[-118.5658,34.2367]},"properties":{"Plant_Name":"Nordhoff Place","State":"California","PrimSource":"solar","Total_MW":1,"Utility_Na":"Los Angeles Department of Water & Power","City":"Chatsworth"}},{"type":"Feature","geometry":{"type":"Point","coordinates":[-107.2878,33.1211]},"properties":{"Plant_Name":"City of Truth or Consequences PV","State":"New Mexico","PrimSource":"solar","Total_MW":1.9,"Utility_Na":"MN8 Energy LLC","City":"Truth or Consequences"}},{"type":"Feature","geometry":{"type":"Point","coordinates":[-104.5667,38.2053]},"properties":{"Plant_Name":"Comanche Solar","State":"Colorado","PrimSource":"solar","Total_MW":120,"Utility_Na":"Onward Energy","City":"Pueblo"}},{"type":"Feature","geometry":{"type":"Point","coordinates":[-115.4975,33.2522]},"properties":{"Plant_Name":"Imperial Valley Solar Co (IVSC) 2, LLC","State":"California","PrimSource":"solar","Total_MW":20,"Utility_Na":"Onward Energy","City":"Niland"}},{"type":"Feature","geometry":{"type":"Point","coordinates":[-122.3242,40.4723]},"properties":{"Plant_Name":"SPI Anderson 2","State":"California","PrimSource":"biomass","Total_MW":27.2,"Utility_Na":"Sierra Pacific Industries","City":"Anderson"}},{"type":"Feature","geometry":{"type":"Point","coordinates":[-113.4392,37.155]},"properties":{"Plant_Name":"Washington City Electric Generation","State":"Utah","PrimSource":"natural gas","Total_MW":6,"Utility_Na":"City of Washington - (UT)","City":"Washington"}},{"type":"Feature","geometry":{"type":"Point","coordinates":[-120.6536,37.0576]},"properties":{"Plant_Name":"Sun Harvest Solar NDP1","State":"California","PrimSource":"solar","Total_MW":1.5,"Utility_Na":"Altus Power America Management, LLC","City":"Dos Palos"}},{"type":"Feature","geometry":{"type":"Point","coordinates":[-115.752,43.129]},"properties":{"Plant_Name":"Mt. Home Solar 1, LLC","State":"Idaho","PrimSource":"solar","Total_MW":20,"Utility_Na":"Standard Solar","City":"Pocatello"}},{"type":"Feature","geometry":{"type":"Point","coordinates":[-112.3633,38.9605]},"properties":{"Plant_Name":"Pavant Solar, LLC","State":"Utah","PrimSource":"solar","Total_MW":50,"Utility_Na":"Onward Energy","City":"Fillmore"}},{"type":"Feature","geometry":{"type":"Point","coordinates":[-122.5682,38.1298]},"properties":{"Plant_Name":"Cottonwood Solar, LLC Cottonwood Carport","State":"California","PrimSource":"solar","Total_MW":1,"Utility_Na":"Onward Energy","City":"Novato"}},{"type":"Feature","geometry":{"type":"Point","coordinates":[-123.2005,44.1835]},"properties":{"Plant_Name":"Shell New Energies, Junction City","State":"Oregon","PrimSource":"biomass","Total_MW":1.6,"Utility_Na":"Equilon Enterprises LLC d/b/a Shell Oil","City":"Junction City"}},{"type":"Feature","geometry":{"type":"Point","coordinates":[-116.0139,33.1125]},"properties":{"Plant_Name":"Seville 1","State":"California","PrimSource":"solar","Total_MW":20,"Utility_Na":"Duke Energy Renewables Services","City":"Ocotillo Wells"}},{"type":"Feature","geometry":{"type":"Point","coordinates":[-116.0059,33.1101]},"properties":{"Plant_Name":"Seville 2","State":"California","PrimSource":"solar","Total_MW":30,"Utility_Na":"Duke Energy Renewables Services","City":"Ocotillo Wells"}},{"type":"Feature","geometry":{"type":"Point","coordinates":[-117.9344,34.6136]},"properties":{"Plant_Name":"SEPV 18","State":"California","PrimSource":"solar","Total_MW":2,"Utility_Na":"AES Distributed Energy","City":"Palmdale"}},{"type":"Feature","geometry":{"type":"Point","coordinates":[-120.3525,36.5522]},"properties":{"Plant_Name":"Aspiration G","State":"California","PrimSource":"solar","Total_MW":9,"Utility_Na":"AES Distributed Energy","City":"Cantua Creek"}},{"type":"Feature","geometry":{"type":"Point","coordinates":[-120.4321,36.7238]},"properties":{"Plant_Name":"Citizen B","State":"California","PrimSource":"solar","Total_MW":5,"Utility_Na":"AES Distributed Energy","City":"Mendota"}},{"type":"Feature","geometry":{"type":"Point","coordinates":[-118.1933,34.7802]},"properties":{"Plant_Name":"Lancaster WAD B","State":"California","PrimSource":"solar","Total_MW":3,"Utility_Na":"AES Distributed Energy","City":"Lancaster"}},{"type":"Feature","geometry":{"type":"Point","coordinates":[-118.2827,35.0229]},"properties":{"Plant_Name":"SEPV Mojave West","State":"California","PrimSource":"solar","Total_MW":20,"Utility_Na":"AES Distributed Energy","City":"Mojave"}},{"type":"Feature","geometry":{"type":"Point","coordinates":[-107.1572,39.415]},"properties":{"Plant_Name":"Sunnyside Ranch Community Solar Array","State":"Colorado","PrimSource":"solar","Total_MW":1.5,"Utility_Na":"Holy Cross Electric Assn, Inc","City":"Carbondale"}},{"type":"Feature","geometry":{"type":"Point","coordinates":[-120.2185,36.1373]},"properties":{"Plant_Name":"DSH (CA) - Coalinga State Hospital","State":"California","PrimSource":"solar","Total_MW":2,"Utility_Na":"Team-Solar, Inc.","City":"Coalinga"}},{"type":"Feature","geometry":{"type":"Point","coordinates":[-114.9294,36.0316]},"properties":{"Plant_Name":"River Mountains Solar","State":"Nevada","PrimSource":"solar","Total_MW":14.4,"Utility_Na":"River Mountains Solar, LLC","City":"Henderson"}},{"type":"Feature","geometry":{"type":"Point","coordinates":[-120.2244,36.1372]},"properties":{"Plant_Name":"CDCR (CA) - Pleasant Valley State Prison","State":"California","PrimSource":"solar","Total_MW":1.2,"Utility_Na":"Team-Solar, Inc.","City":"Coalinga"}},{"type":"Feature","geometry":{"type":"Point","coordinates":[-108.6931,45.1655]},"properties":{"Plant_Name":"Pryor Mountain Wind","State":"Montana","PrimSource":"wind","Total_MW":239.8,"Utility_Na":"PacifiCorp","City":"Bridger"}},{"type":"Feature","geometry":{"type":"Point","coordinates":[-110.8997,32.1736]},"properties":{"Plant_Name":"Davis Monthan AFB (AZ) West Airfield","State":"Arizona","PrimSource":"solar","Total_MW":12.6,"Utility_Na":"MN8 Energy LLC","City":"Tucson"}},{"type":"Feature","geometry":{"type":"Point","coordinates":[-112.6944,32.975]},"properties":{"Plant_Name":"Gila River Power Block 3","State":"Arizona","PrimSource":"natural gas","Total_MW":570,"Utility_Na":"Salt River Project","City":"Gila Bend"}},{"type":"Feature","geometry":{"type":"Point","coordinates":[-113.2837,37.7947]},"properties":{"Plant_Name":"Fiddler's Canyon #2","State":"Utah","PrimSource":"solar","Total_MW":3,"Utility_Na":"SunE Solar XVII Project 2, LLC","City":"Cedar City"}},{"type":"Feature","geometry":{"type":"Point","coordinates":[-113.2537,37.7503]},"properties":{"Plant_Name":"Fiddler's Canyon #1","State":"Utah","PrimSource":"solar","Total_MW":3,"Utility_Na":"SunE Solar XVII Project 1, LLC","City":"Cedar City"}},{"type":"Feature","geometry":{"type":"Point","coordinates":[-123.317,44.5735]},"properties":{"Plant_Name":"Oregon University System Rabbit Field","State":"Oregon","PrimSource":"solar","Total_MW":1.2,"Utility_Na":"Tesla Inc.","City":"Corvallis"}},{"type":"Feature","geometry":{"type":"Point","coordinates":[-118.2524,33.7927]},"properties":{"Plant_Name":"Colon PV","State":"California","PrimSource":"solar","Total_MW":0.9,"Utility_Na":"Los Angeles Department of Water & Power","City":"Wilmington"}},{"type":"Feature","geometry":{"type":"Point","coordinates":[-121.9494,37.4057]},"properties":{"Plant_Name":"Maxim","State":"California","PrimSource":"natural gas","Total_MW":1,"Utility_Na":"Bloom Energy","City":"San Jose"}},{"type":"Feature","geometry":{"type":"Point","coordinates":[-122.284,37.8329]},"properties":{"Plant_Name":"Pixar - Emeryville","State":"California","PrimSource":"natural gas","Total_MW":1,"Utility_Na":"Bloom Energy","City":"Emeryville"}},{"type":"Feature","geometry":{"type":"Point","coordinates":[-104.6748,39.8995]},"properties":{"Plant_Name":"Airport 1 Solar (DIA)","State":"Colorado","PrimSource":"solar","Total_MW":1.5,"Utility_Na":"Greenbacker Renewable Energy Corporation","City":"Denver"}},{"type":"Feature","geometry":{"type":"Point","coordinates":[-114.9754,35.7822]},"properties":{"Plant_Name":"Copper Mountain Solar 4, LLC","State":"Nevada","PrimSource":"solar","Total_MW":93.6,"Utility_Na":"Consolidated Edison Development Inc.","City":"Boulder City"}},{"type":"Feature","geometry":{"type":"Point","coordinates":[-112.3706,40.503]},"properties":{"Plant_Name":"Tooele Army Depot(CSG)","State":"Utah","PrimSource":"wind","Total_MW":5.8,"Utility_Na":"Tooele Army Depot","City":"Tooele"}},{"type":"Feature","geometry":{"type":"Point","coordinates":[-114.5565,34.9843]},"properties":{"Plant_Name":"Mohave Electric at Fort Mohave","State":"Arizona","PrimSource":"solar","Total_MW":4.4,"Utility_Na":"Mohave Electric Cooperative, Inc.","City":"Fort Mohave"}},{"type":"Feature","geometry":{"type":"Point","coordinates":[-116.497,36.518]},"properties":{"Plant_Name":"Sunshine Valley Solar","State":"Nevada","PrimSource":"solar","Total_MW":103.5,"Utility_Na":"EDP Renewables North America LLC","City":"Armagosa"}},{"type":"Feature","geometry":{"type":"Point","coordinates":[-114.908,36.408]},"properties":{"Plant_Name":"Playa Solar 1, LLC","State":"Nevada","PrimSource":"solar","Total_MW":79,"Utility_Na":"EDF Renewable Asset Holdings, Inc.","City":"North Las Vegas"}},{"type":"Feature","geometry":{"type":"Point","coordinates":[-103.3467,33.9018]},"properties":{"Plant_Name":"Milo Wind Project LLC","State":"New Mexico","PrimSource":"wind","Total_MW":50,"Utility_Na":"Boralex US Operations LLC","City":"Portales"}},{"type":"Feature","geometry":{"type":"Point","coordinates":[-117.9768,35.25]},"properties":{"Plant_Name":"Springbok Solar Farm 2","State":"California","PrimSource":"solar","Total_MW":155,"Utility_Na":"63SU 8me, LLC","City":"Cantil"}},{"type":"Feature","geometry":{"type":"Point","coordinates":[-104.7458,38.7745]},"properties":{"Plant_Name":"Pikes Peak Solar Garden 1 LLC CSG","State":"Colorado","PrimSource":"solar","Total_MW":2,"Utility_Na":"Pikes Peak Solar Garden 1 LLC","City":"Colorado Springs"}},{"type":"Feature","geometry":{"type":"Point","coordinates":[-104.5859,39.7876]},"properties":{"Plant_Name":"Adams Community Solar Garden LLC","State":"Colorado","PrimSource":"solar","Total_MW":1.2,"Utility_Na":"Adams Community Solar Garden LLC","City":"Watkins"}},{"type":"Feature","geometry":{"type":"Point","coordinates":[-104.5877,39.7867]},"properties":{"Plant_Name":"Adams Community Solar Garden III LLC","State":"Colorado","PrimSource":"solar","Total_MW":1.2,"Utility_Na":"Adams Community Solar Garden III LLC","City":"Watkins"}},{"type":"Feature","geometry":{"type":"Point","coordinates":[-118.432,34.819]},"properties":{"Plant_Name":"Kingbird A Solar LLC","State":"California","PrimSource":"solar","Total_MW":20,"Utility_Na":"Arevon Energy, Inc.","City":"Rosamond"}},{"type":"Feature","geometry":{"type":"Point","coordinates":[-120.415,36.716]},"properties":{"Plant_Name":"Little Bear Solar 1, LLC","State":"California","PrimSource":"solar","Total_MW":40,"Utility_Na":"Little Bear Solar 1, LLC (Longroad)","City":"Mendota"}},{"type":"Feature","geometry":{"type":"Point","coordinates":[-114.753,33.565]},"properties":{"Plant_Name":"Desert Quartzite","State":"California","PrimSource":"solar","Total_MW":450,"Utility_Na":"Desert Quartzite LLC","City":"Blythe"}},{"type":"Feature","geometry":{"type":"Point","coordinates":[-121.75,38.55]},"properties":{"Plant_Name":"UC Davis South Campus","State":"California","PrimSource":"solar","Total_MW":13,"Utility_Na":"Solar Star California XXXII, LLC","City":"Davis"}},{"type":"Feature","geometry":{"type":"Point","coordinates":[-117.4559,33.9617]},"properties":{"Plant_Name":"Riverside RWQCP Fuel Cell","State":"California","PrimSource":"biomass","Total_MW":1.4,"Utility_Na":"Riverside Fuel Cell, LLC","City":"Riverside"}},{"type":"Feature","geometry":{"type":"Point","coordinates":[-118.2879,35.0199]},"properties":{"Plant_Name":"Windhub Solar A LLC","State":"California","PrimSource":"solar","Total_MW":20,"Utility_Na":"EDP Renewables North America LLC","City":"Mojave"}},{"type":"Feature","geometry":{"type":"Point","coordinates":[-118.38,34.862]},"properties":{"Plant_Name":"North Rosamond Solar LLC","State":"California","PrimSource":"solar","Total_MW":151.1,"Utility_Na":"North Rosamond Solar, LLC","City":"Rosamond"}},{"type":"Feature","geometry":{"type":"Point","coordinates":[-119.5854,36.1504]},"properties":{"Plant_Name":"Corcoran Solar 3","State":"California","PrimSource":"solar","Total_MW":20,"Utility_Na":"Consolidated Edison Development Inc.","City":"Corcoran"}},{"type":"Feature","geometry":{"type":"Point","coordinates":[-120.6676,36.8768]},"properties":{"Plant_Name":"Oro Loma","State":"California","PrimSource":"solar","Total_MW":20,"Utility_Na":"Consolidated Edison Development Inc.","City":"Oro Loma"}},{"type":"Feature","geometry":{"type":"Point","coordinates":[-117.5341,34.0353]},"properties":{"Plant_Name":"SunE- E Philadelphia Ontario","State":"California","PrimSource":"solar","Total_MW":1,"Utility_Na":"SunEdison LLC","City":"Ontario"}},{"type":"Feature","geometry":{"type":"Point","coordinates":[-115.0477,36.2067]},"properties":{"Plant_Name":"Nellis Solar PV II","State":"Nevada","PrimSource":"solar","Total_MW":15,"Utility_Na":"Nevada Power Co","City":"North Las Vegas"}},{"type":"Feature","geometry":{"type":"Point","coordinates":[-113.2166,37.7313]},"properties":{"Plant_Name":"Fiddler's Canyon 3","State":"Utah","PrimSource":"solar","Total_MW":3,"Utility_Na":"SunE Solar XVII Project 3, LLC","City":"Cedar City"}},{"type":"Feature","geometry":{"type":"Point","coordinates":[-120.4045,36.5814]},"properties":{"Plant_Name":"RE Tranquillity","State":"California","PrimSource":"solar","Total_MW":272,"Utility_Na":"Southern Power Co","City":"Cantua Creek"}},{"type":"Feature","geometry":{"type":"Point","coordinates":[-120.3796,36.5812]},"properties":{"Plant_Name":"Great Valley Solar Portfolio Holdings, L","State":"California","PrimSource":"solar","Total_MW":202.5,"Utility_Na":"Consolidated Edison Development Inc.","City":"Cantua Creek"}},{"type":"Feature","geometry":{"type":"Point","coordinates":[-113.1516,37.7212]},"properties":{"Plant_Name":"Iron Springs Solar, LLC","State":"Utah","PrimSource":"solar","Total_MW":80,"Utility_Na":"Clearway Renewable Operation & Maintenance LLC","City":"Cedar City"}},{"type":"Feature","geometry":{"type":"Point","coordinates":[-118.0836,34.6608]},"properties":{"Plant_Name":"Morgan Lancaster 1","State":"California","PrimSource":"solar","Total_MW":1.5,"Utility_Na":"Terraform Arcadia","City":"Lancaster"}},{"type":"Feature","geometry":{"type":"Point","coordinates":[-113.322,37.7989]},"properties":{"Plant_Name":"Granite Mountain Solar West, LLC","State":"Utah","PrimSource":"solar","Total_MW":50.4,"Utility_Na":"Clearway Renewable Operation & Maintenance LLC","City":"Cedar City"}},{"type":"Feature","geometry":{"type":"Point","coordinates":[-113.2264,37.7751]},"properties":{"Plant_Name":"Granite Mountain Solar East, LLC","State":"Utah","PrimSource":"solar","Total_MW":80,"Utility_Na":"Clearway Renewable Operation & Maintenance LLC","City":"Cedar City"}},{"type":"Feature","geometry":{"type":"Point","coordinates":[-118.9899,35.3176]},"properties":{"Plant_Name":"Bakersfield 111","State":"California","PrimSource":"solar","Total_MW":1.4,"Utility_Na":"Bakersfield 111 LLC","City":"Bakersfield"}},{"type":"Feature","geometry":{"type":"Point","coordinates":[-121.9795,38.217]},"properties":{"Plant_Name":"Potrero Hills Energy Producers","State":"California","PrimSource":"biomass","Total_MW":8,"Utility_Na":"Potrero Hills Energy Producers, LLC","City":"Suisun City"}},{"type":"Feature","geometry":{"type":"Point","coordinates":[-112.9908,38.3882]},"properties":{"Plant_Name":"Milford 2","State":"Utah","PrimSource":"solar","Total_MW":3,"Utility_Na":"SunE DB24 LLC","City":"Milford"}},{"type":"Feature","geometry":{"type":"Point","coordinates":[-118.3136,34.7321]},"properties":{"Plant_Name":"Western Antelope Blue Sky B","State":"California","PrimSource":"solar","Total_MW":19,"Utility_Na":"AES Distributed Energy","City":"Lancaster"}},{"type":"Feature","geometry":{"type":"Point","coordinates":[-118.313,34.7195]},"properties":{"Plant_Name":"North Lancaster Ranch","State":"California","PrimSource":"solar","Total_MW":18,"Utility_Na":"AES Distributed Energy","City":"Lancaster"}},{"type":"Feature","geometry":{"type":"Point","coordinates":[-118.3005,34.7205]},"properties":{"Plant_Name":"Central Antelope Dry Ranch C","State":"California","PrimSource":"solar","Total_MW":17,"Utility_Na":"AES Distributed Energy","City":"Lancaster"}},{"type":"Feature","geometry":{"type":"Point","coordinates":[-118.3043,34.7303]},"properties":{"Plant_Name":"Elevation Solar C","State":"California","PrimSource":"solar","Total_MW":39,"Utility_Na":"AES Distributed Energy","City":"Lancaster"}},{"type":"Feature","geometry":{"type":"Point","coordinates":[-109.3684,37.8867]},"properties":{"Plant_Name":"Latigo Wind Park","State":"Utah","PrimSource":"wind","Total_MW":62.1,"Utility_Na":"AES Distributed Energy","City":"Monticello"}},{"type":"Feature","geometry":{"type":"Point","coordinates":[-104.212,38.935]},"properties":{"Plant_Name":"Golden West Power Partners LLC","State":"Colorado","PrimSource":"wind","Total_MW":250,"Utility_Na":"Golden West Power Partners, LLC","City":"Calhan"}},{"type":"Feature","geometry":{"type":"Point","coordinates":[-102.173,39.334]},"properties":{"Plant_Name":"Carousel Wind Farm LLC","State":"Colorado","PrimSource":"wind","Total_MW":150,"Utility_Na":"Carousel Wind Farm, LLC","City":"Burlington"}},{"type":"Feature","geometry":{"type":"Point","coordinates":[-118.4585,34.8442]},"properties":{"Plant_Name":"RE Astoria","State":"California","PrimSource":"solar","Total_MW":100,"Utility_Na":"RE Astoria LLC","City":"Rosamond"}},{"type":"Feature","geometry":{"type":"Point","coordinates":[-118.4802,34.8366]},"properties":{"Plant_Name":"RE Astoria 2","State":"California","PrimSource":"solar","Total_MW":75,"Utility_Na":"RE Astoria 2 LLC","City":"Rosamond"}},{"type":"Feature","geometry":{"type":"Point","coordinates":[-122.1756,39.699]},"properties":{"Plant_Name":"Adapture CA2, LLC","State":"California","PrimSource":"solar","Total_MW":1.5,"Utility_Na":"Adapture Renewables, Inc.","City":"Orland"}},{"type":"Feature","geometry":{"type":"Point","coordinates":[-121.8651,38.0197]},"properties":{"Plant_Name":"Columbia Solar Energy, LLC","State":"California","PrimSource":"solar","Total_MW":19.2,"Utility_Na":"Columbia Solar Energy LLC","City":"Pittsburg"}},{"type":"Feature","geometry":{"type":"Point","coordinates":[-119.8187,35.7314]},"properties":{"Plant_Name":"Morelos del Sol","State":"California","PrimSource":"solar","Total_MW":15,"Utility_Na":"Southern Power Co","City":"Lost Hills"}},{"type":"Feature","geometry":{"type":"Point","coordinates":[-105.9908,37.6919]},"properties":{"Plant_Name":"Hooper Solar","State":"Colorado","PrimSource":"solar","Total_MW":52,"Utility_Na":"Solar Star Colorado III, LLC","City":"Mosca"}},{"type":"Feature","geometry":{"type":"Point","coordinates":[-116.439,43.213]},"properties":{"Plant_Name":"Murphy Flat Solar","State":"Idaho","PrimSource":"solar","Total_MW":20,"Utility_Na":"Murphy Flat Power, LLC","City":"Murphy"}},{"type":"Feature","geometry":{"type":"Point","coordinates":[-116.285,43.467]},"properties":{"Plant_Name":"Orchard Ranch Solar","State":"Idaho","PrimSource":"solar","Total_MW":20,"Utility_Na":"Orchard Ranch Solar, LLC","City":"Orchard"}},{"type":"Feature","geometry":{"type":"Point","coordinates":[-112.752,42.824]},"properties":{"Plant_Name":"American Falls Solar","State":"Idaho","PrimSource":"solar","Total_MW":20,"Utility_Na":"American Falls Solar LLC","City":"American Falls"}},{"type":"Feature","geometry":{"type":"Point","coordinates":[-112.752,42.824]},"properties":{"Plant_Name":"American Falls Solar II","State":"Idaho","PrimSource":"solar","Total_MW":20,"Utility_Na":"American Falls Solar II, LLC","City":"American Falls"}},{"type":"Feature","geometry":{"type":"Point","coordinates":[-122.2469,47.9362]},"properties":{"Plant_Name":"MESA 1","State":"Washington","PrimSource":"batteries","Total_MW":2,"Utility_Na":"PUD No 1 of Snohomish County","City":"Everett"}},{"type":"Feature","geometry":{"type":"Point","coordinates":[-104.7467,40.0814]},"properties":{"Plant_Name":"SR Jenkins Ft Lupton","State":"Colorado","PrimSource":"solar","Total_MW":13,"Utility_Na":"SR Jenkins, LLC","City":"Ft. Lupton"}},{"type":"Feature","geometry":{"type":"Point","coordinates":[-117.9475,34.6002]},"properties":{"Plant_Name":"Little Rock Pham Solar","State":"California","PrimSource":"solar","Total_MW":3,"Utility_Na":"Terraform Arcadia","City":"Palmdale"}},{"type":"Feature","geometry":{"type":"Point","coordinates":[-120.3249,37.1206]},"properties":{"Plant_Name":"Adera Solar","State":"California","PrimSource":"solar","Total_MW":19,"Utility_Na":"AES Distributed Energy","City":"Chowchilla"}},{"type":"Feature","geometry":{"type":"Point","coordinates":[-117.5445,34.0977]},"properties":{"Plant_Name":"SunE Rochester","State":"California","PrimSource":"solar","Total_MW":1,"Utility_Na":"SunE Solar XVI Lessor, LLC","City":"Rancho Cucamonga"}},{"type":"Feature","geometry":{"type":"Point","coordinates":[-120.4044,35.6156]},"properties":{"Plant_Name":"CA Flats Solar 130, LLC","State":"California","PrimSource":"solar","Total_MW":130,"Utility_Na":"California Flats Solar 130, LLC","City":"Shandon"}},{"type":"Feature","geometry":{"type":"Point","coordinates":[-120.4044,35.6156]},"properties":{"Plant_Name":"CA Flats Solar 150, LLC","State":"California","PrimSource":"solar","Total_MW":150,"Utility_Na":"Arevon Energy, Inc.","City":"Shandon"}},{"type":"Feature","geometry":{"type":"Point","coordinates":[-117.3851,33.9782]},"properties":{"Plant_Name":"Tequesquite Landfill Solar PV Project","State":"California","PrimSource":"solar","Total_MW":7.3,"Utility_Na":"Solar Star California XXXI, LLC","City":"Riverside"}},{"type":"Feature","geometry":{"type":"Point","coordinates":[-121.1307,37.3799]},"properties":{"Plant_Name":"Frontier Solar LLC","State":"California","PrimSource":"solar","Total_MW":20,"Utility_Na":"Boralex US Operations LLC","City":"Newman"}},{"type":"Feature","geometry":{"type":"Point","coordinates":[-119.596,34.901]},"properties":{"Plant_Name":"Cuyama Solar, LLC","State":"California","PrimSource":"solar","Total_MW":40,"Utility_Na":"Cuyama Solar, LLC","City":"Cuyama"}},{"type":"Feature","geometry":{"type":"Point","coordinates":[-121.6404,37.7133]},"properties":{"Plant_Name":"Golden Hills Wind","State":"California","PrimSource":"wind","Total_MW":85.9,"Utility_Na":"Golden Hills Wind, LLC","City":"Livermore"}},{"type":"Feature","geometry":{"type":"Point","coordinates":[-123.47,45.068]},"properties":{"Plant_Name":"Steel Bridge Solar, LLC","State":"Oregon","PrimSource":"solar","Total_MW":2.3,"Utility_Na":"Steel Bridge Solar. LLC","City":"Sheridan"}},{"type":"Feature","geometry":{"type":"Point","coordinates":[-117.2077,32.7292]},"properties":{"Plant_Name":"Lindberg FIeld Solar","State":"California","PrimSource":"solar","Total_MW":2.7,"Utility_Na":"Lindberg Field Solar I LLC","City":"San Diego"}},{"type":"Feature","geometry":{"type":"Point","coordinates":[-110.9584,32.0009]},"properties":{"Plant_Name":"Avalon Solar II","State":"Arizona","PrimSource":"solar","Total_MW":16,"Utility_Na":"Avalon Solar Partners II, LLC","City":"Sahuarita"}},{"type":"Feature","geometry":{"type":"Point","coordinates":[-116.0934,42.9896]},"properties":{"Plant_Name":"Grand View Solar Two","State":"Idaho","PrimSource":"solar","Total_MW":80,"Utility_Na":"Grand View PV Solar Two, LLC","City":"Grand View"}},{"type":"Feature","geometry":{"type":"Point","coordinates":[-120.1515,35.9963]},"properties":{"Plant_Name":"CED Avenal","State":"California","PrimSource":"solar","Total_MW":15.8,"Utility_Na":"Consolidated Edison Development Inc.","City":"Avenal"}},{"type":"Feature","geometry":{"type":"Point","coordinates":[-119.0684,35.8563]},"properties":{"Plant_Name":"CED Ducor 1","State":"California","PrimSource":"solar","Total_MW":20,"Utility_Na":"Consolidated Edison Development Inc.","City":"Ducor"}},{"type":"Feature","geometry":{"type":"Point","coordinates":[-119.0681,35.8442]},"properties":{"Plant_Name":"CED Ducor 2","State":"California","PrimSource":"solar","Total_MW":20,"Utility_Na":"Consolidated Edison Development Inc.","City":"Ducor"}},{"type":"Feature","geometry":{"type":"Point","coordinates":[-119.057,35.8454]},"properties":{"Plant_Name":"CED Ducor 3","State":"California","PrimSource":"solar","Total_MW":15,"Utility_Na":"Consolidated Edison Development Inc.","City":"Ducor"}},{"type":"Feature","geometry":{"type":"Point","coordinates":[-119.027,35.8504]},"properties":{"Plant_Name":"CED Ducor 4","State":"California","PrimSource":"solar","Total_MW":20,"Utility_Na":"Consolidated Edison Development Inc.","City":"Ducor"}},{"type":"Feature","geometry":{"type":"Point","coordinates":[-120.1051,36.6168]},"properties":{"Plant_Name":"Fresno Solar","State":"California","PrimSource":"solar","Total_MW":3,"Utility_Na":"Wellhead Services, Inc","City":"San Joaquin"}},{"type":"Feature","geometry":{"type":"Point","coordinates":[-117.9736,34.7489]},"properties":{"Plant_Name":"AVS Lancaster 1","State":"California","PrimSource":"solar","Total_MW":3.7,"Utility_Na":"Tesla Inc.","City":"Lancaster"}},{"type":"Feature","geometry":{"type":"Point","coordinates":[-118.0812,34.6607]},"properties":{"Plant_Name":"US-TOPCO (Soccer Center)","State":"California","PrimSource":"solar","Total_MW":3,"Utility_Na":"Tesla Inc.","City":"Lancaster"}},{"type":"Feature","geometry":{"type":"Point","coordinates":[-118.4385,34.8242]},"properties":{"Plant_Name":"Kingbird B Solar, LLC","State":"California","PrimSource":"solar","Total_MW":20,"Utility_Na":"Arevon Energy, Inc.","City":"Rosamond"}},{"type":"Feature","geometry":{"type":"Point","coordinates":[-114.73,33.68]},"properties":{"Plant_Name":"Blythe Solar II, LLC","State":"California","PrimSource":"solar","Total_MW":246.2,"Utility_Na":"Blythe Solar II, LLC","City":"Blythe"}},{"type":"Feature","geometry":{"type":"Point","coordinates":[-114.742,33.68]},"properties":{"Plant_Name":"Blythe Solar 110, LLC","State":"California","PrimSource":"solar","Total_MW":172.8,"Utility_Na":"Blythe Solar 110, LLC","City":"Blythe"}},{"type":"Feature","geometry":{"type":"Point","coordinates":[-114.742,33.656]},"properties":{"Plant_Name":"Blythe Solar III, LLC Hybrid","State":"California","PrimSource":"solar","Total_MW":251.8,"Utility_Na":"Blythe Solar III, LLC","City":"Blythe"}},{"type":"Feature","geometry":{"type":"Point","coordinates":[-114.768,33.682]},"properties":{"Plant_Name":"Blythe Solar IV, LLC","State":"California","PrimSource":"solar","Total_MW":184.4,"Utility_Na":"Blythe Solar IV, LLC","City":"Blythe"}},{"type":"Feature","geometry":{"type":"Point","coordinates":[-122.6632,45.5285]},"properties":{"Plant_Name":"Oregon Convention Center","State":"Oregon","PrimSource":"solar","Total_MW":1.4,"Utility_Na":"Tesla Inc.","City":"Portland"}},{"type":"Feature","geometry":{"type":"Point","coordinates":[-105.8683,40.1464]},"properties":{"Plant_Name":"Granby Hydro","State":"Colorado","PrimSource":"hydroelectric","Total_MW":1.2,"Utility_Na":"Northern Water Hydropower Enterprise","City":"Granby"}},{"type":"Feature","geometry":{"type":"Point","coordinates":[-108.1697,42.7527]},"properties":{"Plant_Name":"Big Sand Draw Plant","State":"Wyoming","PrimSource":"natural gas","Total_MW":7,"Utility_Na":"Denbury Inc","City":"Riverton"}},{"type":"Feature","geometry":{"type":"Point","coordinates":[-119.7981,36.2579]},"properties":{"Plant_Name":"Lemoore 1","State":"California","PrimSource":"solar","Total_MW":1.5,"Utility_Na":"AES Distributed Energy","City":"Lemoore"}},{"type":"Feature","geometry":{"type":"Point","coordinates":[-104.5055,37.7104]},"properties":{"Plant_Name":"Peak View Wind Farm","State":"Colorado","PrimSource":"wind","Total_MW":60.8,"Utility_Na":"Black Hills Colorado Electric, LLC","City":"Walsenburg"}},{"type":"Feature","geometry":{"type":"Point","coordinates":[-103.108,34.7342]},"properties":{"Plant_Name":"Broadview Energy JN, LLC","State":"New Mexico","PrimSource":"wind","Total_MW":181.7,"Utility_Na":"Pattern Operators LP","City":"Texico"}},{"type":"Feature","geometry":{"type":"Point","coordinates":[-118.0502,33.9144]},"properties":{"Plant_Name":"Building F","State":"California","PrimSource":"solar","Total_MW":1.3,"Utility_Na":"Golden Springs Development Company LLC","City":"Santa Fe Springs"}},{"type":"Feature","geometry":{"type":"Point","coordinates":[-103.1668,34.727]},"properties":{"Plant_Name":"Broadview Energy KW, LLC","State":"New Mexico","PrimSource":"wind","Total_MW":142.6,"Utility_Na":"Pattern Operators LP","City":"Texico"}},{"type":"Feature","geometry":{"type":"Point","coordinates":[-118.0506,33.9129]},"properties":{"Plant_Name":"Building G","State":"California","PrimSource":"solar","Total_MW":1.2,"Utility_Na":"Golden Springs Development Company LLC","City":"Santa Fe Springs"}},{"type":"Feature","geometry":{"type":"Point","coordinates":[-118.0419,33.9129]},"properties":{"Plant_Name":"Buidling L","State":"California","PrimSource":"solar","Total_MW":1,"Utility_Na":"Golden Springs Development Company LLC","City":"Santa Fe Springs"}},{"type":"Feature","geometry":{"type":"Point","coordinates":[-117.5178,34.0301]},"properties":{"Plant_Name":"Dulles","State":"California","PrimSource":"solar","Total_MW":2,"Utility_Na":"Golden Springs Development Company LLC","City":"Jurupa Valley"}},{"type":"Feature","geometry":{"type":"Point","coordinates":[-118.0376,33.8926]},"properties":{"Plant_Name":"Freeway Springs","State":"California","PrimSource":"solar","Total_MW":2,"Utility_Na":"Golden Springs Development Company LLC","City":"Santa Fe Springs"}},{"type":"Feature","geometry":{"type":"Point","coordinates":[-118.2982,34.6557]},"properties":{"Plant_Name":"Solverde 1","State":"California","PrimSource":"solar","Total_MW":81,"Utility_Na":"AES Distributed Energy","City":"Lancaster"}},{"type":"Feature","geometry":{"type":"Point","coordinates":[-118.2807,34.6556]},"properties":{"Plant_Name":"Antelope DSR 1","State":"California","PrimSource":"solar","Total_MW":48,"Utility_Na":"AES Distributed Energy","City":"Lancaster"}},{"type":"Feature","geometry":{"type":"Point","coordinates":[-118.3117,34.6869]},"properties":{"Plant_Name":"Antelope DSR 2","State":"California","PrimSource":"solar","Total_MW":5,"Utility_Na":"AES Distributed Energy","City":"Lancaster"}},{"type":"Feature","geometry":{"type":"Point","coordinates":[-121.717,37.691]},"properties":{"Plant_Name":"Whitethorn Solar LLC","State":"California","PrimSource":"solar","Total_MW":3.3,"Utility_Na":"Whitethorn Solar LLC","City":"Livermore"}},{"type":"Feature","geometry":{"type":"Point","coordinates":[-106.7361,34.9861]},"properties":{"Plant_Name":"South Valley Solar Energy Center","State":"New Mexico","PrimSource":"solar","Total_MW":9.9,"Utility_Na":"PNM Resources","City":"Albuquerque"}},{"type":"Feature","geometry":{"type":"Point","coordinates":[-106.0609,35.5878]},"properties":{"Plant_Name":"Santa Fe Solar Energy Center","State":"New Mexico","PrimSource":"solar","Total_MW":9.3,"Utility_Na":"PNM Resources","City":"Santa Fe"}},{"type":"Feature","geometry":{"type":"Point","coordinates":[-106.8555,35.0297]},"properties":{"Plant_Name":"Santolina Solar Energy Center","State":"New Mexico","PrimSource":"solar","Total_MW":10.5,"Utility_Na":"PNM Resources","City":"Albuquerque"}},{"type":"Feature","geometry":{"type":"Point","coordinates":[-106.683,34.5826]},"properties":{"Plant_Name":"Rio Communities Solar Energy Center","State":"New Mexico","PrimSource":"solar","Total_MW":9.9,"Utility_Na":"PNM Resources","City":"Rio Communities"}},{"type":"Feature","geometry":{"type":"Point","coordinates":[-121.5055,38.6435]},"properties":{"Plant_Name":"Strata Roof 1","State":"California","PrimSource":"solar","Total_MW":1,"Utility_Na":"Strata Manager, LLC","City":"Sacramento"}},{"type":"Feature","geometry":{"type":"Point","coordinates":[-121.9529,37.4325]},"properties":{"Plant_Name":"Zero Waste Energy Development Co LLC","State":"California","PrimSource":"biomass","Total_MW":1.6,"Utility_Na":"Zero Waste Energy Development Company LLC","City":"San Jose"}},{"type":"Feature","geometry":{"type":"Point","coordinates":[-121.7814,37.2417]},"properties":{"Plant_Name":"Equinix San Jose","State":"California","PrimSource":"natural gas","Total_MW":1,"Utility_Na":"Bloom Energy","City":"San Jose"}},{"type":"Feature","geometry":{"type":"Point","coordinates":[-121.9638,37.3847]},"properties":{"Plant_Name":"Intel Santa Clara","State":"California","PrimSource":"natural gas","Total_MW":1,"Utility_Na":"Bloom Energy","City":"Santa Clara"}},{"type":"Feature","geometry":{"type":"Point","coordinates":[-121.1145,38.3399]},"properties":{"Plant_Name":"Rancho Seco Solar, LLC","State":"California","PrimSource":"solar","Total_MW":10.8,"Utility_Na":"Rancho Seco Solar, LLC","City":"Herald"}},{"type":"Feature","geometry":{"type":"Point","coordinates":[-112.3403,33.4098]},"properties":{"Plant_Name":"Estrella Mountain PV","State":"Arizona","PrimSource":"solar","Total_MW":1.8,"Utility_Na":"Tesla Inc.","City":"Avondale"}},{"type":"Feature","geometry":{"type":"Point","coordinates":[-117.2996,33.2111]},"properties":{"Plant_Name":"Genentech-Oceanside Hybrid","State":"California","PrimSource":"solar","Total_MW":6.5,"Utility_Na":"Tesla Inc.","City":"Oceanside"}},{"type":"Feature","geometry":{"type":"Point","coordinates":[-118.525,34.8253]},"properties":{"Plant_Name":"RE Garland","State":"California","PrimSource":"solar","Total_MW":268,"Utility_Na":"Southern Power Co","City":"Rosamond"}},{"type":"Feature","geometry":{"type":"Point","coordinates":[-115.5317,33.1621]},"properties":{"Plant_Name":"Midway Solar Farm II","State":"California","PrimSource":"solar","Total_MW":30,"Utility_Na":"Dominion Renewable Energy","City":"Calipatria"}},{"type":"Feature","geometry":{"type":"Point","coordinates":[-119.2434,35.1261]},"properties":{"Plant_Name":"Algonquin SKIC 10 Solar, LLC","State":"California","PrimSource":"solar","Total_MW":10,"Utility_Na":"Algonquin Power Co","City":"Taft"}},{"type":"Feature","geometry":{"type":"Point","coordinates":[-104.8919,40.4188]},"properties":{"Plant_Name":"Valley View Solar","State":"Colorado","PrimSource":"solar","Total_MW":4,"Utility_Na":"SR Clinch, LLC","City":"Greeley"}},{"type":"Feature","geometry":{"type":"Point","coordinates":[-104.8948,40.5779]},"properties":{"Plant_Name":"Skylark","State":"Colorado","PrimSource":"solar","Total_MW":4,"Utility_Na":"SR Clinch, LLC","City":"Severance"}},{"type":"Feature","geometry":{"type":"Point","coordinates":[-122.2311,37.5426]},"properties":{"Plant_Name":"Silicon Valley Clean Water","State":"California","PrimSource":"biomass","Total_MW":2.2,"Utility_Na":"Silicon Valley Clean Water","City":"Redwood City"}},{"type":"Feature","geometry":{"type":"Point","coordinates":[-117.7822,34.1086]},"properties":{"Plant_Name":"Weymouth Solar Plant","State":"California","PrimSource":"solar","Total_MW":3,"Utility_Na":"Metropolitan Water District of S CA","City":"La Verne"}},{"type":"Feature","geometry":{"type":"Point","coordinates":[-107.4865,32.572]},"properties":{"Plant_Name":"Alta Luna","State":"New Mexico","PrimSource":"solar","Total_MW":28.1,"Utility_Na":"TPE Alta Luna, LLC","City":"Deming"}},{"type":"Feature","geometry":{"type":"Point","coordinates":[-105.8668,42.7282]},"properties":{"Plant_Name":"Pioneer Wind Park, LLC","State":"Wyoming","PrimSource":"wind","Total_MW":80,"Utility_Na":"AES Distributed Energy","City":"Glenrock"}},{"type":"Feature","geometry":{"type":"Point","coordinates":[-114.908,36.408]},"properties":{"Plant_Name":"Playa Solar 2","State":"Nevada","PrimSource":"solar","Total_MW":100,"Utility_Na":"EDF Renewable Asset Holdings, Inc.","City":"North Las Vegas"}},{"type":"Feature","geometry":{"type":"Point","coordinates":[-122.7658,45.4005]},"properties":{"Plant_Name":"Durham AWTF","State":"Oregon","PrimSource":"biomass","Total_MW":1.6,"Utility_Na":"Clean Water Services","City":"Tigard"}},{"type":"Feature","geometry":{"type":"Point","coordinates":[-119.907,36.219]},"properties":{"Plant_Name":"Westside Solar Power PV1","State":"California","PrimSource":"solar","Total_MW":2,"Utility_Na":"Westside Assets LLC","City":"Lemoore"}},{"type":"Feature","geometry":{"type":"Point","coordinates":[-119.3873,35.211]},"properties":{"Plant_Name":"Castor Solar","State":"California","PrimSource":"solar","Total_MW":1.5,"Utility_Na":"ZGlobal Inc","City":"Dustin Acres"}},{"type":"Feature","geometry":{"type":"Point","coordinates":[-118.2877,34.6948]},"properties":{"Plant_Name":"Antelope Big Sky Ranch","State":"California","PrimSource":"solar","Total_MW":19,"Utility_Na":"AES Distributed Energy","City":"Lancaster"}},{"type":"Feature","geometry":{"type":"Point","coordinates":[-118.311,34.7147]},"properties":{"Plant_Name":"Summer Solar LLC","State":"California","PrimSource":"solar","Total_MW":19,"Utility_Na":"AES Distributed Energy","City":"Lancaster"}},{"type":"Feature","geometry":{"type":"Point","coordinates":[-118.3014,34.7055]},"properties":{"Plant_Name":"Central Antelope Dry Ranch B LLC","State":"California","PrimSource":"solar","Total_MW":3,"Utility_Na":"Central Antelope Dry Ranch B, LLC","City":"Lancaster"}},{"type":"Feature","geometry":{"type":"Point","coordinates":[-105.03,40.23]},"properties":{"Plant_Name":"SR Mavericks","State":"Colorado","PrimSource":"solar","Total_MW":7.8,"Utility_Na":"SR Mavericks, LLC","City":"Mead"}},{"type":"Feature","geometry":{"type":"Point","coordinates":[-110.0513,32.136]},"properties":{"Plant_Name":"Red Horse III","State":"Arizona","PrimSource":"solar","Total_MW":30,"Utility_Na":"Red Horse III","City":"Wilcox"}},{"type":"Feature","geometry":{"type":"Point","coordinates":[-106.0724,32.9213]},"properties":{"Plant_Name":"Holloman Solar Facility","State":"New Mexico","PrimSource":"solar","Total_MW":5,"Utility_Na":"El Paso Electric Co","City":"Holloman Air Force Ba"}},{"type":"Feature","geometry":{"type":"Point","coordinates":[-104.843,37.372]},"properties":{"Plant_Name":"San Isabel Solar, LLC","State":"Colorado","PrimSource":"solar","Total_MW":30,"Utility_Na":"San Isabel Solar, LLC","City":"Trinidad"}},{"type":"Feature","geometry":{"type":"Point","coordinates":[-112.9114,33.3328]},"properties":{"Plant_Name":"Mesquite Solar 2, LLC","State":"Arizona","PrimSource":"solar","Total_MW":100,"Utility_Na":"Consolidated Edison Development Inc.","City":"Tonopah"}},{"type":"Feature","geometry":{"type":"Point","coordinates":[-112.9368,33.3476]},"properties":{"Plant_Name":"Mesquite Solar 3, LLC","State":"Arizona","PrimSource":"solar","Total_MW":150,"Utility_Na":"Consolidated Edison Development Inc.","City":"Tonopah"}},{"type":"Feature","geometry":{"type":"Point","coordinates":[-118.2821,34.7165]},"properties":{"Plant_Name":"Portal Ridge Solar B, LLC","State":"California","PrimSource":"solar","Total_MW":20,"Utility_Na":"Portal Ridge Solar, LLC","City":"Lancaster"}},{"type":"Feature","geometry":{"type":"Point","coordinates":[-118.2739,34.7141]},"properties":{"Plant_Name":"Portal Ridge Solar C, LLC","State":"California","PrimSource":"solar","Total_MW":11.4,"Utility_Na":"Portal Ridge Solar, LLC","City":"Lancaster"}},{"type":"Feature","geometry":{"type":"Point","coordinates":[-115.5449,33.1548]},"properties":{"Plant_Name":"Midway Solar Farm III","State":"California","PrimSource":"solar","Total_MW":20,"Utility_Na":"Greenbacker Renewable Energy Corporation","City":"Calipatria"}},{"type":"Feature","geometry":{"type":"Point","coordinates":[-103.0922,34.7341]},"properties":{"Plant_Name":"Grady Wind Energy Center, LLC","State":"New Mexico","PrimSource":"wind","Total_MW":220.5,"Utility_Na":"Pattern Operators LP","City":"Clovis"}},{"type":"Feature","geometry":{"type":"Point","coordinates":[-105.1497,39.8596]},"properties":{"Plant_Name":"Jeffco Community Solar Gardens LLC","State":"Colorado","PrimSource":"solar","Total_MW":1.2,"Utility_Na":"SunShare Management","City":"Arvada"}},{"type":"Feature","geometry":{"type":"Point","coordinates":[-118.3352,34.8267]},"properties":{"Plant_Name":"Willow Spring Solar, LLC","State":"California","PrimSource":"solar","Total_MW":107.9,"Utility_Na":"Willow Spring Solar LLC","City":"Rosamond"}},{"type":"Feature","geometry":{"type":"Point","coordinates":[-117.3812,43.9367]},"properties":{"Plant_Name":"Grove Solar Center, LLC","State":"Oregon","PrimSource":"solar","Total_MW":6,"Utility_Na":"Cypress Creek Renewables","City":"Vale"}},{"type":"Feature","geometry":{"type":"Point","coordinates":[-117.0001,44.1513]},"properties":{"Plant_Name":"Hyline Solar Center, LLC","State":"Oregon","PrimSource":"solar","Total_MW":9,"Utility_Na":"Cypress Creek Renewables","City":"Ontario"}},{"type":"Feature","geometry":{"type":"Point","coordinates":[-117.0653,43.7968]},"properties":{"Plant_Name":"Open Range Solar Center, LLC","State":"Oregon","PrimSource":"solar","Total_MW":10,"Utility_Na":"Cypress Creek Renewables","City":"Nyssa"}},{"type":"Feature","geometry":{"type":"Point","coordinates":[-117.1012,43.998]},"properties":{"Plant_Name":"Railroad Solar Center, LLC","State":"Oregon","PrimSource":"solar","Total_MW":4.5,"Utility_Na":"Cypress Creek Renewables","City":"Ontario"}},{"type":"Feature","geometry":{"type":"Point","coordinates":[-116.9876,43.931]},"properties":{"Plant_Name":"Thunderegg Solar Center, LLC","State":"Oregon","PrimSource":"solar","Total_MW":10,"Utility_Na":"Cypress Creek Renewables","City":"Nyssa"}},{"type":"Feature","geometry":{"type":"Point","coordinates":[-117.2581,43.965]},"properties":{"Plant_Name":"Vale Air Solar Center, LLC","State":"Oregon","PrimSource":"solar","Total_MW":10,"Utility_Na":"Cypress Creek Renewables","City":"Vale"}},{"type":"Feature","geometry":{"type":"Point","coordinates":[-115.5728,33.1766]},"properties":{"Plant_Name":"Midway Solar Farm 1","State":"California","PrimSource":"solar","Total_MW":50,"Utility_Na":"83WI 8ME, LLC","City":"Calipatria"}},{"type":"Feature","geometry":{"type":"Point","coordinates":[-107.2498,33.1526]},"properties":{"Plant_Name":"Wal-Mart Truth or Consequences PV","State":"New Mexico","PrimSource":"solar","Total_MW":1,"Utility_Na":"SSA Solar of NM 3, LLC","City":"Truth or Consequences"}},{"type":"Feature","geometry":{"type":"Point","coordinates":[-115.1754,36.0874]},"properties":{"Plant_Name":"Solar Las Vegas MB 2, LLC","State":"Nevada","PrimSource":"solar","Total_MW":1.5,"Utility_Na":"NRG Solar Las Vegas MB 2","City":"Las Vegas"}},{"type":"Feature","geometry":{"type":"Point","coordinates":[-105.0111,40.8638]},"properties":{"Plant_Name":"Bison Solar LLC","State":"Colorado","PrimSource":"solar","Total_MW":30,"Utility_Na":"Bison Solar LLC","City":"Wellington"}},{"type":"Feature","geometry":{"type":"Point","coordinates":[-114.97,35.348]},"properties":{"Plant_Name":"Boulder Solar Power, LLC","State":"Nevada","PrimSource":"solar","Total_MW":100,"Utility_Na":"Southern Power Co","City":"Boulder City"}},{"type":"Feature","geometry":{"type":"Point","coordinates":[-109.9193,32.0628]},"properties":{"Plant_Name":"Sulphur Springs","State":"Arizona","PrimSource":"solar","Total_MW":20,"Utility_Na":"MN8 Energy LLC","City":"Cochise"}},{"type":"Feature","geometry":{"type":"Point","coordinates":[-121.8869,37.7192]},"properties":{"Plant_Name":"Santa Rita Jail Fuel Cell","State":"California","PrimSource":"natural gas","Total_MW":1.4,"Utility_Na":"SRJFC, LLC","City":"Dublin"}},{"type":"Feature","geometry":{"type":"Point","coordinates":[-118.4974,34.8215]},"properties":{"Plant_Name":"RE Garland A","State":"California","PrimSource":"solar","Total_MW":20,"Utility_Na":"Southern Power Co","City":"Rosamond"}},{"type":"Feature","geometry":{"type":"Point","coordinates":[-118.0688,35.2047]},"properties":{"Plant_Name":"RE Barren Ridge 1","State":"California","PrimSource":"solar","Total_MW":60,"Utility_Na":"RE Barren Ridge 1, LLC","City":"Mojave"}},{"type":"Feature","geometry":{"type":"Point","coordinates":[-104.456,33.45]},"properties":{"Plant_Name":"Chaves Solar, LLC","State":"New Mexico","PrimSource":"solar","Total_MW":70,"Utility_Na":"Chaves Solar LLC","City":"Roswell"}},{"type":"Feature","geometry":{"type":"Point","coordinates":[-104.4611,33.4529]},"properties":{"Plant_Name":"Roswell Solar, LLC","State":"New Mexico","PrimSource":"solar","Total_MW":70,"Utility_Na":"Roswell Solar, LLC","City":"Roswell"}},{"type":"Feature","geometry":{"type":"Point","coordinates":[-117.9955,36.2647]},"properties":{"Plant_Name":"Munro Valley Solar","State":"California","PrimSource":"solar","Total_MW":4,"Utility_Na":"Ecos Energy LLC","City":"Olancha"}},{"type":"Feature","geometry":{"type":"Point","coordinates":[-111.34,33.053]},"properties":{"Plant_Name":"Bonnybrooke PV","State":"Arizona","PrimSource":"solar","Total_MW":50,"Utility_Na":"Apple, Inc","City":"Florence"}},{"type":"Feature","geometry":{"type":"Point","coordinates":[-121.6886,47.6008]},"properties":{"Plant_Name":"Calligan Creek Hydroelectric Project","State":"Washington","PrimSource":"hydroelectric","Total_MW":7,"Utility_Na":"PUD No 1 of Snohomish County","City":"Snoqualmie"}},{"type":"Feature","geometry":{"type":"Point","coordinates":[-118.3253,38.8358]},"properties":{"Plant_Name":"Don A Campbell 2 Geothermal","State":"Nevada","PrimSource":"geothermal","Total_MW":13.3,"Utility_Na":"ORNI 37 LLC","City":"Luning"}},{"type":"Feature","geometry":{"type":"Point","coordinates":[-113.765,37.348]},"properties":{"Plant_Name":"Veyo Heat Recovery Project","State":"Utah","PrimSource":"other","Total_MW":8.4,"Utility_Na":"Utah Associated Mun Power Sys","City":"Gunlock"}},{"type":"Feature","geometry":{"type":"Point","coordinates":[-117.1815,33.5226]},"properties":{"Plant_Name":"RCWD PV Project","State":"California","PrimSource":"solar","Total_MW":3.9,"Utility_Na":"MN8 Energy LLC","City":"Murrieta"}},{"type":"Feature","geometry":{"type":"Point","coordinates":[-122.344,37.92]},"properties":{"Plant_Name":"CA Dept of Public Health at Richmond","State":"California","PrimSource":"solar","Total_MW":2.2,"Utility_Na":"California PV Energy LLC","City":"Richmond"}},{"type":"Feature","geometry":{"type":"Point","coordinates":[-113.1371,37.8271]},"properties":{"Plant_Name":"Three Peaks Power","State":"Utah","PrimSource":"solar","Total_MW":80,"Utility_Na":"Onward Energy","City":"Cedar City"}},{"type":"Feature","geometry":{"type":"Point","coordinates":[-121.9462,48.888]},"properties":{"Plant_Name":"Glacier Battery Storage","State":"Washington","PrimSource":"batteries","Total_MW":2,"Utility_Na":"Puget Sound Energy Inc","City":"Glacier"}},{"type":"Feature","geometry":{"type":"Point","coordinates":[-116.333,43.444]},"properties":{"Plant_Name":"ID Solar","State":"Idaho","PrimSource":"solar","Total_MW":40,"Utility_Na":"AES Distributed Energy","City":"Kuna"}},{"type":"Feature","geometry":{"type":"Point","coordinates":[-119.06,35.5346]},"properties":{"Plant_Name":"E&B Resources","State":"California","PrimSource":"solar","Total_MW":1,"Utility_Na":"Terraform Arcadia","City":"Bakersfield"}},{"type":"Feature","geometry":{"type":"Point","coordinates":[-112.343,39.1625]},"properties":{"Plant_Name":"Pavant Solar II LLC","State":"Utah","PrimSource":"solar","Total_MW":50,"Utility_Na":"Pavant Solar II LLC","City":"Fillmore"}},{"type":"Feature","geometry":{"type":"Point","coordinates":[-119.5665,36.1023]},"properties":{"Plant_Name":"Corcoran","State":"California","PrimSource":"solar","Total_MW":1.1,"Utility_Na":"Terraform Arcadia","City":"Corcoran"}},{"type":"Feature","geometry":{"type":"Point","coordinates":[-117.278,34.1726]},"properties":{"Plant_Name":"Waterman Turnout Hydroelectric","State":"California","PrimSource":"hydroelectric","Total_MW":1,"Utility_Na":"San Bernardino Valley Mun. Water Dist.","City":"San Bernardino"}},{"type":"Feature","geometry":{"type":"Point","coordinates":[-111.2892,32.551]},"properties":{"Plant_Name":"Red Rock","State":"Arizona","PrimSource":"batteries","Total_MW":81,"Utility_Na":"Arizona Public Service Co","City":"Red Rock"}},{"type":"Feature","geometry":{"type":"Point","coordinates":[-118.3026,34.6783]},"properties":{"Plant_Name":"Bayshore Solar B, LLC","State":"California","PrimSource":"solar","Total_MW":20,"Utility_Na":"AES Distributed Energy","City":"Lancaster"}},{"type":"Feature","geometry":{"type":"Point","coordinates":[-118.3141,34.6813]},"properties":{"Plant_Name":"Bayshore Solar C, LLC","State":"California","PrimSource":"solar","Total_MW":20,"Utility_Na":"AES Distributed Energy","City":"Lancaster"}},{"type":"Feature","geometry":{"type":"Point","coordinates":[-118.2981,34.6678]},"properties":{"Plant_Name":"Bayshore Solar A, LLC","State":"California","PrimSource":"solar","Total_MW":20,"Utility_Na":"AES Distributed Energy","City":"Lancaster"}},{"type":"Feature","geometry":{"type":"Point","coordinates":[-117.061,34.541]},"properties":{"Plant_Name":"Longboat Solar, LLC","State":"California","PrimSource":"solar","Total_MW":20,"Utility_Na":"Duke Energy Renewables Services","City":"Barstow"}},{"type":"Feature","geometry":{"type":"Point","coordinates":[-111.963,47.723]},"properties":{"Plant_Name":"Greenfield Wind - MT","State":"Montana","PrimSource":"wind","Total_MW":25,"Utility_Na":"Greenbacker Renewable Energy Corporation","City":"Fairfield"}},{"type":"Feature","geometry":{"type":"Point","coordinates":[-118.8119,35.3142]},"properties":{"Plant_Name":"Redwood 4 Solar Farm","State":"California","PrimSource":"solar","Total_MW":20,"Utility_Na":"54 KR 8me LLC","City":"Edison"}},{"type":"Feature","geometry":{"type":"Point","coordinates":[-118.0017,35.1712]},"properties":{"Plant_Name":"Springbok 3 Solar Farm Hybrid","State":"California","PrimSource":"solar","Total_MW":91.5,"Utility_Na":"64KT 8me LLC","City":"Cantil"}},{"type":"Feature","geometry":{"type":"Point","coordinates":[-104.8957,40.5795]},"properties":{"Plant_Name":"SR Skylark B","State":"Colorado","PrimSource":"solar","Total_MW":2,"Utility_Na":"SR Skylark B, LLC","City":"Severance"}},{"type":"Feature","geometry":{"type":"Point","coordinates":[-117.0226,33.2503]},"properties":{"Plant_Name":"Valley Center","State":"California","PrimSource":"solar","Total_MW":2.3,"Utility_Na":"Heelstone Energy Holdings, LLC","City":"Valley Center"}},{"type":"Feature","geometry":{"type":"Point","coordinates":[-104.6947,38.6021]},"properties":{"Plant_Name":"Clear Spring Ranch PV Project","State":"Colorado","PrimSource":"solar","Total_MW":10,"Utility_Na":"DG Colorado Solar, LLC","City":"Fountain"}},{"type":"Feature","geometry":{"type":"Point","coordinates":[-117.0588,33.2704]},"properties":{"Plant_Name":"NLP Granger","State":"California","PrimSource":"solar","Total_MW":3,"Utility_Na":"Heelstone Energy Holdings, LLC","City":"Valley Center"}},{"type":"Feature","geometry":{"type":"Point","coordinates":[-121.6897,47.5722]},"properties":{"Plant_Name":"Hancock Creek Hydroelectric Project","State":"Washington","PrimSource":"hydroelectric","Total_MW":7,"Utility_Na":"PUD No 1 of Snohomish County","City":"Snoqualmie"}},{"type":"Feature","geometry":{"type":"Point","coordinates":[-121.2284,44.068]},"properties":{"Plant_Name":"NorWest Energy 2, LLC","State":"Oregon","PrimSource":"solar","Total_MW":9.9,"Utility_Na":"Cypress Creek Renewables","City":"Bend"}},{"type":"Feature","geometry":{"type":"Point","coordinates":[-114.6962,33.6187]},"properties":{"Plant_Name":"Solar Blythe 2","State":"California","PrimSource":"solar","Total_MW":20,"Utility_Na":"NRG Solar Blythe II LLC","City":"Blythe"}},{"type":"Feature","geometry":{"type":"Point","coordinates":[-116.3496,33.2701]},"properties":{"Plant_Name":"Borrego Springs Energy Storage","State":"California","PrimSource":"batteries","Total_MW":1.5,"Utility_Na":"SDGE Batteries","City":"Borrego Springs"}},{"type":"Feature","geometry":{"type":"Point","coordinates":[-117.1136,33.3565]},"properties":{"Plant_Name":"Pala Energy Storage Yard","State":"California","PrimSource":"batteries","Total_MW":1,"Utility_Na":"SDGE Batteries","City":"Pala"}},{"type":"Feature","geometry":{"type":"Point","coordinates":[-117.5438,33.5621]},"properties":{"Plant_Name":"Ortega Highway Energy Storage","State":"California","PrimSource":"batteries","Total_MW":2,"Utility_Na":"SDGE Batteries","City":"San Juan Capistrano"}},{"type":"Feature","geometry":{"type":"Point","coordinates":[-117.1916,32.9591]},"properties":{"Plant_Name":"Canyon Crest Academy","State":"California","PrimSource":"batteries","Total_MW":1,"Utility_Na":"SDGE Batteries","City":"San Diego"}},{"type":"Feature","geometry":{"type":"Point","coordinates":[-117.0505,32.8115]},"properties":{"Plant_Name":"El Cajon Energy Storage","State":"California","PrimSource":"batteries","Total_MW":7.5,"Utility_Na":"San Diego Gas & Electric Co","City":"El Cajon"}},{"type":"Feature","geometry":{"type":"Point","coordinates":[-117.1143,33.1244]},"properties":{"Plant_Name":"Escondido Energy Storage","State":"California","PrimSource":"batteries","Total_MW":30,"Utility_Na":"San Diego Gas & Electric Co","City":"San Diego"}},{"type":"Feature","geometry":{"type":"Point","coordinates":[-117.1978,32.8778]},"properties":{"Plant_Name":"North City - Landfill Gas Engine North","State":"California","PrimSource":"biomass","Total_MW":1.4,"Utility_Na":"City of San Diego","City":"San Diego"}},{"type":"Feature","geometry":{"type":"Point","coordinates":[-113.5088,32.9941]},"properties":{"Plant_Name":"White Wing Solar","State":"Arizona","PrimSource":"solar","Total_MW":175,"Utility_Na":"Leeward Asset Management, LLC","City":"Yuma"}},{"type":"Feature","geometry":{"type":"Point","coordinates":[-118.3868,34.839]},"properties":{"Plant_Name":"Golden Fields Solar I, LLC","State":"California","PrimSource":"solar","Total_MW":54,"Utility_Na":"MN8 Energy LLC","City":"Rosamond"}},{"type":"Feature","geometry":{"type":"Point","coordinates":[-118.3868,34.839]},"properties":{"Plant_Name":"Solar Star California, XLI, LLC","State":"California","PrimSource":"solar","Total_MW":54,"Utility_Na":"MN8 Energy LLC","City":"Rosamond"}},{"type":"Feature","geometry":{"type":"Point","coordinates":[-118.2827,35.0461]},"properties":{"Plant_Name":"Voyager Wind I","State":"California","PrimSource":"wind","Total_MW":131.1,"Utility_Na":"Terra-Gen Operating Co-Wind","City":"Mojave"}},{"type":"Feature","geometry":{"type":"Point","coordinates":[-114.0118,35.3045]},"properties":{"Plant_Name":"Jacobson 5 MW Solar","State":"Arizona","PrimSource":"solar","Total_MW":4.4,"Utility_Na":"UNS Electric, Inc","City":"Kingman"}},{"type":"Feature","geometry":{"type":"Point","coordinates":[-120.3598,42.175]},"properties":{"Plant_Name":"BC Solar","State":"Oregon","PrimSource":"solar","Total_MW":8,"Utility_Na":"BC Solar","City":"Lakeview"}},{"type":"Feature","geometry":{"type":"Point","coordinates":[-103.8454,39.1721]},"properties":{"Plant_Name":"Rush Creek Wind","State":"Colorado","PrimSource":"wind","Total_MW":582.3,"Utility_Na":"Public Service Co of Colorado","City":"Matheson"}},{"type":"Feature","geometry":{"type":"Point","coordinates":[-119.9047,36.2289]},"properties":{"Plant_Name":"Henrietta D Energy Storage LLC","State":"California","PrimSource":"batteries","Total_MW":10,"Utility_Na":"Convergent Energy and Power LP","City":"Lemoore"}},{"type":"Feature","geometry":{"type":"Point","coordinates":[-114.884,35.9373]},"properties":{"Plant_Name":"Townsite Solar Project Hybrid","State":"Nevada","PrimSource":"solar","Total_MW":250,"Utility_Na":"Townsite Solar, LLC","City":"Boulder City"}},{"type":"Feature","geometry":{"type":"Point","coordinates":[-117.5609,34.0061]},"properties":{"Plant_Name":"Mira Loma Energy Storage Facility","State":"California","PrimSource":"batteries","Total_MW":20,"Utility_Na":"Southern California Edison Co","City":"Ontario"}},{"type":"Feature","geometry":{"type":"Point","coordinates":[-120.149,36.527]},"properties":{"Plant_Name":"San Joaquin Solar","State":"California","PrimSource":"solar","Total_MW":20,"Utility_Na":"GASNA 6P, LLC","City":"Helm"}},{"type":"Feature","geometry":{"type":"Point","coordinates":[-110.975,32.269]},"properties":{"Plant_Name":"Amphitheater High School Solar","State":"Arizona","PrimSource":"solar","Total_MW":1,"Utility_Na":"Luminace Solar Arizona 2, LLC","City":"Tucson"}},{"type":"Feature","geometry":{"type":"Point","coordinates":[-110.974,32.374]},"properties":{"Plant_Name":"Canyon Del Oro High School Solar","State":"Arizona","PrimSource":"solar","Total_MW":1.5,"Utility_Na":"Luminace Solar Arizona 2, LLC","City":"Oro Valley"}},{"type":"Feature","geometry":{"type":"Point","coordinates":[-106.5933,31.8111]},"properties":{"Plant_Name":"Nodal Power","State":"New Mexico","PrimSource":"biomass","Total_MW":3.2,"Utility_Na":"ENERGYneering Solutions, Inc","City":"Salt Lake City"}},{"type":"Feature","geometry":{"type":"Point","coordinates":[-117.9858,33.8068]},"properties":{"Plant_Name":"Stanton Energy Reliability Center Hybrid","State":"California","PrimSource":"natural gas","Total_MW":161,"Utility_Na":"Wellhead Services, Inc","City":"Stanton"}},{"type":"Feature","geometry":{"type":"Point","coordinates":[-104.7919,40.2321]},"properties":{"Plant_Name":"Weld 1 Community Solar Array","State":"Colorado","PrimSource":"solar","Total_MW":1.5,"Utility_Na":"MN8 Energy LLC","City":"Platteville"}},{"type":"Feature","geometry":{"type":"Point","coordinates":[-103.1451,40.61]},"properties":{"Plant_Name":"Logan 1 Community Solar Array","State":"Colorado","PrimSource":"solar","Total_MW":1.5,"Utility_Na":"MN8 Energy LLC","City":"Sterling"}},{"type":"Feature","geometry":{"type":"Point","coordinates":[-105.9824,37.1959]},"properties":{"Plant_Name":"Conejos 1 Community Solar Array","State":"Colorado","PrimSource":"solar","Total_MW":1.5,"Utility_Na":"MN8 Energy LLC","City":"La Jara"}},{"type":"Feature","geometry":{"type":"Point","coordinates":[-104.6742,39.6384]},"properties":{"Plant_Name":"Arapahoe 3 Community Solar Array","State":"Colorado","PrimSource":"solar","Total_MW":1.8,"Utility_Na":"MN8 Energy LLC","City":"Aurora"}},{"type":"Feature","geometry":{"type":"Point","coordinates":[-104.5834,39.7849]},"properties":{"Plant_Name":"Xcel Adams 2 Community Solar Array","State":"Colorado","PrimSource":"solar","Total_MW":1.5,"Utility_Na":"MN8 Energy LLC","City":"Watkins"}},{"type":"Feature","geometry":{"type":"Point","coordinates":[-104.5886,39.7655]},"properties":{"Plant_Name":"Xcel Adams 1 Community Solar Array","State":"Colorado","PrimSource":"solar","Total_MW":1.8,"Utility_Na":"MN8 Energy LLC","City":"Watkins"}},{"type":"Feature","geometry":{"type":"Point","coordinates":[-115.7793,32.7941]},"properties":{"Plant_Name":"SEPV Imperial Dixieland West","State":"California","PrimSource":"solar","Total_MW":2.9,"Utility_Na":"AES Distributed Energy","City":"Imperial"}},{"type":"Feature","geometry":{"type":"Point","coordinates":[-115.7734,32.792]},"properties":{"Plant_Name":"SEPV Imperial Dixieland East","State":"California","PrimSource":"solar","Total_MW":1.9,"Utility_Na":"AES Distributed Energy","City":"Imperial"}},{"type":"Feature","geometry":{"type":"Point","coordinates":[-115.9554,43.2884]},"properties":{"Plant_Name":"Simcoe Solar","State":"Idaho","PrimSource":"solar","Total_MW":20,"Utility_Na":"Simcoe Solar","City":"Mountain Home"}},{"type":"Feature","geometry":{"type":"Point","coordinates":[-117.833,33.691]},"properties":{"Plant_Name":"PPA Grand","State":"California","PrimSource":"batteries","Total_MW":2,"Utility_Na":"esVolta LP","City":"Irvine"}},{"type":"Feature","geometry":{"type":"Point","coordinates":[-104.433,39.795]},"properties":{"Plant_Name":"Victory Solar LLC","State":"Colorado","PrimSource":"solar","Total_MW":12.8,"Utility_Na":"Duke Energy Renewables Services","City":"Bennett"}},{"type":"Feature","geometry":{"type":"Point","coordinates":[-112.6944,32.975]},"properties":{"Plant_Name":"Gila River Power Block 2","State":"Arizona","PrimSource":"natural gas","Total_MW":570,"Utility_Na":"Salt River Project","City":"Gila Bend"}},{"type":"Feature","geometry":{"type":"Point","coordinates":[-119.898,36.24]},"properties":{"Plant_Name":"American Kings Solar, LLC","State":"California","PrimSource":"solar","Total_MW":128,"Utility_Na":"MN8 Energy LLC","City":"Lemoore"}},{"type":"Feature","geometry":{"type":"Point","coordinates":[-117.6937,39.667]},"properties":{"Plant_Name":"Tungsten Mountain","State":"Nevada","PrimSource":"geothermal","Total_MW":53.7,"Utility_Na":"Tungsten Mountain","City":"Fallon"}},{"type":"Feature","geometry":{"type":"Point","coordinates":[-117.5658,34.0384]},"properties":{"Plant_Name":"PVN Milliken, LLC","State":"California","PrimSource":"solar","Total_MW":3,"Utility_Na":"PVN Milliken, LLC","City":"Ontario"}},{"type":"Feature","geometry":{"type":"Point","coordinates":[-116.6396,33.5553]},"properties":{"Plant_Name":"SunAnza","State":"California","PrimSource":"batteries","Total_MW":7.8,"Utility_Na":"Arizona Electric Pwr Coop Inc","City":"Anza"}},{"type":"Feature","geometry":{"type":"Point","coordinates":[-114.8748,36.3587]},"properties":{"Plant_Name":"Republic Services Renewable Energy, LLC","State":"Nevada","PrimSource":"biomass","Total_MW":6.6,"Utility_Na":"Republic Services Renewable Energy, LLC","City":"Las Vegas"}},{"type":"Feature","geometry":{"type":"Point","coordinates":[-104.524,38.2844]},"properties":{"Plant_Name":"CEC Solar #1117, LLC","State":"Colorado","PrimSource":"solar","Total_MW":1.5,"Utility_Na":"Clean Focus Renewables, Inc.","City":"Pueblo"}},{"type":"Feature","geometry":{"type":"Point","coordinates":[-123.0207,38.7696]},"properties":{"Plant_Name":"Cloverdale Solar Center","State":"California","PrimSource":"solar","Total_MW":1,"Utility_Na":"Adapture Renewables, Inc.","City":"Cloverdale"}},{"type":"Feature","geometry":{"type":"Point","coordinates":[-111.9822,41.099]},"properties":{"Plant_Name":"Weber State University - Davis Campus PV","State":"Utah","PrimSource":"solar","Total_MW":1.3,"Utility_Na":"Tesla Inc.","City":"Layton"}},{"type":"Feature","geometry":{"type":"Point","coordinates":[-111.8924,33.2433]},"properties":{"Plant_Name":"Intel - Ocotillo Campus Solar","State":"Arizona","PrimSource":"solar","Total_MW":4.2,"Utility_Na":"Tesla Inc.","City":"Chandler"}},{"type":"Feature","geometry":{"type":"Point","coordinates":[-116.1989,33.7087]},"properties":{"Plant_Name":"Valley Sanitary District WTP Solar","State":"California","PrimSource":"solar","Total_MW":1,"Utility_Na":"Tesla Inc.","City":"Indio"}},{"type":"Feature","geometry":{"type":"Point","coordinates":[-115.9748,33.5401]},"properties":{"Plant_Name":"Colgreen North Shore Solar Farm","State":"California","PrimSource":"solar","Total_MW":74.8,"Utility_Na":"Sunpin Holdings, LLC","City":"Mecca"}},{"type":"Feature","geometry":{"type":"Point","coordinates":[-112.8348,33.3488]},"properties":{"Plant_Name":"Sun Streams, LLC","State":"Arizona","PrimSource":"solar","Total_MW":160,"Utility_Na":"EDP Renewables North America LLC","City":"Arlington"}},{"type":"Feature","geometry":{"type":"Point","coordinates":[-121.9478,38.3908]},"properties":{"Plant_Name":"Genentech Vacaville Meter #1","State":"California","PrimSource":"solar","Total_MW":6.1,"Utility_Na":"Tesla Inc.","City":"Vacaville"}},{"type":"Feature","geometry":{"type":"Point","coordinates":[-121.3979,38.6014]},"properties":{"Plant_Name":"US GSA - Sacramento","State":"California","PrimSource":"solar","Total_MW":1.1,"Utility_Na":"Tesla Inc.","City":"Sacramento"}},{"type":"Feature","geometry":{"type":"Point","coordinates":[-121.343,38.565]},"properties":{"Plant_Name":"Dept of General Services -FTB","State":"California","PrimSource":"solar","Total_MW":2.7,"Utility_Na":"California PV Energy 2, LLC","City":"Sacramento"}},{"type":"Feature","geometry":{"type":"Point","coordinates":[-121.7565,45.3705]},"properties":{"Plant_Name":"Timothy Lake Powerhouse","State":"Oregon","PrimSource":"hydroelectric","Total_MW":1.1,"Utility_Na":"Portland General Electric Co","City":"Estacada"}},{"type":"Feature","geometry":{"type":"Point","coordinates":[-117.9228,34.5119]},"properties":{"Plant_Name":"Solar Star California, XLIV, LLC","State":"California","PrimSource":"solar","Total_MW":9.5,"Utility_Na":"MN8 Energy LLC","City":"Pearblossom"}},{"type":"Feature","geometry":{"type":"Point","coordinates":[-114.944,35.85]},"properties":{"Plant_Name":"Boulder Solar II, LLC","State":"Nevada","PrimSource":"solar","Total_MW":50,"Utility_Na":"Invenergy Services LLC","City":"Boulder City"}},{"type":"Feature","geometry":{"type":"Point","coordinates":[-112.3598,39.1545]},"properties":{"Plant_Name":"Pavant Solar III","State":"Utah","PrimSource":"solar","Total_MW":20,"Utility_Na":"Invenergy Services LLC","City":"Filmore"}},{"type":"Feature","geometry":{"type":"Point","coordinates":[-118.2847,33.7661]},"properties":{"Plant_Name":"Westmont 300B","State":"California","PrimSource":"solar","Total_MW":2.3,"Utility_Na":"Altus Power America Management, LLC","City":"San Pedro"}},{"type":"Feature","geometry":{"type":"Point","coordinates":[-119.6815,36.1852]},"properties":{"Plant_Name":"Verwey-Hanford Dairy Digester #1","State":"California","PrimSource":"biomass","Total_MW":1,"Utility_Na":"AlsoEnergy","City":"Hanford"}},{"type":"Feature","geometry":{"type":"Point","coordinates":[-116.129,32.6212]},"properties":{"Plant_Name":"Jacumba Solar Farm","State":"California","PrimSource":"solar","Total_MW":20,"Utility_Na":"Invenergy Services LLC","City":"Jacumba"}},{"type":"Feature","geometry":{"type":"Point","coordinates":[-118.0122,36.2751]},"properties":{"Plant_Name":"Owens Valley Solar Project 11","State":"California","PrimSource":"solar","Total_MW":1,"Utility_Na":"Los Angeles Department of Water & Power","City":"Olancha"}},{"type":"Feature","geometry":{"type":"Point","coordinates":[-118.4298,33.9254]},"properties":{"Plant_Name":"Hyperion Treatment Plant CHP Plant","State":"California","PrimSource":"biomass","Total_MW":22,"Utility_Na":"Constellation New Energy Inc.","City":"Playa del Rey"}},{"type":"Feature","geometry":{"type":"Point","coordinates":[-109.8904,32.0681]},"properties":{"Plant_Name":"Apache Solar I","State":"Arizona","PrimSource":"solar","Total_MW":40,"Utility_Na":"Arizona Electric Pwr Coop Inc","City":"Cochise"}},{"type":"Feature","geometry":{"type":"Point","coordinates":[-118.2837,34.1623]},"properties":{"Plant_Name":"Glendale Battery Energy Storage System","State":"California","PrimSource":"batteries","Total_MW":2,"Utility_Na":"City of Glendale - (CA)","City":"Glendale"}},{"type":"Feature","geometry":{"type":"Point","coordinates":[-120.1385,36.3769]},"properties":{"Plant_Name":"Whitney Point Solar","State":"California","PrimSource":"solar","Total_MW":20,"Utility_Na":"Whitney Point Solar, LLC","City":"Five Points"}},{"type":"Feature","geometry":{"type":"Point","coordinates":[-121.228,44.061]},"properties":{"Plant_Name":"OSLH, LLC","State":"Oregon","PrimSource":"solar","Total_MW":9.9,"Utility_Na":"OSLH, LLC","City":"Bend"}},{"type":"Feature","geometry":{"type":"Point","coordinates":[-117.8887,33.8791]},"properties":{"Plant_Name":"CSUF State College","State":"California","PrimSource":"solar","Total_MW":1,"Utility_Na":"MN8 Energy LLC","City":"Fullerton"}},{"type":"Feature","geometry":{"type":"Point","coordinates":[-117.8887,33.8791]},"properties":{"Plant_Name":"CSUF Nutwood Solar","State":"California","PrimSource":"solar","Total_MW":1.9,"Utility_Na":"MN8 Energy LLC","City":"Fullerton"}},{"type":"Feature","geometry":{"type":"Point","coordinates":[-120.1345,36.3818]},"properties":{"Plant_Name":"NextEra Westside PV","State":"California","PrimSource":"solar","Total_MW":20,"Utility_Na":"Westside Solar, LLC","City":"Five Points"}},{"type":"Feature","geometry":{"type":"Point","coordinates":[-117.2051,32.7294]},"properties":{"Plant_Name":"Lindberg Field Solar 2","State":"California","PrimSource":"solar","Total_MW":1.9,"Utility_Na":"Lindberg Field Solar 2, LLC","City":"San Diego"}},{"type":"Feature","geometry":{"type":"Point","coordinates":[-103.2506,33.3596]},"properties":{"Plant_Name":"Sterling I Wind Farm","State":"New Mexico","PrimSource":"wind","Total_MW":29.9,"Utility_Na":"AEM Wind LLC","City":"Tatum"}},{"type":"Feature","geometry":{"type":"Point","coordinates":[-116.8607,33.0185]},"properties":{"Plant_Name":"Ramona Solar Energy","State":"California","PrimSource":"solar","Total_MW":3.7,"Utility_Na":"San Diego Gas & Electric Co","City":"Ramona"}},{"type":"Feature","geometry":{"type":"Point","coordinates":[-110.8191,32.0985]},"properties":{"Plant_Name":"Iron Horse Battery Storage Hybrid","State":"Arizona","PrimSource":"batteries","Total_MW":12,"Utility_Na":"RWE Renewables Americas, LLC","City":"Tucson"}},{"type":"Feature","geometry":{"type":"Point","coordinates":[-121.5865,38.6902]},"properties":{"Plant_Name":"SCDA Solar 1","State":"California","PrimSource":"solar","Total_MW":7,"Utility_Na":"SCDA Solar 1, LLC","City":"Sacramento"}},{"type":"Feature","geometry":{"type":"Point","coordinates":[-122.3772,37.9453]},"properties":{"Plant_Name":"Marin Clean Energy Solar One","State":"California","PrimSource":"solar","Total_MW":10.5,"Utility_Na":"AES Distributed Energy","City":"Richmond"}},{"type":"Feature","geometry":{"type":"Point","coordinates":[-102.546,37.773]},"properties":{"Plant_Name":"Twin Buttes II Wind","State":"Colorado","PrimSource":"wind","Total_MW":75,"Utility_Na":"Avangrid Power LLC","City":"Lamar"}},{"type":"Feature","geometry":{"type":"Point","coordinates":[-105.74,34.81]},"properties":{"Plant_Name":"La Joya NM","State":"New Mexico","PrimSource":"wind","Total_MW":306.2,"Utility_Na":"Avangrid Power LLC","City":"Encino"}},{"type":"Feature","geometry":{"type":"Point","coordinates":[-120.918,44.1843]},"properties":{"Plant_Name":"Solar Star Oregon II","State":"Oregon","PrimSource":"solar","Total_MW":56,"Utility_Na":"Avangrid Power LLC","City":"Prineville"}},{"type":"Feature","geometry":{"type":"Point","coordinates":[-118.221,34.691]},"properties":{"Plant_Name":"Foundation CDCR LAC","State":"California","PrimSource":"wind","Total_MW":1.9,"Utility_Na":"Foundation CA Fund VIII Manager, LLC","City":"Lancaster"}},{"type":"Feature","geometry":{"type":"Point","coordinates":[-121.1916,36.2745]},"properties":{"Plant_Name":"Foundation Scheid Vineyards","State":"California","PrimSource":"wind","Total_MW":1.9,"Utility_Na":"Foundation CA Fund VIII Manager, LLC","City":"Greenfield"}},{"type":"Feature","geometry":{"type":"Point","coordinates":[-118.1916,38.5469]},"properties":{"Plant_Name":"Luning Energy","State":"Nevada","PrimSource":"solar","Total_MW":50,"Utility_Na":"Liberty Utilities (CalPeco Electric) LLC","City":"Luning"}},{"type":"Feature","geometry":{"type":"Point","coordinates":[-117.0614,40.7184]},"properties":{"Plant_Name":"Battle Mountain Solar Project","State":"Nevada","PrimSource":"solar","Total_MW":126,"Utility_Na":"Consolidated Edison Development Inc.","City":"Battle Mountain"}},{"type":"Feature","geometry":{"type":"Point","coordinates":[-110.9906,32.1461]},"properties":{"Plant_Name":"Pima Community College - East Campus","State":"Arizona","PrimSource":"solar","Total_MW":1.3,"Utility_Na":"Tesla Inc.","City":"Tucson"}},{"type":"Feature","geometry":{"type":"Point","coordinates":[-116.9888,32.6825]},"properties":{"Plant_Name":"Vanadium Redox Flow Battery Plant","State":"California","PrimSource":"batteries","Total_MW":2,"Utility_Na":"SDGE Batteries","City":"Bonita"}},{"type":"Feature","geometry":{"type":"Point","coordinates":[-121.2162,37.8401]},"properties":{"Plant_Name":"Manteca Land PV","State":"California","PrimSource":"solar","Total_MW":1,"Utility_Na":"AES Distributed Energy","City":"Manteca"}},{"type":"Feature","geometry":{"type":"Point","coordinates":[-119.3444,35.7612]},"properties":{"Plant_Name":"Delano Land 1","State":"California","PrimSource":"solar","Total_MW":1,"Utility_Na":"AES Distributed Energy","City":"Delano"}},{"type":"Feature","geometry":{"type":"Point","coordinates":[-118.9815,35.325]},"properties":{"Plant_Name":"Bakersfield PV 1","State":"California","PrimSource":"solar","Total_MW":5.3,"Utility_Na":"AES Distributed Energy","City":"Bakersfield"}},{"type":"Feature","geometry":{"type":"Point","coordinates":[-118.9931,35.33]},"properties":{"Plant_Name":"Bakersfield Industrial PV 1","State":"California","PrimSource":"solar","Total_MW":1,"Utility_Na":"AES Distributed Energy","City":"Bakersfield"}},{"type":"Feature","geometry":{"type":"Point","coordinates":[-113.2167,37.6582]},"properties":{"Plant_Name":"Quichapa 1","State":"Utah","PrimSource":"solar","Total_MW":3,"Utility_Na":"Quichapa 1 LLC","City":"Cedar City"}},{"type":"Feature","geometry":{"type":"Point","coordinates":[-113.189,37.6668]},"properties":{"Plant_Name":"Quichapa 2","State":"Utah","PrimSource":"solar","Total_MW":3,"Utility_Na":"Quichapa 2 LLC","City":"Cedar City"}},{"type":"Feature","geometry":{"type":"Point","coordinates":[-113.2369,37.6498]},"properties":{"Plant_Name":"Quichapa 3","State":"Utah","PrimSource":"solar","Total_MW":3,"Utility_Na":"Quichapa 3 LLC","City":"Cedar City"}},{"type":"Feature","geometry":{"type":"Point","coordinates":[-121.1626,38.646]},"properties":{"Plant_Name":"Intel Folsom Phase 3","State":"California","PrimSource":"solar","Total_MW":5.2,"Utility_Na":"Tesla Inc.","City":"Folsom"}},{"type":"Feature","geometry":{"type":"Point","coordinates":[-121.9445,37.4176]},"properties":{"Plant_Name":"AT&T Holger","State":"California","PrimSource":"natural gas","Total_MW":1.3,"Utility_Na":"Bloom Energy","City":"San Jose"}},{"type":"Feature","geometry":{"type":"Point","coordinates":[-117.9169,33.8364]},"properties":{"Plant_Name":"AT&T Anaheim","State":"California","PrimSource":"natural gas","Total_MW":1.3,"Utility_Na":"Bloom Energy","City":"Anaheim"}},{"type":"Feature","geometry":{"type":"Point","coordinates":[-109.6492,45.8554]},"properties":{"Plant_Name":"Big Timber Wind Farm","State":"Montana","PrimSource":"wind","Total_MW":25,"Utility_Na":"Consolidated Edison Development Inc.","City":"Big Timber"}},{"type":"Feature","geometry":{"type":"Point","coordinates":[-107.5875,31.8667]},"properties":{"Plant_Name":"Columbus Solar Project","State":"New Mexico","PrimSource":"solar","Total_MW":1.9,"Utility_Na":"Exus New Mexico","City":"Columbus"}},{"type":"Feature","geometry":{"type":"Point","coordinates":[-117.977,35.2237]},"properties":{"Plant_Name":"Eland Solar & Storage Center, Phase 1 Hy","State":"California","PrimSource":"solar","Total_MW":350,"Utility_Na":"68SF 8me LLC","City":"Mojave"}},{"type":"Feature","geometry":{"type":"Point","coordinates":[-108.0023,38.492]},"properties":{"Plant_Name":"Shavano Falls Hydro","State":"Colorado","PrimSource":"hydroelectric","Total_MW":2.8,"Utility_Na":"Shavano Falls Hydro LLC","City":"Montrose"}},{"type":"Feature","geometry":{"type":"Point","coordinates":[-107.7767,38.4505]},"properties":{"Plant_Name":"Shavano Falls Hydro Drop 4","State":"Colorado","PrimSource":"hydroelectric","Total_MW":4.5,"Utility_Na":"Shavano Falls Hydro LLC - Drop 4 Project","City":"Montrose"}},{"type":"Feature","geometry":{"type":"Point","coordinates":[-107.8102,38.4044]},"properties":{"Plant_Name":"Drop 5","State":"Colorado","PrimSource":"hydroelectric","Total_MW":2.4,"Utility_Na":"Drop 5 Hydro LLC","City":"Montrose"}},{"type":"Feature","geometry":{"type":"Point","coordinates":[-115.2808,36.0689]},"properties":{"Plant_Name":"IKEA Las Vegas 462","State":"Nevada","PrimSource":"solar","Total_MW":1,"Utility_Na":"IKEA Property Inc","City":"Las Vegas"}},{"type":"Feature","geometry":{"type":"Point","coordinates":[-110.9913,32.2516]},"properties":{"Plant_Name":"Pima Energy Storage System","State":"Arizona","PrimSource":"batteries","Total_MW":10,"Utility_Na":"Pima Energy Storage System","City":"Tucson"}},{"type":"Feature","geometry":{"type":"Point","coordinates":[-112.2177,33.4472]},"properties":{"Plant_Name":"T0588 Phoenix - AZ","State":"Arizona","PrimSource":"solar","Total_MW":1.2,"Utility_Na":"SoCore Energy LLC","City":"Phoenix"}},{"type":"Feature","geometry":{"type":"Point","coordinates":[-122.7813,42.5421]},"properties":{"Plant_Name":"OR Solar 2, LLC","State":"Oregon","PrimSource":"solar","Total_MW":10,"Utility_Na":"OR Solar 2, LLC","City":"Eagle Point"}},{"type":"Feature","geometry":{"type":"Point","coordinates":[-121.4189,42.0223]},"properties":{"Plant_Name":"OR Solar 3, LLC","State":"Oregon","PrimSource":"solar","Total_MW":10,"Utility_Na":"Heelstone Energy Holdings, LLC","City":"Malin"}},{"type":"Feature","geometry":{"type":"Point","coordinates":[-115.5672,32.6788]},"properties":{"Plant_Name":"Mount Signal Solar Farm V","State":"California","PrimSource":"solar","Total_MW":252.3,"Utility_Na":"Imperial Valley Solar 3, LLC","City":"Calexico"}},{"type":"Feature","geometry":{"type":"Point","coordinates":[-118.0997,33.7702]},"properties":{"Plant_Name":"AES ES Alamitos, LLC","State":"California","PrimSource":"batteries","Total_MW":100,"Utility_Na":"AES ES Alamitos, LLC","City":"Long Beach"}},{"type":"Feature","geometry":{"type":"Point","coordinates":[-121.4637,38.4486]},"properties":{"Plant_Name":"Sacramento Regional County Sanitation PV","State":"California","PrimSource":"solar","Total_MW":3.5,"Utility_Na":"Tesla Inc.","City":"Elk Grove"}},{"type":"Feature","geometry":{"type":"Point","coordinates":[-117.931,34.597]},"properties":{"Plant_Name":"Green Beanworks C PV","State":"California","PrimSource":"solar","Total_MW":3,"Utility_Na":"AES Distributed Energy","City":"Palmdale"}},{"type":"Feature","geometry":{"type":"Point","coordinates":[-118.0822,34.655]},"properties":{"Plant_Name":"Green Beanworks D PV","State":"California","PrimSource":"solar","Total_MW":3,"Utility_Na":"AES Distributed Energy","City":"Palmdale"}},{"type":"Feature","geometry":{"type":"Point","coordinates":[-114.3958,42.7628]},"properties":{"Plant_Name":"Head of U Canal Hydro Project","State":"Idaho","PrimSource":"hydroelectric","Total_MW":1.2,"Utility_Na":"North Side Energy Company","City":"Jerome"}},{"type":"Feature","geometry":{"type":"Point","coordinates":[-121.6302,37.7692]},"properties":{"Plant_Name":"Golden Hills North Wind Energy Center","State":"California","PrimSource":"wind","Total_MW":46,"Utility_Na":"Golden Hills Interconnection Wind, LLC","City":"Livermore"}},{"type":"Feature","geometry":{"type":"Point","coordinates":[-118.2889,33.7661]},"properties":{"Plant_Name":"Westmont 300A","State":"California","PrimSource":"solar","Total_MW":2.9,"Utility_Na":"Altus Power America Management, LLC","City":"San Pedro"}},{"type":"Feature","geometry":{"type":"Point","coordinates":[-118.2587,33.9779]},"properties":{"Plant_Name":"USPS PV","State":"California","PrimSource":"solar","Total_MW":7.4,"Utility_Na":"Altus Power America Management, LLC","City":"Los Angeles"}},{"type":"Feature","geometry":{"type":"Point","coordinates":[-118.3092,34.745]},"properties":{"Plant_Name":"Antelope Expansion 2","State":"California","PrimSource":"solar","Total_MW":105,"Utility_Na":"AES Distributed Energy","City":"Lancaster"}},{"type":"Feature","geometry":{"type":"Point","coordinates":[-118.3041,34.7369]},"properties":{"Plant_Name":"Antelope DSR 3","State":"California","PrimSource":"solar","Total_MW":20,"Utility_Na":"AES Distributed Energy","City":"Lancaster"}},{"type":"Feature","geometry":{"type":"Point","coordinates":[-110.2639,36.7719]},"properties":{"Plant_Name":"Kayenta Solar Project","State":"Arizona","PrimSource":"solar","Total_MW":55.3,"Utility_Na":"NGI-Kayenta Solar Lessor I, LLC","City":"Kayenta"}},{"type":"Feature","geometry":{"type":"Point","coordinates":[-113.8978,35.3635]},"properties":{"Plant_Name":"Gray Hawk Solar","State":"Arizona","PrimSource":"solar","Total_MW":55,"Utility_Na":"Gray Hawk Solar, LLC","City":"Kingman"}},{"type":"Feature","geometry":{"type":"Point","coordinates":[-121.2372,44.0608]},"properties":{"Plant_Name":"Bear Creek Solar Center","State":"Oregon","PrimSource":"solar","Total_MW":10,"Utility_Na":"GCL New Energy, Inc.","City":"Bend"}},{"type":"Feature","geometry":{"type":"Point","coordinates":[-109.5652,45.7038]},"properties":{"Plant_Name":"River Bend Solar, LLC","State":"Montana","PrimSource":"solar","Total_MW":2,"Utility_Na":"Adapture Renewables, Inc.","City":"Reed Point"}},{"type":"Feature","geometry":{"type":"Point","coordinates":[-107.6326,45.7301]},"properties":{"Plant_Name":"South Mills Solar, LLC","State":"Montana","PrimSource":"solar","Total_MW":3,"Utility_Na":"Adapture Renewables, Inc.","City":"Hardin"}},{"type":"Feature","geometry":{"type":"Point","coordinates":[-112.0636,46.6945]},"properties":{"Plant_Name":"Green Meadow Solar, LLC","State":"Montana","PrimSource":"solar","Total_MW":3,"Utility_Na":"Adapture Renewables, Inc.","City":"Helena"}},{"type":"Feature","geometry":{"type":"Point","coordinates":[-122.2737,38.0225]},"properties":{"Plant_Name":"Bio-Rad","State":"California","PrimSource":"solar","Total_MW":2.4,"Utility_Na":"Vista Solar, Inc.","City":"Hercules"}},{"type":"Feature","geometry":{"type":"Point","coordinates":[-119.5669,36.1408]},"properties":{"Plant_Name":"CID Solar (CA)","State":"California","PrimSource":"solar","Total_MW":2,"Utility_Na":"DG California Solar LLC","City":"Corcoran"}},{"type":"Feature","geometry":{"type":"Point","coordinates":[-122.6644,46.8507]},"properties":{"Plant_Name":"Skookumchuck Wind Facility","State":"Washington","PrimSource":"wind","Total_MW":136.8,"Utility_Na":"Southern Power Co","City":"Rainier"}},{"type":"Feature","geometry":{"type":"Point","coordinates":[-123.0079,44.8598]},"properties":{"Plant_Name":"Rafael Solar","State":"Oregon","PrimSource":"solar","Total_MW":2.2,"Utility_Na":"Rafael Solar LLC","City":"Salem"}},{"type":"Feature","geometry":{"type":"Point","coordinates":[-122.912,45.172]},"properties":{"Plant_Name":"Case Creek Solar","State":"Oregon","PrimSource":"solar","Total_MW":2.2,"Utility_Na":"Case Creek Solar LLC","City":"Woodburn"}},{"type":"Feature","geometry":{"type":"Point","coordinates":[-122.904,45.083]},"properties":{"Plant_Name":"Kale Patch Solar","State":"Oregon","PrimSource":"solar","Total_MW":2.2,"Utility_Na":"Kale Patch Solar LLC","City":"Gervais"}},{"type":"Feature","geometry":{"type":"Point","coordinates":[-123.129,45.472]},"properties":{"Plant_Name":"O'Neill Creek Solar","State":"Oregon","PrimSource":"solar","Total_MW":2.2,"Utility_Na":"O'Neill Creek Solar LLC","City":"Gaston"}},{"type":"Feature","geometry":{"type":"Point","coordinates":[-104.5859,39.7776]},"properties":{"Plant_Name":"Mtn. Solar 1","State":"Colorado","PrimSource":"solar","Total_MW":1.5,"Utility_Na":"Standard Solar","City":"Watkins"}},{"type":"Feature","geometry":{"type":"Point","coordinates":[-104.5905,39.7668]},"properties":{"Plant_Name":"Mtn. Solar 2","State":"Colorado","PrimSource":"solar","Total_MW":1.5,"Utility_Na":"Standard Solar","City":"Watkins"}},{"type":"Feature","geometry":{"type":"Point","coordinates":[-104.5834,39.7849]},"properties":{"Plant_Name":"CO LI CSG 1 - Kamerra","State":"Colorado","PrimSource":"solar","Total_MW":1.5,"Utility_Na":"Standard Solar","City":"Watkins"}},{"type":"Feature","geometry":{"type":"Point","coordinates":[-118.2385,33.7787]},"properties":{"Plant_Name":"Valero Wilmington Cogeneration Plant","State":"California","PrimSource":"natural gas","Total_MW":32.2,"Utility_Na":"Valero Wilmington","City":"Wilmington"}},{"type":"Feature","geometry":{"type":"Point","coordinates":[-115.355,33.7513]},"properties":{"Plant_Name":"Athos Solar Project","State":"California","PrimSource":"solar","Total_MW":250,"Utility_Na":"SE Athos I, LLC","City":"Desert Center"}},{"type":"Feature","geometry":{"type":"Point","coordinates":[-120.4,42.16]},"properties":{"Plant_Name":"Garrett Solar","State":"Oregon","PrimSource":"solar","Total_MW":10,"Utility_Na":"SOLV Energy, LLC","City":"Lakeview"}},{"type":"Feature","geometry":{"type":"Point","coordinates":[-117.9961,33.8786]},"properties":{"Plant_Name":"Alticor Inc - Solar Project","State":"California","PrimSource":"solar","Total_MW":1.1,"Utility_Na":"MN8 Energy LLC","City":"Buena Park"}},{"type":"Feature","geometry":{"type":"Point","coordinates":[-118.0684,34.0047]},"properties":{"Plant_Name":"Yorktown Battery Energy Storage Facility","State":"California","PrimSource":"batteries","Total_MW":3,"Utility_Na":"Southern California Edison Co","City":"Pico Rivera"}},{"type":"Feature","geometry":{"type":"Point","coordinates":[-118.0684,34.0047]},"properties":{"Plant_Name":"Cadillac Battery Energy Storage Facility","State":"California","PrimSource":"batteries","Total_MW":3.5,"Utility_Na":"Southern California Edison Co","City":"Pico Rivera"}},{"type":"Feature","geometry":{"type":"Point","coordinates":[-122.331,45.318]},"properties":{"Plant_Name":"Duus Solar, LLC","State":"Oregon","PrimSource":"solar","Total_MW":10,"Utility_Na":"Cardinal Renewables","City":"Estacada"}},{"type":"Feature","geometry":{"type":"Point","coordinates":[-122.25,45.35]},"properties":{"Plant_Name":"Firwood Solar, LLC","State":"Oregon","PrimSource":"solar","Total_MW":10,"Utility_Na":"Cardinal Renewables","City":"Sandy"}},{"type":"Feature","geometry":{"type":"Point","coordinates":[-119.1485,43.5022]},"properties":{"Plant_Name":"Starvation","State":"Oregon","PrimSource":"solar","Total_MW":9.9,"Utility_Na":"Starvation Solar I, LLC","City":"Hines"}},{"type":"Feature","geometry":{"type":"Point","coordinates":[-113.6561,33.7767]},"properties":{"Plant_Name":"OE_AZ1","State":"Arizona","PrimSource":"solar","Total_MW":32.5,"Utility_Na":"Onward Energy","City":"Salome"}},{"type":"Feature","geometry":{"type":"Point","coordinates":[-114.806,36.4678]},"properties":{"Plant_Name":"Gemini Solar Hybrid","State":"Nevada","PrimSource":"solar","Total_MW":1070,"Utility_Na":"Gemini Solar","City":"Unincorporated"}},{"type":"Feature","geometry":{"type":"Point","coordinates":[-121.5089,37.7348]},"properties":{"Plant_Name":"Medline Ind. Phase 2 Tracy","State":"California","PrimSource":"solar","Total_MW":1,"Utility_Na":"EnterSolar","City":"Tracy"}},{"type":"Feature","geometry":{"type":"Point","coordinates":[-121.2489,37.8948]},"properties":{"Plant_Name":"Niagara Bottling Stockton","State":"California","PrimSource":"solar","Total_MW":1,"Utility_Na":"ClearGen LLC","City":"Stockton"}},{"type":"Feature","geometry":{"type":"Point","coordinates":[-118.85,39.5545]},"properties":{"Plant_Name":"Soda Lake 3","State":"Nevada","PrimSource":"geothermal","Total_MW":20,"Utility_Na":"AMOR IX, LLC","City":"Fallon"}},{"type":"Feature","geometry":{"type":"Point","coordinates":[-117.5828,34.5765]},"properties":{"Plant_Name":"Phelan Pinon Hills CSD Solar","State":"California","PrimSource":"solar","Total_MW":1.1,"Utility_Na":"Phelan Pinon Hills Community Services District","City":"Adelanto"}},{"type":"Feature","geometry":{"type":"Point","coordinates":[-103.6191,40.2809]},"properties":{"Plant_Name":"Mtn. Solar 3 CSG","State":"Colorado","PrimSource":"solar","Total_MW":1.5,"Utility_Na":"Standard Solar","City":"Brush"}},{"type":"Feature","geometry":{"type":"Point","coordinates":[-118.5108,34.4333]},"properties":{"Plant_Name":"SCV Water - Gladbach Water Treatment Plant Phases I and II","State":"California","PrimSource":"solar","Total_MW":4.5,"Utility_Na":"SCV Water","City":"Santa Clara"}},{"type":"Feature","geometry":{"type":"Point","coordinates":[-121.1198,38.3468]},"properties":{"Plant_Name":"Rancho Seco Solar II, LLC","State":"California","PrimSource":"solar","Total_MW":160,"Utility_Na":"Rancho Seco Solar II, LLC","City":"Twin Cities"}},{"type":"Feature","geometry":{"type":"Point","coordinates":[-106.8066,35.1799]},"properties":{"Plant_Name":"City of Rio Rancho WWTP","State":"New Mexico","PrimSource":"solar","Total_MW":1.2,"Utility_Na":"Exus New Mexico","City":"Rio Rancho"}},{"type":"Feature","geometry":{"type":"Point","coordinates":[-117.45,34.09]},"properties":{"Plant_Name":"IOS II-LAX9","State":"California","PrimSource":"solar","Total_MW":3.7,"Utility_Na":"Madison Energy Holdings LLC","City":"Fontana"}},{"type":"Feature","geometry":{"type":"Point","coordinates":[-122.1919,40.1214]},"properties":{"Plant_Name":"Sierra Pacific Industries (2042-RD)","State":"California","PrimSource":"solar","Total_MW":8.4,"Utility_Na":"Sierra Pacific Industries","City":"Red Bluff"}},{"type":"Feature","geometry":{"type":"Point","coordinates":[-119.4072,35.5939]},"properties":{"Plant_Name":"DGS Wasco State Prison","State":"California","PrimSource":"solar","Total_MW":2.3,"Utility_Na":"Forefront Power, LLC","City":"Wasco"}},{"type":"Feature","geometry":{"type":"Point","coordinates":[-120.15,37.0897]},"properties":{"Plant_Name":"DGS Central California Womens Facility","State":"California","PrimSource":"solar","Total_MW":2,"Utility_Na":"Forefront Power, LLC","City":"Chowchilla"}},{"type":"Feature","geometry":{"type":"Point","coordinates":[-119.8104,36.8186]},"properties":{"Plant_Name":"Fresno Bullard High School Hybrid","State":"California","PrimSource":"solar","Total_MW":1.6,"Utility_Na":"Forefront Power, LLC","City":"Fresno"}},{"type":"Feature","geometry":{"type":"Point","coordinates":[-119.7707,36.8178]},"properties":{"Plant_Name":"Fresno Hoover High School Hybrid","State":"California","PrimSource":"solar","Total_MW":1.4,"Utility_Na":"Forefront Power, LLC","City":"Fresno"}},{"type":"Feature","geometry":{"type":"Point","coordinates":[-119.7178,36.734]},"properties":{"Plant_Name":"Fresno Sunnyside High School Hybrid","State":"California","PrimSource":"solar","Total_MW":1.8,"Utility_Na":"Forefront Power, LLC","City":"Fresno"}},{"type":"Feature","geometry":{"type":"Point","coordinates":[-111.6462,40.2472]},"properties":{"Plant_Name":"BYU Central Heating Plant","State":"Utah","PrimSource":"natural gas","Total_MW":14,"Utility_Na":"Brigham Young University (BYU)","City":"Provo"}},{"type":"Feature","geometry":{"type":"Point","coordinates":[-104.984,41.1133]},"properties":{"Plant_Name":"Corriedale Wind Energy","State":"Wyoming","PrimSource":"wind","Total_MW":52.5,"Utility_Na":"Black Hills Service Company LLC","City":"Cheyenne"}},{"type":"Feature","geometry":{"type":"Point","coordinates":[-119.3743,36.1835]},"properties":{"Plant_Name":"Central CA Fuel Cell 1","State":"California","PrimSource":"natural gas","Total_MW":2.8,"Utility_Na":"Central CA Fuel Cell 1","City":"Tulare"}},{"type":"Feature","geometry":{"type":"Point","coordinates":[-112.8168,33.3204]},"properties":{"Plant_Name":"Sun Streams 2","State":"Arizona","PrimSource":"solar","Total_MW":150,"Utility_Na":"Sun Streams 2, LLC","City":"Hassayampa"}},{"type":"Feature","geometry":{"type":"Point","coordinates":[-120.18,45.54]},"properties":{"Plant_Name":"Montague Solar","State":"Oregon","PrimSource":"solar","Total_MW":162,"Utility_Na":"Avangrid Power LLC","City":"Arlington"}},{"type":"Feature","geometry":{"type":"Point","coordinates":[-122.265,45.375]},"properties":{"Plant_Name":"Tickle Creek Solar","State":"Oregon","PrimSource":"solar","Total_MW":1.9,"Utility_Na":"Neighborhood Power Corp.","City":"Sandy"}},{"type":"Feature","geometry":{"type":"Point","coordinates":[-122.6195,45.1314]},"properties":{"Plant_Name":"Thomas Creek Solar","State":"Oregon","PrimSource":"solar","Total_MW":2.2,"Utility_Na":"Neighborhood Power Corp.","City":"Molalla"}},{"type":"Feature","geometry":{"type":"Point","coordinates":[-119.4008,36.3537]},"properties":{"Plant_Name":"RE-VFO LLC","State":"California","PrimSource":"solar","Total_MW":1,"Utility_Na":"RE-VFO LLC","City":"Visalia"}},{"type":"Feature","geometry":{"type":"Point","coordinates":[-122.9361,45.1199]},"properties":{"Plant_Name":"St Louis Solar","State":"Oregon","PrimSource":"solar","Total_MW":2.2,"Utility_Na":"Neighborhood Power Corp.","City":"Gervais"}},{"type":"Feature","geometry":{"type":"Point","coordinates":[-122.7705,45.0892]},"properties":{"Plant_Name":"Pika Solar","State":"Oregon","PrimSource":"solar","Total_MW":2.2,"Utility_Na":"Pika Solar, LLC","City":"Mt. Angel"}},{"type":"Feature","geometry":{"type":"Point","coordinates":[-122.8131,44.9842]},"properties":{"Plant_Name":"Brush Creek Solar","State":"Oregon","PrimSource":"solar","Total_MW":2.2,"Utility_Na":"Brush Creek Solar, LLC","City":"Silverton"}},{"type":"Feature","geometry":{"type":"Point","coordinates":[-122.6227,45.1723]},"properties":{"Plant_Name":"Minke Solar","State":"Oregon","PrimSource":"solar","Total_MW":2.2,"Utility_Na":"Minke Solar, LLC","City":"Molalla"}},{"type":"Feature","geometry":{"type":"Point","coordinates":[-122.8035,44.9706]},"properties":{"Plant_Name":"Drift Creek Solar","State":"Oregon","PrimSource":"solar","Total_MW":2.2,"Utility_Na":"Drift Creek Solar, LLC","City":"Silverton"}},{"type":"Feature","geometry":{"type":"Point","coordinates":[-122.9542,44.9657]},"properties":{"Plant_Name":"Bighorn Solar","State":"Oregon","PrimSource":"solar","Total_MW":2.2,"Utility_Na":"Bighorn Solar, LLC","City":"Salem"}},{"type":"Feature","geometry":{"type":"Point","coordinates":[-111.5024,32.8663]},"properties":{"Plant_Name":"Saint Solar","State":"Arizona","PrimSource":"solar","Total_MW":100,"Utility_Na":"Saint Solar LLC","City":"Coolidge"}},{"type":"Feature","geometry":{"type":"Point","coordinates":[-106.0409,36.0911]},"properties":{"Plant_Name":"Alcalde Solar Array","State":"New Mexico","PrimSource":"solar","Total_MW":2.4,"Utility_Na":"Jemez Cuba LLC","City":"Alcalde"}},{"type":"Feature","geometry":{"type":"Point","coordinates":[-118.3614,35.0808]},"properties":{"Plant_Name":"Point Wind","State":"California","PrimSource":"wind","Total_MW":64.5,"Utility_Na":"Terra-Gen Operating Co-Wind","City":"Tehachapi"}},{"type":"Feature","geometry":{"type":"Point","coordinates":[-121.636,36.616]},"properties":{"Plant_Name":"D'Arrigo Brothers - Phase 4","State":"California","PrimSource":"solar","Total_MW":2.2,"Utility_Na":"CalCom Energy","City":"Salinas"}},{"type":"Feature","geometry":{"type":"Point","coordinates":[-115.503,33.2694]},"properties":{"Plant_Name":"Wister Solar","State":"California","PrimSource":"solar","Total_MW":20,"Utility_Na":"Wister Solar","City":"Niland"}},{"type":"Feature","geometry":{"type":"Point","coordinates":[-118.9158,37.6461]},"properties":{"Plant_Name":"CD4","State":"California","PrimSource":"geothermal","Total_MW":29.6,"Utility_Na":"CD4","City":"Mammoth Lakes"}},{"type":"Feature","geometry":{"type":"Point","coordinates":[-119.4625,40.3729]},"properties":{"Plant_Name":"North Valley","State":"Nevada","PrimSource":"geothermal","Total_MW":26.5,"Utility_Na":"North Valley","City":"Gerlach"}},{"type":"Feature","geometry":{"type":"Point","coordinates":[-120.1234,40.1501]},"properties":{"Plant_Name":"PSREC/SIAD Solar","State":"California","PrimSource":"solar","Total_MW":2.4,"Utility_Na":"Plumas Sierra Rural Electric Coop","City":"Herlong"}},{"type":"Feature","geometry":{"type":"Point","coordinates":[-103.6664,32.9323]},"properties":{"Plant_Name":"Oso Grande Wind Farm","State":"New Mexico","PrimSource":"wind","Total_MW":249.8,"Utility_Na":"Tucson Electric Power Co","City":"Maljamar"}},{"type":"Feature","geometry":{"type":"Point","coordinates":[-114.9737,35.7763]},"properties":{"Plant_Name":"Copper Mountain Solar 5, LLC","State":"Nevada","PrimSource":"solar","Total_MW":250,"Utility_Na":"Consolidated Edison Development Inc.","City":"Boulder City"}},{"type":"Feature","geometry":{"type":"Point","coordinates":[-120.355,45.888]},"properties":{"Plant_Name":"Lund Hill Solar","State":"Washington","PrimSource":"solar","Total_MW":150,"Utility_Na":"Avangrid Power LLC","City":"Bickleton"}},{"type":"Feature","geometry":{"type":"Point","coordinates":[-117.8505,34.0219]},"properties":{"Plant_Name":"Walnut Unified School District Walnut HS","State":"California","PrimSource":"solar","Total_MW":2.3,"Utility_Na":"Tesla Inc.","City":"Walnut"}},{"type":"Feature","geometry":{"type":"Point","coordinates":[-119.47,36.5858]},"properties":{"Plant_Name":"Moonlight Packing - Phase 2","State":"California","PrimSource":"solar","Total_MW":1.4,"Utility_Na":"CalCom Energy","City":"Reedley"}},{"type":"Feature","geometry":{"type":"Point","coordinates":[-117.981,35.157]},"properties":{"Plant_Name":"California City","State":"California","PrimSource":"solar","Total_MW":1.9,"Utility_Na":"MN8 Energy LLC","City":"California City"}},{"type":"Feature","geometry":{"type":"Point","coordinates":[-118.18,34.05]},"properties":{"Plant_Name":"Lafayette 2 - Internal Services Dept","State":"California","PrimSource":"solar","Total_MW":1.9,"Utility_Na":"MN8 Energy LLC","City":"Los Angeles"}},{"type":"Feature","geometry":{"type":"Point","coordinates":[-111.0279,32.3435]},"properties":{"Plant_Name":"Pima Community College NW","State":"Arizona","PrimSource":"solar","Total_MW":1.3,"Utility_Na":"Onyx Asset Services Group","City":"Tucson"}},{"type":"Feature","geometry":{"type":"Point","coordinates":[-104.75,39.75]},"properties":{"Plant_Name":"Amazon DEN2 Solar Project","State":"Colorado","PrimSource":"solar","Total_MW":1.2,"Utility_Na":"Solar Star Prime 1 LLC","City":"Aurora"}},{"type":"Feature","geometry":{"type":"Point","coordinates":[-119.69,35.62]},"properties":{"Plant_Name":"Chevron - Lost Hills Hybrid","State":"California","PrimSource":"solar","Total_MW":30,"Utility_Na":"MN8 Energy LLC","City":"Lost Hills"}},{"type":"Feature","geometry":{"type":"Point","coordinates":[-114.5565,34.9843]},"properties":{"Plant_Name":"Mohave Electric Cooperative at Joy Lane","State":"Arizona","PrimSource":"batteries","Total_MW":25.9,"Utility_Na":"Mohave Electric Cooperative, Inc.","City":"Fort Mohave"}},{"type":"Feature","geometry":{"type":"Point","coordinates":[-103.1846,33.9384]},"properties":{"Plant_Name":"Sagamore Wind","State":"New Mexico","PrimSource":"wind","Total_MW":90,"Utility_Na":"Southwestern Public Service Co","City":"Rogers"}},{"type":"Feature","geometry":{"type":"Point","coordinates":[-106.098,35.016]},"properties":{"Plant_Name":"Britton Solar Energy Center","State":"New Mexico","PrimSource":"solar","Total_MW":50,"Utility_Na":"Exus New Mexico","City":"Moriarty"}},{"type":"Feature","geometry":{"type":"Point","coordinates":[-104.554,40.3862]},"properties":{"Plant_Name":"SR Kersey II","State":"Colorado","PrimSource":"solar","Total_MW":1,"Utility_Na":"SR Kersey II, LLC","City":"Kersey"}},{"type":"Feature","geometry":{"type":"Point","coordinates":[-104.8958,40.5751]},"properties":{"Plant_Name":"SR Skylark C","State":"Colorado","PrimSource":"solar","Total_MW":1.1,"Utility_Na":"SR Skylark C, LLC","City":"Windsor"}},{"type":"Feature","geometry":{"type":"Point","coordinates":[-117.1997,32.873]},"properties":{"Plant_Name":"Illumina Way SD","State":"California","PrimSource":"natural gas","Total_MW":3.5,"Utility_Na":"Bloom Energy","City":"San Diego"}},{"type":"Feature","geometry":{"type":"Point","coordinates":[-122.0778,38.2363]},"properties":{"Plant_Name":"ATT North Watney","State":"California","PrimSource":"natural gas","Total_MW":2,"Utility_Na":"Bloom Energy","City":"Fairfield"}},{"type":"Feature","geometry":{"type":"Point","coordinates":[-118.4561,34.1522]},"properties":{"Plant_Name":"ATT Ventura Blvd","State":"California","PrimSource":"natural gas","Total_MW":1,"Utility_Na":"Bloom Energy","City":"Sherman Oaks"}},{"type":"Feature","geometry":{"type":"Point","coordinates":[-117.8538,33.6724]},"properties":{"Plant_Name":"Allergan","State":"California","PrimSource":"batteries","Total_MW":1.5,"Utility_Na":"Hybrid-Electric Building Technologies West Los Angeles 1, LLC","City":"Irvine"}},{"type":"Feature","geometry":{"type":"Point","coordinates":[-117.6841,33.6565]},"properties":{"Plant_Name":"Baker","State":"California","PrimSource":"batteries","Total_MW":1.2,"Utility_Na":"Hybrid-Electric Building Technologies West Los Angeles 1, LLC","City":"Lake Forest"}},{"type":"Feature","geometry":{"type":"Point","coordinates":[-118.108,33.7838]},"properties":{"Plant_Name":"CSU Long Beach","State":"California","PrimSource":"batteries","Total_MW":2.5,"Utility_Na":"Hybrid-Electric Building Technologies West Los Angeles 1, LLC","City":"Long Beach"}},{"type":"Feature","geometry":{"type":"Point","coordinates":[-117.8911,33.7073]},"properties":{"Plant_Name":"DATS","State":"California","PrimSource":"batteries","Total_MW":1,"Utility_Na":"Hybrid-Electric Building Technologies West Los Angeles 1, LLC","City":"Santa Ana"}},{"type":"Feature","geometry":{"type":"Point","coordinates":[-118.1289,33.9194]},"properties":{"Plant_Name":"Downey","State":"California","PrimSource":"batteries","Total_MW":2,"Utility_Na":"Hybrid-Electric Building Technologies West Los Angeles 1, LLC","City":"Downey"}},{"type":"Feature","geometry":{"type":"Point","coordinates":[-117.7138,33.6378]},"properties":{"Plant_Name":"LAWRP","State":"California","PrimSource":"batteries","Total_MW":1,"Utility_Na":"Hybrid-Electric Building Technologies West Los Angeles 1, LLC","City":"Irvine"}},{"type":"Feature","geometry":{"type":"Point","coordinates":[-118.1894,33.7652]},"properties":{"Plant_Name":"Long Beach Convention Center","State":"California","PrimSource":"batteries","Total_MW":1.5,"Utility_Na":"Hybrid-Electric Building Technologies West Los Angeles 1, LLC","City":"Long Beach"}},{"type":"Feature","geometry":{"type":"Point","coordinates":[-117.9409,33.6931]},"properties":{"Plant_Name":"OCSD","State":"California","PrimSource":"batteries","Total_MW":4.9,"Utility_Na":"Hybrid-Electric Building Technologies West Los Angeles 1, LLC","City":"Fountain Valley"}},{"type":"Feature","geometry":{"type":"Point","coordinates":[-117.7773,33.6764]},"properties":{"Plant_Name":"SOCCD","State":"California","PrimSource":"batteries","Total_MW":1.3,"Utility_Na":"Hybrid-Electric Building Technologies West Los Angeles 1, LLC","City":"Irvine"}},{"type":"Feature","geometry":{"type":"Point","coordinates":[-118.24,33.92]},"properties":{"Plant_Name":"Lafayette 2 - MLK Jr. Hospital (MLK)","State":"California","PrimSource":"solar","Total_MW":1.7,"Utility_Na":"MN8 Energy LLC","City":"Los Angeles"}},{"type":"Feature","geometry":{"type":"Point","coordinates":[-121.0035,43.3201]},"properties":{"Plant_Name":"Fort Rock I","State":"Oregon","PrimSource":"solar","Total_MW":9.9,"Utility_Na":"Fort Rock Solar I, LLC","City":"Silver Lake"}},{"type":"Feature","geometry":{"type":"Point","coordinates":[-121.531,37.722]},"properties":{"Plant_Name":"Tracy 210","State":"California","PrimSource":"natural gas","Total_MW":2.6,"Utility_Na":"Costco Wholesale","City":"Tracy"}},{"type":"Feature","geometry":{"type":"Point","coordinates":[-122.286,45.431]},"properties":{"Plant_Name":"Dunn Road Solar","State":"Oregon","PrimSource":"solar","Total_MW":1.8,"Utility_Na":"Neighborhood Power Corp.","City":"Sandy"}},{"type":"Feature","geometry":{"type":"Point","coordinates":[-119.3088,35.7804]},"properties":{"Plant_Name":"North Kern State Prison Phase II","State":"California","PrimSource":"solar","Total_MW":4,"Utility_Na":"SunE P11L Holdings, LLC","City":"Delano"}},{"type":"Feature","geometry":{"type":"Point","coordinates":[-104.551,40.3862]},"properties":{"Plant_Name":"SR Kersey","State":"Colorado","PrimSource":"solar","Total_MW":3.5,"Utility_Na":"SR Kersey, LLC","City":"Kersey"}},{"type":"Feature","geometry":{"type":"Point","coordinates":[-118.28,33.728]},"properties":{"Plant_Name":"Port of LA Solar FiT Project","State":"California","PrimSource":"solar","Total_MW":1.1,"Utility_Na":"Los Angeles Department of Water & Power","City":"San Pedro"}},{"type":"Feature","geometry":{"type":"Point","coordinates":[-112.249,46.8057]},"properties":{"Plant_Name":"Great Divide Solar, LLC","State":"Montana","PrimSource":"solar","Total_MW":3,"Utility_Na":"Adapture Renewables, Inc.","City":"Canyon Creek"}},{"type":"Feature","geometry":{"type":"Point","coordinates":[-111.254,47.5475]},"properties":{"Plant_Name":"Black Eagle Solar, LLC","State":"Montana","PrimSource":"solar","Total_MW":3,"Utility_Na":"Adapture Renewables, Inc.","City":"Black Eagle"}},{"type":"Feature","geometry":{"type":"Point","coordinates":[-108.9379,46.2914]},"properties":{"Plant_Name":"Magpie Solar, LLC","State":"Montana","PrimSource":"solar","Total_MW":3,"Utility_Na":"Adapture Renewables, Inc.","City":"Lavina"}},{"type":"Feature","geometry":{"type":"Point","coordinates":[-123.1363,45.1696]},"properties":{"Plant_Name":"Mill Creek Solar (OR)","State":"Oregon","PrimSource":"solar","Total_MW":2.2,"Utility_Na":"SP Solar 5, LLC","City":"Sheridan"}},{"type":"Feature","geometry":{"type":"Point","coordinates":[-117.9895,34.688]},"properties":{"Plant_Name":"Green Beanworks B PV","State":"California","PrimSource":"solar","Total_MW":3,"Utility_Na":"AES Distributed Energy","City":"Lancaster"}},{"type":"Feature","geometry":{"type":"Point","coordinates":[-120.5999,45.5846]},"properties":{"Plant_Name":"WyEast Solar","State":"Oregon","PrimSource":"solar","Total_MW":10,"Utility_Na":"Avangrid Power LLC","City":"Wasco"}},{"type":"Feature","geometry":{"type":"Point","coordinates":[-118.2889,33.7642]},"properties":{"Plant_Name":"Westmont 400A","State":"California","PrimSource":"solar","Total_MW":2.3,"Utility_Na":"Altus Power America Management, LLC","City":"Los Angeles"}},{"type":"Feature","geometry":{"type":"Point","coordinates":[-118.2847,33.7642]},"properties":{"Plant_Name":"Westmont 400B","State":"California","PrimSource":"solar","Total_MW":2.2,"Utility_Na":"Altus Power America Management, LLC","City":"Los Angeles"}},{"type":"Feature","geometry":{"type":"Point","coordinates":[-115.6292,32.6685]},"properties":{"Plant_Name":"Mount Signal Solar Farm II","State":"California","PrimSource":"solar","Total_MW":153.5,"Utility_Na":"MN8 Energy LLC","City":"Calexico"}},{"type":"Feature","geometry":{"type":"Point","coordinates":[-117.2353,33.3842]},"properties":{"Plant_Name":"Fallbrook Energy Storage","State":"California","PrimSource":"batteries","Total_MW":40,"Utility_Na":"San Diego Gas & Electric Co","City":"Fallbrook"}},{"type":"Feature","geometry":{"type":"Point","coordinates":[-117.1678,32.8762]},"properties":{"Plant_Name":"Top Gun Energy Storage","State":"California","PrimSource":"batteries","Total_MW":30,"Utility_Na":"San Diego Gas & Electric Co","City":"San Diego"}},{"type":"Feature","geometry":{"type":"Point","coordinates":[-109.6835,41.6291]},"properties":{"Plant_Name":"Sweetwater Solar","State":"Wyoming","PrimSource":"solar","Total_MW":92,"Utility_Na":"Onward Energy","City":"Green River\t\t\t"}},{"type":"Feature","geometry":{"type":"Point","coordinates":[-121.1663,37.4689]},"properties":{"Plant_Name":"Amazon - Patterson PV","State":"California","PrimSource":"solar","Total_MW":2.5,"Utility_Na":"AES Distributed Energy","City":"Patterson"}},{"type":"Feature","geometry":{"type":"Point","coordinates":[-115.6278,33.0436]},"properties":{"Plant_Name":"Valencia 1 Solar CA","State":"California","PrimSource":"solar","Total_MW":3,"Utility_Na":"Altus Power America Management, LLC","City":"Westmorland"}},{"type":"Feature","geometry":{"type":"Point","coordinates":[-117.9366,34.6156]},"properties":{"Plant_Name":"One Ten Partners PV","State":"California","PrimSource":"solar","Total_MW":2,"Utility_Na":"One Ten Partners, LLC","City":"Palmdale"}},{"type":"Feature","geometry":{"type":"Point","coordinates":[-120.8781,36.9895]},"properties":{"Plant_Name":"Merced 1 PV","State":"California","PrimSource":"solar","Total_MW":3,"Utility_Na":"ZGlobal Inc","City":"Los Banos"}},{"type":"Feature","geometry":{"type":"Point","coordinates":[-120.167,37.0565]},"properties":{"Plant_Name":"Madera 1 PV","State":"California","PrimSource":"solar","Total_MW":1.5,"Utility_Na":"ZGlobal Inc","City":"Madera"}},{"type":"Feature","geometry":{"type":"Point","coordinates":[-121.6116,42.0303]},"properties":{"Plant_Name":"OR Solar 5, LLC","State":"Oregon","PrimSource":"solar","Total_MW":8,"Utility_Na":"Heelstone Energy Holdings, LLC","City":"Merrill"}},{"type":"Feature","geometry":{"type":"Point","coordinates":[-121.5858,42.2389]},"properties":{"Plant_Name":"OR Solar 8, LLC","State":"Oregon","PrimSource":"solar","Total_MW":10,"Utility_Na":"Heelstone Energy Holdings, LLC","City":"Dairy"}},{"type":"Feature","geometry":{"type":"Point","coordinates":[-105.1314,40.501]},"properties":{"Plant_Name":"Coyote Ridge Community Solar","State":"Colorado","PrimSource":"solar","Total_MW":1.5,"Utility_Na":"Poudre Valley REA, Inc","City":"Fort Collins"}},{"type":"Feature","geometry":{"type":"Point","coordinates":[-120.3678,42.209]},"properties":{"Plant_Name":"OR Solar 6, LLC","State":"Oregon","PrimSource":"solar","Total_MW":10,"Utility_Na":"Heelstone Energy Holdings, LLC","City":"Lakeview"}},{"type":"Feature","geometry":{"type":"Point","coordinates":[-118.0275,35.2565]},"properties":{"Plant_Name":"Beacon BESS 1","State":"California","PrimSource":"batteries","Total_MW":20,"Utility_Na":"Los Angeles Department of Water & Power","City":"Cantil"}},{"type":"Feature","geometry":{"type":"Point","coordinates":[-104.7815,39.8087]},"properties":{"Plant_Name":"Panasonic Carport Solar Hybrid","State":"Colorado","PrimSource":"solar","Total_MW":2.3,"Utility_Na":"Public Service Co of Colorado","City":"Denver"}},{"type":"Feature","geometry":{"type":"Point","coordinates":[-121.382,36.464]},"properties":{"Plant_Name":"Foundation California Training Facility","State":"California","PrimSource":"wind","Total_MW":1.8,"Utility_Na":"Foundation CA Fund IX Manager, LLC","City":"Soledad"}},{"type":"Feature","geometry":{"type":"Point","coordinates":[-121.454,36.504]},"properties":{"Plant_Name":"Foundation Mann Packing","State":"California","PrimSource":"wind","Total_MW":1.8,"Utility_Na":"Foundation CA Fund IX Manager, LLC","City":"Gonzales"}},{"type":"Feature","geometry":{"type":"Point","coordinates":[-121.371,36.474]},"properties":{"Plant_Name":"Foundation SaIinas Valley State Prison","State":"California","PrimSource":"wind","Total_MW":1.8,"Utility_Na":"Foundation CA Fund IX Manager, LLC","City":"Soledad"}},{"type":"Feature","geometry":{"type":"Point","coordinates":[-118.5636,34.8328]},"properties":{"Plant_Name":"Gaskell West 1 Solar Facility","State":"California","PrimSource":"solar","Total_MW":20,"Utility_Na":"Southern Power Co","City":"Lancaster"}},{"type":"Feature","geometry":{"type":"Point","coordinates":[-118.5512,34.8349]},"properties":{"Plant_Name":"RE Gaskell West 2 LLC","State":"California","PrimSource":"solar","Total_MW":45,"Utility_Na":"RE Gaskell West LLC","City":"Rosamond"}},{"type":"Feature","geometry":{"type":"Point","coordinates":[-118.5512,34.8349]},"properties":{"Plant_Name":"RE Gaskell West 3 LLC","State":"California","PrimSource":"solar","Total_MW":20,"Utility_Na":"RE Gaskell West LLC","City":"Rosamond"}},{"type":"Feature","geometry":{"type":"Point","coordinates":[-118.5682,34.8279]},"properties":{"Plant_Name":"RE Gaskell West 4 LLC","State":"California","PrimSource":"solar","Total_MW":20,"Utility_Na":"RE Gaskell West LLC","City":"Rosamond"}},{"type":"Feature","geometry":{"type":"Point","coordinates":[-118.5512,34.8349]},"properties":{"Plant_Name":"RE Gaskell West 5 LLC","State":"California","PrimSource":"solar","Total_MW":20,"Utility_Na":"RE Gaskell West LLC","City":"Rosamond"}},{"type":"Feature","geometry":{"type":"Point","coordinates":[-104.6921,40.1817]},"properties":{"Plant_Name":"SR Platte Solar Farm","State":"Colorado","PrimSource":"solar","Total_MW":16,"Utility_Na":"SR Platte, LLC","City":"Platteville"}},{"type":"Feature","geometry":{"type":"Point","coordinates":[-120.51,34.7497]},"properties":{"Plant_Name":"Vandenberg Solar Project","State":"California","PrimSource":"solar","Total_MW":25.3,"Utility_Na":"MN8 Energy LLC","City":"Vandenberg Airforce B"}},{"type":"Feature","geometry":{"type":"Point","coordinates":[-121.9707,37.3762]},"properties":{"Plant_Name":"CoreSite Real Estate 2972 Stender, L.P.","State":"California","PrimSource":"petroleum","Total_MW":12,"Utility_Na":"CoreSite Real Estate 2972 Stender, L.P.","City":"Santa Clara"}},{"type":"Feature","geometry":{"type":"Point","coordinates":[-106.0189,37.0681]},"properties":{"Plant_Name":"San Luis Solar Garden","State":"Colorado","PrimSource":"solar","Total_MW":1.2,"Utility_Na":"AES Distributed Energy","City":"Antonito"}},{"type":"Feature","geometry":{"type":"Point","coordinates":[-121.8916,37.3342]},"properties":{"Plant_Name":"CoreSite Real Estate 55 S. Market Street","State":"California","PrimSource":"petroleum","Total_MW":8,"Utility_Na":"CoreSite Real Estate 55 S. Market Street, LLC","City":"San Jose"}},{"type":"Feature","geometry":{"type":"Point","coordinates":[-121.9162,37.4057]},"properties":{"Plant_Name":"CoreSite Real Estate 1656 McCarthy, L.P.","State":"California","PrimSource":"petroleum","Total_MW":5,"Utility_Na":"CoreSite Real Estate 1656 McCarthy, L.P.","City":"Milpitas"}},{"type":"Feature","geometry":{"type":"Point","coordinates":[-121.9717,37.3751]},"properties":{"Plant_Name":"CoreSite Real Estate 2901 Coronado, L.P.","State":"California","PrimSource":"petroleum","Total_MW":10,"Utility_Na":"CoreSite Real Estate 2901 Coronado, L.P.","City":"Santa Clara"}},{"type":"Feature","geometry":{"type":"Point","coordinates":[-121.9731,37.3762]},"properties":{"Plant_Name":"CoreSite Real Estate 3032 Coronado, L.P.","State":"California","PrimSource":"petroleum","Total_MW":39,"Utility_Na":"CoreSite Real Estate 3032 Coronado, L.P.","City":"Santa Clara"}},{"type":"Feature","geometry":{"type":"Point","coordinates":[-121.122,44.675]},"properties":{"Plant_Name":"Adams Solar Center","State":"Oregon","PrimSource":"solar","Total_MW":10,"Utility_Na":"GCL New Energy, Inc.","City":"Madras"}},{"type":"Feature","geometry":{"type":"Point","coordinates":[-121.205,44.618]},"properties":{"Plant_Name":"Elbe Solar Center","State":"Oregon","PrimSource":"solar","Total_MW":10,"Utility_Na":"GCL New Energy, Inc.","City":"Madras"}},{"type":"Feature","geometry":{"type":"Point","coordinates":[-119.4329,35.4721]},"properties":{"Plant_Name":"ABEC #2 dba West-Star Dairy","State":"California","PrimSource":"biomass","Total_MW":1,"Utility_Na":"ABEC #2 LLC","City":"Buttonwillow"}},{"type":"Feature","geometry":{"type":"Point","coordinates":[-119.203,35.2143]},"properties":{"Plant_Name":"ABEC #3 dba Lakeview Dairy","State":"California","PrimSource":"biomass","Total_MW":1,"Utility_Na":"ABEC #3 LLC","City":"Bakersfield"}},{"type":"Feature","geometry":{"type":"Point","coordinates":[-119.1164,35.1731]},"properties":{"Plant_Name":"ABEC #4 dba CE&S Dairy","State":"California","PrimSource":"biomass","Total_MW":1,"Utility_Na":"ABEC #4 LLC","City":"Bakersfield"}},{"type":"Feature","geometry":{"type":"Point","coordinates":[-111.663,40.2427]},"properties":{"Plant_Name":"Provo Power Plant","State":"Utah","PrimSource":"natural gas","Total_MW":12,"Utility_Na":"Utah Municipal Power Agency","City":"Provo"}},{"type":"Feature","geometry":{"type":"Point","coordinates":[-121.764,42.183]},"properties":{"Plant_Name":"Klamath Falls Solar 2 CSG","State":"Oregon","PrimSource":"solar","Total_MW":2.9,"Utility_Na":"MN8 Energy LLC","City":"Klamath Falls"}},{"type":"Feature","geometry":{"type":"Point","coordinates":[-106.762,34.831]},"properties":{"Plant_Name":"Facebook 1 Solar Energy Center","State":"New Mexico","PrimSource":"solar","Total_MW":10,"Utility_Na":"Exus New Mexico","City":"Los Lunas"}},{"type":"Feature","geometry":{"type":"Point","coordinates":[-106.865,35.08]},"properties":{"Plant_Name":"Facebook 2 Solar Energy Center","State":"New Mexico","PrimSource":"solar","Total_MW":10,"Utility_Na":"Exus New Mexico","City":"Albuquerque"}},{"type":"Feature","geometry":{"type":"Point","coordinates":[-106.865,35.075]},"properties":{"Plant_Name":"Facebook 3 Solar Energy Center","State":"New Mexico","PrimSource":"solar","Total_MW":10,"Utility_Na":"Exus New Mexico","City":"Albuquerque"}},{"type":"Feature","geometry":{"type":"Point","coordinates":[-121.5777,42.2364]},"properties":{"Plant_Name":"Woodline Solar","State":"Oregon","PrimSource":"solar","Total_MW":8,"Utility_Na":"Woodline Solar, LLC","City":"Dairy"}},{"type":"Feature","geometry":{"type":"Point","coordinates":[-122.8292,42.4008]},"properties":{"Plant_Name":"Eagle Point Solar","State":"Oregon","PrimSource":"solar","Total_MW":9.9,"Utility_Na":"Norwest Energy 7, LLC","City":"Central Point"}},{"type":"Feature","geometry":{"type":"Point","coordinates":[-104.6211,39.7593]},"properties":{"Plant_Name":"Denver Metro Solar","State":"Colorado","PrimSource":"solar","Total_MW":1.6,"Utility_Na":"Denver Metro Solar LLC","City":"Watkins"}},{"type":"Feature","geometry":{"type":"Point","coordinates":[-121.2331,44.1926]},"properties":{"Plant_Name":"Tumbleweed Solar, LLC","State":"Oregon","PrimSource":"solar","Total_MW":9.9,"Utility_Na":"Heelstone Energy Holdings, LLC","City":"Redmond"}},{"type":"Feature","geometry":{"type":"Point","coordinates":[-118.2686,35.0734]},"properties":{"Plant_Name":"Voyager Wind II","State":"California","PrimSource":"wind","Total_MW":128.7,"Utility_Na":"Terra-Gen Operating Co-Wind","City":"Mojave"}},{"type":"Feature","geometry":{"type":"Point","coordinates":[-118.2647,35.0608]},"properties":{"Plant_Name":"Voyager Wind III","State":"California","PrimSource":"wind","Total_MW":43.2,"Utility_Na":"Terra-Gen Operating Co-Wind","City":"Mojave"}},{"type":"Feature","geometry":{"type":"Point","coordinates":[-118.2497,35.0779]},"properties":{"Plant_Name":"Voyager Wind IV","State":"California","PrimSource":"wind","Total_MW":21.6,"Utility_Na":"Terra-Gen Operating Co-Wind","City":"Mojave"}},{"type":"Feature","geometry":{"type":"Point","coordinates":[-118.2866,33.763]},"properties":{"Plant_Name":"Westmont 301","State":"California","PrimSource":"solar","Total_MW":1.8,"Utility_Na":"Altus Power America Management, LLC","City":"San Pedro"}},{"type":"Feature","geometry":{"type":"Point","coordinates":[-118.2882,33.7624]},"properties":{"Plant_Name":"Westmont 401","State":"California","PrimSource":"solar","Total_MW":2,"Utility_Na":"Altus Power America Management, LLC","City":"San Pedro"}},{"type":"Feature","geometry":{"type":"Point","coordinates":[-106.22,37.777]},"properties":{"Plant_Name":"San Luis Valley Solar Array","State":"Colorado","PrimSource":"solar","Total_MW":2.7,"Utility_Na":"AEP Onsite Partners, LLC","City":"Center"}},{"type":"Feature","geometry":{"type":"Point","coordinates":[-102.466,37.384]},"properties":{"Plant_Name":"Vilas Solar Array","State":"Colorado","PrimSource":"solar","Total_MW":4,"Utility_Na":"AEP Onsite Partners, LLC","City":"Springfield"}},{"type":"Feature","geometry":{"type":"Point","coordinates":[-120.691,35.32]},"properties":{"Plant_Name":"Stenner Creek Solar","State":"California","PrimSource":"solar","Total_MW":4.5,"Utility_Na":"Stenner Creek Solar LLC","City":"San Luis Obispo"}},{"type":"Feature","geometry":{"type":"Point","coordinates":[-114.9744,35.8513]},"properties":{"Plant_Name":"Techren Solar I LLC","State":"Nevada","PrimSource":"solar","Total_MW":100,"Utility_Na":"Techren Solar I LLC","City":"Boulder"}},{"type":"Feature","geometry":{"type":"Point","coordinates":[-121.9706,38.3227]},"properties":{"Plant_Name":"CDCR (CA) - Solano State Prison","State":"California","PrimSource":"solar","Total_MW":1.1,"Utility_Na":"SunE Solano SP Owner, LLC","City":"Vacaville"}},{"type":"Feature","geometry":{"type":"Point","coordinates":[-119.5576,36.065]},"properties":{"Plant_Name":"CDCR (CA) - Corcoran State Prison","State":"California","PrimSource":"solar","Total_MW":5,"Utility_Na":"SunE Corcoran SP Owner, LLC","City":"Corcoran"}},{"type":"Feature","geometry":{"type":"Point","coordinates":[-119.4037,35.6005]},"properties":{"Plant_Name":"CDCR (CA) - Wasco State Prison","State":"California","PrimSource":"solar","Total_MW":1.5,"Utility_Na":"SunE Wasco SP Owner, LLC","City":"Wasco"}},{"type":"Feature","geometry":{"type":"Point","coordinates":[-117.2342,32.9361]},"properties":{"Plant_Name":"Kilroy Solar","State":"California","PrimSource":"solar","Total_MW":1.1,"Utility_Na":"Nautilus Solar Solutions","City":"San Diego"}},{"type":"Feature","geometry":{"type":"Point","coordinates":[-121.8612,42.6107]},"properties":{"Plant_Name":"Chiloquin Solar, LLC","State":"Oregon","PrimSource":"solar","Total_MW":9.9,"Utility_Na":"Heelstone Energy Holdings, LLC","City":"Chiloquin"}},{"type":"Feature","geometry":{"type":"Point","coordinates":[-117.2539,33.204]},"properties":{"Plant_Name":"Vista Energy Storage System\t","State":"California","PrimSource":"batteries","Total_MW":40,"Utility_Na":"Vista Energy Storage, LLC","City":"Vista"}},{"type":"Feature","geometry":{"type":"Point","coordinates":[-105.7478,33.6103]},"properties":{"Plant_Name":"Carrizozo Solar","State":"New Mexico","PrimSource":"solar","Total_MW":3,"Utility_Na":"SoCore Energy LLC","City":"Carrizozo"}},{"type":"Feature","geometry":{"type":"Point","coordinates":[-111.5511,32.8757]},"properties":{"Plant_Name":"Pinal Central Energy Center Hybrid","State":"Arizona","PrimSource":"solar","Total_MW":30,"Utility_Na":"Pinal Central Energy Center, LLC","City":"Casa Grande"}},{"type":"Feature","geometry":{"type":"Point","coordinates":[-103.3713,32.9786]},"properties":{"Plant_Name":"Middle Daisy","State":"New Mexico","PrimSource":"solar","Total_MW":5,"Utility_Na":"Onyx Asset Services Group","City":"Lovington"}},{"type":"Feature","geometry":{"type":"Point","coordinates":[-115.8573,32.7928]},"properties":{"Plant_Name":"USG 1","State":"California","PrimSource":"solar","Total_MW":1,"Utility_Na":"ZGlobal Inc","City":"El Centro"}},{"type":"Feature","geometry":{"type":"Point","coordinates":[-115.8632,32.7904]},"properties":{"Plant_Name":"USG 2","State":"California","PrimSource":"solar","Total_MW":1,"Utility_Na":"ZGlobal Inc","City":"El Centro"}},{"type":"Feature","geometry":{"type":"Point","coordinates":[-114.5588,43.0451]},"properties":{"Plant_Name":"North Gooding Main Hydro","State":"Idaho","PrimSource":"hydroelectric","Total_MW":1.3,"Utility_Na":"North Gooding Main Hydro LLC","City":"Gooding"}},{"type":"Feature","geometry":{"type":"Point","coordinates":[-115.5066,32.8319]},"properties":{"Plant_Name":"IVC Solar","State":"California","PrimSource":"solar","Total_MW":3,"Utility_Na":"Imperial Irrigation District","City":"Imperial"}},{"type":"Feature","geometry":{"type":"Point","coordinates":[-121.16,38.687]},"properties":{"Plant_Name":"Folsom SP and CSP Sacramento","State":"California","PrimSource":"solar","Total_MW":1.3,"Utility_Na":"Ecoplexus, Inc","City":"Represa"}},{"type":"Feature","geometry":{"type":"Point","coordinates":[-118.4514,34.1899]},"properties":{"Plant_Name":"Aerolease","State":"California","PrimSource":"solar","Total_MW":1.1,"Utility_Na":"PCS Energy, LLC \t\t\t\t\t\t\t\t","City":"Van Nuys"}},{"type":"Feature","geometry":{"type":"Point","coordinates":[-117.6468,33.6693]},"properties":{"Plant_Name":"Baldwin","State":"California","PrimSource":"batteries","Total_MW":1,"Utility_Na":"Electrodes","City":"Lake Forest"}},{"type":"Feature","geometry":{"type":"Point","coordinates":[-117.8521,33.7135]},"properties":{"Plant_Name":"HEBT Irvine 1","State":"California","PrimSource":"batteries","Total_MW":5.5,"Utility_Na":"Electrodes","City":"Santa Ana"}},{"type":"Feature","geometry":{"type":"Point","coordinates":[-117.7682,33.6652]},"properties":{"Plant_Name":"HEBT Irvine 2","State":"California","PrimSource":"batteries","Total_MW":5.8,"Utility_Na":"Electrodes","City":"Irvine"}},{"type":"Feature","geometry":{"type":"Point","coordinates":[-104.64,40.44]},"properties":{"Plant_Name":"Oak Leaf Solar XXVII LLC","State":"Colorado","PrimSource":"solar","Total_MW":1.5,"Utility_Na":"Greenbacker Renewable Energy Corporation","City":"Greely"}},{"type":"Feature","geometry":{"type":"Point","coordinates":[-105.878,37.4534]},"properties":{"Plant_Name":"Oak Leaf Solar XXX LLC (CSG)","State":"Colorado","PrimSource":"solar","Total_MW":1.5,"Utility_Na":"Greenbacker Renewable Energy Corporation","City":"Alamosa"}},{"type":"Feature","geometry":{"type":"Point","coordinates":[-119.343,45.917]},"properties":{"Plant_Name":"NorWest Energy 9 LLC","State":"Oregon","PrimSource":"solar","Total_MW":6,"Utility_Na":"MN8 Energy LLC","City":"Pendleton"}},{"type":"Feature","geometry":{"type":"Point","coordinates":[-117.0777,32.6327]},"properties":{"Plant_Name":"County of San Diego SBRC","State":"California","PrimSource":"solar","Total_MW":1.3,"Utility_Na":"MN8 Energy LLC","City":"Chula Vista"}},{"type":"Feature","geometry":{"type":"Point","coordinates":[-104.604,39.638]},"properties":{"Plant_Name":"Oak Leaf Solar XXI (CSG)","State":"Colorado","PrimSource":"solar","Total_MW":1.5,"Utility_Na":"Greenbacker Renewable Energy Corporation","City":"Watkins"}},{"type":"Feature","geometry":{"type":"Point","coordinates":[-108.32,39.145]},"properties":{"Plant_Name":"Oak Leaf Solar XXXI LLC (CSG)","State":"Colorado","PrimSource":"solar","Total_MW":1.5,"Utility_Na":"Greenbacker Renewable Energy Corporation","City":"Debeque"}},{"type":"Feature","geometry":{"type":"Point","coordinates":[-104.529,39.637]},"properties":{"Plant_Name":"Oak Leaf Solar XXV LLC (CSG)","State":"Colorado","PrimSource":"solar","Total_MW":1.5,"Utility_Na":"Greenbacker Renewable Energy Corporation","City":"Watkins"}},{"type":"Feature","geometry":{"type":"Point","coordinates":[-121.7235,38.6827]},"properties":{"Plant_Name":"Target Woodland Solar Project","State":"California","PrimSource":"solar","Total_MW":1.8,"Utility_Na":"MN8 Energy LLC","City":"Woodland"}},{"type":"Feature","geometry":{"type":"Point","coordinates":[-114.8444,36.4593]},"properties":{"Plant_Name":"Arrow Canyon Solar Hybrid","State":"Nevada","PrimSource":"solar","Total_MW":275,"Utility_Na":"Arrow Canyon Solar LLC","City":"Moapa"}},{"type":"Feature","geometry":{"type":"Point","coordinates":[-107.815,39.523]},"properties":{"Plant_Name":"Oak Leaf Solar XXXII (CSG)","State":"Colorado","PrimSource":"solar","Total_MW":1.5,"Utility_Na":"Greenbacker Renewable Energy Corporation","City":"Rifle"}},{"type":"Feature","geometry":{"type":"Point","coordinates":[-104.6675,39.9038]},"properties":{"Plant_Name":"Oak Leaf Solar XXII LLC (CSG)","State":"Colorado","PrimSource":"solar","Total_MW":1.5,"Utility_Na":"Greenbacker Renewable Energy Corporation","City":"Denver"}},{"type":"Feature","geometry":{"type":"Point","coordinates":[-104.561,39.637]},"properties":{"Plant_Name":"Oak Leaf Solar XXIV LLC (CSG)","State":"Colorado","PrimSource":"solar","Total_MW":1.5,"Utility_Na":"Greenbacker Renewable Energy Corporation","City":"Watkins"}},{"type":"Feature","geometry":{"type":"Point","coordinates":[-104.7345,39.9]},"properties":{"Plant_Name":"Oak Leaf Solar XXVI LLC","State":"Colorado","PrimSource":"solar","Total_MW":1.5,"Utility_Na":"Greenbacker Renewable Energy Corporation","City":"Denver"}},{"type":"Feature","geometry":{"type":"Point","coordinates":[-104.779,40.237]},"properties":{"Plant_Name":"Oak Leaf Solar XXVIII LLC (CSG)","State":"Colorado","PrimSource":"solar","Total_MW":1.5,"Utility_Na":"Greenbacker Renewable Energy Corporation","City":"Platteville"}},{"type":"Feature","geometry":{"type":"Point","coordinates":[-104.6215,39.8017]},"properties":{"Plant_Name":"Oak Leaf Solar XXIII LLC (CSG)","State":"Colorado","PrimSource":"solar","Total_MW":1.5,"Utility_Na":"Greenbacker Renewable Energy Corporation","City":"Watkins"}},{"type":"Feature","geometry":{"type":"Point","coordinates":[-106.1104,38.8151]},"properties":{"Plant_Name":"Trout Creek Solar","State":"Colorado","PrimSource":"solar","Total_MW":2,"Utility_Na":"AEP Onsite Partners, LLC","City":"Buena Vista"}},{"type":"Feature","geometry":{"type":"Point","coordinates":[-121.614,42.695]},"properties":{"Plant_Name":"NorWest Energy 4, LLC","State":"Oregon","PrimSource":"solar","Total_MW":5.6,"Utility_Na":"MN8 Energy LLC","City":"Bonanza"}},{"type":"Feature","geometry":{"type":"Point","coordinates":[-121.0245,42.3922]},"properties":{"Plant_Name":"Bly Solar Center","State":"Oregon","PrimSource":"solar","Total_MW":8,"Utility_Na":"GCL New Energy, Inc.","City":"Bly"}},{"type":"Feature","geometry":{"type":"Point","coordinates":[-119.1275,35.3644]},"properties":{"Plant_Name":"Liberty HS Solar Project","State":"California","PrimSource":"solar","Total_MW":1.2,"Utility_Na":"MN8 Energy LLC","City":"Bakersfield"}},{"type":"Feature","geometry":{"type":"Point","coordinates":[-119.1489,35.4182]},"properties":{"Plant_Name":"Frontier HS Solar Project","State":"California","PrimSource":"solar","Total_MW":1.4,"Utility_Na":"MN8 Energy LLC","City":"Bakersfield"}},{"type":"Feature","geometry":{"type":"Point","coordinates":[-118.3929,34.224]},"properties":{"Plant_Name":"Xebec 1","State":"California","PrimSource":"solar","Total_MW":1.9,"Utility_Na":"AES Distributed Energy","City":"Sun Valley"}},{"type":"Feature","geometry":{"type":"Point","coordinates":[-118.3055,33.8482]},"properties":{"Plant_Name":"Francisco St. Solar","State":"California","PrimSource":"solar","Total_MW":1,"Utility_Na":"AES Distributed Energy","City":"Torrance"}},{"type":"Feature","geometry":{"type":"Point","coordinates":[-118.3843,34.9042]},"properties":{"Plant_Name":"Valentine Solar, LLC","State":"California","PrimSource":"solar","Total_MW":111.2,"Utility_Na":"EDF Renewable Asset Holdings, Inc.","City":"Rosamond"}},{"type":"Feature","geometry":{"type":"Point","coordinates":[-108.4992,45.7653]},"properties":{"Plant_Name":"Western Sugar Cooperative - Billings","State":"Montana","PrimSource":"coal","Total_MW":1.5,"Utility_Na":"Western Sugar Cooperative - Billings","City":"Billings"}},{"type":"Feature","geometry":{"type":"Point","coordinates":[-118.2592,34.7161]},"properties":{"Plant_Name":"Antelope Expansion 1B","State":"California","PrimSource":"solar","Total_MW":17,"Utility_Na":"AES Distributed Energy","City":"Lancaster"}},{"type":"Feature","geometry":{"type":"Point","coordinates":[-104.978,40.1403]},"properties":{"Plant_Name":"I25 Battery Storage","State":"Colorado","PrimSource":"batteries","Total_MW":4,"Utility_Na":"United Power, Inc","City":"Longmont"}},{"type":"Feature","geometry":{"type":"Point","coordinates":[-104.2527,38.9778]},"properties":{"Plant_Name":"Grazing Yak Solar","State":"Colorado","PrimSource":"solar","Total_MW":35,"Utility_Na":"Grazing Yak Solar, LLC","City":"Calhan"}},{"type":"Feature","geometry":{"type":"Point","coordinates":[-118.4298,34.2774]},"properties":{"Plant_Name":"CFW Solar X LLC - Vaughn","State":"California","PrimSource":"solar","Total_MW":1.6,"Utility_Na":"Valta Energy","City":"San Fernando"}},{"type":"Feature","geometry":{"type":"Point","coordinates":[-104.475,37.378]},"properties":{"Plant_Name":"Spanish Peaks Solar","State":"Colorado","PrimSource":"solar","Total_MW":140,"Utility_Na":"Spanish Peaks Solar LLC","City":"Trinidad"}},{"type":"Feature","geometry":{"type":"Point","coordinates":[-111.06,41.77]},"properties":{"Plant_Name":"Sage Solar I-III","State":"Utah","PrimSource":"solar","Total_MW":57.6,"Utility_Na":"CI III VK I TE Partnership LLC","City":"Randolph"}},{"type":"Feature","geometry":{"type":"Point","coordinates":[-108.7788,35.5224]},"properties":{"Plant_Name":"City of Gallup Solar","State":"New Mexico","PrimSource":"solar","Total_MW":8,"Utility_Na":"Standard Solar","City":"Gallup"}},{"type":"Feature","geometry":{"type":"Point","coordinates":[-119.6815,36.1852]},"properties":{"Plant_Name":"Verwey-Hanford Dairy Digester #2","State":"California","PrimSource":"biomass","Total_MW":1,"Utility_Na":"Hanford Renewable Energy LLC","City":"Hanford"}},{"type":"Feature","geometry":{"type":"Point","coordinates":[-119.6815,36.1852]},"properties":{"Plant_Name":"Verwey-Hanford Dairy Digester #3","State":"California","PrimSource":"biomass","Total_MW":1,"Utility_Na":"Hanford Renewable Energy LLC","City":"Hanford"}},{"type":"Feature","geometry":{"type":"Point","coordinates":[-114.9263,35.8997]},"properties":{"Plant_Name":"Techren Solar V","State":"Nevada","PrimSource":"solar","Total_MW":50,"Utility_Na":"Techren Solar V LLC","City":"Boulder"}},{"type":"Feature","geometry":{"type":"Point","coordinates":[-117.1261,32.8153]},"properties":{"Plant_Name":"Kearny Mesa Storage LLC","State":"California","PrimSource":"batteries","Total_MW":1,"Utility_Na":"Kearny Mesa Storage LLC","City":"San Diego"}},{"type":"Feature","geometry":{"type":"Point","coordinates":[-104.4294,37.7664]},"properties":{"Plant_Name":"Busch Ranch II Wind Farm","State":"Colorado","PrimSource":"wind","Total_MW":59.4,"Utility_Na":"Black Hills Electric Generation LLC","City":"Walsenburg"}},{"type":"Feature","geometry":{"type":"Point","coordinates":[-118.1519,34.0815]},"properties":{"Plant_Name":"Ratkovich Alhambra","State":"California","PrimSource":"natural gas","Total_MW":1,"Utility_Na":"Bloom Energy","City":"Alhambra"}},{"type":"Feature","geometry":{"type":"Point","coordinates":[-121.9,37.3784]},"properties":{"Plant_Name":"Micro Santa Clara","State":"California","PrimSource":"natural gas","Total_MW":3,"Utility_Na":"Bloom Energy","City":"San Jose"}},{"type":"Feature","geometry":{"type":"Point","coordinates":[-117.9153,33.7357]},"properties":{"Plant_Name":"DESI-2 Battery Storage Facility","State":"California","PrimSource":"batteries","Total_MW":1.4,"Utility_Na":"Southern California Edison Co","City":"Sant Ana"}},{"type":"Feature","geometry":{"type":"Point","coordinates":[-120.415,36.716]},"properties":{"Plant_Name":"Little Bear 3","State":"California","PrimSource":"solar","Total_MW":20,"Utility_Na":"Little Bear Solar 3, LLC (Longroad)","City":"Mendota"}},{"type":"Feature","geometry":{"type":"Point","coordinates":[-120.415,36.716]},"properties":{"Plant_Name":"Little Bear 4","State":"California","PrimSource":"solar","Total_MW":50,"Utility_Na":"Little Bear Solar 4, LLC (Longroad)","City":"Mendota"}},{"type":"Feature","geometry":{"type":"Point","coordinates":[-120.415,36.716]},"properties":{"Plant_Name":"Little Bear 5","State":"California","PrimSource":"solar","Total_MW":50,"Utility_Na":"Little Bear Solar 5, LLC (Longroad)","City":"Mendota"}},{"type":"Feature","geometry":{"type":"Point","coordinates":[-106.655,34.741]},"properties":{"Plant_Name":"Vista Solar Energy Center","State":"New Mexico","PrimSource":"solar","Total_MW":10,"Utility_Na":"PNM Resources","City":"Los Lunas"}},{"type":"Feature","geometry":{"type":"Point","coordinates":[-113.6192,37.6231]},"properties":{"Plant_Name":"Cove Mountain Solar","State":"Utah","PrimSource":"solar","Total_MW":58,"Utility_Na":"Cove Mountain Solar LLC","City":"Beryl"}},{"type":"Feature","geometry":{"type":"Point","coordinates":[-113.6371,37.6386]},"properties":{"Plant_Name":"Cove Mountain Solar 2","State":"Utah","PrimSource":"solar","Total_MW":122,"Utility_Na":"Cove Mountain Solar 2 LLC","City":"Beryl"}},{"type":"Feature","geometry":{"type":"Point","coordinates":[-102.8224,39.0466]},"properties":{"Plant_Name":"Crossing Trails Wind Power Project LLC.","State":"Colorado","PrimSource":"wind","Total_MW":104,"Utility_Na":"EDP Renewables North America LLC","City":"Seibert"}},{"type":"Feature","geometry":{"type":"Point","coordinates":[-104.6526,38.6299]},"properties":{"Plant_Name":"Palmer Solar","State":"Colorado","PrimSource":"solar","Total_MW":60,"Utility_Na":"Duke Energy Renewables Services","City":"Fountain"}},{"type":"Feature","geometry":{"type":"Point","coordinates":[-117.8543,33.7155]},"properties":{"Plant_Name":"Orange County Energy Storage 2","State":"California","PrimSource":"batteries","Total_MW":9,"Utility_Na":"Convergent Energy and Power LP","City":"Santa Ana"}},{"type":"Feature","geometry":{"type":"Point","coordinates":[-117.8543,33.7149]},"properties":{"Plant_Name":"Orange County Energy Storage 3","State":"California","PrimSource":"batteries","Total_MW":6,"Utility_Na":"Convergent Energy and Power LP","City":"Santa Ana"}},{"type":"Feature","geometry":{"type":"Point","coordinates":[-106.2341,42.1772]},"properties":{"Plant_Name":"TB Flats","State":"Wyoming","PrimSource":"wind","Total_MW":503.2,"Utility_Na":"PacifiCorp","City":"Medicine Bow"}},{"type":"Feature","geometry":{"type":"Point","coordinates":[-121.2932,38.3995]},"properties":{"Plant_Name":"Renew Solar ABC Sacramento LLC","State":"California","PrimSource":"solar","Total_MW":1.7,"Utility_Na":"Greenbacker Renewable Energy Corporation","City":"Sacramento"}},{"type":"Feature","geometry":{"type":"Point","coordinates":[-119.91,36.2122]},"properties":{"Plant_Name":"Almond","State":"California","PrimSource":"solar","Total_MW":19.9,"Utility_Na":"Westlands Almond LLC","City":"Lemoore"}},{"type":"Feature","geometry":{"type":"Point","coordinates":[-119.9042,36.1897]},"properties":{"Plant_Name":"Aquamarine","State":"California","PrimSource":"solar","Total_MW":250,"Utility_Na":"Aquamarine Westside LLC","City":"Lemoore"}},{"type":"Feature","geometry":{"type":"Point","coordinates":[-120.4023,42.1702]},"properties":{"Plant_Name":"Airport Solar","State":"Oregon","PrimSource":"solar","Total_MW":47.3,"Utility_Na":"Airport Solar LLC","City":"Lakeview"}},{"type":"Feature","geometry":{"type":"Point","coordinates":[-121.7818,36.808]},"properties":{"Plant_Name":"Elkhorn Battery Energy Storage System","State":"California","PrimSource":"batteries","Total_MW":182.5,"Utility_Na":"Pacific Gas & Electric Co.","City":"Moss Landing"}},{"type":"Feature","geometry":{"type":"Point","coordinates":[-118.4338,34.0834]},"properties":{"Plant_Name":"Disney Prospect","State":"California","PrimSource":"natural gas","Total_MW":1,"Utility_Na":"Bloom Energy","City":"Los Angeles"}},{"type":"Feature","geometry":{"type":"Point","coordinates":[-117.8368,33.6847]},"properties":{"Plant_Name":"ATT Kelvin","State":"California","PrimSource":"natural gas","Total_MW":1,"Utility_Na":"Bloom Energy","City":"Irvine"}},{"type":"Feature","geometry":{"type":"Point","coordinates":[-118.4482,34.1963]},"properties":{"Plant_Name":"ATT Van Nyus","State":"California","PrimSource":"natural gas","Total_MW":1,"Utility_Na":"Bloom Energy","City":"Van Nuys"}},{"type":"Feature","geometry":{"type":"Point","coordinates":[-121.8941,37.4173]},"properties":{"Plant_Name":"FLEX Gibraltar","State":"California","PrimSource":"natural gas","Total_MW":1.5,"Utility_Na":"Bloom Energy","City":"Milpitas"}},{"type":"Feature","geometry":{"type":"Point","coordinates":[-122.1507,37.712]},"properties":{"Plant_Name":"Preferred Freezer San Leandro","State":"California","PrimSource":"solar","Total_MW":2,"Utility_Na":"EnterSolar","City":"San Leandro"}},{"type":"Feature","geometry":{"type":"Point","coordinates":[-106.3584,41.9324]},"properties":{"Plant_Name":"Ekola Flats","State":"Wyoming","PrimSource":"wind","Total_MW":250.9,"Utility_Na":"PacifiCorp","City":"Hanna"}},{"type":"Feature","geometry":{"type":"Point","coordinates":[-106.688,34.692]},"properties":{"Plant_Name":"Rio De Oro Solar Energy Center","State":"New Mexico","PrimSource":"solar","Total_MW":10,"Utility_Na":"PNM Resources","City":"Belen"}},{"type":"Feature","geometry":{"type":"Point","coordinates":[-117.0352,32.7533]},"properties":{"Plant_Name":"PFMG Solar Grossmont Helix LLC","State":"California","PrimSource":"solar","Total_MW":1.2,"Utility_Na":"Altus Power America Management, LLC","City":"La Mesa"}},{"type":"Feature","geometry":{"type":"Point","coordinates":[-111.9282,33.4243]},"properties":{"Plant_Name":"AZ State University - Tempe Campus Solar","State":"Arizona","PrimSource":"solar","Total_MW":2.5,"Utility_Na":"Arizona State University FDM","City":"Tempe"}},{"type":"Feature","geometry":{"type":"Point","coordinates":[-122.232,38.1322]},"properties":{"Plant_Name":"SFDK Solar","State":"California","PrimSource":"solar","Total_MW":6.3,"Utility_Na":"AES Distributed Energy","City":"Vallejo"}},{"type":"Feature","geometry":{"type":"Point","coordinates":[-121.3501,36.4593]},"properties":{"Plant_Name":"Foundation Dole Fresh Vegetables","State":"California","PrimSource":"wind","Total_MW":5.6,"Utility_Na":"Foundation CA Fund X Manager LLC","City":"Soledad"}},{"type":"Feature","geometry":{"type":"Point","coordinates":[-120.262,40.373]},"properties":{"Plant_Name":"HL Solar","State":"California","PrimSource":"solar","Total_MW":7.6,"Utility_Na":"HL Solar LLC","City":"Wendel"}},{"type":"Feature","geometry":{"type":"Point","coordinates":[-111.0511,39.1422]},"properties":{"Plant_Name":"Hunter Solar LLC (UT)","State":"Utah","PrimSource":"solar","Total_MW":100,"Utility_Na":"Hunter Solar LLC","City":"Clawson"}},{"type":"Feature","geometry":{"type":"Point","coordinates":[-104.7836,40.2894]},"properties":{"Plant_Name":"Gilcrest Solar","State":"Colorado","PrimSource":"solar","Total_MW":1.5,"Utility_Na":"Terraform Arcadia","City":"Platteville"}},{"type":"Feature","geometry":{"type":"Point","coordinates":[-104.5626,39.6384]},"properties":{"Plant_Name":"Quincy Solar","State":"Colorado","PrimSource":"solar","Total_MW":1.5,"Utility_Na":"Terraform Arcadia","City":"Watkins"}},{"type":"Feature","geometry":{"type":"Point","coordinates":[-112.0052,38.8505]},"properties":{"Plant_Name":"Sigurd Solar LLC","State":"Utah","PrimSource":"solar","Total_MW":80,"Utility_Na":"Sigurd Solar LLC","City":"Sigurd"}},{"type":"Feature","geometry":{"type":"Point","coordinates":[-105.0637,39.9816]},"properties":{"Plant_Name":"Lafayette Horizon Solar CSG LLC","State":"Colorado","PrimSource":"solar","Total_MW":1.6,"Utility_Na":"AES Distributed Energy","City":"Lafayette"}},{"type":"Feature","geometry":{"type":"Point","coordinates":[-122.0521,37.4151]},"properties":{"Plant_Name":"Equinix Caspian Dr. Fuel Cell","State":"California","PrimSource":"natural gas","Total_MW":4.8,"Utility_Na":"2016 ESA Project Company, LLC","City":"Sunnyvale"}},{"type":"Feature","geometry":{"type":"Point","coordinates":[-118.3221,34.7289]},"properties":{"Plant_Name":"Antelope Expansion 3A","State":"California","PrimSource":"solar","Total_MW":15,"Utility_Na":"AES Distributed Energy","City":"Lancaster"}},{"type":"Feature","geometry":{"type":"Point","coordinates":[-118.3225,34.7202]},"properties":{"Plant_Name":"Antelope Expansion 3B","State":"California","PrimSource":"solar","Total_MW":5,"Utility_Na":"AES Distributed Energy","City":"Lancaster"}},{"type":"Feature","geometry":{"type":"Point","coordinates":[-122.214,38.1609]},"properties":{"Plant_Name":"American Canyon Solar","State":"California","PrimSource":"solar","Total_MW":3,"Utility_Na":"RP Napa Solar 1, LLC","City":"American Canyon"}},{"type":"Feature","geometry":{"type":"Point","coordinates":[-121.7386,37.2287]},"properties":{"Plant_Name":"Malech Solar Farm","State":"California","PrimSource":"solar","Total_MW":3.1,"Utility_Na":"County of Santa Clara (CA)","City":"San Jose"}},{"type":"Feature","geometry":{"type":"Point","coordinates":[-121.8151,37.287]},"properties":{"Plant_Name":"Hellyer Solar Farm","State":"California","PrimSource":"solar","Total_MW":2.2,"Utility_Na":"County of Santa Clara (CA)","City":"San Jose"}},{"type":"Feature","geometry":{"type":"Point","coordinates":[-121.8611,37.269]},"properties":{"Plant_Name":"Guadalupe Solar Farm","State":"California","PrimSource":"solar","Total_MW":1.7,"Utility_Na":"County of Santa Clara (CA)","City":"San Jose"}},{"type":"Feature","geometry":{"type":"Point","coordinates":[-121.9624,37.3863]},"properties":{"Plant_Name":"Mission College Blvd. Fuel Cell","State":"California","PrimSource":"natural gas","Total_MW":5,"Utility_Na":"2016 ESA Project Company, LLC","City":"Santa Clara"}},{"type":"Feature","geometry":{"type":"Point","coordinates":[-117.8453,33.851]},"properties":{"Plant_Name":"Kaiser East La Palma Ave. Fuel Cell","State":"California","PrimSource":"natural gas","Total_MW":2.2,"Utility_Na":"2016 ESA Project Company, LLC","City":"Anaheim"}},{"type":"Feature","geometry":{"type":"Point","coordinates":[-121.7718,37.9517]},"properties":{"Plant_Name":"Kaiser Deer Valley Rd. Fuel Cell","State":"California","PrimSource":"natural gas","Total_MW":1.4,"Utility_Na":"2016 ESA Project Company, LLC","City":"Antioch"}},{"type":"Feature","geometry":{"type":"Point","coordinates":[-121.8942,37.6992]},"properties":{"Plant_Name":"Kaiser Owens Dr. Fuel Cell","State":"California","PrimSource":"natural gas","Total_MW":1,"Utility_Na":"2016 ESA Project Company, LLC","City":"Pleasanton"}},{"type":"Feature","geometry":{"type":"Point","coordinates":[-122.273,38.2548]},"properties":{"Plant_Name":"Kaiser Napa Valley Corporate Dr Fuel Cel","State":"California","PrimSource":"natural gas","Total_MW":4.8,"Utility_Na":"2016 ESA Project Company, LLC","City":"Napa"}},{"type":"Feature","geometry":{"type":"Point","coordinates":[-121.7826,37.241]},"properties":{"Plant_Name":"Equinix Great Oaks Blvd. Fuel Cell","State":"California","PrimSource":"natural gas","Total_MW":4.5,"Utility_Na":"2016 ESA Project Company, LLC","City":"San Jose"}},{"type":"Feature","geometry":{"type":"Point","coordinates":[-121.889,37.3885]},"properties":{"Plant_Name":"Equinix Lundy Ave. Fuel Cell","State":"California","PrimSource":"natural gas","Total_MW":4.9,"Utility_Na":"2016 ESA Project Company, LLC","City":"San Jose"}},{"type":"Feature","geometry":{"type":"Point","coordinates":[-118.3845,33.9212]},"properties":{"Plant_Name":"Equinix Douglas St. Fuel Cell","State":"California","PrimSource":"natural gas","Total_MW":2,"Utility_Na":"2016 ESA Project Company, LLC","City":"El Segundo"}},{"type":"Feature","geometry":{"type":"Point","coordinates":[-118.3946,33.9254]},"properties":{"Plant_Name":"Equinix Maple Ave. Fuel Cell","State":"California","PrimSource":"natural gas","Total_MW":2,"Utility_Na":"2016 ESA Project Company, LLC","City":"El Segundo"}},{"type":"Feature","geometry":{"type":"Point","coordinates":[-108.4197,39.0448]},"properties":{"Plant_Name":"Mesa CSG 2 Massicotte","State":"Colorado","PrimSource":"solar","Total_MW":1.5,"Utility_Na":"Standard Solar","City":"Palisade"}},{"type":"Feature","geometry":{"type":"Point","coordinates":[-108.6439,39.1088]},"properties":{"Plant_Name":"Mesa CSG 1 Murdock","State":"Colorado","PrimSource":"solar","Total_MW":1.5,"Utility_Na":"Standard Solar","City":"Grand Junction"}},{"type":"Feature","geometry":{"type":"Point","coordinates":[-122.1489,37.411]},"properties":{"Plant_Name":"Solar Star Palo Alto I, LLC","State":"California","PrimSource":"solar","Total_MW":1.3,"Utility_Na":"DG 1 Acquisition Co., LLC","City":"Palo Alto"}},{"type":"Feature","geometry":{"type":"Point","coordinates":[-119.6338,45.5597]},"properties":{"Plant_Name":"Wheatridge Hybrid","State":"Oregon","PrimSource":"wind","Total_MW":280,"Utility_Na":"Wheatridge Wind Holdings, LLC","City":"Morrow"}},{"type":"Feature","geometry":{"type":"Point","coordinates":[-117.1933,32.7338]},"properties":{"Plant_Name":"San Diego International Airport BESS","State":"California","PrimSource":"batteries","Total_MW":2,"Utility_Na":"ENGIE Storage Services NA LLC","City":"San Diego"}},{"type":"Feature","geometry":{"type":"Point","coordinates":[-106.5472,35.1527]},"properties":{"Plant_Name":"RC Energy AA LLC Solar Facility","State":"New Mexico","PrimSource":"solar","Total_MW":1,"Utility_Na":"RC Energy AA LLC","City":"Albuquerque"}},{"type":"Feature","geometry":{"type":"Point","coordinates":[-115.619,32.676]},"properties":{"Plant_Name":"Wistaria Ranch Solar","State":"California","PrimSource":"solar","Total_MW":100,"Utility_Na":"Consolidated Edison Development Inc.","City":"Calexico"}},{"type":"Feature","geometry":{"type":"Point","coordinates":[-104.6625,39.6384]},"properties":{"Plant_Name":"Quincy II Solar Garden","State":"Colorado","PrimSource":"solar","Total_MW":1.5,"Utility_Na":"AEP Onsite Partners, LLC","City":"Aurora"}},{"type":"Feature","geometry":{"type":"Point","coordinates":[-104.5836,39.7868]},"properties":{"Plant_Name":"Imboden Solar Garden","State":"Colorado","PrimSource":"solar","Total_MW":3,"Utility_Na":"AEP Onsite Partners, LLC","City":"Watkins"}},{"type":"Feature","geometry":{"type":"Point","coordinates":[-118.6022,35.0967]},"properties":{"Plant_Name":"SunSelect1","State":"California","PrimSource":"natural gas","Total_MW":6.6,"Utility_Na":"SunSelect Produce (California) Inc","City":"Tehachapi"}},{"type":"Feature","geometry":{"type":"Point","coordinates":[-123.3616,43.2898]},"properties":{"Plant_Name":"Douglas County Forest Products","State":"Oregon","PrimSource":"biomass","Total_MW":6.3,"Utility_Na":"Douglas County Forest Products","City":"Roseburg"}},{"type":"Feature","geometry":{"type":"Point","coordinates":[-119.5115,34.4071]},"properties":{"Plant_Name":"Vallecito","State":"California","PrimSource":"batteries","Total_MW":10,"Utility_Na":"Viridity Energy Solutions, Inc.","City":"Carpinteria"}},{"type":"Feature","geometry":{"type":"Point","coordinates":[-113.6275,37.0438]},"properties":{"Plant_Name":"Bloomington Solar I","State":"Utah","PrimSource":"solar","Total_MW":2,"Utility_Na":"Adapture Renewables, Inc.","City":"St George"}},{"type":"Feature","geometry":{"type":"Point","coordinates":[-122.4289,37.6191]},"properties":{"Plant_Name":"Shelter Creek Condominiums Solar","State":"California","PrimSource":"solar","Total_MW":2.4,"Utility_Na":"Vista Solar, Inc.","City":"San Bruno"}},{"type":"Feature","geometry":{"type":"Point","coordinates":[-113.0183,38.4907]},"properties":{"Plant_Name":"Milford Solar 1","State":"Utah","PrimSource":"solar","Total_MW":99,"Utility_Na":"Milford Solar 1, LLC","City":"Milford"}},{"type":"Feature","geometry":{"type":"Point","coordinates":[-122.5429,38.2168]},"properties":{"Plant_Name":"Stage Gulch Solar","State":"California","PrimSource":"solar","Total_MW":0.8,"Utility_Na":"Stage Gulch Solar, LLC","City":"Petaluma"}},{"type":"Feature","geometry":{"type":"Point","coordinates":[-122.6634,38.1946]},"properties":{"Plant_Name":"Lavio Solar","State":"California","PrimSource":"solar","Total_MW":1,"Utility_Na":"Lavio Solar, LLC","City":"Petaluma"}},{"type":"Feature","geometry":{"type":"Point","coordinates":[-122.444,38.57]},"properties":{"Plant_Name":"Pacific Union College BESS","State":"California","PrimSource":"batteries","Total_MW":1,"Utility_Na":"ENGIE Storage Services NA LLC","City":"Angwin"}},{"type":"Feature","geometry":{"type":"Point","coordinates":[-121.2392,37.9201]},"properties":{"Plant_Name":"Cascade Energy Storage, LLC","State":"California","PrimSource":"batteries","Total_MW":25,"Utility_Na":"Engie North America","City":"Stockton"}},{"type":"Feature","geometry":{"type":"Point","coordinates":[-118.5601,39.542]},"properties":{"Plant_Name":"Stillwater Solar PV II","State":"Nevada","PrimSource":"solar","Total_MW":20,"Utility_Na":"Ormat Stillwater Solar PV II, LLC","City":"Fallon"}},{"type":"Feature","geometry":{"type":"Point","coordinates":[-104.0032,40.9606]},"properties":{"Plant_Name":"Mountain Breeze Wind, LLC","State":"Colorado","PrimSource":"wind","Total_MW":171.7,"Utility_Na":"Leeward Asset Management, LLC","City":"Grover"}},{"type":"Feature","geometry":{"type":"Point","coordinates":[-104.014,39.6865]},"properties":{"Plant_Name":"Titan Solar","State":"Colorado","PrimSource":"solar","Total_MW":50,"Utility_Na":"Titan Solar, LLC","City":"Deer Trail"}},{"type":"Feature","geometry":{"type":"Point","coordinates":[-117.2733,34.1119]},"properties":{"Plant_Name":"RPUWD Scheuer Well Solar Project","State":"California","PrimSource":"solar","Total_MW":3,"Utility_Na":"MN8 Energy LLC","City":"San Bernardino"}},{"type":"Feature","geometry":{"type":"Point","coordinates":[-115.1153,36.0043]},"properties":{"Plant_Name":"Dignity - Siena Campus","State":"Nevada","PrimSource":"solar","Total_MW":1.4,"Utility_Na":"MN8 Energy LLC","City":"Henderson"}},{"type":"Feature","geometry":{"type":"Point","coordinates":[-123.135,45.17]},"properties":{"Plant_Name":"Dayton Cutoff Solar","State":"Oregon","PrimSource":"solar","Total_MW":2.2,"Utility_Na":"SP Solar 7, LLC","City":"McMinnville"}},{"type":"Feature","geometry":{"type":"Point","coordinates":[-123.094,45.033]},"properties":{"Plant_Name":"Valley Creek Solar","State":"Oregon","PrimSource":"solar","Total_MW":2.2,"Utility_Na":"SP Solar 8, LLC","City":"Salem"}},{"type":"Feature","geometry":{"type":"Point","coordinates":[-122.807,45.014]},"properties":{"Plant_Name":"Silverton Solar","State":"Oregon","PrimSource":"solar","Total_MW":2.2,"Utility_Na":"Silverton Solar, LLC","City":"Silverton"}},{"type":"Feature","geometry":{"type":"Point","coordinates":[-122.949,44.826]},"properties":{"Plant_Name":"Sheep Solar","State":"Oregon","PrimSource":"solar","Total_MW":2.2,"Utility_Na":"Sheep Solar, LLC","City":"Turner"}},{"type":"Feature","geometry":{"type":"Point","coordinates":[-122.473,45.17]},"properties":{"Plant_Name":"Colton Solar","State":"Oregon","PrimSource":"solar","Total_MW":2.2,"Utility_Na":"SP Solar 6, LLC","City":"Molalla"}},{"type":"Feature","geometry":{"type":"Point","coordinates":[-122.899,45.129]},"properties":{"Plant_Name":"Interstate Solar","State":"Oregon","PrimSource":"solar","Total_MW":2.2,"Utility_Na":"SP Solar 1, LLC","City":"Gervais"}},{"type":"Feature","geometry":{"type":"Point","coordinates":[-116.9059,33.7671]},"properties":{"Plant_Name":"Soboba Community Solar Project","State":"California","PrimSource":"solar","Total_MW":1.7,"Utility_Na":"Soboba Band of Luiseno Indians","City":"San Jacinto"}},{"type":"Feature","geometry":{"type":"Point","coordinates":[-123.61,45.054]},"properties":{"Plant_Name":"Grand Ronde Solar","State":"Oregon","PrimSource":"solar","Total_MW":2.2,"Utility_Na":"NorWest Energy 14, LLC","City":"Grand Ronde"}},{"type":"Feature","geometry":{"type":"Point","coordinates":[-117.0049,32.5865]},"properties":{"Plant_Name":"SeaWorld Aquatica","State":"California","PrimSource":"solar","Total_MW":1.1,"Utility_Na":"Onyx Asset Services Group","City":"Chula Vista"}},{"type":"Feature","geometry":{"type":"Point","coordinates":[-118.9319,34.1965]},"properties":{"Plant_Name":"Acorn I Energy Storage LLC","State":"California","PrimSource":"batteries","Total_MW":2,"Utility_Na":"Acorn I Energy Storage LLC","City":"Thousand Oaks"}},{"type":"Feature","geometry":{"type":"Point","coordinates":[-116.4898,33.808]},"properties":{"Plant_Name":"Wildcat I Energy Storage LLC","State":"California","PrimSource":"batteries","Total_MW":3,"Utility_Na":"Wildcat I Energy Storage LLC","City":"Palm Springs"}},{"type":"Feature","geometry":{"type":"Point","coordinates":[-104.9823,39.8851]},"properties":{"Plant_Name":"Amazon Denver DEN3","State":"Colorado","PrimSource":"solar","Total_MW":4.6,"Utility_Na":"Westbound Solar LLC","City":"Thornton"}},{"type":"Feature","geometry":{"type":"Point","coordinates":[-118.2041,44.4653]},"properties":{"Plant_Name":"Brush Solar Center","State":"Oregon","PrimSource":"solar","Total_MW":2.8,"Utility_Na":"Adapture Renewables, Inc.","City":"Unity"}},{"type":"Feature","geometry":{"type":"Point","coordinates":[-119.3751,36.1871]},"properties":{"Plant_Name":"Tulare BioMAT Fuel Cell","State":"California","PrimSource":"biomass","Total_MW":2.8,"Utility_Na":"Central CA Fuel Cell 2, LLC","City":"Tulare"}},{"type":"Feature","geometry":{"type":"Point","coordinates":[-114.684,36.6298]},"properties":{"Plant_Name":"Eagle Shadow Mountain Solar Farm","State":"Nevada","PrimSource":"solar","Total_MW":300,"Utility_Na":"325MK 8me LLC","City":"Moapa River Indian Re"}},{"type":"Feature","geometry":{"type":"Point","coordinates":[-111.4236,40.5966]},"properties":{"Plant_Name":"Jordanelle Dam Hydroelectric Project","State":"Utah","PrimSource":"hydroelectric","Total_MW":13,"Utility_Na":"Central Utah Water Conservancy District","City":"Heber"}},{"type":"Feature","geometry":{"type":"Point","coordinates":[-117.7635,44.7024]},"properties":{"Plant_Name":"Baker City Solar","State":"Oregon","PrimSource":"solar","Total_MW":15,"Utility_Na":"Adapture Renewables, Inc.","City":"Baker City"}},{"type":"Feature","geometry":{"type":"Point","coordinates":[-117.0748,43.9514]},"properties":{"Plant_Name":"Morgan Solar Center","State":"Oregon","PrimSource":"solar","Total_MW":3,"Utility_Na":"Adapture Renewables, Inc.","City":"Ontario"}},{"type":"Feature","geometry":{"type":"Point","coordinates":[-117.4443,44.1579]},"properties":{"Plant_Name":"Vale Solar Center","State":"Oregon","PrimSource":"solar","Total_MW":3,"Utility_Na":"Adapture Renewables, Inc.","City":"Ontario"}},{"type":"Feature","geometry":{"type":"Point","coordinates":[-109.4766,45.8658]},"properties":{"Plant_Name":"Stillwater Wind, LLC","State":"Montana","PrimSource":"wind","Total_MW":79.7,"Utility_Na":"Pattern Operators LP","City":"Reed Point"}},{"type":"Feature","geometry":{"type":"Point","coordinates":[-117.0281,44.1128]},"properties":{"Plant_Name":"Ontario Solar Center","State":"Oregon","PrimSource":"solar","Total_MW":3,"Utility_Na":"Adapture Renewables, Inc.","City":"Ontario"}},{"type":"Feature","geometry":{"type":"Point","coordinates":[-111.9563,33.4468]},"properties":{"Plant_Name":"AES ES GILBERT","State":"Arizona","PrimSource":"batteries","Total_MW":10,"Utility_Na":"AES ES GILBERT, LLC","City":"Chandler"}},{"type":"Feature","geometry":{"type":"Point","coordinates":[-115.2721,36.0572]},"properties":{"Plant_Name":"Dignity - San Martin","State":"Nevada","PrimSource":"solar","Total_MW":1.7,"Utility_Na":"MN8 Energy LLC","City":"Las Vegas"}},{"type":"Feature","geometry":{"type":"Point","coordinates":[-117.8531,33.7147]},"properties":{"Plant_Name":"Hecate Energy Johanna Facility","State":"California","PrimSource":"batteries","Total_MW":20,"Utility_Na":"Hecate Energy Johanna Facility LLC","City":"Santa Ana"}},{"type":"Feature","geometry":{"type":"Point","coordinates":[-111.5651,32.847]},"properties":{"Plant_Name":"East Line Solar","State":"Arizona","PrimSource":"solar","Total_MW":100,"Utility_Na":"AES Distributed Energy","City":"Coolidge"}},{"type":"Feature","geometry":{"type":"Point","coordinates":[-122.8151,38.5392]},"properties":{"Plant_Name":"Windsor Floating Solar","State":"California","PrimSource":"solar","Total_MW":1.5,"Utility_Na":"CA ODEVI LLC","City":"Windsor"}},{"type":"Feature","geometry":{"type":"Point","coordinates":[-108.4627,39.9237]},"properties":{"Plant_Name":"Bar D","State":"Colorado","PrimSource":"solar","Total_MW":4,"Utility_Na":"Cypress Creek Renewables","City":"Meeker"}},{"type":"Feature","geometry":{"type":"Point","coordinates":[-119.6731,36.6245]},"properties":{"Plant_Name":"National Raisin","State":"California","PrimSource":"solar","Total_MW":2.5,"Utility_Na":"National Raisin","City":"Fowler"}},{"type":"Feature","geometry":{"type":"Point","coordinates":[-119.3332,45.38]},"properties":{"Plant_Name":"Orchard Windfarm 1, LLC","State":"Oregon","PrimSource":"wind","Total_MW":10,"Utility_Na":"Orchard Windfarm, LLC","City":"Lexington"}},{"type":"Feature","geometry":{"type":"Point","coordinates":[-118.5671,46.941]},"properties":{"Plant_Name":"Rattlesnake Flat","State":"Washington","PrimSource":"wind","Total_MW":144,"Utility_Na":"Rattlesnake Flat, LLC","City":"Ritzville"}},{"type":"Feature","geometry":{"type":"Point","coordinates":[-110.6146,47.3299]},"properties":{"Plant_Name":"South Peak Wind","State":"Montana","PrimSource":"wind","Total_MW":80,"Utility_Na":"ALLETE Clean Energy","City":"Geyser"}},{"type":"Feature","geometry":{"type":"Point","coordinates":[-116.8942,39.5963]},"properties":{"Plant_Name":"McGinness Hills 3","State":"Nevada","PrimSource":"geothermal","Total_MW":74.2,"Utility_Na":"Ormat Nevada Inc","City":"Austin"}},{"type":"Feature","geometry":{"type":"Point","coordinates":[-111.3136,33.8758]},"properties":{"Plant_Name":"Punkin Center Battery Storage","State":"Arizona","PrimSource":"batteries","Total_MW":2,"Utility_Na":"Arizona Public Service Co","City":"Tonto Basin"}},{"type":"Feature","geometry":{"type":"Point","coordinates":[-102.2113,39.0169]},"properties":{"Plant_Name":"Cheyenne Ridge Wind Farm","State":"Colorado","PrimSource":"wind","Total_MW":477.1,"Utility_Na":"Public Service Co of Colorado","City":"Cheyenne Wells"}},{"type":"Feature","geometry":{"type":"Point","coordinates":[-112.3059,33.568]},"properties":{"Plant_Name":"El Sol BESS","State":"Arizona","PrimSource":"batteries","Total_MW":50,"Utility_Na":"Invenergy Services LLC","City":"Phoenix"}},{"type":"Feature","geometry":{"type":"Point","coordinates":[-103.9661,34.605]},"properties":{"Plant_Name":"Casa Mesa Wind Energy Center Hybrid","State":"New Mexico","PrimSource":"wind","Total_MW":51.9,"Utility_Na":"Casa Mesa Wind, LLC","City":"House"}},{"type":"Feature","geometry":{"type":"Point","coordinates":[-114.9564,35.8673]},"properties":{"Plant_Name":"Techren Solar II LLC","State":"Nevada","PrimSource":"solar","Total_MW":200,"Utility_Na":"Techren Solar II LLC","City":"Boulder\t\t\t"}},{"type":"Feature","geometry":{"type":"Point","coordinates":[-114.9713,35.8441]},"properties":{"Plant_Name":"Techren Solar III LLC","State":"Nevada","PrimSource":"solar","Total_MW":25,"Utility_Na":"Techren Solar III LLC","City":"Boulder"}},{"type":"Feature","geometry":{"type":"Point","coordinates":[-114.9365,35.8927]},"properties":{"Plant_Name":"Techren Solar IV LLC","State":"Nevada","PrimSource":"solar","Total_MW":25,"Utility_Na":"Techren Solar IV LLC","City":"Boulder"}},{"type":"Feature","geometry":{"type":"Point","coordinates":[-118.6212,46.9553]},"properties":{"Plant_Name":"Adams Nielson Solar","State":"Washington","PrimSource":"solar","Total_MW":19.2,"Utility_Na":"Strata Manager, LLC","City":"Lind"}},{"type":"Feature","geometry":{"type":"Point","coordinates":[-119.52,39.59]},"properties":{"Plant_Name":"Turquoise Liberty Solar","State":"Nevada","PrimSource":"solar","Total_MW":10,"Utility_Na":"Liberty Utilities (CalPeco Electric) LLC","City":"Sparks"}},{"type":"Feature","geometry":{"type":"Point","coordinates":[-116.9996,32.8165]},"properties":{"Plant_Name":"Grossmont HS Solar Project","State":"California","PrimSource":"solar","Total_MW":1.3,"Utility_Na":"MN8 Energy LLC","City":"El Cajon"}},{"type":"Feature","geometry":{"type":"Point","coordinates":[-121.477,38.705]},"properties":{"Plant_Name":"Wildflower Solar 1","State":"California","PrimSource":"solar","Total_MW":13,"Utility_Na":"Lightsource Renewable Energy Asset Management, LLC","City":"Elverta"}},{"type":"Feature","geometry":{"type":"Point","coordinates":[-107.9523,35.241]},"properties":{"Plant_Name":"Bluewater CDEC 1","State":"New Mexico","PrimSource":"solar","Total_MW":2.4,"Utility_Na":"Lightsource Renewable Energy Asset Management, LLC","City":"Bluewater"}},{"type":"Feature","geometry":{"type":"Point","coordinates":[-107.821,35.14]},"properties":{"Plant_Name":"Grants CDEC 2","State":"New Mexico","PrimSource":"solar","Total_MW":4.5,"Utility_Na":"Lightsource Renewable Energy Asset Management, LLC","City":"Grants"}},{"type":"Feature","geometry":{"type":"Point","coordinates":[-119.1805,39.1633]},"properties":{"Plant_Name":"Whitegrass No. 1","State":"Nevada","PrimSource":"geothermal","Total_MW":6.4,"Utility_Na":"Open Mountain Energy LLC.","City":"Yerington"}},{"type":"Feature","geometry":{"type":"Point","coordinates":[-119.7319,36.8855]},"properties":{"Plant_Name":"SCCCD - Clovis Community College","State":"California","PrimSource":"solar","Total_MW":1.2,"Utility_Na":"Forefront Power, LLC","City":"Fresno"}},{"type":"Feature","geometry":{"type":"Point","coordinates":[-104.7777,38.7455]},"properties":{"Plant_Name":"Fort Carson Battery Energy Storage Syste","State":"Colorado","PrimSource":"batteries","Total_MW":4.2,"Utility_Na":"Department of the Army, Fort Carson","City":"Fort Carson"}},{"type":"Feature","geometry":{"type":"Point","coordinates":[-119.9714,36.9161]},"properties":{"Plant_Name":"Pacific Ethanol Madera Solar Array","State":"California","PrimSource":"solar","Total_MW":3.9,"Utility_Na":"Seaboard Energy California, LLC","City":"Madera"}},{"type":"Feature","geometry":{"type":"Point","coordinates":[-104.459,39.7616]},"properties":{"Plant_Name":"Pioneer Solar (CO), LLC","State":"Colorado","PrimSource":"solar","Total_MW":80,"Utility_Na":"Pioneer Solar (CO), LLC","City":"Bennett"}},{"type":"Feature","geometry":{"type":"Point","coordinates":[-121.5936,37.0038]},"properties":{"Plant_Name":"Gavilan Community College Solar Project","State":"California","PrimSource":"solar","Total_MW":1.7,"Utility_Na":"Gavilan District College Solar Project","City":"Gilroy"}},{"type":"Feature","geometry":{"type":"Point","coordinates":[-120.4322,37.3657]},"properties":{"Plant_Name":"UC Merced Solar Hybrid","State":"California","PrimSource":"solar","Total_MW":4.8,"Utility_Na":"MN8 Energy LLC","City":"Merced"}},{"type":"Feature","geometry":{"type":"Point","coordinates":[-118.2803,34.7237]},"properties":{"Plant_Name":"San Pablo Raceway","State":"California","PrimSource":"solar","Total_MW":100,"Utility_Na":"AES Distributed Energy","City":"Lancaster"}},{"type":"Feature","geometry":{"type":"Point","coordinates":[-119.8964,36.2168]},"properties":{"Plant_Name":"Mustang Two","State":"California","PrimSource":"solar","Total_MW":150,"Utility_Na":"RE Mustang Two LLC","City":"Lemoore"}},{"type":"Feature","geometry":{"type":"Point","coordinates":[-117.331,33.9704]},"properties":{"Plant_Name":"UC Riverside Lots 30 & 32","State":"California","PrimSource":"solar","Total_MW":3.5,"Utility_Na":"MN8 Energy LLC","City":"Riverside"}},{"type":"Feature","geometry":{"type":"Point","coordinates":[-120.5241,44.1633]},"properties":{"Plant_Name":"Prineville Solar Energy LLC","State":"Oregon","PrimSource":"solar","Total_MW":46.2,"Utility_Na":"Invenergy Services LLC","City":"Prineville"}},{"type":"Feature","geometry":{"type":"Point","coordinates":[-120.5341,44.1541]},"properties":{"Plant_Name":"Millican Solar Energy LLC","State":"Oregon","PrimSource":"solar","Total_MW":71.4,"Utility_Na":"Invenergy Services LLC","City":"Prineville"}},{"type":"Feature","geometry":{"type":"Point","coordinates":[-117.9657,35.1414]},"properties":{"Plant_Name":"CalCity Solar 1","State":"California","PrimSource":"solar","Total_MW":3,"Utility_Na":"CalCity Solar 1, LLC","City":"California City"}},{"type":"Feature","geometry":{"type":"Point","coordinates":[-122.1608,37.4343]},"properties":{"Plant_Name":"Stanford Campus Solar","State":"California","PrimSource":"solar","Total_MW":3.3,"Utility_Na":"MN8 Energy LLC","City":"Stanford"}},{"type":"Feature","geometry":{"type":"Point","coordinates":[-118.1136,33.781]},"properties":{"Plant_Name":"CSU Long Beach Lots 7 & 14","State":"California","PrimSource":"solar","Total_MW":3.3,"Utility_Na":"MN8 Energy LLC","City":"Long Beach"}},{"type":"Feature","geometry":{"type":"Point","coordinates":[-111.8877,39.8407]},"properties":{"Plant_Name":"Clover Creek Solar Community Solar","State":"Utah","PrimSource":"solar","Total_MW":80,"Utility_Na":"AES Distributed Energy","City":"Mona"}},{"type":"Feature","geometry":{"type":"Point","coordinates":[-119.7986,36.7666]},"properties":{"Plant_Name":"SCCCD - Fresno Community College","State":"California","PrimSource":"solar","Total_MW":2.2,"Utility_Na":"Forefront Power, LLC","City":"Fresno"}},{"type":"Feature","geometry":{"type":"Point","coordinates":[-119.4577,36.6056]},"properties":{"Plant_Name":"Reedley Community College Solar","State":"California","PrimSource":"solar","Total_MW":2.6,"Utility_Na":"Forefront Power, LLC","City":"Reedley"}},{"type":"Feature","geometry":{"type":"Point","coordinates":[-122.7219,38.4691]},"properties":{"Plant_Name":"Santa Rosa Junior College Petaluma Solar","State":"California","PrimSource":"solar","Total_MW":1.1,"Utility_Na":"Sonoma County Junior College District","City":"Petaluma"}},{"type":"Feature","geometry":{"type":"Point","coordinates":[-119.3952,35.214]},"properties":{"Plant_Name":"Eagle Creek","State":"California","PrimSource":"solar","Total_MW":3,"Utility_Na":"ZGlobal Inc","City":"Taft"}},{"type":"Feature","geometry":{"type":"Point","coordinates":[-114.9471,36.4339]},"properties":{"Plant_Name":"Harry Allen Solar Energy LLC","State":"Nevada","PrimSource":"solar","Total_MW":100,"Utility_Na":"Invenergy Services LLC","City":"Apex"}},{"type":"Feature","geometry":{"type":"Point","coordinates":[-105.1784,35.6346]},"properties":{"Plant_Name":"San Miguel I Solar Energy Center","State":"New Mexico","PrimSource":"solar","Total_MW":10,"Utility_Na":"PNM Resources","City":"Las Vegas"}},{"type":"Feature","geometry":{"type":"Point","coordinates":[-105.1732,35.6347]},"properties":{"Plant_Name":"San Miguel II Solar Energy Center","State":"New Mexico","PrimSource":"solar","Total_MW":10,"Utility_Na":"PNM Resources","City":"Las Vegas"}},{"type":"Feature","geometry":{"type":"Point","coordinates":[-103.1324,40.6658]},"properties":{"Plant_Name":"Riverview Solar","State":"Colorado","PrimSource":"solar","Total_MW":1.5,"Utility_Na":"Highline Services, LLC","City":"Sterling"}},{"type":"Feature","geometry":{"type":"Point","coordinates":[-120.1235,34.4822]},"properties":{"Plant_Name":"Santa Barbara ReSource Center","State":"California","PrimSource":"biomass","Total_MW":2.2,"Utility_Na":"County of Santa Barbara","City":"Goleta"}},{"type":"Feature","geometry":{"type":"Point","coordinates":[-115.4338,33.1917]},"properties":{"Plant_Name":"Citizens Imperial Solar","State":"California","PrimSource":"solar","Total_MW":30,"Utility_Na":"Citizens Enterprises Corporation","City":"Calipatria"}},{"type":"Feature","geometry":{"type":"Point","coordinates":[-117.9722,34.7434]},"properties":{"Plant_Name":"Lancaster","State":"California","PrimSource":"solar","Total_MW":3,"Utility_Na":"Clean Focus Yield, LLC","City":"Lancaster"}},{"type":"Feature","geometry":{"type":"Point","coordinates":[-114.5045,35.7911]},"properties":{"Plant_Name":"Mohave County Wind Farm","State":"Arizona","PrimSource":"wind","Total_MW":350,"Utility_Na":"Mohave County Wind Farm","City":"Willow Beach"}},{"type":"Feature","geometry":{"type":"Point","coordinates":[-120.6897,47.1075]},"properties":{"Plant_Name":"Urtica Solar Project","State":"Washington","PrimSource":"solar","Total_MW":5,"Utility_Na":"Greenbacker Renewable Energy Corporation","City":"Ellensburg"}},{"type":"Feature","geometry":{"type":"Point","coordinates":[-120.5091,46.9593]},"properties":{"Plant_Name":"Penstemon Solar Project","State":"Washington","PrimSource":"solar","Total_MW":5,"Utility_Na":"Greenbacker Renewable Energy Corporation","City":"Ellensburg"}},{"type":"Feature","geometry":{"type":"Point","coordinates":[-120.5091,46.9593]},"properties":{"Plant_Name":"Camas Solar Project","State":"Washington","PrimSource":"solar","Total_MW":5,"Utility_Na":"Greenbacker Renewable Energy Corporation","City":"Ellensburg"}},{"type":"Feature","geometry":{"type":"Point","coordinates":[-110.8167,32.1665]},"properties":{"Plant_Name":"Pima Community College","State":"Arizona","PrimSource":"solar","Total_MW":1.1,"Utility_Na":"Tesla Inc.","City":"Tucson"}},{"type":"Feature","geometry":{"type":"Point","coordinates":[-121.0741,38.6506]},"properties":{"Plant_Name":"Blue Shld Of Cal- El Dorado Hlls Mtr B","State":"California","PrimSource":"solar","Total_MW":2.1,"Utility_Na":"Tesla Inc.","City":"El Dorado Hills"}},{"type":"Feature","geometry":{"type":"Point","coordinates":[-105.6602,36.3713]},"properties":{"Plant_Name":"Syncarpha Taos","State":"New Mexico","PrimSource":"solar","Total_MW":3.1,"Utility_Na":"Syncarpha Taos I, LLC","City":"Taos"}},{"type":"Feature","geometry":{"type":"Point","coordinates":[-106.1901,36.3317]},"properties":{"Plant_Name":"Syncarpha El Rito","State":"New Mexico","PrimSource":"solar","Total_MW":1.6,"Utility_Na":"Syncarpha El Rito I, LLC","City":"El Rito"}},{"type":"Feature","geometry":{"type":"Point","coordinates":[-105.5884,36.8107]},"properties":{"Plant_Name":"Syncarpha Questa","State":"New Mexico","PrimSource":"solar","Total_MW":1.6,"Utility_Na":"Syncarpha Questa I, LLC","City":"Cerro"}},{"type":"Feature","geometry":{"type":"Point","coordinates":[-115.6656,32.6872]},"properties":{"Plant_Name":"Drew Solar LLC","State":"California","PrimSource":"solar","Total_MW":100,"Utility_Na":"Drew Solar LLC","City":"Calexico"}},{"type":"Feature","geometry":{"type":"Point","coordinates":[-105.1074,41.0951]},"properties":{"Plant_Name":"Roundhouse Wind Energy Project","State":"Wyoming","PrimSource":"wind","Total_MW":226,"Utility_Na":"Roundhouse Renewable Energy, LLC","City":"Cheyenne"}},{"type":"Feature","geometry":{"type":"Point","coordinates":[-120.5643,34.5798]},"properties":{"Plant_Name":"Strauss Wind Farm","State":"California","PrimSource":"wind","Total_MW":95.3,"Utility_Na":"Strauss Wind LLC","City":"Lompoc"}},{"type":"Feature","geometry":{"type":"Point","coordinates":[-118.1002,33.7672]},"properties":{"Plant_Name":"AES Alamitos Energy Center","State":"California","PrimSource":"natural gas","Total_MW":603,"Utility_Na":"AES Alamitos Energy, LLC","City":"Long Beach"}},{"type":"Feature","geometry":{"type":"Point","coordinates":[-105.846,39.9592]},"properties":{"Plant_Name":"Tom Sifers Solar","State":"Colorado","PrimSource":"solar","Total_MW":1,"Utility_Na":"Mountain Parks Services, Inc.","City":"Fraser"}},{"type":"Feature","geometry":{"type":"Point","coordinates":[-106.2897,40.8125]},"properties":{"Plant_Name":"Whiskey Hill Solar","State":"Colorado","PrimSource":"solar","Total_MW":1,"Utility_Na":"Mountain Parks Services, Inc.","City":"Walden"}},{"type":"Feature","geometry":{"type":"Point","coordinates":[-117.9794,33.6456]},"properties":{"Plant_Name":"AES Huntington Beach Energy Project","State":"California","PrimSource":"natural gas","Total_MW":630,"Utility_Na":"AES Huntington Beach Energy, LLC","City":"Huntington Beach"}},{"type":"Feature","geometry":{"type":"Point","coordinates":[-107.5631,35.9703]},"properties":{"Plant_Name":"Arroyo Solar Energy Storage Hybrid","State":"New Mexico","PrimSource":"solar","Total_MW":450,"Utility_Na":"Arroyo Solar LLC","City":"Pueblo Pintado"}},{"type":"Feature","geometry":{"type":"Point","coordinates":[-106.4824,35.1048]},"properties":{"Plant_Name":"Rio Rancho Solar Energy Center","State":"New Mexico","PrimSource":"solar","Total_MW":10,"Utility_Na":"PNM Resources","City":"Rio Rancho"}},{"type":"Feature","geometry":{"type":"Point","coordinates":[-105.2772,36.5442]},"properties":{"Plant_Name":"Syncarpha Eagle Nest","State":"New Mexico","PrimSource":"solar","Total_MW":1,"Utility_Na":"Syncarpha Eagle Nest I, LLC","City":"Eagle Nest"}},{"type":"Feature","geometry":{"type":"Point","coordinates":[-117.5704,34.1481]},"properties":{"Plant_Name":"Chaffey College Rancho Cucamonga Campus","State":"California","PrimSource":"solar","Total_MW":4,"Utility_Na":"Chaffey Community College District","City":"Rancho Cucamonga"}},{"type":"Feature","geometry":{"type":"Point","coordinates":[-114.4125,42.541]},"properties":{"Plant_Name":"Clif Bar Bakery of Twin Falls","State":"Idaho","PrimSource":"solar","Total_MW":2,"Utility_Na":"Clif Bar Bakery of Twin Falls, LLC","City":"Twin Falls"}},{"type":"Feature","geometry":{"type":"Point","coordinates":[-122.285,45.431]},"properties":{"Plant_Name":"Boring Solar LLC","State":"Oregon","PrimSource":"solar","Total_MW":2.2,"Utility_Na":"Boring Solar LLC","City":"Sandy"}},{"type":"Feature","geometry":{"type":"Point","coordinates":[-123.395,45.077]},"properties":{"Plant_Name":"Ballston Solar LLC","State":"Oregon","PrimSource":"solar","Total_MW":2.2,"Utility_Na":"Ballston Solar LLC","City":"Sheridan"}},{"type":"Feature","geometry":{"type":"Point","coordinates":[-122.922,45.023]},"properties":{"Plant_Name":"Labish Solar LLC","State":"Oregon","PrimSource":"solar","Total_MW":2.2,"Utility_Na":"Labish Solar LLC","City":"Salem"}},{"type":"Feature","geometry":{"type":"Point","coordinates":[-121.9006,38.0288]},"properties":{"Plant_Name":"Diablo Energy Storage","State":"California","PrimSource":"batteries","Total_MW":200,"Utility_Na":"Diablo Energy Storage, LLC","City":"Pittsburg"}},{"type":"Feature","geometry":{"type":"Point","coordinates":[-119.6116,35.3076]},"properties":{"Plant_Name":"Berry NMW Cogens","State":"California","PrimSource":"natural gas","Total_MW":10,"Utility_Na":"Berry Petroleum Co","City":"Bakersfield"}},{"type":"Feature","geometry":{"type":"Point","coordinates":[-115.38,33.8]},"properties":{"Plant_Name":"Desert Harvest, LLC","State":"California","PrimSource":"solar","Total_MW":80,"Utility_Na":"Desert Harvest, LLC","City":"Desert Center"}},{"type":"Feature","geometry":{"type":"Point","coordinates":[-115.38,33.7]},"properties":{"Plant_Name":"Maverick Solar, LLC","State":"California","PrimSource":"solar","Total_MW":125,"Utility_Na":"Maverick Solar, LLC","City":"Desert Center"}},{"type":"Feature","geometry":{"type":"Point","coordinates":[-106.0511,34.7832]},"properties":{"Plant_Name":"CNMEC Solar Energy Center","State":"New Mexico","PrimSource":"solar","Total_MW":2,"Utility_Na":"Exus New Mexico","City":"Estancia"}},{"type":"Feature","geometry":{"type":"Point","coordinates":[-119.5243,36.3988]},"properties":{"Plant_Name":"Still Water Power","State":"California","PrimSource":"biomass","Total_MW":1,"Utility_Na":"Still Water Power LLC","City":"Hanford"}},{"type":"Feature","geometry":{"type":"Point","coordinates":[-119.9742,40.0747]},"properties":{"Plant_Name":"Fish Springs","State":"Nevada","PrimSource":"solar","Total_MW":125,"Utility_Na":"Fish Springs Ranch Solar, LLC","City":"Reno"}},{"type":"Feature","geometry":{"type":"Point","coordinates":[-104.4131,40.1054]},"properties":{"Plant_Name":"SR Rattlesnake","State":"Colorado","PrimSource":"solar","Total_MW":6,"Utility_Na":"SR Rattlesnake, LLC","City":"Platteville"}},{"type":"Feature","geometry":{"type":"Point","coordinates":[-110.7121,39.5484]},"properties":{"Plant_Name":"Graphite Solar I","State":"Utah","PrimSource":"solar","Total_MW":80,"Utility_Na":"Greenbacker Renewable Energy Corporation","City":"Wellington"}},{"type":"Feature","geometry":{"type":"Point","coordinates":[-112.746,45.236]},"properties":{"Plant_Name":"Apex Solar","State":"Montana","PrimSource":"solar","Total_MW":80,"Utility_Na":"Apex Solar LLC","City":"Dillon"}},{"type":"Feature","geometry":{"type":"Point","coordinates":[-120.1045,36.1532]},"properties":{"Plant_Name":"Fifth Standard Solar PV, LLC (Hybrid)","State":"California","PrimSource":"solar","Total_MW":267,"Utility_Na":"RWE Renewables Americas, LLC","City":"Huron"}},{"type":"Feature","geometry":{"type":"Point","coordinates":[-119.3222,46.3529]},"properties":{"Plant_Name":"Horn Rapids Solar, Storage and Training","State":"Washington","PrimSource":"solar","Total_MW":4.2,"Utility_Na":"Energy Northwest","City":"Richland"}},{"type":"Feature","geometry":{"type":"Point","coordinates":[-105.1303,40.1226]},"properties":{"Plant_Name":"Jack's Solar Garden","State":"Colorado","PrimSource":"solar","Total_MW":1,"Utility_Na":"Jack's Solar Garden","City":"Longmont"}},{"type":"Feature","geometry":{"type":"Point","coordinates":[-104.5814,38.6217]},"properties":{"Plant_Name":"Pike Solar Hybrid","State":"Colorado","PrimSource":"solar","Total_MW":175,"Utility_Na":"Duke Energy Renewables Services","City":"Fountain"}},{"type":"Feature","geometry":{"type":"Point","coordinates":[-119.7452,35.7328]},"properties":{"Plant_Name":"Wonderful Orchards - Westside","State":"California","PrimSource":"solar","Total_MW":5,"Utility_Na":"Wonderful Renewable Energy, LLC.","City":"Lost Hills"}},{"type":"Feature","geometry":{"type":"Point","coordinates":[-119.7493,35.5001]},"properties":{"Plant_Name":"Wonderful Orchards - Belridge","State":"California","PrimSource":"solar","Total_MW":5,"Utility_Na":"Wonderful Renewable Energy, LLC.","City":"Lost Hills"}},{"type":"Feature","geometry":{"type":"Point","coordinates":[-118.704,34.1265]},"properties":{"Plant_Name":"Las Virgenes","State":"California","PrimSource":"solar","Total_MW":3,"Utility_Na":"Greenbacker Renewable Energy Corporation","City":"Calabasas"}},{"type":"Feature","geometry":{"type":"Point","coordinates":[-105.9034,37.3996]},"properties":{"Plant_Name":"Rock Creek 2 CSG","State":"Colorado","PrimSource":"solar","Total_MW":1.6,"Utility_Na":"Greenbacker Renewable Energy Corporation","City":"Alamosa"}},{"type":"Feature","geometry":{"type":"Point","coordinates":[-105.8592,37.4512]},"properties":{"Plant_Name":"Alamosa Solar South CSG","State":"Colorado","PrimSource":"solar","Total_MW":1.6,"Utility_Na":"Greenbacker Renewable Energy Corporation","City":"Alamosa"}},{"type":"Feature","geometry":{"type":"Point","coordinates":[-115.5264,33.0218]},"properties":{"Plant_Name":"Valencia 2","State":"California","PrimSource":"solar","Total_MW":3,"Utility_Na":"Greenbacker Renewable Energy Corporation","City":"Imperial"}},{"type":"Feature","geometry":{"type":"Point","coordinates":[-117.3606,34.0393]},"properties":{"Plant_Name":"ESCA-LL-COLTON, LLC","State":"California","PrimSource":"solar","Total_MW":2.6,"Utility_Na":"Madison Energy Holdings LLC","City":"Colton"}},{"type":"Feature","geometry":{"type":"Point","coordinates":[-115.355,33.7513]},"properties":{"Plant_Name":"SE Athos II, LLC","State":"California","PrimSource":"solar","Total_MW":200,"Utility_Na":"SE Athos II, LLC","City":"Desert Center"}},{"type":"Feature","geometry":{"type":"Point","coordinates":[-122.8662,38.5844]},"properties":{"Plant_Name":"Dissigno Healdsburg FPV, LLC","State":"California","PrimSource":"solar","Total_MW":3,"Utility_Na":"Palmetto Power Management LLC","City":"Healdsburg"}},{"type":"Feature","geometry":{"type":"Point","coordinates":[-116.5797,33.9077]},"properties":{"Plant_Name":"Coachella Hills Wind","State":"California","PrimSource":"wind","Total_MW":61.2,"Utility_Na":"Terra-Gen Operating Co-Wind","City":"Palm Springs"}},{"type":"Feature","geometry":{"type":"Point","coordinates":[-121.6907,37.7612]},"properties":{"Plant_Name":"Summit Winds","State":"California","PrimSource":"wind","Total_MW":56.2,"Utility_Na":"Greenbacker Renewable Energy Corporation","City":"Livermore"}},{"type":"Feature","geometry":{"type":"Point","coordinates":[-108.8066,46.1027]},"properties":{"Plant_Name":"Two Dot Wind Broadview East LLC","State":"Montana","PrimSource":"wind","Total_MW":1.6,"Utility_Na":"Two Dot Wind Broadview East LLC","City":"Broadview"}},{"type":"Feature","geometry":{"type":"Point","coordinates":[-103.2337,40.6136]},"properties":{"Plant_Name":"Mtn Solar 6 LLC (CSG)","State":"Colorado","PrimSource":"solar","Total_MW":2,"Utility_Na":"Nautilus Solar Solutions","City":"Sterling"}},{"type":"Feature","geometry":{"type":"Point","coordinates":[-103.2337,40.6136]},"properties":{"Plant_Name":"NSE Camber Solar PS11 LLC (CSG)","State":"Colorado","PrimSource":"solar","Total_MW":2,"Utility_Na":"Nautilus Solar Solutions","City":"Sterling"}},{"type":"Feature","geometry":{"type":"Point","coordinates":[-103.7473,38.2092]},"properties":{"Plant_Name":"NSE Camber BH CSG 2, LLC","State":"Colorado","PrimSource":"solar","Total_MW":2,"Utility_Na":"Nautilus Solar Solutions","City":"Ordway"}},{"type":"Feature","geometry":{"type":"Point","coordinates":[-103.1589,40.6191]},"properties":{"Plant_Name":"NSE Camber Solar PS13 LLC (CSG)","State":"Colorado","PrimSource":"solar","Total_MW":2,"Utility_Na":"Nautilus Solar Solutions","City":"Sterling"}},{"type":"Feature","geometry":{"type":"Point","coordinates":[-104.8242,40.2607]},"properties":{"Plant_Name":"NSE Camber Solar PS6 LLC CSG","State":"Colorado","PrimSource":"solar","Total_MW":2,"Utility_Na":"Nautilus Solar Solutions","City":"Platteville"}},{"type":"Feature","geometry":{"type":"Point","coordinates":[-104.8395,40.2502]},"properties":{"Plant_Name":"NSE Camber Solar PS5 LLC (CSG)","State":"Colorado","PrimSource":"solar","Total_MW":2,"Utility_Na":"Nautilus Solar Solutions","City":"Platteville"}},{"type":"Feature","geometry":{"type":"Point","coordinates":[-103.2337,40.6136]},"properties":{"Plant_Name":"Pivot Solar 12 LLC(CSG)","State":"Colorado","PrimSource":"solar","Total_MW":1,"Utility_Na":"Nautilus Solar Solutions","City":"Sterling"}},{"type":"Feature","geometry":{"type":"Point","coordinates":[-120.2459,36.648]},"properties":{"Plant_Name":"Tranquillity ID","State":"California","PrimSource":"solar","Total_MW":1.3,"Utility_Na":"Tranquillity Solar 1, LLC","City":"Tranquillity"}},{"type":"Feature","geometry":{"type":"Point","coordinates":[-110.8389,32.1294]},"properties":{"Plant_Name":"Amazon TUS2","State":"Arizona","PrimSource":"solar","Total_MW":2.6,"Utility_Na":"SkyHigh 2 Solar","City":"Tucson"}},{"type":"Feature","geometry":{"type":"Point","coordinates":[-104.7707,40.318]},"properties":{"Plant_Name":"Gilcrest V CSG","State":"Colorado","PrimSource":"solar","Total_MW":4.8,"Utility_Na":"SunShare Management","City":"Platteville"}},{"type":"Feature","geometry":{"type":"Point","coordinates":[-104.9731,39.8257]},"properties":{"Plant_Name":"TruStile Doors - Denver","State":"Colorado","PrimSource":"solar","Total_MW":1.2,"Utility_Na":"SkyHigh 2 Solar","City":"Denver"}},{"type":"Feature","geometry":{"type":"Point","coordinates":[-120.6943,35.5959]},"properties":{"Plant_Name":"Firestone Walker Brewery - Phase 1","State":"California","PrimSource":"solar","Total_MW":1.6,"Utility_Na":"SkyHigh 2 Solar","City":"Paso Robles"}},{"type":"Feature","geometry":{"type":"Point","coordinates":[-117.1877,33.76]},"properties":{"Plant_Name":"EMWD - Perris Valley RWRF","State":"California","PrimSource":"solar","Total_MW":3.4,"Utility_Na":"SkyHigh 2 Solar","City":"Perris"}},{"type":"Feature","geometry":{"type":"Point","coordinates":[-117.0166,33.7985]},"properties":{"Plant_Name":"EMWD - San Jacinto RWRF NEM","State":"California","PrimSource":"solar","Total_MW":1.3,"Utility_Na":"SkyHigh 2 Solar","City":"San Jacinto"}},{"type":"Feature","geometry":{"type":"Point","coordinates":[-117.2186,33.6961]},"properties":{"Plant_Name":"EMWD - Sun City RWRF","State":"California","PrimSource":"solar","Total_MW":1.5,"Utility_Na":"SkyHigh 2 Solar","City":"Menifee"}},{"type":"Feature","geometry":{"type":"Point","coordinates":[-117.0236,33.8029]},"properties":{"Plant_Name":"EMWD - San Jacinto RES BCT","State":"California","PrimSource":"solar","Total_MW":4.2,"Utility_Na":"SkyHigh 2 Solar","City":"San Jacinto"}},{"type":"Feature","geometry":{"type":"Point","coordinates":[-121.884,37.334]},"properties":{"Plant_Name":"CSU San Jose State University","State":"California","PrimSource":"solar","Total_MW":1.7,"Utility_Na":"SkyHigh 2 Solar","City":"San Jose"}},{"type":"Feature","geometry":{"type":"Point","coordinates":[-120.8283,38.6981]},"properties":{"Plant_Name":"El Dorado County","State":"California","PrimSource":"solar","Total_MW":1.5,"Utility_Na":"SkyHigh 2 Solar","City":"Placerville"}},{"type":"Feature","geometry":{"type":"Point","coordinates":[-119.0434,34.1621]},"properties":{"Plant_Name":"California State Univ at Channel Islands","State":"California","PrimSource":"solar","Total_MW":3.7,"Utility_Na":"SkyHigh 2 Solar","City":"Camarillo"}},{"type":"Feature","geometry":{"type":"Point","coordinates":[-111.602,33.347]},"properties":{"Plant_Name":"Mesa Carport PV","State":"Arizona","PrimSource":"solar","Total_MW":4.6,"Utility_Na":"Apple, Inc","City":"Mesa"}},{"type":"Feature","geometry":{"type":"Point","coordinates":[-117.2141,33.8683]},"properties":{"Plant_Name":"EMWD - Moreno Valley RWRF","State":"California","PrimSource":"solar","Total_MW":2.4,"Utility_Na":"SkyHigh 2 Solar","City":"Moreno Valley"}},{"type":"Feature","geometry":{"type":"Point","coordinates":[-118.1929,34.0153]},"properties":{"Plant_Name":"Big Bear","State":"California","PrimSource":"solar","Total_MW":5.5,"Utility_Na":"Altus Power America Management, LLC","City":"Los Angeles"}},{"type":"Feature","geometry":{"type":"Point","coordinates":[-110.8927,32.0435]},"properties":{"Plant_Name":"Wilmot Energy Center LLC","State":"Arizona","PrimSource":"solar","Total_MW":130,"Utility_Na":"Wilmot Energy Center LLC","City":"Tucson"}},{"type":"Feature","geometry":{"type":"Point","coordinates":[-112.0846,40.5766]},"properties":{"Plant_Name":"Copperton Solar Plant No. 1","State":"Utah","PrimSource":"solar","Total_MW":2.3,"Utility_Na":"Kennecott Utah Copper","City":"Bingham Canyon"}},{"type":"Feature","geometry":{"type":"Point","coordinates":[-121.1986,37.9117]},"properties":{"Plant_Name":"Amazon - Stockton - Roof (SCK1) - (CA)","State":"California","PrimSource":"solar","Total_MW":2.6,"Utility_Na":"Forefront Power, LLC","City":"Stockton"}},{"type":"Feature","geometry":{"type":"Point","coordinates":[-117.177,33.2125]},"properties":{"Plant_Name":"Vallecitos Water District","State":"California","PrimSource":"solar","Total_MW":1.4,"Utility_Na":"SSA Solar of CA 5, LLC","City":"San Marcos"}},{"type":"Feature","geometry":{"type":"Point","coordinates":[-115.5377,32.8857]},"properties":{"Plant_Name":"Valencia 3","State":"California","PrimSource":"solar","Total_MW":3,"Utility_Na":"Greenbacker Renewable Energy Corporation","City":"Imperial"}},{"type":"Feature","geometry":{"type":"Point","coordinates":[-122.1502,48.1561]},"properties":{"Plant_Name":"Arlington Microgrid","State":"Washington","PrimSource":"batteries","Total_MW":1.5,"Utility_Na":"PUD No 1 of Snohomish County","City":"Arlington"}},{"type":"Feature","geometry":{"type":"Point","coordinates":[-121.6173,37.8471]},"properties":{"Plant_Name":"Byron Highway Solar","State":"California","PrimSource":"solar","Total_MW":5,"Utility_Na":"RPCA Solar 3, LLC","City":"Byron"}},{"type":"Feature","geometry":{"type":"Point","coordinates":[-114.7749,33.6909]},"properties":{"Plant_Name":"Arlington Energy Center II","State":"California","PrimSource":"solar","Total_MW":365,"Utility_Na":"Arlington Energy Center II","City":"Blythe"}},{"type":"Feature","geometry":{"type":"Point","coordinates":[-117.5448,35.0066]},"properties":{"Plant_Name":"Resurgence Solar","State":"California","PrimSource":"solar","Total_MW":165,"Utility_Na":"Resurgence Solar","City":"Boron"}},{"type":"Feature","geometry":{"type":"Point","coordinates":[-114.3421,48.3131]},"properties":{"Plant_Name":"Flathead Landfill to Gas Energy Facility","State":"Montana","PrimSource":"biomass","Total_MW":3.2,"Utility_Na":"Flathead Electric Coop Inc","City":"Kalispell"}},{"type":"Feature","geometry":{"type":"Point","coordinates":[-121.4486,38.5481]},"properties":{"Plant_Name":"Department of Justice","State":"California","PrimSource":"solar","Total_MW":2.4,"Utility_Na":"Ecoplexus, Inc","City":"Sacramento"}},{"type":"Feature","geometry":{"type":"Point","coordinates":[-117.6364,33.9497]},"properties":{"Plant_Name":"CA Institute for Women","State":"California","PrimSource":"solar","Total_MW":1,"Utility_Na":"Ecoplexus, Inc","City":"Chino"}},{"type":"Feature","geometry":{"type":"Point","coordinates":[-115.7829,32.8258]},"properties":{"Plant_Name":"Centinela State Prison","State":"California","PrimSource":"solar","Total_MW":6,"Utility_Na":"Ecoplexus, Inc","City":"Sacramento"}},{"type":"Feature","geometry":{"type":"Point","coordinates":[-115.4848,33.1631]},"properties":{"Plant_Name":"Calipatria State Prison","State":"California","PrimSource":"solar","Total_MW":6,"Utility_Na":"Ecoplexus, Inc","City":"Calipatria"}},{"type":"Feature","geometry":{"type":"Point","coordinates":[-120.634,35.4633]},"properties":{"Plant_Name":"Atascadero State Hospital","State":"California","PrimSource":"solar","Total_MW":1.1,"Utility_Na":"Ecoplexus, Inc","City":"Atascadero"}},{"type":"Feature","geometry":{"type":"Point","coordinates":[-103.2541,34.423]},"properties":{"Plant_Name":"SoCore Clovis 1","State":"New Mexico","PrimSource":"solar","Total_MW":2,"Utility_Na":"SoCore Clovis 1 LLC","City":"Clovis"}},{"type":"Feature","geometry":{"type":"Point","coordinates":[-114.7749,33.6909]},"properties":{"Plant_Name":"Arlington Energy Center III","State":"California","PrimSource":"solar","Total_MW":241,"Utility_Na":"Arlington Energy Center III","City":"Blythe"}},{"type":"Feature","geometry":{"type":"Point","coordinates":[-111.568,32.8343]},"properties":{"Plant_Name":"Central Line Solar, LLC","State":"Arizona","PrimSource":"solar","Total_MW":100,"Utility_Na":"AES Distributed Energy","City":"Coolidge"}},{"type":"Feature","geometry":{"type":"Point","coordinates":[-117.331,33.9703]},"properties":{"Plant_Name":"Broadway 2 - UC Riverside","State":"California","PrimSource":"solar","Total_MW":3,"Utility_Na":"MN8 Energy LLC","City":"Riverside"}},{"type":"Feature","geometry":{"type":"Point","coordinates":[-111.2611,32.2482]},"properties":{"Plant_Name":"Broadway 2 - Tucson Phase II","State":"Arizona","PrimSource":"solar","Total_MW":3,"Utility_Na":"MN8 Energy LLC","City":"Tucson"}},{"type":"Feature","geometry":{"type":"Point","coordinates":[-121.5298,37.725]},"properties":{"Plant_Name":"Prologis L.P","State":"California","PrimSource":"solar","Total_MW":3,"Utility_Na":"EnterSolar","City":"Tracy"}},{"type":"Feature","geometry":{"type":"Point","coordinates":[-117.1311,32.8336]},"properties":{"Plant_Name":"County of San Diego COC Hybrid","State":"California","PrimSource":"solar","Total_MW":2.2,"Utility_Na":"Solar Star California LXXVIII, LLC","City":"San Diego"}},{"type":"Feature","geometry":{"type":"Point","coordinates":[-116.355,43.4855]},"properties":{"Plant_Name":"MC6 Hydro Facility","State":"Idaho","PrimSource":"hydroelectric","Total_MW":2.3,"Utility_Na":"MC6 Hydro Facility","City":"Kuna"}},{"type":"Feature","geometry":{"type":"Point","coordinates":[-118.1385,34.733]},"properties":{"Plant_Name":"SEPV Sierra","State":"California","PrimSource":"batteries","Total_MW":11.3,"Utility_Na":"SEPV Sierra, LLC","City":"Lancaster"}},{"type":"Feature","geometry":{"type":"Point","coordinates":[-117.1344,32.8335]},"properties":{"Plant_Name":"Kearny North Energy Storage","State":"California","PrimSource":"batteries","Total_MW":10,"Utility_Na":"San Diego Gas & Electric Co","City":"San Diego"}},{"type":"Feature","geometry":{"type":"Point","coordinates":[-117.1323,32.8329]},"properties":{"Plant_Name":"Kearny South Energy Storage","State":"California","PrimSource":"batteries","Total_MW":10,"Utility_Na":"San Diego Gas & Electric Co","City":"San Diego"}},{"type":"Feature","geometry":{"type":"Point","coordinates":[-117.4185,34.1261]},"properties":{"Plant_Name":"Niagara Bottling - Rialto","State":"California","PrimSource":"solar","Total_MW":4.2,"Utility_Na":"SkyHigh 2 Solar","City":"Rialto"}},{"type":"Feature","geometry":{"type":"Point","coordinates":[-119.0541,35.1026]},"properties":{"Plant_Name":"Sandrini Solar 200","State":"California","PrimSource":"solar","Total_MW":200,"Utility_Na":"EDPR CA Solar Park LLC","City":"Mettler"}},{"type":"Feature","geometry":{"type":"Point","coordinates":[-119.1105,35.1132]},"properties":{"Plant_Name":"Sandrini Solar 100","State":"California","PrimSource":"solar","Total_MW":100,"Utility_Na":"EDPR CA Solar Park II LLC","City":"Mettler"}},{"type":"Feature","geometry":{"type":"Point","coordinates":[-118.1395,35.027]},"properties":{"Plant_Name":"Sanborn BESS 3","State":"California","PrimSource":"batteries","Total_MW":169,"Utility_Na":"Terra-Gen Operating Co-BESS","City":"Mojave"}},{"type":"Feature","geometry":{"type":"Point","coordinates":[-118.1078,34.9581]},"properties":{"Plant_Name":"Sanborn BESS 4","State":"California","PrimSource":"batteries","Total_MW":47,"Utility_Na":"Terra-Gen Operating Co-BESS","City":"Mojave"}},{"type":"Feature","geometry":{"type":"Point","coordinates":[-118.0941,34.964]},"properties":{"Plant_Name":"Edwards Sanborn E1B","State":"California","PrimSource":"solar","Total_MW":290.4,"Utility_Na":"Terra-Gen Operating Co-Hybrid","City":"Mojave"}},{"type":"Feature","geometry":{"type":"Point","coordinates":[-118.088,34.9436]},"properties":{"Plant_Name":"Edwards Sanborn E4","State":"California","PrimSource":"solar","Total_MW":248.9,"Utility_Na":"Terra-Gen Operating Co-Hybrid","City":"Mojave"}},{"type":"Feature","geometry":{"type":"Point","coordinates":[-118.0773,34.9653]},"properties":{"Plant_Name":"Edwards Sanborn E5","State":"California","PrimSource":"solar","Total_MW":115,"Utility_Na":"Terra-Gen Operating Co-Hybrid","City":"Mojave"}},{"type":"Feature","geometry":{"type":"Point","coordinates":[-118.1193,35.0125]},"properties":{"Plant_Name":"Edwards Sanborn S4","State":"California","PrimSource":"solar","Total_MW":60,"Utility_Na":"Terra-Gen Operating Co-Hybrid","City":"Mojave"}},{"type":"Feature","geometry":{"type":"Point","coordinates":[-113.1359,37.8402]},"properties":{"Plant_Name":"Appaloosa Solar I","State":"Utah","PrimSource":"solar","Total_MW":200,"Utility_Na":"Greenbacker Renewable Energy Corporation","City":"Cedar City"}},{"type":"Feature","geometry":{"type":"Point","coordinates":[-119.3511,36.3925]},"properties":{"Plant_Name":"POM Juice Solar","State":"California","PrimSource":"solar","Total_MW":1.5,"Utility_Na":"Wonderful Renewable Energy, LLC.","City":"Fresno"}},{"type":"Feature","geometry":{"type":"Point","coordinates":[-119.3579,36.3903]},"properties":{"Plant_Name":"POM Beverage Solar","State":"California","PrimSource":"solar","Total_MW":1.7,"Utility_Na":"Wonderful Renewable Energy, LLC.","City":"Del Rey"}},{"type":"Feature","geometry":{"type":"Point","coordinates":[-115.2717,32.8034]},"properties":{"Plant_Name":"Vikings Energy Farm","State":"California","PrimSource":"batteries","Total_MW":286.8,"Utility_Na":"Vikings Energy Farm, LLC","City":"Holtville"}},{"type":"Feature","geometry":{"type":"Point","coordinates":[-115.3824,33.729]},"properties":{"Plant_Name":"Oberon Solar Project","State":"California","PrimSource":"solar","Total_MW":375,"Utility_Na":"IP Oberon LLC","City":"Desert Center"}},{"type":"Feature","geometry":{"type":"Point","coordinates":[-115.3824,33.729]},"properties":{"Plant_Name":"Oberon II Solar Project","State":"California","PrimSource":"solar","Total_MW":375,"Utility_Na":"IP Oberon II, LLC","City":"Desert Center"}},{"type":"Feature","geometry":{"type":"Point","coordinates":[-118.4973,45.9068]},"properties":{"Plant_Name":"Schumann Wind Farm","State":"Oregon","PrimSource":"wind","Total_MW":8,"Utility_Na":"Chopin Wind, LLC","City":"Milton-Freewater"}},{"type":"Feature","geometry":{"type":"Point","coordinates":[-119.5604,36.1761]},"properties":{"Plant_Name":"Canal Energy S23, LLC","State":"California","PrimSource":"solar","Total_MW":4.1,"Utility_Na":"Canal Energy S23, LLC","City":"Hanford"}},{"type":"Feature","geometry":{"type":"Point","coordinates":[-115.3163,33.701]},"properties":{"Plant_Name":"Victory Pass","State":"California","PrimSource":"solar","Total_MW":250,"Utility_Na":"Victory Pass I, LLC","City":"Desert Center"}},{"type":"Feature","geometry":{"type":"Point","coordinates":[-115.3163,33.701]},"properties":{"Plant_Name":"Arica Solar","State":"California","PrimSource":"solar","Total_MW":399,"Utility_Na":"Arica Solar, LLC","City":"Desert Center"}},{"type":"Feature","geometry":{"type":"Point","coordinates":[-122.9277,45.0752]},"properties":{"Plant_Name":"Carnes Creek Solar (CSG)","State":"Oregon","PrimSource":"solar","Total_MW":2.5,"Utility_Na":"Carnes Creek Solar, LLC","City":"Salem"}},{"type":"Feature","geometry":{"type":"Point","coordinates":[-123.499,45.058]},"properties":{"Plant_Name":"Cosper Creek Solar (CSG)","State":"Oregon","PrimSource":"solar","Total_MW":2.5,"Utility_Na":"Cosper Creek Solar, LLC","City":"Willamina"}},{"type":"Feature","geometry":{"type":"Point","coordinates":[-122.9375,44.9301]},"properties":{"Plant_Name":"Fruitland Creek Solar (CSG)","State":"Oregon","PrimSource":"solar","Total_MW":1.8,"Utility_Na":"Fruitland Creek Solar, LLC","City":"Salem"}},{"type":"Feature","geometry":{"type":"Point","coordinates":[-122.609,45.143]},"properties":{"Plant_Name":"Kaiser Creek Solar (CSG)","State":"Oregon","PrimSource":"solar","Total_MW":2,"Utility_Na":"Kaiser Creek Solar, LLC","City":"Molalla"}},{"type":"Feature","geometry":{"type":"Point","coordinates":[-121.8146,42.2077]},"properties":{"Plant_Name":"Linkville Solar (CSG)","State":"Oregon","PrimSource":"solar","Total_MW":2.8,"Utility_Na":"Linkville Solar, LLC","City":"Klamath Falls"}},{"type":"Feature","geometry":{"type":"Point","coordinates":[-122.2952,45.4311]},"properties":{"Plant_Name":"Sandy River Solar (CSG)","State":"Oregon","PrimSource":"solar","Total_MW":1.9,"Utility_Na":"Sandy River Solar, LLC","City":"Sandy"}},{"type":"Feature","geometry":{"type":"Point","coordinates":[-123.1769,45.3254]},"properties":{"Plant_Name":"Sesqui-C Solar (CSG)","State":"Oregon","PrimSource":"solar","Total_MW":2.5,"Utility_Na":"Sesqui-C Solar, LLC","City":"Yamhill"}},{"type":"Feature","geometry":{"type":"Point","coordinates":[-119.5537,36.4155]},"properties":{"Plant_Name":"Dover Dairy","State":"California","PrimSource":"solar","Total_MW":1.1,"Utility_Na":"Renewable Solar, Inc","City":"Hanford"}},{"type":"Feature","geometry":{"type":"Point","coordinates":[-118.902,34.3992]},"properties":{"Plant_Name":"Ventura Solar","State":"California","PrimSource":"solar","Total_MW":2.9,"Utility_Na":"Ventura Solar LLC","City":"Fillmore"}},{"type":"Feature","geometry":{"type":"Point","coordinates":[-118.272,40.5321]},"properties":{"Plant_Name":"Star Peak Geothermal Plant","State":"Nevada","PrimSource":"geothermal","Total_MW":21.9,"Utility_Na":"Star Peak Geothermal LLC.","City":"Imlay"}},{"type":"Feature","geometry":{"type":"Point","coordinates":[-114.6218,42.189]},"properties":{"Plant_Name":"Jackpot Solar, LLC","State":"Idaho","PrimSource":"solar","Total_MW":120,"Utility_Na":"Duke Energy Renewables Services","City":"Twin Falls"}},{"type":"Feature","geometry":{"type":"Point","coordinates":[-119.3924,35.6177]},"properties":{"Plant_Name":"Wonderful Nursery","State":"California","PrimSource":"solar","Total_MW":2.3,"Utility_Na":"Wonderful Renewable Energy, LLC.","City":"Wasco"}},{"type":"Feature","geometry":{"type":"Point","coordinates":[-118.5852,34.2434]},"properties":{"Plant_Name":"20701 Plummer PV, LLC","State":"California","PrimSource":"solar","Total_MW":1.5,"Utility_Na":"Valta Energy","City":"Chatsworth"}},{"type":"Feature","geometry":{"type":"Point","coordinates":[-104.6634,39.9037]},"properties":{"Plant_Name":"DIA 8","State":"Colorado","PrimSource":"solar","Total_MW":4.5,"Utility_Na":"Greenbacker Renewable Energy Corporation","City":"Denver"}},{"type":"Feature","geometry":{"type":"Point","coordinates":[-116.0912,33.0747]},"properties":{"Plant_Name":"Ocotillo Wells","State":"California","PrimSource":"solar","Total_MW":50,"Utility_Na":"Conductive Power","City":"Borrego Springs"}},{"type":"Feature","geometry":{"type":"Point","coordinates":[-115.402,33.803]},"properties":{"Plant_Name":"Sunlight Storage","State":"California","PrimSource":"batteries","Total_MW":230,"Utility_Na":"Sunlight Storage, LLC","City":"Desert Center"}},{"type":"Feature","geometry":{"type":"Point","coordinates":[-104.75,39.82]},"properties":{"Plant_Name":"Gaylord Rockies CHP","State":"Colorado","PrimSource":"natural gas","Total_MW":4,"Utility_Na":"Carstensen Wind, LLC (Longroad)","City":"Aurora"}},{"type":"Feature","geometry":{"type":"Point","coordinates":[-118.2628,35.0477]},"properties":{"Plant_Name":"Sagebrush ESS","State":"California","PrimSource":"batteries","Total_MW":80,"Utility_Na":"Terra-Gen Operating Co-BESS 2","City":"Mojave"}},{"type":"Feature","geometry":{"type":"Point","coordinates":[-111.4978,32.8882]},"properties":{"Plant_Name":"Storey Solar and Storage","State":"Arizona","PrimSource":"solar","Total_MW":176,"Utility_Na":"Storey Energy Center, LLC","City":"Coolidge"}},{"type":"Feature","geometry":{"type":"Point","coordinates":[-112.9189,33.3265]},"properties":{"Plant_Name":"Mesquite Solar 4, LLC","State":"Arizona","PrimSource":"solar","Total_MW":62.5,"Utility_Na":"Consolidated Edison Development Inc.","City":"Tonopah"}},{"type":"Feature","geometry":{"type":"Point","coordinates":[-112.918,33.3252]},"properties":{"Plant_Name":"Mesquite Solar 5, LLC","State":"Arizona","PrimSource":"solar","Total_MW":120,"Utility_Na":"Consolidated Edison Development Inc.","City":"Tonopah"}},{"type":"Feature","geometry":{"type":"Point","coordinates":[-119.8163,36.2335]},"properties":{"Plant_Name":"Java Solar, LLC","State":"California","PrimSource":"solar","Total_MW":13.5,"Utility_Na":"Java Solar, LLC","City":"Lemoore"}},{"type":"Feature","geometry":{"type":"Point","coordinates":[-117.5762,34.5718]},"properties":{"Plant_Name":"Sheep Creek Community Solar Farm","State":"California","PrimSource":"solar","Total_MW":3,"Utility_Na":"Phelan Solar LLC","City":"El Mirage"}},{"type":"Feature","geometry":{"type":"Point","coordinates":[-110.8781,32.1469]},"properties":{"Plant_Name":"Raptor Ridge","State":"Arizona","PrimSource":"solar","Total_MW":12.5,"Utility_Na":"Tucson Electric Power Co","City":"Tucson"}},{"type":"Feature","geometry":{"type":"Point","coordinates":[-115.7186,32.7294]},"properties":{"Plant_Name":"CED West Side Canal Battery Storage","State":"California","PrimSource":"batteries","Total_MW":131,"Utility_Na":"Consolidated Edison Development Inc.","City":"El Centro"}},{"type":"Feature","geometry":{"type":"Point","coordinates":[-116.5719,33.9311]},"properties":{"Plant_Name":"Desert Peak Energy Storage I","State":"California","PrimSource":"batteries","Total_MW":325,"Utility_Na":"Desert Peak Energy Storage I, LLC","City":"Palm Springs"}},{"type":"Feature","geometry":{"type":"Point","coordinates":[-116.5719,33.9311]},"properties":{"Plant_Name":"Desert Peak Energy Storage II","State":"California","PrimSource":"batteries","Total_MW":75,"Utility_Na":"Desert Peak Energy Storage II, LLC","City":"Palm Springs"}},{"type":"Feature","geometry":{"type":"Point","coordinates":[-104.2534,38.1435]},"properties":{"Plant_Name":"USS Giveback Solar LLC (CSG)","State":"Colorado","PrimSource":"solar","Total_MW":2,"Utility_Na":"United States Solar Corporation","City":"Pueblo"}},{"type":"Feature","geometry":{"type":"Point","coordinates":[-110.8017,34.6815]},"properties":{"Plant_Name":"Chevelon Butte Wind Farm","State":"Arizona","PrimSource":"wind","Total_MW":238.2,"Utility_Na":"AES Clean Energy","City":"Winslow"}},{"type":"Feature","geometry":{"type":"Point","coordinates":[-102.97,39.184]},"properties":{"Plant_Name":"Bronco Plains Wind II, LLC","State":"Colorado","PrimSource":"wind","Total_MW":199,"Utility_Na":"Bronco Plains Wind II, LLC","City":"Kit Carson"}},{"type":"Feature","geometry":{"type":"Point","coordinates":[-116.9389,32.7466]},"properties":{"Plant_Name":"Grossmont-Cuyamaca-Cuyamaca Col. Solar &","State":"California","PrimSource":"solar","Total_MW":2.4,"Utility_Na":"Forefront Power, LLC","City":"El Cajon"}},{"type":"Feature","geometry":{"type":"Point","coordinates":[-117.3848,34.0387]},"properties":{"Plant_Name":"IGS SBD1","State":"California","PrimSource":"solar","Total_MW":2.6,"Utility_Na":"Greenbacker Renewable Energy Corporation","City":"Bloomington"}},{"type":"Feature","geometry":{"type":"Point","coordinates":[-117.2814,34.0736]},"properties":{"Plant_Name":"IGS SBD2","State":"California","PrimSource":"solar","Total_MW":2.5,"Utility_Na":"Greenbacker Renewable Energy Corporation","City":"San Bernardino"}},{"type":"Feature","geometry":{"type":"Point","coordinates":[-118.3045,34.6864]},"properties":{"Plant_Name":"Lancaster Area Battery","State":"California","PrimSource":"batteries","Total_MW":127,"Utility_Na":"AES Distributed Energy","City":"Lancaster"}},{"type":"Feature","geometry":{"type":"Point","coordinates":[-121.9953,38.5245]},"properties":{"Plant_Name":"Putah Creek Solar Farm North","State":"California","PrimSource":"solar","Total_MW":2.9,"Utility_Na":"Putah Creek Solar Farms LLC","City":"Winters"}},{"type":"Feature","geometry":{"type":"Point","coordinates":[-108.5247,37.3617]},"properties":{"Plant_Name":"Cortez Solar 1, LLC","State":"Colorado","PrimSource":"solar","Total_MW":2.2,"Utility_Na":"Greenbacker Renewable Energy Corporation","City":"Cortez"}},{"type":"Feature","geometry":{"type":"Point","coordinates":[-115.0465,36.2707]},"properties":{"Plant_Name":"IGS VGT","State":"Nevada","PrimSource":"solar","Total_MW":1,"Utility_Na":"Greenbacker Renewable Energy Corporation","City":"North Las Vegas"}},{"type":"Feature","geometry":{"type":"Point","coordinates":[-115.1468,35.9678]},"properties":{"Plant_Name":"IGS LAS1","State":"Nevada","PrimSource":"solar","Total_MW":1,"Utility_Na":"Greenbacker Renewable Energy Corporation","City":"Henderson"}},{"type":"Feature","geometry":{"type":"Point","coordinates":[-111.8679,35.6277]},"properties":{"Plant_Name":"Babbitt Ranch Energy Center","State":"Arizona","PrimSource":"wind","Total_MW":163,"Utility_Na":"Babbitt Ranch Energy Center, LLC","City":"Flagstaff"}},{"type":"Feature","geometry":{"type":"Point","coordinates":[-111.5548,32.7559]},"properties":{"Plant_Name":"West Line Solar, LLC","State":"Arizona","PrimSource":"solar","Total_MW":100,"Utility_Na":"West Line Solar, LLC","City":"City of Eloy"}},{"type":"Feature","geometry":{"type":"Point","coordinates":[-108.5795,37.3039]},"properties":{"Plant_Name":"Cortez Solar 3, LLC","State":"Colorado","PrimSource":"solar","Total_MW":2,"Utility_Na":"Greenbacker Renewable Energy Corporation","City":"Cortez"}},{"type":"Feature","geometry":{"type":"Point","coordinates":[-118.2955,33.788]},"properties":{"Plant_Name":"Kaiser - Harbor City","State":"California","PrimSource":"natural gas","Total_MW":2.1,"Utility_Na":"Bloom Energy","City":"Harbor City"}},{"type":"Feature","geometry":{"type":"Point","coordinates":[-116.924,35.582]},"properties":{"Plant_Name":"CA - DGS RFP - RJ Donovan State Prison","State":"California","PrimSource":"solar","Total_MW":2,"Utility_Na":"Forefront Power, LLC","City":"San Diego"}},{"type":"Feature","geometry":{"type":"Point","coordinates":[-122.6138,45.1279]},"properties":{"Plant_Name":"Mt Hope Solar","State":"Oregon","PrimSource":"solar","Total_MW":2.5,"Utility_Na":"Neighborhood Power Corp.","City":"Molalla"}},{"type":"Feature","geometry":{"type":"Point","coordinates":[-122.799,45.137]},"properties":{"Plant_Name":"Williams Acres Solar","State":"Oregon","PrimSource":"solar","Total_MW":2.5,"Utility_Na":"Neighborhood Power Corp.","City":"Woodburn"}},{"type":"Feature","geometry":{"type":"Point","coordinates":[-122.828,45.128]},"properties":{"Plant_Name":"River Valley Solar","State":"Oregon","PrimSource":"solar","Total_MW":1.9,"Utility_Na":"Neighborhood Power Corp.","City":"Woodburn"}},{"type":"Feature","geometry":{"type":"Point","coordinates":[-118.2419,34.0131]},"properties":{"Plant_Name":"Dedeaux","State":"California","PrimSource":"solar","Total_MW":0.9,"Utility_Na":"VS Dedeaux LLC","City":"Long Beach"}},{"type":"Feature","geometry":{"type":"Point","coordinates":[-106.0753,38.5357]},"properties":{"Plant_Name":"Oak Leaf Solar XXXIII LLC (Lantz)","State":"Colorado","PrimSource":"solar","Total_MW":3,"Utility_Na":"Greenbacker Renewable Energy Corporation","City":"Salida"}},{"type":"Feature","geometry":{"type":"Point","coordinates":[-118.3053,34.6833]},"properties":{"Plant_Name":"Luna Storage","State":"California","PrimSource":"batteries","Total_MW":100,"Utility_Na":"AES Distributed Energy","City":"Lancaster"}},{"type":"Feature","geometry":{"type":"Point","coordinates":[-123.4101,45.1018]},"properties":{"Plant_Name":"Butler Solar, LLC","State":"Oregon","PrimSource":"solar","Total_MW":4,"Utility_Na":"SolRiver Capital LLC","City":"Sheridan"}},{"type":"Feature","geometry":{"type":"Point","coordinates":[-121.9989,37.3249]},"properties":{"Plant_Name":"AGT000 Stevens Creek Fuel Cell","State":"California","PrimSource":"natural gas","Total_MW":2.2,"Utility_Na":"2016 ESA Project Company, LLC","City":"Santa Clara"}},{"type":"Feature","geometry":{"type":"Point","coordinates":[-121.9168,37.4055]},"properties":{"Plant_Name":"CST001 McCarthy Fuel Cell","State":"California","PrimSource":"natural gas","Total_MW":1.2,"Utility_Na":"2016 ESA Project Company, LLC","City":"Milpitas"}},{"type":"Feature","geometry":{"type":"Point","coordinates":[-121.7831,37.2421]},"properties":{"Plant_Name":"EQX010 Great Oaks Fuel Cell","State":"California","PrimSource":"natural gas","Total_MW":2.4,"Utility_Na":"2016 ESA Project Company, LLC","City":"San Jose"}},{"type":"Feature","geometry":{"type":"Point","coordinates":[-121.9549,37.3782]},"properties":{"Plant_Name":"EQX011 Duane Fuel Cell","State":"California","PrimSource":"natural gas","Total_MW":5.2,"Utility_Na":"2016 ESA Project Company, LLC","City":"Santa Clara"}},{"type":"Feature","geometry":{"type":"Point","coordinates":[-121.7816,37.2419]},"properties":{"Plant_Name":"EQX015 Great Oaks Fuel Cell","State":"California","PrimSource":"natural gas","Total_MW":4,"Utility_Na":"2016 ESA Project Company, LLC","City":"San Jose"}},{"type":"Feature","geometry":{"type":"Point","coordinates":[-120.7085,45.5627]},"properties":{"Plant_Name":"Golden Hill Wind","State":"Oregon","PrimSource":"wind","Total_MW":201.3,"Utility_Na":"Avangrid Power LLC","City":"Wasco"}},{"type":"Feature","geometry":{"type":"Point","coordinates":[-122.024,37.4124]},"properties":{"Plant_Name":"JSR000 N Mathilda Fuel Cell","State":"California","PrimSource":"natural gas","Total_MW":1.1,"Utility_Na":"2016 ESA Project Company, LLC","City":"Sunnyvale"}},{"type":"Feature","geometry":{"type":"Point","coordinates":[-122.1647,37.7065]},"properties":{"Plant_Name":"KSR028 Merced Fuel Cell","State":"California","PrimSource":"natural gas","Total_MW":2,"Utility_Na":"2016 ESA Project Company, LLC","City":"San Leandro"}},{"type":"Feature","geometry":{"type":"Point","coordinates":[-117.299,33.2109]},"properties":{"Plant_Name":"GEN005 Antibody Fuel Cell","State":"California","PrimSource":"natural gas","Total_MW":2.5,"Utility_Na":"2016 ESA Project Company, LLC","City":"Oceanside"}},{"type":"Feature","geometry":{"type":"Point","coordinates":[-121.9406,37.3499]},"properties":{"Plant_Name":"SCU000 El Camino Real Fuel Cell","State":"California","PrimSource":"natural gas","Total_MW":1.5,"Utility_Na":"2016 ESA Project Company, LLC","City":"Santa Clara"}},{"type":"Feature","geometry":{"type":"Point","coordinates":[-118.2943,33.7902]},"properties":{"Plant_Name":"KSR053 Cantara Fuel Cell","State":"California","PrimSource":"natural gas","Total_MW":1.6,"Utility_Na":"2016 ESA Project Company, LLC","City":"Panorama City"}},{"type":"Feature","geometry":{"type":"Point","coordinates":[-121.6243,36.6568]},"properties":{"Plant_Name":"TLR000 Hansen Fuel Cell","State":"California","PrimSource":"natural gas","Total_MW":3,"Utility_Na":"2016 ESA Project Company, LLC","City":"Salinas"}},{"type":"Feature","geometry":{"type":"Point","coordinates":[-105.0156,40.858]},"properties":{"Plant_Name":"Rawhide Prairie Solar Hybrid","State":"Colorado","PrimSource":"solar","Total_MW":23,"Utility_Na":"Greenbacker Renewable Energy Corporation","City":"Wellington"}},{"type":"Feature","geometry":{"type":"Point","coordinates":[-119.8948,36.227]},"properties":{"Plant_Name":"Slate Hybrid","State":"California","PrimSource":"solar","Total_MW":440.3,"Utility_Na":"MN8 Energy LLC","City":"Stratford"}},{"type":"Feature","geometry":{"type":"Point","coordinates":[-105.62,36.44]},"properties":{"Plant_Name":"Taos Mesa Energy Facility Hybrid","State":"New Mexico","PrimSource":"solar","Total_MW":27.5,"Utility_Na":"Taos Mesa Energy Facility, LLC","City":"El Prado"}},{"type":"Feature","geometry":{"type":"Point","coordinates":[-104.4142,38.3303]},"properties":{"Plant_Name":"Neptune Energy Center Hybrid","State":"Colorado","PrimSource":"solar","Total_MW":450,"Utility_Na":"Neptune Energy Center, LLC","City":"Boone"}},{"type":"Feature","geometry":{"type":"Point","coordinates":[-119.0798,34.2077]},"properties":{"Plant_Name":"Silverstrand Grid Energy Storage System","State":"California","PrimSource":"batteries","Total_MW":11,"Utility_Na":"Silverstrand Grid, LLC","City":"Camarillo"}},{"type":"Feature","geometry":{"type":"Point","coordinates":[-104.7747,40.2283]},"properties":{"Plant_Name":"Platteville Solar CSG, LLC","State":"Colorado","PrimSource":"solar","Total_MW":1.3,"Utility_Na":"Greenbacker Renewable Energy Corporation","City":"Platteville"}},{"type":"Feature","geometry":{"type":"Point","coordinates":[-114.0046,42.4669]},"properties":{"Plant_Name":"Milner Butte LFGE","State":"Idaho","PrimSource":"biomass","Total_MW":3.9,"Utility_Na":"Southern Idaho Solid Waste","City":"Burley"}},{"type":"Feature","geometry":{"type":"Point","coordinates":[-117.9391,33.9221]},"properties":{"Plant_Name":"Kroger La Habra","State":"California","PrimSource":"solar","Total_MW":1.2,"Utility_Na":"Ralph's Grocery Company","City":"La Habra"}},{"type":"Feature","geometry":{"type":"Point","coordinates":[-118.569,35.1135]},"properties":{"Plant_Name":"CA-DGS-California Correctional Inst","State":"California","PrimSource":"solar","Total_MW":4,"Utility_Na":"Forefront Power, LLC","City":"Tehachapi"}},{"type":"Feature","geometry":{"type":"Point","coordinates":[-122.2752,38.2374]},"properties":{"Plant_Name":"Soscol Ferry Solar","State":"California","PrimSource":"solar","Total_MW":2,"Utility_Na":"Soscol Ferry Solar","City":"Napa"}},{"type":"Feature","geometry":{"type":"Point","coordinates":[-122.5656,38.1535]},"properties":{"Plant_Name":"Silveira Ranch Road Solar","State":"California","PrimSource":"solar","Total_MW":3,"Utility_Na":"Silveira Ranch Road Solar","City":"Novato"}},{"type":"Feature","geometry":{"type":"Point","coordinates":[-104.5967,38.2075]},"properties":{"Plant_Name":"Bighorn Solar 1","State":"Colorado","PrimSource":"solar","Total_MW":240,"Utility_Na":"Lightsource Renewable Energy Asset Management, LLC","City":"Pueblo"}},{"type":"Feature","geometry":{"type":"Point","coordinates":[-104.398,38.1899]},"properties":{"Plant_Name":"Thunder Wolf Energy Center Hybrid","State":"Colorado","PrimSource":"solar","Total_MW":348,"Utility_Na":"Thunder Wolf Energy Center, LLC","City":"Avondale"}},{"type":"Feature","geometry":{"type":"Point","coordinates":[-119.6862,43.5615]},"properties":{"Plant_Name":"Suntex Solar, LLC","State":"Oregon","PrimSource":"solar","Total_MW":10,"Utility_Na":"SC Oregon 2 Lessor Parent, LLC","City":"Riley"}},{"type":"Feature","geometry":{"type":"Point","coordinates":[-120.9304,43.3969]},"properties":{"Plant_Name":"Rock Garden Solar, LLC","State":"Oregon","PrimSource":"solar","Total_MW":10,"Utility_Na":"SC Oregon 2 Lessor Parent, LLC","City":"Fort Rock"}},{"type":"Feature","geometry":{"type":"Point","coordinates":[-121.0035,43.3194]},"properties":{"Plant_Name":"Alkali Solar, LLC","State":"Oregon","PrimSource":"solar","Total_MW":10,"Utility_Na":"SC Oregon 2 Lessor Parent, LLC","City":"Silver Lake"}},{"type":"Feature","geometry":{"type":"Point","coordinates":[-119.1471,43.5026]},"properties":{"Plant_Name":"West Hines Solar I, LLC","State":"Oregon","PrimSource":"solar","Total_MW":10,"Utility_Na":"SC Oregon 2 Lessor Parent, LLC","City":"Hines"}},{"type":"Feature","geometry":{"type":"Point","coordinates":[-103.0251,39.0888]},"properties":{"Plant_Name":"Bronco Plains Wind, LLC","State":"Colorado","PrimSource":"wind","Total_MW":299,"Utility_Na":"Bronco Plains Wind, LLC","City":"Flagler"}},{"type":"Feature","geometry":{"type":"Point","coordinates":[-116.9106,32.5706]},"properties":{"Plant_Name":"Gateway Energy Storage System","State":"California","PrimSource":"batteries","Total_MW":250,"Utility_Na":"Gateway Energy Storage, LLC","City":"San Diego"}},{"type":"Feature","geometry":{"type":"Point","coordinates":[-117.854,33.715]},"properties":{"Plant_Name":"Johanna Energy Center, LLC","State":"California","PrimSource":"batteries","Total_MW":80,"Utility_Na":"Johanna Energy Center, LLC","City":"Santa Ana"}},{"type":"Feature","geometry":{"type":"Point","coordinates":[-119.9043,36.174]},"properties":{"Plant_Name":"Solar Blue","State":"California","PrimSource":"solar","Total_MW":475,"Utility_Na":"Westlands Solar Blue (OZ) Owner, LLC","City":"Lemoore"}},{"type":"Feature","geometry":{"type":"Point","coordinates":[-119.9049,36.1602]},"properties":{"Plant_Name":"Chestnut","State":"California","PrimSource":"solar","Total_MW":285.6,"Utility_Na":"Castanea Project LLC","City":"Lemoore"}},{"type":"Feature","geometry":{"type":"Point","coordinates":[-118.395,34.847]},"properties":{"Plant_Name":"Golden Field Solar III, LLC","State":"California","PrimSource":"solar","Total_MW":339,"Utility_Na":"Golden Fields Solar III, LLC","City":"Rosamond"}},{"type":"Feature","geometry":{"type":"Point","coordinates":[-106.858,35.354]},"properties":{"Plant_Name":"Encino Solar Energy Center","State":"New Mexico","PrimSource":"solar","Total_MW":55,"Utility_Na":"Exus New Mexico","City":"Rio Rancho Estates"}},{"type":"Feature","geometry":{"type":"Point","coordinates":[-105.2449,40.0383]},"properties":{"Plant_Name":"IBM Solar","State":"Colorado","PrimSource":"solar","Total_MW":8.1,"Utility_Na":"DG Colorado Solar, LLC","City":"Boulder"}},{"type":"Feature","geometry":{"type":"Point","coordinates":[-120.7323,35.322]},"properties":{"Plant_Name":"Camp San Luis Obispo","State":"California","PrimSource":"solar","Total_MW":1.2,"Utility_Na":"Ecoplexus, Inc","City":"San Luis Obispo"}},{"type":"Feature","geometry":{"type":"Point","coordinates":[-119.3138,35.764]},"properties":{"Plant_Name":"Kern Valley SP","State":"California","PrimSource":"solar","Total_MW":3,"Utility_Na":"Ecoplexus, Inc","City":"Delano"}},{"type":"Feature","geometry":{"type":"Point","coordinates":[-119.1573,34.2567]},"properties":{"Plant_Name":"Saticoy","State":"California","PrimSource":"batteries","Total_MW":100,"Utility_Na":"Ventura Energy Storage, LLC","City":"Oxnard"}},{"type":"Feature","geometry":{"type":"Point","coordinates":[-119.5242,39.574]},"properties":{"Plant_Name":"Turquoise Nevada, LLC","State":"Nevada","PrimSource":"solar","Total_MW":60,"Utility_Na":"Greenbacker Renewable Energy Corporation","City":"Sparks"}},{"type":"Feature","geometry":{"type":"Point","coordinates":[-122.4335,45.3489]},"properties":{"Plant_Name":"SulusSolar17","State":"Oregon","PrimSource":"solar","Total_MW":3.1,"Utility_Na":"Adapture Renewables, Inc.","City":"Oregon City"}},{"type":"Feature","geometry":{"type":"Point","coordinates":[-119.4672,40.713]},"properties":{"Plant_Name":"Dodge Flat","State":"Nevada","PrimSource":"solar","Total_MW":250,"Utility_Na":"Dodge Flat Solar, LLC","City":"Reno"}},{"type":"Feature","geometry":{"type":"Point","coordinates":[-105.4721,43.0197]},"properties":{"Plant_Name":"Cedar Springs I","State":"Wyoming","PrimSource":"wind","Total_MW":200,"Utility_Na":"Cedar Springs Wind, LLC","City":"Douglas"}},{"type":"Feature","geometry":{"type":"Point","coordinates":[-105.3656,42.969]},"properties":{"Plant_Name":"Cedar Springs II","State":"Wyoming","PrimSource":"wind","Total_MW":198.8,"Utility_Na":"PacifiCorp","City":"Douglas"}},{"type":"Feature","geometry":{"type":"Point","coordinates":[-105.5844,43.0767]},"properties":{"Plant_Name":"Cedar Springs III","State":"Wyoming","PrimSource":"wind","Total_MW":133,"Utility_Na":"Cedar Springs Wind III, LLC","City":"Douglas"}},{"type":"Feature","geometry":{"type":"Point","coordinates":[-119.6852,43.5559]},"properties":{"Plant_Name":"Riley","State":"Oregon","PrimSource":"solar","Total_MW":10,"Utility_Na":"Riley Solar I LLC","City":"Riley"}},{"type":"Feature","geometry":{"type":"Point","coordinates":[-120.9561,43.3899]},"properties":{"Plant_Name":"Fort Rock IV","State":"Oregon","PrimSource":"solar","Total_MW":10,"Utility_Na":"Fort Rock Solar IV LLC","City":"Fort Rock"}},{"type":"Feature","geometry":{"type":"Point","coordinates":[-121.9386,38.3887]},"properties":{"Plant_Name":"Vacaville Hospital","State":"California","PrimSource":"solar","Total_MW":1.4,"Utility_Na":"KP Vacaville Solar, LLC","City":"Vacaville"}},{"type":"Feature","geometry":{"type":"Point","coordinates":[-120.3294,35.8667]},"properties":{"Plant_Name":"Cal Flats BESS","State":"California","PrimSource":"batteries","Total_MW":60,"Utility_Na":"Arevon Energy, Inc.","City":"San Miguel"}},{"type":"Feature","geometry":{"type":"Point","coordinates":[-115.9111,33.1258]},"properties":{"Plant_Name":"Titan Solar 1 (CA)","State":"California","PrimSource":"solar","Total_MW":70,"Utility_Na":"Titan Solar 1, LLC","City":"Borrego Springs"}},{"type":"Feature","geometry":{"type":"Point","coordinates":[-114.8907,36.4273]},"properties":{"Plant_Name":"Dry Lake Solar Energy Center","State":"Nevada","PrimSource":"solar","Total_MW":250,"Utility_Na":"Nevada Power Co","City":"Moapa"}},{"type":"Feature","geometry":{"type":"Point","coordinates":[-121.104,37.246]},"properties":{"Plant_Name":"Central 40","State":"California","PrimSource":"solar","Total_MW":40,"Utility_Na":"Central 40, LLC","City":"Newman"}},{"type":"Feature","geometry":{"type":"Point","coordinates":[-118.2919,35.0592]},"properties":{"Plant_Name":"Oasis Alta","State":"California","PrimSource":"wind","Total_MW":14.4,"Utility_Na":"Terra-Gen Operating Co-Wind","City":"Mojave"}},{"type":"Feature","geometry":{"type":"Point","coordinates":[-117.8106,36.0069]},"properties":{"Plant_Name":"Coso Battery Storage","State":"California","PrimSource":"batteries","Total_MW":60,"Utility_Na":"Arevon Asset Management","City":"Little Lake"}},{"type":"Feature","geometry":{"type":"Point","coordinates":[-120.1531,37.1012]},"properties":{"Plant_Name":"DGS Valley State Prison","State":"California","PrimSource":"solar","Total_MW":2.3,"Utility_Na":"Forefront Power, LLC","City":"Chowchilla"}},{"type":"Feature","geometry":{"type":"Point","coordinates":[-123.1018,45.1848]},"properties":{"Plant_Name":"Palmer Creek Solar, LLC","State":"Oregon","PrimSource":"solar","Total_MW":2.3,"Utility_Na":"Greenbacker Renewable Energy Corporation","City":"Dayton"}},{"type":"Feature","geometry":{"type":"Point","coordinates":[-122.3294,45.2687]},"properties":{"Plant_Name":"Day Hill Solar, LLC","State":"Oregon","PrimSource":"solar","Total_MW":2.3,"Utility_Na":"Greenbacker Renewable Energy Corporation","City":"Estacada"}},{"type":"Feature","geometry":{"type":"Point","coordinates":[-122.938,44.985]},"properties":{"Plant_Name":"SSD Marion 3, LLC","State":"Oregon","PrimSource":"solar","Total_MW":2,"Utility_Na":"Thor Solar 1 CEI, LLC","City":"Salem"}},{"type":"Feature","geometry":{"type":"Point","coordinates":[-122.7938,45.116]},"properties":{"Plant_Name":"SSD Marion 5, LLC","State":"Oregon","PrimSource":"solar","Total_MW":2,"Utility_Na":"Thor Solar 1 CEI, LLC","City":"Woodburn"}},{"type":"Feature","geometry":{"type":"Point","coordinates":[-122.806,45.254]},"properties":{"Plant_Name":"SSD Marion 6, LLC","State":"Oregon","PrimSource":"solar","Total_MW":2,"Utility_Na":"Thor Solar 1 CEI, LLC","City":"Aurora"}},{"type":"Feature","geometry":{"type":"Point","coordinates":[-122.333,45.42]},"properties":{"Plant_Name":"SSD Clackamas 1, LLC","State":"Oregon","PrimSource":"solar","Total_MW":4,"Utility_Na":"Thor Solar 1 CEI, LLC","City":"Boring"}},{"type":"Feature","geometry":{"type":"Point","coordinates":[-122.662,45.102]},"properties":{"Plant_Name":"SSD Clackamas 4, LLC","State":"Oregon","PrimSource":"solar","Total_MW":2,"Utility_Na":"Thor Solar 1 CEI, LLC","City":"Molalla"}},{"type":"Feature","geometry":{"type":"Point","coordinates":[-122.591,45.182]},"properties":{"Plant_Name":"SSD Clackamas 7, LLC","State":"Oregon","PrimSource":"solar","Total_MW":2,"Utility_Na":"Thor Solar 1 CEI, LLC","City":"Molalla"}},{"type":"Feature","geometry":{"type":"Point","coordinates":[-122.9045,45.1395]},"properties":{"Plant_Name":"SSD Marion 1, LLC","State":"Oregon","PrimSource":"solar","Total_MW":2,"Utility_Na":"Thor Solar 1 CEI, LLC","City":"Grevais"}},{"type":"Feature","geometry":{"type":"Point","coordinates":[-122.6497,45.1406]},"properties":{"Plant_Name":"SulusSolar35","State":"Oregon","PrimSource":"solar","Total_MW":3,"Utility_Na":"Adapture Renewables, Inc.","City":"Molalla"}},{"type":"Feature","geometry":{"type":"Point","coordinates":[-105.4229,34.2741]},"properties":{"Plant_Name":"Red Cloud Wind LLC","State":"New Mexico","PrimSource":"wind","Total_MW":350,"Utility_Na":"Pattern Operators LP","City":"Corona"}},{"type":"Feature","geometry":{"type":"Point","coordinates":[-112.4441,41.6363]},"properties":{"Plant_Name":"Rocket Solar, LLC","State":"Utah","PrimSource":"solar","Total_MW":80,"Utility_Na":"Rocket Solar, LLC","City":"Corinne"}},{"type":"Feature","geometry":{"type":"Point","coordinates":[-112.6658,40.7183]},"properties":{"Plant_Name":"Horseshoe Solar, LLC","State":"Utah","PrimSource":"solar","Total_MW":75,"Utility_Na":"Horseshoe Solar, LLC","City":"Tooele"}},{"type":"Feature","geometry":{"type":"Point","coordinates":[-117.3556,34.0903]},"properties":{"Plant_Name":"Rialto - High School","State":"California","PrimSource":"solar","Total_MW":0.9,"Utility_Na":"Onyx Asset Services Group","City":"Rialto"}},{"type":"Feature","geometry":{"type":"Point","coordinates":[-119.4302,36.5469]},"properties":{"Plant_Name":"FTF-PackingShed","State":"California","PrimSource":"solar","Total_MW":1,"Utility_Na":"Family Tree Farms","City":"Reedley"}},{"type":"Feature","geometry":{"type":"Point","coordinates":[-120.6128,36.7347]},"properties":{"Plant_Name":"Firebaugh-CCS-PV-1","State":"California","PrimSource":"solar","Total_MW":1,"Utility_Na":"Mike Woolf Farming","City":"Firebaugh"}},{"type":"Feature","geometry":{"type":"Point","coordinates":[-118.2224,33.7809]},"properties":{"Plant_Name":"Toyota Long Beach Trigen","State":"California","PrimSource":"biomass","Total_MW":2.2,"Utility_Na":"Long Beach Trigen, LLC","City":"Long Beach"}},{"type":"Feature","geometry":{"type":"Point","coordinates":[-123.4,45.08]},"properties":{"Plant_Name":"SulusSolar33","State":"Oregon","PrimSource":"solar","Total_MW":3,"Utility_Na":"Adapture Renewables, Inc.","City":"Sheridan"}},{"type":"Feature","geometry":{"type":"Point","coordinates":[-123.52,45.1]},"properties":{"Plant_Name":"SulusSolar28","State":"Oregon","PrimSource":"solar","Total_MW":3,"Utility_Na":"Adapture Renewables, Inc.","City":"Willamina"}},{"type":"Feature","geometry":{"type":"Point","coordinates":[-123.05,45.57]},"properties":{"Plant_Name":"MilfordSolar OR","State":"Oregon","PrimSource":"solar","Total_MW":3,"Utility_Na":"Adapture Renewables, Inc.","City":"Forest Grove"}},{"type":"Feature","geometry":{"type":"Point","coordinates":[-122.79,45.15]},"properties":{"Plant_Name":"BristolSolar","State":"Oregon","PrimSource":"solar","Total_MW":3,"Utility_Na":"Adapture Renewables, Inc.","City":"Woodburn"}},{"type":"Feature","geometry":{"type":"Point","coordinates":[-104.5811,40.4563]},"properties":{"Plant_Name":"Alden Solar CSG LLC","State":"Colorado","PrimSource":"solar","Total_MW":1.6,"Utility_Na":"Greenbacker Renewable Energy Corporation","City":"Greeley"}},{"type":"Feature","geometry":{"type":"Point","coordinates":[-122.78,44.97]},"properties":{"Plant_Name":"SulusSolar22","State":"Oregon","PrimSource":"solar","Total_MW":3,"Utility_Na":"Adapture Renewables, Inc.","City":"Silverton"}},{"type":"Feature","geometry":{"type":"Point","coordinates":[-106.0999,37.5718]},"properties":{"Plant_Name":"Monte Vista Solar 2 CSG, LLC","State":"Colorado","PrimSource":"solar","Total_MW":1.6,"Utility_Na":"Greenbacker Renewable Energy Corporation","City":"Monte Vista"}},{"type":"Feature","geometry":{"type":"Point","coordinates":[-117.2873,34.0756]},"properties":{"Plant_Name":"SB Water Reclamation Fuel Cell","State":"California","PrimSource":"biomass","Total_MW":1.4,"Utility_Na":"San Bernardino Fuel Cell, LLC","City":"San Bernardino"}},{"type":"Feature","geometry":{"type":"Point","coordinates":[-116.9195,32.5903]},"properties":{"Plant_Name":"San Diego - EMDF at San Diego","State":"California","PrimSource":"solar","Total_MW":2.9,"Utility_Na":"California PV Energy 3, LLC","City":"San Diego"}},{"type":"Feature","geometry":{"type":"Point","coordinates":[-105.2125,38.4645]},"properties":{"Plant_Name":"Fremont CO 1, LLC","State":"Colorado","PrimSource":"solar","Total_MW":1.8,"Utility_Na":"Greenbacker Renewable Energy Corporation","City":"Canon City"}},{"type":"Feature","geometry":{"type":"Point","coordinates":[-108.602,45.856]},"properties":{"Plant_Name":"MTSUN","State":"Montana","PrimSource":"solar","Total_MW":80,"Utility_Na":"Greenbacker Renewable Energy Corporation","City":"Billings"}},{"type":"Feature","geometry":{"type":"Point","coordinates":[-122.9375,44.8794]},"properties":{"Plant_Name":"GreenparkSolar","State":"Oregon","PrimSource":"solar","Total_MW":1.3,"Utility_Na":"Adapture Renewables, Inc.","City":"Salem"}},{"type":"Feature","geometry":{"type":"Point","coordinates":[-122.82,45.27]},"properties":{"Plant_Name":"SulusSolar25","State":"Oregon","PrimSource":"solar","Total_MW":2.2,"Utility_Na":"Adapture Renewables, Inc.","City":"Aurora"}},{"type":"Feature","geometry":{"type":"Point","coordinates":[-122.29,45.46]},"properties":{"Plant_Name":"SulusSolar29","State":"Oregon","PrimSource":"solar","Total_MW":2.6,"Utility_Na":"Adapture Renewables, Inc.","City":"Boring"}},{"type":"Feature","geometry":{"type":"Point","coordinates":[-117.2556,33.1903]},"properties":{"Plant_Name":"San Diego - NCRC at Vista","State":"California","PrimSource":"solar","Total_MW":1.8,"Utility_Na":"California PV Energy 3, LLC","City":"Vista"}},{"type":"Feature","geometry":{"type":"Point","coordinates":[-119.3332,45.38]},"properties":{"Plant_Name":"Orchard Windfarm 2, LLC","State":"Oregon","PrimSource":"wind","Total_MW":10,"Utility_Na":"Orchard Windfarm, LLC","City":"Lexington"}},{"type":"Feature","geometry":{"type":"Point","coordinates":[-119.3332,45.38]},"properties":{"Plant_Name":"Orchard Windfarm 3, LLC","State":"Oregon","PrimSource":"wind","Total_MW":10,"Utility_Na":"Orchard Windfarm, LLC","City":"Lexington"}},{"type":"Feature","geometry":{"type":"Point","coordinates":[-119.3332,45.38]},"properties":{"Plant_Name":"Orchard Windfarm 4, LLC","State":"Oregon","PrimSource":"wind","Total_MW":10,"Utility_Na":"Orchard Windfarm, LLC","City":"Lexington"}},{"type":"Feature","geometry":{"type":"Point","coordinates":[-105.4368,34.3565]},"properties":{"Plant_Name":"Clines Corners Wind Farm LLC","State":"New Mexico","PrimSource":"wind","Total_MW":325,"Utility_Na":"Pattern Operators LP","City":"Encino"}},{"type":"Feature","geometry":{"type":"Point","coordinates":[-120.3179,36.8249]},"properties":{"Plant_Name":"Wonderful Orchards - New Columbia","State":"California","PrimSource":"solar","Total_MW":5,"Utility_Na":"Wonderful Renewable Energy, LLC.","City":"Firebaugh"}},{"type":"Feature","geometry":{"type":"Point","coordinates":[-119.6338,45.5597]},"properties":{"Plant_Name":"Wheatridge 1","State":"Oregon","PrimSource":"wind","Total_MW":100,"Utility_Na":"Portland General Electric Co","City":"Lexington"}},{"type":"Feature","geometry":{"type":"Point","coordinates":[-105.4921,34.3907]},"properties":{"Plant_Name":"Duran Mesa LLC","State":"New Mexico","PrimSource":"wind","Total_MW":105,"Utility_Na":"Pattern Operators LP","City":"Duran"}},{"type":"Feature","geometry":{"type":"Point","coordinates":[-105.44,34.36]},"properties":{"Plant_Name":"Tecolote Wind LLC","State":"New Mexico","PrimSource":"wind","Total_MW":272,"Utility_Na":"Pattern Operators LP","City":"Duran"}},{"type":"Feature","geometry":{"type":"Point","coordinates":[-107.6146,35.0984]},"properties":{"Plant_Name":"Route 66 Energy Center, LLC","State":"New Mexico","PrimSource":"solar","Total_MW":49.5,"Utility_Na":"Route 66 Energy Center, LLC","City":"San Fidel"}},{"type":"Feature","geometry":{"type":"Point","coordinates":[-119.4392,39.5395]},"properties":{"Plant_Name":"Tesla Reno GigaFactory","State":"Nevada","PrimSource":"solar","Total_MW":6.7,"Utility_Na":"Tesla Inc.","City":"Sparks"}},{"type":"Feature","geometry":{"type":"Point","coordinates":[-115.38,33.8]},"properties":{"Plant_Name":"Desert Harvest II LLC","State":"California","PrimSource":"solar","Total_MW":105,"Utility_Na":"Desert Harvest II LLC","City":"Desert Center"}},{"type":"Feature","geometry":{"type":"Point","coordinates":[-115.38,33.7]},"properties":{"Plant_Name":"Maverick Solar 4, LLC","State":"California","PrimSource":"solar","Total_MW":100,"Utility_Na":"Maverick Solar 4, LLC","City":"Desert Center"}},{"type":"Feature","geometry":{"type":"Point","coordinates":[-115.38,33.7]},"properties":{"Plant_Name":"Maverick Solar 6, LLC","State":"California","PrimSource":"solar","Total_MW":150,"Utility_Na":"Maverick Solar 6, LLC","City":"Desert Center"}},{"type":"Feature","geometry":{"type":"Point","coordinates":[-115.38,33.7]},"properties":{"Plant_Name":"Maverick Solar 7, LLC","State":"California","PrimSource":"solar","Total_MW":132,"Utility_Na":"Maverick Solar 7, LLC","City":"Desert Center"}},{"type":"Feature","geometry":{"type":"Point","coordinates":[-104.72,38.27]},"properties":{"Plant_Name":"James W. Broderick Hydropower Plant","State":"Colorado","PrimSource":"hydroelectric","Total_MW":7.1,"Utility_Na":"James W. Broderick Hydropower Plant","City":"Pueblo"}},{"type":"Feature","geometry":{"type":"Point","coordinates":[-121.9323,37.4792]},"properties":{"Plant_Name":"Fremont - Kato Rd","State":"California","PrimSource":"solar","Total_MW":1.4,"Utility_Na":"Tesla Inc.","City":"Fremont"}},{"type":"Feature","geometry":{"type":"Point","coordinates":[-121.3124,37.9801]},"properties":{"Plant_Name":"University of the Pacific","State":"California","PrimSource":"solar","Total_MW":5.5,"Utility_Na":"The Greater Light USA LLC","City":"Stockton"}},{"type":"Feature","geometry":{"type":"Point","coordinates":[-114.8145,33.5735]},"properties":{"Plant_Name":"Crimson","State":"California","PrimSource":"batteries","Total_MW":350,"Utility_Na":"RE Crimson LLC","City":"Blythe"}},{"type":"Feature","geometry":{"type":"Point","coordinates":[-120.2928,37.1204]},"properties":{"Plant_Name":"Five H Farms Solar Array","State":"California","PrimSource":"solar","Total_MW":1.1,"Utility_Na":"Maas Energy Works","City":"Merced"}},{"type":"Feature","geometry":{"type":"Point","coordinates":[-120.0224,36.2917]},"properties":{"Plant_Name":"Van der Kooi Dairy Solar Array","State":"California","PrimSource":"solar","Total_MW":1.5,"Utility_Na":"Maas Energy Works","City":"Riverdale"}},{"type":"Feature","geometry":{"type":"Point","coordinates":[-121.1949,37.9095]},"properties":{"Plant_Name":"Donaghy-Stockton","State":"California","PrimSource":"solar","Total_MW":1.1,"Utility_Na":"Donaghy Sales Inc.","City":"Stockton"}},{"type":"Feature","geometry":{"type":"Point","coordinates":[-105.1131,39.7276]},"properties":{"Plant_Name":"Mtn. Solar 4 (CSG)","State":"Colorado","PrimSource":"solar","Total_MW":1.5,"Utility_Na":"Standard Solar","City":"Lakewood"}},{"type":"Feature","geometry":{"type":"Point","coordinates":[-118.2278,34.6943]},"properties":{"Plant_Name":"CSP Los Angeles","State":"California","PrimSource":"solar","Total_MW":2.3,"Utility_Na":"Ecoplexus, Inc","City":"Lancaster"}},{"type":"Feature","geometry":{"type":"Point","coordinates":[-111.2611,32.2482]},"properties":{"Plant_Name":"Broadway 3 - Tucson Phase I","State":"Arizona","PrimSource":"solar","Total_MW":1,"Utility_Na":"MN8 Energy LLC","City":"Tucson"}},{"type":"Feature","geometry":{"type":"Point","coordinates":[-120.4311,37.3645]},"properties":{"Plant_Name":"Broadway 3 - UC Merced 1","State":"California","PrimSource":"solar","Total_MW":1,"Utility_Na":"MN8 Energy LLC","City":"Merced"}},{"type":"Feature","geometry":{"type":"Point","coordinates":[-119.8564,34.4197]},"properties":{"Plant_Name":"Broadway 3 - UCSB Lot 38","State":"California","PrimSource":"solar","Total_MW":1,"Utility_Na":"MN8 Energy LLC","City":"Santa Barbara"}},{"type":"Feature","geometry":{"type":"Point","coordinates":[-119.1891,35.4633]},"properties":{"Plant_Name":"Broadway 4 - Target Shafter","State":"California","PrimSource":"solar","Total_MW":1.6,"Utility_Na":"MN8 Energy LLC","City":"Shafter"}},{"type":"Feature","geometry":{"type":"Point","coordinates":[-121.7775,38.5428]},"properties":{"Plant_Name":"West Village Solar - Array 1Community So","State":"California","PrimSource":"solar","Total_MW":1,"Utility_Na":"CHF-Davis I, LLC","City":"Davis"}},{"type":"Feature","geometry":{"type":"Point","coordinates":[-121.7766,38.5427]},"properties":{"Plant_Name":"West Village Solar - Array 2 Community S","State":"California","PrimSource":"solar","Total_MW":1,"Utility_Na":"CHF-Davis I, LLC","City":"Davis"}},{"type":"Feature","geometry":{"type":"Point","coordinates":[-117.1916,32.7717]},"properties":{"Plant_Name":"University of San Diego","State":"California","PrimSource":"natural gas","Total_MW":1,"Utility_Na":"Bloom Energy 2009 PPA","City":"San Diego"}},{"type":"Feature","geometry":{"type":"Point","coordinates":[-118.1215,34.1394]},"properties":{"Plant_Name":"CalTech - Pasadena (PPA)","State":"California","PrimSource":"natural gas","Total_MW":1,"Utility_Na":"Bloom Energy 2009 PPA","City":"Pasadena"}},{"type":"Feature","geometry":{"type":"Point","coordinates":[-121.9055,37.3511]},"properties":{"Plant_Name":"SCC - San Jose","State":"California","PrimSource":"natural gas","Total_MW":1,"Utility_Na":"Bloom Energy","City":"San Jose"}},{"type":"Feature","geometry":{"type":"Point","coordinates":[-122.7111,38.4819]},"properties":{"Plant_Name":"Keysight - Santa Rosa","State":"California","PrimSource":"natural gas","Total_MW":4.5,"Utility_Na":"Bloom Energy","City":"Santa Rosa"}},{"type":"Feature","geometry":{"type":"Point","coordinates":[-118.4252,33.9834]},"properties":{"Plant_Name":"DirecTV - Los Angeles","State":"California","PrimSource":"natural gas","Total_MW":1,"Utility_Na":"Bloom Energy","City":"Los Angeles"}},{"type":"Feature","geometry":{"type":"Point","coordinates":[-118.1283,34.1387]},"properties":{"Plant_Name":"CalTech - Pasadena","State":"California","PrimSource":"natural gas","Total_MW":1,"Utility_Na":"Bloom Energy","City":"Pasadena"}},{"type":"Feature","geometry":{"type":"Point","coordinates":[-121.8859,37.3979]},"properties":{"Plant_Name":"Beckton Dickenson - San Jose","State":"California","PrimSource":"natural gas","Total_MW":1,"Utility_Na":"Bloom Energy","City":"San Jose"}},{"type":"Feature","geometry":{"type":"Point","coordinates":[-122.2004,37.4808]},"properties":{"Plant_Name":"AT&T - Redwood City","State":"California","PrimSource":"natural gas","Total_MW":1,"Utility_Na":"Bloom Energy","City":"Redwood City"}},{"type":"Feature","geometry":{"type":"Point","coordinates":[-118.2898,33.875]},"properties":{"Plant_Name":"AT&T - Gardena","State":"California","PrimSource":"natural gas","Total_MW":1,"Utility_Na":"Bloom Energy","City":"Gardena"}},{"type":"Feature","geometry":{"type":"Point","coordinates":[-118.3206,33.9243]},"properties":{"Plant_Name":"AT&T - Hawthorne","State":"California","PrimSource":"natural gas","Total_MW":1,"Utility_Na":"Bloom Energy","City":"Hawthorne"}},{"type":"Feature","geometry":{"type":"Point","coordinates":[-122.0969,37.6599]},"properties":{"Plant_Name":"AT&T - Hayward","State":"California","PrimSource":"natural gas","Total_MW":1,"Utility_Na":"Bloom Energy","City":"Hayward"}},{"type":"Feature","geometry":{"type":"Point","coordinates":[-121.8497,39.7426]},"properties":{"Plant_Name":"Enloe Medical - Chico","State":"California","PrimSource":"natural gas","Total_MW":1.7,"Utility_Na":"Bloom Energy","City":"Chico"}},{"type":"Feature","geometry":{"type":"Point","coordinates":[-118.3608,34.1377]},"properties":{"Plant_Name":"Comcast - Universal City","State":"California","PrimSource":"natural gas","Total_MW":1,"Utility_Na":"Bloom Energy","City":"Universal City"}},{"type":"Feature","geometry":{"type":"Point","coordinates":[-123.4174,45.0874]},"properties":{"Plant_Name":"Red Prairie Solar","State":"Oregon","PrimSource":"solar","Total_MW":2.2,"Utility_Na":"TLS Capital, Inc","City":"Sheridan"}},{"type":"Feature","geometry":{"type":"Point","coordinates":[-119.7744,36.7235]},"properties":{"Plant_Name":"OK Produce Fresno Carport","State":"California","PrimSource":"solar","Total_MW":2,"Utility_Na":"OK Produce","City":"Fresno"}},{"type":"Feature","geometry":{"type":"Point","coordinates":[-104.465,39.6266]},"properties":{"Plant_Name":"Hunter Solar, LLC (CO)","State":"Colorado","PrimSource":"solar","Total_MW":75,"Utility_Na":"Hunter Solar, LLC","City":"Bennett"}},{"type":"Feature","geometry":{"type":"Point","coordinates":[-104.6651,39.7522]},"properties":{"Plant_Name":"Venture 2 - 1B","State":"Colorado","PrimSource":"solar","Total_MW":1.5,"Utility_Na":"UXI CSG Venture 2 8302 LLC","City":"Aurora"}},{"type":"Feature","geometry":{"type":"Point","coordinates":[-104.6673,39.7505]},"properties":{"Plant_Name":"Venture 3 - 1C","State":"Colorado","PrimSource":"solar","Total_MW":1.5,"Utility_Na":"UXI CSG Venture 3 8303 LLC","City":"Aurora"}},{"type":"Feature","geometry":{"type":"Point","coordinates":[-104.6673,39.7523]},"properties":{"Plant_Name":"Venture 4 - 1D","State":"Colorado","PrimSource":"solar","Total_MW":1.5,"Utility_Na":"UXI CSG Venture 4 8304 LLC","City":"Aurora"}},{"type":"Feature","geometry":{"type":"Point","coordinates":[-117.5529,33.9985]},"properties":{"Plant_Name":"Chambers 4 - Eastvale LGB3","State":"California","PrimSource":"solar","Total_MW":2.4,"Utility_Na":"MN8 Energy LLC","City":"Eastvale"}},{"type":"Feature","geometry":{"type":"Point","coordinates":[-117.2014,34.0804]},"properties":{"Plant_Name":"Chambers 4 - Redland LGB4","State":"California","PrimSource":"solar","Total_MW":1.9,"Utility_Na":"MN8 Energy LLC","City":"Redlands"}},{"type":"Feature","geometry":{"type":"Point","coordinates":[-117.3004,33.881]},"properties":{"Plant_Name":"Chambers 4 - Riverside LGB6\t","State":"California","PrimSource":"solar","Total_MW":2.4,"Utility_Na":"MN8 Energy LLC","City":"Riverside"}},{"type":"Feature","geometry":{"type":"Point","coordinates":[-117.4055,34.1294]},"properties":{"Plant_Name":"Chambers 4 - Rialto LGB8","State":"California","PrimSource":"solar","Total_MW":2.2,"Utility_Na":"MN8 Energy LLC","City":"Rialto"}},{"type":"Feature","geometry":{"type":"Point","coordinates":[-121.5743,38.6825]},"properties":{"Plant_Name":"Chambers 4 - Sacramento SMF1","State":"California","PrimSource":"solar","Total_MW":2.7,"Utility_Na":"MN8 Energy LLC","City":"Sacramento"}},{"type":"Feature","geometry":{"type":"Point","coordinates":[-117.5539,33.9935]},"properties":{"Plant_Name":"Chambers 4 - Eastvale DCA2","State":"California","PrimSource":"solar","Total_MW":1.5,"Utility_Na":"MN8 Energy LLC","City":"Eastvale"}},{"type":"Feature","geometry":{"type":"Point","coordinates":[-117.2726,34.0775]},"properties":{"Plant_Name":"Chambers 4 - San Bernardino SNA7","State":"California","PrimSource":"solar","Total_MW":2,"Utility_Na":"MN8 Energy LLC","City":"San Bernardino"}},{"type":"Feature","geometry":{"type":"Point","coordinates":[-120.3728,37.0162]},"properties":{"Plant_Name":"Diamond H Dairy Power","State":"California","PrimSource":"biomass","Total_MW":2,"Utility_Na":"Madera DP 2, LLC","City":"Chowchilla"}},{"type":"Feature","geometry":{"type":"Point","coordinates":[-117.3724,34.6365]},"properties":{"Plant_Name":"Hudson - High Desert Hybrid","State":"California","PrimSource":"solar","Total_MW":150,"Utility_Na":"MN8 Energy LLC","City":"Victorville"}},{"type":"Feature","geometry":{"type":"Point","coordinates":[-118.32,34.83]},"properties":{"Plant_Name":"Rabbitbrush Solar, LLC","State":"California","PrimSource":"solar","Total_MW":120,"Utility_Na":"Leeward Asset Management, LLC","City":"Rosamond"}},{"type":"Feature","geometry":{"type":"Point","coordinates":[-119.0827,35.8405]},"properties":{"Plant_Name":"Rexford Solar Farm","State":"California","PrimSource":"solar","Total_MW":540,"Utility_Na":"AES Clean Energy","City":"Ducor"}},{"type":"Feature","geometry":{"type":"Point","coordinates":[-108.8945,34.1598]},"properties":{"Plant_Name":"Borderlands Wind, LLC","State":"New Mexico","PrimSource":"wind","Total_MW":100,"Utility_Na":"Borderlands Wind, LLC","City":"Quemado"}},{"type":"Feature","geometry":{"type":"Point","coordinates":[-104.777,40.2284]},"properties":{"Plant_Name":"Pivot Solar 4 LLC (CSG)","State":"Colorado","PrimSource":"solar","Total_MW":2,"Utility_Na":"Nautilus Solar Solutions","City":"Platteville"}},{"type":"Feature","geometry":{"type":"Point","coordinates":[-108.0907,39.4147]},"properties":{"Plant_Name":"Pivot Solar 1 LLC (CSG)","State":"Colorado","PrimSource":"solar","Total_MW":1,"Utility_Na":"Nautilus Solar Solutions","City":"Parachute"}},{"type":"Feature","geometry":{"type":"Point","coordinates":[-103.6575,40.2669]},"properties":{"Plant_Name":"Pivot Solar 14 LLC (CSG)","State":"Colorado","PrimSource":"solar","Total_MW":2,"Utility_Na":"Nautilus Solar Solutions","City":"Brush"}},{"type":"Feature","geometry":{"type":"Point","coordinates":[-103.6575,40.2669]},"properties":{"Plant_Name":"Pivot Solar 2 LLC (CSG)","State":"Colorado","PrimSource":"solar","Total_MW":2,"Utility_Na":"Nautilus Solar Solutions","City":"Brush"}},{"type":"Feature","geometry":{"type":"Point","coordinates":[-103.6594,40.2669]},"properties":{"Plant_Name":"Pivot Solar 15 LLC (CSG)","State":"Colorado","PrimSource":"solar","Total_MW":1,"Utility_Na":"Nautilus Solar Solutions","City":"Brush"}},{"type":"Feature","geometry":{"type":"Point","coordinates":[-107.8153,39.5231]},"properties":{"Plant_Name":"Pivot Solar 7 LLC (CSG)","State":"Colorado","PrimSource":"solar","Total_MW":2,"Utility_Na":"Nautilus Solar Solutions","City":"Rifle"}},{"type":"Feature","geometry":{"type":"Point","coordinates":[-108.0907,39.4147]},"properties":{"Plant_Name":"Pivot Solar 3 LLC (CSG)","State":"Colorado","PrimSource":"solar","Total_MW":2,"Utility_Na":"Nautilus Solar Solutions","City":"Parachute"}},{"type":"Feature","geometry":{"type":"Point","coordinates":[-104.7714,40.2412]},"properties":{"Plant_Name":"Pivot Solar 8 LLC (CSG)","State":"Colorado","PrimSource":"solar","Total_MW":2,"Utility_Na":"Nautilus Solar Solutions","City":"Platteville"}},{"type":"Feature","geometry":{"type":"Point","coordinates":[-123.0529,45.0081]},"properties":{"Plant_Name":"WLWPCF Cogeneration Facility","State":"Oregon","PrimSource":"biomass","Total_MW":1.1,"Utility_Na":"City of Salem Public Works","City":"Keizer"}},{"type":"Feature","geometry":{"type":"Point","coordinates":[-122.1417,38.0971]},"properties":{"Plant_Name":"Lake Herman","State":"California","PrimSource":"solar","Total_MW":5,"Utility_Na":"Greenbacker Renewable Energy Corporation","City":"Benicia"}},{"type":"Feature","geometry":{"type":"Point","coordinates":[-120.0981,36.504]},"properties":{"Plant_Name":"Van der Hoek Solar Array/ Dairy","State":"California","PrimSource":"solar","Total_MW":3,"Utility_Na":"Maas Energy Works","City":"Helm"}},{"type":"Feature","geometry":{"type":"Point","coordinates":[-120.6254,36.9818]},"properties":{"Plant_Name":"Dos Palos","State":"California","PrimSource":"solar","Total_MW":1,"Utility_Na":"Greenbacker Renewable Energy Corporation","City":"Dos Palos"}},{"type":"Feature","geometry":{"type":"Point","coordinates":[-105.2807,36.4169]},"properties":{"Plant_Name":"Angel Fire Energy Facility","State":"New Mexico","PrimSource":"solar","Total_MW":11.2,"Utility_Na":"Angel Fire Energy Facility, LLC","City":"Angel Fire"}},{"type":"Feature","geometry":{"type":"Point","coordinates":[-121.059,38.637]},"properties":{"Plant_Name":"El Dorado Solar, LLC","State":"California","PrimSource":"solar","Total_MW":1.5,"Utility_Na":"Greenbacker Renewable Energy Corporation","City":"El Dorado Hills"}},{"type":"Feature","geometry":{"type":"Point","coordinates":[-115.6702,32.6772]},"properties":{"Plant_Name":"LeConte Energy Storage","State":"California","PrimSource":"batteries","Total_MW":125,"Utility_Na":"LeConte Energy Storage, LLC","City":"Calexico"}},{"type":"Feature","geometry":{"type":"Point","coordinates":[-118.1392,35.0273]},"properties":{"Plant_Name":"Sanborn BESS 1","State":"California","PrimSource":"batteries","Total_MW":100,"Utility_Na":"Terra-Gen Operating Co-BESS","City":"Mojave"}},{"type":"Feature","geometry":{"type":"Point","coordinates":[-118.1401,35.0273]},"properties":{"Plant_Name":"Sanborn BESS 2","State":"California","PrimSource":"batteries","Total_MW":100,"Utility_Na":"Terra-Gen Operating Co-BESS","City":"Mojave"}},{"type":"Feature","geometry":{"type":"Point","coordinates":[-112.7034,40.8683]},"properties":{"Plant_Name":"Elektron Solar, LLC","State":"Utah","PrimSource":"solar","Total_MW":80,"Utility_Na":"Elektron Solar, LLC","City":"Grantsville"}},{"type":"Feature","geometry":{"type":"Point","coordinates":[-110.9907,39.3344]},"properties":{"Plant_Name":"Castle Solar, LLC","State":"Utah","PrimSource":"solar","Total_MW":40,"Utility_Na":"Castle Solar, LLC","City":"Huntington"}},{"type":"Feature","geometry":{"type":"Point","coordinates":[-121.6621,39.1713]},"properties":{"Plant_Name":"Tierra Buena Energy Storage","State":"California","PrimSource":"batteries","Total_MW":5,"Utility_Na":"VESI 10 LLC","City":"Yuba City"}},{"type":"Feature","geometry":{"type":"Point","coordinates":[-116.9944,33.9262]},"properties":{"Plant_Name":"Amazon PSP1","State":"California","PrimSource":"solar","Total_MW":3.8,"Utility_Na":"Greenbacker Renewable Energy Corporation","City":"Beaumont"}},{"type":"Feature","geometry":{"type":"Point","coordinates":[-124.1044,40.9672]},"properties":{"Plant_Name":"Redwood Coast Airport Microgrid","State":"California","PrimSource":"solar","Total_MW":3.6,"Utility_Na":"Redwood Coast Energy Authority","City":"McKinleyville"}},{"type":"Feature","geometry":{"type":"Point","coordinates":[-122.0844,45.3849]},"properties":{"Plant_Name":"Brightwood Solar, LLC","State":"Oregon","PrimSource":"solar","Total_MW":10,"Utility_Na":"Brightwood Solar, LLC","City":"Sandy"}},{"type":"Feature","geometry":{"type":"Point","coordinates":[-104.6685,39.8926]},"properties":{"Plant_Name":"Oak Leaf Solar XVIII LLC","State":"Colorado","PrimSource":"solar","Total_MW":9,"Utility_Na":"Greenbacker Renewable Energy Corporation","City":"Denver"}},{"type":"Feature","geometry":{"type":"Point","coordinates":[-118.2785,33.7499]},"properties":{"Plant_Name":"Catalina Express","State":"California","PrimSource":"solar","Total_MW":1,"Utility_Na":"Altus Power America Management, LLC","City":"San Pedro"}},{"type":"Feature","geometry":{"type":"Point","coordinates":[-118.2756,33.718]},"properties":{"Plant_Name":"Marina South","State":"California","PrimSource":"solar","Total_MW":1,"Utility_Na":"Altus Power America Management, LLC","City":"San Pedro"}},{"type":"Feature","geometry":{"type":"Point","coordinates":[-118.5836,34.2392]},"properties":{"Plant_Name":"Prairie","State":"California","PrimSource":"solar","Total_MW":1.8,"Utility_Na":"Altus Power America Management, LLC","City":"Chatsworth"}},{"type":"Feature","geometry":{"type":"Point","coordinates":[-116.8553,34.8609]},"properties":{"Plant_Name":"Daggett 2","State":"California","PrimSource":"solar","Total_MW":313,"Utility_Na":"Daggett Solar Power 2 LLC","City":"Daggett"}},{"type":"Feature","geometry":{"type":"Point","coordinates":[-116.8553,34.8609]},"properties":{"Plant_Name":"Daggett 3","State":"California","PrimSource":"solar","Total_MW":449,"Utility_Na":"Daggett Solar Power 3 LLC","City":"Daggett"}},{"type":"Feature","geometry":{"type":"Point","coordinates":[-120.984,38.628]},"properties":{"Plant_Name":"Deer Creek 2","State":"California","PrimSource":"solar","Total_MW":1.3,"Utility_Na":"Greenbacker Renewable Energy Corporation","City":"Shingle Springs"}},{"type":"Feature","geometry":{"type":"Point","coordinates":[-103.9076,40.9521]},"properties":{"Plant_Name":"Panorama Wind, LLC","State":"Colorado","PrimSource":"wind","Total_MW":145,"Utility_Na":"Leeward Asset Management, LLC","City":"Grover"}},{"type":"Feature","geometry":{"type":"Point","coordinates":[-118.1265,34.9463]},"properties":{"Plant_Name":"Edwards Sanborn E3","State":"California","PrimSource":"solar","Total_MW":38.1,"Utility_Na":"Terra-Gen Operating Co-Hybrid","City":"Mojave"}},{"type":"Feature","geometry":{"type":"Point","coordinates":[-118.1242,34.9619]},"properties":{"Plant_Name":"Edwards Sanborn E1A","State":"California","PrimSource":"solar","Total_MW":293.3,"Utility_Na":"Terra-Gen Operating Co-Hybrid","City":"Mojave"}},{"type":"Feature","geometry":{"type":"Point","coordinates":[-118.129,34.9415]},"properties":{"Plant_Name":"Edwards Sanborn E2","State":"California","PrimSource":"solar","Total_MW":257.8,"Utility_Na":"Terra-Gen Operating Co-Hybrid","City":"Mojave"}},{"type":"Feature","geometry":{"type":"Point","coordinates":[-104.6674,39.7523]},"properties":{"Plant_Name":"Venture 1 - 1A CSG","State":"Colorado","PrimSource":"solar","Total_MW":1.5,"Utility_Na":"UXI CSG Venture 1 8301 LLC","City":"Aurora"}},{"type":"Feature","geometry":{"type":"Point","coordinates":[-106.7445,32.286]},"properties":{"Plant_Name":"NMSU Solar and Storage","State":"New Mexico","PrimSource":"solar","Total_MW":4,"Utility_Na":"El Paso Electric Co","City":"Las Cruces"}},{"type":"Feature","geometry":{"type":"Point","coordinates":[-106.946,36.0174]},"properties":{"Plant_Name":"Cuba 2.5ac, LLC","State":"New Mexico","PrimSource":"solar","Total_MW":2.5,"Utility_Na":"Cuba 2.5ac, LLC","City":"Cuba"}},{"type":"Feature","geometry":{"type":"Point","coordinates":[-120.3623,36.5975]},"properties":{"Plant_Name":"Scarlet Solar (CA)","State":"California","PrimSource":"solar","Total_MW":240,"Utility_Na":"EDP Renewables North America LLC","City":"Fresno"}},{"type":"Feature","geometry":{"type":"Point","coordinates":[-119.0623,35.8237]},"properties":{"Plant_Name":"Luciana","State":"California","PrimSource":"solar","Total_MW":55.8,"Utility_Na":"Tulare Solar Center, LLC","City":"Richgrove"}},{"type":"Feature","geometry":{"type":"Point","coordinates":[-117.3506,35.805]},"properties":{"Plant_Name":"Trona Solar III","State":"California","PrimSource":"solar","Total_MW":2,"Utility_Na":"Trona Solar III LLC","City":"Trona"}},{"type":"Feature","geometry":{"type":"Point","coordinates":[-118.1225,35.0164]},"properties":{"Plant_Name":"Edwards Sanborn S3","State":"California","PrimSource":"solar","Total_MW":70.7,"Utility_Na":"Terra-Gen Operating Co-Hybrid","City":"Mojave"}},{"type":"Feature","geometry":{"type":"Point","coordinates":[-118.1328,35.0277]},"properties":{"Plant_Name":"Edwards Sanborn S1","State":"California","PrimSource":"solar","Total_MW":84.6,"Utility_Na":"Terra-Gen Operating Co-Hybrid","City":"Mojave"}},{"type":"Feature","geometry":{"type":"Point","coordinates":[-118.3441,34.907]},"properties":{"Plant_Name":"BigBeau Solar, LLC","State":"California","PrimSource":"solar","Total_MW":168,"Utility_Na":"Big Beau Solar, LLC\t\t","City":"Rosamond"}},{"type":"Feature","geometry":{"type":"Point","coordinates":[-121.428,38.5963]},"properties":{"Plant_Name":"Sacramento Point West Medical Offices","State":"California","PrimSource":"solar","Total_MW":1.2,"Utility_Na":"KP Sacramento Point West Medical Offices Solar, LLC","City":"Sacramento"}},{"type":"Feature","geometry":{"type":"Point","coordinates":[-117.3755,33.9806]},"properties":{"Plant_Name":"SSI West Riverside Landfill LLC","State":"California","PrimSource":"solar","Total_MW":2.5,"Utility_Na":"Standard Solar","City":"Riverside"}},{"type":"Feature","geometry":{"type":"Point","coordinates":[-104.5185,38.1803]},"properties":{"Plant_Name":"Sun Mountain Solar 1","State":"Colorado","PrimSource":"solar","Total_MW":200,"Utility_Na":"Lightsource Renewable Energy Asset Management, LLC","City":"Unincorporated Pueblo"}},{"type":"Feature","geometry":{"type":"Point","coordinates":[-114.6803,33.6408]},"properties":{"Plant_Name":"Blythe Mesa Solar II","State":"California","PrimSource":"solar","Total_MW":335.6,"Utility_Na":"Blythe Mesa Solar II, LLC","City":"Blythe"}},{"type":"Feature","geometry":{"type":"Point","coordinates":[-102.9526,40.6134]},"properties":{"Plant_Name":"Niyol Wind, LLC","State":"Colorado","PrimSource":"wind","Total_MW":205,"Utility_Na":"Niyol Wind, LLC","City":"Fleming"}},{"type":"Feature","geometry":{"type":"Point","coordinates":[-121.9446,37.4925]},"properties":{"Plant_Name":"Fremont CA AutoFactory","State":"California","PrimSource":"solar","Total_MW":0.3,"Utility_Na":"Tesla Inc.","City":"Fremont"}},{"type":"Feature","geometry":{"type":"Point","coordinates":[-119.8668,35.6133]},"properties":{"Plant_Name":"Berrenda Mesa Water District","State":"California","PrimSource":"solar","Total_MW":6.4,"Utility_Na":"The Greater Light USA LLC","City":"Lost Hills"}},{"type":"Feature","geometry":{"type":"Point","coordinates":[-106.8768,39.2477]},"properties":{"Plant_Name":"Pitkin County Solar","State":"Colorado","PrimSource":"solar","Total_MW":5,"Utility_Na":"Coolangatta Solar LLC","City":"Aspen"}},{"type":"Feature","geometry":{"type":"Point","coordinates":[-120.9338,38.0424]},"properties":{"Plant_Name":"Foothill Sanitary Landfill - Solar Array","State":"California","PrimSource":"solar","Total_MW":3.5,"Utility_Na":"Ameresco San Joaquin Solar LLC","City":"Linden"}},{"type":"Feature","geometry":{"type":"Point","coordinates":[-117.2348,34.1054]},"properties":{"Plant_Name":"IGS KSBD","State":"California","PrimSource":"solar","Total_MW":4.3,"Utility_Na":"Greenbacker Renewable Energy Corporation","City":"Highland"}},{"type":"Feature","geometry":{"type":"Point","coordinates":[-107.1712,36.1411]},"properties":{"Plant_Name":"Jicarilla Solar 2","State":"New Mexico","PrimSource":"solar","Total_MW":50,"Utility_Na":"Repsol Renewables NA","City":"Dulce"}},{"type":"Feature","geometry":{"type":"Point","coordinates":[-119.7888,35.5761]},"properties":{"Plant_Name":"Wonderful Huller & Shellling","State":"California","PrimSource":"solar","Total_MW":1.5,"Utility_Na":"Wonderful Renewable Energy, LLC.","City":"Lost Hills"}},{"type":"Feature","geometry":{"type":"Point","coordinates":[-119.8766,35.6693]},"properties":{"Plant_Name":"Wonderful Lost Hills","State":"California","PrimSource":"solar","Total_MW":16.7,"Utility_Na":"Wonderful Renewable Energy, LLC.","City":"Lost Hills"}},{"type":"Feature","geometry":{"type":"Point","coordinates":[-112.0577,43.3276]},"properties":{"Plant_Name":"Cedar Creek Wind, LLC","State":"Idaho","PrimSource":"wind","Total_MW":160,"Utility_Na":"Cedar Creek Wind, LLC","City":"Shelley"}},{"type":"Feature","geometry":{"type":"Point","coordinates":[-118.4997,34.2238]},"properties":{"Plant_Name":"8500 Balboa PV, LLC","State":"California","PrimSource":"solar","Total_MW":3.2,"Utility_Na":"8500 Balboa PV, LLC","City":"Northridge"}},{"type":"Feature","geometry":{"type":"Point","coordinates":[-118.3002,33.8461]},"properties":{"Plant_Name":"20333 Normandie PV, LLC","State":"California","PrimSource":"solar","Total_MW":2.6,"Utility_Na":"TRITEC Americas","City":"Torrance"}},{"type":"Feature","geometry":{"type":"Point","coordinates":[-117.1668,32.8876]},"properties":{"Plant_Name":"AT&T - San Diego Trade Street","State":"California","PrimSource":"natural gas","Total_MW":1,"Utility_Na":"Bloom Energy","City":"San Diego"}},{"type":"Feature","geometry":{"type":"Point","coordinates":[-118.1284,34.1382]},"properties":{"Plant_Name":"CalTech - Pasadena Wilson Ave","State":"California","PrimSource":"natural gas","Total_MW":2.2,"Utility_Na":"Bloom Energy","City":"Pasadena"}},{"type":"Feature","geometry":{"type":"Point","coordinates":[-119.6316,36.2676]},"properties":{"Plant_Name":"Danell Bros Inc","State":"California","PrimSource":"solar","Total_MW":2.6,"Utility_Na":"Renewable Solar, Inc","City":"Hanford"}},{"type":"Feature","geometry":{"type":"Point","coordinates":[-118.8335,34.2997]},"properties":{"Plant_Name":"CA - Ventura Co CCD - Moorpark College","State":"California","PrimSource":"solar","Total_MW":2.6,"Utility_Na":"Forefront Power, LLC","City":"Moorpark"}},{"type":"Feature","geometry":{"type":"Point","coordinates":[-113.5634,37.0301]},"properties":{"Plant_Name":"Solomon Generating Facility","State":"Utah","PrimSource":"natural gas","Total_MW":14.9,"Utility_Na":"Deseret Generation & Tran Coop","City":"St. George"}},{"type":"Feature","geometry":{"type":"Point","coordinates":[-121.346,38.859]},"properties":{"Plant_Name":"Lincoln WWTF Hybrid","State":"California","PrimSource":"solar","Total_MW":3.8,"Utility_Na":"Lincoln Solar Star, LLC","City":"Lincoln"}},{"type":"Feature","geometry":{"type":"Point","coordinates":[-122.7373,38.2615]},"properties":{"Plant_Name":"Bodega Avenue Solar LLC","State":"California","PrimSource":"solar","Total_MW":2,"Utility_Na":"Bodega Avenue Solar LLC","City":"Petaluma"}},{"type":"Feature","geometry":{"type":"Point","coordinates":[-121.291,38.5766]},"properties":{"Plant_Name":"Rancho Cordova Medical Offices","State":"California","PrimSource":"solar","Total_MW":1,"Utility_Na":"KP Rancho Cordova Medical Offices Solar, LLC","City":"Rancho Cordova"}},{"type":"Feature","geometry":{"type":"Point","coordinates":[-119.055,34.3572]},"properties":{"Plant_Name":"Santa Paula Energy Storage LLC","State":"California","PrimSource":"batteries","Total_MW":30,"Utility_Na":"Santa Paula Energy Storage, LLC","City":"Santa Paula"}},{"type":"Feature","geometry":{"type":"Point","coordinates":[-105.869,41.919]},"properties":{"Plant_Name":"Boswell Wind","State":"Wyoming","PrimSource":"wind","Total_MW":329.8,"Utility_Na":"Boswell Wind, LLC","City":"Rock River"}},{"type":"Feature","geometry":{"type":"Point","coordinates":[-117.3042,33.2131]},"properties":{"Plant_Name":"Gilead Oceanside Solar Project","State":"California","PrimSource":"solar","Total_MW":2.1,"Utility_Na":"Gilead Sciences Inc.","City":"Oceanside"}},{"type":"Feature","geometry":{"type":"Point","coordinates":[-122.278,37.5686]},"properties":{"Plant_Name":"Gilead Foster City Solar Project","State":"California","PrimSource":"solar","Total_MW":1.5,"Utility_Na":"Gilead Sciences Inc. Foster City","City":"Foster City"}},{"type":"Feature","geometry":{"type":"Point","coordinates":[-119.1568,34.1659]},"properties":{"Plant_Name":"CA-Ventura Co CCD-Oxnard College Canopy","State":"California","PrimSource":"solar","Total_MW":1.5,"Utility_Na":"Forefront Power, LLC","City":"Ventura"}},{"type":"Feature","geometry":{"type":"Point","coordinates":[-117.534,34.0921]},"properties":{"Plant_Name":"Separator (Etiwanda) BESS","State":"California","PrimSource":"batteries","Total_MW":112.5,"Utility_Na":"Southern California Edison Co","City":"Ontario"}},{"type":"Feature","geometry":{"type":"Point","coordinates":[-118.2003,33.7763]},"properties":{"Plant_Name":"Cathode (Hinson) BESS","State":"California","PrimSource":"batteries","Total_MW":200,"Utility_Na":"Southern California Edison Co","City":"Long Beach"}},{"type":"Feature","geometry":{"type":"Point","coordinates":[-119.1099,35.5109]},"properties":{"Plant_Name":"Laredo Detention Facility - Solar 2, 3","State":"California","PrimSource":"solar","Total_MW":5.1,"Utility_Na":"County of Kern","City":"Bakersfield"}},{"type":"Feature","geometry":{"type":"Point","coordinates":[-120.056,36.9456]},"properties":{"Plant_Name":"Sealed Air Madera Solar Project","State":"California","PrimSource":"solar","Total_MW":3.8,"Utility_Na":"Sealed Air Corporation","City":"Madera"}},{"type":"Feature","geometry":{"type":"Point","coordinates":[-119.4367,39.5564]},"properties":{"Plant_Name":"Chukar Battery Energy Storage System","State":"Nevada","PrimSource":"batteries","Total_MW":10,"Utility_Na":"Nevada Power Co","City":"Sparks"}},{"type":"Feature","geometry":{"type":"Point","coordinates":[-121.6028,36.8782]},"properties":{"Plant_Name":"Graniterock Quarry","State":"California","PrimSource":"solar","Total_MW":4.4,"Utility_Na":"CalCom Energy","City":"Aromas"}},{"type":"Feature","geometry":{"type":"Point","coordinates":[-120.4544,37.8834]},"properties":{"Plant_Name":"Sierra Pacific Chinese Camp","State":"California","PrimSource":"solar","Total_MW":3.6,"Utility_Na":"Sierra Pacific Industries","City":"Chinese Camp"}},{"type":"Feature","geometry":{"type":"Point","coordinates":[-122.1186,39.1456]},"properties":{"Plant_Name":"Abel Road Bioenergy","State":"California","PrimSource":"biomass","Total_MW":3,"Utility_Na":"ACC Renewable Resources","City":"Williams"}},{"type":"Feature","geometry":{"type":"Point","coordinates":[-104.7989,40.2318]},"properties":{"Plant_Name":"Vasquez V CSG","State":"Colorado","PrimSource":"solar","Total_MW":4,"Utility_Na":"SunShare Management","City":"Platteville"}},{"type":"Feature","geometry":{"type":"Point","coordinates":[-120.6935,35.3255]},"properties":{"Plant_Name":"CA-DGS-California Men's Colony","State":"California","PrimSource":"solar","Total_MW":2.2,"Utility_Na":"Forefront Power, LLC","City":"San Luis Obispo"}},{"type":"Feature","geometry":{"type":"Point","coordinates":[-121.3846,36.4677]},"properties":{"Plant_Name":"CA-DGS- RFP-Correctional Training Fac","State":"California","PrimSource":"solar","Total_MW":1.6,"Utility_Na":"Forefront Power, LLC","City":"Soledad"}},{"type":"Feature","geometry":{"type":"Point","coordinates":[-121.3845,36.4675]},"properties":{"Plant_Name":"CA-DGS RFP-Salinas Valley State Prison","State":"California","PrimSource":"solar","Total_MW":3.3,"Utility_Na":"Forefront Power, LLC","City":"Soledad"}},{"type":"Feature","geometry":{"type":"Point","coordinates":[-120.2529,36.1308]},"properties":{"Plant_Name":"CA-DGS RFP-Pleasant Valley State Prison","State":"California","PrimSource":"solar","Total_MW":2,"Utility_Na":"Forefront Power, LLC","City":"Coalinga"}},{"type":"Feature","geometry":{"type":"Point","coordinates":[-119.726,36.6611]},"properties":{"Plant_Name":"CA - Fresno County - Juvenile Hall","State":"California","PrimSource":"solar","Total_MW":2.8,"Utility_Na":"Forefront Power, LLC","City":"Fresno"}},{"type":"Feature","geometry":{"type":"Point","coordinates":[-119.0509,35.4466]},"properties":{"Plant_Name":"Amazon Bakersfield 1 Solar Project","State":"California","PrimSource":"solar","Total_MW":5.8,"Utility_Na":"Solar Star Prime 3, LLC","City":"Bakersfiled"}},{"type":"Feature","geometry":{"type":"Point","coordinates":[-119.0932,35.4421]},"properties":{"Plant_Name":"Calibrant Bakersfield LLC","State":"California","PrimSource":"solar","Total_MW":1.3,"Utility_Na":"Bay4 Energy Services, LLC","City":"Bakersfield"}},{"type":"Feature","geometry":{"type":"Point","coordinates":[-122.0175,37.4053]},"properties":{"Plant_Name":"Google Moffett Park Solar Project","State":"California","PrimSource":"solar","Total_MW":2.3,"Utility_Na":"Google, Inc.","City":"Sunnyvale"}},{"type":"Feature","geometry":{"type":"Point","coordinates":[-117.7819,34.0962]},"properties":{"Plant_Name":"Gilead Sciences La Verne Rooftop Solar","State":"California","PrimSource":"solar","Total_MW":2.7,"Utility_Na":"Gilead Sciences, Inc. - La Verne","City":"La Verne"}},{"type":"Feature","geometry":{"type":"Point","coordinates":[-122.006,37.2644]},"properties":{"Plant_Name":"West Valley Mission CCD Solar Project","State":"California","PrimSource":"solar","Total_MW":3.4,"Utility_Na":"West Valley-Mission Community College District","City":"Saratoga"}},{"type":"Feature","geometry":{"type":"Point","coordinates":[-106.3789,46.8177]},"properties":{"Plant_Name":"Clearwater Wind I","State":"Montana","PrimSource":"wind","Total_MW":365.5,"Utility_Na":"Clearwater Energy Resources LLC","City":"Miles City"}},{"type":"Feature","geometry":{"type":"Point","coordinates":[-104.8062,40.2938]},"properties":{"Plant_Name":"Gilcrest Sun CSG","State":"Colorado","PrimSource":"solar","Total_MW":1.8,"Utility_Na":"SunShare Management","City":"Platteville"}},{"type":"Feature","geometry":{"type":"Point","coordinates":[-117.9125,33.6726]},"properties":{"Plant_Name":"Orange Coast College PH2 Solar Project","State":"California","PrimSource":"solar","Total_MW":5.1,"Utility_Na":"Solar Star Coastal Pirate, LLC","City":"Costa Mesa"}},{"type":"Feature","geometry":{"type":"Point","coordinates":[-120.05,36.95]},"properties":{"Plant_Name":"CA - Madera USD - Madera South HS","State":"California","PrimSource":"solar","Total_MW":1.2,"Utility_Na":"Forefront Power, LLC","City":"Madera"}},{"type":"Feature","geometry":{"type":"Point","coordinates":[-116.8154,34.2678]},"properties":{"Plant_Name":"BBARWA","State":"California","PrimSource":"solar","Total_MW":1.9,"Utility_Na":"Distributed Solar Development, LLC","City":"Big Bear"}},{"type":"Feature","geometry":{"type":"Point","coordinates":[-111.801,39.1674]},"properties":{"Plant_Name":"Gunnison Solar","State":"Utah","PrimSource":"solar","Total_MW":1.5,"Utility_Na":"Greenbacker Renewable Energy Corporation","City":"Gunnison"}},{"type":"Feature","geometry":{"type":"Point","coordinates":[-119.85,35.65]},"properties":{"Plant_Name":"Lost Hills Oilfield","State":"California","PrimSource":"solar","Total_MW":1.9,"Utility_Na":"Distributed Solar Development, LLC","City":"Lost Hills"}},{"type":"Feature","geometry":{"type":"Point","coordinates":[-104.5315,39.6517]},"properties":{"Plant_Name":"Oak Leaf - CSG Portfolio (OL 36)","State":"Colorado","PrimSource":"solar","Total_MW":1.5,"Utility_Na":"Distributed Solar Development, LLC","City":"Watkins"}},{"type":"Feature","geometry":{"type":"Point","coordinates":[-104.5913,39.7854]},"properties":{"Plant_Name":"Oak Leaf - CSG Portfolio (OL 37)","State":"Colorado","PrimSource":"solar","Total_MW":1.5,"Utility_Na":"Distributed Solar Development, LLC","City":"Watkins"}},{"type":"Feature","geometry":{"type":"Point","coordinates":[-104.5913,39.7854]},"properties":{"Plant_Name":"Oak Leaf - CSG Portfolio (OL 38)","State":"Colorado","PrimSource":"solar","Total_MW":1.5,"Utility_Na":"Distributed Solar Development, LLC","City":"Watkins"}},{"type":"Feature","geometry":{"type":"Point","coordinates":[-104.5285,39.6553]},"properties":{"Plant_Name":"Oak Leaf - CSG Portfolio (OL 39)","State":"Colorado","PrimSource":"solar","Total_MW":1.5,"Utility_Na":"Distributed Solar Development, LLC","City":"Watkins"}},{"type":"Feature","geometry":{"type":"Point","coordinates":[-104.5838,39.7831]},"properties":{"Plant_Name":"Oak Leaf - CSG Portfolio (OL 44)","State":"Colorado","PrimSource":"solar","Total_MW":1.5,"Utility_Na":"Distributed Solar Development, LLC","City":"Watkins"}},{"type":"Feature","geometry":{"type":"Point","coordinates":[-117.1677,32.8059]},"properties":{"Plant_Name":"San Diego Community College","State":"California","PrimSource":"natural gas","Total_MW":1,"Utility_Na":"Bloom Energy","City":"San Diego"}},{"type":"Feature","geometry":{"type":"Point","coordinates":[-119.0884,35.8384]},"properties":{"Plant_Name":"Bottleneck Energy Storage","State":"California","PrimSource":"batteries","Total_MW":80,"Utility_Na":"VESI 12 LLC","City":"Richgrove"}},{"type":"Feature","geometry":{"type":"Point","coordinates":[-118.3165,34.8078]},"properties":{"Plant_Name":"Estrella Solar & Storage","State":"California","PrimSource":"solar","Total_MW":84,"Utility_Na":"AES Clean Energy","City":"Lancaster"}},{"type":"Feature","geometry":{"type":"Point","coordinates":[-118.2862,34.8424]},"properties":{"Plant_Name":"Raceway Solar & Storage","State":"California","PrimSource":"solar","Total_MW":205,"Utility_Na":"AES Clean Energy","City":"Lancaster"}},{"type":"Feature","geometry":{"type":"Point","coordinates":[-119.467,36.4947]},"properties":{"Plant_Name":"Agriculture Capital - Legacy Packing","State":"California","PrimSource":"solar","Total_MW":1.6,"Utility_Na":"Distributed Solar Development, LLC","City":"Dinuba"}},{"type":"Feature","geometry":{"type":"Point","coordinates":[-121.9579,37.7622]},"properties":{"Plant_Name":"Bishop Ranch - BR 1-Y","State":"California","PrimSource":"solar","Total_MW":1.8,"Utility_Na":"Distributed Solar Development, LLC","City":"San Ramon"}},{"type":"Feature","geometry":{"type":"Point","coordinates":[-121.9666,37.7682]},"properties":{"Plant_Name":"Bishop Ranch - BR 8-P","State":"California","PrimSource":"solar","Total_MW":1.5,"Utility_Na":"Distributed Solar Development, LLC","City":"San Ramon"}},{"type":"Feature","geometry":{"type":"Point","coordinates":[-119.1812,35.049]},"properties":{"Plant_Name":"Vulcan San Emidio Solar","State":"California","PrimSource":"solar","Total_MW":1.4,"Utility_Na":"Renew Solar VMC LLC","City":"Bakersfield"}},{"type":"Feature","geometry":{"type":"Point","coordinates":[-119.585,34.9047]},"properties":{"Plant_Name":"SEPV Cuyama Hybrid","State":"California","PrimSource":"batteries","Total_MW":4.6,"Utility_Na":"SEPV Cuyama, LLC","City":"New Cuyama"}},{"type":"Feature","geometry":{"type":"Point","coordinates":[-120.1788,37.1258]},"properties":{"Plant_Name":"Avenue 26 Solar","State":"California","PrimSource":"solar","Total_MW":7.6,"Utility_Na":"RPCA Solar 1, LLC","City":"Chowchilla"}},{"type":"Feature","geometry":{"type":"Point","coordinates":[-120.4575,37.125]},"properties":{"Plant_Name":"East Cleveland Road Solar","State":"California","PrimSource":"solar","Total_MW":3,"Utility_Na":"RPCA Solar 7, LLC","City":"El Nido"}},{"type":"Feature","geometry":{"type":"Point","coordinates":[-106.1946,46.8188]},"properties":{"Plant_Name":"Clearwater Wind III","State":"Montana","PrimSource":"wind","Total_MW":100,"Utility_Na":"Clearwater Wind III, LLC","City":"Miles City"}},{"type":"Feature","geometry":{"type":"Point","coordinates":[-106.7769,34.7816]},"properties":{"Plant_Name":"Sky Ranch Solar","State":"New Mexico","PrimSource":"solar","Total_MW":240,"Utility_Na":"Sky Ranch Solar and Storage","City":"Belen"}},{"type":"Feature","geometry":{"type":"Point","coordinates":[-121.0267,36.1815]},"properties":{"Plant_Name":"Blackjack Solar","State":"California","PrimSource":"solar","Total_MW":3.9,"Utility_Na":"South County Packing","City":"King City"}},{"type":"Feature","geometry":{"type":"Point","coordinates":[-117.4537,34.6091]},"properties":{"Plant_Name":"Baldy Mesa 2_Silver Peak Hybrid","State":"California","PrimSource":"solar","Total_MW":75,"Utility_Na":"AES Clean Energy","City":"Adelanto"}},{"type":"Feature","geometry":{"type":"Point","coordinates":[-108.0812,35.4077]},"properties":{"Plant_Name":"Escalante (NM)","State":"New Mexico","PrimSource":"solar","Total_MW":200,"Utility_Na":"OE_ESCL","City":"Grants"}},{"type":"Feature","geometry":{"type":"Point","coordinates":[-109.7013,31.5551]},"properties":{"Plant_Name":"SR McNeal","State":"Arizona","PrimSource":"solar","Total_MW":40,"Utility_Na":"SR McNeal, LLC","City":"McNeal"}},{"type":"Feature","geometry":{"type":"Point","coordinates":[-121.4921,42.0478]},"properties":{"Plant_Name":"Skysol","State":"Oregon","PrimSource":"solar","Total_MW":55,"Utility_Na":"Skysol Holdco LLC","City":"Merrill"}},{"type":"Feature","geometry":{"type":"Point","coordinates":[-107.5018,40.5131]},"properties":{"Plant_Name":"East Victory Way Solar","State":"Colorado","PrimSource":"solar","Total_MW":4,"Utility_Na":"East Victory Way Solar LLC","City":"Craig"}},{"type":"Feature","geometry":{"type":"Point","coordinates":[-117.3567,35.0325]},"properties":{"Plant_Name":"Lockhart ESS, LLC","State":"California","PrimSource":"batteries","Total_MW":45,"Utility_Na":"Terra-Gen Operating Co-Solar","City":"Hinkley"}},{"type":"Feature","geometry":{"type":"Point","coordinates":[-118.2628,35.0477]},"properties":{"Plant_Name":"Sagebrush Solar 2 ESS 40","State":"California","PrimSource":"batteries","Total_MW":40,"Utility_Na":"Terra-Gen Operating Co-BESS 2","City":"Mojave"}},{"type":"Feature","geometry":{"type":"Point","coordinates":[-118.2628,35.0477]},"properties":{"Plant_Name":"Sagebrush Solar 2 ESS 59","State":"California","PrimSource":"batteries","Total_MW":59,"Utility_Na":"Terra-Gen Operating Co-BESS 2","City":"Mojave"}},{"type":"Feature","geometry":{"type":"Point","coordinates":[-120.3757,36.6037]},"properties":{"Plant_Name":"Scarlet II Hybrid","State":"California","PrimSource":"solar","Total_MW":350,"Utility_Na":"EDPR Scarlet II LLC","City":"Cantua Creek"}},{"type":"Feature","geometry":{"type":"Point","coordinates":[-115.9724,36.2748]},"properties":{"Plant_Name":"MDU / NVSS-II","State":"Nevada","PrimSource":"solar","Total_MW":13.5,"Utility_Na":"Greenbacker Renewable Energy Corporation","City":"Pahrump"}},{"type":"Feature","geometry":{"type":"Point","coordinates":[-119.1812,35.049]},"properties":{"Plant_Name":"Cawelo Water District Solar","State":"California","PrimSource":"solar","Total_MW":2.5,"Utility_Na":"Scooby Solar, LLC","City":"Famoso"}},{"type":"Feature","geometry":{"type":"Point","coordinates":[-119.1492,35.2581]},"properties":{"Plant_Name":"Sunny Cow Solar, LLC","State":"California","PrimSource":"solar","Total_MW":2,"Utility_Na":"Sunny Cow Solar, LLC","City":"Bakersfield"}},{"type":"Feature","geometry":{"type":"Point","coordinates":[-106.8605,35.1891]},"properties":{"Plant_Name":"Atrisco Solar LLC","State":"New Mexico","PrimSource":"solar","Total_MW":300,"Utility_Na":"Atrisco Solar LLC","City":"Rio Rancho"}},{"type":"Feature","geometry":{"type":"Point","coordinates":[-104.9954,41.0547]},"properties":{"Plant_Name":"Roundhouse Renewable Energy II","State":"Wyoming","PrimSource":"wind","Total_MW":105.7,"Utility_Na":"Roundhouse Renewable Energy II, LLC","City":"Granite"}},{"type":"Feature","geometry":{"type":"Point","coordinates":[-119.3467,36.4723]},"properties":{"Plant_Name":"Elkhorn Dairy","State":"California","PrimSource":"solar","Total_MW":0.9,"Utility_Na":"Bravo REC Management LLC","City":"Visalia"}},{"type":"Feature","geometry":{"type":"Point","coordinates":[-121.5369,37.7392]},"properties":{"Plant_Name":"IPC 25 Solar","State":"California","PrimSource":"solar","Total_MW":2.4,"Utility_Na":"Prologis Logistics Services Incorporated","City":"Tracy"}},{"type":"Feature","geometry":{"type":"Point","coordinates":[-119.3943,35.9728]},"properties":{"Plant_Name":"Case Vander Eyk, Jr Dairy Solar","State":"California","PrimSource":"solar","Total_MW":1.1,"Utility_Na":"Bravo REC Management LLC","City":"Pixley"}},{"type":"Feature","geometry":{"type":"Point","coordinates":[-115.7913,36.0755]},"properties":{"Plant_Name":"Yellow Pine II","State":"Nevada","PrimSource":"solar","Total_MW":210,"Utility_Na":"Yellow Pine Solar II, LLC","City":"Enterprise"}},{"type":"Feature","geometry":{"type":"Point","coordinates":[-121.1352,37.3741]},"properties":{"Plant_Name":"Paulsell","State":"California","PrimSource":"solar","Total_MW":35,"Utility_Na":"Crow Creek Solar, LLC","City":"Crows Landing"}},{"type":"Feature","geometry":{"type":"Point","coordinates":[-118.2756,35.0442]},"properties":{"Plant_Name":"Mojave 16/17/18 BESS","State":"California","PrimSource":"batteries","Total_MW":70.6,"Utility_Na":"Terra-Gen Operating Co-BESS 2","City":"Mojave"}},{"type":"Feature","geometry":{"type":"Point","coordinates":[-104.776,41.0272]},"properties":{"Plant_Name":"South Cheyenne Solar","State":"Wyoming","PrimSource":"solar","Total_MW":150,"Utility_Na":"Southern Power Co","City":"South Greeley"}},{"type":"Feature","geometry":{"type":"Point","coordinates":[-102.3933,37.2144]},"properties":{"Plant_Name":"Springfield Wind","State":"Colorado","PrimSource":"wind","Total_MW":1.5,"Utility_Na":"Arkansas River Power Authority","City":"Springfield"}},{"type":"Feature","geometry":{"type":"Point","coordinates":[-116.9335,32.5662]},"properties":{"Plant_Name":"Amazon SAN3 Solar Project","State":"California","PrimSource":"solar","Total_MW":7,"Utility_Na":"Solar Star Prime 4 LLC","City":"San Diego"}},{"type":"Feature","geometry":{"type":"Point","coordinates":[-110.803,34.6821]},"properties":{"Plant_Name":"Chevelon Butte Phase 2","State":"Arizona","PrimSource":"wind","Total_MW":216,"Utility_Na":"AES Clean Energy","City":"Winslow"}},{"type":"Feature","geometry":{"type":"Point","coordinates":[-114.5484,34.9933]},"properties":{"Plant_Name":"Mohave Energy - Hybrid","State":"Arizona","PrimSource":"solar","Total_MW":32.6,"Utility_Na":"Mohave Energy","City":"Fort Mohave"}},{"type":"Feature","geometry":{"type":"Point","coordinates":[-121.9224,36.9875]},"properties":{"Plant_Name":"Cabrillo College","State":"California","PrimSource":"solar","Total_MW":2.4,"Utility_Na":"Forefront Power, LLC","City":"Aptos"}},{"type":"Feature","geometry":{"type":"Point","coordinates":[-114.6101,42.193]},"properties":{"Plant_Name":"Franklin Battery Storage","State":"Idaho","PrimSource":"batteries","Total_MW":60,"Utility_Na":"Idaho Power Co","City":"Twin Falls"}},{"type":"Feature","geometry":{"type":"Point","coordinates":[-114.6099,42.2042]},"properties":{"Plant_Name":"Franklin Solar Hybrid","State":"Idaho","PrimSource":"solar","Total_MW":100,"Utility_Na":"Franklin Solar Idaho","City":"Twin Falls"}},{"type":"Feature","geometry":{"type":"Point","coordinates":[-106.3473,43.1461]},"properties":{"Plant_Name":"Anticline Wind","State":"Wyoming","PrimSource":"wind","Total_MW":124.3,"Utility_Na":"Anticline Wind, LLC","City":"Casper"}},{"type":"Feature","geometry":{"type":"Point","coordinates":[-104.6643,39.8467]},"properties":{"Plant_Name":"DIA 9","State":"Colorado","PrimSource":"solar","Total_MW":9.8,"Utility_Na":"Greenbacker Renewable Energy Corporation","City":"Denver"}},{"type":"Feature","geometry":{"type":"Point","coordinates":[-112.1796,41.7307]},"properties":{"Plant_Name":"SF Auto T1","State":"Utah","PrimSource":"solar","Total_MW":3.1,"Utility_Na":"Autoliv ASP, Inc.","City":"Tremonton"}},{"type":"Feature","geometry":{"type":"Point","coordinates":[-116.6769,33.9461]},"properties":{"Plant_Name":"Mesa Wind Repower","State":"California","PrimSource":"wind","Total_MW":30,"Utility_Na":"Mesa Wind Repower","City":"Whitewater"}},{"type":"Feature","geometry":{"type":"Point","coordinates":[-120.2395,46.5292]},"properties":{"Plant_Name":"Goose Prairie Solar","State":"Washington","PrimSource":"solar","Total_MW":80,"Utility_Na":"Goose Prairie Solar LLC","City":"Moxee"}},{"type":"Feature","geometry":{"type":"Point","coordinates":[-112.8119,33.3317]},"properties":{"Plant_Name":"Sun Streams 3","State":"Arizona","PrimSource":"solar","Total_MW":430,"Utility_Na":"Sun Streams PVS, LLC","City":"Arlington"}},{"type":"Feature","geometry":{"type":"Point","coordinates":[-105.7115,43.1008]},"properties":{"Plant_Name":"Cedar Springs Wind IV","State":"Wyoming","PrimSource":"wind","Total_MW":390.4,"Utility_Na":"Cedar Springs Wind IV, LLC","City":"Douglas"}},{"type":"Feature","geometry":{"type":"Point","coordinates":[-104.608,40.1974]},"properties":{"Plant_Name":"Rattlesnake Ridge Battery Storage","State":"Colorado","PrimSource":"batteries","Total_MW":11.8,"Utility_Na":"United Power, Inc","City":"Hudson"}},{"type":"Feature","geometry":{"type":"Point","coordinates":[-105.0104,39.9857]},"properties":{"Plant_Name":"Parkway Battery Storage","State":"Colorado","PrimSource":"batteries","Total_MW":7.8,"Utility_Na":"United Power, Inc","City":"Broomfield"}},{"type":"Feature","geometry":{"type":"Point","coordinates":[-104.9845,40.1046]},"properties":{"Plant_Name":"Frederick Battery Storage","State":"Colorado","PrimSource":"batteries","Total_MW":7.8,"Utility_Na":"United Power, Inc","City":"Frederick"}},{"type":"Feature","geometry":{"type":"Point","coordinates":[-104.9422,40.2194]},"properties":{"Plant_Name":"Mead Battery Storage","State":"Colorado","PrimSource":"batteries","Total_MW":7.8,"Utility_Na":"United Power, Inc","City":"Longmont"}},{"type":"Feature","geometry":{"type":"Point","coordinates":[-104.7451,40.1444]},"properties":{"Plant_Name":"Davis Battery Storage","State":"Colorado","PrimSource":"batteries","Total_MW":11.8,"Utility_Na":"United Power, Inc","City":"Fort Lupton"}},{"type":"Feature","geometry":{"type":"Point","coordinates":[-104.7687,39.9788]},"properties":{"Plant_Name":"Bromley Battery Storage","State":"Colorado","PrimSource":"batteries","Total_MW":11.8,"Utility_Na":"United Power, Inc","City":"Brighton"}},{"type":"Feature","geometry":{"type":"Point","coordinates":[-104.5487,40.1462]},"properties":{"Plant_Name":"Keenesburg Battery Storage","State":"Colorado","PrimSource":"batteries","Total_MW":11.8,"Utility_Na":"United Power, Inc","City":"Keenesburg"}},{"type":"Feature","geometry":{"type":"Point","coordinates":[-104.8451,39.9883]},"properties":{"Plant_Name":"Platte Valley Battery Storage","State":"Colorado","PrimSource":"batteries","Total_MW":7.8,"Utility_Na":"United Power, Inc","City":"Longmont"}},{"type":"Feature","geometry":{"type":"Point","coordinates":[-104.8914,40.318]},"properties":{"Plant_Name":"Dove Solar CSG","State":"Colorado","PrimSource":"solar","Total_MW":5,"Utility_Na":"SunShare Management","City":"Johnstown"}},{"type":"Feature","geometry":{"type":"Point","coordinates":[-104.7714,40.3117]},"properties":{"Plant_Name":"Lark Bunting Solar CSG","State":"Colorado","PrimSource":"solar","Total_MW":5,"Utility_Na":"SunShare Management","City":"Platteville"}},{"type":"Feature","geometry":{"type":"Point","coordinates":[-104.6514,40.4711]},"properties":{"Plant_Name":"BecLee Solar CSG","State":"Colorado","PrimSource":"solar","Total_MW":5,"Utility_Na":"SunShare Management","City":"Greely"}},{"type":"Feature","geometry":{"type":"Point","coordinates":[-118.8983,35.0009]},"properties":{"Plant_Name":"Tejon Castac Water District Solar","State":"California","PrimSource":"solar","Total_MW":1.3,"Utility_Na":"CTMW Solar, LLC","City":"Arvin"}},{"type":"Feature","geometry":{"type":"Point","coordinates":[-120.9685,37.7103]},"properties":{"Plant_Name":"ERock MID Claribel Generation Station","State":"California","PrimSource":"natural gas","Total_MW":48,"Utility_Na":"Enchanted Rock","City":"Modesto"}},{"type":"Feature","geometry":{"type":"Point","coordinates":[-104.619,38.1695]},"properties":{"Plant_Name":"CSWIND America Inc.","State":"Colorado","PrimSource":"solar","Total_MW":11.3,"Utility_Na":"CS Wind America, Inc.","City":"Pueblo"}},{"type":"Feature","geometry":{"type":"Point","coordinates":[-119.426,36.3627]},"properties":{"Plant_Name":"Double J Dairy Array","State":"California","PrimSource":"solar","Total_MW":4,"Utility_Na":"Bravo REC Management LLC","City":"Visalia"}},{"type":"Feature","geometry":{"type":"Point","coordinates":[-114.646,42.75]},"properties":{"Plant_Name":"West Point RNG","State":"Idaho","PrimSource":"biomass","Total_MW":3.2,"Utility_Na":"Camco International Group, Inc.","City":"Wendell"}},{"type":"Feature","geometry":{"type":"Point","coordinates":[-104.7695,39.7274]},"properties":{"Plant_Name":"Pivot Solar 9","State":"Colorado","PrimSource":"solar","Total_MW":1.7,"Utility_Na":"Nautilus Solar Solutions","City":"Aurora"}},{"type":"Feature","geometry":{"type":"Point","coordinates":[-104.7706,39.7288]},"properties":{"Plant_Name":"Pivot Solar 10","State":"Colorado","PrimSource":"solar","Total_MW":1.7,"Utility_Na":"Nautilus Solar Solutions","City":"Aurora"}},{"type":"Feature","geometry":{"type":"Point","coordinates":[-112.9946,38.3881]},"properties":{"Plant_Name":"Smithfield 1","State":"Utah","PrimSource":"solar","Total_MW":5,"Utility_Na":"Greenbacker Renewable Energy Corporation","City":"Milford"}},{"type":"Feature","geometry":{"type":"Point","coordinates":[-121.9394,37.487]},"properties":{"Plant_Name":"Life Technologies - Fremont","State":"California","PrimSource":"natural gas","Total_MW":1.3,"Utility_Na":"Bloom Energy","City":"Fremont"}},{"type":"Feature","geometry":{"type":"Point","coordinates":[-118.2957,34.0994]},"properties":{"Plant_Name":"Kaiser - LA","State":"California","PrimSource":"natural gas","Total_MW":4.5,"Utility_Na":"Bloom Energy","City":"Los Angeles"}},{"type":"Feature","geometry":{"type":"Point","coordinates":[-113.1054,38.2245]},"properties":{"Plant_Name":"Smithfield 3","State":"Utah","PrimSource":"solar","Total_MW":2,"Utility_Na":"Greenbacker Renewable Energy Corporation","City":"Milford"}},{"type":"Feature","geometry":{"type":"Point","coordinates":[-118.5903,34.1731]},"properties":{"Plant_Name":"Kaiser - Woodland Hills","State":"California","PrimSource":"natural gas","Total_MW":3.1,"Utility_Na":"Bloom Energy","City":"Woodland Hills"}},{"type":"Feature","geometry":{"type":"Point","coordinates":[-107.2776,36.3167]},"properties":{"Plant_Name":"Jicarilla Solar 1 LLC","State":"New Mexico","PrimSource":"solar","Total_MW":70,"Utility_Na":"Repsol Renewables NA","City":"Dulce"}},{"type":"Feature","geometry":{"type":"Point","coordinates":[-108.6149,37.3783]},"properties":{"Plant_Name":"Cortez Solar 2, LLC","State":"Colorado","PrimSource":"solar","Total_MW":5,"Utility_Na":"Greenbacker Renewable Energy Corporation","City":"Cortez"}},{"type":"Feature","geometry":{"type":"Point","coordinates":[-106.0021,46.7896]},"properties":{"Plant_Name":"Clearwater Wind East","State":"Montana","PrimSource":"wind","Total_MW":207.9,"Utility_Na":"Clearwater Wind East, LLC","City":"Miles City"}},{"type":"Feature","geometry":{"type":"Point","coordinates":[-106.1946,46.8188]},"properties":{"Plant_Name":"Clearwater Wind II","State":"Montana","PrimSource":"wind","Total_MW":102.8,"Utility_Na":"Clearwater Wind II, LLC","City":"Miles City"}},{"type":"Feature","geometry":{"type":"Point","coordinates":[-119.5857,36.6571]},"properties":{"Plant_Name":"POM Plant 1","State":"California","PrimSource":"solar","Total_MW":2.2,"Utility_Na":"Wonderful Renewable Energy, LLC.","City":"Del Rey"}},{"type":"Feature","geometry":{"type":"Point","coordinates":[-119.5922,36.6567]},"properties":{"Plant_Name":"POM Plant 2","State":"California","PrimSource":"solar","Total_MW":1.3,"Utility_Na":"Wonderful Renewable Energy, LLC.","City":"Del Rey"}},{"type":"Feature","geometry":{"type":"Point","coordinates":[-121.0178,38.0153]},"properties":{"Plant_Name":"North Central Valley","State":"California","PrimSource":"batteries","Total_MW":132,"Utility_Na":"North Central Valley Energy Storage, LLC","City":"Linden"}},{"type":"Feature","geometry":{"type":"Point","coordinates":[-117.383,33.668]},"properties":{"Plant_Name":"Lake Elsinore Canopies - Lakeside HS","State":"California","PrimSource":"solar","Total_MW":1,"Utility_Na":"Standard Solar","City":"Lake Elsinore"}},{"type":"Feature","geometry":{"type":"Point","coordinates":[-103.2035,40.6658]},"properties":{"Plant_Name":"CBEP Solar 1, LLC","State":"Colorado","PrimSource":"solar","Total_MW":5,"Utility_Na":"Green Street Power Partners","City":"Sterling"}},{"type":"Feature","geometry":{"type":"Point","coordinates":[-104.8362,40.3192]},"properties":{"Plant_Name":"CBEP Solar 4, LLC","State":"Colorado","PrimSource":"solar","Total_MW":4,"Utility_Na":"Green Street Power Partners","City":"Milliken"}},{"type":"Feature","geometry":{"type":"Point","coordinates":[-104.8817,40.3405]},"properties":{"Plant_Name":"CBEP Solar 5, LLC","State":"Colorado","PrimSource":"solar","Total_MW":5,"Utility_Na":"Green Street Power Partners","City":"Johnstown"}},{"type":"Feature","geometry":{"type":"Point","coordinates":[-122.0907,37.5896]},"properties":{"Plant_Name":"Union Sanitary District Cogen","State":"California","PrimSource":"biomass","Total_MW":1.8,"Utility_Na":"Union Sanitary District","City":"Union City"}},{"type":"Feature","geometry":{"type":"Point","coordinates":[-117.0063,32.8166]},"properties":{"Plant_Name":"Grossmont College","State":"California","PrimSource":"solar","Total_MW":2.6,"Utility_Na":"Forefront Power, LLC","City":"El Cajon"}},{"type":"Feature","geometry":{"type":"Point","coordinates":[-119.5182,36.2706]},"properties":{"Plant_Name":"Lone Oak","State":"California","PrimSource":"solar","Total_MW":2.9,"Utility_Na":"Bravo REC Management LLC","City":"Hanford"}},{"type":"Feature","geometry":{"type":"Point","coordinates":[-121.422,38.553]},"properties":{"Plant_Name":"CSU Sacramento I","State":"California","PrimSource":"solar","Total_MW":1.3,"Utility_Na":"BluePath Solar Sacramento I LLC","City":"Sacramento"}},{"type":"Feature","geometry":{"type":"Point","coordinates":[-117.8103,35.6558]},"properties":{"Plant_Name":"RB Inyokern Solar WDAT 1203 (CSG)","State":"California","PrimSource":"solar","Total_MW":19.9,"Utility_Na":"Dimension Energy LLC","City":"Ridgecrest"}},{"type":"Feature","geometry":{"type":"Point","coordinates":[-117.8103,35.6599]},"properties":{"Plant_Name":"RB Inyokern Solar WDAT 1281 (CSG)","State":"California","PrimSource":"solar","Total_MW":11.9,"Utility_Na":"Dimension Energy LLC","City":"Ridgecrest"}},{"type":"Feature","geometry":{"type":"Point","coordinates":[-118.1,33.7703]},"properties":{"Plant_Name":"AES ES Alamitos 2 LLC","State":"California","PrimSource":"batteries","Total_MW":82,"Utility_Na":"AES Clean Energy","City":"Long Beach"}},{"type":"Feature","geometry":{"type":"Point","coordinates":[-119.7636,36.4574]},"properties":{"Plant_Name":"Zonneveld Oak Grove","State":"California","PrimSource":"solar","Total_MW":1.5,"Utility_Na":"Renewable Solar, Inc","City":"Laton"}},{"type":"Feature","geometry":{"type":"Point","coordinates":[-119.5829,36.249]},"properties":{"Plant_Name":"River Ranch Dairy","State":"California","PrimSource":"solar","Total_MW":4,"Utility_Na":"Renewable Solar, Inc","City":"Hanford"}},{"type":"Feature","geometry":{"type":"Point","coordinates":[-107.9967,38.6634]},"properties":{"Plant_Name":"Ash Mesa Solar, LLC","State":"Colorado","PrimSource":"solar","Total_MW":7.8,"Utility_Na":"Ash Mesa Solar, LLC","City":"Olathe"}},{"type":"Feature","geometry":{"type":"Point","coordinates":[-111.5919,32.861]},"properties":{"Plant_Name":"Eleven Mile Solar Center","State":"Arizona","PrimSource":"solar","Total_MW":600,"Utility_Na":"Eleven Mile Solar Center, LLC","City":"Coolidge"}},{"type":"Feature","geometry":{"type":"Point","coordinates":[-117.0498,32.7036]},"properties":{"Plant_Name":"Paradise Energy Storage","State":"California","PrimSource":"batteries","Total_MW":10,"Utility_Na":"San Diego Gas & Electric Co","City":"San Diego"}},{"type":"Feature","geometry":{"type":"Point","coordinates":[-117.1832,32.8256]},"properties":{"Plant_Name":"Clairemont Energy Storage","State":"California","PrimSource":"batteries","Total_MW":10,"Utility_Na":"San Diego Gas & Electric Co","City":"San Diego"}},{"type":"Feature","geometry":{"type":"Point","coordinates":[-112.1817,41.886]},"properties":{"Plant_Name":"Steel Solar LLC","State":"Utah","PrimSource":"solar","Total_MW":80,"Utility_Na":"Steel Solar, LLC","City":"Plymouth"}},{"type":"Feature","geometry":{"type":"Point","coordinates":[-121.1628,37.4003]},"properties":{"Plant_Name":"Proxima","State":"California","PrimSource":"solar","Total_MW":352,"Utility_Na":"Proxima Solar, LLC","City":"Crows Landing"}},{"type":"Feature","geometry":{"type":"Point","coordinates":[-107.2348,39.4665]},"properties":{"Plant_Name":"Ameresco HCE Solar LLC","State":"Colorado","PrimSource":"batteries","Total_MW":10.3,"Utility_Na":"Ameresco HCE Solar LLC","City":"Glenwood Springs"}},{"type":"Feature","geometry":{"type":"Point","coordinates":[-117.0889,32.8164]},"properties":{"Plant_Name":"Elliott Energy Storage","State":"California","PrimSource":"batteries","Total_MW":10,"Utility_Na":"San Diego Gas & Electric Co","City":"San Diego"}},{"type":"Feature","geometry":{"type":"Point","coordinates":[-116.2734,32.6618]},"properties":{"Plant_Name":"Boulevard Energy Storage","State":"California","PrimSource":"batteries","Total_MW":10,"Utility_Na":"San Diego Gas & Electric Co","City":"Boulevard"}},{"type":"Feature","geometry":{"type":"Point","coordinates":[-117.1117,33.3577]},"properties":{"Plant_Name":"Pala Gomez Creek BESS","State":"California","PrimSource":"batteries","Total_MW":10,"Utility_Na":"San Diego Gas & Electric Co","City":"Pala"}},{"type":"Feature","geometry":{"type":"Point","coordinates":[-117.2528,33.2072]},"properties":{"Plant_Name":"Melrose BESS","State":"California","PrimSource":"batteries","Total_MW":20,"Utility_Na":"San Diego Gas & Electric Co","City":"San Diego"}},{"type":"Feature","geometry":{"type":"Point","coordinates":[-117.3324,34.0205]},"properties":{"Plant_Name":"Condor Energy Storage LLC","State":"California","PrimSource":"batteries","Total_MW":200,"Utility_Na":"Condor Energy Storage LLC","City":"Grand Terrance"}},{"type":"Feature","geometry":{"type":"Point","coordinates":[-106.854,35.3709]},"properties":{"Plant_Name":"NMRD Data Center III, LLC","State":"New Mexico","PrimSource":"solar","Total_MW":50,"Utility_Na":"Exus New Mexico","City":"Rio Ranchero"}},{"type":"Feature","geometry":{"type":"Point","coordinates":[-115.1813,42.9084]},"properties":{"Plant_Name":"Black Mesa BESS","State":"Idaho","PrimSource":"batteries","Total_MW":40,"Utility_Na":"Idaho Power Co","City":"King Hill"}},{"type":"Feature","geometry":{"type":"Point","coordinates":[-120.3205,36.836]},"properties":{"Plant_Name":"Wonderful Firebaugh","State":"California","PrimSource":"solar","Total_MW":5.4,"Utility_Na":"Wonderful Renewable Energy, LLC.","City":"Firebaugh"}},{"type":"Feature","geometry":{"type":"Point","coordinates":[-119.8685,35.769]},"properties":{"Plant_Name":"Wonderful Kings","State":"California","PrimSource":"solar","Total_MW":3.2,"Utility_Na":"Wonderful Renewable Energy, LLC.","City":"Lost Hills"}},{"type":"Feature","geometry":{"type":"Point","coordinates":[-111.8311,33.359]},"properties":{"Plant_Name":"Superstition Energy Storage","State":"Arizona","PrimSource":"batteries","Total_MW":90,"Utility_Na":"Superstition Energy Storage, LLC","City":"Gilbert"}},{"type":"Feature","geometry":{"type":"Point","coordinates":[-112.3138,33.4108]},"properties":{"Plant_Name":"Sierra Estrella Energy Storage","State":"Arizona","PrimSource":"batteries","Total_MW":250,"Utility_Na":"Sierra Estrella Energy Storage, LLC","City":"Tolleson"}},{"type":"Feature","geometry":{"type":"Point","coordinates":[-121.2497,44.4873]},"properties":{"Plant_Name":"Green Solar LLC (CSG)","State":"Oregon","PrimSource":"solar","Total_MW":2.9,"Utility_Na":"SolRiver Capital LLC","City":"Culver"}},{"type":"Feature","geometry":{"type":"Point","coordinates":[-123.0213,44.6298]},"properties":{"Plant_Name":"Marble Solar LLC (CSG)","State":"Oregon","PrimSource":"solar","Total_MW":2.9,"Utility_Na":"SolRiver Capital LLC","City":"Albany"}},{"type":"Feature","geometry":{"type":"Point","coordinates":[-123.4092,45.1019]},"properties":{"Plant_Name":"Sheridan Solar LLC (CSG)","State":"Oregon","PrimSource":"solar","Total_MW":3,"Utility_Na":"SolRiver Capital LLC","City":"Sheridan"}},{"type":"Feature","geometry":{"type":"Point","coordinates":[-123.0969,45.0282]},"properties":{"Plant_Name":"Wallace Solar LLC (CSG)","State":"Oregon","PrimSource":"solar","Total_MW":3,"Utility_Na":"SolRiver Capital LLC","City":"Salem"}},{"type":"Feature","geometry":{"type":"Point","coordinates":[-115.7751,36.0663]},"properties":{"Plant_Name":"Yellow Pine Solar","State":"Nevada","PrimSource":"solar","Total_MW":142.6,"Utility_Na":"Yellow Pine Solar, LLC","City":"Enterprise"}},{"type":"Feature","geometry":{"type":"Point","coordinates":[-122.2779,45.4186]},"properties":{"Plant_Name":"NSE Astoria - Skyward","State":"Oregon","PrimSource":"solar","Total_MW":2.5,"Utility_Na":"Standard Solar","City":"Boring"}},{"type":"Feature","geometry":{"type":"Point","coordinates":[-122.3427,45.3927]},"properties":{"Plant_Name":"Auburn Solar LLC (CSG)","State":"Oregon","PrimSource":"solar","Total_MW":2.9,"Utility_Na":"SolRiver Capital LLC","City":"Boring"}},{"type":"Feature","geometry":{"type":"Point","coordinates":[-119.8681,34.4324]},"properties":{"Plant_Name":"Goleta Energy Storage, LLC","State":"California","PrimSource":"batteries","Total_MW":60,"Utility_Na":"Goleta Energy Storage, LLC","City":"Goleta"}},{"type":"Feature","geometry":{"type":"Point","coordinates":[-118.2726,33.7191]},"properties":{"Plant_Name":"Alta Sea","State":"California","PrimSource":"solar","Total_MW":1.8,"Utility_Na":"Signal Street Operating, LLC","City":"San Pedro"}},{"type":"Feature","geometry":{"type":"Point","coordinates":[-109.4115,37.1208]},"properties":{"Plant_Name":"Red Mesa Solar Project","State":"Utah","PrimSource":"solar","Total_MW":72,"Utility_Na":"NTUA Generation - Utah, LLC","City":"Red Mesa"}},{"type":"Feature","geometry":{"type":"Point","coordinates":[-104.4476,33.4343]},"properties":{"Plant_Name":"Chaves County Solar II","State":"New Mexico","PrimSource":"solar","Total_MW":30,"Utility_Na":"Chaves County Solar II, LLC","City":"Roswell"}},{"type":"Feature","geometry":{"type":"Point","coordinates":[-114.5172,42.9623]},"properties":{"Plant_Name":"AJMS, LLC","State":"Idaho","PrimSource":"hydroelectric","Total_MW":1.2,"Utility_Na":"AJMS, LLC","City":"Shoshone"}},{"type":"Feature","geometry":{"type":"Point","coordinates":[-106.2853,32.0666]},"properties":{"Plant_Name":"Buena Vista Energy Center","State":"New Mexico","PrimSource":"solar","Total_MW":170,"Utility_Na":"Buena Vista Energy Center, LLC","City":"Chaparral"}},{"type":"Feature","geometry":{"type":"Point","coordinates":[-104.1616,32.0707]},"properties":{"Plant_Name":"Hayhurst New Mexico Solar","State":"New Mexico","PrimSource":"solar","Total_MW":20,"Utility_Na":"Hayhurst New Mexico Solar","City":"Malaga"}},{"type":"Feature","geometry":{"type":"Point","coordinates":[-111.6334,40.128]},"properties":{"Plant_Name":"Spanish Fork Community Solar","State":"Utah","PrimSource":"solar","Total_MW":4,"Utility_Na":"Utah Municipal Power Agency","City":"Spanish Fork"}},{"type":"Feature","geometry":{"type":"Point","coordinates":[-117.9886,33.8068]},"properties":{"Plant_Name":"Stanton Battery Energy Storage","State":"California","PrimSource":"batteries","Total_MW":68.8,"Utility_Na":"Wellhead Services, Inc","City":"Stanton"}},{"type":"Feature","geometry":{"type":"Point","coordinates":[-108.4231,39.0919]},"properties":{"Plant_Name":"USS Fruita Solar LLC CSG","State":"Colorado","PrimSource":"solar","Total_MW":2,"Utility_Na":"United States Solar Corporation","City":"Fruita"}},{"type":"Feature","geometry":{"type":"Point","coordinates":[-104.6102,40.4643]},"properties":{"Plant_Name":"USS Cogburn Solar LLC (CSG)","State":"Colorado","PrimSource":"solar","Total_MW":2.4,"Utility_Na":"United States Solar Corporation","City":"Greeley"}},{"type":"Feature","geometry":{"type":"Point","coordinates":[-122.0927,38.2352]},"properties":{"Plant_Name":"Anheuser Busch - Fairfield","State":"California","PrimSource":"natural gas","Total_MW":2.6,"Utility_Na":"Bloom Energy","City":"Fairfield"}},{"type":"Feature","geometry":{"type":"Point","coordinates":[-117.2062,34.0363]},"properties":{"Plant_Name":"Redlands Community Hospital","State":"California","PrimSource":"natural gas","Total_MW":1.1,"Utility_Na":"Bloom Energy","City":"Redlands"}},{"type":"Feature","geometry":{"type":"Point","coordinates":[-121.6237,36.6539]},"properties":{"Plant_Name":"Taylor Farms - Schilling Place","State":"California","PrimSource":"natural gas","Total_MW":1,"Utility_Na":"Bloom Energy","City":"Salinas"}},{"type":"Feature","geometry":{"type":"Point","coordinates":[-116.9876,33.9244]},"properties":{"Plant_Name":"Beaumont BESS","State":"California","PrimSource":"batteries","Total_MW":100,"Utility_Na":"Terra-Gen Operating Co-BESS 2","City":"Beaumont"}},{"type":"Feature","geometry":{"type":"Point","coordinates":[-118.45,34.41]},"properties":{"Plant_Name":"Placerita ESS","State":"California","PrimSource":"batteries","Total_MW":80,"Utility_Na":"Terra-Gen Operating Co-BESS 2","City":"Santa Clarita"}},{"type":"Feature","geometry":{"type":"Point","coordinates":[-115.3887,32.8134]},"properties":{"Plant_Name":"Holtville","State":"California","PrimSource":"batteries","Total_MW":30,"Utility_Na":"Greenbacker Renewable Energy Corporation","City":"Holtville"}},{"type":"Feature","geometry":{"type":"Point","coordinates":[-122.7815,45.3417]},"properties":{"Plant_Name":"Coffee Creek BESS","State":"Oregon","PrimSource":"batteries","Total_MW":17,"Utility_Na":"Portland General Electric Co","City":"Sherwood"}},{"type":"Feature","geometry":{"type":"Point","coordinates":[-122.9437,45.559]},"properties":{"Plant_Name":"Constable BESS","State":"Oregon","PrimSource":"batteries","Total_MW":75,"Utility_Na":"Portland General Electric Co","City":"Hillsboro"}},{"type":"Feature","geometry":{"type":"Point","coordinates":[-121.956,37.7598]},"properties":{"Plant_Name":"Bishop Ranch BR 1-X","State":"California","PrimSource":"solar","Total_MW":1.4,"Utility_Na":"Bollinger Canyon Road BR 1-X Solar Project 2020","City":"San Ramon"}},{"type":"Feature","geometry":{"type":"Point","coordinates":[-119.311,35.5281]},"properties":{"Plant_Name":"Highway 43 1887-WD","State":"California","PrimSource":"solar","Total_MW":2.3,"Utility_Na":"Standard Solar","City":"Shafter"}},{"type":"Feature","geometry":{"type":"Point","coordinates":[-119.3258,35.6087]},"properties":{"Plant_Name":"Nachtigall 1836-WD","State":"California","PrimSource":"solar","Total_MW":4.6,"Utility_Na":"Standard Solar","City":"Wasco"}},{"type":"Feature","geometry":{"type":"Point","coordinates":[-119.3288,35.6078]},"properties":{"Plant_Name":"Terry 1818-WD","State":"California","PrimSource":"solar","Total_MW":4.6,"Utility_Na":"Standard Solar","City":"Wasco"}},{"type":"Feature","geometry":{"type":"Point","coordinates":[-118.9089,35.2207]},"properties":{"Plant_Name":"Kern Sunset 1886-WD","State":"California","PrimSource":"solar","Total_MW":2.4,"Utility_Na":"Standard Solar","City":"Bakersfield"}},{"type":"Feature","geometry":{"type":"Point","coordinates":[-108.7608,45.6599]},"properties":{"Plant_Name":"Yellowstone County Generating Station","State":"Montana","PrimSource":"natural gas","Total_MW":165.6,"Utility_Na":"NorthWestern Energy (MT wind/thermal)","City":"Laurel"}},{"type":"Feature","geometry":{"type":"Point","coordinates":[-120.0305,36.4605]},"properties":{"Plant_Name":"Open Sky Ranch Inc","State":"California","PrimSource":"solar","Total_MW":1.7,"Utility_Na":"Bravo REC Management LLC","City":"Riverdale"}},{"type":"Feature","geometry":{"type":"Point","coordinates":[-120.629,37.274]},"properties":{"Plant_Name":"City of Atwater NEM","State":"California","PrimSource":"solar","Total_MW":1.5,"Utility_Na":"SoCore Energy LLC","City":"Atwater"}},{"type":"Feature","geometry":{"type":"Point","coordinates":[-111.4905,32.9258]},"properties":{"Plant_Name":"Brittlebush Solar","State":"Arizona","PrimSource":"solar","Total_MW":200,"Utility_Na":"Randolph Solar Park LLC","City":"Coolidge"}},{"type":"Feature","geometry":{"type":"Point","coordinates":[-119.5002,36.2991]},"properties":{"Plant_Name":"Dixie Creek Dairy Solar","State":"California","PrimSource":"solar","Total_MW":2.9,"Utility_Na":"Bravo REC Management LLC","City":"Hanford"}},{"type":"Feature","geometry":{"type":"Point","coordinates":[-110.9139,32.125]},"properties":{"Plant_Name":"TJX Tucson","State":"Arizona","PrimSource":"solar","Total_MW":1,"Utility_Na":"SoCore Energy LLC","City":"Tucson"}},{"type":"Feature","geometry":{"type":"Point","coordinates":[-112.1781,33.4185]},"properties":{"Plant_Name":"TJX Phoenix","State":"Arizona","PrimSource":"solar","Total_MW":2.9,"Utility_Na":"SoCore Energy LLC","City":"Phoenix"}},{"type":"Feature","geometry":{"type":"Point","coordinates":[-115.0816,36.251]},"properties":{"Plant_Name":"TJX Las Vegas","State":"Nevada","PrimSource":"solar","Total_MW":1,"Utility_Na":"SoCore Energy LLC","City":"North Las Vegas"}},{"type":"Feature","geometry":{"type":"Point","coordinates":[-120.308,36.99]},"properties":{"Plant_Name":"Costa View Farms","State":"California","PrimSource":"solar","Total_MW":5,"Utility_Na":"127 CVF, LLC","City":"Madera"}},{"type":"Feature","geometry":{"type":"Point","coordinates":[-121.949,37.4896]},"properties":{"Plant_Name":"Delta Electronics Fremont","State":"California","PrimSource":"solar","Total_MW":1,"Utility_Na":"Delta Electronics (Americas) Ltd","City":"Fremont"}},{"type":"Feature","geometry":{"type":"Point","coordinates":[-112.3242,33.7131]},"properties":{"Plant_Name":"Westwing","State":"Arizona","PrimSource":"batteries","Total_MW":82,"Utility_Na":"AES Clean Energy","City":"Peoria"}},{"type":"Feature","geometry":{"type":"Point","coordinates":[-119.4477,36.1228]},"properties":{"Plant_Name":"TWC","State":"California","PrimSource":"solar","Total_MW":1.2,"Utility_Na":"Bravo REC Management LLC","City":"Tulare"}},{"type":"Feature","geometry":{"type":"Point","coordinates":[-120.6359,35.6794]},"properties":{"Plant_Name":"Paso Robles - Municipal Airport","State":"California","PrimSource":"solar","Total_MW":3,"Utility_Na":"Onyx Asset Services Group","City":"Paso Robles"}},{"type":"Feature","geometry":{"type":"Point","coordinates":[-120.2293,36.2532]},"properties":{"Plant_Name":"Harris Farms Solar Facility","State":"California","PrimSource":"solar","Total_MW":1.3,"Utility_Na":"Harris Farms Inc","City":"Coalinga"}},{"type":"Feature","geometry":{"type":"Point","coordinates":[-122.4201,45.5598]},"properties":{"Plant_Name":"Sundial (Troutdale) BESS","State":"Oregon","PrimSource":"batteries","Total_MW":200,"Utility_Na":"Troutdale Grid, LLC","City":"Troutdale"}},{"type":"Feature","geometry":{"type":"Point","coordinates":[-119.973,35.6582]},"properties":{"Plant_Name":"Wonderful Orchards - West Valley","State":"California","PrimSource":"solar","Total_MW":3,"Utility_Na":"Wonderful Renewable Energy, LLC.","City":"Blackwells Corner"}},{"type":"Feature","geometry":{"type":"Point","coordinates":[-106.2013,41.6283]},"properties":{"Plant_Name":"Foote Creek Rim","State":"Wyoming","PrimSource":"wind","Total_MW":134.8,"Utility_Na":"PacifiCorp","City":"McFadden"}},{"type":"Feature","geometry":{"type":"Point","coordinates":[-118.9088,34.9881]},"properties":{"Plant_Name":"Blue Skies Solar, LLC","State":"California","PrimSource":"solar","Total_MW":1,"Utility_Na":"Blue Skies Solar, LLC","City":"Arvin"}},{"type":"Feature","geometry":{"type":"Point","coordinates":[-119.6819,36.8171]},"properties":{"Plant_Name":"Clovis High School","State":"California","PrimSource":"solar","Total_MW":1,"Utility_Na":"Tesla Inc.","City":"Clovis"}},{"type":"Feature","geometry":{"type":"Point","coordinates":[-119.6406,36.7997]},"properties":{"Plant_Name":"Clovis East High School","State":"California","PrimSource":"solar","Total_MW":1,"Utility_Na":"Tesla Inc.","City":"Clovis"}},{"type":"Feature","geometry":{"type":"Point","coordinates":[-119.7367,36.8901]},"properties":{"Plant_Name":"Clovis North High School","State":"California","PrimSource":"solar","Total_MW":1,"Utility_Na":"Tesla Inc.","City":"Fresno"}},{"type":"Feature","geometry":{"type":"Point","coordinates":[-117.2303,34.1512]},"properties":{"Plant_Name":"San Manuel Central Plant Cogens","State":"California","PrimSource":"natural gas","Total_MW":5,"Utility_Na":"San Manuel Mission Band of Indians","City":"Highland"}},{"type":"Feature","geometry":{"type":"Point","coordinates":[-117.5211,34.0267]},"properties":{"Plant_Name":"CA Jurupa Valley 3251 De Forest Circle","State":"California","PrimSource":"solar","Total_MW":4.5,"Utility_Na":"Catalyze Mira Loma 3251 De Forest Circle Microgrid LLC","City":"Jurupa Valley"}},{"type":"Feature","geometry":{"type":"Point","coordinates":[-120.6352,37.0543]},"properties":{"Plant_Name":"Henry Miller RD","State":"California","PrimSource":"solar","Total_MW":1.5,"Utility_Na":"Henry Miller Reclamation District","City":"Dos Palos"}},{"type":"Feature","geometry":{"type":"Point","coordinates":[-117.1698,33.739]},"properties":{"Plant_Name":"Menifee Power Bank","State":"California","PrimSource":"batteries","Total_MW":620,"Utility_Na":"Nova Power, LLC","City":"Menifee"}},{"type":"Feature","geometry":{"type":"Point","coordinates":[-117.0177,33.2272]},"properties":{"Plant_Name":"Valley Center 85","State":"California","PrimSource":"batteries","Total_MW":85,"Utility_Na":"Terra-Gen Operating Co-BESS 2","City":"Valley Center"}},{"type":"Feature","geometry":{"type":"Point","coordinates":[-117.0177,33.2272]},"properties":{"Plant_Name":"Valley Center 54","State":"California","PrimSource":"batteries","Total_MW":54,"Utility_Na":"Terra-Gen Operating Co-BESS 2","City":"Valley Center"}},{"type":"Feature","geometry":{"type":"Point","coordinates":[-117.0507,32.5945]},"properties":{"Plant_Name":"EnerSmart Chula Vista Sub Station","State":"California","PrimSource":"batteries","Total_MW":6,"Utility_Na":"EnerSmart Chula Vista Sub Station","City":"Chula Vista"}},{"type":"Feature","geometry":{"type":"Point","coordinates":[-120.7194,37.361]},"properties":{"Plant_Name":"West Tambo Clean Power II","State":"California","PrimSource":"solar","Total_MW":2,"Utility_Na":"West Tambo Clean Power II","City":"Livingston"}},{"type":"Feature","geometry":{"type":"Point","coordinates":[-121.1945,37.7887]},"properties":{"Plant_Name":"CA Manteca 730 Spreckels Ave","State":"California","PrimSource":"solar","Total_MW":3,"Utility_Na":"Catalyze Manteca 730 Spreckels Avenue Microgrid LLC","City":"Manteca"}},{"type":"Feature","geometry":{"type":"Point","coordinates":[-118.0509,33.7841]},"properties":{"Plant_Name":"BCE Los Alamitos 2","State":"California","PrimSource":"solar","Total_MW":20,"Utility_Na":"Bright Canyon Energy","City":"Los Alamitos"}},{"type":"Feature","geometry":{"type":"Point","coordinates":[-118.0639,33.7899]},"properties":{"Plant_Name":"BCE Los Alamitos 1","State":"California","PrimSource":"solar","Total_MW":20,"Utility_Na":"Bright Canyon Energy","City":"Los Alamitos"}},{"type":"Feature","geometry":{"type":"Point","coordinates":[-115.1815,42.9074]},"properties":{"Plant_Name":"Black Mesa Solar, LLC","State":"Idaho","PrimSource":"solar","Total_MW":40,"Utility_Na":"Black Mesa Solar, LLC","City":"King Hill"}},{"type":"Feature","geometry":{"type":"Point","coordinates":[-108.3514,36.8425]},"properties":{"Plant_Name":"San Juan Solar I","State":"New Mexico","PrimSource":"solar","Total_MW":300,"Utility_Na":"San Juan Solar I, LLC","City":"Kirtland"}},{"type":"Feature","geometry":{"type":"Point","coordinates":[-115.7939,33.8095]},"properties":{"Plant_Name":"Sunlight Storage II","State":"California","PrimSource":"batteries","Total_MW":230,"Utility_Na":"Sunlight Storage II","City":"Desert Center"}},{"type":"Feature","geometry":{"type":"Point","coordinates":[-117.4543,34.6092]},"properties":{"Plant_Name":"Baldy Mesa Solar & Storage","State":"California","PrimSource":"solar","Total_MW":225,"Utility_Na":"AES Clean Energy","City":"Adelanto"}},{"type":"Feature","geometry":{"type":"Point","coordinates":[-119.1297,34.2125]},"properties":{"Plant_Name":"IGS OXR1","State":"California","PrimSource":"solar","Total_MW":4.8,"Utility_Na":"Greenbacker Renewable Energy Corporation","City":"Oxnard"}},{"type":"Feature","geometry":{"type":"Point","coordinates":[-118.2321,33.9559]},"properties":{"Plant_Name":"Cald BESS","State":"California","PrimSource":"batteries","Total_MW":100,"Utility_Na":"Cald BESS LLC","City":"Los Angeles"}},{"type":"Feature","geometry":{"type":"Point","coordinates":[-119.0659,35.0951]},"properties":{"Plant_Name":"Lakeview Battery Storage Facility","State":"California","PrimSource":"batteries","Total_MW":1.2,"Utility_Na":"AFTW Storage, LLC","City":"Bakersfield"}},{"type":"Feature","geometry":{"type":"Point","coordinates":[-117.5448,35.0066]},"properties":{"Plant_Name":"Resurgence Solar II","State":"California","PrimSource":"solar","Total_MW":88,"Utility_Na":"Resurgence Solar II","City":"Boron"}},{"type":"Feature","geometry":{"type":"Point","coordinates":[-117.5872,34.0878]},"properties":{"Plant_Name":"9150 Hermosa Solar GM","State":"California","PrimSource":"solar","Total_MW":1.3,"Utility_Na":"Valta Energy","City":"Rancho Cucamonga"}},{"type":"Feature","geometry":{"type":"Point","coordinates":[-112.5424,33.2488]},"properties":{"Plant_Name":"Sonoran Solar Energy","State":"Arizona","PrimSource":"solar","Total_MW":520,"Utility_Na":"Sonoran Solar Energy, LLC","City":"Buckeye"}},{"type":"Feature","geometry":{"type":"Point","coordinates":[-113.4905,32.9513]},"properties":{"Plant_Name":"McFarland A Solar and Storage","State":"Arizona","PrimSource":"solar","Total_MW":300,"Utility_Na":"AES Clean Energy","City":"Dateland"}},{"type":"Feature","geometry":{"type":"Point","coordinates":[-113.476,32.9575]},"properties":{"Plant_Name":"McFarland B Solar and Storage","State":"Arizona","PrimSource":"solar","Total_MW":450,"Utility_Na":"AES Clean Energy","City":"Dateland"}},{"type":"Feature","geometry":{"type":"Point","coordinates":[-121.2997,38.1477]},"properties":{"Plant_Name":"Enchanted Rock Lodi","State":"California","PrimSource":"natural gas","Total_MW":48,"Utility_Na":"Enchanted Rock","City":"Lodi"}},{"type":"Feature","geometry":{"type":"Point","coordinates":[-112.8397,33.3239]},"properties":{"Plant_Name":"Agave","State":"Arizona","PrimSource":"solar","Total_MW":150,"Utility_Na":"Arizona Public Service Co","City":"Arlington"}},{"type":"Feature","geometry":{"type":"Point","coordinates":[-118.1412,33.8152]},"properties":{"Plant_Name":"City of Long Beach Airport Lot A & B","State":"California","PrimSource":"solar","Total_MW":1.2,"Utility_Na":"Solar DG CA Long Beach, LLC","City":"Long Beach"}},{"type":"Feature","geometry":{"type":"Point","coordinates":[-121.4459,36.8572]},"properties":{"Plant_Name":"Hollister Wastewater Facility","State":"California","PrimSource":"solar","Total_MW":1,"Utility_Na":"Perpetual Energy Systems","City":"Hollister"}},{"type":"Feature","geometry":{"type":"Point","coordinates":[-119.8214,36.3002]},"properties":{"Plant_Name":"Lemoore West","State":"California","PrimSource":"solar","Total_MW":7.9,"Utility_Na":"Leprino Foods","City":"Lemoore"}},{"type":"Feature","geometry":{"type":"Point","coordinates":[-120.104,36.926]},"properties":{"Plant_Name":"KDC Solar Madera LLC","State":"California","PrimSource":"solar","Total_MW":10,"Utility_Na":"Valta Energy","City":"Madera"}},{"type":"Feature","geometry":{"type":"Point","coordinates":[-104.6454,40.135]},"properties":{"Plant_Name":"Overland","State":"Colorado","PrimSource":"solar","Total_MW":11,"Utility_Na":"Greenbacker Renewable Energy Corporation","City":"Hudson"}},{"type":"Feature","geometry":{"type":"Point","coordinates":[-104.7943,39.9303]},"properties":{"Plant_Name":"Prairie Center Energy LLC","State":"Colorado","PrimSource":"batteries","Total_MW":33.7,"Utility_Na":"Whetstone Power Operations LLC","City":"Brighton"}},{"type":"Feature","geometry":{"type":"Point","coordinates":[-121.7085,37.7116]},"properties":{"Plant_Name":"CA- US Foods- Livermore","State":"California","PrimSource":"solar","Total_MW":2.4,"Utility_Na":"EDPRNA DG CA Livermore LLC","City":"Livermore"}},{"type":"Feature","geometry":{"type":"Point","coordinates":[-122.6928,38.7628]},"properties":{"Plant_Name":"Bear Canyon","State":"California","PrimSource":"batteries","Total_MW":13,"Utility_Na":"Bear Canyon Energy Storage","City":"Middletown"}},{"type":"Feature","geometry":{"type":"Point","coordinates":[-118.339,34.8343]},"properties":{"Plant_Name":"Tumbleweed Energy Storage","State":"California","PrimSource":"batteries","Total_MW":125,"Utility_Na":"Tumbleweed Energy Storage, LLC","City":"Rosamond"}},{"type":"Feature","geometry":{"type":"Point","coordinates":[-118.1468,34.8357]},"properties":{"Plant_Name":"City of Rosamond (CA)","State":"California","PrimSource":"solar","Total_MW":1,"Utility_Na":"Standard Solar","City":"Rosamond"}},{"type":"Feature","geometry":{"type":"Point","coordinates":[-122.7218,38.7881]},"properties":{"Plant_Name":"West Ford Flat","State":"California","PrimSource":"batteries","Total_MW":25,"Utility_Na":"West Ford Flat Energy Storage","City":"Middletown"}},{"type":"Feature","geometry":{"type":"Point","coordinates":[-119.8852,36.2492]},"properties":{"Plant_Name":"Kings CSG 3 LLC Community Solar","State":"California","PrimSource":"solar","Total_MW":3,"Utility_Na":"Dimension Energy LLC","City":"Lemoore"}},{"type":"Feature","geometry":{"type":"Point","coordinates":[-119.24,36.3068]},"properties":{"Plant_Name":"Visalia CSG LLC","State":"California","PrimSource":"solar","Total_MW":3,"Utility_Na":"Dimension Energy LLC","City":"Tulare"}},{"type":"Feature","geometry":{"type":"Point","coordinates":[-119.4804,35.9874]},"properties":{"Plant_Name":"Tulare CSG LLC","State":"California","PrimSource":"solar","Total_MW":3,"Utility_Na":"Dimension Energy LLC","City":"Tulare"}},{"type":"Feature","geometry":{"type":"Point","coordinates":[-121.131,37.4359]},"properties":{"Plant_Name":"Enchanted Rock Turlock Irrigation Distri","State":"California","PrimSource":"natural gas","Total_MW":46.8,"Utility_Na":"Enchanted Rock","City":"Patterson"}},{"type":"Feature","geometry":{"type":"Point","coordinates":[-106.9125,35.197]},"properties":{"Plant_Name":"Atrisco Energy Storage","State":"New Mexico","PrimSource":"batteries","Total_MW":300,"Utility_Na":"Atrisco Energy Storage LLC","City":"Rio Rancho"}},{"type":"Feature","geometry":{"type":"Point","coordinates":[-117.3489,35.0435]},"properties":{"Plant_Name":"Lockhart Solar PV II","State":"California","PrimSource":"solar","Total_MW":75,"Utility_Na":"Terra-Gen Operating Co-Solar","City":"Hinkley"}},{"type":"Feature","geometry":{"type":"Point","coordinates":[-119.316,35.082]},"properties":{"Plant_Name":"Wheeler Ridge","State":"California","PrimSource":"solar","Total_MW":4.5,"Utility_Na":"AFTW Holdings, LLC","City":"Bakersfield"}},{"type":"Feature","geometry":{"type":"Point","coordinates":[-120.1771,36.6338]},"properties":{"Plant_Name":"Crystal Farms Local Solar","State":"California","PrimSource":"solar","Total_MW":3.5,"Utility_Na":"Crystal Farms Local Solar, LLC","City":"San Joaquin"}},{"type":"Feature","geometry":{"type":"Point","coordinates":[-119.885,36.696]},"properties":{"Plant_Name":"Fresno Community Solar","State":"California","PrimSource":"solar","Total_MW":10,"Utility_Na":"Fresno Community Solar Developers, LLC","City":"Fresno"}},{"type":"Feature","geometry":{"type":"Point","coordinates":[-111.5142,32.8695]},"properties":{"Plant_Name":"Saint Energy Storage II LLC","State":"Arizona","PrimSource":"batteries","Total_MW":100,"Utility_Na":"Saint Energy Storage II LLC","City":"Coolidge"}},{"type":"Feature","geometry":{"type":"Point","coordinates":[-117.416,34.1377]},"properties":{"Plant_Name":"Inland Empire Energy Storage","State":"California","PrimSource":"batteries","Total_MW":70,"Utility_Na":"Strata Manager, LLC","City":"Rialto"}},{"type":"Feature","geometry":{"type":"Point","coordinates":[-117.4604,34.0502]},"properties":{"Plant_Name":"Mountain View Ind Park 1-sline001","State":"California","PrimSource":"solar","Total_MW":1.1,"Utility_Na":"Prologis Logistics Services Incorporated","City":"Fontana"}},{"type":"Feature","geometry":{"type":"Point","coordinates":[-119.1536,35.4678]},"properties":{"Plant_Name":"North Kern 2","State":"California","PrimSource":"solar","Total_MW":2.5,"Utility_Na":"Madison Energy Investments LLC","City":"City of Shafter"}},{"type":"Feature","geometry":{"type":"Point","coordinates":[-119.169,35.4691]},"properties":{"Plant_Name":"North Kern 1","State":"California","PrimSource":"solar","Total_MW":2.5,"Utility_Na":"Madison Energy Investments LLC","City":"Shafter"}},{"type":"Feature","geometry":{"type":"Point","coordinates":[-108.3457,39.1017]},"properties":{"Plant_Name":"Vinelands Power Plant","State":"Colorado","PrimSource":"hydroelectric","Total_MW":3.5,"Utility_Na":"Grand Valley Power LLC","City":"Palisade"}},{"type":"Feature","geometry":{"type":"Point","coordinates":[-111.4637,45.9373]},"properties":{"Plant_Name":"GCC Trident Solar Project","State":"Montana","PrimSource":"solar","Total_MW":2,"Utility_Na":"GCC Trident LLC","City":"Three Forks"}},{"type":"Feature","geometry":{"type":"Point","coordinates":[-119.061,36.039]},"properties":{"Plant_Name":"South County Detention Center Solar","State":"California","PrimSource":"solar","Total_MW":1.1,"Utility_Na":"SoCore Energy LLC","City":"Porterville"}},{"type":"Feature","geometry":{"type":"Point","coordinates":[-119.32,36.461]},"properties":{"Plant_Name":"North Juvenile Detention Center Solar","State":"California","PrimSource":"solar","Total_MW":1.4,"Utility_Na":"SoCore Energy LLC","City":"Visalia"}},{"type":"Feature","geometry":{"type":"Point","coordinates":[-119.317,36.278]},"properties":{"Plant_Name":"Government Plaza Solar","State":"California","PrimSource":"solar","Total_MW":1.1,"Utility_Na":"SoCore Energy LLC","City":"Visalia"}},{"type":"Feature","geometry":{"type":"Point","coordinates":[-119.351,36.322]},"properties":{"Plant_Name":"Tulare Akers Professional Center","State":"California","PrimSource":"solar","Total_MW":1,"Utility_Na":"SoCore Energy LLC","City":"Visalia"}},{"type":"Feature","geometry":{"type":"Point","coordinates":[-119.312,36.454]},"properties":{"Plant_Name":"Bob Wiley Detention Center","State":"California","PrimSource":"solar","Total_MW":1.8,"Utility_Na":"SoCore Energy LLC","City":"Visalia"}},{"type":"Feature","geometry":{"type":"Point","coordinates":[-119.317,36.33]},"properties":{"Plant_Name":"Civic Center East","State":"California","PrimSource":"solar","Total_MW":1.5,"Utility_Na":"SoCore Energy LLC","City":"Visalia"}},{"type":"Feature","geometry":{"type":"Point","coordinates":[-123.0083,42.4041]},"properties":{"Plant_Name":"Blackwell Creek Solar","State":"Oregon","PrimSource":"solar","Total_MW":1.4,"Utility_Na":"Blackwell Creek Solar LLC","City":"Central Point"}},{"type":"Feature","geometry":{"type":"Point","coordinates":[-117.0037,44.036]},"properties":{"Plant_Name":"Verde Light Community Solar","State":"Oregon","PrimSource":"solar","Total_MW":3,"Utility_Na":"Verde Light Community Solar LLC","City":"Ontario"}},{"type":"Feature","geometry":{"type":"Point","coordinates":[-118.9085,34.9846]},"properties":{"Plant_Name":"Wheeler Ridge 2","State":"California","PrimSource":"solar","Total_MW":5,"Utility_Na":"Madison Energy Investments LLC","City":"Arvin"}},{"type":"Feature","geometry":{"type":"Point","coordinates":[-118.579,34.235]},"properties":{"Plant_Name":"VS RXI Mason-Chatsworth, LLC","State":"California","PrimSource":"solar","Total_MW":1.8,"Utility_Na":"Valta Energy","City":"Chatsworth"}},{"type":"Feature","geometry":{"type":"Point","coordinates":[-111.5669,33.2131]},"properties":{"Plant_Name":"Banner Solar Ironwood","State":"Arizona","PrimSource":"solar","Total_MW":1.4,"Utility_Na":"Imperator Solar, LLC","City":" "}},{"type":"Feature","geometry":{"type":"Point","coordinates":[-122.752,38.4945]},"properties":{"Plant_Name":"Sutter Santa Rosa Solar","State":"California","PrimSource":"solar","Total_MW":1.3,"Utility_Na":"Sutter Santa Rosa Solar LLC","City":" "}},{"type":"Feature","geometry":{"type":"Point","coordinates":[-122.833,42.468]},"properties":{"Plant_Name":"Antelope Creek","State":"Oregon","PrimSource":"solar","Total_MW":2.3,"Utility_Na":"Antelope Creek Solar, LLC","City":" "}},{"type":"Feature","geometry":{"type":"Point","coordinates":[-123.0141,45.2673]},"properties":{"Plant_Name":"OR - Green Key - Gun Club","State":"Oregon","PrimSource":"solar","Total_MW":2.5,"Utility_Na":"Gun Club Solar, LLC","City":" "}},{"type":"Feature","geometry":{"type":"Point","coordinates":[-122.6673,45.0828]},"properties":{"Plant_Name":"OR - Green Key - Marquam","State":"Oregon","PrimSource":"solar","Total_MW":1.9,"Utility_Na":"Canyonland Solar LLC","City":" "}},{"type":"Feature","geometry":{"type":"Point","coordinates":[-122.3466,45.2622]},"properties":{"Plant_Name":"OR - Solops - SPI 18 - Clayfield","State":"Oregon","PrimSource":"solar","Total_MW":2.6,"Utility_Na":"Clayfield Solar, LLC","City":" "}},{"type":"Feature","geometry":{"type":"Point","coordinates":[-122.5574,45.1276]},"properties":{"Plant_Name":"OR -Solops - SPI 18 - Cork","State":"Oregon","PrimSource":"solar","Total_MW":1.3,"Utility_Na":"Cork Solar, LLC","City":" "}},{"type":"Feature","geometry":{"type":"Point","coordinates":[-122.6758,45.2089]},"properties":{"Plant_Name":"OR - Solops - SPI 18 - Dover","State":"Oregon","PrimSource":"solar","Total_MW":2,"Utility_Na":"Dover Solar, LLC","City":" "}},{"type":"Feature","geometry":{"type":"Point","coordinates":[-122.8034,45.0557]},"properties":{"Plant_Name":"OR - Solops - SPI 18 - Belvedere","State":"Oregon","PrimSource":"solar","Total_MW":3,"Utility_Na":"Belvedere Solar, LLC","City":" "}},{"type":"Feature","geometry":{"type":"Point","coordinates":[-121.687,42.186]},"properties":{"Plant_Name":"Pine Grove - (OR)","State":"Oregon","PrimSource":"solar","Total_MW":1.4,"Utility_Na":"Pine Grove Solar LLC","City":" "}},{"type":"Feature","geometry":{"type":"Point","coordinates":[-123.31,44.947]},"properties":{"Plant_Name":"Orchard Knob","State":"Oregon","PrimSource":"solar","Total_MW":2.3,"Utility_Na":"Orchard Knob Solar LLC","City":" "}},{"type":"Feature","geometry":{"type":"Point","coordinates":[-121.907,42.128]},"properties":{"Plant_Name":"Round Lake","State":"Oregon","PrimSource":"solar","Total_MW":1,"Utility_Na":"Round Lake Solar LLC","City":" "}},{"type":"Feature","geometry":{"type":"Point","coordinates":[-120.0298,36.4599]},"properties":{"Plant_Name":"Open Sky Dairy","State":"California","PrimSource":"solar","Total_MW":1.7,"Utility_Na":"Renewable Solar, Inc","City":" "}},{"type":"Feature","geometry":{"type":"Point","coordinates":[-123.0984,45.0202]},"properties":{"Plant_Name":"Zena Solar","State":"Oregon","PrimSource":"solar","Total_MW":2.5,"Utility_Na":"Zena Solar LLC","City":" "}},{"type":"Feature","geometry":{"type":"Point","coordinates":[-119.7459,36.7019]},"properties":{"Plant_Name":"JD Foods - JD Foods","State":"California","PrimSource":"solar","Total_MW":1.5,"Utility_Na":"Barrier Solar Inc","City":" "}},{"type":"Feature","geometry":{"type":"Point","coordinates":[-119.3957,36.3473]},"properties":{"Plant_Name":"Pivot Energy PPA 22","State":"California","PrimSource":"solar","Total_MW":1.3,"Utility_Na":"Pivot Energy","City":" "}},{"type":"Feature","geometry":{"type":"Point","coordinates":[-119.4015,36.0289]},"properties":{"Plant_Name":"Blue Moon Farms","State":"California","PrimSource":"solar","Total_MW":0.9,"Utility_Na":"Bravo REC Management LLC","City":" "}},{"type":"Feature","geometry":{"type":"Point","coordinates":[-119.3147,36.0502]},"properties":{"Plant_Name":"Tipton 1 - (CA)","State":"California","PrimSource":"solar","Total_MW":5.2,"Utility_Na":"Pacifico Power","City":" "}},{"type":"Feature","geometry":{"type":"Point","coordinates":[-119.3147,36.0502]},"properties":{"Plant_Name":"Tipton 2 - (CA)","State":"California","PrimSource":"solar","Total_MW":2.8,"Utility_Na":"Pacifico Power","City":" "}},{"type":"Feature","geometry":{"type":"Point","coordinates":[-119.3925,36.3614]},"properties":{"Plant_Name":"Visalia Solar","State":"California","PrimSource":"solar","Total_MW":3.6,"Utility_Na":"United Parcel Service","City":" "}},{"type":"Feature","geometry":{"type":"Point","coordinates":[-119.1536,35.5768]},"properties":{"Plant_Name":"North Kern 3","State":"California","PrimSource":"solar","Total_MW":5,"Utility_Na":"Madison Energy Investments LLC","City":" "}},{"type":"Feature","geometry":{"type":"Point","coordinates":[-122.0749,38.0057]},"properties":{"Plant_Name":"Central San","State":"California","PrimSource":"solar","Total_MW":1.8,"Utility_Na":"REC CSD, LLC","City":" "}},{"type":"Feature","geometry":{"type":"Point","coordinates":[-118.9809,35.2979]},"properties":{"Plant_Name":"Kern Del Oro","State":"California","PrimSource":"solar","Total_MW":1.2,"Utility_Na":"REC KDO, LLC","City":" "}},{"type":"Feature","geometry":{"type":"Point","coordinates":[-112.4311,33.4947]},"properties":{"Plant_Name":"Amazon Goodyear","State":"Arizona","PrimSource":"solar","Total_MW":2.4,"Utility_Na":"Westbound Solar 3, LLC","City":" "}},{"type":"Feature","geometry":{"type":"Point","coordinates":[-122.2604,38.1934]},"properties":{"Plant_Name":"Sutter Home Winery GIR","State":"California","PrimSource":"solar","Total_MW":1.1,"Utility_Na":"Westbound Solar 3, LLC","City":" "}},{"type":"Feature","geometry":{"type":"Point","coordinates":[-120.6853,35.7356]},"properties":{"Plant_Name":"Sutter Home Winery TCC","State":"California","PrimSource":"solar","Total_MW":1.1,"Utility_Na":"REC SHW, LLC","City":" "}},{"type":"Feature","geometry":{"type":"Point","coordinates":[-119.4304,35.7164]},"properties":{"Plant_Name":"Avalon Dairy","State":"California","PrimSource":"solar","Total_MW":3.1,"Utility_Na":"Renewable Solar, Inc","City":" "}},{"type":"Feature","geometry":{"type":"Point","coordinates":[-104.8789,40.3404]},"properties":{"Plant_Name":"CBEP Solar 7","State":"Colorado","PrimSource":"solar","Total_MW":5,"Utility_Na":"Green Street Power Partners","City":" "}},{"type":"Feature","geometry":{"type":"Point","coordinates":[-104.7159,40.481]},"properties":{"Plant_Name":"ECA CO Greeley","State":"Colorado","PrimSource":"solar","Total_MW":3.3,"Utility_Na":"Green Street Power Partners","City":" "}},{"type":"Feature","geometry":{"type":"Point","coordinates":[-120.3874,36.4422]},"properties":{"Plant_Name":"Superior Almond Hulling","State":"California","PrimSource":"solar","Total_MW":2.1,"Utility_Na":"Renewable Solar, Inc","City":" "}},{"type":"Feature","geometry":{"type":"Point","coordinates":[-118.109,34.608]},"properties":{"Plant_Name":"Lockheed Martin Palmdale Solar PV","State":"California","PrimSource":"solar","Total_MW":20,"Utility_Na":"Lockheed Martin Corporation","City":" "}},{"type":"Feature","geometry":{"type":"Point","coordinates":[-120.6344,37.0839]},"properties":{"Plant_Name":"Dos Palos Cooperative Gin","State":"California","PrimSource":"solar","Total_MW":0.9,"Utility_Na":"A2B Development LLC dba Mars Energy Development","City":" "}}]}