{"type":"FeatureCollection","features":[{"type":"Feature","geometry":{"type":"Point","coordinates":[-88.4918999997369,30.3400000003264]},"properties":{"Plant_Name":"Chevron Oil","State":"Mississippi","PrimSource":"natural gas","Total_MW":137,"Install_MW":170.5,"City":"Pascagoula","County":"Jackson","Utility_Na":"Mississippi Power Co","Longitude":-88.4919,"Latitude":30.34}},{"type":"Feature","geometry":{"type":"Point","coordinates":[-88.7461000000994,32.2925000002543]},"properties":{"Plant_Name":"Sweatt","State":"Mississippi","PrimSource":"natural gas","Total_MW":32,"Install_MW":41.9,"City":"Meridian","County":"Lauderdale","Utility_Na":"Mississippi Power Co","Longitude":-88.7461,"Latitude":32.2925}},{"type":"Feature","geometry":{"type":"Point","coordinates":[-89.0285999996583,30.4391999998831]},"properties":{"Plant_Name":"Jack Watson","State":"Mississippi","PrimSource":"natural gas","Total_MW":754,"Install_MW":919.1,"City":"Gulfport","County":"Harrison","Utility_Na":"Mississippi Power Co","Longitude":-89.0286,"Latitude":30.4392}},{"type":"Feature","geometry":{"type":"Point","coordinates":[-90.5626619997903,34.1844999998145]},"properties":{"Plant_Name":"L L Wilkins","State":"Mississippi","PrimSource":"natural gas","Total_MW":49.5,"Install_MW":55.2,"City":"Clarksdale","County":"Coahoma","Utility_Na":"Clarksdale Public Utilities","Longitude":-90.562662,"Latitude":34.1845}},{"type":"Feature","geometry":{"type":"Point","coordinates":[-90.4211000002904,32.8458000001029]},"properties":{"Plant_Name":"Yazoo","State":"Mississippi","PrimSource":"natural gas","Total_MW":33.3,"Install_MW":34.1,"City":"Yazoo City","County":"Yazoo","Utility_Na":"Public Serv Comm of Yazoo City","Longitude":-90.4211,"Latitude":32.8458}},{"type":"Feature","geometry":{"type":"Point","coordinates":[-88.8054000000631,30.8889000000326]},"properties":{"Plant_Name":"Benndale","State":"Mississippi","PrimSource":"natural gas","Total_MW":22.6,"Install_MW":28.4,"City":"Benndale","County":"George","Utility_Na":"Cooperative Energy","Longitude":-88.8054,"Latitude":30.8889}},{"type":"Feature","geometry":{"type":"Point","coordinates":[-89.3003999996798,31.5280000002532]},"properties":{"Plant_Name":"Moselle","State":"Mississippi","PrimSource":"natural gas","Total_MW":477,"Install_MW":510.5,"City":"Moselle","County":"Jones","Utility_Na":"Cooperative Energy","Longitude":-89.3004,"Latitude":31.528}},{"type":"Feature","geometry":{"type":"Point","coordinates":[-82.5416999998998,35.4731000001303]},"properties":{"Plant_Name":"Asheville","State":"North Carolina","PrimSource":"natural gas","Total_MW":814,"Install_MW":1011.5,"City":"Arden","County":"Buncombe","Utility_Na":"Duke Energy Progress - (NC)","Longitude":-82.5417,"Latitude":35.4731}},{"type":"Feature","geometry":{"type":"Point","coordinates":[-79.8774999996433,34.9833000000439]},"properties":{"Plant_Name":"Blewett","State":"North Carolina","PrimSource":"petroleum","Total_MW":79,"Install_MW":94.6,"City":"Lilesville","County":"Anson","Utility_Na":"Duke Energy Progress - (NC)","Longitude":-79.8775,"Latitude":34.9833}},{"type":"Feature","geometry":{"type":"Point","coordinates":[-82.7105709996326,35.7025269997279]},"properties":{"Plant_Name":"Marshall Dam","State":"North Carolina","PrimSource":"hydroelectric","Total_MW":4,"Install_MW":5,"City":"Marshall","County":"Madison","Utility_Na":"Duke Energy Progress - (NC)","Longitude":-82.710571,"Latitude":35.702527}},{"type":"Feature","geometry":{"type":"Point","coordinates":[-79.0730999995904,36.483299999719]},"properties":{"Plant_Name":"Roxboro","State":"North Carolina","PrimSource":"coal","Total_MW":2439,"Install_MW":2558.2,"City":"Semora","County":"Person","Utility_Na":"Duke Energy Progress - (NC)","Longitude":-79.0731,"Latitude":36.4833}},{"type":"Feature","geometry":{"type":"Point","coordinates":[-80.064830000449,35.2067409999526]},"properties":{"Plant_Name":"Tillery","State":"North Carolina","PrimSource":"hydroelectric","Total_MW":85,"Install_MW":84,"City":"Mount Gilead","County":"Montgomery","Utility_Na":"Duke Energy Progress - (NC)","Longitude":-80.06483,"Latitude":35.206741}},{"type":"Feature","geometry":{"type":"Point","coordinates":[-83.050299999743,35.694599999835]},"properties":{"Plant_Name":"Walters","State":"North Carolina","PrimSource":"hydroelectric","Total_MW":112,"Install_MW":108,"City":"Waterville","County":"Haywood","Utility_Na":"Duke Energy Progress - (NC)","Longitude":-83.0503,"Latitude":35.6946}},{"type":"Feature","geometry":{"type":"Point","coordinates":[-78.9755199996946,34.5875380002509]},"properties":{"Plant_Name":"W H Weatherspoon","State":"North Carolina","PrimSource":"petroleum","Total_MW":124,"Install_MW":163,"City":"Lumberton","County":"Robeson","Utility_Na":"Duke Energy Progress - (NC)","Longitude":-78.97552,"Latitude":34.587538}},{"type":"Feature","geometry":{"type":"Point","coordinates":[-81.8371999995752,35.7427999997038]},"properties":{"Plant_Name":"Bridgewater","State":"North Carolina","PrimSource":"hydroelectric","Total_MW":31.5,"Install_MW":27.7,"City":"Morganton","County":"Burke","Utility_Na":"Duke Energy Carolinas, LLC","Longitude":-81.8372,"Latitude":35.7428}},{"type":"Feature","geometry":{"type":"Point","coordinates":[-80.3766999996073,35.7133000001391]},"properties":{"Plant_Name":"Buck","State":"North Carolina","PrimSource":"natural gas","Total_MW":668,"Install_MW":697.9,"City":"Salisbury","County":"Rowan","Utility_Na":"Duke Energy Carolinas, LLC","Longitude":-80.3767,"Latitude":35.7133}},{"type":"Feature","geometry":{"type":"Point","coordinates":[-81.7594000003272,35.2200000003662]},"properties":{"Plant_Name":"James E. Rogers Energy Complex","State":"North Carolina","PrimSource":"natural gas","Total_MW":1388,"Install_MW":1530.5,"City":"Cliffside","County":"Cleveland","Utility_Na":"Duke Energy Carolinas, LLC","Longitude":-81.7594,"Latitude":35.22}},{"type":"Feature","geometry":{"type":"Point","coordinates":[-80.9587999996903,35.4345999996801]},"properties":{"Plant_Name":"Cowans Ford","State":"North Carolina","PrimSource":"hydroelectric","Total_MW":324,"Install_MW":350,"City":"Stanley","County":"Lincoln","Utility_Na":"Duke Energy Carolinas, LLC","Longitude":-80.9588,"Latitude":35.4346}},{"type":"Feature","geometry":{"type":"Point","coordinates":[-79.7207999997089,36.4862000000095]},"properties":{"Plant_Name":"Dan River","State":"North Carolina","PrimSource":"natural gas","Total_MW":662,"Install_MW":697.9,"City":"Eden","County":"Rockingham","Utility_Na":"Duke Energy Carolinas, LLC","Longitude":-79.7208,"Latitude":36.4862}},{"type":"Feature","geometry":{"type":"Point","coordinates":[-81.0893999997118,35.7575000002484]},"properties":{"Plant_Name":"Lookout Shoals","State":"North Carolina","PrimSource":"hydroelectric","Total_MW":27,"Install_MW":25.8,"City":"Statesville","County":"Iredell","Utility_Na":"Duke Energy Carolinas, LLC","Longitude":-81.0894,"Latitude":35.7575}},{"type":"Feature","geometry":{"type":"Point","coordinates":[-80.9658000002692,35.5974999996359]},"properties":{"Plant_Name":"Marshall (NC)","State":"North Carolina","PrimSource":"natural gas","Total_MW":2058,"Install_MW":2119,"City":"Terrell","County":"Catawba","Utility_Na":"Duke Energy Carolinas, LLC","Longitude":-80.9658,"Latitude":35.5975}},{"type":"Feature","geometry":{"type":"Point","coordinates":[-80.986699999752,35.3339000002352]},"properties":{"Plant_Name":"Mountain Island","State":"North Carolina","PrimSource":"hydroelectric","Total_MW":68,"Install_MW":60,"City":"Mount Holly","County":"Gaston","Utility_Na":"Duke Energy Carolinas, LLC","Longitude":-80.9867,"Latitude":35.3339}},{"type":"Feature","geometry":{"type":"Point","coordinates":[-81.1922000001291,35.8213999997897]},"properties":{"Plant_Name":"Oxford Dam","State":"North Carolina","PrimSource":"hydroelectric","Total_MW":40,"Install_MW":36,"City":"Conover","County":"Catawba","Utility_Na":"Duke Energy Carolinas, LLC","Longitude":-81.1922,"Latitude":35.8214}},{"type":"Feature","geometry":{"type":"Point","coordinates":[-81.4377730000162,35.7742339996456]},"properties":{"Plant_Name":"Rhodhiss","State":"North Carolina","PrimSource":"hydroelectric","Total_MW":33.4,"Install_MW":25.5,"City":"Rhodhiss","County":"Caldwell","Utility_Na":"Duke Energy Carolinas, LLC","Longitude":-81.437773,"Latitude":35.774234}},{"type":"Feature","geometry":{"type":"Point","coordinates":[-82.1863689997477,35.3347669999735]},"properties":{"Plant_Name":"Turner Shoals","State":"North Carolina","PrimSource":"hydroelectric","Total_MW":5.4,"Install_MW":5.4,"City":"Mill Springs","County":"Polk","Utility_Na":"Northbrook Carolina Hydro LLC","Longitude":-82.186369,"Latitude":35.334767}},{"type":"Feature","geometry":{"type":"Point","coordinates":[-82.3893710000171,35.2450059996832]},"properties":{"Plant_Name":"Tuxedo","State":"North Carolina","PrimSource":"hydroelectric","Total_MW":6.4,"Install_MW":5,"City":"Flat Rock","County":"Henderson","Utility_Na":"Northbrook Tuxedo, LLC","Longitude":-82.389371,"Latitude":35.245006}},{"type":"Feature","geometry":{"type":"Point","coordinates":[-83.0720069998629,35.24267700014]},"properties":{"Plant_Name":"Bear Creek Dam","State":"North Carolina","PrimSource":"hydroelectric","Total_MW":9.5,"Install_MW":9,"City":"Tuckasegee","County":"Jackson","Utility_Na":"Duke Energy Carolinas, LLC","Longitude":-83.072007,"Latitude":35.242677}},{"type":"Feature","geometry":{"type":"Point","coordinates":[-83.0983000001196,35.2530999997924]},"properties":{"Plant_Name":"Cedar Cliff","State":"North Carolina","PrimSource":"hydroelectric","Total_MW":6.4,"Install_MW":6.4,"City":"Tuckasegee","County":"Jackson","Utility_Na":"Duke Energy Carolinas, LLC","Longitude":-83.0983,"Latitude":35.2531}},{"type":"Feature","geometry":{"type":"Point","coordinates":[-83.3707999997498,35.2193999997663]},"properties":{"Plant_Name":"Franklin (NC)","State":"North Carolina","PrimSource":"hydroelectric","Total_MW":1,"Install_MW":1,"City":"Franklin","County":"Macon","Utility_Na":"Northbrook Carolina Hydro II, LLC","Longitude":-83.3708,"Latitude":35.2194}},{"type":"Feature","geometry":{"type":"Point","coordinates":[-83.9257999998372,35.0646999999463]},"properties":{"Plant_Name":"Mission","State":"North Carolina","PrimSource":"hydroelectric","Total_MW":1.8,"Install_MW":1.8,"City":"Murphy","County":"Clay","Utility_Na":"Northbrook Carolina Hydro II, LLC","Longitude":-83.9258,"Latitude":35.0647}},{"type":"Feature","geometry":{"type":"Point","coordinates":[-83.6761999998552,35.2714999999619]},"properties":{"Plant_Name":"Nantahala","State":"North Carolina","PrimSource":"hydroelectric","Total_MW":45,"Install_MW":43.2,"City":"Topton","County":"Macon","Utility_Na":"Duke Energy Carolinas, LLC","Longitude":-83.6762,"Latitude":35.2715}},{"type":"Feature","geometry":{"type":"Point","coordinates":[-83.0027999998569,35.2138999996929]},"properties":{"Plant_Name":"Tennessee Creek","State":"North Carolina","PrimSource":"hydroelectric","Total_MW":11.5,"Install_MW":10.8,"City":"Tuckasegee","County":"Jackson","Utility_Na":"Duke Energy Carolinas, LLC","Longitude":-83.0028,"Latitude":35.2139}},{"type":"Feature","geometry":{"type":"Point","coordinates":[-83.125397999567,35.2339879998339]},"properties":{"Plant_Name":"Thorpe","State":"North Carolina","PrimSource":"hydroelectric","Total_MW":19.7,"Install_MW":21.6,"City":"Tuckasegee","County":"Jackson","Utility_Na":"Duke Energy Carolinas, LLC","Longitude":-83.125398,"Latitude":35.233988}},{"type":"Feature","geometry":{"type":"Point","coordinates":[-83.1281109997599,35.2470109999903]},"properties":{"Plant_Name":"Tuckasegee","State":"North Carolina","PrimSource":"hydroelectric","Total_MW":2.5,"Install_MW":3,"City":"Tuckasegee","County":"Jackson","Utility_Na":"Duke Energy Carolinas, LLC","Longitude":-83.128111,"Latitude":35.247011}},{"type":"Feature","geometry":{"type":"Point","coordinates":[-77.8115430000098,36.4991470001257]},"properties":{"Plant_Name":"Gaston","State":"North Carolina","PrimSource":"hydroelectric","Total_MW":220,"Install_MW":177.6,"City":"Roanoke Rapids","County":"Halifax","Utility_Na":"Virginia Electric & Power Co","Longitude":-77.811543,"Latitude":36.499147}},{"type":"Feature","geometry":{"type":"Point","coordinates":[-77.6722000000602,36.4789000001876]},"properties":{"Plant_Name":"Roanoke Rapids","State":"North Carolina","PrimSource":"hydroelectric","Total_MW":95,"Install_MW":100,"City":"Roanoke Rapids","County":"Halifax","Utility_Na":"Virginia Electric & Power Co","Longitude":-77.6722,"Latitude":36.4789}},{"type":"Feature","geometry":{"type":"Point","coordinates":[-82.1840050004325,35.42590999971]},"properties":{"Plant_Name":"Lake Lure","State":"North Carolina","PrimSource":"hydroelectric","Total_MW":3.6,"Install_MW":3.6,"City":"Lake Lure","County":"Rutherford","Utility_Na":"Lake Lure Town of","Longitude":-82.184005,"Latitude":35.42591}},{"type":"Feature","geometry":{"type":"Point","coordinates":[-83.7914380000346,35.019131000288]},"properties":{"Plant_Name":"Chatuge","State":"North Carolina","PrimSource":"hydroelectric","Total_MW":13.9,"Install_MW":13.2,"City":"Hayesville","County":"Clay","Utility_Na":"Tennessee Valley Authority","Longitude":-83.791438,"Latitude":35.019131}},{"type":"Feature","geometry":{"type":"Point","coordinates":[-83.8049999997279,35.4506999999913]},"properties":{"Plant_Name":"Fontana Dam","State":"North Carolina","PrimSource":"hydroelectric","Total_MW":304.2,"Install_MW":254.7,"City":"Fontana Dam","County":"Swain","Utility_Na":"Tennessee Valley Authority","Longitude":-83.805,"Latitude":35.4507}},{"type":"Feature","geometry":{"type":"Point","coordinates":[-84.1775330000541,35.1508639997334]},"properties":{"Plant_Name":"Hiwassee Dam","State":"North Carolina","PrimSource":"pumped storage","Total_MW":173.7,"Install_MW":165.6,"City":"Murphy","County":"Cherokee","Utility_Na":"Tennessee Valley Authority","Longitude":-84.177533,"Latitude":35.150864}},{"type":"Feature","geometry":{"type":"Point","coordinates":[-75.5347220004359,35.2672220003123]},"properties":{"Plant_Name":"Buxton","State":"North Carolina","PrimSource":"petroleum","Total_MW":15,"Install_MW":15,"City":"Buxton","County":"Dare","Utility_Na":"North Carolina El Member Corp","Longitude":-75.534722,"Latitude":35.267222}},{"type":"Feature","geometry":{"type":"Point","coordinates":[-83.4161999999114,34.7652999997039]},"properties":{"Plant_Name":"Terrora","State":"Georgia","PrimSource":"hydroelectric","Total_MW":17.6,"Install_MW":16,"City":"Tallulah Falls","County":"Rabun","Utility_Na":"Georgia Power Co","Longitude":-83.4162,"Latitude":34.7653}},{"type":"Feature","geometry":{"type":"Point","coordinates":[-87.3568230001965,33.4586650002074]},"properties":{"Plant_Name":"Bankhead Dam","State":"Alabama","PrimSource":"hydroelectric","Total_MW":53,"Install_MW":53.9,"City":"Northport","County":"Tuscaloosa","Utility_Na":"Alabama Power Co","Longitude":-87.356823,"Latitude":33.458665}},{"type":"Feature","geometry":{"type":"Point","coordinates":[-88.0103000003302,31.0069000003425]},"properties":{"Plant_Name":"Barry","State":"Alabama","PrimSource":"natural gas","Total_MW":3099.7,"Install_MW":3343.5,"City":"Bucks","County":"Mobile","Utility_Na":"Alabama Power Co","Longitude":-88.0103,"Latitude":31.0069}},{"type":"Feature","geometry":{"type":"Point","coordinates":[-86.2830559999325,32.5838890002322]},"properties":{"Plant_Name":"Walter Bouldin Dam","State":"Alabama","PrimSource":"hydroelectric","Total_MW":224.1,"Install_MW":225,"City":"Wetumpka","County":"Elmore","Utility_Na":"Alabama Power Co","Longitude":-86.283056,"Latitude":32.583889}},{"type":"Feature","geometry":{"type":"Point","coordinates":[-87.7811000002387,32.6016999998438]},"properties":{"Plant_Name":"Greene County","State":"Alabama","PrimSource":"natural gas","Total_MW":1256.1,"Install_MW":1288.4,"City":"Demopolis","County":"Greene","Utility_Na":"Alabama Power Co","Longitude":-87.7811,"Latitude":32.6017}},{"type":"Feature","geometry":{"type":"Point","coordinates":[-86.0523999996488,33.7845000000357]},"properties":{"Plant_Name":"H Neely Henry Dam","State":"Alabama","PrimSource":"hydroelectric","Total_MW":71.1,"Install_MW":72.9,"City":"Ohatchee","County":"Calhoun","Utility_Na":"Alabama Power Co","Longitude":-86.0524,"Latitude":33.7845}},{"type":"Feature","geometry":{"type":"Point","coordinates":[-87.449499999763,33.2553000003656]},"properties":{"Plant_Name":"Holt Dam","State":"Alabama","PrimSource":"hydroelectric","Total_MW":48,"Install_MW":46.9,"City":"Tuscaloosa","County":"Tuscaloosa","Utility_Na":"Alabama Power Co","Longitude":-87.4495,"Latitude":33.2553}},{"type":"Feature","geometry":{"type":"Point","coordinates":[-86.2548000002187,32.6188999998993]},"properties":{"Plant_Name":"Jordan Dam","State":"Alabama","PrimSource":"hydroelectric","Total_MW":129.2,"Install_MW":100,"City":"Wetumpka","County":"Elmore","Utility_Na":"Alabama Power Co","Longitude":-86.2548,"Latitude":32.6189}},{"type":"Feature","geometry":{"type":"Point","coordinates":[-86.3375470001768,33.4258779997746]},"properties":{"Plant_Name":"Logan Martin Dam","State":"Alabama","PrimSource":"hydroelectric","Total_MW":129,"Install_MW":128.1,"City":"Vincent","County":"Talladega","Utility_Na":"Alabama Power Co","Longitude":-86.337547,"Latitude":33.425878}},{"type":"Feature","geometry":{"type":"Point","coordinates":[-86.5187000000359,32.9633000003081]},"properties":{"Plant_Name":"Lay Dam","State":"Alabama","PrimSource":"hydroelectric","Total_MW":180,"Install_MW":177,"City":"Clanton","County":"Chilton","Utility_Na":"Alabama Power Co","Longitude":-86.5187,"Latitude":32.9633}},{"type":"Feature","geometry":{"type":"Point","coordinates":[-85.9114420003965,32.6803940002627]},"properties":{"Plant_Name":"Martin Dam","State":"Alabama","PrimSource":"hydroelectric","Total_MW":182.1,"Install_MW":210.6,"City":"Dadeville","County":"Elmore","Utility_Na":"Alabama Power Co","Longitude":-85.911442,"Latitude":32.680394}},{"type":"Feature","geometry":{"type":"Point","coordinates":[-86.4448919998246,32.8060249998295]},"properties":{"Plant_Name":"Mitchell Dam","State":"Alabama","PrimSource":"hydroelectric","Total_MW":163.1,"Install_MW":170,"City":"Verbena","County":"Coosa","Utility_Na":"Alabama Power Co","Longitude":-86.444892,"Latitude":32.806025}},{"type":"Feature","geometry":{"type":"Point","coordinates":[-87.1077000002404,33.9406000000146]},"properties":{"Plant_Name":"Lewis Smith Dam","State":"Alabama","PrimSource":"hydroelectric","Total_MW":178,"Install_MW":181,"City":"Jasper","County":"Walker","Utility_Na":"Alabama Power Co","Longitude":-87.1077,"Latitude":33.9406}},{"type":"Feature","geometry":{"type":"Point","coordinates":[-85.8876139997374,32.535435999901]},"properties":{"Plant_Name":"Thurlow Dam","State":"Alabama","PrimSource":"hydroelectric","Total_MW":79.9,"Install_MW":91,"City":"Tallassee","County":"Elmore","Utility_Na":"Alabama Power Co","Longitude":-85.887614,"Latitude":32.535436}},{"type":"Feature","geometry":{"type":"Point","coordinates":[-85.7538059999536,34.1721420001082]},"properties":{"Plant_Name":"Weiss Dam","State":"Alabama","PrimSource":"hydroelectric","Total_MW":81,"Install_MW":87.6,"City":"Leesburg","County":"Cherokee","Utility_Na":"Alabama Power Co","Longitude":-85.753806,"Latitude":34.172142}},{"type":"Feature","geometry":{"type":"Point","coordinates":[-85.8901000001496,32.5742999999773]},"properties":{"Plant_Name":"Yates Dam","State":"Alabama","PrimSource":"hydroelectric","Total_MW":44,"Install_MW":50.5,"City":"Tallassee","County":"Elmore","Utility_Na":"Alabama Power Co","Longitude":-85.8901,"Latitude":32.5743}},{"type":"Feature","geometry":{"type":"Point","coordinates":[-86.458056000033,33.2442110001139]},"properties":{"Plant_Name":"E C Gaston","State":"Alabama","PrimSource":"natural gas","Total_MW":1868,"Install_MW":2034,"City":"Wilsonville","County":"Shelby","Utility_Na":"Alabama Power Co","Longitude":-86.458056,"Latitude":33.244211}},{"type":"Feature","geometry":{"type":"Point","coordinates":[-87.3997670000831,32.1008809997589]},"properties":{"Plant_Name":"Millers Ferry","State":"Alabama","PrimSource":"hydroelectric","Total_MW":90,"Install_MW":101.1,"City":"Camden","County":"Wilcox","Utility_Na":"USCE-Mobile District","Longitude":-87.399767,"Latitude":32.100881}},{"type":"Feature","geometry":{"type":"Point","coordinates":[-87.1189000002684,34.7042000002238]},"properties":{"Plant_Name":"Browns Ferry","State":"Alabama","PrimSource":"nuclear","Total_MW":3661.7,"Install_MW":3854,"City":"Decatur","County":"Limestone","Utility_Na":"Tennessee Valley Authority","Longitude":-87.1189,"Latitude":34.7042}},{"type":"Feature","geometry":{"type":"Point","coordinates":[-87.8485999999823,34.7438999997952]},"properties":{"Plant_Name":"Colbert","State":"Alabama","PrimSource":"natural gas","Total_MW":1026.2,"Install_MW":1169.6,"City":"Tuscumbia","County":"Colbert","Utility_Na":"Tennessee Valley Authority","Longitude":-87.8486,"Latitude":34.7439}},{"type":"Feature","geometry":{"type":"Point","coordinates":[-86.3939309995579,34.4212720002695]},"properties":{"Plant_Name":"Guntersville","State":"Alabama","PrimSource":"hydroelectric","Total_MW":122.7,"Install_MW":115.2,"City":"Guntersville","County":"Marshall","Utility_Na":"Tennessee Valley Authority","Longitude":-86.393931,"Latitude":34.421272}},{"type":"Feature","geometry":{"type":"Point","coordinates":[-87.3818999995621,34.8069000000393]},"properties":{"Plant_Name":"Wheeler Dam","State":"Alabama","PrimSource":"hydroelectric","Total_MW":398.2,"Install_MW":404,"City":"Town Creek","County":"Lawrence","Utility_Na":"Tennessee Valley Authority","Longitude":-87.3819,"Latitude":34.8069}},{"type":"Feature","geometry":{"type":"Point","coordinates":[-86.479469000425,31.4033000003683]},"properties":{"Plant_Name":"Gantt","State":"Alabama","PrimSource":"hydroelectric","Total_MW":2.6,"Install_MW":3,"City":"Andalusia","County":"Covington","Utility_Na":"PowerSouth Energy Cooperative","Longitude":-86.479469,"Latitude":31.4033}},{"type":"Feature","geometry":{"type":"Point","coordinates":[-84.1016999995629,37.8832999997057]},"properties":{"Plant_Name":"J K Smith","State":"Kentucky","PrimSource":"natural gas","Total_MW":784,"Install_MW":1055,"City":"Winchester","County":"Clark","Utility_Na":"East Kentucky Power Coop, Inc","Longitude":-84.1017,"Latitude":37.8833}},{"type":"Feature","geometry":{"type":"Point","coordinates":[-86.5183069996756,31.3611459997723]},"properties":{"Plant_Name":"Point A","State":"Alabama","PrimSource":"hydroelectric","Total_MW":4.4,"Install_MW":5.2,"City":"Andalusia","County":"Covington","Utility_Na":"PowerSouth Energy Cooperative","Longitude":-86.518307,"Latitude":31.361146}},{"type":"Feature","geometry":{"type":"Point","coordinates":[-87.9107470000332,31.4880190002452]},"properties":{"Plant_Name":"Lowman Energy Center","State":"Alabama","PrimSource":"natural gas","Total_MW":639,"Install_MW":732.7,"City":"Leroy","County":"Washington","Utility_Na":"PowerSouth Energy Cooperative","Longitude":-87.910747,"Latitude":31.488019}},{"type":"Feature","geometry":{"type":"Point","coordinates":[-80.1132349999833,33.3715060001981]},"properties":{"Plant_Name":"Cross","State":"South Carolina","PrimSource":"coal","Total_MW":2335,"Install_MW":2451.5,"City":"Cross","County":"Berkeley","Utility_Na":"South Carolina Public Service Authority","Longitude":-80.113235,"Latitude":33.371506}},{"type":"Feature","geometry":{"type":"Point","coordinates":[-83.3522000000081,34.7140000000535]},"properties":{"Plant_Name":"Tugalo","State":"Georgia","PrimSource":"hydroelectric","Total_MW":52,"Install_MW":44.8,"City":"Tallulah Falls","County":"Habersham","Utility_Na":"Georgia Power Co","Longitude":-83.3522,"Latitude":34.714}},{"type":"Feature","geometry":{"type":"Point","coordinates":[-81.6327779999969,29.7330560003275]},"properties":{"Plant_Name":"Seminole (FL)","State":"Florida","PrimSource":"natural gas","Total_MW":1738,"Install_MW":1897.8,"City":"Palatka","County":"Putnam","Utility_Na":"Seminole Electric Cooperative Inc","Longitude":-81.632778,"Latitude":29.733056}},{"type":"Feature","geometry":{"type":"Point","coordinates":[-86.4764490000854,31.400255000102]},"properties":{"Plant_Name":"McWilliams","State":"Alabama","PrimSource":"natural gas","Total_MW":650,"Install_MW":654,"City":"Gantt","County":"Covington","Utility_Na":"PowerSouth Energy Cooperative","Longitude":-86.476449,"Latitude":31.400255}},{"type":"Feature","geometry":{"type":"Point","coordinates":[-81.1677999999077,28.4821999996059]},"properties":{"Plant_Name":"Stanton Energy Center","State":"Florida","PrimSource":"coal","Total_MW":1214.7,"Install_MW":1262,"City":"Orlando","County":"Orange","Utility_Na":"Orlando Utilities Comm","Longitude":-81.1678,"Latitude":28.4822}},{"type":"Feature","geometry":{"type":"Point","coordinates":[-80.764399999782,28.4697999999544]},"properties":{"Plant_Name":"Cape Canaveral","State":"Florida","PrimSource":"natural gas","Total_MW":1290,"Install_MW":1295,"City":"Cocoa","County":"Brevard","Utility_Na":"Florida Power & Light Co","Longitude":-80.7644,"Latitude":28.4698}},{"type":"Feature","geometry":{"type":"Point","coordinates":[-81.7831000000416,26.6967000001661]},"properties":{"Plant_Name":"Fort Myers","State":"Florida","PrimSource":"natural gas","Total_MW":2735.5,"Install_MW":2680.9,"City":"Ft. Myers","County":"Lee","Utility_Na":"Florida Power & Light Co","Longitude":-81.7831,"Latitude":26.6967}},{"type":"Feature","geometry":{"type":"Point","coordinates":[-80.1983999996832,26.0686000003394]},"properties":{"Plant_Name":"Lauderdale","State":"Florida","PrimSource":"natural gas","Total_MW":1223.6,"Install_MW":1215.9,"City":"Ft. Lauderdale","County":"Broward","Utility_Na":"Florida Power & Light Co","Longitude":-80.1984,"Latitude":26.0686}},{"type":"Feature","geometry":{"type":"Point","coordinates":[-80.1253000003748,26.0856000003205]},"properties":{"Plant_Name":"Port Everglades","State":"Florida","PrimSource":"natural gas","Total_MW":1237,"Install_MW":1352,"City":"Ft. Lauderdale","County":"Broward","Utility_Na":"Florida Power & Light Co","Longitude":-80.1253,"Latitude":26.0856}},{"type":"Feature","geometry":{"type":"Point","coordinates":[-80.0524999997437,26.7653000001271]},"properties":{"Plant_Name":"Riviera","State":"Florida","PrimSource":"natural gas","Total_MW":1290,"Install_MW":1295,"City":"Riviera Beach","County":"Palm Beach","Utility_Na":"Florida Power & Light Co","Longitude":-80.0525,"Latitude":26.7653}},{"type":"Feature","geometry":{"type":"Point","coordinates":[-81.3256000003822,28.8418999997879]},"properties":{"Plant_Name":"Sanford","State":"Florida","PrimSource":"natural gas","Total_MW":2352,"Install_MW":2377.8,"City":"DeBary","County":"Volusia","Utility_Na":"Florida Power & Light Co","Longitude":-81.3256,"Latitude":28.8419}},{"type":"Feature","geometry":{"type":"Point","coordinates":[-80.3307999998536,25.4355999996878]},"properties":{"Plant_Name":"Turkey Point","State":"Florida","PrimSource":"nuclear","Total_MW":2952.1,"Install_MW":2861.2,"City":"Homestead","County":"Miami Dade","Utility_Na":"Florida Power & Light Co","Longitude":-80.3308,"Latitude":25.4356}},{"type":"Feature","geometry":{"type":"Point","coordinates":[-82.6352779998149,27.7580560000669]},"properties":{"Plant_Name":"Bayboro","State":"Florida","PrimSource":"petroleum","Total_MW":136.5,"Install_MW":226.8,"City":"St. Petersburg","County":"Pinellas","Utility_Na":"Duke Energy Florida, LLC","Longitude":-82.635278,"Latitude":27.758056}},{"type":"Feature","geometry":{"type":"Point","coordinates":[-82.6977000002255,28.9656000002121]},"properties":{"Plant_Name":"Crystal River","State":"Florida","PrimSource":"natural gas","Total_MW":3039,"Install_MW":3449,"City":"Crystal River","County":"Citrus","Utility_Na":"Duke Energy Florida, LLC","Longitude":-82.6977,"Latitude":28.9656}},{"type":"Feature","geometry":{"type":"Point","coordinates":[-82.6017589999218,27.8595349998209]},"properties":{"Plant_Name":"P L Bartow","State":"Florida","PrimSource":"natural gas","Total_MW":1310,"Install_MW":1475.6,"City":"St. Petersburg","County":"Pinellas","Utility_Na":"Duke Energy Florida, LLC","Longitude":-82.601759,"Latitude":27.859535}},{"type":"Feature","geometry":{"type":"Point","coordinates":[-83.180555999808,30.3763889996989]},"properties":{"Plant_Name":"Suwannee River","State":"Florida","PrimSource":"natural gas","Total_MW":145,"Install_MW":197.7,"City":"Live Oak","County":"Suwannee","Utility_Na":"Duke Energy Florida, LLC","Longitude":-83.180556,"Latitude":30.376389}},{"type":"Feature","geometry":{"type":"Point","coordinates":[-87.2243999995615,30.566099999748]},"properties":{"Plant_Name":"Gulf Clean Energy Center","State":"Florida","PrimSource":"natural gas","Total_MW":1858.2,"Install_MW":2107.5,"City":"Pensacola","County":"Escambia","Utility_Na":"Florida Power & Light Co","Longitude":-87.2244,"Latitude":30.5661}},{"type":"Feature","geometry":{"type":"Point","coordinates":[-85.7002999997235,30.2686000002745]},"properties":{"Plant_Name":"Lansing Smith","State":"Florida","PrimSource":"natural gas","Total_MW":692,"Install_MW":661.5,"City":"Southport","County":"Bay","Utility_Na":"Florida Power & Light Co","Longitude":-85.7003,"Latitude":30.2686}},{"type":"Feature","geometry":{"type":"Point","coordinates":[-82.4035999997072,27.7944000002703]},"properties":{"Plant_Name":"Big Bend","State":"Florida","PrimSource":"natural gas","Total_MW":1580.4,"Install_MW":1829.4,"City":"Apollo Beach","County":"Hillsborough","Utility_Na":"Tampa Electric Co","Longitude":-82.4036,"Latitude":27.7944}},{"type":"Feature","geometry":{"type":"Point","coordinates":[-81.7625000001345,33.1427000000024]},"properties":{"Plant_Name":"Vogtle","State":"Georgia","PrimSource":"nuclear","Total_MW":4530,"Install_MW":4658,"City":"Waynesboro","County":"Burke","Utility_Na":"Georgia Power Co","Longitude":-81.7625,"Latitude":33.1427}},{"type":"Feature","geometry":{"type":"Point","coordinates":[-82.3878000001971,29.7592000001689]},"properties":{"Plant_Name":"Deerhaven Generating Station","State":"Florida","PrimSource":"natural gas","Total_MW":414,"Install_MW":471,"City":"Gainesville","County":"Alachua","Utility_Na":"Gainesville Regional Utilities","Longitude":-82.3878,"Latitude":29.7592}},{"type":"Feature","geometry":{"type":"Point","coordinates":[-82.3208000000457,29.6460999999399]},"properties":{"Plant_Name":"John R Kelly","State":"Florida","PrimSource":"natural gas","Total_MW":112,"Install_MW":141.6,"City":"Gainesville","County":"Alachua","Utility_Na":"Gainesville Regional Utilities","Longitude":-82.3208,"Latitude":29.6461}},{"type":"Feature","geometry":{"type":"Point","coordinates":[-80.4699999996881,25.4755999998428]},"properties":{"Plant_Name":"G W Ivey","State":"Florida","PrimSource":"natural gas","Total_MW":32.7,"Install_MW":35.7,"City":"Homestead","County":"Miami Dade","Utility_Na":"City of Homestead - (FL)","Longitude":-80.47,"Latitude":25.4756}},{"type":"Feature","geometry":{"type":"Point","coordinates":[-81.6259669995638,30.3648179997195]},"properties":{"Plant_Name":"J D Kennedy","State":"Florida","PrimSource":"natural gas","Total_MW":357.2,"Install_MW":370,"City":"Jacksonville","County":"Duval","Utility_Na":"JEA","Longitude":-81.625967,"Latitude":30.364818}},{"type":"Feature","geometry":{"type":"Point","coordinates":[-81.5524999998343,30.4171999998975]},"properties":{"Plant_Name":"Northside Generating Station","State":"Florida","PrimSource":"coal","Total_MW":1322,"Install_MW":1407.1,"City":"Jacksonville","County":"Duval","Utility_Na":"JEA","Longitude":-81.5525,"Latitude":30.4172}},{"type":"Feature","geometry":{"type":"Point","coordinates":[-80.0677000001025,26.6127670001062]},"properties":{"Plant_Name":"Tom G Smith","State":"Florida","PrimSource":"natural gas","Total_MW":93.5,"Install_MW":98.7,"City":"Lake Worth","County":"Palm Beach","Utility_Na":"City of Lake Worth Beach - (FL)","Longitude":-80.0677,"Latitude":26.612767}},{"type":"Feature","geometry":{"type":"Point","coordinates":[-81.923799999551,28.0490999997954]},"properties":{"Plant_Name":"Larsen Memorial","State":"Florida","PrimSource":"natural gas","Total_MW":163.2,"Install_MW":133.6,"City":"Lakeland","County":"Polk","Utility_Na":"City of Lakeland - (FL)","Longitude":-81.9238,"Latitude":28.0491}},{"type":"Feature","geometry":{"type":"Point","coordinates":[-81.9228999999257,28.0800999999392]},"properties":{"Plant_Name":"C D McIntosh Jr","State":"Florida","PrimSource":"natural gas","Total_MW":613.5,"Install_MW":666.5,"City":"Lakeland","County":"Polk","Utility_Na":"City of Lakeland - (FL)","Longitude":-81.9229,"Latitude":28.0801}},{"type":"Feature","geometry":{"type":"Point","coordinates":[-80.7801240000225,28.4932319996161]},"properties":{"Plant_Name":"Indian River Plant","State":"Florida","PrimSource":"natural gas","Total_MW":275.8,"Install_MW":342.8,"City":"Titusville","County":"Brevard","Utility_Na":"Orlando Utilities Comm","Longitude":-80.780124,"Latitude":28.493232}},{"type":"Feature","geometry":{"type":"Point","coordinates":[-84.4000000004286,30.4522000001616]},"properties":{"Plant_Name":"Arvah B Hopkins","State":"Florida","PrimSource":"natural gas","Total_MW":484.5,"Install_MW":673.1,"City":"Tallahassee","County":"Leon","Utility_Na":"City of Tallahassee - (FL)","Longitude":-84.4,"Latitude":30.4522}},{"type":"Feature","geometry":{"type":"Point","coordinates":[-84.2006729999017,30.1623039998304]},"properties":{"Plant_Name":"S O Purdom","State":"Florida","PrimSource":"natural gas","Total_MW":226,"Install_MW":270.1,"City":"St Marks","County":"Wakulla","Utility_Na":"City of Tallahassee - (FL)","Longitude":-84.200673,"Latitude":30.162304}},{"type":"Feature","geometry":{"type":"Point","coordinates":[-84.8638689997568,30.7085709997479]},"properties":{"Plant_Name":"J Woodruff","State":"Florida","PrimSource":"hydroelectric","Total_MW":43.5,"Install_MW":43.5,"City":"Chattahoochee","County":"Gadsden","Utility_Na":"USCE-Mobile District","Longitude":-84.863869,"Latitude":30.708571}},{"type":"Feature","geometry":{"type":"Point","coordinates":[-81.0927000004339,24.7108330000914]},"properties":{"Plant_Name":"Marathon Generating Plant","State":"Florida","PrimSource":"petroleum","Total_MW":11,"Install_MW":11,"City":"Marathon","County":"Monroe","Utility_Na":"Florida Keys El Coop Assn, Inc","Longitude":-81.0927,"Latitude":24.710833}},{"type":"Feature","geometry":{"type":"Point","coordinates":[-85.0908000000693,32.6630000003423]},"properties":{"Plant_Name":"Bartletts Ferry","State":"Alabama","PrimSource":"hydroelectric","Total_MW":189.1,"Install_MW":173,"City":"Salem","County":"Lee","Utility_Na":"Georgia Power Co","Longitude":-85.0908,"Latitude":32.663}},{"type":"Feature","geometry":{"type":"Point","coordinates":[-84.9221999995999,34.1256000000097]},"properties":{"Plant_Name":"Bowen","State":"Georgia","PrimSource":"coal","Total_MW":3200,"Install_MW":3498.6,"City":"Cartersville","County":"Bartow","Utility_Na":"Georgia Power Co","Longitude":-84.9222,"Latitude":34.1256}},{"type":"Feature","geometry":{"type":"Point","coordinates":[-83.5402000002854,34.7938999997714]},"properties":{"Plant_Name":"Burton Dam","State":"Georgia","PrimSource":"hydroelectric","Total_MW":9.6,"Install_MW":6,"City":"Clayton","County":"Rabun","Utility_Na":"Georgia Power Co","Longitude":-83.5402,"Latitude":34.7939}},{"type":"Feature","geometry":{"type":"Point","coordinates":[-84.1370000002366,31.6026000003724]},"properties":{"Plant_Name":"Flint River","State":"Georgia","PrimSource":"hydroelectric","Total_MW":6.3,"Install_MW":5.4,"City":"Albany","County":"Dougherty","Utility_Na":"Georgia Power Co","Longitude":-84.137,"Latitude":31.6026}},{"type":"Feature","geometry":{"type":"Point","coordinates":[-85.0794999995839,32.6095999998155]},"properties":{"Plant_Name":"Goat Rock","State":"Alabama","PrimSource":"hydroelectric","Total_MW":38.6,"Install_MW":38.6,"City":"Smiths","County":"Lee","Utility_Na":"Georgia Power Co","Longitude":-85.0795,"Latitude":32.6096}},{"type":"Feature","geometry":{"type":"Point","coordinates":[-84.4758000004095,33.823900000045]},"properties":{"Plant_Name":"Jack McDonough","State":"Georgia","PrimSource":"natural gas","Total_MW":2535,"Install_MW":2848.4,"City":"Smyrna","County":"Cobb","Utility_Na":"Georgia Power Co","Longitude":-84.4758,"Latitude":33.8239}},{"type":"Feature","geometry":{"type":"Point","coordinates":[-83.8414000000434,33.3207000002755]},"properties":{"Plant_Name":"Lloyd Shoals","State":"Georgia","PrimSource":"hydroelectric","Total_MW":22.8,"Install_MW":14.4,"City":"Jackson","County":"Jasper","Utility_Na":"Georgia Power Co","Longitude":-83.8414,"Latitude":33.3207}},{"type":"Feature","geometry":{"type":"Point","coordinates":[-81.5461649996023,31.2136449997348]},"properties":{"Plant_Name":"McManus","State":"Georgia","PrimSource":"petroleum","Total_MW":416,"Install_MW":560,"City":"Brunswick","County":"Glynn","Utility_Na":"Georgia Power Co","Longitude":-81.546165,"Latitude":31.213645}},{"type":"Feature","geometry":{"type":"Point","coordinates":[-84.3840999995627,33.9681000000774]},"properties":{"Plant_Name":"Morgan Falls","State":"Georgia","PrimSource":"hydroelectric","Total_MW":10.5,"Install_MW":16.8,"City":"Dunwoody","County":"Fulton","Utility_Na":"Georgia Power Co","Longitude":-84.3841,"Latitude":33.9681}},{"type":"Feature","geometry":{"type":"Point","coordinates":[-83.5011999997548,34.7548999999657]},"properties":{"Plant_Name":"Nacoochee","State":"Georgia","PrimSource":"hydroelectric","Total_MW":6,"Install_MW":4.8,"City":"Lakemont","County":"Rabun","Utility_Na":"Georgia Power Co","Longitude":-83.5012,"Latitude":34.7549}},{"type":"Feature","geometry":{"type":"Point","coordinates":[-84.9964999999059,32.4993999999091]},"properties":{"Plant_Name":"North Highlands","State":"Georgia","PrimSource":"hydroelectric","Total_MW":34.4,"Install_MW":29.6,"City":"Columbus","County":"Muscogee","Utility_Na":"Georgia Power Co","Longitude":-84.9965,"Latitude":32.4994}},{"type":"Feature","geometry":{"type":"Point","coordinates":[-85.0003999997793,32.5154999997409]},"properties":{"Plant_Name":"Oliver Dam","State":"Georgia","PrimSource":"hydroelectric","Total_MW":59,"Install_MW":60,"City":"Columbus","County":"Muscogee","Utility_Na":"Georgia Power Co","Longitude":-85.0004,"Latitude":32.5155}},{"type":"Feature","geometry":{"type":"Point","coordinates":[-83.2018000001456,33.1405000001114]},"properties":{"Plant_Name":"Sinclair Dam","State":"Georgia","PrimSource":"hydroelectric","Total_MW":43.8,"Install_MW":45,"City":"Milledgeville","County":"Baldwin","Utility_Na":"Georgia Power Co","Longitude":-83.2018,"Latitude":33.1405}},{"type":"Feature","geometry":{"type":"Point","coordinates":[-83.3956000000043,34.7387999998216]},"properties":{"Plant_Name":"Tallulah Falls","State":"Georgia","PrimSource":"hydroelectric","Total_MW":72.9,"Install_MW":72,"City":"Tallulah Falls","County":"Habersham","Utility_Na":"Georgia Power Co","Longitude":-83.3956,"Latitude":34.7388}},{"type":"Feature","geometry":{"type":"Point","coordinates":[-84.898600000343,33.4622000000317]},"properties":{"Plant_Name":"Yates","State":"Georgia","PrimSource":"natural gas","Total_MW":714,"Install_MW":807.4,"City":"Newnan","County":"Coweta","Utility_Na":"Georgia Power Co","Longitude":-84.8986,"Latitude":33.4622}},{"type":"Feature","geometry":{"type":"Point","coordinates":[-83.3418000000463,34.6821000000981]},"properties":{"Plant_Name":"Yonah","State":"Georgia","PrimSource":"hydroelectric","Total_MW":28.5,"Install_MW":22.5,"City":"Toccoa","County":"Stephens","Utility_Na":"Georgia Power Co","Longitude":-83.3418,"Latitude":34.6821}},{"type":"Feature","geometry":{"type":"Point","coordinates":[-82.051242000039,33.5626440002968]},"properties":{"Plant_Name":"Stevens Creek","State":"Georgia","PrimSource":"hydroelectric","Total_MW":12,"Install_MW":17.6,"City":"Martinez","County":"Columbia","Utility_Na":"Dominion Energy South Carolina, Inc","Longitude":-82.051242,"Latitude":33.562644}},{"type":"Feature","geometry":{"type":"Point","coordinates":[-83.9419960000808,31.8476969999076]},"properties":{"Plant_Name":"Lake Blackshear Project","State":"Georgia","PrimSource":"hydroelectric","Total_MW":15.2,"Install_MW":17.2,"City":"Warwick","County":"Worth","Utility_Na":"Crisp County Power Comm","Longitude":-83.941996,"Latitude":31.847697}},{"type":"Feature","geometry":{"type":"Point","coordinates":[-83.9407340000573,31.8447079999689]},"properties":{"Plant_Name":"Crisp Plant","State":"Georgia","PrimSource":"natural gas","Total_MW":19,"Install_MW":22.5,"City":"Warwick","County":"Worth","Utility_Na":"Crisp County Power Comm","Longitude":-83.940734,"Latitude":31.844708}},{"type":"Feature","geometry":{"type":"Point","coordinates":[-82.8218999997177,34.3563999998837]},"properties":{"Plant_Name":"Hartwell Lake","State":"Georgia","PrimSource":"hydroelectric","Total_MW":405,"Install_MW":420,"City":"Hartwell","County":"Hart","Utility_Na":"USCE-Savannah District","Longitude":-82.8219,"Latitude":34.3564}},{"type":"Feature","geometry":{"type":"Point","coordinates":[-84.2822220003087,34.8838890000871]},"properties":{"Plant_Name":"Blue Ridge","State":"Georgia","PrimSource":"hydroelectric","Total_MW":17.3,"Install_MW":23.5,"City":"Blue Ridge","County":"Fannin","Utility_Na":"Tennessee Valley Authority","Longitude":-84.282222,"Latitude":34.883889}},{"type":"Feature","geometry":{"type":"Point","coordinates":[-84.087649999973,34.9591530001776]},"properties":{"Plant_Name":"Nottely","State":"Georgia","PrimSource":"hydroelectric","Total_MW":20.1,"Install_MW":15.9,"City":"Blairsville","County":"Union","Utility_Na":"Tennessee Valley Authority","Longitude":-84.08765,"Latitude":34.959153}},{"type":"Feature","geometry":{"type":"Point","coordinates":[-84.077367000187,34.1622790000243]},"properties":{"Plant_Name":"Buford","State":"Georgia","PrimSource":"hydroelectric","Total_MW":126.8,"Install_MW":131.2,"City":"Buford","County":"Forsyth","Utility_Na":"USCE-Mobile District","Longitude":-84.077367,"Latitude":34.162279}},{"type":"Feature","geometry":{"type":"Point","coordinates":[-84.7281999997248,34.1637000002211]},"properties":{"Plant_Name":"Allatoona","State":"Georgia","PrimSource":"hydroelectric","Total_MW":72,"Install_MW":86.6,"City":"Cartersville","County":"Bartow","Utility_Na":"USCE-Mobile District","Longitude":-84.7282,"Latitude":34.1637}},{"type":"Feature","geometry":{"type":"Point","coordinates":[-85.0652369995586,31.6245009997115]},"properties":{"Plant_Name":"Walter F George","State":"Georgia","PrimSource":"hydroelectric","Total_MW":168,"Install_MW":168,"City":"Ft. Gaines","County":"Clay","Utility_Na":"USCE-Mobile District","Longitude":-85.065237,"Latitude":31.624501}},{"type":"Feature","geometry":{"type":"Point","coordinates":[-78.8293999996472,35.098599999813]},"properties":{"Plant_Name":"Butler-Warner Generation Plant","State":"North Carolina","PrimSource":"natural gas","Total_MW":226.5,"Install_MW":304.9,"City":"Fayetteville","County":"Cumberland","Utility_Na":"Fayetteville Public Works Commission","Longitude":-78.8294,"Latitude":35.0986}},{"type":"Feature","geometry":{"type":"Point","coordinates":[-82.6176000003381,38.1706999997038]},"properties":{"Plant_Name":"Big Sandy","State":"Kentucky","PrimSource":"natural gas","Total_MW":260,"Install_MW":280.5,"City":"Louisa","County":"Lawrence","Utility_Na":"Kentucky Power Co","Longitude":-82.6176,"Latitude":38.1707}},{"type":"Feature","geometry":{"type":"Point","coordinates":[-84.702800000319,37.786399999825]},"properties":{"Plant_Name":"Dix Dam","State":"Kentucky","PrimSource":"hydroelectric","Total_MW":31.5,"Install_MW":28.2,"City":"Harrodsburg","County":"Mercer","Utility_Na":"Kentucky Utilities Co","Longitude":-84.7028,"Latitude":37.7864}},{"type":"Feature","geometry":{"type":"Point","coordinates":[-84.7125700000939,37.7883099999801]},"properties":{"Plant_Name":"E W Brown","State":"Kentucky","PrimSource":"natural gas","Total_MW":1328,"Install_MW":1457.6,"City":"Harrodsburg","County":"Mercer","Utility_Na":"Kentucky Utilities Co","Longitude":-84.71257,"Latitude":37.78831}},{"type":"Feature","geometry":{"type":"Point","coordinates":[-85.0349999999459,38.7496999999066]},"properties":{"Plant_Name":"Ghent","State":"Kentucky","PrimSource":"coal","Total_MW":1919,"Install_MW":2225.9,"City":"Ghent","County":"Carroll","Utility_Na":"Kentucky Utilities Co","Longitude":-85.035,"Latitude":38.7497}},{"type":"Feature","geometry":{"type":"Point","coordinates":[-84.5194000004222,38.0794000001953]},"properties":{"Plant_Name":"Haefling","State":"Kentucky","PrimSource":"natural gas","Total_MW":24,"Install_MW":41.4,"City":"Lexington","County":"Fayette","Utility_Na":"Kentucky Utilities Co","Longitude":-84.5194,"Latitude":38.0794}},{"type":"Feature","geometry":{"type":"Point","coordinates":[-84.7246999998844,37.8297000000115]},"properties":{"Plant_Name":"Mother Ann Lee","State":"Kentucky","PrimSource":"hydroelectric","Total_MW":2.3,"Install_MW":2.1,"City":"Harrodsburg","County":"Mercer","Utility_Na":"Lock 7 Hydro Partners LLC","Longitude":-84.7247,"Latitude":37.8297}},{"type":"Feature","geometry":{"type":"Point","coordinates":[-85.889199999626,38.1830999996471]},"properties":{"Plant_Name":"Cane Run","State":"Kentucky","PrimSource":"natural gas","Total_MW":691,"Install_MW":807,"City":"Louisville","County":"Jefferson","Utility_Na":"Louisville Gas & Electric Co","Longitude":-85.8892,"Latitude":38.1831}},{"type":"Feature","geometry":{"type":"Point","coordinates":[-85.9103000000236,38.052499999984]},"properties":{"Plant_Name":"Mill Creek (KY)","State":"Kentucky","PrimSource":"coal","Total_MW":1165,"Install_MW":1361.7,"City":"Louisville","County":"Jefferson","Utility_Na":"Louisville Gas & Electric Co","Longitude":-85.9103,"Latitude":38.0525}},{"type":"Feature","geometry":{"type":"Point","coordinates":[-85.7792000004099,38.2831999998998]},"properties":{"Plant_Name":"Ohio Falls","State":"Kentucky","PrimSource":"hydroelectric","Total_MW":100.8,"Install_MW":109.6,"City":"Shippingport Island","County":"Jefferson","Utility_Na":"Louisville Gas & Electric Co","Longitude":-85.7792,"Latitude":38.2832}},{"type":"Feature","geometry":{"type":"Point","coordinates":[-85.8417039999379,38.2235920000575]},"properties":{"Plant_Name":"Paddys Run","State":"Kentucky","PrimSource":"natural gas","Total_MW":170,"Install_MW":210.6,"City":"Louisville","County":"Jefferson","Utility_Na":"Louisville Gas & Electric Co","Longitude":-85.841704,"Latitude":38.223592}},{"type":"Feature","geometry":{"type":"Point","coordinates":[-88.2210999997982,37.021700000134]},"properties":{"Plant_Name":"Barkley","State":"Kentucky","PrimSource":"hydroelectric","Total_MW":148,"Install_MW":130,"City":"Kuttawa","County":"Lyon","Utility_Na":"USCE-Nashville District","Longitude":-88.2211,"Latitude":37.0217}},{"type":"Feature","geometry":{"type":"Point","coordinates":[-84.2383000000807,38.2048999996867]},"properties":{"Plant_Name":"Paris (KY)","State":"Kentucky","PrimSource":"petroleum","Total_MW":10.8,"Install_MW":10.6,"City":"Paris","County":"Bourbon","Utility_Na":"City of Paris - (KY)","Longitude":-84.2383,"Latitude":38.2049}},{"type":"Feature","geometry":{"type":"Point","coordinates":[-88.2691999997339,37.0130999996799]},"properties":{"Plant_Name":"Kentucky Dam","State":"Kentucky","PrimSource":"hydroelectric","Total_MW":222.5,"Install_MW":218.6,"City":"Grand Rivers","County":"Marshall","Utility_Na":"Tennessee Valley Authority","Longitude":-88.2692,"Latitude":37.0131}},{"type":"Feature","geometry":{"type":"Point","coordinates":[-86.9783000003181,37.2607999996881]},"properties":{"Plant_Name":"Paradise","State":"Kentucky","PrimSource":"natural gas","Total_MW":1763,"Install_MW":1853.6,"City":"Drakesboro","County":"Muhlenberg","Utility_Na":"Tennessee Valley Authority","Longitude":-86.9783,"Latitude":37.2608}},{"type":"Feature","geometry":{"type":"Point","coordinates":[-88.7750000002438,37.1516999999425]},"properties":{"Plant_Name":"Shawnee","State":"Kentucky","PrimSource":"coal","Total_MW":1206,"Install_MW":1575,"City":"West Paducah","County":"McCracken","Utility_Na":"Tennessee Valley Authority","Longitude":-88.775,"Latitude":37.1517}},{"type":"Feature","geometry":{"type":"Point","coordinates":[-85.1470000002258,36.8690999996909]},"properties":{"Plant_Name":"Wolf Creek","State":"Kentucky","PrimSource":"hydroelectric","Total_MW":300,"Install_MW":270,"City":"Jamestown","County":"Russell","Utility_Na":"USCE-Nashville District","Longitude":-85.147,"Latitude":36.8691}},{"type":"Feature","geometry":{"type":"Point","coordinates":[-87.5018999996052,37.646099999758]},"properties":{"Plant_Name":"Robert A Reid","State":"Kentucky","PrimSource":"natural gas","Total_MW":58,"Install_MW":98.8,"City":"Robards","County":"Webster","Utility_Na":"Big Rivers Electric Corp","Longitude":-87.5019,"Latitude":37.6461}},{"type":"Feature","geometry":{"type":"Point","coordinates":[-84.5918999996809,36.998100000272]},"properties":{"Plant_Name":"Cooper","State":"Kentucky","PrimSource":"coal","Total_MW":341,"Install_MW":344,"City":"Somerset","County":"Pulaski","Utility_Na":"East Kentucky Power Coop, Inc","Longitude":-84.5919,"Latitude":36.9981}},{"type":"Feature","geometry":{"type":"Point","coordinates":[-80.1657000001228,34.4184999999643]},"properties":{"Plant_Name":"Darlington County","State":"South Carolina","PrimSource":"natural gas","Total_MW":230,"Install_MW":316,"City":"Hartsville","County":"Darlington","Utility_Na":"Duke Energy Progress - (NC)","Longitude":-80.1657,"Latitude":34.4185}},{"type":"Feature","geometry":{"type":"Point","coordinates":[-80.1588999995604,34.4016999997425]},"properties":{"Plant_Name":"H B Robinson","State":"South Carolina","PrimSource":"nuclear","Total_MW":759,"Install_MW":768.6,"City":"Hartsville","County":"Darlington","Utility_Na":"Duke Energy Progress - (NC)","Longitude":-80.1589,"Latitude":34.4017}},{"type":"Feature","geometry":{"type":"Point","coordinates":[-82.1993389997873,34.4555139997972]},"properties":{"Plant_Name":"Boyds Mill Hydro","State":"South Carolina","PrimSource":"hydroelectric","Total_MW":1.4,"Install_MW":1.4,"City":"Ware Shoals","County":"Greenville","Utility_Na":"Northbrook Carolina Hydro LLC","Longitude":-82.199339,"Latitude":34.455514}},{"type":"Feature","geometry":{"type":"Point","coordinates":[-80.8755999999957,34.5414000001201]},"properties":{"Plant_Name":"Cedar Creek","State":"South Carolina","PrimSource":"hydroelectric","Total_MW":45,"Install_MW":45,"City":"Great Falls","County":"Lancaster","Utility_Na":"Duke Energy Carolinas, LLC","Longitude":-80.8756,"Latitude":34.5414}},{"type":"Feature","geometry":{"type":"Point","coordinates":[-80.8914000004041,34.5583000003525]},"properties":{"Plant_Name":"Dearborn","State":"South Carolina","PrimSource":"hydroelectric","Total_MW":42,"Install_MW":45,"City":"Great Falls","County":"Chester","Utility_Na":"Duke Energy Carolinas, LLC","Longitude":-80.8914,"Latitude":34.5583}},{"type":"Feature","geometry":{"type":"Point","coordinates":[-80.8927999996216,34.60000000035]},"properties":{"Plant_Name":"Fishing Creek","State":"South Carolina","PrimSource":"hydroelectric","Total_MW":51,"Install_MW":42.3,"City":"Great Falls","County":"Chester","Utility_Na":"Duke Energy Carolinas, LLC","Longitude":-80.8928,"Latitude":34.6}},{"type":"Feature","geometry":{"type":"Point","coordinates":[-81.5974999999628,35.1380999998814]},"properties":{"Plant_Name":"Gaston Shoals","State":"South Carolina","PrimSource":"hydroelectric","Total_MW":7.5,"Install_MW":6.7,"City":"Blacksburg","County":"Cherokee","Utility_Na":"Northbrook Carolina Hydro II, LLC","Longitude":-81.5975,"Latitude":35.1381}},{"type":"Feature","geometry":{"type":"Point","coordinates":[-80.8916999999798,34.5592000003387]},"properties":{"Plant_Name":"Great Falls (SC)","State":"South Carolina","PrimSource":"hydroelectric","Total_MW":12,"Install_MW":12,"City":"Great Falls","County":"Chester","Utility_Na":"Duke Energy Carolinas, LLC","Longitude":-80.8917,"Latitude":34.5592}},{"type":"Feature","geometry":{"type":"Point","coordinates":[-82.3749640000517,34.5274749997434]},"properties":{"Plant_Name":"Hollidays Bridge Hydro","State":"South Carolina","PrimSource":"hydroelectric","Total_MW":4.8,"Install_MW":4,"City":"Honea Path","County":"Anderson","Utility_Na":"Northbrook Carolina Hydro LLC","Longitude":-82.374964,"Latitude":34.527475}},{"type":"Feature","geometry":{"type":"Point","coordinates":[-82.9147000002062,34.9593999999941]},"properties":{"Plant_Name":"Jocassee","State":"South Carolina","PrimSource":"pumped storage","Total_MW":780,"Install_MW":774,"City":"Salem","County":"Pickens","Utility_Na":"Duke Energy Carolinas, LLC","Longitude":-82.9147,"Latitude":34.9594}},{"type":"Feature","geometry":{"type":"Point","coordinates":[-82.4349999996092,34.6022000002965]},"properties":{"Plant_Name":"W S Lee","State":"South Carolina","PrimSource":"natural gas","Total_MW":864,"Install_MW":954.7,"City":"Williamston","County":"Anderson","Utility_Na":"Duke Energy Carolinas, LLC","Longitude":-82.435,"Latitude":34.6022}},{"type":"Feature","geometry":{"type":"Point","coordinates":[-82.8986000002222,34.7938999997714]},"properties":{"Plant_Name":"Oconee","State":"South Carolina","PrimSource":"nuclear","Total_MW":2554,"Install_MW":2666.7,"City":"Seneca","County":"Oconee","Utility_Na":"Duke Energy Carolinas, LLC","Longitude":-82.8986,"Latitude":34.7939}},{"type":"Feature","geometry":{"type":"Point","coordinates":[-82.4839590000606,34.8522239998753]},"properties":{"Plant_Name":"Saluda Dam","State":"South Carolina","PrimSource":"hydroelectric","Total_MW":2.4,"Install_MW":2.4,"City":"Greenville","County":"Greenville","Utility_Na":"Northbrook Carolina Hydro LLC","Longitude":-82.483959,"Latitude":34.852224}},{"type":"Feature","geometry":{"type":"Point","coordinates":[-80.7020999995702,34.3354999997993]},"properties":{"Plant_Name":"Wateree Hydro","State":"South Carolina","PrimSource":"hydroelectric","Total_MW":74,"Install_MW":90.5,"City":"Ridgeway","County":"Kershaw","Utility_Na":"Duke Energy Carolinas, LLC","Longitude":-80.7021,"Latitude":34.3355}},{"type":"Feature","geometry":{"type":"Point","coordinates":[-81.0078000001496,35.0218000002851]},"properties":{"Plant_Name":"Wylie","State":"South Carolina","PrimSource":"hydroelectric","Total_MW":60,"Install_MW":60,"City":"Fort Mill","County":"York","Utility_Na":"Duke Energy Carolinas, LLC","Longitude":-81.0078,"Latitude":35.0218}},{"type":"Feature","geometry":{"type":"Point","coordinates":[-81.4935999999037,35.0314000000581]},"properties":{"Plant_Name":"99 Islands","State":"South Carolina","PrimSource":"hydroelectric","Total_MW":15.2,"Install_MW":12,"City":"Blacksburg","County":"Cherokee","Utility_Na":"Duke Energy Carolinas, LLC","Longitude":-81.4936,"Latitude":35.0314}},{"type":"Feature","geometry":{"type":"Point","coordinates":[-81.4560999999464,34.7791999998767]},"properties":{"Plant_Name":"Lockhart","State":"South Carolina","PrimSource":"hydroelectric","Total_MW":18,"Install_MW":18,"City":"Lockhart","County":"Union","Utility_Na":"Lockhart Power Co","Longitude":-81.4561,"Latitude":34.7792}},{"type":"Feature","geometry":{"type":"Point","coordinates":[-81.0406699995893,33.9802539996875]},"properties":{"Plant_Name":"Coit GT","State":"South Carolina","PrimSource":"petroleum","Total_MW":26,"Install_MW":39.2,"City":"Columbia","County":"Richland","Utility_Na":"Dominion Energy South Carolina, Inc","Longitude":-81.04067,"Latitude":33.980254}},{"type":"Feature","geometry":{"type":"Point","coordinates":[-81.0493999999969,33.9971999996964]},"properties":{"Plant_Name":"Columbia Canal Hydro","State":"South Carolina","PrimSource":"hydroelectric","Total_MW":9.9,"Install_MW":10.6,"City":"Columbia","County":"Richland","Utility_Na":"City of Columbia SC","Longitude":-81.0494,"Latitude":33.9972}},{"type":"Feature","geometry":{"type":"Point","coordinates":[-79.9634000000103,32.8265000000202]},"properties":{"Plant_Name":"Hagood","State":"South Carolina","PrimSource":"natural gas","Total_MW":126,"Install_MW":177.3,"City":"Charleston Heights","County":"Charleston","Utility_Na":"Dominion Energy South Carolina, Inc","Longitude":-79.9634,"Latitude":32.8265}},{"type":"Feature","geometry":{"type":"Point","coordinates":[-81.2172000004001,34.0556000002228]},"properties":{"Plant_Name":"McMeekin","State":"South Carolina","PrimSource":"natural gas","Total_MW":250,"Install_MW":293.6,"City":"Columbia","County":"Lexington","Utility_Na":"Dominion Energy South Carolina, Inc","Longitude":-81.2172,"Latitude":34.0556}},{"type":"Feature","geometry":{"type":"Point","coordinates":[-81.4485999997752,34.6641999996537]},"properties":{"Plant_Name":"Neal Shoals","State":"South Carolina","PrimSource":"hydroelectric","Total_MW":4.4,"Install_MW":4.4,"City":"Union","County":"Union","Utility_Na":"Dominion Energy South Carolina, Inc","Longitude":-81.4486,"Latitude":34.6642}},{"type":"Feature","geometry":{"type":"Point","coordinates":[-81.3308519997925,34.2613200003333]},"properties":{"Plant_Name":"Parr Hydro","State":"South Carolina","PrimSource":"hydroelectric","Total_MW":15,"Install_MW":15,"City":"Jenkinsville","County":"Fairfield","Utility_Na":"Dominion Energy South Carolina, Inc","Longitude":-81.330852,"Latitude":34.26132}},{"type":"Feature","geometry":{"type":"Point","coordinates":[-81.2172000004001,34.0532999997554]},"properties":{"Plant_Name":"Saluda Lexington","State":"South Carolina","PrimSource":"hydroelectric","Total_MW":198.5,"Install_MW":207.3,"City":"Columbia","County":"Lexington","Utility_Na":"Dominion Energy South Carolina, Inc","Longitude":-81.2172,"Latitude":34.0533}},{"type":"Feature","geometry":{"type":"Point","coordinates":[-81.9110999998481,33.4350000000141]},"properties":{"Plant_Name":"Urquhart","State":"South Carolina","PrimSource":"natural gas","Total_MW":640,"Install_MW":758.9,"City":"Beech Island","County":"Aiken","Utility_Na":"Dominion Energy South Carolina, Inc","Longitude":-81.9111,"Latitude":33.435}},{"type":"Feature","geometry":{"type":"Point","coordinates":[-80.622799999749,33.8263999999433]},"properties":{"Plant_Name":"Wateree","State":"South Carolina","PrimSource":"coal","Total_MW":684,"Install_MW":771.8,"City":"Eastover","County":"Richland","Utility_Na":"Dominion Energy South Carolina, Inc","Longitude":-80.6228,"Latitude":33.8264}},{"type":"Feature","geometry":{"type":"Point","coordinates":[-79.9297000003672,33.0158000002589]},"properties":{"Plant_Name":"Williams","State":"South Carolina","PrimSource":"coal","Total_MW":605,"Install_MW":659.7,"City":"Goose Creek","County":"Berkeley","Utility_Na":"South Carolina Genertg Co, Inc","Longitude":-79.9297,"Latitude":33.0158}},{"type":"Feature","geometry":{"type":"Point","coordinates":[-82.6097000001339,34.2572000001549]},"properties":{"Plant_Name":"Rocky River (SC)","State":"South Carolina","PrimSource":"hydroelectric","Total_MW":3.6,"Install_MW":3.9,"City":"Iva","County":"Anderson","Utility_Na":"City of Abbeville - (SC)","Longitude":-82.6097,"Latitude":34.2572}},{"type":"Feature","geometry":{"type":"Point","coordinates":[-80.6987539997157,32.2088710000393]},"properties":{"Plant_Name":"Hilton Head","State":"South Carolina","PrimSource":"petroleum","Total_MW":84,"Install_MW":117.9,"City":"Hilton Head Island","County":"Beaufort","Utility_Na":"South Carolina Public Service Authority","Longitude":-80.698754,"Latitude":32.208871}},{"type":"Feature","geometry":{"type":"Point","coordinates":[-79.9909090002597,33.2444040001947]},"properties":{"Plant_Name":"Jefferies","State":"South Carolina","PrimSource":"hydroelectric","Total_MW":140,"Install_MW":145.2,"City":"Moncks Corner","County":"Berkeley","Utility_Na":"South Carolina Public Service Authority","Longitude":-79.990909,"Latitude":33.244404}},{"type":"Feature","geometry":{"type":"Point","coordinates":[-78.9241459998744,33.7082830002258]},"properties":{"Plant_Name":"Myrtle Beach","State":"South Carolina","PrimSource":"petroleum","Total_MW":73,"Install_MW":111.5,"City":"Myrtle Beach","County":"Horry","Utility_Na":"South Carolina Public Service Authority","Longitude":-78.924146,"Latitude":33.708283}},{"type":"Feature","geometry":{"type":"Point","coordinates":[-80.1639860001876,33.4537589999731]},"properties":{"Plant_Name":"Spillway","State":"South Carolina","PrimSource":"hydroelectric","Total_MW":2,"Install_MW":2,"City":"Pineville","County":"Berkeley","Utility_Na":"South Carolina Public Service Authority","Longitude":-80.163986,"Latitude":33.453759}},{"type":"Feature","geometry":{"type":"Point","coordinates":[-82.1961000000629,33.6601999999587]},"properties":{"Plant_Name":"J Strom Thurmond","State":"South Carolina","PrimSource":"hydroelectric","Total_MW":336,"Install_MW":361.9,"City":"Clarks Hill","County":"McCormick","Utility_Na":"USCE-Savannah District","Longitude":-82.1961,"Latitude":33.6602}},{"type":"Feature","geometry":{"type":"Point","coordinates":[-90.1486800001279,35.0740870000485]},"properties":{"Plant_Name":"Allen","State":"Tennessee","PrimSource":"natural gas","Total_MW":1479.3,"Install_MW":1791.7,"City":"Memphis","County":"Shelby","Utility_Na":"Tennessee Valley Authority","Longitude":-90.14868,"Latitude":35.074087}},{"type":"Feature","geometry":{"type":"Point","coordinates":[-84.2956009997039,35.1677119998453]},"properties":{"Plant_Name":"Apalachia","State":"Tennessee","PrimSource":"hydroelectric","Total_MW":82.4,"Install_MW":93.6,"City":"Reliance","County":"Polk","Utility_Na":"Tennessee Valley Authority","Longitude":-84.295601,"Latitude":35.167712}},{"type":"Feature","geometry":{"type":"Point","coordinates":[-82.4381000003147,36.440300000026]},"properties":{"Plant_Name":"Boone Dam","State":"Tennessee","PrimSource":"hydroelectric","Total_MW":113.4,"Install_MW":105.9,"City":"Kingsport","County":"Sullivan","Utility_Na":"Tennessee Valley Authority","Longitude":-82.4381,"Latitude":36.4403}},{"type":"Feature","geometry":{"type":"Point","coordinates":[-83.497679999823,36.1681759997259]},"properties":{"Plant_Name":"Cherokee Dam","State":"Tennessee","PrimSource":"hydroelectric","Total_MW":141.6,"Install_MW":135,"City":"Rudledge","County":"Jefferson","Utility_Na":"Tennessee Valley Authority","Longitude":-83.49768,"Latitude":36.168176}},{"type":"Feature","geometry":{"type":"Point","coordinates":[-85.2294669998013,35.1017910001159]},"properties":{"Plant_Name":"Chickamauga","State":"Tennessee","PrimSource":"hydroelectric","Total_MW":141.6,"Install_MW":159.6,"City":"Chattanooga","County":"Hamilton","Utility_Na":"Tennessee Valley Authority","Longitude":-85.229467,"Latitude":35.101791}},{"type":"Feature","geometry":{"type":"Point","coordinates":[-87.6538999996001,36.3902999999927]},"properties":{"Plant_Name":"Cumberland (TN)","State":"Tennessee","PrimSource":"coal","Total_MW":2470,"Install_MW":2600,"City":"Cumberland City","County":"Stewart","Utility_Na":"Tennessee Valley Authority","Longitude":-87.6539,"Latitude":36.3903}},{"type":"Feature","geometry":{"type":"Point","coordinates":[-83.5392999997618,35.9623000002474]},"properties":{"Plant_Name":"Douglas Dam","State":"Tennessee","PrimSource":"hydroelectric","Total_MW":177.9,"Install_MW":150.8,"City":"Dandridge","County":"Sevier","Utility_Na":"Tennessee Valley Authority","Longitude":-83.5393,"Latitude":35.9623}},{"type":"Feature","geometry":{"type":"Point","coordinates":[-82.5086000003064,36.4981999997947]},"properties":{"Plant_Name":"Fort Patrick Henry","State":"Tennessee","PrimSource":"hydroelectric","Total_MW":40.7,"Install_MW":59.4,"City":"Kingsport","County":"Sullivan","Utility_Na":"Tennessee Valley Authority","Longitude":-82.5086,"Latitude":36.4982}},{"type":"Feature","geometry":{"type":"Point","coordinates":[-84.2430999995794,35.7916999996993]},"properties":{"Plant_Name":"Fort Loudoun","State":"Tennessee","PrimSource":"hydroelectric","Total_MW":168.2,"Install_MW":153.3,"City":"Lenoir City","County":"Loudon","Utility_Na":"Tennessee Valley Authority","Longitude":-84.2431,"Latitude":35.7917}},{"type":"Feature","geometry":{"type":"Point","coordinates":[-86.4005999997007,36.3155999999144]},"properties":{"Plant_Name":"Gallatin (TN)","State":"Tennessee","PrimSource":"coal","Total_MW":1555.6,"Install_MW":1918.4,"City":"Gallatin","County":"Sumner","Utility_Na":"Tennessee Valley Authority","Longitude":-86.4006,"Latitude":36.3156}},{"type":"Feature","geometry":{"type":"Point","coordinates":[-85.6340629998283,35.8067320001003]},"properties":{"Plant_Name":"Great Falls (TN)","State":"Tennessee","PrimSource":"hydroelectric","Total_MW":35.4,"Install_MW":33.7,"City":"Rock Island","County":"Warren","Utility_Na":"Tennessee Valley Authority","Longitude":-85.634063,"Latitude":35.806732}},{"type":"Feature","geometry":{"type":"Point","coordinates":[-82.9638999997838,36.3766999998467]},"properties":{"Plant_Name":"John Sevier","State":"Tennessee","PrimSource":"natural gas","Total_MW":878,"Install_MW":996.9,"City":"Rogersville","County":"Hawkins","Utility_Na":"Tennessee Valley Authority","Longitude":-82.9639,"Latitude":36.3767}},{"type":"Feature","geometry":{"type":"Point","coordinates":[-87.9861000001253,36.0277999998813]},"properties":{"Plant_Name":"Johnsonville","State":"Tennessee","PrimSource":"natural gas","Total_MW":1044.8,"Install_MW":1426,"City":"New Johnsonville","County":"Humphreys","Utility_Na":"Tennessee Valley Authority","Longitude":-87.9861,"Latitude":36.0278}},{"type":"Feature","geometry":{"type":"Point","coordinates":[-84.5194000004222,35.899200000178]},"properties":{"Plant_Name":"Kingston","State":"Tennessee","PrimSource":"coal","Total_MW":1147,"Install_MW":1700,"City":"Kingston","County":"Roane","Utility_Na":"Tennessee Valley Authority","Longitude":-84.5194,"Latitude":35.8992}},{"type":"Feature","geometry":{"type":"Point","coordinates":[-84.3002999998185,35.8852999997785]},"properties":{"Plant_Name":"Melton Hill","State":"Tennessee","PrimSource":"hydroelectric","Total_MW":79.2,"Install_MW":72,"City":"Lenoir City","County":"Loudon","Utility_Na":"Tennessee Valley Authority","Longitude":-84.3003,"Latitude":35.8853}},{"type":"Feature","geometry":{"type":"Point","coordinates":[-85.6217999999685,35.0017000001936]},"properties":{"Plant_Name":"Nickajack","State":"Tennessee","PrimSource":"hydroelectric","Total_MW":105.6,"Install_MW":103.9,"City":"New Hope","County":"Marion","Utility_Na":"Tennessee Valley Authority","Longitude":-85.6218,"Latitude":35.0017}},{"type":"Feature","geometry":{"type":"Point","coordinates":[-84.0914000000585,36.2242000001817]},"properties":{"Plant_Name":"Norris Dam","State":"Tennessee","PrimSource":"hydroelectric","Total_MW":127,"Install_MW":131.4,"City":"Norris","County":"Anderson","Utility_Na":"Tennessee Valley Authority","Longitude":-84.0914,"Latitude":36.2242}},{"type":"Feature","geometry":{"type":"Point","coordinates":[-84.6478000002617,35.0946999999756]},"properties":{"Plant_Name":"Ocoee 1","State":"Tennessee","PrimSource":"hydroelectric","Total_MW":24,"Install_MW":19,"City":"Benton","County":"Polk","Utility_Na":"Tennessee Valley Authority","Longitude":-84.6478,"Latitude":35.0947}},{"type":"Feature","geometry":{"type":"Point","coordinates":[-84.4911499996578,35.0822710003652]},"properties":{"Plant_Name":"Ocoee 2","State":"Tennessee","PrimSource":"hydroelectric","Total_MW":23.4,"Install_MW":23,"City":"Benton","County":"Polk","Utility_Na":"Tennessee Valley Authority","Longitude":-84.49115,"Latitude":35.082271}},{"type":"Feature","geometry":{"type":"Point","coordinates":[-84.4832999996823,35.0750000001166]},"properties":{"Plant_Name":"Ocoee 3","State":"Tennessee","PrimSource":"hydroelectric","Total_MW":28.6,"Install_MW":28.8,"City":"Benton","County":"Polk","Utility_Na":"Tennessee Valley Authority","Longitude":-84.4833,"Latitude":35.075}},{"type":"Feature","geometry":{"type":"Point","coordinates":[-88.249399999893,35.0683000002168]},"properties":{"Plant_Name":"Pickwick Landing Dam","State":"Tennessee","PrimSource":"hydroelectric","Total_MW":244.3,"Install_MW":240,"City":"Pickwick Dam","County":"Hardin","Utility_Na":"Tennessee Valley Authority","Longitude":-88.2494,"Latitude":35.0683}},{"type":"Feature","geometry":{"type":"Point","coordinates":[-82.0902130002572,36.5231739997452]},"properties":{"Plant_Name":"South Holston","State":"Tennessee","PrimSource":"hydroelectric","Total_MW":44.4,"Install_MW":38.5,"City":"Bristol","County":"Sullivan","Utility_Na":"Tennessee Valley Authority","Longitude":-82.090213,"Latitude":36.523174}},{"type":"Feature","geometry":{"type":"Point","coordinates":[-86.2782999999165,35.1966999996591]},"properties":{"Plant_Name":"Tims Ford","State":"Tennessee","PrimSource":"hydroelectric","Total_MW":40.2,"Install_MW":45.7,"City":"Winchester","County":"Franklin","Utility_Na":"Tennessee Valley Authority","Longitude":-86.2783,"Latitude":35.1967}},{"type":"Feature","geometry":{"type":"Point","coordinates":[-82.1264000001374,36.3412999999307]},"properties":{"Plant_Name":"Watauga","State":"Tennessee","PrimSource":"hydroelectric","Total_MW":67,"Install_MW":57.6,"City":"Elizabethton","County":"Carter","Utility_Na":"Tennessee Valley Authority","Longitude":-82.1264,"Latitude":36.3413}},{"type":"Feature","geometry":{"type":"Point","coordinates":[-84.7855270001855,35.6196730001394]},"properties":{"Plant_Name":"Watts Bar Hydro","State":"Tennessee","PrimSource":"hydroelectric","Total_MW":196.4,"Install_MW":174.6,"City":"Spring City","County":"Rhea","Utility_Na":"Tennessee Valley Authority","Longitude":-84.785527,"Latitude":35.619673}},{"type":"Feature","geometry":{"type":"Point","coordinates":[-82.1263890002668,36.3416670002366]},"properties":{"Plant_Name":"Wilbur","State":"Tennessee","PrimSource":"hydroelectric","Total_MW":11.1,"Install_MW":10.6,"City":"Elizabethon","County":"Carter","Utility_Na":"Tennessee Valley Authority","Longitude":-82.126389,"Latitude":36.341667}},{"type":"Feature","geometry":{"type":"Point","coordinates":[-85.9441600003986,36.2895389998915]},"properties":{"Plant_Name":"Cordell Hull","State":"Tennessee","PrimSource":"hydroelectric","Total_MW":106,"Install_MW":99.9,"City":"Carthage","County":"Smith","Utility_Na":"USCE-Nashville District","Longitude":-85.94416,"Latitude":36.289539}},{"type":"Feature","geometry":{"type":"Point","coordinates":[-85.4516999998241,36.5377999996616]},"properties":{"Plant_Name":"Dale Hollow","State":"Tennessee","PrimSource":"hydroelectric","Total_MW":62.1,"Install_MW":54,"City":"Celina","County":"Clay","Utility_Na":"USCE-Nashville District","Longitude":-85.4517,"Latitude":36.5378}},{"type":"Feature","geometry":{"type":"Point","coordinates":[-86.6556000001294,36.2972000003539]},"properties":{"Plant_Name":"Old Hickory","State":"Tennessee","PrimSource":"hydroelectric","Total_MW":115.7,"Install_MW":103.7,"City":"Hendersonville","County":"Sumner","Utility_Na":"USCE-Nashville District","Longitude":-86.6556,"Latitude":36.2972}},{"type":"Feature","geometry":{"type":"Point","coordinates":[-86.6185999997642,36.1564000003495]},"properties":{"Plant_Name":"J P Priest","State":"Tennessee","PrimSource":"hydroelectric","Total_MW":30,"Install_MW":28,"City":"Nashville","County":"Davidson","Utility_Na":"USCE-Nashville District","Longitude":-86.6186,"Latitude":36.1564}},{"type":"Feature","geometry":{"type":"Point","coordinates":[-85.111599999993,31.2231000001342]},"properties":{"Plant_Name":"Joseph M Farley","State":"Alabama","PrimSource":"nuclear","Total_MW":1791,"Install_MW":1776.4,"City":"Columbia","County":"Houston","Utility_Na":"Alabama Power Co","Longitude":-85.1116,"Latitude":31.2231}},{"type":"Feature","geometry":{"type":"Point","coordinates":[-87.0596999998638,33.6318999997549]},"properties":{"Plant_Name":"James H Miller Jr","State":"Alabama","PrimSource":"coal","Total_MW":2777.5,"Install_MW":2822,"City":"Quinton","County":"Jefferson","Utility_Na":"Alabama Power Co","Longitude":-87.0597,"Latitude":33.6319}},{"type":"Feature","geometry":{"type":"Point","coordinates":[-81.2944439999794,39.36666700022]},"properties":{"Plant_Name":"Pleasants Power Station","State":"West Virginia","PrimSource":"coal","Total_MW":1278,"Install_MW":1368,"City":"Willow Island","County":"Pleasants","Utility_Na":"Omnis Pleasants, LLC","Longitude":-81.294444,"Latitude":39.366667}},{"type":"Feature","geometry":{"type":"Point","coordinates":[-78.0114000002661,33.9596999997333]},"properties":{"Plant_Name":"Brunswick Nuclear","State":"North Carolina","PrimSource":"nuclear","Total_MW":1870,"Install_MW":2003.2,"City":"Southport","County":"Brunswick","Utility_Na":"Duke Energy Progress - (NC)","Longitude":-78.0114,"Latitude":33.9597}},{"type":"Feature","geometry":{"type":"Point","coordinates":[-78.9556000002031,35.6334000000978]},"properties":{"Plant_Name":"Harris","State":"North Carolina","PrimSource":"nuclear","Total_MW":964,"Install_MW":950.9,"City":"New Hill","County":"Wake","Utility_Na":"Duke Energy Progress - (NC)","Longitude":-78.9556,"Latitude":35.6334}},{"type":"Feature","geometry":{"type":"Point","coordinates":[-84.8514000000326,38.9035999997941]},"properties":{"Plant_Name":"East Bend","State":"Kentucky","PrimSource":"coal","Total_MW":600,"Install_MW":772,"City":"Union","County":"Boone","Utility_Na":"Duke Energy Kentucky Inc","Longitude":-84.8514,"Latitude":38.9036}},{"type":"Feature","geometry":{"type":"Point","coordinates":[-81.0693999998544,35.0514000002984]},"properties":{"Plant_Name":"Catawba","State":"South Carolina","PrimSource":"nuclear","Total_MW":2310.1,"Install_MW":2410.2,"City":"York","County":"York","Utility_Na":"Duke Energy Carolinas, LLC","Longitude":-81.0694,"Latitude":35.0514}},{"type":"Feature","geometry":{"type":"Point","coordinates":[-80.948599999745,35.4331000000927]},"properties":{"Plant_Name":"McGuire","State":"North Carolina","PrimSource":"nuclear","Total_MW":2315.6,"Install_MW":2440.6,"City":"Huntersville","County":"Mecklenburg","Utility_Na":"Duke Energy Carolinas, LLC","Longitude":-80.9486,"Latitude":35.4331}},{"type":"Feature","geometry":{"type":"Point","coordinates":[-83.8181000003622,38.6999999998246]},"properties":{"Plant_Name":"H L Spurlock","State":"Kentucky","PrimSource":"coal","Total_MW":1346,"Install_MW":1608.5,"City":"Maysville","County":"Mason","Utility_Na":"East Kentucky Power Coop, Inc","Longitude":-83.8181,"Latitude":38.7}},{"type":"Feature","geometry":{"type":"Point","coordinates":[-82.3456000003001,27.6057999996379]},"properties":{"Plant_Name":"Manatee","State":"Florida","PrimSource":"natural gas","Total_MW":2751,"Install_MW":2951.2,"City":"Parrish","County":"Manatee","Utility_Na":"Florida Power & Light Co","Longitude":-82.3456,"Latitude":27.6058}},{"type":"Feature","geometry":{"type":"Point","coordinates":[-80.5628000001766,27.0536000001509]},"properties":{"Plant_Name":"Martin","State":"Florida","PrimSource":"natural gas","Total_MW":2209,"Install_MW":2448.5,"City":"Indiantown","County":"Martin","Utility_Na":"Florida Power & Light Co","Longitude":-80.5628,"Latitude":27.0536}},{"type":"Feature","geometry":{"type":"Point","coordinates":[-80.2463890001891,27.3486109997066]},"properties":{"Plant_Name":"St Lucie","State":"Florida","PrimSource":"nuclear","Total_MW":1968,"Install_MW":2160,"City":"Jensen Beach","County":"St Lucie","Utility_Na":"Florida Power & Light Co","Longitude":-80.246389,"Latitude":27.348611}},{"type":"Feature","geometry":{"type":"Point","coordinates":[-81.3323289999012,28.9038630000007]},"properties":{"Plant_Name":"DeBary","State":"Florida","PrimSource":"petroleum","Total_MW":524,"Install_MW":748,"City":"DeBary","County":"Volusia","Utility_Na":"Duke Energy Florida, LLC","Longitude":-81.332329,"Latitude":28.903863}},{"type":"Feature","geometry":{"type":"Point","coordinates":[-82.3446999997766,31.9342000000197]},"properties":{"Plant_Name":"Edwin I Hatch","State":"Georgia","PrimSource":"nuclear","Total_MW":1759,"Install_MW":1848,"City":"Baxley","County":"Appling","Utility_Na":"Georgia Power Co","Longitude":-82.3447,"Latitude":31.9342}},{"type":"Feature","geometry":{"type":"Point","coordinates":[-89.3940000002345,31.2186000000387]},"properties":{"Plant_Name":"R D Morrow","State":"Mississippi","PrimSource":"natural gas","Total_MW":530.5,"Install_MW":558,"City":"Purvis","County":"Lamar","Utility_Na":"Cooperative Energy","Longitude":-89.394,"Latitude":31.2186}},{"type":"Feature","geometry":{"type":"Point","coordinates":[-85.4117000001092,38.5847000002062]},"properties":{"Plant_Name":"Trimble County","State":"Kentucky","PrimSource":"coal","Total_MW":2179,"Install_MW":2594.1,"City":"Bedford","County":"Trimble","Utility_Na":"Louisville Gas & Electric Co","Longitude":-85.4117,"Latitude":38.5847}},{"type":"Feature","geometry":{"type":"Point","coordinates":[-91.0477999995705,32.0081000001264]},"properties":{"Plant_Name":"Grand Gulf","State":"Mississippi","PrimSource":"nuclear","Total_MW":1390.3,"Install_MW":1440,"City":"Port Gibson","County":"Claiborne","Utility_Na":"System Energy Resources, Inc","Longitude":-91.0478,"Latitude":32.0081}},{"type":"Feature","geometry":{"type":"Point","coordinates":[-88.5552999995906,30.532199999984]},"properties":{"Plant_Name":"Victor J Daniel Jr","State":"Mississippi","PrimSource":"natural gas","Total_MW":2152.6,"Install_MW":2229,"City":"Escatawpa","County":"Jackson","Utility_Na":"Mississippi Power Co","Longitude":-88.5553,"Latitude":30.5322}},{"type":"Feature","geometry":{"type":"Point","coordinates":[-83.1574000000668,33.3502000000675]},"properties":{"Plant_Name":"Wallace Dam","State":"Georgia","PrimSource":"pumped storage","Total_MW":328,"Install_MW":321.2,"City":"Eatonton","County":"Hancock","Utility_Na":"Georgia Power Co","Longitude":-83.1574,"Latitude":33.3502}},{"type":"Feature","geometry":{"type":"Point","coordinates":[-81.1683470002539,32.3562870001911]},"properties":{"Plant_Name":"McIntosh","State":"Georgia","PrimSource":"natural gas","Total_MW":657.6,"Install_MW":810.4,"City":"Rincon","County":"Effingham","Utility_Na":"Georgia Power Co","Longitude":-81.168347,"Latitude":32.356287}},{"type":"Feature","geometry":{"type":"Point","coordinates":[-81.330799999914,34.3060999997531]},"properties":{"Plant_Name":"Fairfield Pumped Storage","State":"South Carolina","PrimSource":"pumped storage","Total_MW":576,"Install_MW":587.2,"City":"Jenkinsville","County":"Fairfield","Utility_Na":"Dominion Energy South Carolina, Inc","Longitude":-81.3308,"Latitude":34.3061}},{"type":"Feature","geometry":{"type":"Point","coordinates":[-81.3152999999795,34.2983000001812]},"properties":{"Plant_Name":"V C Summer","State":"South Carolina","PrimSource":"nuclear","Total_MW":977.2,"Install_MW":1029.6,"City":"Jenkinsville","County":"Fairfield","Utility_Na":"Dominion Energy South Carolina, Inc","Longitude":-81.3153,"Latitude":34.2983}},{"type":"Feature","geometry":{"type":"Point","coordinates":[-80.9387139996191,36.8082290002275]},"properties":{"Plant_Name":"Buck Hydro","State":"Virginia","PrimSource":"hydroelectric","Total_MW":9,"Install_MW":8.4,"City":"Ivanhoe","County":"Carroll","Utility_Na":"Appalachian Power Co","Longitude":-80.938714,"Latitude":36.808229}},{"type":"Feature","geometry":{"type":"Point","coordinates":[-80.9332999998271,36.7857999997956]},"properties":{"Plant_Name":"Byllesby 2","State":"Virginia","PrimSource":"hydroelectric","Total_MW":31.6,"Install_MW":21.6,"City":"Ivanhoe","County":"Carroll","Utility_Na":"Appalachian Power Co","Longitude":-80.9333,"Latitude":36.7858}},{"type":"Feature","geometry":{"type":"Point","coordinates":[-80.5846999997421,37.0750000003461]},"properties":{"Plant_Name":"Claytor","State":"Virginia","PrimSource":"hydroelectric","Total_MW":58.8,"Install_MW":74.8,"City":"Radford","County":"Pulaski","Utility_Na":"Appalachian Power Co","Longitude":-80.5847,"Latitude":37.075}},{"type":"Feature","geometry":{"type":"Point","coordinates":[-82.1997000003607,36.9332999997374]},"properties":{"Plant_Name":"Clinch River","State":"Virginia","PrimSource":"natural gas","Total_MW":460,"Install_MW":475,"City":"Cleveland","County":"Russell","Utility_Na":"Appalachian Power Co","Longitude":-82.1997,"Latitude":36.9333}},{"type":"Feature","geometry":{"type":"Point","coordinates":[-79.4024999998841,37.0932999998825]},"properties":{"Plant_Name":"Leesville","State":"Virginia","PrimSource":"hydroelectric","Total_MW":50,"Install_MW":40,"City":"Hurt","County":"Pittsylvania","Utility_Na":"Appalachian Power Co","Longitude":-79.4025,"Latitude":37.0933}},{"type":"Feature","geometry":{"type":"Point","coordinates":[-79.8755999999353,37.254399999872]},"properties":{"Plant_Name":"Niagara","State":"Virginia","PrimSource":"hydroelectric","Total_MW":1.8,"Install_MW":3.6,"City":"Vinton","County":"Roanoke","Utility_Na":"Appalachian Power Co","Longitude":-79.8756,"Latitude":37.2544}},{"type":"Feature","geometry":{"type":"Point","coordinates":[-79.1856000003607,37.4639000000259]},"properties":{"Plant_Name":"Reusens","State":"Virginia","PrimSource":"hydroelectric","Total_MW":12.5,"Install_MW":12.5,"City":"Lynchburg","County":"Campbell","Utility_Na":"Eagle Creek Renewable Energy, LLC","Longitude":-79.1856,"Latitude":37.4639}},{"type":"Feature","geometry":{"type":"Point","coordinates":[-79.5355999996632,37.0413000003055]},"properties":{"Plant_Name":"Smith Mountain","State":"Virginia","PrimSource":"hydroelectric","Total_MW":586,"Install_MW":547.5,"City":"Penhook","County":"Pittsylvania","Utility_Na":"Appalachian Power Co","Longitude":-79.5356,"Latitude":37.0413}},{"type":"Feature","geometry":{"type":"Point","coordinates":[-75.9682000001656,37.2716999999455]},"properties":{"Plant_Name":"Bayview","State":"Virginia","PrimSource":"petroleum","Total_MW":12.6,"Install_MW":12,"City":"Bayview","County":"Northampton","Utility_Na":"Calpine Mid-Atlantic Generation LLC","Longitude":-75.9682,"Latitude":37.2717}},{"type":"Feature","geometry":{"type":"Point","coordinates":[-75.7031000002491,37.7060999998733]},"properties":{"Plant_Name":"Tasley","State":"Virginia","PrimSource":"petroleum","Total_MW":29.9,"Install_MW":27,"City":"Tasley","County":"Accomack","Utility_Na":"Calpine Mid-Atlantic Generation LLC","Longitude":-75.7031,"Latitude":37.7061}},{"type":"Feature","geometry":{"type":"Point","coordinates":[-78.4988880000161,38.6766670001223]},"properties":{"Plant_Name":"Luray Hydro Station","State":"Virginia","PrimSource":"hydroelectric","Total_MW":1.1,"Install_MW":1.6,"City":"Luray","County":"Page","Utility_Na":"Eagle Creek Renewable Energy, LLC","Longitude":-78.498888,"Latitude":38.676667}},{"type":"Feature","geometry":{"type":"Point","coordinates":[-78.5936109997788,38.571389000305]},"properties":{"Plant_Name":"Newport Hydro Station","State":"Virginia","PrimSource":"hydroelectric","Total_MW":1.3,"Install_MW":1.4,"City":"Newport","County":"Page","Utility_Na":"Eagle Creek Renewable Energy, LLC","Longitude":-78.593611,"Latitude":38.571389}},{"type":"Feature","geometry":{"type":"Point","coordinates":[-77.3832999999719,37.3822000002309]},"properties":{"Plant_Name":"Chesterfield","State":"Virginia","PrimSource":"natural gas","Total_MW":385.5,"Install_MW":446.6,"City":"Chester","County":"Chesterfield","Utility_Na":"Virginia Electric & Power Co","Longitude":-77.3833,"Latitude":37.3822}},{"type":"Feature","geometry":{"type":"Point","coordinates":[-84.6733000001249,34.612099999687]},"properties":{"Plant_Name":"Carters","State":"Georgia","PrimSource":"pumped storage","Total_MW":560,"Install_MW":500,"City":"Chatsworth","County":"Murray","Utility_Na":"USCE-Mobile District","Longitude":-84.6733,"Latitude":34.6121}},{"type":"Feature","geometry":{"type":"Point","coordinates":[-86.7843189998112,32.3242420000377]},"properties":{"Plant_Name":"Jones Bluff","State":"Alabama","PrimSource":"hydroelectric","Total_MW":82,"Install_MW":82,"City":"Selma","County":"Autauga","Utility_Na":"USCE-Mobile District","Longitude":-86.784319,"Latitude":32.324242}},{"type":"Feature","geometry":{"type":"Point","coordinates":[-82.5952999998413,34.0256000002424]},"properties":{"Plant_Name":"Richard B Russell","State":"Georgia","PrimSource":"pumped storage","Total_MW":664,"Install_MW":628,"City":"Elberton","County":"Elbert","Utility_Na":"USCE-Savannah District","Longitude":-82.5953,"Latitude":34.0256}},{"type":"Feature","geometry":{"type":"Point","coordinates":[-85.1886999996322,32.9186739996536]},"properties":{"Plant_Name":"West Point (GA)","State":"Georgia","PrimSource":"hydroelectric","Total_MW":87,"Install_MW":73.3,"City":"West Point","County":"Troup","Utility_Na":"USCE-Mobile District","Longitude":-85.1887,"Latitude":32.918674}},{"type":"Feature","geometry":{"type":"Point","coordinates":[-85.9278000001235,34.7091999998524]},"properties":{"Plant_Name":"Bellefonte","State":"Alabama","PrimSource":"petroleum","Total_MW":14,"Install_MW":14,"City":"Hollywood","County":"Jackson","Utility_Na":"Tennessee Valley Authority","Longitude":-85.9278,"Latitude":34.7092}},{"type":"Feature","geometry":{"type":"Point","coordinates":[-85.3879340002726,35.0557949997338]},"properties":{"Plant_Name":"Raccoon Mountain","State":"Tennessee","PrimSource":"pumped storage","Total_MW":1616.3,"Install_MW":1713.6,"City":"Chattanooga","County":"Hamilton","Utility_Na":"Tennessee Valley Authority","Longitude":-85.387934,"Latitude":35.055795}},{"type":"Feature","geometry":{"type":"Point","coordinates":[-85.0916999996946,35.2267000000067]},"properties":{"Plant_Name":"Sequoyah","State":"Tennessee","PrimSource":"nuclear","Total_MW":2277.7,"Install_MW":2441,"City":"Soddy Daisy","County":"Hamilton","Utility_Na":"Tennessee Valley Authority","Longitude":-85.0917,"Latitude":35.2267}},{"type":"Feature","geometry":{"type":"Point","coordinates":[-79.799999999971,38.2088899999453]},"properties":{"Plant_Name":"Bath County","State":"Virginia","PrimSource":"pumped storage","Total_MW":3015.1,"Install_MW":2862,"City":"Warm Springs","County":"Bath","Utility_Na":"Virginia Electric & Power Co","Longitude":-79.8,"Latitude":38.20889}},{"type":"Feature","geometry":{"type":"Point","coordinates":[-77.7897000003457,38.0600000002651]},"properties":{"Plant_Name":"North Anna","State":"Virginia","PrimSource":"nuclear","Total_MW":1893,"Install_MW":1960.4,"City":"Mineral","County":"Louisa","Utility_Na":"Virginia Electric & Power Co","Longitude":-77.7897,"Latitude":38.06}},{"type":"Feature","geometry":{"type":"Point","coordinates":[-84.2699999995584,36.961400000115]},"properties":{"Plant_Name":"Laurel Dam","State":"Kentucky","PrimSource":"hydroelectric","Total_MW":61,"Install_MW":70,"City":"London","County":"Laurel","Utility_Na":"USCE-Nashville District","Longitude":-84.27,"Latitude":36.9614}},{"type":"Feature","geometry":{"type":"Point","coordinates":[-79.3808229999014,37.5928870001715]},"properties":{"Plant_Name":"Cushaw","State":"Virginia","PrimSource":"hydroelectric","Total_MW":2,"Install_MW":7.5,"City":"Warm Springs","County":"Amherst","Utility_Na":"Cushaw Hydro LLC","Longitude":-79.380823,"Latitude":37.592887}},{"type":"Feature","geometry":{"type":"Point","coordinates":[-79.8920000003934,37.7770000000829]},"properties":{"Plant_Name":"Low Moor","State":"Virginia","PrimSource":"petroleum","Total_MW":48,"Install_MW":82.8,"City":"Covington","County":"Alleghany","Utility_Na":"Virginia Electric & Power Co","Longitude":-79.892,"Latitude":37.777}},{"type":"Feature","geometry":{"type":"Point","coordinates":[-76.7109999996154,37.9500000000497]},"properties":{"Plant_Name":"Northern Neck","State":"Virginia","PrimSource":"petroleum","Total_MW":47,"Install_MW":82.8,"City":"Warsaw","County":"Richmond","Utility_Na":"Virginia Electric & Power Co","Longitude":-76.711,"Latitude":37.95}},{"type":"Feature","geometry":{"type":"Point","coordinates":[-76.3019000003658,36.7711000000022]},"properties":{"Plant_Name":"Chesapeake","State":"Virginia","PrimSource":"petroleum","Total_MW":38.9,"Install_MW":51.1,"City":"Chesapeake","County":"Chesapeake","Utility_Na":"Virginia Electric & Power Co","Longitude":-76.3019,"Latitude":36.7711}},{"type":"Feature","geometry":{"type":"Point","coordinates":[-77.2806000000121,38.5367000000294]},"properties":{"Plant_Name":"Possum Point","State":"Virginia","PrimSource":"natural gas","Total_MW":644.5,"Install_MW":709,"City":"Dumfries","County":"Prince William","Utility_Na":"Virginia Electric & Power Co","Longitude":-77.2806,"Latitude":38.5367}},{"type":"Feature","geometry":{"type":"Point","coordinates":[-76.6986000003865,37.1660999996828]},"properties":{"Plant_Name":"Surry","State":"Virginia","PrimSource":"nuclear","Total_MW":1676,"Install_MW":1695,"City":"Surry","County":"Surry","Utility_Na":"Virginia Electric & Power Co","Longitude":-76.6986,"Latitude":37.1661}},{"type":"Feature","geometry":{"type":"Point","coordinates":[-79.3715000000151,37.5736000002926]},"properties":{"Plant_Name":"Snowden","State":"Virginia","PrimSource":"hydroelectric","Total_MW":5,"Install_MW":5,"City":"Big Island","County":"Bedford","Utility_Na":"Town of Bedford - (VA)","Longitude":-79.3715,"Latitude":37.5736}},{"type":"Feature","geometry":{"type":"Point","coordinates":[-80.447896999733,36.6668660002404]},"properties":{"Plant_Name":"Pinnacles","State":"Virginia","PrimSource":"hydroelectric","Total_MW":11.1,"Install_MW":11.8,"City":"Ararat","County":"Patrick","Utility_Na":"Northbrook Virginia Hydro, LLC","Longitude":-80.447897,"Latitude":36.666866}},{"type":"Feature","geometry":{"type":"Point","coordinates":[-79.8835880000031,36.6641450003289]},"properties":{"Plant_Name":"Martinsville","State":"Virginia","PrimSource":"hydroelectric","Total_MW":1.2,"Install_MW":1.3,"City":"Martinsville","County":"Henry","Utility_Na":"City of Martinsville - (VA)","Longitude":-79.883588,"Latitude":36.664145}},{"type":"Feature","geometry":{"type":"Point","coordinates":[-80.5727259995872,37.0783659998323]},"properties":{"Plant_Name":"Radford","State":"Virginia","PrimSource":"hydroelectric","Total_MW":1,"Install_MW":1,"City":"Radford","County":"Pulaski","Utility_Na":"City of Radford - (VA)","Longitude":-80.572726,"Latitude":37.078366}},{"type":"Feature","geometry":{"type":"Point","coordinates":[-78.3005000003708,36.5994300003262]},"properties":{"Plant_Name":"John H Kerr","State":"Virginia","PrimSource":"hydroelectric","Total_MW":296.6,"Install_MW":296.8,"City":"Boydton","County":"Mecklenburg","Utility_Na":"USCE-Wilmington District","Longitude":-78.3005,"Latitude":36.59943}},{"type":"Feature","geometry":{"type":"Point","coordinates":[-80.0281000004206,36.780299999958]},"properties":{"Plant_Name":"Philpott Lake","State":"Virginia","PrimSource":"hydroelectric","Total_MW":15.6,"Install_MW":14,"City":"Bassett","County":"Henry","Utility_Na":"USCE-Wilmington District","Longitude":-80.0281,"Latitude":36.7803}},{"type":"Feature","geometry":{"type":"Point","coordinates":[-85.6160470002427,33.2582809997397]},"properties":{"Plant_Name":"Harris Dam","State":"Alabama","PrimSource":"hydroelectric","Total_MW":133,"Install_MW":135,"City":"Lineville","County":"Randolph","Utility_Na":"Alabama Power Co","Longitude":-85.616047,"Latitude":33.258281}},{"type":"Feature","geometry":{"type":"Point","coordinates":[-85.3039420000095,34.3555379996934]},"properties":{"Plant_Name":"Rocky Mountain Hydroelectric Plant","State":"Georgia","PrimSource":"pumped storage","Total_MW":1035,"Install_MW":847.8,"City":"Rome","County":"Floyd","Utility_Na":"Oglethorpe Power Corporation","Longitude":-85.303942,"Latitude":34.355538}},{"type":"Feature","geometry":{"type":"Point","coordinates":[-81.8232999997731,38.473100000133]},"properties":{"Plant_Name":"John E Amos","State":"West Virginia","PrimSource":"coal","Total_MW":2900,"Install_MW":2932.6,"City":"St Albans","County":"Putnam","Utility_Na":"Appalachian Power Co","Longitude":-81.8233,"Latitude":38.4731}},{"type":"Feature","geometry":{"type":"Point","coordinates":[-79.9275000001853,39.7108329998336]},"properties":{"Plant_Name":"FirstEnergy Fort Martin Power Station","State":"West Virginia","PrimSource":"coal","Total_MW":1098,"Install_MW":1152,"City":"Maidsville","County":"Monongalia","Utility_Na":"Monongahela Power Co","Longitude":-79.9275,"Latitude":39.710833}},{"type":"Feature","geometry":{"type":"Point","coordinates":[-80.3325000004433,39.3841669996629]},"properties":{"Plant_Name":"FirstEnergy Harrison Power Station","State":"West Virginia","PrimSource":"coal","Total_MW":1954,"Install_MW":2052,"City":"Haywood","County":"Harrison","Utility_Na":"Monongahela Power Co","Longitude":-80.3325,"Latitude":39.384167}},{"type":"Feature","geometry":{"type":"Point","coordinates":[-80.8152999999493,39.8297000000431]},"properties":{"Plant_Name":"Mitchell (WV)","State":"West Virginia","PrimSource":"coal","Total_MW":1560,"Install_MW":1632.6,"City":"Captina","County":"Marshall","Utility_Na":"Kentucky Power Co","Longitude":-80.8153,"Latitude":39.8297}},{"type":"Feature","geometry":{"type":"Point","coordinates":[-79.2635999996252,39.200799999691]},"properties":{"Plant_Name":"Mt Storm","State":"West Virginia","PrimSource":"coal","Total_MW":1624.5,"Install_MW":1680.9,"City":"Mount Storm","County":"Grant","Utility_Na":"Virginia Electric & Power Co","Longitude":-79.2636,"Latitude":39.2008}},{"type":"Feature","geometry":{"type":"Point","coordinates":[-79.3572360001649,33.3318400002144]},"properties":{"Plant_Name":"Winyah","State":"South Carolina","PrimSource":"coal","Total_MW":1130,"Install_MW":1275.8,"City":"Georgetown","County":"Georgetown","Utility_Na":"South Carolina Public Service Authority","Longitude":-79.357236,"Latitude":33.33184}},{"type":"Feature","geometry":{"type":"Point","coordinates":[-78.891699999859,36.5277999998003]},"properties":{"Plant_Name":"Mayo","State":"North Carolina","PrimSource":"coal","Total_MW":704,"Install_MW":763.2,"City":"Roxboro","County":"Person","Utility_Na":"Duke Energy Progress - (NC)","Longitude":-78.8917,"Latitude":36.5278}},{"type":"Feature","geometry":{"type":"Point","coordinates":[-83.8075000003838,33.0605999998368]},"properties":{"Plant_Name":"Scherer","State":"Georgia","PrimSource":"coal","Total_MW":2580,"Install_MW":2673,"City":"Juliette","County":"Monroe","Utility_Na":"Georgia Power Co","Longitude":-83.8075,"Latitude":33.0606}},{"type":"Feature","geometry":{"type":"Point","coordinates":[-81.7482940000106,33.1377110000251]},"properties":{"Plant_Name":"Wilson","State":"Georgia","PrimSource":"petroleum","Total_MW":297.5,"Install_MW":317.6,"City":"Waynesboro","County":"Burke","Utility_Na":"Georgia Power Co","Longitude":-81.748294,"Latitude":33.137711}},{"type":"Feature","geometry":{"type":"Point","coordinates":[-81.9344000004277,38.9793999996907]},"properties":{"Plant_Name":"Mountaineer","State":"West Virginia","PrimSource":"coal","Total_MW":1299,"Install_MW":1300,"City":"New Haven","County":"Mason","Utility_Na":"Appalachian Power Co","Longitude":-81.9344,"Latitude":38.9794}},{"type":"Feature","geometry":{"type":"Point","coordinates":[-75.9797220004089,35.1094439999157]},"properties":{"Plant_Name":"Ocracoke Hybrid","State":"North Carolina","PrimSource":"petroleum","Total_MW":4,"Install_MW":4,"City":"Ocracoke","County":"Hyde","Utility_Na":"North Carolina El Member Corp","Longitude":-75.979722,"Latitude":35.109444}},{"type":"Feature","geometry":{"type":"Point","coordinates":[-75.9914999998468,37.8276999997624]},"properties":{"Plant_Name":"Tangier","State":"Virginia","PrimSource":"petroleum","Total_MW":2.4,"Install_MW":2.4,"City":"Tangier","County":"Accomack","Utility_Na":"A & N Electric Coop","Longitude":-75.9915,"Latitude":37.8277}},{"type":"Feature","geometry":{"type":"Point","coordinates":[-85.8273999999047,36.0972000002447]},"properties":{"Plant_Name":"Center Hill","State":"Tennessee","PrimSource":"hydroelectric","Total_MW":154,"Install_MW":140,"City":"Lancaster","County":"DeKalb","Utility_Na":"USCE-Nashville District","Longitude":-85.8274,"Latitude":36.0972}},{"type":"Feature","geometry":{"type":"Point","coordinates":[-87.2218999998039,36.3208000003159]},"properties":{"Plant_Name":"Cheatham","State":"Tennessee","PrimSource":"hydroelectric","Total_MW":41.4,"Install_MW":36,"City":"Ashland City","County":"Dickson","Utility_Na":"USCE-Nashville District","Longitude":-87.2219,"Latitude":36.3208}},{"type":"Feature","geometry":{"type":"Point","coordinates":[-83.6760159997322,35.2712700002698]},"properties":{"Plant_Name":"Queens Creek","State":"North Carolina","PrimSource":"hydroelectric","Total_MW":1.4,"Install_MW":1.4,"City":"Topton","County":"Macon","Utility_Na":"Duke Energy Carolinas, LLC","Longitude":-83.676016,"Latitude":35.27127}},{"type":"Feature","geometry":{"type":"Point","coordinates":[-87.6253700002498,34.7978199996493]},"properties":{"Plant_Name":"Wilson Dam","State":"Alabama","PrimSource":"hydroelectric","Total_MW":667.5,"Install_MW":666.7,"City":"Muscle Shoals","County":"Lauderdale","Utility_Na":"Tennessee Valley Authority","Longitude":-87.62537,"Latitude":34.79782}},{"type":"Feature","geometry":{"type":"Point","coordinates":[-82.8872000001776,34.7980999996748]},"properties":{"Plant_Name":"Keowee","State":"South Carolina","PrimSource":"hydroelectric","Total_MW":152,"Install_MW":157.6,"City":"Seneca","County":"Pickens","Utility_Na":"Duke Energy Carolinas, LLC","Longitude":-82.8872,"Latitude":34.7981}},{"type":"Feature","geometry":{"type":"Point","coordinates":[-77.82694400021,39.4930559996558]},"properties":{"Plant_Name":"Dam No. 4 Hydro Station","State":"West Virginia","PrimSource":"hydroelectric","Total_MW":1.9,"Install_MW":1.9,"City":"Shepherdstown","County":"Jefferson","Utility_Na":"Eagle Creek Renewable Energy, LLC","Longitude":-77.826944,"Latitude":39.493056}},{"type":"Feature","geometry":{"type":"Point","coordinates":[-77.923055000393,39.6049999999478]},"properties":{"Plant_Name":"Dam No. 5 Hydro Station","State":"West Virginia","PrimSource":"hydroelectric","Total_MW":1,"Install_MW":1,"City":"Hedgesville","County":"Berkeley","Utility_Na":"Eagle Creek Renewable Energy, LLC","Longitude":-77.923055,"Latitude":39.605}},{"type":"Feature","geometry":{"type":"Point","coordinates":[-77.7844439998392,39.2730560002613]},"properties":{"Plant_Name":"Millville Hydro Station","State":"West Virginia","PrimSource":"hydroelectric","Total_MW":2.4,"Install_MW":2.8,"City":"Millville","County":"Jefferson","Utility_Na":"Eagle Creek Renewable Energy, LLC","Longitude":-77.784444,"Latitude":39.273056}},{"type":"Feature","geometry":{"type":"Point","coordinates":[-81.3705999996124,38.1944000003434]},"properties":{"Plant_Name":"London","State":"West Virginia","PrimSource":"hydroelectric","Total_MW":14.4,"Install_MW":14.4,"City":"Handley","County":"Kanawha","Utility_Na":"Appalachian Power Co","Longitude":-81.3706,"Latitude":38.1944}},{"type":"Feature","geometry":{"type":"Point","coordinates":[-81.569500000342,38.2525999996973]},"properties":{"Plant_Name":"Marmet","State":"West Virginia","PrimSource":"hydroelectric","Total_MW":14.4,"Install_MW":14.4,"City":"Marmet","County":"Kanawha","Utility_Na":"Appalachian Power Co","Longitude":-81.5695,"Latitude":38.2526}},{"type":"Feature","geometry":{"type":"Point","coordinates":[-81.9139200001711,38.5274000000219]},"properties":{"Plant_Name":"Winfield","State":"West Virginia","PrimSource":"hydroelectric","Total_MW":18.7,"Install_MW":24.5,"City":"Winfield","County":"Putnam","Utility_Na":"Appalachian Power Co","Longitude":-81.91392,"Latitude":38.5274}},{"type":"Feature","geometry":{"type":"Point","coordinates":[-81.7342000000397,24.5633329998435]},"properties":{"Plant_Name":"Stock Island","State":"Florida","PrimSource":"petroleum","Total_MW":114.5,"Install_MW":126.5,"City":"Stock Island","County":"Monroe","Utility_Na":"Utility Board of Key West City","Longitude":-81.7342,"Latitude":24.563333}},{"type":"Feature","geometry":{"type":"Point","coordinates":[-87.4999999998973,37.646099999758]},"properties":{"Plant_Name":"R D Green","State":"Kentucky","PrimSource":"natural gas","Total_MW":454,"Install_MW":586,"City":"Robards","County":"Webster","Utility_Na":"Big Rivers Electric Corp","Longitude":-87.5,"Latitude":37.6461}},{"type":"Feature","geometry":{"type":"Point","coordinates":[-79.9299999999429,33.4260999999815]},"properties":{"Plant_Name":"St Stephen","State":"South Carolina","PrimSource":"hydroelectric","Total_MW":84,"Install_MW":84,"City":"St. Stephen","County":"Berkeley","Utility_Na":"US Army Corps of Engineers","Longitude":-79.93,"Latitude":33.4261}},{"type":"Feature","geometry":{"type":"Point","coordinates":[-87.0806000002449,37.4496999999303]},"properties":{"Plant_Name":"D B Wilson","State":"Kentucky","PrimSource":"coal","Total_MW":417,"Install_MW":509.4,"City":"Centertown","County":"Ohio","Utility_Na":"Big Rivers Electric Corp","Longitude":-87.0806,"Latitude":37.4497}},{"type":"Feature","geometry":{"type":"Point","coordinates":[-76.6911000002154,37.1574999998259]},"properties":{"Plant_Name":"Gravel Neck","State":"Virginia","PrimSource":"natural gas","Total_MW":368,"Install_MW":407.7,"City":"Surry","County":"Surry","Utility_Na":"Virginia Electric & Power Co","Longitude":-76.6911,"Latitude":37.1575}},{"type":"Feature","geometry":{"type":"Point","coordinates":[-88.0299000001546,31.2545999998134]},"properties":{"Plant_Name":"McIntosh (AL)","State":"Alabama","PrimSource":"natural gas","Total_MW":580,"Install_MW":676,"City":"McIntosh","County":"Washington","Utility_Na":"PowerSouth Energy Cooperative","Longitude":-88.0299,"Latitude":31.2546}},{"type":"Feature","geometry":{"type":"Point","coordinates":[-82.9974999998677,35.0074999998431]},"properties":{"Plant_Name":"Bad Creek","State":"South Carolina","PrimSource":"pumped storage","Total_MW":1680,"Install_MW":1680,"City":"Salem","County":"Oconee","Utility_Na":"Duke Energy Carolinas, LLC","Longitude":-82.9975,"Latitude":35.0075}},{"type":"Feature","geometry":{"type":"Point","coordinates":[-83.4984480001021,33.9891529997996]},"properties":{"Plant_Name":"Tallassee Hydro Project","State":"Georgia","PrimSource":"hydroelectric","Total_MW":2.1,"Install_MW":2.3,"City":"Clarke","County":"Clarke","Utility_Na":"Tallassee Shoals LLC","Longitude":-83.498448,"Latitude":33.989153}},{"type":"Feature","geometry":{"type":"Point","coordinates":[-81.030000000189,33.3643999996542]},"properties":{"Plant_Name":"Cope","State":"South Carolina","PrimSource":"natural gas","Total_MW":415,"Install_MW":417.3,"City":"Cope","County":"Orangeburg","Utility_Na":"Dominion Energy South Carolina, Inc","Longitude":-81.03,"Latitude":33.3644}},{"type":"Feature","geometry":{"type":"Point","coordinates":[-77.3685440000271,37.4982229998092]},"properties":{"Plant_Name":"Darbytown","State":"Virginia","PrimSource":"natural gas","Total_MW":340,"Install_MW":368.4,"City":"Richmond","County":"Henrico","Utility_Na":"Virginia Electric & Power Co","Longitude":-77.368544,"Latitude":37.498223}},{"type":"Feature","geometry":{"type":"Point","coordinates":[-78.7040000000557,36.8690000002799]},"properties":{"Plant_Name":"Clover","State":"Virginia","PrimSource":"coal","Total_MW":877.1,"Install_MW":848,"City":"Clover","County":"Halifax","Utility_Na":"Virginia Electric & Power Co","Longitude":-78.704,"Latitude":36.869}},{"type":"Feature","geometry":{"type":"Point","coordinates":[-81.532999999569,28.2764000000081]},"properties":{"Plant_Name":"Cane Island","State":"Florida","PrimSource":"natural gas","Total_MW":679,"Install_MW":706,"City":"Intercession City","County":"Osceola","Utility_Na":"Kissimmee Utility Authority","Longitude":-81.533,"Latitude":28.2764}},{"type":"Feature","geometry":{"type":"Point","coordinates":[-81.9897000000605,27.7286000002426]},"properties":{"Plant_Name":"Polk","State":"Florida","PrimSource":"natural gas","Total_MW":1281,"Install_MW":1492.5,"City":"Mulberry","County":"Polk","Utility_Na":"Tampa Electric Co","Longitude":-81.9897,"Latitude":27.7286}},{"type":"Feature","geometry":{"type":"Point","coordinates":[-81.0347000001286,35.4316999999588]},"properties":{"Plant_Name":"Lincoln Combustion","State":"North Carolina","PrimSource":"natural gas","Total_MW":1526,"Install_MW":2290,"City":"Stanley","County":"Lincoln","Utility_Na":"Duke Energy Carolinas, LLC","Longitude":-81.0347,"Latitude":35.4317}},{"type":"Feature","geometry":{"type":"Point","coordinates":[-81.1242479995756,32.100354000063]},"properties":{"Plant_Name":"International Paper Savanna Mill","State":"Georgia","PrimSource":"biomass","Total_MW":153.9,"Install_MW":154,"City":"Savannah","County":"Chatham","Utility_Na":"International Paper Co","Longitude":-81.124248,"Latitude":32.100354}},{"type":"Feature","geometry":{"type":"Point","coordinates":[-84.0667000002615,32.2544000000248]},"properties":{"Plant_Name":"Flint River Operations","State":"Georgia","PrimSource":"biomass","Total_MW":77,"Install_MW":77,"City":"Oglethorpe","County":"Macon","Utility_Na":"International Paper - Flint River Mill","Longitude":-84.0667,"Latitude":32.2544}},{"type":"Feature","geometry":{"type":"Point","coordinates":[-82.8644000000886,30.4522000001616]},"properties":{"Plant_Name":"Swift Creek Chemical Complex","State":"Florida","PrimSource":"other","Total_MW":15.9,"Install_MW":18.8,"City":"White Springs","County":"Hamilton","Utility_Na":"White Springs Agrici Chem Inc","Longitude":-82.8644,"Latitude":30.4522}},{"type":"Feature","geometry":{"type":"Point","coordinates":[-79.3570000001634,37.5339999996763]},"properties":{"Plant_Name":"Georgia-Pacific Big Island","State":"Virginia","PrimSource":"biomass","Total_MW":7.4,"Install_MW":7.9,"City":"Big Island","County":"Bedford","Utility_Na":"GP Big Island LLC","Longitude":-79.357,"Latitude":37.534}},{"type":"Feature","geometry":{"type":"Point","coordinates":[-82.5431000000156,36.5218999997911]},"properties":{"Plant_Name":"Tennessee Eastman Operations","State":"Tennessee","PrimSource":"coal","Total_MW":194.3,"Install_MW":194.3,"City":"Kingsport","County":"Sullivan","Utility_Na":"Eastman Chemical Co-TN Ops","Longitude":-82.5431,"Latitude":36.5219}},{"type":"Feature","geometry":{"type":"Point","coordinates":[-80.937700000191,26.7350999998928]},"properties":{"Plant_Name":"Clewiston Sugar House","State":"Florida","PrimSource":"biomass","Total_MW":44.6,"Install_MW":49,"City":"Clewiston","County":"Hendry","Utility_Na":"United States Sugar Corp","Longitude":-80.9377,"Latitude":26.7351}},{"type":"Feature","geometry":{"type":"Point","coordinates":[-80.8546999996147,39.7475000001381]},"properties":{"Plant_Name":"Axiall Natrium Plant","State":"West Virginia","PrimSource":"natural gas","Total_MW":115.5,"Install_MW":115.5,"City":"New Martinsville","County":"Marshall","Utility_Na":"Westlake Chemical Natrium Plant","Longitude":-80.8547,"Latitude":39.7475}},{"type":"Feature","geometry":{"type":"Point","coordinates":[-76.7798640003881,35.3762659996732]},"properties":{"Plant_Name":"PCS Phosphate","State":"North Carolina","PrimSource":"other","Total_MW":54,"Install_MW":54,"City":"Aurora","County":"Beaufort","Utility_Na":"PCS Phosphate","Longitude":-76.779864,"Latitude":35.376266}},{"type":"Feature","geometry":{"type":"Point","coordinates":[-77.6593999998998,36.4516999996676]},"properties":{"Plant_Name":"Rosemary Power Station","State":"North Carolina","PrimSource":"petroleum","Total_MW":154.6,"Install_MW":180,"City":"Roanoke Rapids","County":"Halifax","Utility_Na":"Virginia Electric & Power Co","Longitude":-77.6594,"Latitude":36.4517}},{"type":"Feature","geometry":{"type":"Point","coordinates":[-84.0317000000617,36.1172000001631]},"properties":{"Plant_Name":"Chestnut Ridge Gas Recovery","State":"Tennessee","PrimSource":"biomass","Total_MW":4.8,"Install_MW":4.8,"City":"Heiskell","County":"Anderson","Utility_Na":"WM Renewable Energy LLC","Longitude":-84.0317,"Latitude":36.1172}},{"type":"Feature","geometry":{"type":"Point","coordinates":[-80.1665260001282,26.2879660001502]},"properties":{"Plant_Name":"CSL Gas Recovery","State":"Florida","PrimSource":"biomass","Total_MW":10.9,"Install_MW":11.2,"City":"Pompano Beach","County":"Broward","Utility_Na":"WM Renewable Energy LLC","Longitude":-80.166526,"Latitude":26.287966}},{"type":"Feature","geometry":{"type":"Point","coordinates":[-81.8891879996887,28.7402060003326]},"properties":{"Plant_Name":"Covanta Lake County Energy","State":"Florida","PrimSource":"biomass","Total_MW":12.5,"Install_MW":15.5,"City":"Okahumpka","County":"Lake","Utility_Na":"Covanta Lake Inc","Longitude":-81.889188,"Latitude":28.740206}},{"type":"Feature","geometry":{"type":"Point","coordinates":[-81.9184999995618,27.9080000003358]},"properties":{"Plant_Name":"Mosaic Co Bartow Facility","State":"Florida","PrimSource":"other","Total_MW":80,"Install_MW":81.9,"City":"Bartow","County":"Polk","Utility_Na":"Mosaic Company","Longitude":-81.9185,"Latitude":27.908}},{"type":"Feature","geometry":{"type":"Point","coordinates":[-77.2410999998893,38.6949999998782]},"properties":{"Plant_Name":"Covanta Fairfax Energy","State":"Virginia","PrimSource":"biomass","Total_MW":98,"Install_MW":124,"City":"Lorton","County":"Fairfax","Utility_Na":"Covanta Fairfax Inc","Longitude":-77.2411,"Latitude":38.695}},{"type":"Feature","geometry":{"type":"Point","coordinates":[-77.1288000000338,38.8013999999658]},"properties":{"Plant_Name":"Covanta Alexandria/Arlington Energy","State":"Virginia","PrimSource":"biomass","Total_MW":29,"Install_MW":29,"City":"Alexandria","County":"Alexandria City","Utility_Na":"Covanta Alexandria/Arlington","Longitude":-77.1288,"Latitude":38.8014}},{"type":"Feature","geometry":{"type":"Point","coordinates":[-82.5583000003744,28.3680999998896]},"properties":{"Plant_Name":"Pasco Cnty Solid Waste Resource Recovery","State":"Florida","PrimSource":"biomass","Total_MW":26,"Install_MW":31.2,"City":"Spring Hill","County":"Pasco","Utility_Na":"Pasco County","Longitude":-82.5583,"Latitude":28.3681}},{"type":"Feature","geometry":{"type":"Point","coordinates":[-81.5978000004368,30.4177999998877]},"properties":{"Plant_Name":"Seminole Mill","State":"Florida","PrimSource":"natural gas","Total_MW":20,"Install_MW":30,"City":"Jacksonville","County":"Duval","Utility_Na":"WestRock Seminole","Longitude":-81.5978,"Latitude":30.4178}},{"type":"Feature","geometry":{"type":"Point","coordinates":[-81.1586000000452,32.1560999996559]},"properties":{"Plant_Name":"Port Wentworth Mill","State":"Georgia","PrimSource":"biomass","Total_MW":72.3,"Install_MW":72.3,"City":"Port Wentworth","County":"Chatham","Utility_Na":"International Paper Port Wentworth Mill","Longitude":-81.1586,"Latitude":32.1561}},{"type":"Feature","geometry":{"type":"Point","coordinates":[-79.5605999999342,34.1496999999084]},"properties":{"Plant_Name":"Florence Mill","State":"South Carolina","PrimSource":"biomass","Total_MW":98.8,"Install_MW":103.8,"City":"Florence","County":"Florence","Utility_Na":"WestRock-Florence","Longitude":-79.5606,"Latitude":34.1497}},{"type":"Feature","geometry":{"type":"Point","coordinates":[-77.2816000000948,37.2913999996592]},"properties":{"Plant_Name":"Hopewell Mill","State":"Virginia","PrimSource":"biomass","Total_MW":40.7,"Install_MW":47.6,"City":"Hopewell","County":"Hopewell City","Utility_Na":"RockTenn-Hopewell","Longitude":-77.2816,"Latitude":37.2914}},{"type":"Feature","geometry":{"type":"Point","coordinates":[-82.3404690003654,27.9549010001082]},"properties":{"Plant_Name":"Hillsborough County Resource Recovery","State":"Florida","PrimSource":"biomass","Total_MW":42,"Install_MW":47,"City":"Tampa","County":"Hillsborough","Utility_Na":"Hillsborough County","Longitude":-82.340469,"Latitude":27.954901}},{"type":"Feature","geometry":{"type":"Point","coordinates":[-82.4211819998228,27.9495279996411]},"properties":{"Plant_Name":"McKay Bay Facility","State":"Florida","PrimSource":"biomass","Total_MW":18,"Install_MW":22.1,"City":"Tampa","County":"Hillsborough","Utility_Na":"City of Tampa","Longitude":-82.421182,"Latitude":27.949528}},{"type":"Feature","geometry":{"type":"Point","coordinates":[-82.6741000000703,27.8732999999106]},"properties":{"Plant_Name":"Pinellas County Resource Recovery","State":"Florida","PrimSource":"biomass","Total_MW":58.1,"Install_MW":76.5,"City":"St. Petersburg","County":"Pinellas","Utility_Na":"Reworld Projects, LLC","Longitude":-82.6741,"Latitude":27.8733}},{"type":"Feature","geometry":{"type":"Point","coordinates":[-80.1985999996997,26.0686999997007]},"properties":{"Plant_Name":"Wheelabrator South Broward","State":"Florida","PrimSource":"biomass","Total_MW":54,"Install_MW":66,"City":"Ft. Lauderdale","County":"Broward","Utility_Na":"Wheelabrator Environmental Systems","Longitude":-80.1986,"Latitude":26.0687}},{"type":"Feature","geometry":{"type":"Point","coordinates":[-82.6182699998097,35.7716270001133]},"properties":{"Plant_Name":"Ivy River Hydro","State":"North Carolina","PrimSource":"hydroelectric","Total_MW":1.2,"Install_MW":1.2,"City":"Marshall","County":"Madison","Utility_Na":"Madison Hydro Partners","Longitude":-82.61827,"Latitude":35.771627}},{"type":"Feature","geometry":{"type":"Point","coordinates":[-79.9947000003532,37.7997220002649]},"properties":{"Plant_Name":"Covington Facility","State":"Virginia","PrimSource":"biomass","Total_MW":156.5,"Install_MW":160.9,"City":"Covington","County":"Alleghany","Utility_Na":"WestRock Corp","Longitude":-79.9947,"Latitude":37.799722}},{"type":"Feature","geometry":{"type":"Point","coordinates":[-81.9636000001477,27.6364000001239]},"properties":{"Plant_Name":"Hardee Power Station","State":"Florida","PrimSource":"natural gas","Total_MW":373,"Install_MW":470.1,"City":"Bowling Green","County":"Hardee","Utility_Na":"Invenergy Services LLC","Longitude":-81.9636,"Latitude":27.6364}},{"type":"Feature","geometry":{"type":"Point","coordinates":[-82.5483409995553,27.4833579997064]},"properties":{"Plant_Name":"Tropicana Products Bradenton","State":"Florida","PrimSource":"natural gas","Total_MW":31,"Install_MW":46.8,"City":"Bradenton","County":"Manatee","Utility_Na":"Tropicana Products Inc","Longitude":-82.548341,"Latitude":27.483358}},{"type":"Feature","geometry":{"type":"Point","coordinates":[-81.7606559996047,26.6315489996733]},"properties":{"Plant_Name":"Lee County Solid Waste Energy","State":"Florida","PrimSource":"biomass","Total_MW":55,"Install_MW":59,"City":"Fort Myers","County":"Lee","Utility_Na":"Lee County Board-Commissioners","Longitude":-81.760656,"Latitude":26.631549}},{"type":"Feature","geometry":{"type":"Point","coordinates":[-77.4462460002641,37.8208050000147]},"properties":{"Plant_Name":"Doswell Energy Center","State":"Virginia","PrimSource":"natural gas","Total_MW":1189,"Install_MW":1313,"City":"Ashland","County":"Hanover","Utility_Na":"Doswell Ltd Partnership","Longitude":-77.446246,"Latitude":37.820805}},{"type":"Feature","geometry":{"type":"Point","coordinates":[-86.8038330003202,36.1458960000402]},"properties":{"Plant_Name":"Vanderbilt University Power Plant","State":"Tennessee","PrimSource":"natural gas","Total_MW":17.6,"Install_MW":18.7,"City":"Nashville","County":"Davidson","Utility_Na":"Vanderbilt University","Longitude":-86.803833,"Latitude":36.145896}},{"type":"Feature","geometry":{"type":"Point","coordinates":[-81.834400000242,34.9953000001483]},"properties":{"Plant_Name":"Clifton Dam 3 Power Station","State":"South Carolina","PrimSource":"hydroelectric","Total_MW":1.2,"Install_MW":1.2,"City":"Converse","County":"Spartanburg","Utility_Na":"Converse Energy Inc","Longitude":-81.8344,"Latitude":34.9953}},{"type":"Feature","geometry":{"type":"Point","coordinates":[-80.5427669998088,37.1804409999465]},"properties":{"Plant_Name":"Radford Army Ammunition Plant","State":"Virginia","PrimSource":"natural gas","Total_MW":16.8,"Install_MW":18,"City":"Radford","County":"Montgomery","Utility_Na":"U.S. Army - Radford","Longitude":-80.542767,"Latitude":37.180441}},{"type":"Feature","geometry":{"type":"Point","coordinates":[-76.3082999999968,36.7750000001018]},"properties":{"Plant_Name":"Elizabeth River Power Station","State":"Virginia","PrimSource":"natural gas","Total_MW":325,"Install_MW":388.8,"City":"Chesapeake","County":"Chesapeake City","Utility_Na":"Virginia Electric & Power Co","Longitude":-76.3083,"Latitude":36.775}},{"type":"Feature","geometry":{"type":"Point","coordinates":[-80.7649999998317,37.3439000002014]},"properties":{"Plant_Name":"Celanese Acetate LLC","State":"Virginia","PrimSource":"natural gas","Total_MW":27.2,"Install_MW":27.2,"City":"Narrows","County":"Giles","Utility_Na":"Celanese Acetate LLC","Longitude":-80.765,"Latitude":37.3439}},{"type":"Feature","geometry":{"type":"Point","coordinates":[-86.4718000001995,32.418699999857]},"properties":{"Plant_Name":"International Paper Prattville Mill","State":"Alabama","PrimSource":"biomass","Total_MW":85,"Install_MW":89.8,"City":"Prattville","County":"Autauga","Utility_Na":"International Paper Co","Longitude":-86.4718,"Latitude":32.4187}},{"type":"Feature","geometry":{"type":"Point","coordinates":[-78.6528000003127,38.3836000002167]},"properties":{"Plant_Name":"Elkton","State":"Virginia","PrimSource":"natural gas","Total_MW":10.8,"Install_MW":12,"City":"Elkton","County":"Rockingham","Utility_Na":"Merck & Co Inc","Longitude":-78.6528,"Latitude":38.3836}},{"type":"Feature","geometry":{"type":"Point","coordinates":[-80.6396999997993,33.8872000000307]},"properties":{"Plant_Name":"Sylvamo Corporation Eastover Facility","State":"South Carolina","PrimSource":"biomass","Total_MW":103,"Install_MW":109.6,"City":"Eastover","County":"Richland","Utility_Na":"Sylvamo Corporation - Eastover","Longitude":-80.6397,"Latitude":33.8872}},{"type":"Feature","geometry":{"type":"Point","coordinates":[-76.9128000001357,36.6802999997034]},"properties":{"Plant_Name":"International Paper Franklin Mill","State":"Virginia","PrimSource":"natural gas","Total_MW":74.1,"Install_MW":82.5,"City":"Franklin","County":"Isle of Wight","Utility_Na":"International Paper","Longitude":-76.9128,"Latitude":36.6803}},{"type":"Feature","geometry":{"type":"Point","coordinates":[-82.8442999997737,32.5035999998285]},"properties":{"Plant_Name":"WestRock Southeast, LLC.","State":"Georgia","PrimSource":"biomass","Total_MW":84,"Install_MW":82.1,"City":"Dublin","County":"Laurens","Utility_Na":"WestRock Southeast, LLC","Longitude":-82.8443,"Latitude":32.5036}},{"type":"Feature","geometry":{"type":"Point","coordinates":[-77.430799999858,37.4555999998235]},"properties":{"Plant_Name":"Spruance Operating Services LLC","State":"Virginia","PrimSource":"natural gas","Total_MW":55,"Install_MW":114.8,"City":"Richmond","County":"Richmond City","Utility_Na":"Veolia Energy Operating Service","Longitude":-77.4308,"Latitude":37.4556}},{"type":"Feature","geometry":{"type":"Point","coordinates":[-79.3025730003916,33.3601850001033]},"properties":{"Plant_Name":"International Paper Georgetown Mill","State":"South Carolina","PrimSource":"biomass","Total_MW":90.4,"Install_MW":95.6,"City":"Georgetown","County":"Georgetown","Utility_Na":"International Paper Co-GT Mill","Longitude":-79.302573,"Latitude":33.360185}},{"type":"Feature","geometry":{"type":"Point","coordinates":[-86.8709120001143,32.4260159997781]},"properties":{"Plant_Name":"International Paper Riverdale Mill","State":"Alabama","PrimSource":"natural gas","Total_MW":104.2,"Install_MW":104.2,"City":"Selma","County":"Dallas","Utility_Na":"International Paper Co-Riverdl","Longitude":-86.870912,"Latitude":32.426016}},{"type":"Feature","geometry":{"type":"Point","coordinates":[-90.7742000002985,32.5292000001075]},"properties":{"Plant_Name":"International Paper Vicksburg Mill","State":"Mississippi","PrimSource":"biomass","Total_MW":38.5,"Install_MW":50.5,"City":"Vicksburg","County":"Warren","Utility_Na":"International Paper Co-Vicksbg","Longitude":-90.7742,"Latitude":32.5292}},{"type":"Feature","geometry":{"type":"Point","coordinates":[-85.0950999999758,31.1659999999895]},"properties":{"Plant_Name":"Georgia-Pacific Cedar Springs","State":"Georgia","PrimSource":"biomass","Total_MW":90,"Install_MW":101.2,"City":"Cedar Springs","County":"Early","Utility_Na":"Georgia-Pacific Cedar Springs LLC","Longitude":-85.0951,"Latitude":31.166}},{"type":"Feature","geometry":{"type":"Point","coordinates":[-90.1797000000883,32.3132999998484]},"properties":{"Plant_Name":"Mississippi Baptist Medical Center","State":"Mississippi","PrimSource":"natural gas","Total_MW":4,"Install_MW":4.2,"City":"Jackson","County":"Hinds","Utility_Na":"Mississippi Baptist Medical","Longitude":-90.1797,"Latitude":32.3133}},{"type":"Feature","geometry":{"type":"Point","coordinates":[-86.3568249997859,33.3281070001707]},"properties":{"Plant_Name":"U S Alliance Coosa Pines","State":"Alabama","PrimSource":"biomass","Total_MW":24.9,"Install_MW":25.9,"City":"Coosa Pines","County":"Talladega","Utility_Na":"Bowater Newport Coosa Pines Op","Longitude":-86.356825,"Latitude":33.328107}},{"type":"Feature","geometry":{"type":"Point","coordinates":[-81.533300000043,30.7916999999624]},"properties":{"Plant_Name":"Naval Submarine Base Kings Bay","State":"Georgia","PrimSource":"petroleum","Total_MW":30,"Install_MW":30,"City":"Kings Bay","County":"Camden","Utility_Na":"Kings Bay Naval Base","Longitude":-81.5333,"Latitude":30.7917}},{"type":"Feature","geometry":{"type":"Point","coordinates":[-79.0617000004441,35.9069000001655]},"properties":{"Plant_Name":"Univ of NC Chapel Hill Cogen Facility","State":"North Carolina","PrimSource":"natural gas","Total_MW":32.3,"Install_MW":32,"City":"Chapel Hill","County":"Orange","Utility_Na":"University of North Carolina","Longitude":-79.0617,"Latitude":35.9069}},{"type":"Feature","geometry":{"type":"Point","coordinates":[-81.4078560000706,31.7416289999619]},"properties":{"Plant_Name":"Interstate Paper LLC Riceboro","State":"Georgia","PrimSource":"biomass","Total_MW":14.5,"Install_MW":14.5,"City":"Riceboro","County":"Liberty","Utility_Na":"Interstate Paper LLC","Longitude":-81.407856,"Latitude":31.741629}},{"type":"Feature","geometry":{"type":"Point","coordinates":[-84.3888999999597,33.7532999999273]},"properties":{"Plant_Name":"Inforum","State":"Georgia","PrimSource":"petroleum","Total_MW":1.3,"Install_MW":1.3,"City":"Atlanta","County":"Fulton","Utility_Na":"DCII-250 Williams Street NW, LLC","Longitude":-84.3889,"Latitude":33.7533}},{"type":"Feature","geometry":{"type":"Point","coordinates":[-77.990499999885,33.9396999999402]},"properties":{"Plant_Name":"Archer Daniels Midland Southport","State":"North Carolina","PrimSource":"natural gas","Total_MW":45,"Install_MW":52.5,"City":"Southport","County":"Brunswick","Utility_Na":"Archer Daniels Midland Co","Longitude":-77.9905,"Latitude":33.9397}},{"type":"Feature","geometry":{"type":"Point","coordinates":[-81.9925200003836,33.4878810001825]},"properties":{"Plant_Name":"Sibley Mill","State":"Georgia","PrimSource":"hydroelectric","Total_MW":2.1,"Install_MW":2.1,"City":"Augusta","County":"Richmond","Utility_Na":"Augusta Canal Authority","Longitude":-81.99252,"Latitude":33.487881}},{"type":"Feature","geometry":{"type":"Point","coordinates":[-84.3950000000151,33.7591670001108]},"properties":{"Plant_Name":"CNN Center","State":"Georgia","PrimSource":"petroleum","Total_MW":12.8,"Install_MW":13,"City":"Atlanta","County":"Fulton","Utility_Na":"RREF IV-P CP III Marietta Street LLC","Longitude":-84.395,"Latitude":33.759167}},{"type":"Feature","geometry":{"type":"Point","coordinates":[-82.4389000003809,27.9389000000621]},"properties":{"Plant_Name":"Howard F Curren Advncd Wastewater Plant","State":"Florida","PrimSource":"biomass","Total_MW":2.5,"Install_MW":2.5,"City":"Tampa","County":"Hillsborough","Utility_Na":"Tampa Wastewater Department","Longitude":-82.4389,"Latitude":27.9389}},{"type":"Feature","geometry":{"type":"Point","coordinates":[-81.9530779999871,33.3282590000348]},"properties":{"Plant_Name":"Graphic Packaging International Augusta","State":"Georgia","PrimSource":"biomass","Total_MW":79.3,"Install_MW":84.7,"City":"Augusta","County":"Richmond","Utility_Na":"Graphic Packaging International - Augusta","Longitude":-81.953078,"Latitude":33.328259}},{"type":"Feature","geometry":{"type":"Point","coordinates":[-81.6292000003388,35.326399999684]},"properties":{"Plant_Name":"Shelby, NC","State":"North Carolina","PrimSource":"petroleum","Total_MW":2.8,"Install_MW":4.2,"City":"Shelby","County":"Cleveland","Utility_Na":"Electric Glass Fiber America, LLC.","Longitude":-81.6292,"Latitude":35.3264}},{"type":"Feature","geometry":{"type":"Point","coordinates":[-81.8250609995639,27.8708200002807]},"properties":{"Plant_Name":"Orange Cogeneration Facility","State":"Florida","PrimSource":"natural gas","Total_MW":110.6,"Install_MW":157.2,"City":"Bartow","County":"Polk","Utility_Na":"Northern Star Generation Services Co LLC","Longitude":-81.825061,"Latitude":27.87082}},{"type":"Feature","geometry":{"type":"Point","coordinates":[-81.8699829998746,27.7882150000387]},"properties":{"Plant_Name":"Hines Energy Complex","State":"Florida","PrimSource":"natural gas","Total_MW":2100,"Install_MW":2266.3,"City":"Bartow","County":"Polk","Utility_Na":"Duke Energy Florida, LLC","Longitude":-81.869983,"Latitude":27.788215}},{"type":"Feature","geometry":{"type":"Point","coordinates":[-82.3486110004189,29.6402779996709]},"properties":{"Plant_Name":"University of Florida","State":"Florida","PrimSource":"natural gas","Total_MW":44,"Install_MW":54.2,"City":"Gainesville","County":"Alachua","Utility_Na":"Duke Energy Florida, LLC","Longitude":-82.348611,"Latitude":29.640278}},{"type":"Feature","geometry":{"type":"Point","coordinates":[-83.5822000001657,32.5792000003242]},"properties":{"Plant_Name":"Robins","State":"Georgia","PrimSource":"petroleum","Total_MW":160,"Install_MW":183.8,"City":"Robins AFB","County":"Houston","Utility_Na":"Georgia Power Co","Longitude":-83.5822,"Latitude":32.5792}},{"type":"Feature","geometry":{"type":"Point","coordinates":[-81.9624999996076,27.6416670001018]},"properties":{"Plant_Name":"Midulla Generating Station","State":"Florida","PrimSource":"natural gas","Total_MW":786,"Install_MW":853.3,"City":"Bowling Green","County":"Hardee","Utility_Na":"Seminole Electric Cooperative Inc","Longitude":-81.9625,"Latitude":27.641667}},{"type":"Feature","geometry":{"type":"Point","coordinates":[-76.571943999721,36.0286109999582]},"properties":{"Plant_Name":"Edenton Generators","State":"North Carolina","PrimSource":"petroleum","Total_MW":2.4,"Install_MW":2.4,"City":"Edenton","County":"Chowan","Utility_Na":"Town of Edenton - (NC)","Longitude":-76.571944,"Latitude":36.028611}},{"type":"Feature","geometry":{"type":"Point","coordinates":[-77.4629179998104,38.7523470002203]},"properties":{"Plant_Name":"Church Street Plant","State":"Virginia","PrimSource":"petroleum","Total_MW":4,"Install_MW":4.3,"City":"Manassas","County":"Prince William","Utility_Na":"City of Manassas - (VA)","Longitude":-77.462918,"Latitude":38.752347}},{"type":"Feature","geometry":{"type":"Point","coordinates":[-77.508061000054,38.740539999936]},"properties":{"Plant_Name":"Godwin Drive Plant","State":"Virginia","PrimSource":"petroleum","Total_MW":6,"Install_MW":6.3,"City":"Manassas","County":"Prince William","Utility_Na":"City of Manassas - (VA)","Longitude":-77.508061,"Latitude":38.74054}},{"type":"Feature","geometry":{"type":"Point","coordinates":[-77.508061000054,38.740539999936]},"properties":{"Plant_Name":"VMEA 1 Credit Gen","State":"Virginia","PrimSource":"petroleum","Total_MW":12.3,"Install_MW":13.2,"City":"Manassas","County":"Prince William","Utility_Na":"City of Manassas - (VA)","Longitude":-77.508061,"Latitude":38.74054}},{"type":"Feature","geometry":{"type":"Point","coordinates":[-77.508061000054,38.740539999936]},"properties":{"Plant_Name":"VMEA Peaking Gen","State":"Virginia","PrimSource":"petroleum","Total_MW":6,"Install_MW":6.4,"City":"Manassas","County":"Prince William","Utility_Na":"City of Manassas - (VA)","Longitude":-77.508061,"Latitude":38.74054}},{"type":"Feature","geometry":{"type":"Point","coordinates":[-80.9108999997711,33.5452000000572]},"properties":{"Plant_Name":"North Road Peak","State":"South Carolina","PrimSource":"petroleum","Total_MW":13,"Install_MW":14,"City":"Oangeburg","County":"Orangeburg","Utility_Na":"City of Orangeburg - (SC)","Longitude":-80.9109,"Latitude":33.5452}},{"type":"Feature","geometry":{"type":"Point","coordinates":[-80.8473889995894,33.436637000344]},"properties":{"Plant_Name":"Rowesville Rd Plant","State":"South Carolina","PrimSource":"natural gas","Total_MW":8.4,"Install_MW":9.6,"City":"Orangeburg","County":"Orangeburg","Utility_Na":"City of Orangeburg - (SC)","Longitude":-80.847389,"Latitude":33.436637}},{"type":"Feature","geometry":{"type":"Point","coordinates":[-78.0980520001204,35.3757890001261]},"properties":{"Plant_Name":"Wayne County Energy Complex","State":"North Carolina","PrimSource":"natural gas","Total_MW":822,"Install_MW":979.7,"City":"Goldsboro","County":"Wayne","Utility_Na":"Duke Energy Progress - (NC)","Longitude":-78.098052,"Latitude":35.375789}},{"type":"Feature","geometry":{"type":"Point","coordinates":[-81.7374999998635,39.1191999997959]},"properties":{"Plant_Name":"Belleville Dam","State":"West Virginia","PrimSource":"hydroelectric","Total_MW":42,"Install_MW":42,"City":"Belleville","County":"Wood","Utility_Na":"American Mun Power-Ohio, Inc","Longitude":-81.7375,"Latitude":39.1192}},{"type":"Feature","geometry":{"type":"Point","coordinates":[-88.0026699995644,31.2642299996747]},"properties":{"Plant_Name":"Washington County Cogeneration Facility","State":"Alabama","PrimSource":"natural gas","Total_MW":100,"Install_MW":122.5,"City":"McIntosh","County":"Washington","Utility_Na":"Alabama Power Co","Longitude":-88.00267,"Latitude":31.26423}},{"type":"Feature","geometry":{"type":"Point","coordinates":[-86.5254200002324,32.3102260000776]},"properties":{"Plant_Name":"General Electric Plastic","State":"Alabama","PrimSource":"natural gas","Total_MW":84.5,"Install_MW":97,"City":"Burkeville","County":"Lowndes","Utility_Na":"Alabama Power Co","Longitude":-86.52542,"Latitude":32.310226}},{"type":"Feature","geometry":{"type":"Point","coordinates":[-81.8494459997167,27.7463690001449]},"properties":{"Plant_Name":"Tiger Bay","State":"Florida","PrimSource":"natural gas","Total_MW":199,"Install_MW":278.1,"City":"Ft. Meade","County":"Polk","Utility_Na":"Duke Energy Florida, LLC","Longitude":-81.849446,"Latitude":27.746369}},{"type":"Feature","geometry":{"type":"Point","coordinates":[-83.3977209996452,34.0422669996823]},"properties":{"Plant_Name":"Dahlberg","State":"Georgia","PrimSource":"natural gas","Total_MW":745.6,"Install_MW":919,"City":"Nicholson","County":"Jackson","Utility_Na":"Southern Power Co","Longitude":-83.397721,"Latitude":34.042267}},{"type":"Feature","geometry":{"type":"Point","coordinates":[-85.0975000001743,32.6078000003277]},"properties":{"Plant_Name":"H Allen Franklin Combined Cycle","State":"Alabama","PrimSource":"natural gas","Total_MW":1901.8,"Install_MW":1995.7,"City":"Smiths","County":"Lee","Utility_Na":"Southern Power Co","Longitude":-85.0975,"Latitude":32.6078}},{"type":"Feature","geometry":{"type":"Point","coordinates":[-87.1353910000647,30.592080000315]},"properties":{"Plant_Name":"Pea Ridge","State":"Florida","PrimSource":"natural gas","Total_MW":12,"Install_MW":14.1,"City":"Pace","County":"Santa Rosa","Utility_Na":"Florida Power & Light Co","Longitude":-87.135391,"Latitude":30.59208}},{"type":"Feature","geometry":{"type":"Point","coordinates":[-88.6066900002026,32.5507800001335]},"properties":{"Plant_Name":"Meridian","State":"Mississippi","PrimSource":"petroleum","Total_MW":9,"Install_MW":9,"City":"Meridian","County":"Lauderdale","Utility_Na":"Tennessee Valley Authority","Longitude":-88.60669,"Latitude":32.55078}},{"type":"Feature","geometry":{"type":"Point","coordinates":[-88.12847699976,30.5254449999627]},"properties":{"Plant_Name":"Theodore Cogen Facility","State":"Alabama","PrimSource":"natural gas","Total_MW":231,"Install_MW":317.4,"City":"Theodore","County":"Mobile","Utility_Na":"Alabama Power Co","Longitude":-88.128477,"Latitude":30.525445}},{"type":"Feature","geometry":{"type":"Point","coordinates":[-84.7894999998539,35.6020999999906]},"properties":{"Plant_Name":"Watts Bar Nuclear Plant","State":"Tennessee","PrimSource":"nuclear","Total_MW":2245,"Install_MW":2539.8,"City":"Spring City","County":"Rhea","Utility_Na":"Tennessee Valley Authority","Longitude":-84.7895,"Latitude":35.6021}},{"type":"Feature","geometry":{"type":"Point","coordinates":[-83.6953000000874,33.8118999998496]},"properties":{"Plant_Name":"MPC Generating","State":"Georgia","PrimSource":"natural gas","Total_MW":302.5,"Install_MW":386.1,"City":"Monroe","County":"Walton","Utility_Na":"MPC Generating, LLC","Longitude":-83.6953,"Latitude":33.8119}},{"type":"Feature","geometry":{"type":"Point","coordinates":[-84.080000000014,31.386900000087]},"properties":{"Plant_Name":"Sowega Power","State":"Georgia","PrimSource":"natural gas","Total_MW":92,"Install_MW":99.6,"City":"Baconton","County":"Mitchell","Utility_Na":"SOWEGA Power LLC","Longitude":-84.08,"Latitude":31.3869}},{"type":"Feature","geometry":{"type":"Point","coordinates":[-77.4973999999763,38.7443000003441]},"properties":{"Plant_Name":"Dominion/Lo Mar","State":"Virginia","PrimSource":"petroleum","Total_MW":15.8,"Install_MW":19.2,"City":"Manassas","County":"Prince William","Utility_Na":"City of Manassas - (VA)","Longitude":-77.4974,"Latitude":38.7443}},{"type":"Feature","geometry":{"type":"Point","coordinates":[-77.5097220002857,38.7252779998979]},"properties":{"Plant_Name":"Gateway Gen","State":"Virginia","PrimSource":"petroleum","Total_MW":3.4,"Install_MW":3.6,"City":"Manassas","County":"Prince William","Utility_Na":"City of Manassas - (VA)","Longitude":-77.509722,"Latitude":38.725278}},{"type":"Feature","geometry":{"type":"Point","coordinates":[-79.7406000004482,34.8392000000413]},"properties":{"Plant_Name":"Sherwood H Smith Jr Energy Complex","State":"North Carolina","PrimSource":"natural gas","Total_MW":1883,"Install_MW":2244.8,"City":"Hamlet","County":"Richmond","Utility_Na":"Duke Energy Progress - (NC)","Longitude":-79.7406,"Latitude":34.8392}},{"type":"Feature","geometry":{"type":"Point","coordinates":[-85.2768999997403,33.9485999998937]},"properties":{"Plant_Name":"Sewell Creek Energy","State":"Georgia","PrimSource":"natural gas","Total_MW":445.8,"Install_MW":570,"City":"Cedartown","County":"Polk","Utility_Na":"Oglethorpe Power Corporation","Longitude":-85.2769,"Latitude":33.9486}},{"type":"Feature","geometry":{"type":"Point","coordinates":[-81.4919000002123,34.5566999998437]},"properties":{"Plant_Name":"Webb Forging","State":"South Carolina","PrimSource":"petroleum","Total_MW":5.2,"Install_MW":5.8,"City":"Carlisle","County":"Union","Utility_Na":"Central Electric Power","Longitude":-81.4919,"Latitude":34.5567}},{"type":"Feature","geometry":{"type":"Point","coordinates":[-80.6019000002663,35.7314000002523]},"properties":{"Plant_Name":"Rowan","State":"North Carolina","PrimSource":"natural gas","Total_MW":974.4,"Install_MW":1192,"City":"Salisbury","County":"Rowan","Utility_Na":"Southern Power Co","Longitude":-80.6019,"Latitude":35.7314}},{"type":"Feature","geometry":{"type":"Point","coordinates":[-83.8463999995586,32.9842000000731]},"properties":{"Plant_Name":"Smarr Energy Center","State":"Georgia","PrimSource":"natural gas","Total_MW":190.4,"Install_MW":242,"City":"Forsyth","County":"Monroe","Utility_Na":"Oglethorpe Power Corporation","Longitude":-83.8464,"Latitude":32.9842}},{"type":"Feature","geometry":{"type":"Point","coordinates":[-82.7744779996494,34.3477340001733]},"properties":{"Plant_Name":"John S Rainey","State":"South Carolina","PrimSource":"natural gas","Total_MW":977,"Install_MW":1154.3,"City":"Starr","County":"Anderson","Utility_Na":"South Carolina Public Service Authority","Longitude":-82.774478,"Latitude":34.347734}},{"type":"Feature","geometry":{"type":"Point","coordinates":[-77.7681000003559,38.5282999997856]},"properties":{"Plant_Name":"Marsh Run Generation Facility","State":"Virginia","PrimSource":"natural gas","Total_MW":481.3,"Install_MW":596.7,"City":"Remington","County":"Fauquier","Utility_Na":"Old Dominion Electric Coop","Longitude":-77.7681,"Latitude":38.5283}},{"type":"Feature","geometry":{"type":"Point","coordinates":[-78.2139000003951,38.1181000002464]},"properties":{"Plant_Name":"Louisa Generation Facility","State":"Virginia","PrimSource":"natural gas","Total_MW":466,"Install_MW":545.7,"City":"Gordonsville","County":"Louisa","Utility_Na":"Old Dominion Electric Coop","Longitude":-78.2139,"Latitude":38.1181}},{"type":"Feature","geometry":{"type":"Point","coordinates":[-77.7714000001797,38.5441999999471]},"properties":{"Plant_Name":"Remington","State":"Virginia","PrimSource":"natural gas","Total_MW":603.7,"Install_MW":705.5,"City":"Remington","County":"Fauquier","Utility_Na":"Virginia Electric & Power Co","Longitude":-77.7714,"Latitude":38.5442}},{"type":"Feature","geometry":{"type":"Point","coordinates":[-77.5132999999438,38.0722000002442]},"properties":{"Plant_Name":"Ladysmith","State":"Virginia","PrimSource":"natural gas","Total_MW":814,"Install_MW":892.5,"City":"Woodford","County":"Caroline","Utility_Na":"Virginia Electric & Power Co","Longitude":-77.5133,"Latitude":38.0722}},{"type":"Feature","geometry":{"type":"Point","coordinates":[-89.396400000433,35.6577999997954]},"properties":{"Plant_Name":"Lagoon Creek","State":"Tennessee","PrimSource":"natural gas","Total_MW":1407,"Install_MW":1625.2,"City":"Brownsville","County":"Haywood","Utility_Na":"Tennessee Valley Authority","Longitude":-89.3964,"Latitude":35.6578}},{"type":"Feature","geometry":{"type":"Point","coordinates":[-81.9472220003293,30.3205559997562]},"properties":{"Plant_Name":"Brandy Branch","State":"Florida","PrimSource":"natural gas","Total_MW":743.2,"Install_MW":783.1,"City":"Baldwin","County":"Duval","Utility_Na":"JEA","Longitude":-81.947222,"Latitude":30.320556}},{"type":"Feature","geometry":{"type":"Point","coordinates":[-82.4230999999725,27.9071999996635]},"properties":{"Plant_Name":"H L Culbreath Bayside Power Station","State":"Florida","PrimSource":"natural gas","Total_MW":1974,"Install_MW":2293.7,"City":"Tampa","County":"Hillsborough","Utility_Na":"Tampa Electric Co","Longitude":-82.4231,"Latitude":27.9072}},{"type":"Feature","geometry":{"type":"Point","coordinates":[-83.0321000000344,36.5748000002664]},"properties":{"Plant_Name":"Powell Valley","State":"Tennessee","PrimSource":"petroleum","Total_MW":19.8,"Install_MW":22,"City":"Kyles Ford","County":"Hancock","Utility_Na":"Powell Valley Electric Coop","Longitude":-83.0321,"Latitude":36.5748}},{"type":"Feature","geometry":{"type":"Point","coordinates":[-86.574366000265,32.381352000154]},"properties":{"Plant_Name":"E B Harris Electric Generating Plant","State":"Alabama","PrimSource":"natural gas","Total_MW":1314.8,"Install_MW":1304,"City":"Autaugaville","County":"Autauga","Utility_Na":"Southern Power Co","Longitude":-86.574366,"Latitude":32.381352}},{"type":"Feature","geometry":{"type":"Point","coordinates":[-84.6916999998501,32.5892000002114]},"properties":{"Plant_Name":"Talbot County Energy","State":"Georgia","PrimSource":"natural gas","Total_MW":572.4,"Install_MW":726,"City":"Box Springs","County":"Talbot","Utility_Na":"Oglethorpe Power Corporation","Longitude":-84.6917,"Latitude":32.5892}},{"type":"Feature","geometry":{"type":"Point","coordinates":[-85.0386000002437,33.4071999996986]},"properties":{"Plant_Name":"Chattahoochee Energy Facility","State":"Georgia","PrimSource":"natural gas","Total_MW":466,"Install_MW":539.7,"City":"Franklin","County":"Heard","Utility_Na":"Oglethorpe Power Corporation","Longitude":-85.0386,"Latitude":33.4072}},{"type":"Feature","geometry":{"type":"Point","coordinates":[-86.2238890000382,34.3633890001854]},"properties":{"Plant_Name":"Albertville","State":"Alabama","PrimSource":"petroleum","Total_MW":3.6,"Install_MW":4,"City":"Albertville","County":"Marshall","Utility_Na":"Albertville Municipal Utilities Board","Longitude":-86.223889,"Latitude":34.363389}},{"type":"Feature","geometry":{"type":"Point","coordinates":[-84.3387329999114,36.1209940003174]},"properties":{"Plant_Name":"Buffalo Mountain","State":"Tennessee","PrimSource":"wind","Total_MW":2.1,"Install_MW":1.8,"City":"Oliver Springs","County":"Anderson","Utility_Na":"Tennessee Valley Authority","Longitude":-84.338733,"Latitude":36.120994}},{"type":"Feature","geometry":{"type":"Point","coordinates":[-77.9861999999785,37.2953000002213]},"properties":{"Plant_Name":"Ponton Diesel Generating Facility","State":"Virginia","PrimSource":"petroleum","Total_MW":4,"Install_MW":4,"City":"Amelia","County":"Amelia","Utility_Na":"Old Dominion Electric Coop","Longitude":-77.9862,"Latitude":37.2953}},{"type":"Feature","geometry":{"type":"Point","coordinates":[-77.104999999862,36.6972220001147]},"properties":{"Plant_Name":"Nottoway Diesel Generating Facility","State":"Virginia","PrimSource":"petroleum","Total_MW":4,"Install_MW":4,"City":"Courtland","County":"Southampton","Utility_Na":"Old Dominion Electric Coop","Longitude":-77.105,"Latitude":36.697222}},{"type":"Feature","geometry":{"type":"Point","coordinates":[-85.0402999999351,33.4083000001519]},"properties":{"Plant_Name":"Wansley Unit 9","State":"Georgia","PrimSource":"natural gas","Total_MW":465.4,"Install_MW":594.1,"City":"Franklin","County":"Heard","Utility_Na":"Municipal Electric Authority","Longitude":-85.0403,"Latitude":33.4083}},{"type":"Feature","geometry":{"type":"Point","coordinates":[-80.9949000004302,29.0213000002462]},"properties":{"Plant_Name":"Field Street","State":"Florida","PrimSource":"petroleum","Total_MW":44,"Install_MW":48,"City":"New Smyrna Beach","County":"Volusia","Utility_Na":"New Smyrna Beach Utilities Commission","Longitude":-80.9949,"Latitude":29.0213}},{"type":"Feature","geometry":{"type":"Point","coordinates":[-81.1871999997156,34.9652779998831]},"properties":{"Plant_Name":"Sediver","State":"South Carolina","PrimSource":"petroleum","Total_MW":2.5,"Install_MW":2.9,"City":"York","County":"York","Utility_Na":"Central Electric Power","Longitude":-81.1872,"Latitude":34.965278}},{"type":"Feature","geometry":{"type":"Point","coordinates":[-78.9672220000055,33.8125000002492]},"properties":{"Plant_Name":"Horry Land Fill Gas Site","State":"South Carolina","PrimSource":"biomass","Total_MW":3.3,"Install_MW":4.2,"City":"Conway","County":"Horry","Utility_Na":"South Carolina Public Service Authority","Longitude":-78.967222,"Latitude":33.8125}},{"type":"Feature","geometry":{"type":"Point","coordinates":[-88.6059999997413,32.7976000000509]},"properties":{"Plant_Name":"Kemper County","State":"Mississippi","PrimSource":"natural gas","Total_MW":293.2,"Install_MW":372,"City":"De Kalb","County":"Kemper","Utility_Na":"Tennessee Valley Authority","Longitude":-88.606,"Latitude":32.7976}},{"type":"Feature","geometry":{"type":"Point","coordinates":[-81.4306000000832,35.1596999999766]},"properties":{"Plant_Name":"Mill Creek (SC)","State":"South Carolina","PrimSource":"natural gas","Total_MW":563,"Install_MW":799.2,"City":"Blacksburg","County":"Cherokee","Utility_Na":"Duke Energy Carolinas, LLC","Longitude":-81.4306,"Latitude":35.1597}},{"type":"Feature","geometry":{"type":"Point","coordinates":[-89.94680000014,31.6004000002295]},"properties":{"Plant_Name":"Silver Creek","State":"Mississippi","PrimSource":"natural gas","Total_MW":225,"Install_MW":250.5,"City":"Prentiss","County":"Jefferson Davis","Utility_Na":"Cooperative Energy","Longitude":-89.9468,"Latitude":31.6004}},{"type":"Feature","geometry":{"type":"Point","coordinates":[-89.412713999779,31.9820759999207]},"properties":{"Plant_Name":"Sylvarena","State":"Mississippi","PrimSource":"natural gas","Total_MW":129,"Install_MW":141,"City":"Raleigh","County":"Smith","Utility_Na":"Cooperative Energy","Longitude":-89.412714,"Latitude":31.982076}},{"type":"Feature","geometry":{"type":"Point","coordinates":[-82.016400000023,28.0274000001714]},"properties":{"Plant_Name":"Winston","State":"Florida","PrimSource":"petroleum","Total_MW":50,"Install_MW":50,"City":"Lakeland","County":"Polk","Utility_Na":"City of Lakeland - (FL)","Longitude":-82.0164,"Latitude":28.0274}},{"type":"Feature","geometry":{"type":"Point","coordinates":[-80.0603000003888,36.2811000001699]},"properties":{"Plant_Name":"Belews Creek","State":"North Carolina","PrimSource":"natural gas","Total_MW":2220,"Install_MW":2491.2,"City":"Belews Creek","County":"Stokes","Utility_Na":"Duke Energy Carolinas, LLC","Longitude":-80.0603,"Latitude":36.2811}},{"type":"Feature","geometry":{"type":"Point","coordinates":[-82.7886109999784,28.1844440002787]},"properties":{"Plant_Name":"Anclote","State":"Florida","PrimSource":"natural gas","Total_MW":1005,"Install_MW":1112.4,"City":"Holiday","County":"Pasco","Utility_Na":"Duke Energy Florida, LLC","Longitude":-82.788611,"Latitude":28.184444}},{"type":"Feature","geometry":{"type":"Point","coordinates":[-81.5486109998316,28.2627779998579]},"properties":{"Plant_Name":"Intercession City","State":"Florida","PrimSource":"natural gas","Total_MW":940,"Install_MW":1197.3,"City":"Intercession City","County":"Osceola","Utility_Na":"Duke Energy Florida, LLC","Longitude":-81.548611,"Latitude":28.262778}},{"type":"Feature","geometry":{"type":"Point","coordinates":[-91.1167000003282,33.3500000001748]},"properties":{"Plant_Name":"Gerald Andrus","State":"Mississippi","PrimSource":"natural gas","Total_MW":706.5,"Install_MW":781.4,"City":"Greenville","County":"Washington","Utility_Na":"Entergy Mississippi LLC","Longitude":-91.1167,"Latitude":33.35}},{"type":"Feature","geometry":{"type":"Point","coordinates":[-81.9387870003728,27.7652200003556]},"properties":{"Plant_Name":"Mosaic South Pierce Operations","State":"Florida","PrimSource":"other","Total_MW":37,"Install_MW":45.5,"City":"Mulberry","County":"Polk","Utility_Na":"Mosaic Fertilizer LLC","Longitude":-81.938787,"Latitude":27.76522}},{"type":"Feature","geometry":{"type":"Point","coordinates":[-81.6627049999882,30.3144670002258]},"properties":{"Plant_Name":"Baptist Medical Center","State":"Florida","PrimSource":"natural gas","Total_MW":8.1,"Install_MW":9,"City":"Jacksonville","County":"Duval","Utility_Na":"Baptist Memorial Hospital","Longitude":-81.662705,"Latitude":30.314467}},{"type":"Feature","geometry":{"type":"Point","coordinates":[-76.8052999997789,37.5392000001648]},"properties":{"Plant_Name":"WestRock-West Point Mill","State":"Virginia","PrimSource":"biomass","Total_MW":101,"Install_MW":101,"City":"West Point","County":"King William","Utility_Na":"WestRock-West Point Mill","Longitude":-76.8053,"Latitude":37.5392}},{"type":"Feature","geometry":{"type":"Point","coordinates":[-81.8652729998893,28.811827999836]},"properties":{"Plant_Name":"Cutrale Citrus Juices USA I","State":"Florida","PrimSource":"natural gas","Total_MW":4.3,"Install_MW":4.1,"City":"Leesburg","County":"Lake","Utility_Na":"Cutrale Citrus Juices USA Inc","Longitude":-81.865273,"Latitude":28.811828}},{"type":"Feature","geometry":{"type":"Point","coordinates":[-83.504932000297,33.8165470002404]},"properties":{"Plant_Name":"High Shoals Hydro (GA)","State":"Georgia","PrimSource":"hydroelectric","Total_MW":1.4,"Install_MW":1.4,"City":"High Shoals","County":"Morgan","Utility_Na":"High Shoals Hydro","Longitude":-83.504932,"Latitude":33.816547}},{"type":"Feature","geometry":{"type":"Point","coordinates":[-80.1631380004409,39.5618310001064]},"properties":{"Plant_Name":"Grant Town Power Plant","State":"West Virginia","PrimSource":"coal","Total_MW":80,"Install_MW":95.7,"City":"Grant Town","County":"Marion","Utility_Na":"American Bituminous Power LP","Longitude":-80.163138,"Latitude":39.561831}},{"type":"Feature","geometry":{"type":"Point","coordinates":[-77.5245040001698,37.2208330001213]},"properties":{"Plant_Name":"Brasfield","State":"Virginia","PrimSource":"hydroelectric","Total_MW":2.9,"Install_MW":2.9,"City":"Petersburg","County":"Chesterfield","Utility_Na":"Appomattox River Associates LP","Longitude":-77.524504,"Latitude":37.220833}},{"type":"Feature","geometry":{"type":"Point","coordinates":[-81.5457999997294,35.0641999999942]},"properties":{"Plant_Name":"Cherokee Falls","State":"South Carolina","PrimSource":"hydroelectric","Total_MW":1,"Install_MW":4.3,"City":"Blacksburg","County":"Cherokee","Utility_Na":"Hydroland Omega LLC","Longitude":-81.5458,"Latitude":35.0642}},{"type":"Feature","geometry":{"type":"Point","coordinates":[-82.5991999997147,35.6496999999822]},"properties":{"Plant_Name":"Metropolitan Sewerage District","State":"North Carolina","PrimSource":"hydroelectric","Total_MW":2.4,"Install_MW":2.4,"City":"Asheville","County":"Buncombe","Utility_Na":"Metropolitan Sewerage District","Longitude":-82.5992,"Latitude":35.6497}},{"type":"Feature","geometry":{"type":"Point","coordinates":[-81.7981659996078,28.0548499999624]},"properties":{"Plant_Name":"Cutrale Citrus Juices USA II","State":"Florida","PrimSource":"natural gas","Total_MW":8.6,"Install_MW":8.2,"City":"Auburndale","County":"Polk","Utility_Na":"Cutrale Citrus Juices USA Inc","Longitude":-81.798166,"Latitude":28.05485}},{"type":"Feature","geometry":{"type":"Point","coordinates":[-90.3781000003274,32.9041099997884]},"properties":{"Plant_Name":"CF Industries Yazoo City Complex","State":"Mississippi","PrimSource":"natural gas","Total_MW":20,"Install_MW":25,"City":"Yazoo City","County":"Yazoo","Utility_Na":"CF Industries Nitrogen LLC","Longitude":-90.3781,"Latitude":32.90411}},{"type":"Feature","geometry":{"type":"Point","coordinates":[-81.4554129998581,30.6818229997935]},"properties":{"Plant_Name":"Fernandina Beach Mill","State":"Florida","PrimSource":"biomass","Total_MW":80,"Install_MW":96.9,"City":"Fernandina Beach","County":"Nassau","Utility_Na":"WestRock, Fernandina Beach","Longitude":-81.455413,"Latitude":30.681823}},{"type":"Feature","geometry":{"type":"Point","coordinates":[-82.3902999999547,27.860500000286]},"properties":{"Plant_Name":"Mosaic Co Tampa Facility","State":"Florida","PrimSource":"other","Total_MW":68,"Install_MW":72.4,"City":"Riverview","County":"Hillsborough","Utility_Na":"Mosaic Company","Longitude":-82.3903,"Latitude":27.8605}},{"type":"Feature","geometry":{"type":"Point","coordinates":[-87.4889000003267,31.5824999998998]},"properties":{"Plant_Name":"Alabama River Pulp","State":"Alabama","PrimSource":"biomass","Total_MW":43.5,"Install_MW":48,"City":"Perdue Hill","County":"Monroe","Utility_Na":"Alabama River Cellulose LLC","Longitude":-87.4889,"Latitude":31.5825}},{"type":"Feature","geometry":{"type":"Point","coordinates":[-89.045600000166,31.2433999998986]},"properties":{"Plant_Name":"Leaf River Cellulose LLC","State":"Mississippi","PrimSource":"biomass","Total_MW":52.2,"Install_MW":50.4,"City":"New Augusta","County":"Perry","Utility_Na":"Leaf River Cellulose LLC","Longitude":-89.0456,"Latitude":31.2434}},{"type":"Feature","geometry":{"type":"Point","coordinates":[-82.5667000001708,36.5489000001083]},"properties":{"Plant_Name":"Domtar Kingsport Mill","State":"Tennessee","PrimSource":"natural gas","Total_MW":46.5,"Install_MW":50,"City":"Kingsport","County":"Sullivan","Utility_Na":"Domtar Paper Co LLC Kingsport Mill","Longitude":-82.5667,"Latitude":36.5489}},{"type":"Feature","geometry":{"type":"Point","coordinates":[-79.3244000001622,35.9483000003357]},"properties":{"Plant_Name":"Haw River Hydro","State":"North Carolina","PrimSource":"hydroelectric","Total_MW":1.5,"Install_MW":1.5,"City":"Saxapahaw","County":"Alamance","Utility_Na":"Haw River Hydro Co","Longitude":-79.3244,"Latitude":35.9483}},{"type":"Feature","geometry":{"type":"Point","coordinates":[-81.60059999977,27.911400000099]},"properties":{"Plant_Name":"Florida's Natural Growers","State":"Florida","PrimSource":"natural gas","Total_MW":7.9,"Install_MW":10.7,"City":"Lake Wales","County":"Polk","Utility_Na":"Citrus World Inc","Longitude":-81.6006,"Latitude":27.9114}},{"type":"Feature","geometry":{"type":"Point","coordinates":[-82.3660350003508,34.8718109996957]},"properties":{"Plant_Name":"Central Plant","State":"South Carolina","PrimSource":"petroleum","Total_MW":4.1,"Install_MW":4.1,"City":"Greenville","County":"GREENVILLE","Utility_Na":"Bob Jones University","Longitude":-82.366035,"Latitude":34.871811}},{"type":"Feature","geometry":{"type":"Point","coordinates":[-81.2014960002512,32.3312739999271]},"properties":{"Plant_Name":"Savannah River Mill","State":"Georgia","PrimSource":"petroleum","Total_MW":126.6,"Install_MW":140.4,"City":"Rincon","County":"Effingham","Utility_Na":"Georgia-Pacific Consr Prods LP-Savannah","Longitude":-81.201496,"Latitude":32.331274}},{"type":"Feature","geometry":{"type":"Point","coordinates":[-78.9968000000173,34.5899999997546]},"properties":{"Plant_Name":"Lumberton","State":"North Carolina","PrimSource":"biomass","Total_MW":34.7,"Install_MW":34.7,"City":"Lumberton","County":"Robeson","Utility_Na":"NC Renewable Power - Lumberton LLC","Longitude":-78.9968,"Latitude":34.59}},{"type":"Feature","geometry":{"type":"Point","coordinates":[-87.2524999996398,30.5958000001574]},"properties":{"Plant_Name":"Pensacola Florida Plant","State":"Florida","PrimSource":"natural gas","Total_MW":98,"Install_MW":102,"City":"Cantonment","County":"Escambia","Utility_Na":"Ascend Performance Materials LLC","Longitude":-87.2525,"Latitude":30.5958}},{"type":"Feature","geometry":{"type":"Point","coordinates":[-85.3275000003319,34.2528000002705]},"properties":{"Plant_Name":"Inland Paperboard Packaging Rome","State":"Georgia","PrimSource":"biomass","Total_MW":61,"Install_MW":70.4,"City":"Rome","County":"Floyd","Utility_Na":"Inland Paperboard - Rome Mill","Longitude":-85.3275,"Latitude":34.2528}},{"type":"Feature","geometry":{"type":"Point","coordinates":[-81.6453510003765,30.4342400000206]},"properties":{"Plant_Name":"Anheuser-Busch Jacksonville","State":"Florida","PrimSource":"natural gas","Total_MW":8.7,"Install_MW":8.7,"City":"Jacksonville","County":"Duval","Utility_Na":"Anheuser-Busch Inc","Longitude":-81.645351,"Latitude":30.43424}},{"type":"Feature","geometry":{"type":"Point","coordinates":[-82.0519369996248,27.8336420000757]},"properties":{"Plant_Name":"Mosaic New Wales Operations","State":"Florida","PrimSource":"other","Total_MW":112,"Install_MW":135.5,"City":"Mulberry","County":"Polk","Utility_Na":"Mosaic Fertilizer LLC","Longitude":-82.051937,"Latitude":27.833642}},{"type":"Feature","geometry":{"type":"Point","coordinates":[-77.167883000405,35.1301930001898]},"properties":{"Plant_Name":"Craven County Wood Energy LP","State":"North Carolina","PrimSource":"biomass","Total_MW":47,"Install_MW":50,"City":"New Bern","County":"Craven","Utility_Na":"CMS Generation Operating Co II","Longitude":-77.167883,"Latitude":35.130193}},{"type":"Feature","geometry":{"type":"Point","coordinates":[-81.2010019996084,35.3942539998278]},"properties":{"Plant_Name":"High Shoals Hydro (NC)","State":"North Carolina","PrimSource":"hydroelectric","Total_MW":1.8,"Install_MW":1.8,"City":"High Shoals","County":"Lincoln","Utility_Na":"Central Rivers Power US, LLC","Longitude":-81.201002,"Latitude":35.394254}},{"type":"Feature","geometry":{"type":"Point","coordinates":[-81.8438999996802,31.6593000000089]},"properties":{"Plant_Name":"Jesup Plant","State":"Georgia","PrimSource":"biomass","Total_MW":64.7,"Install_MW":69.5,"City":"Jesup","County":"Wayne","Utility_Na":"Rayonier Advanced Materials","Longitude":-81.8439,"Latitude":31.6593}},{"type":"Feature","geometry":{"type":"Point","coordinates":[-81.4729999999966,30.6612000002883]},"properties":{"Plant_Name":"Fernandina Plant","State":"Florida","PrimSource":"biomass","Total_MW":42,"Install_MW":42,"City":"Fernandina Beach","County":"Nassau","Utility_Na":"Rayonier Advanced Materials","Longitude":-81.473,"Latitude":30.6612}},{"type":"Feature","geometry":{"type":"Point","coordinates":[-81.5192489997298,31.1731469999566]},"properties":{"Plant_Name":"Brunswick Cellulose","State":"Georgia","PrimSource":"biomass","Total_MW":72.2,"Install_MW":72.2,"City":"Brunswick","County":"Glynn","Utility_Na":"Brunswick Cellulose LLC","Longitude":-81.519249,"Latitude":31.173147}},{"type":"Feature","geometry":{"type":"Point","coordinates":[-90.0809000000018,31.6284999997582]},"properties":{"Plant_Name":"Georgia-Pacific Monticello Paper","State":"Mississippi","PrimSource":"biomass","Total_MW":81.5,"Install_MW":81.5,"City":"Monticello","County":"Lawrence","Utility_Na":"Georgia-Pacific Monticello LLC","Longitude":-90.0809,"Latitude":31.6285}},{"type":"Feature","geometry":{"type":"Point","coordinates":[-81.6808999996739,29.6806999996869]},"properties":{"Plant_Name":"Georgia-Pacific Palatka Operations","State":"Florida","PrimSource":"biomass","Total_MW":69.7,"Install_MW":79.8,"City":"Palatka","County":"Putnam","Utility_Na":"Georgia-Pacific Consr Ops LLC-Palatka","Longitude":-81.6809,"Latitude":29.6807}},{"type":"Feature","geometry":{"type":"Point","coordinates":[-77.2811110003732,37.2916669997478]},"properties":{"Plant_Name":"Hopewell Cogeneration","State":"Virginia","PrimSource":"natural gas","Total_MW":378.3,"Install_MW":399,"City":"Hopewell","County":"Prince George","Utility_Na":"Luminant Generation Company LLC","Longitude":-77.281111,"Latitude":37.291667}},{"type":"Feature","geometry":{"type":"Point","coordinates":[-88.025200000215,32.2267999998357]},"properties":{"Plant_Name":"Georgia-Pacific Consr Prods LP-Naheola","State":"Alabama","PrimSource":"biomass","Total_MW":66.8,"Install_MW":87.5,"City":"Pennington","County":"Choctaw","Utility_Na":"Georgia-Pacific Consr Prods LP-Naheola","Longitude":-88.0252,"Latitude":32.2268}},{"type":"Feature","geometry":{"type":"Point","coordinates":[-79.9605560002961,39.6396999998147]},"properties":{"Plant_Name":"Morgantown Energy Facility","State":"West Virginia","PrimSource":"coal","Total_MW":50,"Install_MW":68.9,"City":"Morgantown","County":"Monongalia","Utility_Na":"Morgantown Energy Associates","Longitude":-79.960556,"Latitude":39.6397}},{"type":"Feature","geometry":{"type":"Point","coordinates":[-77.2829819997689,37.2978339999077]},"properties":{"Plant_Name":"Hopewell Power Station","State":"Virginia","PrimSource":"biomass","Total_MW":51,"Install_MW":71.1,"City":"Hopewell","County":"Hopewell City","Utility_Na":"Virginia Electric & Power Co","Longitude":-77.282982,"Latitude":37.297834}},{"type":"Feature","geometry":{"type":"Point","coordinates":[-79.2735510000485,37.1186739999912]},"properties":{"Plant_Name":"Altavista Power Station","State":"Virginia","PrimSource":"biomass","Total_MW":51,"Install_MW":71.1,"City":"Altavista","County":"Campbell","Utility_Na":"Virginia Electric & Power Co","Longitude":-79.273551,"Latitude":37.118674}},{"type":"Feature","geometry":{"type":"Point","coordinates":[-76.9953000002216,36.6524999998484]},"properties":{"Plant_Name":"Southampton Power Station","State":"Virginia","PrimSource":"biomass","Total_MW":51,"Install_MW":71.1,"City":"Franklin","County":"Southampton","Utility_Na":"Virginia Electric & Power Co","Longitude":-76.9953,"Latitude":36.6525}},{"type":"Feature","geometry":{"type":"Point","coordinates":[-82.4621020001528,34.7020209997767]},"properties":{"Plant_Name":"Piedmont Hydro Power Project","State":"South Carolina","PrimSource":"hydroelectric","Total_MW":1,"Install_MW":1,"City":"Piedmont","County":"Greenville","Utility_Na":"Central Rivers Power US, LLC","Longitude":-82.462102,"Latitude":34.702021}},{"type":"Feature","geometry":{"type":"Point","coordinates":[-80.6557999997834,34.2337999996965]},"properties":{"Plant_Name":"Camden South Carolina","State":"South Carolina","PrimSource":"natural gas","Total_MW":17.5,"Install_MW":19,"City":"Lugoff","County":"Kershaw","Utility_Na":"Invista","Longitude":-80.6558,"Latitude":34.2338}},{"type":"Feature","geometry":{"type":"Point","coordinates":[-80.9856210000266,36.7151029998275]},"properties":{"Plant_Name":"Fries Hydroelectric Project","State":"Virginia","PrimSource":"hydroelectric","Total_MW":5,"Install_MW":5.4,"City":"Fries","County":"Grayson","Utility_Na":"Central Rivers Power US, LLC","Longitude":-80.985621,"Latitude":36.715103}},{"type":"Feature","geometry":{"type":"Point","coordinates":[-82.4544399996,34.642370999998]},"properties":{"Plant_Name":"Pelzer Upper","State":"South Carolina","PrimSource":"hydroelectric","Total_MW":1.9,"Install_MW":2,"City":"Petzer","County":"Anderson","Utility_Na":"Central Rivers Power US, LLC","Longitude":-82.45444,"Latitude":34.642371}},{"type":"Feature","geometry":{"type":"Point","coordinates":[-82.4479129997474,34.6165220000229]},"properties":{"Plant_Name":"Pelzer Lower","State":"South Carolina","PrimSource":"hydroelectric","Total_MW":3.1,"Install_MW":3.3,"City":"Williamston","County":"Anderson","Utility_Na":"Central Rivers Power US, LLC","Longitude":-82.447913,"Latitude":34.616522}},{"type":"Feature","geometry":{"type":"Point","coordinates":[-82.2335809997537,34.4040060001084]},"properties":{"Plant_Name":"Ware Shoals Hydro Project","State":"South Carolina","PrimSource":"hydroelectric","Total_MW":6,"Install_MW":6.2,"City":"Ware Shoals","County":"Laurens","Utility_Na":"Central Rivers Power US, LLC","Longitude":-82.233581,"Latitude":34.404006}},{"type":"Feature","geometry":{"type":"Point","coordinates":[-81.2146999997442,38.1482999997874]},"properties":{"Plant_Name":"Glen Ferris Hydro","State":"West Virginia","PrimSource":"hydroelectric","Total_MW":6.2,"Install_MW":6.2,"City":"Gauley Bridge","County":"Fayette","Utility_Na":"Hawks Nest Hydro LLC","Longitude":-81.2147,"Latitude":38.1483}},{"type":"Feature","geometry":{"type":"Point","coordinates":[-81.1753000000789,38.1478000001473]},"properties":{"Plant_Name":"Hawks Nest Hydro","State":"West Virginia","PrimSource":"hydroelectric","Total_MW":96.8,"Install_MW":102,"City":"Gauley Bridge","County":"Fayette","Utility_Na":"Hawks Nest Hydro LLC","Longitude":-81.1753,"Latitude":38.1478}},{"type":"Feature","geometry":{"type":"Point","coordinates":[-80.8641999999512,39.6672000002653]},"properties":{"Plant_Name":"New Martinsville Hannibal Hydro","State":"West Virginia","PrimSource":"hydroelectric","Total_MW":19,"Install_MW":37.4,"City":"New Martinsville","County":"Wetzel","Utility_Na":"New Martinsville Hannibal Hydro","Longitude":-80.8642,"Latitude":39.6672}},{"type":"Feature","geometry":{"type":"Point","coordinates":[-80.1419440003319,26.7713890000241]},"properties":{"Plant_Name":"Palm Beach Renewable Energy Facility 1","State":"Florida","PrimSource":"biomass","Total_MW":50,"Install_MW":62.3,"City":"West Palm Beach","County":"Palm Beach","Utility_Na":"Solid Waste Authority of Palm Beach Co","Longitude":-80.141944,"Latitude":26.771389}},{"type":"Feature","geometry":{"type":"Point","coordinates":[-81.1465499997223,32.1439889999968]},"properties":{"Plant_Name":"Imperial Savannah LP","State":"Georgia","PrimSource":"natural gas","Total_MW":11.2,"Install_MW":11.7,"City":"Port Wentworth","County":"Chatham","Utility_Na":"US Sugar Savannah Refinery, LLC","Longitude":-81.14655,"Latitude":32.143989}},{"type":"Feature","geometry":{"type":"Point","coordinates":[-77.5599999997638,36.695999999856]},"properties":{"Plant_Name":"Emporia","State":"Virginia","PrimSource":"hydroelectric","Total_MW":2.5,"Install_MW":2.5,"City":"Emporia","County":"Greensville","Utility_Na":"Emporia Hydro Power LP","Longitude":-77.56,"Latitude":36.696}},{"type":"Feature","geometry":{"type":"Point","coordinates":[-78.9236000002515,36.7816999998616]},"properties":{"Plant_Name":"Halifax","State":"Virginia","PrimSource":"hydroelectric","Total_MW":1.6,"Install_MW":1.6,"City":"Halifax","County":"Halifax","Utility_Na":"Banister Hydro LP","Longitude":-78.9236,"Latitude":36.7817}},{"type":"Feature","geometry":{"type":"Point","coordinates":[-88.4600000002427,33.3602000001005]},"properties":{"Plant_Name":"Columbus MS","State":"Mississippi","PrimSource":"biomass","Total_MW":128.6,"Install_MW":128.6,"City":"Columbus","County":"Lowndes","Utility_Na":"International Paper Columbus Mill","Longitude":-88.46,"Latitude":33.3602}},{"type":"Feature","geometry":{"type":"Point","coordinates":[-77.1143999997412,35.2119999997885]},"properties":{"Plant_Name":"International Paper Co. - New Bern Mill","State":"North Carolina","PrimSource":"biomass","Total_MW":29,"Install_MW":38.1,"City":"New Bern","County":"Craven","Utility_Na":"International Paper Co. - New Bern Mill","Longitude":-77.1144,"Latitude":35.212}},{"type":"Feature","geometry":{"type":"Point","coordinates":[-76.7830999997394,35.8628000002875]},"properties":{"Plant_Name":"Domtar Paper Co LLC Plymouth NC","State":"North Carolina","PrimSource":"biomass","Total_MW":114.8,"Install_MW":114,"City":"Plymouth","County":"Martin","Utility_Na":"Domtar Paper Company LLC","Longitude":-76.7831,"Latitude":35.8628}},{"type":"Feature","geometry":{"type":"Point","coordinates":[-83.3786000003949,34.9535999997669]},"properties":{"Plant_Name":"Multitrade Rabun Gap, LLC","State":"Georgia","PrimSource":"biomass","Total_MW":18,"Install_MW":17.9,"City":"Rabun Gap","County":"RABUN","Utility_Na":"Multitrade Rabun Gap LLC","Longitude":-83.3786,"Latitude":34.9536}},{"type":"Feature","geometry":{"type":"Point","coordinates":[-87.3263999999126,30.5966000002647]},"properties":{"Plant_Name":"International Paper Pensacola","State":"Florida","PrimSource":"biomass","Total_MW":76,"Install_MW":82.8,"City":"Cantonment","County":"Escambia","Utility_Na":"International Paper Co-Pensacola","Longitude":-87.3264,"Latitude":30.5966}},{"type":"Feature","geometry":{"type":"Point","coordinates":[-77.6414000002078,36.4768999998876]},"properties":{"Plant_Name":"KapStone Kraft Paper Corp","State":"North Carolina","PrimSource":"biomass","Total_MW":30,"Install_MW":28.3,"City":"Roanoke Rapids","County":"Halifax","Utility_Na":"Westrock Kraft Paper, LLC","Longitude":-77.6414,"Latitude":36.4769}},{"type":"Feature","geometry":{"type":"Point","coordinates":[-77.2806000000121,37.3389000002338]},"properties":{"Plant_Name":"Park 500 Philip Morris USA","State":"Virginia","PrimSource":"natural gas","Total_MW":10.5,"Install_MW":13,"City":"Chester","County":"Chesterfield","Utility_Na":"Philip Morris USA - Park 500","Longitude":-77.2806,"Latitude":37.3389}},{"type":"Feature","geometry":{"type":"Point","coordinates":[-88.2660999999267,35.0471000000256]},"properties":{"Plant_Name":"Packaging Corp of America","State":"Tennessee","PrimSource":"biomass","Total_MW":72.5,"Install_MW":72.5,"City":"Counce","County":"Hardin","Utility_Na":"Packaging Corp of America","Longitude":-88.2661,"Latitude":35.0471}},{"type":"Feature","geometry":{"type":"Point","coordinates":[-87.23610000008,30.4735999998798]},"properties":{"Plant_Name":"Standby Generation Plant","State":"Florida","PrimSource":"natural gas","Total_MW":13.7,"Install_MW":13.7,"City":"Pensacola","County":"Escambia","Utility_Na":"Pensacola Christian College","Longitude":-87.2361,"Latitude":30.4736}},{"type":"Feature","geometry":{"type":"Point","coordinates":[-86.7987299999745,33.5681640001448]},"properties":{"Plant_Name":"Sloss Industries Corp","State":"Alabama","PrimSource":"natural gas","Total_MW":16,"Install_MW":25,"City":"Birmingham","County":"Jefferson","Utility_Na":"Bluestone Coke LLC","Longitude":-86.79873,"Latitude":33.568164}},{"type":"Feature","geometry":{"type":"Point","coordinates":[-81.8774999997641,27.8488999997906]},"properties":{"Plant_Name":"Mulberry Cogeneration Facility","State":"Florida","PrimSource":"natural gas","Total_MW":115,"Install_MW":127.7,"City":"Bartow","County":"Polk","Utility_Na":"Florida Municipal Power Agency","Longitude":-81.8775,"Latitude":27.8489}},{"type":"Feature","geometry":{"type":"Point","coordinates":[-87.4889000003267,31.5824999998998]},"properties":{"Plant_Name":"Alabama Pine Pulp","State":"Alabama","PrimSource":"biomass","Total_MW":68.7,"Install_MW":69,"City":"Perdue Hill","County":"Monroe","Utility_Na":"Alabama River Cellulose LLC","Longitude":-87.4889,"Latitude":31.5825}},{"type":"Feature","geometry":{"type":"Point","coordinates":[-84.2676999998173,34.0864000000099]},"properties":{"Plant_Name":"Hewlett Packard Enterprise","State":"Georgia","PrimSource":"petroleum","Total_MW":7.8,"Install_MW":8,"City":"Alpharetta","County":"Fulton","Utility_Na":"SWVP Alpharetta Owners, LLC","Longitude":-84.2677,"Latitude":34.0864}},{"type":"Feature","geometry":{"type":"Point","coordinates":[-81.982732000167,33.4770270002285]},"properties":{"Plant_Name":"Graniteville Enterprise Division","State":"Georgia","PrimSource":"hydroelectric","Total_MW":1,"Install_MW":1.2,"City":"Augusta","County":"Richmond","Utility_Na":"Augusta Canal Authority","Longitude":-81.982732,"Latitude":33.477027}},{"type":"Feature","geometry":{"type":"Point","coordinates":[-83.6280999999195,32.7714000002997]},"properties":{"Plant_Name":"Riverwood International Macon Mill","State":"Georgia","PrimSource":"biomass","Total_MW":81.7,"Install_MW":78.7,"City":"Macon","County":"Bibb","Utility_Na":"Riverwood Intl USA Inc","Longitude":-83.6281,"Latitude":32.7714}},{"type":"Feature","geometry":{"type":"Point","coordinates":[-81.4123429995748,28.4426230000639]},"properties":{"Plant_Name":"Orlando Cogen LP","State":"Florida","PrimSource":"natural gas","Total_MW":120,"Install_MW":122.4,"City":"Orlando","County":"Orange","Utility_Na":"Florida Municipal Power Agency","Longitude":-81.412343,"Latitude":28.442623}},{"type":"Feature","geometry":{"type":"Point","coordinates":[-82.8198710001383,34.3395880001631]},"properties":{"Plant_Name":"Hartwell Energy Facility","State":"Georgia","PrimSource":"natural gas","Total_MW":297.5,"Install_MW":360,"City":"Hartwell","County":"Hart","Utility_Na":"Oglethorpe Power Corporation","Longitude":-82.819871,"Latitude":34.339588}},{"type":"Feature","geometry":{"type":"Point","coordinates":[-88.1824099997873,30.4320299997608]},"properties":{"Plant_Name":"W&T Onshore Treating Facility (OTF)","State":"Alabama","PrimSource":"natural gas","Total_MW":11.1,"Install_MW":12,"City":"Theodore","County":"Mobile","Utility_Na":"W&T Offshore Inc","Longitude":-88.18241,"Latitude":30.43203}},{"type":"Feature","geometry":{"type":"Point","coordinates":[-83.5455999998337,32.8060999996945]},"properties":{"Plant_Name":"YKK USA Chestney","State":"Georgia","PrimSource":"petroleum","Total_MW":1.5,"Install_MW":1.5,"City":"Macon","County":"Bibb","Utility_Na":"YKK USA Inc","Longitude":-83.5456,"Latitude":32.8061}},{"type":"Feature","geometry":{"type":"Point","coordinates":[-80.2274039995846,36.0337609999073]},"properties":{"Plant_Name":"Ingredion Winston Salem","State":"North Carolina","PrimSource":"biomass","Total_MW":7,"Install_MW":8.4,"City":"Winston-Salem","County":"Forsyth","Utility_Na":"Ingredion Inc - Winston Salem","Longitude":-80.227404,"Latitude":36.033761}},{"type":"Feature","geometry":{"type":"Point","coordinates":[-80.1527910001825,25.7485650000482]},"properties":{"Plant_Name":"Central District Wastewater Treat Plant","State":"Florida","PrimSource":"biomass","Total_MW":4.8,"Install_MW":4.8,"City":"Miami","County":"Miami Dade","Utility_Na":"Miami Dade Water & Sewer Dept","Longitude":-80.152791,"Latitude":25.748565}},{"type":"Feature","geometry":{"type":"Point","coordinates":[-80.3362530000036,25.5498340002069]},"properties":{"Plant_Name":"South District Wastewater Treatment Plt","State":"Florida","PrimSource":"biomass","Total_MW":8,"Install_MW":8,"City":"Miami","County":"Miami Dade","Utility_Na":"Miami Dade Water & Sewer Dept","Longitude":-80.336253,"Latitude":25.549834}},{"type":"Feature","geometry":{"type":"Point","coordinates":[-80.7468999996822,26.5769000003563]},"properties":{"Plant_Name":"Okeelanta Cogeneration","State":"Florida","PrimSource":"biomass","Total_MW":104.9,"Install_MW":128.9,"City":"South Bay","County":"Palm Beach","Utility_Na":"New Hope Power Company","Longitude":-80.7469,"Latitude":26.5769}},{"type":"Feature","geometry":{"type":"Point","coordinates":[-79.4325030000433,36.5767779996991]},"properties":{"Plant_Name":"Schoolfield Dam","State":"Virginia","PrimSource":"hydroelectric","Total_MW":4.5,"Install_MW":4.5,"City":"Danville","County":"Pittsylvania","Utility_Na":"Eagle Creek Renewable Energy, LLC","Longitude":-79.432503,"Latitude":36.576778}},{"type":"Feature","geometry":{"type":"Point","coordinates":[-78.2137000003785,34.353299999652]},"properties":{"Plant_Name":"International Paper Riegelwood Mill","State":"North Carolina","PrimSource":"biomass","Total_MW":84.5,"Install_MW":84,"City":"Riegelwood","County":"Columbus","Utility_Na":"International Paper Co-Riegelwood","Longitude":-78.2137,"Latitude":34.3533}},{"type":"Feature","geometry":{"type":"Point","coordinates":[-81.9675000000211,35.1102999999026]},"properties":{"Plant_Name":"Spartanburg Water System","State":"South Carolina","PrimSource":"petroleum","Total_MW":3,"Install_MW":3,"City":"Chesnee","County":"Spartanburg","Utility_Na":"Spartanburg Commissioners PW","Longitude":-81.9675,"Latitude":35.1103}},{"type":"Feature","geometry":{"type":"Point","coordinates":[-77.2374999995916,38.6892000001464]},"properties":{"Plant_Name":"I 95 Landfill Phase II","State":"Virginia","PrimSource":"biomass","Total_MW":3.2,"Install_MW":3.2,"City":"Lorton","County":"Fairfax","Utility_Na":"NextEra Renewable Fuels, LLC","Longitude":-77.2375,"Latitude":38.6892}},{"type":"Feature","geometry":{"type":"Point","coordinates":[-90.1991400000791,31.2479299997027]},"properties":{"Plant_Name":"District 70 Transco Gas Pipe Line","State":"Mississippi","PrimSource":"other","Total_MW":1.4,"Install_MW":1.6,"City":"Tylertown","County":"Walthall","Utility_Na":"Transcontinental Gas PL Corp","Longitude":-90.19914,"Latitude":31.24793}},{"type":"Feature","geometry":{"type":"Point","coordinates":[-87.4806000000894,31.9698000003114]},"properties":{"Plant_Name":"International Paper Pine Hill Mill","State":"Alabama","PrimSource":"biomass","Total_MW":74.8,"Install_MW":77.4,"City":"Pine Hill","County":"Wilcox","Utility_Na":"International Paper Co.","Longitude":-87.4806,"Latitude":31.9698}},{"type":"Feature","geometry":{"type":"Point","coordinates":[-87.9759000001801,32.4540999999027]},"properties":{"Plant_Name":"WestRock Demopolis Mill","State":"Alabama","PrimSource":"biomass","Total_MW":43.5,"Install_MW":47.4,"City":"Demopolis","County":"Marengo","Utility_Na":"WestRock Mill Company, LLC","Longitude":-87.9759,"Latitude":32.4541}},{"type":"Feature","geometry":{"type":"Point","coordinates":[-87.1116000001138,31.0770000001357]},"properties":{"Plant_Name":"Georgia-Pacific Brewton Mill","State":"Alabama","PrimSource":"biomass","Total_MW":69.1,"Install_MW":103.4,"City":"Brewton","County":"Escambia","Utility_Na":"Georgia-Pacific Brewton LLC","Longitude":-87.1116,"Latitude":31.077}},{"type":"Feature","geometry":{"type":"Point","coordinates":[-79.9524939997102,36.4237149998157]},"properties":{"Plant_Name":"Avalon Hydropower","State":"North Carolina","PrimSource":"hydroelectric","Total_MW":1.2,"Install_MW":1.2,"City":"Mayodan","County":"ROCKINGHAM","Utility_Na":"Avalon Hydropower LLC","Longitude":-79.952494,"Latitude":36.423715}},{"type":"Feature","geometry":{"type":"Point","coordinates":[-85.0272000001992,32.1761000001473]},"properties":{"Plant_Name":"Mead Coated Board","State":"Alabama","PrimSource":"biomass","Total_MW":116.5,"Install_MW":120.5,"City":"Mahrt","County":"Russell","Utility_Na":"Mead Coated Board Inc","Longitude":-85.0272,"Latitude":32.1761}},{"type":"Feature","geometry":{"type":"Point","coordinates":[-84.3927999998331,33.8110999997371]},"properties":{"Plant_Name":"Shepherd Center","State":"Georgia","PrimSource":"petroleum","Total_MW":1.7,"Install_MW":2.2,"City":"Atlanta","County":"Fulton","Utility_Na":"Shepherd Center","Longitude":-84.3928,"Latitude":33.8111}},{"type":"Feature","geometry":{"type":"Point","coordinates":[-84.4602999995767,33.8774999999658]},"properties":{"Plant_Name":"Riverwood 100 Building","State":"Georgia","PrimSource":"petroleum","Total_MW":1.1,"Install_MW":1.1,"City":"Atlanta","County":"Cobb","Utility_Na":"Highwoods Properties","Longitude":-84.4603,"Latitude":33.8775}},{"type":"Feature","geometry":{"type":"Point","coordinates":[-84.3868999997943,33.7583000002893]},"properties":{"Plant_Name":"191 Peachtree Tower","State":"Georgia","PrimSource":"petroleum","Total_MW":2.4,"Install_MW":2.4,"City":"Atlanta","County":"Fulton","Utility_Na":"Banyan St./GAP 191 Peachtree Owner, LLC","Longitude":-84.3869,"Latitude":33.7583}},{"type":"Feature","geometry":{"type":"Point","coordinates":[-78.8072919996692,34.7462499996398]},"properties":{"Plant_Name":"Smithfield Farmland Corp Bladen","State":"North Carolina","PrimSource":"petroleum","Total_MW":28.5,"Install_MW":28.5,"City":"Tar Heel","County":"Bladen","Utility_Na":"Smithfield Fresh Meats Corp.","Longitude":-78.807292,"Latitude":34.74625}},{"type":"Feature","geometry":{"type":"Point","coordinates":[-84.2831000001926,33.7919000000882]},"properties":{"Plant_Name":"Emory Decatur Hospital","State":"Georgia","PrimSource":"petroleum","Total_MW":3.6,"Install_MW":3.9,"City":"Decatur","County":"DeKalb","Utility_Na":"DeKalb Regional Health System","Longitude":-84.2831,"Latitude":33.7919}},{"type":"Feature","geometry":{"type":"Point","coordinates":[-83.2529000003295,30.913600000146]},"properties":{"Plant_Name":"Valdosta Water Treatment Plant","State":"Georgia","PrimSource":"petroleum","Total_MW":3.4,"Install_MW":3.4,"City":"Valdosta","County":"Lowndes","Utility_Na":"Valdosta City of","Longitude":-83.2529,"Latitude":30.9136}},{"type":"Feature","geometry":{"type":"Point","coordinates":[-78.203543000091,38.124687999871]},"properties":{"Plant_Name":"Gordonsville Energy LP","State":"Virginia","PrimSource":"natural gas","Total_MW":218,"Install_MW":300.4,"City":"Gordonsville","County":"Louisa","Utility_Na":"Virginia Electric & Power Co","Longitude":-78.203543,"Latitude":38.124688}},{"type":"Feature","geometry":{"type":"Point","coordinates":[-84.3872000002683,33.7625000000491]},"properties":{"Plant_Name":"Sun Trust Plaza","State":"Georgia","PrimSource":"petroleum","Total_MW":2,"Install_MW":2.4,"City":"Atlanta","County":"Fulton","Utility_Na":"Sun Trust Plaza Associates LLC","Longitude":-84.3872,"Latitude":33.7625}},{"type":"Feature","geometry":{"type":"Point","coordinates":[-83.2894000002041,30.8625000003672]},"properties":{"Plant_Name":"South Georgia Medical Center Inc","State":"Georgia","PrimSource":"petroleum","Total_MW":5.5,"Install_MW":5.5,"City":"Valdosta","County":"Lowndes","Utility_Na":"Lowndes County Hospital Authority","Longitude":-83.2894,"Latitude":30.8625}},{"type":"Feature","geometry":{"type":"Point","coordinates":[-85.3611000004159,37.3207999998308]},"properties":{"Plant_Name":"Cox Waste to Energy","State":"Kentucky","PrimSource":"biomass","Total_MW":3.3,"Install_MW":5,"City":"Campbellsville","County":"Taylor","Utility_Na":"Cox Companies, LLC","Longitude":-85.3611,"Latitude":37.3208}},{"type":"Feature","geometry":{"type":"Point","coordinates":[-84.3892000004337,33.7611000003419]},"properties":{"Plant_Name":"Atlanta Gift Mart LP","State":"Georgia","PrimSource":"petroleum","Total_MW":1.2,"Install_MW":1.2,"City":"Atlanta","County":"Fulton","Utility_Na":"Atlanta Gift Mart LP","Longitude":-84.3892,"Latitude":33.7611}},{"type":"Feature","geometry":{"type":"Point","coordinates":[-77.3574400002586,35.6659610003307]},"properties":{"Plant_Name":"DSM Pharmaceuticals","State":"North Carolina","PrimSource":"petroleum","Total_MW":8.7,"Install_MW":9.2,"City":"Greenville","County":"Pitt","Utility_Na":"Patheon Manufacturing Service LLC","Longitude":-77.35744,"Latitude":35.665961}},{"type":"Feature","geometry":{"type":"Point","coordinates":[-80.0917000002908,35.4189000003306]},"properties":{"Plant_Name":"Narrows (NC)","State":"North Carolina","PrimSource":"hydroelectric","Total_MW":119,"Install_MW":108.8,"City":"Badin","County":"Stanly","Utility_Na":"Eagle Creek Renewable Energy, LLC","Longitude":-80.0917,"Latitude":35.4189}},{"type":"Feature","geometry":{"type":"Point","coordinates":[-80.0752999998327,35.3944000000678]},"properties":{"Plant_Name":"Falls Hydro","State":"North Carolina","PrimSource":"hydroelectric","Total_MW":30,"Install_MW":31.4,"City":"Badin","County":"Stanly","Utility_Na":"Eagle Creek Renewable Energy, LLC","Longitude":-80.0753,"Latitude":35.3944}},{"type":"Feature","geometry":{"type":"Point","coordinates":[-80.2339000003734,35.6008000000803]},"properties":{"Plant_Name":"High Rock Hydro","State":"North Carolina","PrimSource":"hydroelectric","Total_MW":39,"Install_MW":33,"City":"Denton","County":"Davidson","Utility_Na":"Eagle Creek Renewable Energy, LLC","Longitude":-80.2339,"Latitude":35.6008}},{"type":"Feature","geometry":{"type":"Point","coordinates":[-80.1757999996106,35.485600000067]},"properties":{"Plant_Name":"Tuckertown Hydro","State":"North Carolina","PrimSource":"hydroelectric","Total_MW":39,"Install_MW":42,"City":"New London","County":"Montgomery","Utility_Na":"Eagle Creek Renewable Energy, LLC","Longitude":-80.1758,"Latitude":35.4856}},{"type":"Feature","geometry":{"type":"Point","coordinates":[-83.8638889997878,35.4475000000293]},"properties":{"Plant_Name":"Santeetlah","State":"North Carolina","PrimSource":"hydroelectric","Total_MW":40,"Install_MW":45,"City":"Robbinsville","County":"Graham","Utility_Na":"Brookfield Smoky Mountain Hydropower LP","Longitude":-83.863889,"Latitude":35.4475}},{"type":"Feature","geometry":{"type":"Point","coordinates":[-83.9383000004219,35.4477999998967]},"properties":{"Plant_Name":"Cheoah","State":"North Carolina","PrimSource":"hydroelectric","Total_MW":143,"Install_MW":140,"City":"Tapoco","County":"Graham","Utility_Na":"Brookfield Smoky Mountain Hydropower LP","Longitude":-83.9383,"Latitude":35.4478}},{"type":"Feature","geometry":{"type":"Point","coordinates":[-83.9805999998779,35.4923000002621]},"properties":{"Plant_Name":"Calderwood","State":"Tennessee","PrimSource":"hydroelectric","Total_MW":156,"Install_MW":156.6,"City":"Tallassee","County":"Blount","Utility_Na":"Brookfield Smoky Mountain Hydropower LP","Longitude":-83.9806,"Latitude":35.4923}},{"type":"Feature","geometry":{"type":"Point","coordinates":[-84.0502999998034,35.545299999882]},"properties":{"Plant_Name":"Chilhowee","State":"Tennessee","PrimSource":"hydroelectric","Total_MW":51,"Install_MW":49.8,"City":"Tallassee","County":"Blount","Utility_Na":"Brookfield Smoky Mountain Hydropower LP","Longitude":-84.0503,"Latitude":35.5453}},{"type":"Feature","geometry":{"type":"Point","coordinates":[-84.3868710003803,33.7575130002232]},"properties":{"Plant_Name":"Georgia Pacific Center","State":"Georgia","PrimSource":"petroleum","Total_MW":1.4,"Install_MW":1.4,"City":"Atlanta","County":"Fulton","Utility_Na":"GP Center Holdings LLC","Longitude":-84.386871,"Latitude":33.757513}},{"type":"Feature","geometry":{"type":"Point","coordinates":[-90.908343999643,32.3882710003614]},"properties":{"Plant_Name":"Ergon Refining Vicksburg","State":"Mississippi","PrimSource":"natural gas","Total_MW":4.5,"Install_MW":4.8,"City":"Vicksburg","County":"Warren","Utility_Na":"Ergon Refining Inc","Longitude":-90.908344,"Latitude":32.388271}},{"type":"Feature","geometry":{"type":"Point","coordinates":[-80.1834579999655,36.1912410002772]},"properties":{"Plant_Name":"Salem Energy Systems LLC","State":"North Carolina","PrimSource":"biomass","Total_MW":3.3,"Install_MW":4.5,"City":"Winston-Salem","County":"Forsyth","Utility_Na":"Salem Energy Systems LLC","Longitude":-80.183458,"Latitude":36.191241}},{"type":"Feature","geometry":{"type":"Point","coordinates":[-85.4027370000731,31.2623559997476]},"properties":{"Plant_Name":"Crestwood Dothan","State":"Alabama","PrimSource":"petroleum","Total_MW":9,"Install_MW":8.6,"City":"Dothan","County":"Houston","Utility_Na":"Crestwood Corp","Longitude":-85.402737,"Latitude":31.262356}},{"type":"Feature","geometry":{"type":"Point","coordinates":[-78.1583000002882,34.9944000002096]},"properties":{"Plant_Name":"Murphy-Brown LLC","State":"North Carolina","PrimSource":"petroleum","Total_MW":2.4,"Install_MW":2.4,"City":"Warsaw","County":"Duplin","Utility_Na":"Murphy - Brown LLC","Longitude":-78.1583,"Latitude":34.9944}},{"type":"Feature","geometry":{"type":"Point","coordinates":[-83.9260650001511,35.949209000167]},"properties":{"Plant_Name":"University of Tennessee Steam Plant","State":"Tennessee","PrimSource":"natural gas","Total_MW":4.5,"Install_MW":5,"City":"Knoxville","County":"Knox","Utility_Na":"University of Tennessee","Longitude":-83.926065,"Latitude":35.949209}},{"type":"Feature","geometry":{"type":"Point","coordinates":[-86.694444000126,36.2113890000311]},"properties":{"Plant_Name":"Opryland USA","State":"Tennessee","PrimSource":"natural gas","Total_MW":3.8,"Install_MW":4.5,"City":"Nashville","County":"Davidson","Utility_Na":"Gaylord Entertainment Co","Longitude":-86.694444,"Latitude":36.211389}},{"type":"Feature","geometry":{"type":"Point","coordinates":[-83.6038999997147,32.4855999998619]},"properties":{"Plant_Name":"Mid-Georgia Cogeneration Facility","State":"Georgia","PrimSource":"natural gas","Total_MW":303,"Install_MW":323,"City":"Kathleen","County":"Houston","Utility_Na":"SEPG MGA, LLC","Longitude":-83.6039,"Latitude":32.4856}},{"type":"Feature","geometry":{"type":"Point","coordinates":[-81.6129999998973,35.0727000002542]},"properties":{"Plant_Name":"Cherokee County Cogen","State":"South Carolina","PrimSource":"natural gas","Total_MW":86,"Install_MW":117.7,"City":"Gaffney","County":"Cherokee","Utility_Na":"Cherokee County Cogen Partners LLC","Longitude":-81.613,"Latitude":35.0727}},{"type":"Feature","geometry":{"type":"Point","coordinates":[-87.8989000000999,31.4893999999747]},"properties":{"Plant_Name":"Packaging Corp. of America Jackson Mill","State":"Alabama","PrimSource":"natural gas","Total_MW":42.1,"Install_MW":44.4,"City":"Jackson","County":"Clarke","Utility_Na":"Boise White Paper LLC","Longitude":-87.8989,"Latitude":31.4894}},{"type":"Feature","geometry":{"type":"Point","coordinates":[-84.9995999997131,33.3515999999587]},"properties":{"Plant_Name":"Tenaska Georgia Generation Facility","State":"Georgia","PrimSource":"natural gas","Total_MW":945,"Install_MW":1099.2,"City":"Franklin","County":"Heard","Utility_Na":"Tenaska Georgia Partners LP","Longitude":-84.9996,"Latitude":33.3516}},{"type":"Feature","geometry":{"type":"Point","coordinates":[-89.9274999998912,34.3356000002382]},"properties":{"Plant_Name":"Batesville Generation Facility","State":"Mississippi","PrimSource":"natural gas","Total_MW":858,"Install_MW":891,"City":"Batesville","County":"Panola","Utility_Na":"Cooperative Energy","Longitude":-89.9275,"Latitude":34.3356}},{"type":"Feature","geometry":{"type":"Point","coordinates":[-89.218299999627,33.3761000000117]},"properties":{"Plant_Name":"Red Hills Generating Facility","State":"Mississippi","PrimSource":"coal","Total_MW":440,"Install_MW":513.7,"City":"Ackerman","County":"Choctaw","Utility_Na":"Choctaw Generation L.P, L.L.L.P.","Longitude":-89.2183,"Latitude":33.3761}},{"type":"Feature","geometry":{"type":"Point","coordinates":[-89.1980000001939,35.543799999658]},"properties":{"Plant_Name":"Brownsville Peaking Power","State":"Tennessee","PrimSource":"natural gas","Total_MW":456,"Install_MW":460,"City":"Brownsville","County":"Haywood","Utility_Na":"Tennessee Valley Authority","Longitude":-89.198,"Latitude":35.5438}},{"type":"Feature","geometry":{"type":"Point","coordinates":[-79.8297000001815,36.3296999999331]},"properties":{"Plant_Name":"Rockingham County CT Station","State":"North Carolina","PrimSource":"natural gas","Total_MW":825,"Install_MW":977.5,"City":"Reidsville","County":"Rockingham","Utility_Na":"Duke Energy Carolinas, LLC","Longitude":-79.8297,"Latitude":36.3297}},{"type":"Feature","geometry":{"type":"Point","coordinates":[-83.6953999996465,33.8148000002387]},"properties":{"Plant_Name":"Walton County Power, LLC","State":"Georgia","PrimSource":"natural gas","Total_MW":454.5,"Install_MW":494.1,"City":"Monroe","County":"Walton","Utility_Na":"Oglethorpe Power Corporation","Longitude":-83.6954,"Latitude":33.8148}},{"type":"Feature","geometry":{"type":"Point","coordinates":[-85.0388789999029,32.5409799999154]},"properties":{"Plant_Name":"Walton Discover Power Facility","State":"Alabama","PrimSource":"natural gas","Total_MW":100,"Install_MW":103,"City":"Smiths","County":"LEE","Utility_Na":"Walton Discover LLC","Longitude":-85.038879,"Latitude":32.54098}},{"type":"Feature","geometry":{"type":"Point","coordinates":[-84.9913909997124,33.3584720002168]},"properties":{"Plant_Name":"Hawk Road Facility","State":"Georgia","PrimSource":"natural gas","Total_MW":452.2,"Install_MW":495,"City":"Franklin","County":"Heard","Utility_Na":"Oglethorpe Power Corporation","Longitude":-84.991391,"Latitude":33.358472}},{"type":"Feature","geometry":{"type":"Point","coordinates":[-84.3860999997281,33.7707999999867]},"properties":{"Plant_Name":"Bank of America Plaza","State":"Georgia","PrimSource":"petroleum","Total_MW":2.6,"Install_MW":3,"City":"Atlanta","County":"Fulton","Utility_Na":"600 Peachtree PropCo, LLC","Longitude":-84.3861,"Latitude":33.7708}},{"type":"Feature","geometry":{"type":"Point","coordinates":[-85.4133000002415,38.3902000002706]},"properties":{"Plant_Name":"Bluegrass Generating Station","State":"Kentucky","PrimSource":"natural gas","Total_MW":501,"Install_MW":624,"City":"LaGrange","County":"Oldham","Utility_Na":"East Kentucky Power Coop, Inc","Longitude":-85.4133,"Latitude":38.3902}},{"type":"Feature","geometry":{"type":"Point","coordinates":[-81.5750000003477,35.0785999996536]},"properties":{"Plant_Name":"Broad River Energy Center","State":"South Carolina","PrimSource":"natural gas","Total_MW":866.5,"Install_MW":985,"City":"Gaffney","County":"Cherokee","Utility_Na":"Broad River Energy LLC","Longitude":-81.575,"Latitude":35.0786}},{"type":"Feature","geometry":{"type":"Point","coordinates":[-81.0978000004066,28.1288999998087]},"properties":{"Plant_Name":"Osceola Generating Station (FL)","State":"Florida","PrimSource":"natural gas","Total_MW":471,"Install_MW":580,"City":"St. Cloud","County":"Osceola","Utility_Na":"Orlando Utilities Comm","Longitude":-81.0978,"Latitude":28.1289}},{"type":"Feature","geometry":{"type":"Point","coordinates":[-88.2717000003898,33.646399999744]},"properties":{"Plant_Name":"Caledonia","State":"Mississippi","PrimSource":"natural gas","Total_MW":765,"Install_MW":801,"City":"Steens","County":"Lowndes","Utility_Na":"Tennessee Valley Authority","Longitude":-88.2717,"Latitude":33.6464}},{"type":"Feature","geometry":{"type":"Point","coordinates":[-82.6045859999176,38.191661000288]},"properties":{"Plant_Name":"Riverside Generating LLC","State":"Kentucky","PrimSource":"natural gas","Total_MW":825,"Install_MW":1150,"City":"Catlettsburg","County":"Lawrence","Utility_Na":"Riverside Generating Co LLC","Longitude":-82.604586,"Latitude":38.191661}},{"type":"Feature","geometry":{"type":"Point","coordinates":[-90.2199059996676,32.3789690002973]},"properties":{"Plant_Name":"Hinds Energy Facility","State":"Mississippi","PrimSource":"natural gas","Total_MW":472.9,"Install_MW":600.4,"City":"Jackson","County":"Hinds","Utility_Na":"Entergy Mississippi LLC","Longitude":-90.219906,"Latitude":32.378969}},{"type":"Feature","geometry":{"type":"Point","coordinates":[-89.6752999996942,33.0146999998715]},"properties":{"Plant_Name":"Attala","State":"Mississippi","PrimSource":"natural gas","Total_MW":459.3,"Install_MW":551.3,"City":"Sallis","County":"Attala","Utility_Na":"Entergy Mississippi LLC","Longitude":-89.6753,"Latitude":33.0147}},{"type":"Feature","geometry":{"type":"Point","coordinates":[-88.3958000003229,37.0285999998214]},"properties":{"Plant_Name":"Marshall Energy Facility","State":"Kentucky","PrimSource":"natural gas","Total_MW":581.6,"Install_MW":688,"City":"Calvert City","County":"Marshall","Utility_Na":"Tennessee Valley Authority","Longitude":-88.3958,"Latitude":37.0286}},{"type":"Feature","geometry":{"type":"Point","coordinates":[-88.0574999997423,30.7477999999787]},"properties":{"Plant_Name":"Hog Bayou Energy Center","State":"Alabama","PrimSource":"natural gas","Total_MW":230,"Install_MW":280,"City":"Mobile","County":"Mobile","Utility_Na":"Mobile Energy LLC","Longitude":-88.0575,"Latitude":30.7478}},{"type":"Feature","geometry":{"type":"Point","coordinates":[-87.115000000395,30.5663999997533]},"properties":{"Plant_Name":"Santa Rosa Energy Center","State":"Florida","PrimSource":"natural gas","Total_MW":235.9,"Install_MW":274.5,"City":"Pace","County":"Santa Rosa","Utility_Na":"Santa Rosa Energy Center LLC","Longitude":-87.115,"Latitude":30.5664}},{"type":"Feature","geometry":{"type":"Point","coordinates":[-83.6995770004277,33.8376989997574]},"properties":{"Plant_Name":"Doyle Energy Facility","State":"Georgia","PrimSource":"natural gas","Total_MW":311.1,"Install_MW":409,"City":"Monroe","County":"Walton","Utility_Na":"Oglethorpe Power Corporation","Longitude":-83.699577,"Latitude":33.837699}},{"type":"Feature","geometry":{"type":"Point","coordinates":[-88.6120000002375,36.2454000000612]},"properties":{"Plant_Name":"Gleason Generating Facility","State":"Tennessee","PrimSource":"natural gas","Total_MW":360,"Install_MW":567.8,"City":"Gleason","County":"Weakley","Utility_Na":"Tennessee Valley Authority","Longitude":-88.612,"Latitude":36.2454}},{"type":"Feature","geometry":{"type":"Point","coordinates":[-84.3063999998739,32.9110999999177]},"properties":{"Plant_Name":"Edward L. Addison Generating Plant","State":"Georgia","PrimSource":"natural gas","Total_MW":591.9,"Install_MW":701.2,"City":"Thomaston","County":"Upson","Utility_Na":"Southern Power Co","Longitude":-84.3064,"Latitude":32.9111}},{"type":"Feature","geometry":{"type":"Point","coordinates":[-90.0377999995813,34.9938999998102]},"properties":{"Plant_Name":"TVA Southaven Combined Cycle","State":"Mississippi","PrimSource":"natural gas","Total_MW":780,"Install_MW":903.9,"City":"Southaven","County":"Desoto","Utility_Na":"Tennessee Valley Authority","Longitude":-90.0378,"Latitude":34.9939}},{"type":"Feature","geometry":{"type":"Point","coordinates":[-86.7385999998074,32.6513999999926]},"properties":{"Plant_Name":"Tenaska Lindsay Hill Generating Station","State":"Alabama","PrimSource":"natural gas","Total_MW":848,"Install_MW":939.4,"City":"Billingsley","County":"Autauga","Utility_Na":"Tenaska Alabama Partners LP","Longitude":-86.7386,"Latitude":32.6514}},{"type":"Feature","geometry":{"type":"Point","coordinates":[-84.2450000001857,34.086000000363]},"properties":{"Plant_Name":"State Farm Support Center East","State":"Georgia","PrimSource":"petroleum","Total_MW":10.8,"Install_MW":10.8,"City":"Alpharetta","County":"Fulton","Utility_Na":"State Farm Mutual Auto Ins Co","Longitude":-84.245,"Latitude":34.086}},{"type":"Feature","geometry":{"type":"Point","coordinates":[-82.5339000001531,38.3680999998974]},"properties":{"Plant_Name":"Ceredo Generating Station","State":"West Virginia","PrimSource":"natural gas","Total_MW":450,"Install_MW":519,"City":"Huntington","County":"Wayne","Utility_Na":"Appalachian Power Co","Longitude":-82.5339,"Latitude":38.3681}},{"type":"Feature","geometry":{"type":"Point","coordinates":[-82.5938000001664,38.3440999998876]},"properties":{"Plant_Name":"Big Sandy Peaker Plant","State":"West Virginia","PrimSource":"natural gas","Total_MW":300,"Install_MW":353.4,"City":"Kenona","County":"Wayne","Utility_Na":"Middle River Power II, LLC","Longitude":-82.5938,"Latitude":38.3441}},{"type":"Feature","geometry":{"type":"Point","coordinates":[-82.1044000001145,36.6643999998654]},"properties":{"Plant_Name":"Wolf Hills Energy","State":"Virginia","PrimSource":"natural gas","Total_MW":250,"Install_MW":285,"City":"Bristol","County":"Washington","Utility_Na":"Middle River Power II, LLC","Longitude":-82.1044,"Latitude":36.6644}},{"type":"Feature","geometry":{"type":"Point","coordinates":[-80.7947000000422,28.36609999991]},"properties":{"Plant_Name":"Oleander Power Project LP","State":"Florida","PrimSource":"natural gas","Total_MW":815.8,"Install_MW":994.4,"City":"Cocoa","County":"Brevard","Utility_Na":"Oleander Holdings LLC\r","Longitude":-80.7947,"Latitude":28.3661}},{"type":"Feature","geometry":{"type":"Point","coordinates":[-87.0213999998403,34.6292000003281]},"properties":{"Plant_Name":"Decatur Energy Center","State":"Alabama","PrimSource":"natural gas","Total_MW":800,"Install_MW":902.4,"City":"Decatur","County":"Morgan","Utility_Na":"Decatur Energy Center LLC","Longitude":-87.0214,"Latitude":34.6292}},{"type":"Feature","geometry":{"type":"Point","coordinates":[-87.0639000002112,34.6397000001195]},"properties":{"Plant_Name":"Morgan Energy Center","State":"Alabama","PrimSource":"natural gas","Total_MW":782,"Install_MW":900,"City":"Decatur","County":"Morgan","Utility_Na":"Morgan Energy Center LLC","Longitude":-87.0639,"Latitude":34.6397}},{"type":"Feature","geometry":{"type":"Point","coordinates":[-84.080000000014,31.386900000087]},"properties":{"Plant_Name":"Baconton Power Plant","State":"Georgia","PrimSource":"natural gas","Total_MW":95,"Install_MW":121,"City":"Baconton","County":"Mitchell","Utility_Na":"Baconton Power LLC","Longitude":-84.08,"Latitude":31.3869}},{"type":"Feature","geometry":{"type":"Point","coordinates":[-88.353889000131,37.0483329998447]},"properties":{"Plant_Name":"Calvert City","State":"Kentucky","PrimSource":"natural gas","Total_MW":23,"Install_MW":26.7,"City":"Calvert City","County":"Marshall","Utility_Na":"DTE Calvert City LLC","Longitude":-88.353889,"Latitude":37.048333}},{"type":"Feature","geometry":{"type":"Point","coordinates":[-80.7802460002212,28.4931759999782]},"properties":{"Plant_Name":"Indian River","State":"Florida","PrimSource":"natural gas","Total_MW":576.4,"Install_MW":609,"City":"Titusville","County":"Brevard","Utility_Na":"Orlando Utilities Comm","Longitude":-80.780246,"Latitude":28.493176}},{"type":"Feature","geometry":{"type":"Point","coordinates":[-83.3980999997619,33.9624999998778]},"properties":{"Plant_Name":"Athens Regional Medical Center","State":"Georgia","PrimSource":"petroleum","Total_MW":4.6,"Install_MW":4.6,"City":"Athens","County":"Clarke","Utility_Na":"Piedmont Athens Regional Medical Center","Longitude":-83.3981,"Latitude":33.9625}},{"type":"Feature","geometry":{"type":"Point","coordinates":[-82.9799920002703,33.0922390001743]},"properties":{"Plant_Name":"Washington County Power LLC","State":"Georgia","PrimSource":"natural gas","Total_MW":623.4,"Install_MW":795.6,"City":"Sandersville","County":"Washington","Utility_Na":"CAMS (Georgia) Washington County Power","Longitude":-82.979992,"Latitude":33.092239}},{"type":"Feature","geometry":{"type":"Point","coordinates":[-81.3641999999814,39.3325000002478]},"properties":{"Plant_Name":"Pleasants Energy LLC","State":"West Virginia","PrimSource":"natural gas","Total_MW":338.3,"Install_MW":382.8,"City":"St Mary's","County":"Pleasants","Utility_Na":"Pleasants Energy LLC","Longitude":-81.3642,"Latitude":39.3325}},{"type":"Feature","geometry":{"type":"Point","coordinates":[-75.5399999997854,37.9891999999422]},"properties":{"Plant_Name":"Commonwealth Chesapeake","State":"Virginia","PrimSource":"petroleum","Total_MW":317.1,"Install_MW":402.5,"City":"New Church","County":"Accomack","Utility_Na":"Commonwealth Chesapeake Co LLC","Longitude":-75.54,"Latitude":37.9892}},{"type":"Feature","geometry":{"type":"Point","coordinates":[-84.9174999996604,34.7094000003455]},"properties":{"Plant_Name":"Thomas A Smith Energy Facility","State":"Georgia","PrimSource":"natural gas","Total_MW":1353,"Install_MW":1192,"City":"Dalton","County":"Murray","Utility_Na":"Oglethorpe Power Corporation","Longitude":-84.9175,"Latitude":34.7094}},{"type":"Feature","geometry":{"type":"Point","coordinates":[-81.0178000000783,33.8696999999688]},"properties":{"Plant_Name":"Columbia Energy Center (SC)","State":"South Carolina","PrimSource":"natural gas","Total_MW":573,"Install_MW":668.5,"City":"Gaston","County":"Calhoun","Utility_Na":"Dominion Energy South Carolina, Inc","Longitude":-81.0178,"Latitude":33.8697}},{"type":"Feature","geometry":{"type":"Point","coordinates":[-90.5621000002738,34.1830000000272]},"properties":{"Plant_Name":"Crossroads Energy Center","State":"Mississippi","PrimSource":"natural gas","Total_MW":308,"Install_MW":306.4,"City":"Clarksdale","County":"Coahoma","Utility_Na":"Clarksdale Public Utilities","Longitude":-90.5621,"Latitude":34.183}},{"type":"Feature","geometry":{"type":"Point","coordinates":[-81.2844110004387,32.2772520003379]},"properties":{"Plant_Name":"Bobby C Smith Jr Energy Facility","State":"Georgia","PrimSource":"natural gas","Total_MW":532,"Install_MW":596.6,"City":"Rincon","County":"Effingham","Utility_Na":"Oglethorpe Power Corporation","Longitude":-81.284411,"Latitude":32.277252}},{"type":"Feature","geometry":{"type":"Point","coordinates":[-85.9730999998276,33.588300000011]},"properties":{"Plant_Name":"Calhoun Energy Center","State":"Alabama","PrimSource":"natural gas","Total_MW":704,"Install_MW":748,"City":"Eastaboga","County":"Calhoun","Utility_Na":"Alabama Power Co","Longitude":-85.9731,"Latitude":33.5883}},{"type":"Feature","geometry":{"type":"Point","coordinates":[-85.9032779997034,33.0006690000658]},"properties":{"Plant_Name":"Hillabee Energy Center","State":"Alabama","PrimSource":"natural gas","Total_MW":752.7,"Install_MW":822.8,"City":"Alexander City","County":"Tallapoosa","Utility_Na":"CER Generation LLC","Longitude":-85.903278,"Latitude":33.000669}},{"type":"Feature","geometry":{"type":"Point","coordinates":[-81.8083000003291,28.0525000001128]},"properties":{"Plant_Name":"Osprey Energy Center Power Plant","State":"Florida","PrimSource":"natural gas","Total_MW":616,"Install_MW":644.2,"City":"Auburndale","County":"Polk","Utility_Na":"Duke Energy Florida, LLC","Longitude":-81.8083,"Latitude":28.0525}},{"type":"Feature","geometry":{"type":"Point","coordinates":[-82.5586109998208,28.3664999999179]},"properties":{"Plant_Name":"Shady Hills Generating Station","State":"Florida","PrimSource":"natural gas","Total_MW":463.2,"Install_MW":541.2,"City":"Shady Hills","County":"Pasco","Utility_Na":"Shady Hills Power Co LLC","Longitude":-82.558611,"Latitude":28.3665}},{"type":"Feature","geometry":{"type":"Point","coordinates":[-81.923951000062,27.5236069999819]},"properties":{"Plant_Name":"Vandolah Power Station","State":"Florida","PrimSource":"natural gas","Total_MW":660,"Install_MW":728,"City":"Wauchula","County":"Hardee","Utility_Na":"Vandolah Power Co LLC","Longitude":-81.923951,"Latitude":27.523607}},{"type":"Feature","geometry":{"type":"Point","coordinates":[-86.6853999998991,37.8948000001531]},"properties":{"Plant_Name":"Kentucky Mills","State":"Kentucky","PrimSource":"biomass","Total_MW":49,"Install_MW":88,"City":"Hawesville","County":"Hancock","Utility_Na":"Domtar Paper Company LLC","Longitude":-86.6854,"Latitude":37.8948}},{"type":"Feature","geometry":{"type":"Point","coordinates":[-78.3812999998669,37.8667000000706]},"properties":{"Plant_Name":"Tenaska Virginia Generating Station","State":"Virginia","PrimSource":"natural gas","Total_MW":937.4,"Install_MW":1011.4,"City":"Scottsville","County":"Fluvanna","Utility_Na":"Tenaska Virginia Partners LP","Longitude":-78.3813,"Latitude":37.8667}},{"type":"Feature","geometry":{"type":"Point","coordinates":[-86.7399999999232,32.6497000002017]},"properties":{"Plant_Name":"Central Alabama Generating Station","State":"Alabama","PrimSource":"natural gas","Total_MW":917,"Install_MW":927.1,"City":"Billingsley","County":"Autauga","Utility_Na":"Alabama Power Co","Longitude":-86.74,"Latitude":32.6497}},{"type":"Feature","geometry":{"type":"Point","coordinates":[-89.202599999676,34.8350000001255]},"properties":{"Plant_Name":"Magnolia Power Plant","State":"Mississippi","PrimSource":"natural gas","Total_MW":918,"Install_MW":1003.5,"City":"Ashland","County":"Benton","Utility_Na":"Tennessee Valley Authority","Longitude":-89.2026,"Latitude":34.835}},{"type":"Feature","geometry":{"type":"Point","coordinates":[-81.7278000004087,35.73774800029]},"properties":{"Plant_Name":"Water Filter Plant #2","State":"North Carolina","PrimSource":"petroleum","Total_MW":1.7,"Install_MW":1.8,"City":"Morganton","County":"Burke","Utility_Na":"City of Morganton - (NC)","Longitude":-81.7278,"Latitude":35.737748}},{"type":"Feature","geometry":{"type":"Point","coordinates":[-80.6680240001835,35.3532690002759]},"properties":{"Plant_Name":"GRS CMS","State":"North Carolina","PrimSource":"biomass","Total_MW":4.3,"Install_MW":5.3,"City":"Concord","County":"Cabarrus","Utility_Na":"Gas Recovery Systems Inc","Longitude":-80.668024,"Latitude":35.353269}},{"type":"Feature","geometry":{"type":"Point","coordinates":[-82.8607999997908,33.118899999714]},"properties":{"Plant_Name":"AL Sandersville LLC","State":"Georgia","PrimSource":"natural gas","Total_MW":576.4,"Install_MW":692,"City":"Warthen","County":"Washington","Utility_Na":"CAMS (Georgia) AL Sandersville\r","Longitude":-82.8608,"Latitude":33.1189}},{"type":"Feature","geometry":{"type":"Point","coordinates":[-89.2088999997479,33.379200000055]},"properties":{"Plant_Name":"Quantum Choctaw Power LLC","State":"Mississippi","PrimSource":"natural gas","Total_MW":710,"Install_MW":850.5,"City":"Ackerman","County":"Choctaw","Utility_Na":"Tennessee Valley Authority","Longitude":-89.2089,"Latitude":33.3792}},{"type":"Feature","geometry":{"type":"Point","coordinates":[-89.4201000001473,33.2881000001062]},"properties":{"Plant_Name":"Choctaw County","State":"Mississippi","PrimSource":"natural gas","Total_MW":781,"Install_MW":899,"City":"French Camp","County":"Choctaw","Utility_Na":"Entergy Mississippi LLC","Longitude":-89.4201,"Latitude":33.2881}},{"type":"Feature","geometry":{"type":"Point","coordinates":[-81.9613880002702,37.1752779997323]},"properties":{"Plant_Name":"Buchanan Generation LLC","State":"Virginia","PrimSource":"natural gas","Total_MW":84,"Install_MW":88,"City":"Keen Mountain","County":"Buchanan","Utility_Na":"Buchanan Generation, LLC","Longitude":-81.961388,"Latitude":37.175278}},{"type":"Feature","geometry":{"type":"Point","coordinates":[-81.1669439997651,28.4882460000732]},"properties":{"Plant_Name":"Curtis H Stanton Energy Center","State":"Florida","PrimSource":"natural gas","Total_MW":657,"Install_MW":688.3,"City":"Orlando","County":"Orange","Utility_Na":"Stanton Clean Energy LLC","Longitude":-81.166944,"Latitude":28.488246}},{"type":"Feature","geometry":{"type":"Point","coordinates":[-81.124199999895,32.3593999999394]},"properties":{"Plant_Name":"Jasper","State":"South Carolina","PrimSource":"natural gas","Total_MW":895,"Install_MW":1068.2,"City":"Hardeeville","County":"Jasper","Utility_Na":"Dominion Energy South Carolina, Inc","Longitude":-81.1242,"Latitude":32.3594}},{"type":"Feature","geometry":{"type":"Point","coordinates":[-85.7438999997362,35.7050000001417]},"properties":{"Plant_Name":"McMinnville","State":"Tennessee","PrimSource":"petroleum","Total_MW":21.6,"Install_MW":24,"City":"McMinnville","County":"Warren","Utility_Na":"McMinnville Electric System","Longitude":-85.7439,"Latitude":35.705}},{"type":"Feature","geometry":{"type":"Point","coordinates":[-78.1772220002452,38.9716669997006]},"properties":{"Plant_Name":"Warren County","State":"Virginia","PrimSource":"natural gas","Total_MW":1370,"Install_MW":1472.2,"City":"Front Royal","County":"Warren","Utility_Na":"Virginia Electric & Power Co","Longitude":-78.177222,"Latitude":38.971667}},{"type":"Feature","geometry":{"type":"Point","coordinates":[-76.9266670003259,36.6591669999242]},"properties":{"Plant_Name":"Pretlow","State":"Virginia","PrimSource":"petroleum","Total_MW":3.2,"Install_MW":3.2,"City":"Franklin","County":"Southampton","Utility_Na":"City of Franklin - (VA)","Longitude":-76.926667,"Latitude":36.659167}},{"type":"Feature","geometry":{"type":"Point","coordinates":[-76.9219439999218,36.6802779998726]},"properties":{"Plant_Name":"Downtown","State":"Virginia","PrimSource":"petroleum","Total_MW":3.2,"Install_MW":3.2,"City":"Franklin","County":"Southampton","Utility_Na":"City of Franklin - (VA)","Longitude":-76.921944,"Latitude":36.680278}},{"type":"Feature","geometry":{"type":"Point","coordinates":[-85.0369880004158,33.4063850000908]},"properties":{"Plant_Name":"Wansley Combined Cycle","State":"Georgia","PrimSource":"natural gas","Total_MW":1184.8,"Install_MW":1239,"City":"Franklin","County":"Heard","Utility_Na":"Southern Power Co","Longitude":-85.036988,"Latitude":33.406385}},{"type":"Feature","geometry":{"type":"Point","coordinates":[-79.5371999997955,39.1827999999055]},"properties":{"Plant_Name":"Mountaineer Wind Energy Center","State":"West Virginia","PrimSource":"wind","Total_MW":66,"Install_MW":66,"City":"Thomas","County":"Tucker","Utility_Na":"Sequitur Renewables, LLC","Longitude":-79.5372,"Latitude":39.1828}},{"type":"Feature","geometry":{"type":"Point","coordinates":[-78.8649999998965,38.4680999999471]},"properties":{"Plant_Name":"Mount Clinton","State":"Virginia","PrimSource":"petroleum","Total_MW":19,"Install_MW":24,"City":"Harrisonburg","County":"Rockingham","Utility_Na":"City of Harrisonburg - (VA)","Longitude":-78.865,"Latitude":38.4681}},{"type":"Feature","geometry":{"type":"Point","coordinates":[-78.8983000004048,38.400599999968]},"properties":{"Plant_Name":"Pleasant Valley (VA)","State":"Virginia","PrimSource":"petroleum","Total_MW":13,"Install_MW":20.5,"City":"Harrisonburg","County":"Rockingham","Utility_Na":"City of Harrisonburg - (VA)","Longitude":-78.8983,"Latitude":38.4006}},{"type":"Feature","geometry":{"type":"Point","coordinates":[-84.5473039997835,30.9109849997283]},"properties":{"Plant_Name":"Walton Bainbridge Power Facility","State":"Georgia","PrimSource":"petroleum","Total_MW":74,"Install_MW":80,"City":"Bainbridge","County":"Decatur","Utility_Na":"Walton Bainbridge LLC","Longitude":-84.547304,"Latitude":30.910985}},{"type":"Feature","geometry":{"type":"Point","coordinates":[-86.2825000002639,33.1661000001341]},"properties":{"Plant_Name":"AMEA Peaking","State":"Alabama","PrimSource":"natural gas","Total_MW":95,"Install_MW":98.6,"City":"Sylacauga","County":"Talladega","Utility_Na":"Alabama Municipal Elec Authority","Longitude":-86.2825,"Latitude":33.1661}},{"type":"Feature","geometry":{"type":"Point","coordinates":[-77.9191899997814,35.6943440002559]},"properties":{"Plant_Name":"Smithfield Packaged Meats Corp.","State":"North Carolina","PrimSource":"petroleum","Total_MW":2.6,"Install_MW":2.8,"City":"Wilson","County":"Wilson","Utility_Na":"Smithfield Packaged Meats Corp.","Longitude":-77.91919,"Latitude":35.694344}},{"type":"Feature","geometry":{"type":"Point","coordinates":[-79.9901240002622,35.9243929998733]},"properties":{"Plant_Name":"High Point, Fairfield","State":"North Carolina","PrimSource":"petroleum","Total_MW":1.8,"Install_MW":1.8,"City":"High Point","County":"Guilford","Utility_Na":"North Carolina Mun Power Agny #1","Longitude":-79.990124,"Latitude":35.924393}},{"type":"Feature","geometry":{"type":"Point","coordinates":[-80.942708999927,35.7984620002411]},"properties":{"Plant_Name":"Statesville, Highway 64","State":"North Carolina","PrimSource":"petroleum","Total_MW":1.8,"Install_MW":1.8,"City":"Statesville","County":"Iredell","Utility_Na":"North Carolina Mun Power Agny #1","Longitude":-80.942709,"Latitude":35.798462}},{"type":"Feature","geometry":{"type":"Point","coordinates":[-81.5225000000481,35.3036000002612]},"properties":{"Plant_Name":"Shelby, Toms Street","State":"North Carolina","PrimSource":"petroleum","Total_MW":1.8,"Install_MW":1.8,"City":"Shelby","County":"Cleveland","Utility_Na":"North Carolina Mun Power Agny #1","Longitude":-81.5225,"Latitude":35.3036}},{"type":"Feature","geometry":{"type":"Point","coordinates":[-81.6624299996286,35.7207999998128]},"properties":{"Plant_Name":"Morganton, Parker Road","State":"North Carolina","PrimSource":"petroleum","Total_MW":1.8,"Install_MW":1.8,"City":"Morganton","County":"Burke","Utility_Na":"North Carolina Mun Power Agny #1","Longitude":-81.66243,"Latitude":35.7208}},{"type":"Feature","geometry":{"type":"Point","coordinates":[-80.2421539996816,35.830877000004]},"properties":{"Plant_Name":"Lexington Health Center","State":"North Carolina","PrimSource":"petroleum","Total_MW":1.8,"Install_MW":1.8,"City":"Lexington","County":"Davidson","Utility_Na":"North Carolina Mun Power Agny #1","Longitude":-80.242154,"Latitude":35.830877}},{"type":"Feature","geometry":{"type":"Point","coordinates":[-86.7798659997439,33.582792999826]},"properties":{"Plant_Name":"ABC Coke","State":"Alabama","PrimSource":"other","Total_MW":3.8,"Install_MW":3.8,"City":"Tarrant","County":"Jefferson","Utility_Na":"ABC Coke - Drummond Co, Inc","Longitude":-86.779866,"Latitude":33.582793}},{"type":"Feature","geometry":{"type":"Point","coordinates":[-80.2677769995685,34.181041999849]},"properties":{"Plant_Name":"Lee County Landfill","State":"South Carolina","PrimSource":"biomass","Total_MW":10.6,"Install_MW":11.2,"City":"Bishopville","County":"Lee","Utility_Na":"South Carolina Public Service Authority","Longitude":-80.267777,"Latitude":34.181042}},{"type":"Feature","geometry":{"type":"Point","coordinates":[-80.7904939998471,34.1029960002192]},"properties":{"Plant_Name":"Richland County Landfill","State":"South Carolina","PrimSource":"biomass","Total_MW":8.2,"Install_MW":8.9,"City":"Lugoff","County":"Richland","Utility_Na":"South Carolina Public Service Authority","Longitude":-80.790494,"Latitude":34.102996}},{"type":"Feature","geometry":{"type":"Point","coordinates":[-81.0724999996616,34.8894000001228]},"properties":{"Plant_Name":"Thermal Kem","State":"South Carolina","PrimSource":"petroleum","Total_MW":2.6,"Install_MW":2.9,"City":"Rock Hill","County":"York","Utility_Na":"Central Electric Power","Longitude":-81.0725,"Latitude":34.8894}},{"type":"Feature","geometry":{"type":"Point","coordinates":[-83.0383199997404,34.6572399998524]},"properties":{"Plant_Name":"Valenite","State":"South Carolina","PrimSource":"petroleum","Total_MW":2.5,"Install_MW":2.9,"City":"Westminster","County":"Oconee","Utility_Na":"Central Electric Power","Longitude":-83.03832,"Latitude":34.65724}},{"type":"Feature","geometry":{"type":"Point","coordinates":[-82.3652000001245,34.4412799998641]},"properties":{"Plant_Name":"Honea Path","State":"South Carolina","PrimSource":"petroleum","Total_MW":2.5,"Install_MW":2.9,"City":"Honea Path","County":"Abbeville","Utility_Na":"Central Electric Power","Longitude":-82.3652,"Latitude":34.44128}},{"type":"Feature","geometry":{"type":"Point","coordinates":[-81.1816999997099,32.3477999999394]},"properties":{"Plant_Name":"McIntosh Combined Cycle Facility","State":"Georgia","PrimSource":"natural gas","Total_MW":1315.6,"Install_MW":1376.6,"City":"Rincon","County":"Effingham","Utility_Na":"Georgia Power Co","Longitude":-81.1817,"Latitude":32.3478}},{"type":"Feature","geometry":{"type":"Point","coordinates":[-84.1494000003639,33.7035999996449]},"properties":{"Plant_Name":"Emory Hillandale Hospital","State":"Georgia","PrimSource":"petroleum","Total_MW":1.4,"Install_MW":1.6,"City":"Lithonia","County":"DeKalb","Utility_Na":"DeKalb Regional Health System","Longitude":-84.1494,"Latitude":33.7036}},{"type":"Feature","geometry":{"type":"Point","coordinates":[-79.9217380002387,34.9686509997378]},"properties":{"Plant_Name":"Anson County Generation Facility","State":"North Carolina","PrimSource":"natural gas","Total_MW":339,"Install_MW":343.8,"City":"Lilesville","County":"Anson","Utility_Na":"North Carolina El Member Corp","Longitude":-79.921738,"Latitude":34.968651}},{"type":"Feature","geometry":{"type":"Point","coordinates":[-79.9497000002247,35.9860999999958]},"properties":{"Plant_Name":"High Point, Pump Station Rd","State":"North Carolina","PrimSource":"petroleum","Total_MW":3.6,"Install_MW":3.6,"City":"High Point","County":"Guilford","Utility_Na":"North Carolina Mun Power Agny #1","Longitude":-79.9497,"Latitude":35.9861}},{"type":"Feature","geometry":{"type":"Point","coordinates":[-80.2594000002366,35.7735999997604]},"properties":{"Plant_Name":"Lexington","State":"North Carolina","PrimSource":"petroleum","Total_MW":3.6,"Install_MW":3.6,"City":"Lexington","County":"Davidson","Utility_Na":"North Carolina Mun Power Agny #1","Longitude":-80.2594,"Latitude":35.7736}},{"type":"Feature","geometry":{"type":"Point","coordinates":[-81.2052189996742,35.2891399998255]},"properties":{"Plant_Name":"Gastonia, Tulip Drive","State":"North Carolina","PrimSource":"petroleum","Total_MW":5.4,"Install_MW":5.4,"City":"Gastonia","County":"Gaston","Utility_Na":"North Carolina Mun Power Agny #1","Longitude":-81.205219,"Latitude":35.28914}},{"type":"Feature","geometry":{"type":"Point","coordinates":[-80.1518489998261,35.4072079998056]},"properties":{"Plant_Name":"Albemarle Prime Power Park","State":"North Carolina","PrimSource":"petroleum","Total_MW":3.6,"Install_MW":3.6,"City":"New London","County":"Stanly","Utility_Na":"North Carolina Mun Power Agny #1","Longitude":-80.151849,"Latitude":35.407208}},{"type":"Feature","geometry":{"type":"Point","coordinates":[-84.6556000000085,38.8608000000156]},"properties":{"Plant_Name":"Bavarian LFGTE","State":"Kentucky","PrimSource":"biomass","Total_MW":4.7,"Install_MW":4.8,"City":"Walton","County":"Boone","Utility_Na":"East Kentucky Power Coop, Inc","Longitude":-84.6556,"Latitude":38.8608}},{"type":"Feature","geometry":{"type":"Point","coordinates":[-82.8088190002483,38.3967370000691]},"properties":{"Plant_Name":"Green Valley LFGTE","State":"Kentucky","PrimSource":"biomass","Total_MW":2.4,"Install_MW":2.4,"City":"Ashland","County":"Greenup","Utility_Na":"East Kentucky Power Coop, Inc","Longitude":-82.808819,"Latitude":38.396737}},{"type":"Feature","geometry":{"type":"Point","coordinates":[-85.7257999995867,37.7258000000632]},"properties":{"Plant_Name":"Hardin County LFGTE","State":"Kentucky","PrimSource":"biomass","Total_MW":2.4,"Install_MW":2.4,"City":"Elizabethtown","County":"Hardin","Utility_Na":"East Kentucky Power Coop, Inc","Longitude":-85.7258,"Latitude":37.7258}},{"type":"Feature","geometry":{"type":"Point","coordinates":[-80.0770999999816,37.2874999998958]},"properties":{"Plant_Name":"Salem Water Plant","State":"Virginia","PrimSource":"petroleum","Total_MW":2,"Install_MW":2,"City":"Salem","County":"Salem City","Utility_Na":"City of Salem - (VA)","Longitude":-80.0771,"Latitude":37.2875}},{"type":"Feature","geometry":{"type":"Point","coordinates":[-80.0446999999969,37.2793999996499]},"properties":{"Plant_Name":"Salem Street Dept","State":"Virginia","PrimSource":"petroleum","Total_MW":2,"Install_MW":1.8,"City":"Salem","County":"Salem City","Utility_Na":"City of Salem - (VA)","Longitude":-80.0447,"Latitude":37.2794}},{"type":"Feature","geometry":{"type":"Point","coordinates":[-79.7360870001064,34.8423109997819]},"properties":{"Plant_Name":"Hamlet Generating Facility","State":"North Carolina","PrimSource":"natural gas","Total_MW":339,"Install_MW":343.8,"City":"Hamlet","County":"Richmond","Utility_Na":"North Carolina El Member Corp","Longitude":-79.736087,"Latitude":34.842311}},{"type":"Feature","geometry":{"type":"Point","coordinates":[-79.3005999999904,37.5034999999812]},"properties":{"Plant_Name":"Coleman Falls","State":"Virginia","PrimSource":"hydroelectric","Total_MW":1.5,"Install_MW":1.5,"City":"Coleman Falls","County":"Bedford","Utility_Na":"Holcomb Rock Company","Longitude":-79.3006,"Latitude":37.5035}},{"type":"Feature","geometry":{"type":"Point","coordinates":[-79.3005999999904,37.5034999999812]},"properties":{"Plant_Name":"Holcomb Rock","State":"Virginia","PrimSource":"hydroelectric","Total_MW":0.6,"Install_MW":1.8,"City":"Holcomb Rock","County":"Lynchburg City","Utility_Na":"Holcomb Rock Company","Longitude":-79.3006,"Latitude":37.5035}},{"type":"Feature","geometry":{"type":"Point","coordinates":[-84.4059010002923,38.7342179999586]},"properties":{"Plant_Name":"Pendleton County LFGTE","State":"Kentucky","PrimSource":"biomass","Total_MW":3.2,"Install_MW":3.2,"City":"Butler","County":"Pendleton","Utility_Na":"East Kentucky Power Coop, Inc","Longitude":-84.405901,"Latitude":38.734218}},{"type":"Feature","geometry":{"type":"Point","coordinates":[-80.8906100003837,38.2192100000941]},"properties":{"Plant_Name":"Gauley River Power Partners","State":"West Virginia","PrimSource":"hydroelectric","Total_MW":80,"Install_MW":80,"City":"Summersville","County":"Nicholas","Utility_Na":"Central Rivers Power WV, LLC","Longitude":-80.89061,"Latitude":38.21921}},{"type":"Feature","geometry":{"type":"Point","coordinates":[-80.1938999997601,35.3636000002915]},"properties":{"Plant_Name":"Albemarle Hospital Unit","State":"North Carolina","PrimSource":"petroleum","Total_MW":1.8,"Install_MW":1.8,"City":"Albemarle","County":"Stanly","Utility_Na":"North Carolina Mun Power Agny #1","Longitude":-80.1939,"Latitude":35.3636}},{"type":"Feature","geometry":{"type":"Point","coordinates":[-81.3800000003898,35.3778000003494]},"properties":{"Plant_Name":"Cherryville City Hall","State":"North Carolina","PrimSource":"petroleum","Total_MW":1.8,"Install_MW":1.8,"City":"Cherryville","County":"Gaston","Utility_Na":"North Carolina Mun Power Agny #1","Longitude":-81.38,"Latitude":35.3778}},{"type":"Feature","geometry":{"type":"Point","coordinates":[-81.2622590000798,35.4774149998136]},"properties":{"Plant_Name":"Lincolnton High School","State":"North Carolina","PrimSource":"petroleum","Total_MW":1.8,"Install_MW":1.8,"City":"Lincolnton","County":"Lincoln","Utility_Na":"North Carolina Mun Power Agny #1","Longitude":-81.262259,"Latitude":35.477415}},{"type":"Feature","geometry":{"type":"Point","coordinates":[-81.2081000000966,35.5772000002117]},"properties":{"Plant_Name":"Maiden Community Center","State":"North Carolina","PrimSource":"petroleum","Total_MW":1.8,"Install_MW":1.8,"City":"Maiden","County":"Catawba","Utility_Na":"North Carolina Mun Power Agny #1","Longitude":-81.2081,"Latitude":35.5772}},{"type":"Feature","geometry":{"type":"Point","coordinates":[-80.5400379997224,34.9732740000995]},"properties":{"Plant_Name":"Monroe Middle School","State":"North Carolina","PrimSource":"petroleum","Total_MW":1.8,"Install_MW":1.8,"City":"Monroe","County":"Union","Utility_Na":"North Carolina Mun Power Agny #1","Longitude":-80.540038,"Latitude":34.973274}},{"type":"Feature","geometry":{"type":"Point","coordinates":[-81.7480749997275,35.7290000001226]},"properties":{"Plant_Name":"Morganton Station 5","State":"North Carolina","PrimSource":"petroleum","Total_MW":1.8,"Install_MW":1.8,"City":"Morganton","County":"Burke","Utility_Na":"North Carolina Mun Power Agny #1","Longitude":-81.748075,"Latitude":35.729}},{"type":"Feature","geometry":{"type":"Point","coordinates":[-80.8815999995936,35.0766999996782]},"properties":{"Plant_Name":"Pineville Delivery 2","State":"North Carolina","PrimSource":"petroleum","Total_MW":1.8,"Install_MW":1.8,"City":"Pineville","County":"Mecklenburg","Utility_Na":"North Carolina Mun Power Agny #1","Longitude":-80.8816,"Latitude":35.0767}},{"type":"Feature","geometry":{"type":"Point","coordinates":[-79.298599999825,36.6610600003383]},"properties":{"Plant_Name":"Danville Kentuck Road Plant","State":"Virginia","PrimSource":"petroleum","Total_MW":1.2,"Install_MW":1.8,"City":"Ringgold","County":"Pittsylvania","Utility_Na":"City of Danville - (VA)","Longitude":-79.2986,"Latitude":36.66106}},{"type":"Feature","geometry":{"type":"Point","coordinates":[-77.5900000004483,38.2799999998994]},"properties":{"Plant_Name":"Electric Avenue Facility","State":"Virginia","PrimSource":"petroleum","Total_MW":6.9,"Install_MW":6.9,"City":"Culpeper","County":"Culpeper","Utility_Na":"Town of Culpeper- (VA)","Longitude":-77.59,"Latitude":38.28}},{"type":"Feature","geometry":{"type":"Point","coordinates":[-77.620889999814,38.7606950000669]},"properties":{"Plant_Name":"Water Treatment Plant Generators","State":"Virginia","PrimSource":"petroleum","Total_MW":1.7,"Install_MW":1.8,"City":"Gainesville","County":"Prince William","Utility_Na":"City of Manassas - (VA)","Longitude":-77.62089,"Latitude":38.760695}},{"type":"Feature","geometry":{"type":"Point","coordinates":[-80.3774999996735,27.3838890000005]},"properties":{"Plant_Name":"Treasure Coast Energy Center","State":"Florida","PrimSource":"natural gas","Total_MW":318,"Install_MW":411.4,"City":"Ft. Pierce","County":"St Lucie","Utility_Na":"Fort Pierce Utilities Authority","Longitude":-80.3775,"Latitude":27.383889}},{"type":"Feature","geometry":{"type":"Point","coordinates":[-80.3747000003402,26.6985999998877]},"properties":{"Plant_Name":"West County Energy Center","State":"Florida","PrimSource":"natural gas","Total_MW":3777,"Install_MW":4263,"City":"Loxahatchee","County":"Palm Beach","Utility_Na":"Florida Power & Light Co","Longitude":-80.3747,"Latitude":26.6986}},{"type":"Feature","geometry":{"type":"Point","coordinates":[-84.3441679996198,36.1270919998945]},"properties":{"Plant_Name":"Buffalo Mountain Energy Center","State":"Tennessee","PrimSource":"wind","Total_MW":27,"Install_MW":27,"City":"Oliver Springs","County":"Anderson","Utility_Na":"Invenergy Services LLC","Longitude":-84.344168,"Latitude":36.127092}},{"type":"Feature","geometry":{"type":"Point","coordinates":[-79.2093999996342,39.2175000000362]},"properties":{"Plant_Name":"NedPower Mount Storm","State":"West Virginia","PrimSource":"wind","Total_MW":264,"Install_MW":264,"City":"Mount Storm","County":"Grant","Utility_Na":"Clearway Energy Operating LLC","Longitude":-79.2094,"Latitude":39.2175}},{"type":"Feature","geometry":{"type":"Point","coordinates":[-82.339999999837,29.6383000001484]},"properties":{"Plant_Name":"South Energy Center","State":"Florida","PrimSource":"natural gas","Total_MW":11.7,"Install_MW":11.5,"City":"Gainesville","County":"Alachua","Utility_Na":"Gainesville Regional Utilities","Longitude":-82.34,"Latitude":29.6383}},{"type":"Feature","geometry":{"type":"Point","coordinates":[-80.0699999998436,37.289399999854]},"properties":{"Plant_Name":"Salem Electric Department","State":"Virginia","PrimSource":"petroleum","Total_MW":1.3,"Install_MW":1.3,"City":"Salem","County":"Salem City","Utility_Na":"City of Salem - (VA)","Longitude":-80.07,"Latitude":37.2894}},{"type":"Feature","geometry":{"type":"Point","coordinates":[-85.4261110002725,30.928333000113]},"properties":{"Plant_Name":"Springhill Gas Recovery Plant","State":"Florida","PrimSource":"biomass","Total_MW":4.8,"Install_MW":4.8,"City":"Campbellton","County":"Jackson","Utility_Na":"WM Renewable Energy LLC","Longitude":-85.426111,"Latitude":30.928333}},{"type":"Feature","geometry":{"type":"Point","coordinates":[-76.4443730002599,37.0763519997738]},"properties":{"Plant_Name":"Waste Management Bethel LFGTE","State":"Virginia","PrimSource":"biomass","Total_MW":4.8,"Install_MW":4.8,"City":"Hampton","County":"Hampton City","Utility_Na":"WM Renewable Energy LLC","Longitude":-76.444373,"Latitude":37.076352}},{"type":"Feature","geometry":{"type":"Point","coordinates":[-82.9524999997393,34.6874999998079]},"properties":{"Plant_Name":"Seneca City of","State":"South Carolina","PrimSource":"petroleum","Total_MW":9,"Install_MW":10,"City":"Seneca","County":"Oconee","Utility_Na":"City of Seneca - (SC)","Longitude":-82.9525,"Latitude":34.6875}},{"type":"Feature","geometry":{"type":"Point","coordinates":[-80.8569159996901,35.483274000267]},"properties":{"Plant_Name":"Cornelius Delivery No 1","State":"North Carolina","PrimSource":"petroleum","Total_MW":2,"Install_MW":2.2,"City":"Cornelius","County":"Mecklenburg","Utility_Na":"North Carolina Mun Power Agny #1","Longitude":-80.856916,"Latitude":35.483274}},{"type":"Feature","geometry":{"type":"Point","coordinates":[-81.834400000242,35.3619000002414]},"properties":{"Plant_Name":"Bostic Delivery No 2","State":"North Carolina","PrimSource":"petroleum","Total_MW":1,"Install_MW":1,"City":"Bostic","County":"Rutherford","Utility_Na":"North Carolina Mun Power Agny #1","Longitude":-81.8344,"Latitude":35.3619}},{"type":"Feature","geometry":{"type":"Point","coordinates":[-81.6072000003159,35.748099999781]},"properties":{"Plant_Name":"Drexel Operations Center","State":"North Carolina","PrimSource":"petroleum","Total_MW":2,"Install_MW":2.2,"City":"Drexel","County":"Burke","Utility_Na":"North Carolina Mun Power Agny #1","Longitude":-81.6072,"Latitude":35.7481}},{"type":"Feature","geometry":{"type":"Point","coordinates":[-81.3927999996518,35.7811000000997]},"properties":{"Plant_Name":"Granite Falls Walmart","State":"North Carolina","PrimSource":"petroleum","Total_MW":2,"Install_MW":2.2,"City":"Granite Falls","County":"Caldwell","Utility_Na":"North Carolina Mun Power Agny #1","Longitude":-81.3928,"Latitude":35.7811}},{"type":"Feature","geometry":{"type":"Point","coordinates":[-80.8328789996919,35.3832220001817]},"properties":{"Plant_Name":"Huntersville Delivery No 2","State":"North Carolina","PrimSource":"petroleum","Total_MW":2,"Install_MW":2.2,"City":"Huntersville","County":"Mecklenburg","Utility_Na":"North Carolina Mun Power Agny #1","Longitude":-80.832879,"Latitude":35.383222}},{"type":"Feature","geometry":{"type":"Point","coordinates":[-80.612301000053,35.5419819999913]},"properties":{"Plant_Name":"Landis Delivery No 2","State":"North Carolina","PrimSource":"petroleum","Total_MW":2,"Install_MW":2.2,"City":"Landis","County":"Rowan","Utility_Na":"North Carolina Mun Power Agny #1","Longitude":-80.612301,"Latitude":35.541982}},{"type":"Feature","geometry":{"type":"Point","coordinates":[-80.8542000000225,35.7972000002304]},"properties":{"Plant_Name":"Statesville Delivery No 3","State":"North Carolina","PrimSource":"petroleum","Total_MW":2,"Install_MW":2.2,"City":"Statesville","County":"Iredell","Utility_Na":"North Carolina Mun Power Agny #1","Longitude":-80.8542,"Latitude":35.7972}},{"type":"Feature","geometry":{"type":"Point","coordinates":[-81.6643000000976,35.776600000105]},"properties":{"Plant_Name":"Catawba River Pollution Control","State":"North Carolina","PrimSource":"petroleum","Total_MW":1.1,"Install_MW":1.3,"City":"Morganton","County":"Burke","Utility_Na":"City of Morganton - (NC)","Longitude":-81.6643,"Latitude":35.7766}},{"type":"Feature","geometry":{"type":"Point","coordinates":[-88.6158619995778,37.0338500001802]},"properties":{"Plant_Name":"PPS Power Plant No 1","State":"Kentucky","PrimSource":"natural gas","Total_MW":110,"Install_MW":120,"City":"Paducah","County":"McCracken","Utility_Na":"Paducah Power System","Longitude":-88.615862,"Latitude":37.03385}},{"type":"Feature","geometry":{"type":"Point","coordinates":[-79.9589739997071,39.7078929997092]},"properties":{"Plant_Name":"Longview Power Plant","State":"West Virginia","PrimSource":"coal","Total_MW":710,"Install_MW":807.5,"City":"Maidsville","County":"Monongalia","Utility_Na":"Longview Power, LLC","Longitude":-79.958974,"Latitude":39.707893}},{"type":"Feature","geometry":{"type":"Point","coordinates":[-78.0589000001521,37.3096999997365]},"properties":{"Plant_Name":"Amelia","State":"Virginia","PrimSource":"biomass","Total_MW":14.4,"Install_MW":14.4,"City":"Jetersville","County":"Amelia","Utility_Na":"Industrial Power Generating Company LLC","Longitude":-78.0589,"Latitude":37.3097}},{"type":"Feature","geometry":{"type":"Point","coordinates":[-77.810799999845,36.7639000001225]},"properties":{"Plant_Name":"Brunswick Landfill Gas","State":"Virginia","PrimSource":"biomass","Total_MW":10.5,"Install_MW":10.5,"City":"Lawrenceville","County":"Brunswick","Utility_Na":"Industrial Power Generating Company LLC","Longitude":-77.8108,"Latitude":36.7639}},{"type":"Feature","geometry":{"type":"Point","coordinates":[-77.1286109998879,37.438889000179]},"properties":{"Plant_Name":"Charles City","State":"Virginia","PrimSource":"biomass","Total_MW":14.4,"Install_MW":14.4,"City":"Providence Forge","County":"Charles City","Utility_Na":"Industrial Power Generating Company LLC","Longitude":-77.128611,"Latitude":37.438889}},{"type":"Feature","geometry":{"type":"Point","coordinates":[-77.4969000003841,37.3517000003411]},"properties":{"Plant_Name":"Chesterfield Landfill Gas","State":"Virginia","PrimSource":"biomass","Total_MW":14.4,"Install_MW":14.4,"City":"Chester","County":"Chesterfield","Utility_Na":"Industrial Power Generating Company LLC","Longitude":-77.4969,"Latitude":37.3517}},{"type":"Feature","geometry":{"type":"Point","coordinates":[-76.7600000000747,37.6711000002142]},"properties":{"Plant_Name":"King & Queen","State":"Virginia","PrimSource":"biomass","Total_MW":10.8,"Install_MW":10.8,"City":"Little Plymouth","County":"King and Queen","Utility_Na":"Industrial Power Generating Company LLC","Longitude":-76.76,"Latitude":37.6711}},{"type":"Feature","geometry":{"type":"Point","coordinates":[-77.2266999995967,35.1680999998804]},"properties":{"Plant_Name":"New Bern","State":"North Carolina","PrimSource":"biomass","Total_MW":5.4,"Install_MW":5.4,"City":"New Bern","County":"Craven","Utility_Na":"Industrial Power Generating Company LLC","Longitude":-77.2267,"Latitude":35.1681}},{"type":"Feature","geometry":{"type":"Point","coordinates":[-80.4210999996862,37.2319000003093]},"properties":{"Plant_Name":"Virginia Tech Power Plant","State":"Virginia","PrimSource":"natural gas","Total_MW":2.5,"Install_MW":6.3,"City":"Blacksburg","County":"Montgomery","Utility_Na":"Virginia Polytechnic Inst and State Unv","Longitude":-80.4211,"Latitude":37.2319}},{"type":"Feature","geometry":{"type":"Point","coordinates":[-81.5184150002268,30.1591309996148]},"properties":{"Plant_Name":"Greenland Energy Center","State":"Florida","PrimSource":"natural gas","Total_MW":357.2,"Install_MW":380.8,"City":"Jacksonville","County":"Duval","Utility_Na":"JEA","Longitude":-81.518415,"Latitude":30.159131}},{"type":"Feature","geometry":{"type":"Point","coordinates":[-78.2852780002707,37.6955560001855]},"properties":{"Plant_Name":"Bear Garden","State":"Virginia","PrimSource":"natural gas","Total_MW":621.9,"Install_MW":559,"City":"New Canton","County":"Buckingham","Utility_Na":"Virginia Electric & Power Co","Longitude":-78.285278,"Latitude":37.695556}},{"type":"Feature","geometry":{"type":"Point","coordinates":[-82.3380549999232,36.9163889998714]},"properties":{"Plant_Name":"Virginia City Hybrid Energy Center","State":"Virginia","PrimSource":"coal","Total_MW":610,"Install_MW":668,"City":"St. Paul","County":"Wise","Utility_Na":"Virginia Electric & Power Co","Longitude":-82.338055,"Latitude":36.916389}},{"type":"Feature","geometry":{"type":"Point","coordinates":[-86.7058330002999,37.8997220001337]},"properties":{"Plant_Name":"Cannelton Hydroelectric Plant","State":"Kentucky","PrimSource":"hydroelectric","Total_MW":87.9,"Install_MW":87.9,"City":"Hawesville","County":"Hancock","Utility_Na":"American Mun Power-Ohio, Inc","Longitude":-86.705833,"Latitude":37.899722}},{"type":"Feature","geometry":{"type":"Point","coordinates":[-88.4195179995806,37.1696359997191]},"properties":{"Plant_Name":"Smithland Hydroelectric Plant","State":"Kentucky","PrimSource":"hydroelectric","Total_MW":75.9,"Install_MW":75.9,"City":"Smithland","County":"Livingston","Utility_Na":"American Mun Power-Ohio, Inc","Longitude":-88.419518,"Latitude":37.169636}},{"type":"Feature","geometry":{"type":"Point","coordinates":[-81.3179500004233,39.357759999707]},"properties":{"Plant_Name":"Willow Island Hydroelectric Plant","State":"West Virginia","PrimSource":"hydroelectric","Total_MW":44,"Install_MW":44,"City":"Willow Island","County":"Pleasants","Utility_Na":"American Mun Power-Ohio, Inc","Longitude":-81.31795,"Latitude":39.35776}},{"type":"Feature","geometry":{"type":"Point","coordinates":[-81.15249800034,35.909074000087]},"properties":{"Plant_Name":"Taylorsville Solar LLC","State":"North Carolina","PrimSource":"solar","Total_MW":1,"Install_MW":1,"City":"Taylorsville","County":"Alexander","Utility_Na":"Duke Energy Renewables Services","Longitude":-81.152498,"Latitude":35.909074}},{"type":"Feature","geometry":{"type":"Point","coordinates":[-88.9924999998168,33.9544439997345]},"properties":{"Plant_Name":"Prairie Bluff","State":"Mississippi","PrimSource":"biomass","Total_MW":1.6,"Install_MW":1.6,"City":"Houston","County":"Chickasaw","Utility_Na":"WM Renewable Energy LLC","Longitude":-88.9925,"Latitude":33.954444}},{"type":"Feature","geometry":{"type":"Point","coordinates":[-88.1419649998334,36.0578919997754]},"properties":{"Plant_Name":"West Camden","State":"Tennessee","PrimSource":"biomass","Total_MW":4.8,"Install_MW":4.8,"City":"Camden","County":"Benton","Utility_Na":"WM Renewable Energy LLC","Longitude":-88.141965,"Latitude":36.057892}},{"type":"Feature","geometry":{"type":"Point","coordinates":[-77.0640000000644,36.4249999997316]},"properties":{"Plant_Name":"Solar Star North Carolina II LLC","State":"North Carolina","PrimSource":"solar","Total_MW":5,"Install_MW":6.5,"City":"Murfreesboro","County":"Hertford","Utility_Na":"Duke Energy Renewables Services","Longitude":-77.064,"Latitude":36.425}},{"type":"Feature","geometry":{"type":"Point","coordinates":[-80.1834579999655,35.8412990000561]},"properties":{"Plant_Name":"Davidson Gas Producers LLC","State":"North Carolina","PrimSource":"biomass","Total_MW":1.6,"Install_MW":1.6,"City":"Lexington","County":"Davidson","Utility_Na":"Davidson Gas Producers LLC","Longitude":-80.183458,"Latitude":35.841299}},{"type":"Feature","geometry":{"type":"Point","coordinates":[-82.3378280001424,29.700406999783]},"properties":{"Plant_Name":"Solar Park Gainesville, LLC","State":"Florida","PrimSource":"solar","Total_MW":1.6,"Install_MW":1.6,"City":"Gainesville","County":"Alachua","Utility_Na":"Altus Power America Management, LLC","Longitude":-82.337828,"Latitude":29.700407}},{"type":"Feature","geometry":{"type":"Point","coordinates":[-79.8865999999467,39.0072000001216]},"properties":{"Plant_Name":"Laurel Mountain Hybrid","State":"West Virginia","PrimSource":"wind","Total_MW":113.6,"Install_MW":113.6,"City":"Belington","County":"Barbour","Utility_Na":"AES Distributed Energy","Longitude":-79.8866,"Latitude":39.0072}},{"type":"Feature","geometry":{"type":"Point","coordinates":[-84.0156760002456,35.0204149998729]},"properties":{"Plant_Name":"Martins Creek Solar NC, LLC","State":"North Carolina","PrimSource":"solar","Total_MW":0.9,"Install_MW":0.9,"City":"Murphy","County":"Cherokee","Utility_Na":"Duke Energy Renewables Services","Longitude":-84.015676,"Latitude":35.020415}},{"type":"Feature","geometry":{"type":"Point","coordinates":[-79.7849999996287,34.6050000002325]},"properties":{"Plant_Name":"Marlboro Mill","State":"South Carolina","PrimSource":"biomass","Total_MW":34.2,"Install_MW":51.4,"City":"Bennettsville","County":"Marlboro","Utility_Na":"Domtar Paper Company Bennettsville","Longitude":-79.785,"Latitude":34.605}},{"type":"Feature","geometry":{"type":"Point","coordinates":[-87.3899999997828,30.5700000001583]},"properties":{"Plant_Name":"Perdido","State":"Florida","PrimSource":"biomass","Total_MW":3,"Install_MW":3.2,"City":"Pensacola","County":"Escambia","Utility_Na":"Florida Power & Light Co","Longitude":-87.39,"Latitude":30.57}},{"type":"Feature","geometry":{"type":"Point","coordinates":[-80.5060369997804,34.9858140000053]},"properties":{"Plant_Name":"Monroe Generating Station","State":"North Carolina","PrimSource":"natural gas","Total_MW":24,"Install_MW":30,"City":"Monroe","County":"Union","Utility_Na":"North Carolina Mun Power Agny #1","Longitude":-80.506037,"Latitude":34.985814}},{"type":"Feature","geometry":{"type":"Point","coordinates":[-81.1822219999417,28.4888890001608]},"properties":{"Plant_Name":"RP-Orlando, LLC","State":"Florida","PrimSource":"solar","Total_MW":5.1,"Install_MW":5.1,"City":"Orlando","County":"Orange","Utility_Na":"Duke Energy Renewables Services","Longitude":-81.182222,"Latitude":28.488889}},{"type":"Feature","geometry":{"type":"Point","coordinates":[-79.0300000000682,39.4449999999002]},"properties":{"Plant_Name":"Pinnacle Wind Force LLC","State":"West Virginia","PrimSource":"wind","Total_MW":52.9,"Install_MW":53.7,"City":"Keyser","County":"Mineral","Utility_Na":"Pinnacle Wind, LLC","Longitude":-79.03,"Latitude":39.445}},{"type":"Feature","geometry":{"type":"Point","coordinates":[-79.9089000004436,35.9428000002558]},"properties":{"Plant_Name":"Eastside WWTP","State":"North Carolina","PrimSource":"petroleum","Total_MW":5.4,"Install_MW":5.4,"City":"High Point","County":"Guilford","Utility_Na":"City Of High Point","Longitude":-79.9089,"Latitude":35.9428}},{"type":"Feature","geometry":{"type":"Point","coordinates":[-79.970799999724,35.9678000001824]},"properties":{"Plant_Name":"Ward WTP","State":"North Carolina","PrimSource":"petroleum","Total_MW":2,"Install_MW":2,"City":"High Point","County":"Guilford","Utility_Na":"City Of High Point","Longitude":-79.9708,"Latitude":35.9678}},{"type":"Feature","geometry":{"type":"Point","coordinates":[-80.1105999996082,35.9402999998897]},"properties":{"Plant_Name":"Westside WWTP","State":"North Carolina","PrimSource":"petroleum","Total_MW":1.8,"Install_MW":1.8,"City":"Thomasville","County":"Davidson","Utility_Na":"City Of High Point","Longitude":-80.1106,"Latitude":35.9403}},{"type":"Feature","geometry":{"type":"Point","coordinates":[-81.1382999997137,35.2746999997378]},"properties":{"Plant_Name":"Gaston Memorial Hospital","State":"North Carolina","PrimSource":"petroleum","Total_MW":1.8,"Install_MW":1.8,"City":"Gastonia","County":"Gaston","Utility_Na":"City of Gastonia","Longitude":-81.1383,"Latitude":35.2747}},{"type":"Feature","geometry":{"type":"Point","coordinates":[-81.1414000004193,35.3119000002884]},"properties":{"Plant_Name":"Long Creek Waste Water Plant","State":"North Carolina","PrimSource":"petroleum","Total_MW":5.1,"Install_MW":5.1,"City":"Dallas","County":"Gaston","Utility_Na":"City of Gastonia","Longitude":-81.1414,"Latitude":35.3119}},{"type":"Feature","geometry":{"type":"Point","coordinates":[-84.157253999639,34.9991670002368]},"properties":{"Plant_Name":"Murphy Farm Power, LLC","State":"North Carolina","PrimSource":"solar","Total_MW":0.9,"Install_MW":0.9,"City":"Culberson","County":"Cherokee","Utility_Na":"Duke Energy Renewables Services","Longitude":-84.157254,"Latitude":34.999167}},{"type":"Feature","geometry":{"type":"Point","coordinates":[-84.1661969995836,34.9895389999593]},"properties":{"Plant_Name":"CS Murphy Point, LLC","State":"North Carolina","PrimSource":"solar","Total_MW":0.9,"Install_MW":0.9,"City":"Murphy","County":"Cherokee","Utility_Na":"Duke Energy Renewables Services","Longitude":-84.166197,"Latitude":34.989539}},{"type":"Feature","geometry":{"type":"Point","coordinates":[-78.0974999997513,39.1408330002878]},"properties":{"Plant_Name":"Frederick County LFGTE Facility","State":"Virginia","PrimSource":"biomass","Total_MW":2,"Install_MW":2,"City":"Winchester","County":"Frederick","Utility_Na":"Frederick County Virginia","Longitude":-78.0975,"Latitude":39.140833}},{"type":"Feature","geometry":{"type":"Point","coordinates":[-82.1302780002695,35.0011940001558]},"properties":{"Plant_Name":"Wellford Renewable Energy Plant","State":"South Carolina","PrimSource":"biomass","Total_MW":1.6,"Install_MW":1.6,"City":"Spartanburg","County":"Spartanburg","Utility_Na":"Lockhart Power Co","Longitude":-82.130278,"Latitude":35.001194}},{"type":"Feature","geometry":{"type":"Point","coordinates":[-81.6469439999378,34.722499999793]},"properties":{"Plant_Name":"City West Diesel Plant","State":"South Carolina","PrimSource":"petroleum","Total_MW":7.2,"Install_MW":7.2,"City":"Union","County":"Union","Utility_Na":"Lockhart Power Co","Longitude":-81.646944,"Latitude":34.7225}},{"type":"Feature","geometry":{"type":"Point","coordinates":[-79.8452779999338,36.7172219999497]},"properties":{"Plant_Name":"Martinsville LFG Generator","State":"Virginia","PrimSource":"natural gas","Total_MW":1,"Install_MW":1.1,"City":"Martinsville","County":"Henry","Utility_Na":"City of Martinsville - (VA)","Longitude":-79.845278,"Latitude":36.717222}},{"type":"Feature","geometry":{"type":"Point","coordinates":[-80.6703850000239,35.3459800000017]},"properties":{"Plant_Name":"Concord Energy","State":"North Carolina","PrimSource":"biomass","Total_MW":7.8,"Install_MW":9.6,"City":"Concord","County":"Cabarrus","Utility_Na":"Concord Energy LLC","Longitude":-80.670385,"Latitude":35.34598}},{"type":"Feature","geometry":{"type":"Point","coordinates":[-77.3738890002221,37.5058329999863]},"properties":{"Plant_Name":"Richmond Energy","State":"Virginia","PrimSource":"biomass","Total_MW":6.4,"Install_MW":6.4,"City":"Henrico","County":"Henrico","Utility_Na":"Richmond Energy LLC","Longitude":-77.373889,"Latitude":37.505833}},{"type":"Feature","geometry":{"type":"Point","coordinates":[-80.1418149995622,26.7724389999164]},"properties":{"Plant_Name":"Palm Beach Renewable Energy Facility 2","State":"Florida","PrimSource":"biomass","Total_MW":85,"Install_MW":96,"City":"West Palm Beach","County":"Palm Beach","Utility_Na":"Solid Waste Authority of Palm Beach Co","Longitude":-80.141815,"Latitude":26.772439}},{"type":"Feature","geometry":{"type":"Point","coordinates":[-84.1255559998112,33.0452780001662]},"properties":{"Plant_Name":"Piedmont Green Power","State":"Georgia","PrimSource":"biomass","Total_MW":55,"Install_MW":60,"City":"Barnesville","County":"Lamar","Utility_Na":"Piedmont Green Power LLC","Longitude":-84.125556,"Latitude":33.045278}},{"type":"Feature","geometry":{"type":"Point","coordinates":[-80.0677779999203,34.3852779998262]},"properties":{"Plant_Name":"Sonoco Products Co","State":"South Carolina","PrimSource":"biomass","Total_MW":40.5,"Install_MW":40.5,"City":"Hartsville","County":"Darlington","Utility_Na":"Sonoco Products Co","Longitude":-80.067778,"Latitude":34.385278}},{"type":"Feature","geometry":{"type":"Point","coordinates":[-80.0294439995616,33.1211110002027]},"properties":{"Plant_Name":"Berkeley County Landfill","State":"South Carolina","PrimSource":"biomass","Total_MW":3,"Install_MW":3.2,"City":"Moncks Corner","County":"Berkeley","Utility_Na":"South Carolina Public Service Authority","Longitude":-80.029444,"Latitude":33.121111}},{"type":"Feature","geometry":{"type":"Point","coordinates":[-81.2519799995935,35.5881349997901]},"properties":{"Plant_Name":"Apple Data Center PV","State":"North Carolina","PrimSource":"solar","Total_MW":20,"Install_MW":21,"City":"Maiden","County":"Catawba","Utility_Na":"Apple, Inc","Longitude":-81.25198,"Latitude":35.588135}},{"type":"Feature","geometry":{"type":"Point","coordinates":[-81.1737750002896,32.1775350002126]},"properties":{"Plant_Name":"IKEA Savannah 490","State":"Georgia","PrimSource":"solar","Total_MW":2.4,"Install_MW":2.2,"City":"Port Wentworth","County":"Chatham","Utility_Na":"IKEA Property Inc","Longitude":-81.173775,"Latitude":32.177535}},{"type":"Feature","geometry":{"type":"Point","coordinates":[-82.4324999998516,27.9538890002003]},"properties":{"Plant_Name":"IKEA Tampa 042","State":"Florida","PrimSource":"solar","Total_MW":1,"Install_MW":1,"City":"Tampa","County":"Hillsborough","Utility_Na":"IKEA Property Inc","Longitude":-82.4325,"Latitude":27.953889}},{"type":"Feature","geometry":{"type":"Point","coordinates":[-80.2777780002205,35.7549999999927]},"properties":{"Plant_Name":"Works 53","State":"North Carolina","PrimSource":"petroleum","Total_MW":3,"Install_MW":3,"City":"Lexington","County":"Davidson","Utility_Na":"PPG Ind Fiber Glass Prdcts Inc","Longitude":-80.277778,"Latitude":35.755}},{"type":"Feature","geometry":{"type":"Point","coordinates":[-78.6766670004316,38.3569440001047]},"properties":{"Plant_Name":"Molson Coors Shenandoah Brewery","State":"Virginia","PrimSource":"biomass","Total_MW":1.4,"Install_MW":1.4,"City":"Elkton","County":"Rockingham","Utility_Na":"Molson Coors Shenandoah Brewery","Longitude":-78.676667,"Latitude":38.356944}},{"type":"Feature","geometry":{"type":"Point","coordinates":[-87.1011109995652,34.6236109998068]},"properties":{"Plant_Name":"Decatur-Morgan Co LFG Recovery Project","State":"Alabama","PrimSource":"biomass","Total_MW":1.6,"Install_MW":1.6,"City":"Trinity","County":"Morgan","Utility_Na":"Energy Developments, Inc d/b/a EDL","Longitude":-87.101111,"Latitude":34.623611}},{"type":"Feature","geometry":{"type":"Point","coordinates":[-84.2677779996351,33.7833329999848]},"properties":{"Plant_Name":"Laredo Bus Facility Solar Canopies","State":"Georgia","PrimSource":"solar","Total_MW":1,"Install_MW":1,"City":"Decatur","County":"DeKalb","Utility_Na":"MARTA","Longitude":-84.267778,"Latitude":33.783333}},{"type":"Feature","geometry":{"type":"Point","coordinates":[-76.8484000001994,35.5052000000563]},"properties":{"Plant_Name":"Washington White Post Solar LLC","State":"North Carolina","PrimSource":"solar","Total_MW":12.4,"Install_MW":12.4,"City":"Bath","County":"Beaufort","Utility_Na":"Duke Energy Renewables Services","Longitude":-76.8484,"Latitude":35.5052}},{"type":"Feature","geometry":{"type":"Point","coordinates":[-82.1783329999994,34.8941670001031]},"properties":{"Plant_Name":"BMW Manufacturing Co","State":"South Carolina","PrimSource":"biomass","Total_MW":10.1,"Install_MW":11.1,"City":"Greer","County":"Spartanburg","Utility_Na":"BMW Manufacturing Co LLC","Longitude":-82.178333,"Latitude":34.894167}},{"type":"Feature","geometry":{"type":"Point","coordinates":[-86.3650000003497,35.8513889998947]},"properties":{"Plant_Name":"MTSU Power Co-Gen Plant","State":"Tennessee","PrimSource":"natural gas","Total_MW":5,"Install_MW":5,"City":"Murfreesboro","County":"Rutherford","Utility_Na":"Middle Tennessee State University","Longitude":-86.365,"Latitude":35.851389}},{"type":"Feature","geometry":{"type":"Point","coordinates":[-78.0894439999115,35.3736109998784]},"properties":{"Plant_Name":"Lee Combined Cycle Plant","State":"North Carolina","PrimSource":"natural gas","Total_MW":888,"Install_MW":1068,"City":"Goldsboro","County":"Wayne","Utility_Na":"Duke Energy Progress - (NC)","Longitude":-78.089444,"Latitude":35.373611}},{"type":"Feature","geometry":{"type":"Point","coordinates":[-81.7455559997033,34.921389000192]},"properties":{"Plant_Name":"Upper Pacolet Hydro","State":"South Carolina","PrimSource":"hydroelectric","Total_MW":1.1,"Install_MW":1.1,"City":"Pacolet","County":"Spartanburg","Utility_Na":"Lockhart Power Co","Longitude":-81.745556,"Latitude":34.921389}},{"type":"Feature","geometry":{"type":"Point","coordinates":[-77.7138889995959,36.7650000003092]},"properties":{"Plant_Name":"Brunswick County Power Station","State":"Virginia","PrimSource":"natural gas","Total_MW":1376,"Install_MW":1472.2,"City":"Freeman","County":"Brunswick","Utility_Na":"Virginia Electric & Power Co","Longitude":-77.713889,"Latitude":36.765}},{"type":"Feature","geometry":{"type":"Point","coordinates":[-79.2809700000288,34.5611459997006]},"properties":{"Plant_Name":"South Robeson Farm","State":"North Carolina","PrimSource":"solar","Total_MW":4.9,"Install_MW":5,"City":"Rowland","County":"Robeson","Utility_Na":"USF Surry, LLC","Longitude":-79.28097,"Latitude":34.561146}},{"type":"Feature","geometry":{"type":"Point","coordinates":[-79.2119439997727,34.9688890003655]},"properties":{"Plant_Name":"Raeford Farm","State":"North Carolina","PrimSource":"solar","Total_MW":4.9,"Install_MW":5,"City":"Raeford","County":"Hoke","Utility_Na":"SRE Utility Solar 1, LLC","Longitude":-79.211944,"Latitude":34.968889}},{"type":"Feature","geometry":{"type":"Point","coordinates":[-78.9674999998398,36.3125000002412]},"properties":{"Plant_Name":"PCIP Solar","State":"North Carolina","PrimSource":"solar","Total_MW":1,"Install_MW":1,"City":"Timberlake","County":"Person","Utility_Na":"Greenbacker Renewable Energy Corporation","Longitude":-78.9675,"Latitude":36.3125}},{"type":"Feature","geometry":{"type":"Point","coordinates":[-78.7649009999766,34.324655999935]},"properties":{"Plant_Name":"Chadbourn Farm","State":"North Carolina","PrimSource":"solar","Total_MW":5,"Install_MW":5,"City":"Whiteville","County":"Columbus","Utility_Na":"Strata Manager, LLC","Longitude":-78.764901,"Latitude":34.324656}},{"type":"Feature","geometry":{"type":"Point","coordinates":[-78.1711110003192,36.4149999996394]},"properties":{"Plant_Name":"Warrenton Farm","State":"North Carolina","PrimSource":"solar","Total_MW":4,"Install_MW":4,"City":"Warrenton","County":"Warren","Utility_Na":"Palmetto Power Management LLC","Longitude":-78.171111,"Latitude":36.415}},{"type":"Feature","geometry":{"type":"Point","coordinates":[-80.5419440001765,35.8786110003589]},"properties":{"Plant_Name":"Mocksville Farm","State":"North Carolina","PrimSource":"solar","Total_MW":5,"Install_MW":5,"City":"Mocksville","County":"Davie","Utility_Na":"Strata Manager, LLC","Longitude":-80.541944,"Latitude":35.878611}},{"type":"Feature","geometry":{"type":"Point","coordinates":[-81.5083330002823,35.4700000003097]},"properties":{"Plant_Name":"Belwood Farm","State":"North Carolina","PrimSource":"solar","Total_MW":4,"Install_MW":4,"City":"Lawndale","County":"Cleveland","Utility_Na":"Palmetto Power Management LLC","Longitude":-81.508333,"Latitude":35.47}},{"type":"Feature","geometry":{"type":"Point","coordinates":[-81.1755560001719,35.7791669999238]},"properties":{"Plant_Name":"Arndt Farm","State":"North Carolina","PrimSource":"solar","Total_MW":5,"Install_MW":5,"City":"Claremont","County":"Catawba","Utility_Na":"Strata Manager, LLC","Longitude":-81.175556,"Latitude":35.779167}},{"type":"Feature","geometry":{"type":"Point","coordinates":[-78.9708330001739,34.8200000000208]},"properties":{"Plant_Name":"Railroad Farm","State":"North Carolina","PrimSource":"solar","Total_MW":5,"Install_MW":5,"City":"St. Pauls","County":"Robeson","Utility_Na":"Palmetto Power Management LLC","Longitude":-78.970833,"Latitude":34.82}},{"type":"Feature","geometry":{"type":"Point","coordinates":[-79.3352779999748,34.726943999738]},"properties":{"Plant_Name":"Watts Farm","State":"North Carolina","PrimSource":"solar","Total_MW":5,"Install_MW":5,"City":"Maxton","County":"Robeson","Utility_Na":"Palmetto Power Management LLC","Longitude":-79.335278,"Latitude":34.726944}},{"type":"Feature","geometry":{"type":"Point","coordinates":[-79.0249999996547,35.8327780002619]},"properties":{"Plant_Name":"Farrington Farm","State":"North Carolina","PrimSource":"solar","Total_MW":1,"Install_MW":1,"City":"Chapel Hill","County":"Chatham","Utility_Na":"Strata Manager, LLC","Longitude":-79.025,"Latitude":35.832778}},{"type":"Feature","geometry":{"type":"Point","coordinates":[-79.1288889998431,34.8474999997092]},"properties":{"Plant_Name":"Shannon Farm","State":"North Carolina","PrimSource":"solar","Total_MW":5,"Install_MW":5,"City":"Shannon","County":"Robeson","Utility_Na":"Strata Manager, LLC","Longitude":-79.128889,"Latitude":34.8475}},{"type":"Feature","geometry":{"type":"Point","coordinates":[-78.7102609997695,35.5643540003139]},"properties":{"Plant_Name":"Fuquay Farm","State":"North Carolina","PrimSource":"solar","Total_MW":5,"Install_MW":5,"City":"Middle Creek Township","County":"Wake","Utility_Na":"Strata Manager, LLC","Longitude":-78.710261,"Latitude":35.564354}},{"type":"Feature","geometry":{"type":"Point","coordinates":[-81.23527799991,35.5258330000521]},"properties":{"Plant_Name":"Haynes Farm","State":"North Carolina","PrimSource":"solar","Total_MW":5,"Install_MW":5,"City":"Lincolnton","County":"Lincoln","Utility_Na":"Strata Manager, LLC","Longitude":-81.235278,"Latitude":35.525833}},{"type":"Feature","geometry":{"type":"Point","coordinates":[-77.6663889997098,35.3316670002709]},"properties":{"Plant_Name":"Lenoir Farm","State":"North Carolina","PrimSource":"solar","Total_MW":5,"Install_MW":5,"City":"Kinston","County":"Lenoir","Utility_Na":"Strata Manager, LLC","Longitude":-77.666389,"Latitude":35.331667}},{"type":"Feature","geometry":{"type":"Point","coordinates":[-77.4751060002255,35.3500810001576]},"properties":{"Plant_Name":"Lenoir Farm 2","State":"North Carolina","PrimSource":"solar","Total_MW":5,"Install_MW":5,"City":"Kinston","County":"Lenoir","Utility_Na":"Strata Manager, LLC","Longitude":-77.475106,"Latitude":35.350081}},{"type":"Feature","geometry":{"type":"Point","coordinates":[-80.3836109995995,34.9888889996885]},"properties":{"Plant_Name":"Marshville Farm","State":"North Carolina","PrimSource":"solar","Total_MW":5,"Install_MW":5,"City":"Marshville","County":"Union","Utility_Na":"Strata Manager, LLC","Longitude":-80.383611,"Latitude":34.988889}},{"type":"Feature","geometry":{"type":"Point","coordinates":[-78.9495860003615,36.2305609996527]},"properties":{"Plant_Name":"Mile Farm","State":"North Carolina","PrimSource":"solar","Total_MW":5,"Install_MW":5,"City":"Rougemont","County":"Durham","Utility_Na":"Palmetto Power Management LLC","Longitude":-78.949586,"Latitude":36.230561}},{"type":"Feature","geometry":{"type":"Point","coordinates":[-79.7592029996646,36.2731920000278]},"properties":{"Plant_Name":"Moore Solar Farm","State":"North Carolina","PrimSource":"solar","Total_MW":5,"Install_MW":5,"City":"Reidsville","County":"Rockingham","Utility_Na":"Strata Manager, LLC","Longitude":-79.759203,"Latitude":36.273192}},{"type":"Feature","geometry":{"type":"Point","coordinates":[-77.8291669999582,35.305832999768]},"properties":{"Plant_Name":"Moorings Farm","State":"North Carolina","PrimSource":"solar","Total_MW":5,"Install_MW":5,"City":"New Hope","County":"Wayne","Utility_Na":"Strata Manager, LLC","Longitude":-77.829167,"Latitude":35.305833}},{"type":"Feature","geometry":{"type":"Point","coordinates":[-77.0567250000241,35.2095640003143]},"properties":{"Plant_Name":"New Bern Farm","State":"North Carolina","PrimSource":"solar","Total_MW":5,"Install_MW":5,"City":"Ernul","County":"Craven","Utility_Na":"Strata Manager, LLC","Longitude":-77.056725,"Latitude":35.209564}},{"type":"Feature","geometry":{"type":"Point","coordinates":[-78.9173639997537,36.4797000003007]},"properties":{"Plant_Name":"Roxboro Farm","State":"North Carolina","PrimSource":"solar","Total_MW":5,"Install_MW":5,"City":"Roxboro","County":"Person","Utility_Na":"Strata Manager, LLC","Longitude":-78.917364,"Latitude":36.4797}},{"type":"Feature","geometry":{"type":"Point","coordinates":[-79.1882969997618,35.9071439999455]},"properties":{"Plant_Name":"White Cross Farm","State":"North Carolina","PrimSource":"solar","Total_MW":5,"Install_MW":5,"City":"Chapel Hill","County":"Orange","Utility_Na":"Strata Manager, LLC","Longitude":-79.188297,"Latitude":35.907144}},{"type":"Feature","geometry":{"type":"Point","coordinates":[-77.873611000418,35.8036110002184]},"properties":{"Plant_Name":"Wilson Farm 1","State":"North Carolina","PrimSource":"solar","Total_MW":5,"Install_MW":5,"City":"Elm City","County":"Wilson","Utility_Na":"Strata Manager, LLC","Longitude":-77.873611,"Latitude":35.803611}},{"type":"Feature","geometry":{"type":"Point","coordinates":[-79.2788889996725,36.4394439996541]},"properties":{"Plant_Name":"Yanceyville Farm","State":"North Carolina","PrimSource":"solar","Total_MW":5,"Install_MW":5,"City":"Blanch","County":"Caswell","Utility_Na":"Palmetto Power Management LLC","Longitude":-79.278889,"Latitude":36.439444}},{"type":"Feature","geometry":{"type":"Point","coordinates":[-77.9855560004463,35.4188890002451]},"properties":{"Plant_Name":"AM Best Farm","State":"North Carolina","PrimSource":"solar","Total_MW":5,"Install_MW":5,"City":"Goldsboro","County":"Wayne","Utility_Na":"Strata Manager, LLC","Longitude":-77.985556,"Latitude":35.418889}},{"type":"Feature","geometry":{"type":"Point","coordinates":[-78.0697219998884,35.2180559997347]},"properties":{"Plant_Name":"Mt Olive Farm 2","State":"North Carolina","PrimSource":"solar","Total_MW":5,"Install_MW":5,"City":"Mt Olive","County":"Wayne","Utility_Na":"Strata Manager, LLC","Longitude":-78.069722,"Latitude":35.218056}},{"type":"Feature","geometry":{"type":"Point","coordinates":[-79.5280560000095,36.4716669997371]},"properties":{"Plant_Name":"Dibrell Farm","State":"North Carolina","PrimSource":"solar","Total_MW":5,"Install_MW":5,"City":"Pelham","County":"Rockingham","Utility_Na":"Strata Manager, LLC","Longitude":-79.528056,"Latitude":36.471667}},{"type":"Feature","geometry":{"type":"Point","coordinates":[-79.609721999694,34.9655560003515]},"properties":{"Plant_Name":"Rock Farm","State":"North Carolina","PrimSource":"solar","Total_MW":5,"Install_MW":5,"City":"Rockingham","County":"Richmond","Utility_Na":"Strata Manager, LLC","Longitude":-79.609722,"Latitude":34.965556}},{"type":"Feature","geometry":{"type":"Point","coordinates":[-81.3266670004121,35.6291670003176]},"properties":{"Plant_Name":"Two Lines Farm","State":"North Carolina","PrimSource":"solar","Total_MW":5,"Install_MW":5,"City":"Hickory","County":"Catawba","Utility_Na":"Strata Manager, LLC","Longitude":-81.326667,"Latitude":35.629167}},{"type":"Feature","geometry":{"type":"Point","coordinates":[-78.1323109998052,36.4216170002293]},"properties":{"Plant_Name":"Bolton Farm","State":"North Carolina","PrimSource":"solar","Total_MW":5,"Install_MW":5,"City":"Warrenton","County":"Warren","Utility_Na":"Strata Manager, LLC","Longitude":-78.132311,"Latitude":36.421617}},{"type":"Feature","geometry":{"type":"Point","coordinates":[-79.302190000077,34.5438890002196]},"properties":{"Plant_Name":"McCallum Farm","State":"North Carolina","PrimSource":"solar","Total_MW":5,"Install_MW":5,"City":"Rowland","County":"Robeson","Utility_Na":"Strata Manager, LLC","Longitude":-79.30219,"Latitude":34.543889}},{"type":"Feature","geometry":{"type":"Point","coordinates":[-79.0683329997037,35.6547220002104]},"properties":{"Plant_Name":"Jordan Hydroelectric Project","State":"North Carolina","PrimSource":"hydroelectric","Total_MW":4.4,"Install_MW":4.4,"City":"Moncure","County":"Chatham","Utility_Na":"Jordan Hydroelectric LTD PTP","Longitude":-79.068333,"Latitude":35.654722}},{"type":"Feature","geometry":{"type":"Point","coordinates":[-82.8402779997015,34.67944400016]},"properties":{"Plant_Name":"Central Energy Facility","State":"South Carolina","PrimSource":"natural gas","Total_MW":4.7,"Install_MW":5.5,"City":"Clemson","County":"Pickens","Utility_Na":"Clemson University - Main Campus","Longitude":-82.840278,"Latitude":34.679444}},{"type":"Feature","geometry":{"type":"Point","coordinates":[-85.1269440002918,35.0975000002781]},"properties":{"Plant_Name":"Volkswagen Solar System","State":"Tennessee","PrimSource":"solar","Total_MW":7.6,"Install_MW":7.6,"City":"Chattanooga","County":"Hamilton","Utility_Na":"SR Enterprise South, LLC","Longitude":-85.126944,"Latitude":35.0975}},{"type":"Feature","geometry":{"type":"Point","coordinates":[-89.3875000001461,35.4086109999025]},"properties":{"Plant_Name":"West Tennessee Solar Farm","State":"Tennessee","PrimSource":"solar","Total_MW":4.2,"Install_MW":4.2,"City":"Stanton","County":"Haywood","Utility_Na":"UT West Tennessee Solar Farm","Longitude":-89.3875,"Latitude":35.408611}},{"type":"Feature","geometry":{"type":"Point","coordinates":[-81.4108329998542,35.1991669998014]},"properties":{"Plant_Name":"Dixon Dairy Road Solar","State":"North Carolina","PrimSource":"solar","Total_MW":4,"Install_MW":4,"City":"Kings Mountain","County":"Cleveland","Utility_Na":"Palmetto Power Management LLC","Longitude":-81.410833,"Latitude":35.199167}},{"type":"Feature","geometry":{"type":"Point","coordinates":[-76.7105560000998,35.8750000003062]},"properties":{"Plant_Name":"Plymouth Solar LLC","State":"North Carolina","PrimSource":"solar","Total_MW":5,"Install_MW":5,"City":"Plymouth","County":"Washington","Utility_Na":"SunEnergy1","Longitude":-76.710556,"Latitude":35.875}},{"type":"Feature","geometry":{"type":"Point","coordinates":[-82.5916669999316,32.980833000166]},"properties":{"Plant_Name":"Azalea Solar, LLC","State":"Georgia","PrimSource":"solar","Total_MW":7.7,"Install_MW":7.7,"City":"Davisboro","County":"Washington","Utility_Na":"Onward Energy","Longitude":-82.591667,"Latitude":32.980833}},{"type":"Feature","geometry":{"type":"Point","coordinates":[-84.3944440003464,33.6550000003501]},"properties":{"Plant_Name":"MAS ASB Cogen Plant","State":"Georgia","PrimSource":"natural gas","Total_MW":6.6,"Install_MW":6.6,"City":"Atlanta","County":"Fulton","Utility_Na":"Cube District Energy, LLC","Longitude":-84.394444,"Latitude":33.655}},{"type":"Feature","geometry":{"type":"Point","coordinates":[-84.3430560002825,32.9208330003319]},"properties":{"Plant_Name":"Upson Rocky Creek Solar Plant","State":"Georgia","PrimSource":"solar","Total_MW":0.8,"Install_MW":0.8,"City":"Thomaston","County":"Upson","Utility_Na":"Axium US Solar Holdings LLC","Longitude":-84.343056,"Latitude":32.920833}},{"type":"Feature","geometry":{"type":"Point","coordinates":[-78.5938889996131,36.411666999686]},"properties":{"Plant_Name":"Granville Solar PV Power Project","State":"North Carolina","PrimSource":"solar","Total_MW":2.5,"Install_MW":2.5,"City":"Oxford","County":"Granville","Utility_Na":"Southern Power Co","Longitude":-78.593889,"Latitude":36.411667}},{"type":"Feature","geometry":{"type":"Point","coordinates":[-77.9541670004149,35.8683330000751]},"properties":{"Plant_Name":"Sandy Cross Solar, LLC","State":"North Carolina","PrimSource":"solar","Total_MW":1.2,"Install_MW":1.2,"City":"Elm City","County":"Nash","Utility_Na":"Oppidum Renewables USA, LLC","Longitude":-77.954167,"Latitude":35.868333}},{"type":"Feature","geometry":{"type":"Point","coordinates":[-80.600556000227,36.4611110001645]},"properties":{"Plant_Name":"Ararat Rock Solar, LLC","State":"North Carolina","PrimSource":"solar","Total_MW":3.5,"Install_MW":3.5,"City":"Mount Airy","County":"Surry","Utility_Na":"Oppidum Renewables USA, LLC","Longitude":-80.600556,"Latitude":36.461111}},{"type":"Feature","geometry":{"type":"Point","coordinates":[-78.2508329999148,35.9480560002583]},"properties":{"Plant_Name":"Progress Solar 1, LLC","State":"North Carolina","PrimSource":"solar","Total_MW":4,"Install_MW":4,"City":"Bunn","County":"Franklin","Utility_Na":"Oppidum Renewables USA, LLC","Longitude":-78.250833,"Latitude":35.948056}},{"type":"Feature","geometry":{"type":"Point","coordinates":[-79.0974999998117,34.4761109999853]},"properties":{"Plant_Name":"Progress Solar II, LLC","State":"North Carolina","PrimSource":"solar","Total_MW":3.5,"Install_MW":3.5,"City":"Fairmont","County":"Robeson","Utility_Na":"Oppidum Renewables USA, LLC","Longitude":-79.0975,"Latitude":34.476111}},{"type":"Feature","geometry":{"type":"Point","coordinates":[-79.3538889995872,34.7141670001184]},"properties":{"Plant_Name":"Progress Solar III, LLC","State":"North Carolina","PrimSource":"solar","Total_MW":3.5,"Install_MW":3.5,"City":"Maxton","County":"Robeson","Utility_Na":"Oppidum Renewables USA, LLC","Longitude":-79.353889,"Latitude":34.714167}},{"type":"Feature","geometry":{"type":"Point","coordinates":[-85.208616999649,35.0245830000299]},"properties":{"Plant_Name":"Chattanooga Metropolitan Airport Solar","State":"Tennessee","PrimSource":"solar","Total_MW":1.9,"Install_MW":2.5,"City":"Chattanooga","County":"Hamilton","Utility_Na":"Chattanooga Metropolitan Airport","Longitude":-85.208617,"Latitude":35.024583}},{"type":"Feature","geometry":{"type":"Point","coordinates":[-78.498888999841,35.7144440000144]},"properties":{"Plant_Name":"Neuse River Solar Farm","State":"North Carolina","PrimSource":"solar","Total_MW":1.1,"Install_MW":1.1,"City":"Raleigh","County":"Wake","Utility_Na":"Scale Sustainable I, LLC","Longitude":-78.498889,"Latitude":35.714444}},{"type":"Feature","geometry":{"type":"Point","coordinates":[-79.9649390000433,35.3329739997234]},"properties":{"Plant_Name":"Uwharrie Mountain Renewable","State":"North Carolina","PrimSource":"biomass","Total_MW":9.6,"Install_MW":9.6,"City":"Mt. Gilead","County":"Montgomery","Utility_Na":"Uwharrie Mountain Renewable Energy, LLC","Longitude":-79.964939,"Latitude":35.332974}},{"type":"Feature","geometry":{"type":"Point","coordinates":[-79.4472220001782,34.7563889998382]},"properties":{"Plant_Name":"Progress Manis I","State":"North Carolina","PrimSource":"solar","Total_MW":2,"Install_MW":2,"City":"Laurinburg","County":"Scotland","Utility_Na":"USF Surry, LLC","Longitude":-79.447222,"Latitude":34.756389}},{"type":"Feature","geometry":{"type":"Point","coordinates":[-79.5258330002613,34.704721999744]},"properties":{"Plant_Name":"North Carolina Solar Bethea I","State":"North Carolina","PrimSource":"solar","Total_MW":2,"Install_MW":2,"City":"Laurinburg","County":"Scotland","Utility_Na":"USF Surry, LLC","Longitude":-79.525833,"Latitude":34.704722}},{"type":"Feature","geometry":{"type":"Point","coordinates":[-78.9861110003505,36.2880560002775]},"properties":{"Plant_Name":"PCSP3 Airport","State":"North Carolina","PrimSource":"solar","Total_MW":2.5,"Install_MW":2.5,"City":"Timberlake","County":"Person","Utility_Na":"Carolina Solar Energy LLC","Longitude":-78.986111,"Latitude":36.288056}},{"type":"Feature","geometry":{"type":"Point","coordinates":[-84.3872000002683,32.4521999997934]},"properties":{"Plant_Name":"Taylor","State":"Georgia","PrimSource":"biomass","Total_MW":8,"Install_MW":8,"City":"Mauk","County":"Taylor","Utility_Na":"Energy Developments, Inc d/b/a EDL","Longitude":-84.3872,"Latitude":32.4522}},{"type":"Feature","geometry":{"type":"Point","coordinates":[-84.1729820000774,38.7914310000321]},"properties":{"Plant_Name":"Meldahl Hydroelectric Project","State":"Kentucky","PrimSource":"hydroelectric","Total_MW":105,"Install_MW":105,"City":"Foster","County":"Bracken","Utility_Na":"City of Hamilton - (OH)","Longitude":-84.172982,"Latitude":38.791431}},{"type":"Feature","geometry":{"type":"Point","coordinates":[-77.413056000259,38.3841670003001]},"properties":{"Plant_Name":"Ameresco Stafford","State":"Virginia","PrimSource":"biomass","Total_MW":2,"Install_MW":2.2,"City":"Stafford","County":"Stafford","Utility_Na":"AMERESCO Stafford LLC","Longitude":-77.413056,"Latitude":38.384167}},{"type":"Feature","geometry":{"type":"Point","coordinates":[-78.7502999998425,35.8136000003152]},"properties":{"Plant_Name":"SAS Solar Farm","State":"North Carolina","PrimSource":"solar","Total_MW":2,"Install_MW":2,"City":"Cary","County":"Wake","Utility_Na":"SAS Institute Inc","Longitude":-78.7503,"Latitude":35.8136}},{"type":"Feature","geometry":{"type":"Point","coordinates":[-81.8018999997998,27.3231999998724]},"properties":{"Plant_Name":"DeSoto Next Generation Solar Energy","State":"Florida","PrimSource":"solar","Total_MW":25,"Install_MW":25,"City":"Arcadia","County":"DeSoto","Utility_Na":"Florida Power & Light Co","Longitude":-81.8019,"Latitude":27.3232}},{"type":"Feature","geometry":{"type":"Point","coordinates":[-80.68109999963,28.4585999996893]},"properties":{"Plant_Name":"Space Coast Next Gen Solar Energy","State":"Florida","PrimSource":"solar","Total_MW":10,"Install_MW":10,"City":"Merritt Island","County":"Brevard","Utility_Na":"Florida Power & Light Co","Longitude":-80.6811,"Latitude":28.4586}},{"type":"Feature","geometry":{"type":"Point","coordinates":[-77.9813999995815,34.286700000227]},"properties":{"Plant_Name":"SunEdison LV Sutton Plant Site","State":"North Carolina","PrimSource":"solar","Total_MW":1,"Install_MW":1,"City":"Wilmington","County":"New Hanover","Utility_Na":"SunE NC Progress 1 LLC","Longitude":-77.9814,"Latitude":34.2867}},{"type":"Feature","geometry":{"type":"Point","coordinates":[-81.2091999997385,35.3017000001469]},"properties":{"Plant_Name":"Gastonia Prime Power Park","State":"North Carolina","PrimSource":"petroleum","Total_MW":11.2,"Install_MW":11.8,"City":"Dallas","County":"Gaston","Utility_Na":"North Carolina Mun Power Agny #1","Longitude":-81.2092,"Latitude":35.3017}},{"type":"Feature","geometry":{"type":"Point","coordinates":[-80.82600100021,35.7692809999153]},"properties":{"Plant_Name":"Iredell County LFG Facility","State":"North Carolina","PrimSource":"biomass","Total_MW":3.2,"Install_MW":3.2,"City":"Statesville","County":"Iredell","Utility_Na":"Iredell Transmission LLC","Longitude":-80.826001,"Latitude":35.769281}},{"type":"Feature","geometry":{"type":"Point","coordinates":[-77.6730999996854,35.92219999969]},"properties":{"Plant_Name":"RMQ 1 and 2","State":"North Carolina","PrimSource":"solar","Total_MW":3.6,"Install_MW":3.5,"City":"Rocky Mount","County":"Edgecombe","Utility_Na":"RMQ Ventures LLC","Longitude":-77.6731,"Latitude":35.9222}},{"type":"Feature","geometry":{"type":"Point","coordinates":[-79.3161109997955,33.4536109998538]},"properties":{"Plant_Name":"Georgetown LFGTE","State":"South Carolina","PrimSource":"biomass","Total_MW":1,"Install_MW":1.3,"City":"Georgetown","County":"Georgetown","Utility_Na":"South Carolina Public Service Authority","Longitude":-79.316111,"Latitude":33.453611}},{"type":"Feature","geometry":{"type":"Point","coordinates":[-76.6245059999449,37.5197140002276]},"properties":{"Plant_Name":"Waste Management Middle Peninsula LFGTE","State":"Virginia","PrimSource":"biomass","Total_MW":6.4,"Install_MW":6.4,"City":"Glenns","County":"Middlesex","Utility_Na":"WM Renewable Energy LLC","Longitude":-76.624506,"Latitude":37.519714}},{"type":"Feature","geometry":{"type":"Point","coordinates":[-77.3081000000407,38.2746999999938]},"properties":{"Plant_Name":"Waste Management King George LFGTE","State":"Virginia","PrimSource":"biomass","Total_MW":11.3,"Install_MW":13.2,"City":"King George","County":"King George","Utility_Na":"WM Renewable Energy LLC","Longitude":-77.3081,"Latitude":38.2747}},{"type":"Feature","geometry":{"type":"Point","coordinates":[-81.272199999559,32.0303000001412]},"properties":{"Plant_Name":"Superior Landfill Gas Recovery","State":"Georgia","PrimSource":"biomass","Total_MW":6.4,"Install_MW":6.4,"City":"Savannah","County":"Chatham","Utility_Na":"WM Renewable Energy LLC","Longitude":-81.2722,"Latitude":32.0303}},{"type":"Feature","geometry":{"type":"Point","coordinates":[-81.4166480004025,35.1705469996868]},"properties":{"Plant_Name":"Cleveland Cnty Generating Facility","State":"North Carolina","PrimSource":"natural gas","Total_MW":737.9,"Install_MW":736,"City":"Kings Mountain","County":"Cleveland","Utility_Na":"Southern Power Co","Longitude":-81.416648,"Latitude":35.170547}},{"type":"Feature","geometry":{"type":"Point","coordinates":[-81.7397000000454,34.8986000001487]},"properties":{"Plant_Name":"Pacolet Diesel Generation Facility","State":"South Carolina","PrimSource":"petroleum","Total_MW":5.4,"Install_MW":5.4,"City":"Pacolet","County":"Spartanburg","Utility_Na":"Lockhart Power Co","Longitude":-81.7397,"Latitude":34.8986}},{"type":"Feature","geometry":{"type":"Point","coordinates":[-88.7622219998248,32.6547219996288]},"properties":{"Plant_Name":"Ratcliffe","State":"Mississippi","PrimSource":"natural gas","Total_MW":704,"Install_MW":840,"City":"De Kalb","County":"Kemper","Utility_Na":"Mississippi Power Co","Longitude":-88.762222,"Latitude":32.654722}},{"type":"Feature","geometry":{"type":"Point","coordinates":[-82.0408810004352,30.2279529999814]},"properties":{"Plant_Name":"Trail Ridge Landfill Gas Recovery","State":"Florida","PrimSource":"biomass","Total_MW":9,"Install_MW":9.6,"City":"Baldwin","County":"Duval","Utility_Na":"NextEra Renewable Fuels, LLC","Longitude":-82.040881,"Latitude":30.227953}},{"type":"Feature","geometry":{"type":"Point","coordinates":[-82.0554520004321,29.1228819998533]},"properties":{"Plant_Name":"G2 Energy Marion LLC","State":"Florida","PrimSource":"biomass","Total_MW":2.3,"Install_MW":2.4,"City":"Ocala","County":"Marion","Utility_Na":"G2 Energy LLC","Longitude":-82.055452,"Latitude":29.122882}},{"type":"Feature","geometry":{"type":"Point","coordinates":[-81.6666659999609,33.2833329997241]},"properties":{"Plant_Name":"Savannah River Site Biomass Cogen","State":"South Carolina","PrimSource":"biomass","Total_MW":19,"Install_MW":20.8,"City":"Aiken","County":"Aiken","Utility_Na":"Ameresco","Longitude":-81.666666,"Latitude":33.283333}},{"type":"Feature","geometry":{"type":"Point","coordinates":[-80.4925000002015,38.0878000000493]},"properties":{"Plant_Name":"Beech Ridge Energy LLC","State":"West Virginia","PrimSource":"wind","Total_MW":100.5,"Install_MW":100.5,"City":"Rupert","County":"Greenbrier","Utility_Na":"Invenergy Services LLC","Longitude":-80.4925,"Latitude":38.0878}},{"type":"Feature","geometry":{"type":"Point","coordinates":[-81.6580550002773,26.1558329997721]},"properties":{"Plant_Name":"Waste Management Naples LFGTE Project","State":"Florida","PrimSource":"biomass","Total_MW":4,"Install_MW":4,"City":"Naples","County":"Collier","Utility_Na":"WM Renewable Energy LLC","Longitude":-81.658055,"Latitude":26.155833}},{"type":"Feature","geometry":{"type":"Point","coordinates":[-80.0405549999011,36.1936109998051]},"properties":{"Plant_Name":"Waste Management Piedmont LFGTE Project","State":"North Carolina","PrimSource":"biomass","Total_MW":2.4,"Install_MW":2.4,"City":"Kernersville","County":"Forsyth","Utility_Na":"WM Renewable Energy LLC","Longitude":-80.040555,"Latitude":36.193611}},{"type":"Feature","geometry":{"type":"Point","coordinates":[-79.9599999997291,35.9700000000518]},"properties":{"Plant_Name":"High Point, POLO","State":"North Carolina","PrimSource":"petroleum","Total_MW":1.8,"Install_MW":1.8,"City":"High Point","County":"Guilford","Utility_Na":"North Carolina Mun Power Agny #1","Longitude":-79.96,"Latitude":35.97}},{"type":"Feature","geometry":{"type":"Point","coordinates":[-81.5956000002548,35.2535999997733]},"properties":{"Plant_Name":"Shelby Solar Energy Generation Facility","State":"North Carolina","PrimSource":"solar","Total_MW":0.9,"Install_MW":0.9,"City":"Shelby","County":"Cleveland","Utility_Na":"Duke Energy Renewables Services","Longitude":-81.5956,"Latitude":35.2536}},{"type":"Feature","geometry":{"type":"Point","coordinates":[-81.956376999986,30.3207479997574]},"properties":{"Plant_Name":"Jacksonville Solar","State":"Florida","PrimSource":"solar","Total_MW":12.5,"Install_MW":12.6,"City":"Jacksonville","County":"Duval","Utility_Na":"Jacksonville Solar LLC","Longitude":-81.956377,"Latitude":30.320748}},{"type":"Feature","geometry":{"type":"Point","coordinates":[-82.3963880003144,29.7675000002987]},"properties":{"Plant_Name":"Deerhaven Renewable","State":"Florida","PrimSource":"biomass","Total_MW":102.5,"Install_MW":116.1,"City":"Gainesville","County":"Alachua","Utility_Na":"Gainesville Regional Utilities","Longitude":-82.396388,"Latitude":29.7675}},{"type":"Feature","geometry":{"type":"Point","coordinates":[-80.6011110000708,36.4766669997046]},"properties":{"Plant_Name":"Mayberry Solar LLC","State":"North Carolina","PrimSource":"solar","Total_MW":1.2,"Install_MW":1.2,"City":"Mt. Airy","County":"Surry","Utility_Na":"Oppidum Renewables USA, LLC","Longitude":-80.601111,"Latitude":36.476667}},{"type":"Feature","geometry":{"type":"Point","coordinates":[-80.9966999996807,35.2457999996938]},"properties":{"Plant_Name":"DE Solar 10240 Old Dowd Rd","State":"North Carolina","PrimSource":"solar","Total_MW":1.9,"Install_MW":1.9,"City":"Charlotte","County":"Mecklenburg","Utility_Na":"Duke Energy Carolinas, LLC","Longitude":-80.9967,"Latitude":35.2458}},{"type":"Feature","geometry":{"type":"Point","coordinates":[-79.9691999995917,36.1052999997443]},"properties":{"Plant_Name":"DE Solar 657 Brigham Rd","State":"North Carolina","PrimSource":"solar","Total_MW":1.3,"Install_MW":1.3,"City":"Greensboro","County":"Guilford","Utility_Na":"Duke Energy Carolinas, LLC","Longitude":-79.9692,"Latitude":36.1053}},{"type":"Feature","geometry":{"type":"Point","coordinates":[-80.9966999996807,35.3261000001683]},"properties":{"Plant_Name":"DE Solar 1725 Drywall Dr","State":"North Carolina","PrimSource":"solar","Total_MW":1,"Install_MW":1,"City":"Mt. Holly","County":"Gaston","Utility_Na":"Duke Energy Carolinas, LLC","Longitude":-80.9967,"Latitude":35.3261}},{"type":"Feature","geometry":{"type":"Point","coordinates":[-77.5678000004089,37.6787999996872]},"properties":{"Plant_Name":"Henrico","State":"Virginia","PrimSource":"biomass","Total_MW":3.6,"Install_MW":3.6,"City":"Glen Allen","County":"Henrico","Utility_Na":"Industrial Power Generating Company LLC","Longitude":-77.5678,"Latitude":37.6788}},{"type":"Feature","geometry":{"type":"Point","coordinates":[-77.6057999999584,36.4971999999344]},"properties":{"Plant_Name":"510 REPP One","State":"North Carolina","PrimSource":"solar","Total_MW":1.3,"Install_MW":1.3,"City":"Garysburg","County":"Northampton","Utility_Na":"510 REPP One LLC","Longitude":-77.6058,"Latitude":36.4972}},{"type":"Feature","geometry":{"type":"Point","coordinates":[-78.8600000003813,36.0310999998433]},"properties":{"Plant_Name":"Mas Durham Power, LLC","State":"North Carolina","PrimSource":"biomass","Total_MW":2.2,"Install_MW":2.2,"City":"Durham","County":"Durham","Utility_Na":"Mas Durham Power, LLC","Longitude":-78.86,"Latitude":36.0311}},{"type":"Feature","geometry":{"type":"Point","coordinates":[-77.5430560002309,34.7974999998256]},"properties":{"Plant_Name":"Onslow Power Producers","State":"North Carolina","PrimSource":"biomass","Total_MW":1.9,"Install_MW":2,"City":"Jacksonville","County":"Onslow","Utility_Na":"Cube District Energy, LLC","Longitude":-77.543056,"Latitude":34.7975}},{"type":"Feature","geometry":{"type":"Point","coordinates":[-87.544444000357,36.540556000022]},"properties":{"Plant_Name":"Bi-County Gas Producers","State":"Tennessee","PrimSource":"biomass","Total_MW":2.8,"Install_MW":3,"City":"Woodlawn","County":"Montgomery","Utility_Na":"Cube District Energy, LLC","Longitude":-87.544444,"Latitude":36.540556}},{"type":"Feature","geometry":{"type":"Point","coordinates":[-78.8733329997458,36.7013889997956]},"properties":{"Plant_Name":"Halifax County Biomass","State":"Virginia","PrimSource":"biomass","Total_MW":45.4,"Install_MW":49.9,"City":"South Boston","County":"Halifax","Utility_Na":"South Boston Energy LLC","Longitude":-78.873333,"Latitude":36.701389}},{"type":"Feature","geometry":{"type":"Point","coordinates":[-83.0549999996826,31.026944000203]},"properties":{"Plant_Name":"Lakeland Solar Energy LLC","State":"Georgia","PrimSource":"solar","Total_MW":1.8,"Install_MW":1.8,"City":"Lakeland","County":"Lanier","Utility_Na":"Invenergy Services LLC","Longitude":-83.055,"Latitude":31.026944}},{"type":"Feature","geometry":{"type":"Point","coordinates":[-77.6591670002713,35.2683330001341]},"properties":{"Plant_Name":"Smithfield Packaged Meats Corp.","State":"North Carolina","PrimSource":"petroleum","Total_MW":9.2,"Install_MW":9.2,"City":"Kinston","County":"Lenoir","Utility_Na":"Smithfield Packaged Meats Corp","Longitude":-77.659167,"Latitude":35.268333}},{"type":"Feature","geometry":{"type":"Point","coordinates":[-78.154166999888,35.3138889998655]},"properties":{"Plant_Name":"Blueberry One","State":"North Carolina","PrimSource":"solar","Total_MW":5,"Install_MW":5,"City":"Grantham","County":"Wayne","Utility_Na":"Cypress Creek Renewables","Longitude":-78.154167,"Latitude":35.313889}},{"type":"Feature","geometry":{"type":"Point","coordinates":[-82.379999999552,29.6230560003069]},"properties":{"Plant_Name":"Butler Plaza","State":"Florida","PrimSource":"solar","Total_MW":1.2,"Install_MW":1.2,"City":"Gainesville","County":"Alachua","Utility_Na":"Clean Focus Yield, LLC","Longitude":-82.38,"Latitude":29.623056}},{"type":"Feature","geometry":{"type":"Point","coordinates":[-79.3408330002322,34.7741670000036]},"properties":{"Plant_Name":"Holstein Plant","State":"North Carolina","PrimSource":"solar","Total_MW":20,"Install_MW":20,"City":"Maxton","County":"Scotland","Utility_Na":"Strata Manager, LLC","Longitude":-79.340833,"Latitude":34.774167}},{"type":"Feature","geometry":{"type":"Point","coordinates":[-83.6758330003324,33.6780560000088]},"properties":{"Plant_Name":"Simon Solar Farm LLC","State":"Georgia","PrimSource":"solar","Total_MW":30,"Install_MW":30,"City":"Social Circle","County":"Walton","Utility_Na":"Simon Solar Farm, LLC","Longitude":-83.675833,"Latitude":33.678056}},{"type":"Feature","geometry":{"type":"Point","coordinates":[-80.8116670000396,35.2625000000565]},"properties":{"Plant_Name":"Orbit Energy Charlotte","State":"North Carolina","PrimSource":"biomass","Total_MW":5.2,"Install_MW":5.2,"City":"Charlotte","County":"Mecklenburg","Utility_Na":"Anaergia","Longitude":-80.811667,"Latitude":35.2625}},{"type":"Feature","geometry":{"type":"Point","coordinates":[-79.7683330001053,35.3444440002206]},"properties":{"Plant_Name":"Montgomery Solar LLC","State":"North Carolina","PrimSource":"solar","Total_MW":20,"Install_MW":20,"City":"Biscoe","County":"Montgomery","Utility_Na":"Oppidum Renewables USA, LLC","Longitude":-79.768333,"Latitude":35.344444}},{"type":"Feature","geometry":{"type":"Point","coordinates":[-79.7702780000191,35.3838889997251]},"properties":{"Plant_Name":"Biscoe Solar LLC","State":"North Carolina","PrimSource":"solar","Total_MW":4,"Install_MW":5,"City":"Biscoe","County":"Montgomery","Utility_Na":"AES Distributed Energy","Longitude":-79.770278,"Latitude":35.383889}},{"type":"Feature","geometry":{"type":"Point","coordinates":[-80.4747220002672,35.5416670001301]},"properties":{"Plant_Name":"Rockwell Solar LLC","State":"North Carolina","PrimSource":"solar","Total_MW":3.5,"Install_MW":3.5,"City":"Rockwell","County":"Rowan","Utility_Na":"Oppidum Renewables USA, LLC","Longitude":-80.474722,"Latitude":35.541667}},{"type":"Feature","geometry":{"type":"Point","coordinates":[-78.1833330001712,35.576389000246]},"properties":{"Plant_Name":"Selma Solar LLC","State":"North Carolina","PrimSource":"solar","Total_MW":4,"Install_MW":5,"City":"Selma","County":"Johnston","Utility_Na":"AES Distributed Energy","Longitude":-78.183333,"Latitude":35.576389}},{"type":"Feature","geometry":{"type":"Point","coordinates":[-79.1044440003142,34.5244440002678]},"properties":{"Plant_Name":"Turkey Branch Solar LLC","State":"North Carolina","PrimSource":"solar","Total_MW":4,"Install_MW":5,"City":"Fairmont","County":"Robeson","Utility_Na":"AES Distributed Energy","Longitude":-79.104444,"Latitude":34.524444}},{"type":"Feature","geometry":{"type":"Point","coordinates":[-76.8036109999581,36.4508330002979]},"properties":{"Plant_Name":"Gates Solar LLC","State":"North Carolina","PrimSource":"solar","Total_MW":5,"Install_MW":5,"City":"Eure","County":"Gates","Utility_Na":"Oppidum Renewables USA, LLC","Longitude":-76.803611,"Latitude":36.450833}},{"type":"Feature","geometry":{"type":"Point","coordinates":[-78.2649999996806,35.9694439999873]},"properties":{"Plant_Name":"Cirrus Solar LLC","State":"North Carolina","PrimSource":"solar","Total_MW":5,"Install_MW":5,"City":"Bunn","County":"Franklin","Utility_Na":"Oppidum Renewables USA, LLC","Longitude":-78.265,"Latitude":35.969444}},{"type":"Feature","geometry":{"type":"Point","coordinates":[-77.0900000004181,35.514999999659]},"properties":{"Plant_Name":"Chocowinity Solar LLC","State":"North Carolina","PrimSource":"solar","Total_MW":5,"Install_MW":5,"City":"Chocowinity","County":"Beaufort","Utility_Na":"Oppidum Renewables USA, LLC","Longitude":-77.09,"Latitude":35.515}},{"type":"Feature","geometry":{"type":"Point","coordinates":[-77.9852779997136,34.2830559997617]},"properties":{"Plant_Name":"L V Sutton Combined Cycle","State":"North Carolina","PrimSource":"natural gas","Total_MW":698,"Install_MW":851,"City":"Wilmington","County":"New Hanover","Utility_Na":"Duke Energy Progress - (NC)","Longitude":-77.985278,"Latitude":34.283056}},{"type":"Feature","geometry":{"type":"Point","coordinates":[-80.6924999996746,32.9133330003574]},"properties":{"Plant_Name":"Colleton Solar Farm","State":"South Carolina","PrimSource":"solar","Total_MW":2.5,"Install_MW":2.5,"City":"Walterboro","County":"Colleton","Utility_Na":"TIG Sun Energy I LLC","Longitude":-80.6925,"Latitude":32.913333}},{"type":"Feature","geometry":{"type":"Point","coordinates":[-81.2077779998814,35.7388890001125]},"properties":{"Plant_Name":"Apple Data Center - PV2","State":"North Carolina","PrimSource":"solar","Total_MW":19.4,"Install_MW":20,"City":"Conover","County":"Catawba","Utility_Na":"Apple, Inc","Longitude":-81.207778,"Latitude":35.738889}},{"type":"Feature","geometry":{"type":"Point","coordinates":[-81.2819440002931,32.9949999998129]},"properties":{"Plant_Name":"Allendale Biomass","State":"South Carolina","PrimSource":"biomass","Total_MW":19.5,"Install_MW":22.5,"City":"Fairfax","County":"Allendale","Utility_Na":"Allendale Biomass LLC","Longitude":-81.281944,"Latitude":32.995}},{"type":"Feature","geometry":{"type":"Point","coordinates":[-80.4502779996649,33.2386110001147]},"properties":{"Plant_Name":"Dorchester Biomass","State":"South Carolina","PrimSource":"biomass","Total_MW":19.5,"Install_MW":22.5,"City":"Harleyville","County":"Dorchester","Utility_Na":"Dorchester Biomass LLC","Longitude":-80.450278,"Latitude":33.238611}},{"type":"Feature","geometry":{"type":"Point","coordinates":[-81.8216670000288,35.2619439999578]},"properties":{"Plant_Name":"Charlotte Solar","State":"North Carolina","PrimSource":"solar","Total_MW":5,"Install_MW":5,"City":"Forest City","County":"Rutherford","Utility_Na":"Cypress Creek Renewables","Longitude":-81.821667,"Latitude":35.261944}},{"type":"Feature","geometry":{"type":"Point","coordinates":[-79.3325000003829,36.1311109998022]},"properties":{"Plant_Name":"Elliana Solar","State":"North Carolina","PrimSource":"solar","Total_MW":5,"Install_MW":5,"City":"Burlington","County":"Alamance","Utility_Na":"Cypress Creek Renewables","Longitude":-79.3325,"Latitude":36.131111}},{"type":"Feature","geometry":{"type":"Point","coordinates":[-81.2294439999934,35.7580559998316]},"properties":{"Plant_Name":"Flash Solar","State":"North Carolina","PrimSource":"solar","Total_MW":5,"Install_MW":5,"City":"Conover","County":"Catawba","Utility_Na":"Cypress Creek Renewables","Longitude":-81.229444,"Latitude":35.758056}},{"type":"Feature","geometry":{"type":"Point","coordinates":[-81.9263889998954,35.3169440003051]},"properties":{"Plant_Name":"Amethyst Solar","State":"North Carolina","PrimSource":"solar","Total_MW":3,"Install_MW":3,"City":"Forest City","County":"Rutherford","Utility_Na":"Amethyst Solar LLC","Longitude":-81.926389,"Latitude":35.316944}},{"type":"Feature","geometry":{"type":"Point","coordinates":[-81.2086109995595,35.6511109997887]},"properties":{"Plant_Name":"Angel Solar","State":"North Carolina","PrimSource":"solar","Total_MW":5,"Install_MW":5,"City":"Newton","County":"Catawba","Utility_Na":"Cypress Creek Renewables","Longitude":-81.208611,"Latitude":35.651111}},{"type":"Feature","geometry":{"type":"Point","coordinates":[-81.6219439996668,35.3280560000483]},"properties":{"Plant_Name":"Audrey Solar","State":"North Carolina","PrimSource":"solar","Total_MW":3,"Install_MW":3,"City":"Shelby","County":"Cleveland","Utility_Na":"Audrey Solar LLC","Longitude":-81.621944,"Latitude":35.328056}},{"type":"Feature","geometry":{"type":"Point","coordinates":[-80.3633329999077,35.5419440000853]},"properties":{"Plant_Name":"Buddy Solar","State":"North Carolina","PrimSource":"solar","Total_MW":4,"Install_MW":4,"City":"Gold Hill","County":"Rowan","Utility_Na":"Cypress Creek Renewables","Longitude":-80.363333,"Latitude":35.541944}},{"type":"Feature","geometry":{"type":"Point","coordinates":[-79.348889000072,36.1488889999314]},"properties":{"Plant_Name":"Milo Solar","State":"North Carolina","PrimSource":"solar","Total_MW":3,"Install_MW":3,"City":"Burlington","County":"Alamance","Utility_Na":"Milo Solar LLC","Longitude":-79.348889,"Latitude":36.148889}},{"type":"Feature","geometry":{"type":"Point","coordinates":[-79.3619439996021,35.9480560002583]},"properties":{"Plant_Name":"Minnie Solar","State":"North Carolina","PrimSource":"solar","Total_MW":3,"Install_MW":3,"City":"Graham","County":"Alamance","Utility_Na":"Minnie Solar LLC","Longitude":-79.361944,"Latitude":35.948056}},{"type":"Feature","geometry":{"type":"Point","coordinates":[-79.548055999867,35.9911110001778]},"properties":{"Plant_Name":"Nick Solar","State":"North Carolina","PrimSource":"solar","Total_MW":4,"Install_MW":5,"City":"Liberty","County":"Guilford","Utility_Na":"AES Distributed Energy","Longitude":-79.548056,"Latitude":35.991111}},{"type":"Feature","geometry":{"type":"Point","coordinates":[-81.3152780002382,35.5861110001921]},"properties":{"Plant_Name":"Owen Solar","State":"North Carolina","PrimSource":"solar","Total_MW":5,"Install_MW":5,"City":"Lincolnton","County":"Catawba","Utility_Na":"Owen Solar LLC","Longitude":-81.315278,"Latitude":35.586111}},{"type":"Feature","geometry":{"type":"Point","coordinates":[-81.6969439995815,35.3049999997314]},"properties":{"Plant_Name":"Sophie Solar","State":"North Carolina","PrimSource":"solar","Total_MW":4.5,"Install_MW":4.5,"City":"Mooresboro","County":"Cleveland","Utility_Na":"Sophie Solar LLC","Longitude":-81.696944,"Latitude":35.305}},{"type":"Feature","geometry":{"type":"Point","coordinates":[-78.8238889997708,36.0800000001956]},"properties":{"Plant_Name":"Star Solar","State":"North Carolina","PrimSource":"solar","Total_MW":5,"Install_MW":5,"City":"Durham","County":"Durham","Utility_Na":"Star Solar LLC","Longitude":-78.823889,"Latitude":36.08}},{"type":"Feature","geometry":{"type":"Point","coordinates":[-77.8336109998047,35.4372219997148]},"properties":{"Plant_Name":"Sonne One","State":"North Carolina","PrimSource":"solar","Total_MW":5,"Install_MW":5,"City":"Goldsboro","County":"Wayne","Utility_Na":"Cypress Creek Renewables","Longitude":-77.833611,"Latitude":35.437222}},{"type":"Feature","geometry":{"type":"Point","coordinates":[-78.1375000003646,34.9888889996885]},"properties":{"Plant_Name":"Kirkwall Holdings","State":"North Carolina","PrimSource":"solar","Total_MW":5,"Install_MW":5,"City":"Warsaw","County":"Duplin","Utility_Na":"Cypress Creek Renewables","Longitude":-78.1375,"Latitude":34.988889}},{"type":"Feature","geometry":{"type":"Point","coordinates":[-81.615277999897,35.2830559997397]},"properties":{"Plant_Name":"Ayrshire","State":"North Carolina","PrimSource":"solar","Total_MW":19.4,"Install_MW":19.4,"City":"Shelby","County":"Cleveland","Utility_Na":"CD Global Solar Holdings, LLC","Longitude":-81.615278,"Latitude":35.283056}},{"type":"Feature","geometry":{"type":"Point","coordinates":[-76.8700000001892,35.5011110003484]},"properties":{"Plant_Name":"Pamlico Partners Solar","State":"North Carolina","PrimSource":"solar","Total_MW":5,"Install_MW":5,"City":"Washington","County":"Beaufort","Utility_Na":"Pamlico Partners Solar, LLC","Longitude":-76.87,"Latitude":35.501111}},{"type":"Feature","geometry":{"type":"Point","coordinates":[-77.7036109998328,35.3963890001782]},"properties":{"Plant_Name":"Arba Solar, LLC","State":"North Carolina","PrimSource":"solar","Total_MW":2,"Install_MW":2,"City":"Snow Hill","County":"Greene","Utility_Na":"Leyline Renewable Energy, LLC","Longitude":-77.703611,"Latitude":35.396389}},{"type":"Feature","geometry":{"type":"Point","coordinates":[-78.1677779999851,36.0975000001165]},"properties":{"Plant_Name":"Franklin Solar, LLC","State":"North Carolina","PrimSource":"solar","Total_MW":2,"Install_MW":2,"City":"Louisburg","County":"Franklin","Utility_Na":"Leyline Renewable Energy, LLC","Longitude":-78.167778,"Latitude":36.0975}},{"type":"Feature","geometry":{"type":"Point","coordinates":[-77.9816670004436,34.9577779998691]},"properties":{"Plant_Name":"Kenansville Solar 2, LLC","State":"North Carolina","PrimSource":"solar","Total_MW":2,"Install_MW":2,"City":"Kenansville","County":"Duplin","Utility_Na":"Cypress Creek Renewables","Longitude":-77.981667,"Latitude":34.957778}},{"type":"Feature","geometry":{"type":"Point","coordinates":[-79.6950000002701,35.3116669999256]},"properties":{"Plant_Name":"Samarcand Solar Farm, LLC","State":"North Carolina","PrimSource":"solar","Total_MW":5,"Install_MW":5,"City":"Biscoe","County":"Moore","Utility_Na":"SRE Utility Solar 1, LLC","Longitude":-79.695,"Latitude":35.311667}},{"type":"Feature","geometry":{"type":"Point","coordinates":[-77.5569440003375,35.2930559997511]},"properties":{"Plant_Name":"Albemarle Solar Center LLC","State":"North Carolina","PrimSource":"solar","Total_MW":5,"Install_MW":5,"City":"Kinston","County":"Lenoir","Utility_Na":"SRE Utility Solar 1, LLC","Longitude":-77.556944,"Latitude":35.293056}},{"type":"Feature","geometry":{"type":"Point","coordinates":[-77.8099999997789,36.0080559996586]},"properties":{"Plant_Name":"Boseman Solar Center LLC","State":"North Carolina","PrimSource":"solar","Total_MW":5,"Install_MW":5,"City":"Rocky Mount","County":"Nash","Utility_Na":"Cypress Creek Renewables","Longitude":-77.81,"Latitude":36.008056}},{"type":"Feature","geometry":{"type":"Point","coordinates":[-77.3838890001509,35.6688889997146]},"properties":{"Plant_Name":"Flemming Solar Center LLC","State":"North Carolina","PrimSource":"solar","Total_MW":5,"Install_MW":5,"City":"Greenville","County":"Pitt","Utility_Na":"Cypress Creek Renewables","Longitude":-77.383889,"Latitude":35.668889}},{"type":"Feature","geometry":{"type":"Point","coordinates":[-77.4380559996317,35.4338890000917]},"properties":{"Plant_Name":"Littlefield Solar Center LLC","State":"North Carolina","PrimSource":"solar","Total_MW":5,"Install_MW":5,"City":"Ayden","County":"Pitt","Utility_Na":"SRE Utility Solar 1, LLC","Longitude":-77.438056,"Latitude":35.433889}},{"type":"Feature","geometry":{"type":"Point","coordinates":[-77.3165400000201,35.6429500001318]},"properties":{"Plant_Name":"Rams Horn Solar Center LLC","State":"North Carolina","PrimSource":"solar","Total_MW":5,"Install_MW":5,"City":"Greenville","County":"Pitt","Utility_Na":"Cypress Creek Renewables","Longitude":-77.31654,"Latitude":35.64295}},{"type":"Feature","geometry":{"type":"Point","coordinates":[-77.8838890001811,35.7819440001734]},"properties":{"Plant_Name":"Upchurch Solar Center LLC","State":"North Carolina","PrimSource":"solar","Total_MW":5,"Install_MW":5,"City":"Elm City","County":"Wilson","Utility_Na":"Cypress Creek Renewables","Longitude":-77.883889,"Latitude":35.781944}},{"type":"Feature","geometry":{"type":"Point","coordinates":[-81.1569439998363,35.6294440000272]},"properties":{"Plant_Name":"Apple One","State":"North Carolina","PrimSource":"solar","Total_MW":5,"Install_MW":5,"City":"Newton","County":"Catawba","Utility_Na":"Cypress Creek Renewables","Longitude":-81.156944,"Latitude":35.629444}},{"type":"Feature","geometry":{"type":"Point","coordinates":[-81.1836110001868,35.6566670001182]},"properties":{"Plant_Name":"Sonne Two","State":"North Carolina","PrimSource":"solar","Total_MW":5,"Install_MW":5,"City":"Newton","County":"Catawba","Utility_Na":"Heelstone Energy Holdings, LLC","Longitude":-81.183611,"Latitude":35.656667}},{"type":"Feature","geometry":{"type":"Point","coordinates":[-77.9761110003613,34.9700000001732]},"properties":{"Plant_Name":"Kenansville Solar Farm, LLC","State":"North Carolina","PrimSource":"solar","Total_MW":4.5,"Install_MW":4.5,"City":"Kenansville","County":"Duplin","Utility_Na":"SRE Utility Solar 1, LLC","Longitude":-77.976111,"Latitude":34.97}},{"type":"Feature","geometry":{"type":"Point","coordinates":[-77.3811109996606,35.7947220002974]},"properties":{"Plant_Name":"Bethel Price Solar, LLC","State":"North Carolina","PrimSource":"solar","Total_MW":3.2,"Install_MW":5,"City":"Bethel","County":"Pitt","Utility_Na":"Duke Energy Renewables Services","Longitude":-77.381111,"Latitude":35.794722}},{"type":"Feature","geometry":{"type":"Point","coordinates":[-77.4091670002562,36.1249999998854]},"properties":{"Plant_Name":"Dogwood Solar, LLC","State":"North Carolina","PrimSource":"solar","Total_MW":20,"Install_MW":20,"City":"Scotland Neck","County":"Halifax","Utility_Na":"Duke Energy Renewables Services","Longitude":-77.409167,"Latitude":36.125}},{"type":"Feature","geometry":{"type":"Point","coordinates":[-77.0536109999732,35.5652779999647]},"properties":{"Plant_Name":"Washington Airport Solar LLC","State":"North Carolina","PrimSource":"solar","Total_MW":5,"Install_MW":5,"City":"Washington","County":"Beaufort","Utility_Na":"Duke Energy Renewables Services","Longitude":-77.053611,"Latitude":35.565278}},{"type":"Feature","geometry":{"type":"Point","coordinates":[-76.8336109997443,35.4994439996916]},"properties":{"Plant_Name":"Washington Millfield Solar, LLC","State":"North Carolina","PrimSource":"solar","Total_MW":5,"Install_MW":5,"City":"Bath","County":"Beaufort","Utility_Na":"Duke Energy Renewables Services","Longitude":-76.833611,"Latitude":35.499444}},{"type":"Feature","geometry":{"type":"Point","coordinates":[-76.9177779999096,35.9819439997949]},"properties":{"Plant_Name":"Windsor Cooper HIill Solar, LLC","State":"North Carolina","PrimSource":"solar","Total_MW":5,"Install_MW":5,"City":"Windsor","County":"Bertie","Utility_Na":"Duke Energy Renewables Services","Longitude":-76.917778,"Latitude":35.981944}},{"type":"Feature","geometry":{"type":"Point","coordinates":[-78.1258330003564,35.005555999948]},"properties":{"Plant_Name":"Warsaw Farm","State":"North Carolina","PrimSource":"solar","Total_MW":65,"Install_MW":65,"City":"Warsaw","County":"Duplin","Utility_Na":"Duke Energy Progress - (NC)","Longitude":-78.125833,"Latitude":35.005556}},{"type":"Feature","geometry":{"type":"Point","coordinates":[-77.7833330003267,36.0939000001048]},"properties":{"Plant_Name":"Castalia Solar","State":"North Carolina","PrimSource":"solar","Total_MW":2,"Install_MW":2,"City":"Castalia","County":"Nash","Utility_Na":"Strata Manager, LLC","Longitude":-77.783333,"Latitude":36.0939}},{"type":"Feature","geometry":{"type":"Point","coordinates":[-79.5383329999476,34.7958330000181]},"properties":{"Plant_Name":"Oakboro Farm","State":"North Carolina","PrimSource":"solar","Total_MW":5,"Install_MW":5,"City":"Laurinburg","County":"Scotland","Utility_Na":"Palmetto Power Management LLC","Longitude":-79.538333,"Latitude":34.795833}},{"type":"Feature","geometry":{"type":"Point","coordinates":[-78.691943999885,34.3238889998259]},"properties":{"Plant_Name":"McKenzie Farm","State":"North Carolina","PrimSource":"solar","Total_MW":5,"Install_MW":5,"City":"Whiteville","County":"Columbus","Utility_Na":"Strata Manager, LLC","Longitude":-78.691944,"Latitude":34.323889}},{"type":"Feature","geometry":{"type":"Point","coordinates":[-78.0308329996859,36.0472219996969]},"properties":{"Plant_Name":"Nash 58 Farm","State":"North Carolina","PrimSource":"solar","Total_MW":5,"Install_MW":5,"City":"Nashville","County":"Nash","Utility_Na":"Strata Manager, LLC","Longitude":-78.030833,"Latitude":36.047222}},{"type":"Feature","geometry":{"type":"Point","coordinates":[-78.0925000002361,35.9494440002709]},"properties":{"Plant_Name":"Nash 64 Farm","State":"North Carolina","PrimSource":"solar","Total_MW":5,"Install_MW":5,"City":"Spring Hope","County":"Nash","Utility_Na":"Strata Manager, LLC","Longitude":-78.0925,"Latitude":35.949444}},{"type":"Feature","geometry":{"type":"Point","coordinates":[-79.1994440000864,34.8166669999663]},"properties":{"Plant_Name":"Pate Farm","State":"North Carolina","PrimSource":"solar","Total_MW":5,"Install_MW":5,"City":"Red Springs","County":"Robeson","Utility_Na":"Strata Manager, LLC","Longitude":-79.199444,"Latitude":34.816667}},{"type":"Feature","geometry":{"type":"Point","coordinates":[-78.661389000255,35.3333330001586]},"properties":{"Plant_Name":"Erwin Farm","State":"North Carolina","PrimSource":"solar","Total_MW":5,"Install_MW":5,"City":"Erwin","County":"Harnett","Utility_Na":"Strata Manager, LLC","Longitude":-78.661389,"Latitude":35.333333}},{"type":"Feature","geometry":{"type":"Point","coordinates":[-81.2433329999249,35.6122220001867]},"properties":{"Plant_Name":"Sigmon Catawba Farm","State":"North Carolina","PrimSource":"solar","Total_MW":5,"Install_MW":5,"City":"Newton","County":"Catawba","Utility_Na":"Strata Manager, LLC","Longitude":-81.243333,"Latitude":35.612222}},{"type":"Feature","geometry":{"type":"Point","coordinates":[-78.956739000203,36.4586579999778]},"properties":{"Plant_Name":"Wagstaff Farm 1","State":"North Carolina","PrimSource":"solar","Total_MW":5,"Install_MW":5,"City":"Roxboro","County":"Person","Utility_Na":"Strata Manager, LLC","Longitude":-78.956739,"Latitude":36.458658}},{"type":"Feature","geometry":{"type":"Point","coordinates":[-81.4261110000308,35.3522219999426]},"properties":{"Plant_Name":"Waco Farm","State":"North Carolina","PrimSource":"solar","Total_MW":5,"Install_MW":5,"City":"Waco","County":"Cleveland","Utility_Na":"Strata Manager, LLC","Longitude":-81.426111,"Latitude":35.352222}},{"type":"Feature","geometry":{"type":"Point","coordinates":[-78.7358329996027,35.5580560001017]},"properties":{"Plant_Name":"Sunfish Farm","State":"North Carolina","PrimSource":"solar","Total_MW":5,"Install_MW":5,"City":"Willow Spring","County":"Wake","Utility_Na":"Cypress Creek Renewables","Longitude":-78.735833,"Latitude":35.558056}},{"type":"Feature","geometry":{"type":"Point","coordinates":[-80.998888999992,35.2944440002726]},"properties":{"Plant_Name":"Reventure Park","State":"North Carolina","PrimSource":"biomass","Total_MW":3.5,"Install_MW":3.5,"City":"Charlotte","County":"Mecklenburg","Utility_Na":"Clean Energy LLC","Longitude":-80.998889,"Latitude":35.294444}},{"type":"Feature","geometry":{"type":"Point","coordinates":[-78.7930560003064,34.3252779999546]},"properties":{"Plant_Name":"Garrell Solar Farm","State":"North Carolina","PrimSource":"solar","Total_MW":5,"Install_MW":5,"City":"Chadbourn","County":"Columbus","Utility_Na":"Strata Manager, LLC","Longitude":-78.793056,"Latitude":34.325278}},{"type":"Feature","geometry":{"type":"Point","coordinates":[-78.7500000002669,35.5163890001249]},"properties":{"Plant_Name":"Angier Farm","State":"North Carolina","PrimSource":"solar","Total_MW":5,"Install_MW":5,"City":"Angier","County":"Harnett","Utility_Na":"Strata Manager, LLC","Longitude":-78.75,"Latitude":35.516389}},{"type":"Feature","geometry":{"type":"Point","coordinates":[-78.8130560001639,34.5350000002359]},"properties":{"Plant_Name":"Bladenboro Farm","State":"North Carolina","PrimSource":"solar","Total_MW":5,"Install_MW":5,"City":"Bladenboro","County":"Bladen","Utility_Na":"Strata Manager, LLC","Longitude":-78.813056,"Latitude":34.535}},{"type":"Feature","geometry":{"type":"Point","coordinates":[-78.3483330003429,36.2700000001537]},"properties":{"Plant_Name":"Dement Farm LLC","State":"North Carolina","PrimSource":"solar","Total_MW":4.9,"Install_MW":5,"City":"Henderson","County":"Vance","Utility_Na":"SRE Utility Solar 1, LLC","Longitude":-78.348333,"Latitude":36.27}},{"type":"Feature","geometry":{"type":"Point","coordinates":[-78.078332999572,35.0119439997]},"properties":{"Plant_Name":"Duplin Solar LLC","State":"North Carolina","PrimSource":"solar","Total_MW":4.9,"Install_MW":5,"City":"Warsaw","County":"Duplin","Utility_Na":"SRE Utility Solar 1, LLC","Longitude":-78.078333,"Latitude":35.011944}},{"type":"Feature","geometry":{"type":"Point","coordinates":[-79.5597220000503,34.7666670003385]},"properties":{"Plant_Name":"North Carolina Solar III LLC","State":"North Carolina","PrimSource":"solar","Total_MW":4.9,"Install_MW":4.9,"City":"Gibson","County":"Scotland","Utility_Na":"SRE Utility Solar 1, LLC","Longitude":-79.559722,"Latitude":34.766667}},{"type":"Feature","geometry":{"type":"Point","coordinates":[-84.1319439997466,31.1838890001098]},"properties":{"Plant_Name":"Camilla Solar Plant","State":"Georgia","PrimSource":"solar","Total_MW":16,"Install_MW":16,"City":"Pelham","County":"Mitchell","Utility_Na":"Axium US Solar Holdings LLC","Longitude":-84.131944,"Latitude":31.183889}},{"type":"Feature","geometry":{"type":"Point","coordinates":[-84.543889000332,32.9647220003579]},"properties":{"Plant_Name":"Camp Solar Plant","State":"Georgia","PrimSource":"solar","Total_MW":2.4,"Install_MW":2.4,"City":"Woodbury","County":"Meriwether","Utility_Na":"Axium US Solar Holdings LLC","Longitude":-84.543889,"Latitude":32.964722}},{"type":"Feature","geometry":{"type":"Point","coordinates":[-77.7113889998383,36.4419439999871]},"properties":{"Plant_Name":"Halifax","State":"North Carolina","PrimSource":"solar","Total_MW":20,"Install_MW":20,"City":"Roanoke Rapids","County":"Halifax","Utility_Na":"Duke Energy Renewables Services","Longitude":-77.711389,"Latitude":36.441944}},{"type":"Feature","geometry":{"type":"Point","coordinates":[-78.8358329997884,34.3027779997679]},"properties":{"Plant_Name":"Dessie Solar Center LLC","State":"North Carolina","PrimSource":"solar","Total_MW":4.8,"Install_MW":4.8,"City":"Chadbourn","County":"Columbus","Utility_Na":"Dessie Solar Center LLC","Longitude":-78.835833,"Latitude":34.302778}},{"type":"Feature","geometry":{"type":"Point","coordinates":[-78.3772219997183,36.2761110002528]},"properties":{"Plant_Name":"BearPond Solar Center LLC","State":"North Carolina","PrimSource":"solar","Total_MW":4.8,"Install_MW":4.8,"City":"Henderson","County":"Vance","Utility_Na":"BearPond Solar Center LLC","Longitude":-78.377222,"Latitude":36.276111}},{"type":"Feature","geometry":{"type":"Point","coordinates":[-79.195832999918,34.9438889999186]},"properties":{"Plant_Name":"Shankle Solar Center LLC","State":"North Carolina","PrimSource":"solar","Total_MW":4.8,"Install_MW":4.8,"City":"Shannon","County":"Hoke","Utility_Na":"Shankle Solar Center LLC","Longitude":-79.195833,"Latitude":34.943889}},{"type":"Feature","geometry":{"type":"Point","coordinates":[-79.0144440000572,34.3097220003642]},"properties":{"Plant_Name":"Graham Solar Center LLC","State":"North Carolina","PrimSource":"solar","Total_MW":4.8,"Install_MW":4.8,"City":"Fair Bluff","County":"Columbus","Utility_Na":"Graham Solar Center LLC","Longitude":-79.014444,"Latitude":34.309722}},{"type":"Feature","geometry":{"type":"Point","coordinates":[-77.5450000003198,39.0580560000098]},"properties":{"Plant_Name":"Potomac Energy Center, LLC","State":"Virginia","PrimSource":"natural gas","Total_MW":766,"Install_MW":812,"City":"Leesburg","County":"Loudoun","Utility_Na":"Potomac Energy Center LLC","Longitude":-77.545,"Latitude":39.058056}},{"type":"Feature","geometry":{"type":"Point","coordinates":[-80.1444440000896,36.3161110003587]},"properties":{"Plant_Name":"Carol Jean Solar","State":"North Carolina","PrimSource":"solar","Total_MW":4,"Install_MW":4,"City":"Walnut Cove","County":"Stokes","Utility_Na":"Cypress Creek Renewables","Longitude":-80.144444,"Latitude":36.316111}},{"type":"Feature","geometry":{"type":"Point","coordinates":[-81.3299999998478,35.2200000003662]},"properties":{"Plant_Name":"Battleground","State":"North Carolina","PrimSource":"solar","Total_MW":3,"Install_MW":3.5,"City":"Kings Mountain","County":"Cleveland","Utility_Na":"AES Distributed Energy","Longitude":-81.33,"Latitude":35.22}},{"type":"Feature","geometry":{"type":"Point","coordinates":[-77.7799999999926,34.8999999997598]},"properties":{"Plant_Name":"Beulaville","State":"North Carolina","PrimSource":"solar","Total_MW":1.5,"Install_MW":2,"City":"Beulaville","County":"Duplin","Utility_Na":"AES Distributed Energy","Longitude":-77.78,"Latitude":34.9}},{"type":"Feature","geometry":{"type":"Point","coordinates":[-79.7299999995715,35.100000000139]},"properties":{"Plant_Name":"Ellerbe","State":"North Carolina","PrimSource":"solar","Total_MW":1.5,"Install_MW":2,"City":"Ellerbe","County":"Richmond","Utility_Na":"AES Distributed Energy","Longitude":-79.73,"Latitude":35.1}},{"type":"Feature","geometry":{"type":"Point","coordinates":[-77.971730000264,34.7581300000422]},"properties":{"Plant_Name":"Wallace","State":"North Carolina","PrimSource":"solar","Total_MW":1.8,"Install_MW":2,"City":"Wallace","County":"Duplin","Utility_Na":"AES Distributed Energy","Longitude":-77.97173,"Latitude":34.75813}},{"type":"Feature","geometry":{"type":"Point","coordinates":[-78.0399999999365,34.9600000000991]},"properties":{"Plant_Name":"Kenansville","State":"North Carolina","PrimSource":"solar","Total_MW":1.9,"Install_MW":2,"City":"Kenansville","County":"Duplin","Utility_Na":"AES Distributed Energy","Longitude":-78.04,"Latitude":34.96}},{"type":"Feature","geometry":{"type":"Point","coordinates":[-79.1300000002539,34.5200000001242]},"properties":{"Plant_Name":"Fairmont-FLS 100","State":"North Carolina","PrimSource":"solar","Total_MW":3,"Install_MW":4,"City":"Fairmont","County":"Robeson","Utility_Na":"AES Distributed Energy","Longitude":-79.13,"Latitude":34.52}},{"type":"Feature","geometry":{"type":"Point","coordinates":[-78.5219440001981,34.3375000000189]},"properties":{"Plant_Name":"Chauncey Farm LLC","State":"North Carolina","PrimSource":"solar","Total_MW":4.9,"Install_MW":4.9,"City":"Lake Waccamaw","County":"Columbus","Utility_Na":"Strata Manager, LLC","Longitude":-78.521944,"Latitude":34.3375}},{"type":"Feature","geometry":{"type":"Point","coordinates":[-81.416111000102,35.7580559998316]},"properties":{"Plant_Name":"Dragstrip Farm","State":"North Carolina","PrimSource":"solar","Total_MW":5,"Install_MW":5,"City":"Hickory","County":"Burke","Utility_Na":"Strata Manager, LLC","Longitude":-81.416111,"Latitude":35.758056}},{"type":"Feature","geometry":{"type":"Point","coordinates":[-77.9691669998589,35.5319440003033]},"properties":{"Plant_Name":"Fremont Farm LLC","State":"North Carolina","PrimSource":"solar","Total_MW":5,"Install_MW":5,"City":"Fremont","County":"Wayne","Utility_Na":"Dominion Renewable Energy","Longitude":-77.969167,"Latitude":35.531944}},{"type":"Feature","geometry":{"type":"Point","coordinates":[-79.6472219996513,36.3902779999428]},"properties":{"Plant_Name":"Market Farm","State":"North Carolina","PrimSource":"solar","Total_MW":4.9,"Install_MW":4.9,"City":"Reidsville","County":"Rockingham","Utility_Na":"Palmetto Power Management LLC","Longitude":-79.647222,"Latitude":36.390278}},{"type":"Feature","geometry":{"type":"Point","coordinates":[-77.649444000352,35.4441669999944]},"properties":{"Plant_Name":"Snow Hill Solar 2 LLC","State":"North Carolina","PrimSource":"solar","Total_MW":2,"Install_MW":2,"City":"Snow Hill","County":"Greene","Utility_Na":"Strata Manager, LLC","Longitude":-77.649444,"Latitude":35.444167}},{"type":"Feature","geometry":{"type":"Point","coordinates":[-78.0816669997309,35.2019440001088]},"properties":{"Plant_Name":"Mount Olive Farm","State":"North Carolina","PrimSource":"solar","Total_MW":5,"Install_MW":5,"City":"Mount Olive","County":"Wayne","Utility_Na":"Strata Manager, LLC","Longitude":-78.081667,"Latitude":35.201944}},{"type":"Feature","geometry":{"type":"Point","coordinates":[-79.7016669998648,35.3025000002309]},"properties":{"Plant_Name":"Spicewood Solar Farm LLC","State":"North Carolina","PrimSource":"solar","Total_MW":5,"Install_MW":5,"City":"Eagle Springs","County":"Moore","Utility_Na":"Strata Manager, LLC","Longitude":-79.701667,"Latitude":35.3025}},{"type":"Feature","geometry":{"type":"Point","coordinates":[-80.5236110003985,35.6683330002295]},"properties":{"Plant_Name":"West Salisbury Farm LLC","State":"North Carolina","PrimSource":"solar","Total_MW":5,"Install_MW":5,"City":"Salisbury","County":"Rowan","Utility_Na":"Strata Manager, LLC","Longitude":-80.523611,"Latitude":35.668333}},{"type":"Feature","geometry":{"type":"Point","coordinates":[-79.5037470000247,35.7208409997989]},"properties":{"Plant_Name":"West Siler","State":"North Carolina","PrimSource":"solar","Total_MW":5,"Install_MW":5,"City":"Siler City","County":"Chatham","Utility_Na":"Strata Manager, LLC","Longitude":-79.503747,"Latitude":35.720841}},{"type":"Feature","geometry":{"type":"Point","coordinates":[-79.3169440003719,36.4138890001233]},"properties":{"Plant_Name":"Yanceyville Farm 2 LLC","State":"North Carolina","PrimSource":"solar","Total_MW":5,"Install_MW":5,"City":"Blanch","County":"Caswell","Utility_Na":"Strata Manager, LLC","Longitude":-79.316944,"Latitude":36.413889}},{"type":"Feature","geometry":{"type":"Point","coordinates":[-80.6658330002224,35.7108329998446]},"properties":{"Plant_Name":"Redmon Solar Farm LLC","State":"North Carolina","PrimSource":"solar","Total_MW":2,"Install_MW":2,"City":"Cleveland","County":"Rowan","Utility_Na":"Strata Manager, LLC","Longitude":-80.665833,"Latitude":35.710833}},{"type":"Feature","geometry":{"type":"Point","coordinates":[-78.5166669997752,34.9755560002341]},"properties":{"Plant_Name":"Anderson Farm LLC","State":"North Carolina","PrimSource":"solar","Total_MW":1.9,"Install_MW":1.9,"City":"Roseboro","County":"Sampson","Utility_Na":"Strata Manager, LLC","Longitude":-78.516667,"Latitude":34.975556}},{"type":"Feature","geometry":{"type":"Point","coordinates":[-78.8436109997939,34.8344440000064]},"properties":{"Plant_Name":"DD Fayetteville Solar NC LLC","State":"North Carolina","PrimSource":"solar","Total_MW":23.1,"Install_MW":23.1,"City":"Fayetteville","County":"Bladen","Utility_Na":"Duke Energy Progress - (NC)","Longitude":-78.843611,"Latitude":34.834444}},{"type":"Feature","geometry":{"type":"Point","coordinates":[-78.110000000336,35.0100000002012]},"properties":{"Plant_Name":"Warsaw I","State":"North Carolina","PrimSource":"solar","Total_MW":2,"Install_MW":2,"City":"Warsaw","County":"Duplin","Utility_Na":"AES Distributed Energy","Longitude":-78.11,"Latitude":35.01}},{"type":"Feature","geometry":{"type":"Point","coordinates":[-78.0499999998652,35.0100000002012]},"properties":{"Plant_Name":"Warsaw II","State":"North Carolina","PrimSource":"solar","Total_MW":2,"Install_MW":2,"City":"Warsaw","County":"Duplin","Utility_Na":"AES Distributed Energy","Longitude":-78.05,"Latitude":35.01}},{"type":"Feature","geometry":{"type":"Point","coordinates":[-79.0324999998258,35.568333000025]},"properties":{"Plant_Name":"Moncure Farm LLC","State":"North Carolina","PrimSource":"solar","Total_MW":3,"Install_MW":3,"City":"Moncure","County":"Chatham","Utility_Na":"Strata Manager, LLC","Longitude":-79.0325,"Latitude":35.568333}},{"type":"Feature","geometry":{"type":"Point","coordinates":[-78.3861110001346,36.2863890003141]},"properties":{"Plant_Name":"Martin Creek Farm LLC","State":"North Carolina","PrimSource":"solar","Total_MW":3,"Install_MW":3,"City":"Henderson","County":"Vance","Utility_Na":"Strata Manager, LLC","Longitude":-78.386111,"Latitude":36.286389}},{"type":"Feature","geometry":{"type":"Point","coordinates":[-77.6083330002263,35.3705559996601]},"properties":{"Plant_Name":"Kinston","State":"North Carolina","PrimSource":"solar","Total_MW":2,"Install_MW":2,"City":"Kinston","County":"Lenoir","Utility_Na":"Strata Manager, LLC","Longitude":-77.608333,"Latitude":35.370556}},{"type":"Feature","geometry":{"type":"Point","coordinates":[-80.5536110001847,35.8488890002902]},"properties":{"Plant_Name":"Daniel Farm LLC","State":"North Carolina","PrimSource":"solar","Total_MW":5,"Install_MW":5,"City":"Mocksville","County":"Davie","Utility_Na":"Strata Manager, LLC","Longitude":-80.553611,"Latitude":35.848889}},{"type":"Feature","geometry":{"type":"Point","coordinates":[-78.1397220002878,35.7874999999757]},"properties":{"Plant_Name":"Bailey Farm LLC","State":"North Carolina","PrimSource":"solar","Total_MW":5,"Install_MW":5,"City":"Bailey","County":"Nash","Utility_Na":"Strata Manager, LLC","Longitude":-78.139722,"Latitude":35.7875}},{"type":"Feature","geometry":{"type":"Point","coordinates":[-78.8733329997458,35.9116670002056]},"properties":{"Plant_Name":"XPF Solar Field","State":"North Carolina","PrimSource":"solar","Total_MW":3,"Install_MW":3,"City":"Durham","County":"Durham","Utility_Na":"United Therapeutics Corporation","Longitude":-78.873333,"Latitude":35.911667}},{"type":"Feature","geometry":{"type":"Point","coordinates":[-77.2697220001993,35.8316670002137]},"properties":{"Plant_Name":"Green Farm","State":"North Carolina","PrimSource":"solar","Total_MW":5,"Install_MW":5,"City":"Robersonville","County":"Martin","Utility_Na":"Cypress Creek Renewables","Longitude":-77.269722,"Latitude":35.831667}},{"type":"Feature","geometry":{"type":"Point","coordinates":[-76.9972219996708,36.3063890003181]},"properties":{"Plant_Name":"Simons Farm","State":"North Carolina","PrimSource":"solar","Total_MW":5,"Install_MW":5,"City":"Ahoskie","County":"Hertford","Utility_Na":"Cypress Creek Renewables","Longitude":-76.997222,"Latitude":36.306389}},{"type":"Feature","geometry":{"type":"Point","coordinates":[-77.6616670000289,35.3958329997684]},"properties":{"Plant_Name":"Thornton PV1","State":"North Carolina","PrimSource":"solar","Total_MW":5,"Install_MW":5,"City":"Snow Hill","County":"Greene","Utility_Na":"Ecoplexus, Inc","Longitude":-77.661667,"Latitude":35.395833}},{"type":"Feature","geometry":{"type":"Point","coordinates":[-77.721388999767,36.1297220001689]},"properties":{"Plant_Name":"Watson Seed Farm PV1","State":"North Carolina","PrimSource":"solar","Total_MW":20,"Install_MW":20,"City":"Whitakers","County":"Nash","Utility_Na":"Ecoplexus, Inc","Longitude":-77.721389,"Latitude":36.129722}},{"type":"Feature","geometry":{"type":"Point","coordinates":[-77.076389000321,36.2605560000487]},"properties":{"Plant_Name":"Bradley PV1","State":"North Carolina","PrimSource":"solar","Total_MW":5,"Install_MW":5,"City":"Aulander","County":"Hertford","Utility_Na":"Ecoplexus, Inc","Longitude":-77.076389,"Latitude":36.260556}},{"type":"Feature","geometry":{"type":"Point","coordinates":[-76.0872219998674,36.4333329998928]},"properties":{"Plant_Name":"Shawboro PV1","State":"North Carolina","PrimSource":"solar","Total_MW":20,"Install_MW":20,"City":"Shawboro","County":"Currituck","Utility_Na":"Duke Energy Renewables Services","Longitude":-76.087222,"Latitude":36.433333}},{"type":"Feature","geometry":{"type":"Point","coordinates":[-78.7875000002242,35.0211109996365]},"properties":{"Plant_Name":"Carter PV1","State":"North Carolina","PrimSource":"solar","Total_MW":5,"Install_MW":5,"City":"Fayetteville","County":"Cumberland","Utility_Na":"Ecoplexus, Inc","Longitude":-78.7875,"Latitude":35.021111}},{"type":"Feature","geometry":{"type":"Point","coordinates":[-79.8294440000885,34.9091670001278]},"properties":{"Plant_Name":"Pecan PV1","State":"North Carolina","PrimSource":"solar","Total_MW":5,"Install_MW":5,"City":"Cordova","County":"Richmond","Utility_Na":"Ecoplexus, Inc","Longitude":-79.829444,"Latitude":34.909167}},{"type":"Feature","geometry":{"type":"Point","coordinates":[-77.8488889999814,35.8019439999813]},"properties":{"Plant_Name":"Langley PV1","State":"North Carolina","PrimSource":"solar","Total_MW":5,"Install_MW":5,"City":"Elm City","County":"Wilson","Utility_Na":"Ecoplexus, Inc","Longitude":-77.848889,"Latitude":35.801944}},{"type":"Feature","geometry":{"type":"Point","coordinates":[-81.0869440003352,35.3738890002447]},"properties":{"Plant_Name":"Mariposa Solar Center LLC","State":"North Carolina","PrimSource":"solar","Total_MW":5,"Install_MW":5,"City":"Stanley","County":"Gaston","Utility_Na":"Heelstone Energy Holdings, LLC","Longitude":-81.086944,"Latitude":35.373889}},{"type":"Feature","geometry":{"type":"Point","coordinates":[-77.4519439997382,35.3638890002418]},"properties":{"Plant_Name":"Highland Solar Center LLC","State":"North Carolina","PrimSource":"solar","Total_MW":5,"Install_MW":5,"City":"Grifton","County":"Lenoir","Utility_Na":"SRE Utility Solar 1, LLC","Longitude":-77.451944,"Latitude":35.363889}},{"type":"Feature","geometry":{"type":"Point","coordinates":[-77.8469440000675,35.7811110000676]},"properties":{"Plant_Name":"Elm City Solar Facility","State":"North Carolina","PrimSource":"solar","Total_MW":40,"Install_MW":40,"City":"Elm City","County":"Wilson","Utility_Na":"Duke Energy Progress - (NC)","Longitude":-77.846944,"Latitude":35.781111}},{"type":"Feature","geometry":{"type":"Point","coordinates":[-77.0811110000018,35.8752780003618]},"properties":{"Plant_Name":"Jakana Solar","State":"North Carolina","PrimSource":"solar","Total_MW":5,"Install_MW":5,"City":"Williamston","County":"Martin","Utility_Na":"Strata Manager, LLC","Longitude":-77.081111,"Latitude":35.875278}},{"type":"Feature","geometry":{"type":"Point","coordinates":[-76.8830560004425,36.0169440003434]},"properties":{"Plant_Name":"Windsor Solar","State":"North Carolina","PrimSource":"solar","Total_MW":5,"Install_MW":5,"City":"Windsor","County":"Bertie","Utility_Na":"Strata Manager, LLC","Longitude":-76.883056,"Latitude":36.016944}},{"type":"Feature","geometry":{"type":"Point","coordinates":[-77.3845419999039,35.7943279999368]},"properties":{"Plant_Name":"Bethel Solar","State":"North Carolina","PrimSource":"solar","Total_MW":5,"Install_MW":5,"City":"Bethel","County":"Pitt","Utility_Na":"Strata Manager, LLC","Longitude":-77.384542,"Latitude":35.794328}},{"type":"Feature","geometry":{"type":"Point","coordinates":[-77.2111109999737,36.1411109999384]},"properties":{"Plant_Name":"Lewiston Solar","State":"North Carolina","PrimSource":"solar","Total_MW":5,"Install_MW":5,"City":"Lewiston","County":"Bertie","Utility_Na":"Strata Manager, LLC","Longitude":-77.211111,"Latitude":36.141111}},{"type":"Feature","geometry":{"type":"Point","coordinates":[-77.2211109999025,36.3419439996909]},"properties":{"Plant_Name":"Woodland Solar","State":"North Carolina","PrimSource":"solar","Total_MW":5,"Install_MW":5,"City":"Woodland","County":"Northampton","Utility_Na":"Duke Energy Renewables Services","Longitude":-77.221111,"Latitude":36.341944}},{"type":"Feature","geometry":{"type":"Point","coordinates":[-77.0630560000582,35.801110999665]},"properties":{"Plant_Name":"Williamston Solar","State":"North Carolina","PrimSource":"solar","Total_MW":5,"Install_MW":5,"City":"Williamston","County":"Martin","Utility_Na":"Strata Manager, LLC","Longitude":-77.063056,"Latitude":35.801111}},{"type":"Feature","geometry":{"type":"Point","coordinates":[-76.9388890001779,36.3750000001203]},"properties":{"Plant_Name":"Winton Solar","State":"North Carolina","PrimSource":"solar","Total_MW":5,"Install_MW":5,"City":"Winton","County":"Hertford","Utility_Na":"Duke Energy Renewables Services","Longitude":-76.938889,"Latitude":36.375}},{"type":"Feature","geometry":{"type":"Point","coordinates":[-88.5866669998806,35.1319440002555]},"properties":{"Plant_Name":"Mulberry Farm LLC","State":"Tennessee","PrimSource":"solar","Total_MW":15.8,"Install_MW":15.8,"City":"Selmer","County":"McNairy","Utility_Na":"Onward Energy","Longitude":-88.586667,"Latitude":35.131944}},{"type":"Feature","geometry":{"type":"Point","coordinates":[-88.5552779998493,35.1497220000636]},"properties":{"Plant_Name":"Selmer Farm LLC","State":"Tennessee","PrimSource":"solar","Total_MW":15.8,"Install_MW":15.8,"City":"Selmer","County":"McNairy","Utility_Na":"Onward Energy","Longitude":-88.555278,"Latitude":35.149722}},{"type":"Feature","geometry":{"type":"Point","coordinates":[-77.8500000003921,35.4416670002129]},"properties":{"Plant_Name":"East Wayne Solar LLC","State":"North Carolina","PrimSource":"solar","Total_MW":2,"Install_MW":2,"City":"Goldsboro","County":"Wayne","Utility_Na":"Strata Manager, LLC","Longitude":-77.85,"Latitude":35.441667}},{"type":"Feature","geometry":{"type":"Point","coordinates":[-79.0802780004445,35.8233330003284]},"properties":{"Plant_Name":"Vickers","State":"North Carolina","PrimSource":"solar","Total_MW":2,"Install_MW":2,"City":"Chapel Hill","County":"Chatham","Utility_Na":"Strata Manager, LLC","Longitude":-79.080278,"Latitude":35.823333}},{"type":"Feature","geometry":{"type":"Point","coordinates":[-78.3869439998127,35.2430560003265]},"properties":{"Plant_Name":"Soluga Farms 1","State":"North Carolina","PrimSource":"solar","Total_MW":5,"Install_MW":5,"City":"Newton Grove","County":"Sampson","Utility_Na":"Strata Manager, LLC","Longitude":-78.386944,"Latitude":35.243056}},{"type":"Feature","geometry":{"type":"Point","coordinates":[-78.689167000118,34.5000080003438]},"properties":{"Plant_Name":"Soluga Farms 2 LLC","State":"North Carolina","PrimSource":"solar","Total_MW":5,"Install_MW":5,"City":"Clarkton","County":"Bladen","Utility_Na":"Strata Manager, LLC","Longitude":-78.689167,"Latitude":34.500008}},{"type":"Feature","geometry":{"type":"Point","coordinates":[-78.3544440002689,34.966944000193]},"properties":{"Plant_Name":"Clipperton Holdings LLC","State":"North Carolina","PrimSource":"solar","Total_MW":5,"Install_MW":5,"City":"Clinton","County":"Sampson","Utility_Na":"Dominion Renewable Energy","Longitude":-78.354444,"Latitude":34.966944}},{"type":"Feature","geometry":{"type":"Point","coordinates":[-80.4169439997198,35.9033329997684]},"properties":{"Plant_Name":"Tiburon Holdings","State":"North Carolina","PrimSource":"solar","Total_MW":5,"Install_MW":5,"City":"Advance","County":"Davie","Utility_Na":"Heelstone Energy Holdings, LLC","Longitude":-80.416944,"Latitude":35.903333}},{"type":"Feature","geometry":{"type":"Point","coordinates":[-83.3625000004108,30.8150000003008]},"properties":{"Plant_Name":"Pecan Row Landfill To Electric Facility","State":"Georgia","PrimSource":"biomass","Total_MW":6.4,"Install_MW":6.4,"City":"Valdosta","County":"Lowndes","Utility_Na":"Energy Developments, Inc d/b/a EDL","Longitude":-83.3625,"Latitude":30.815}},{"type":"Feature","geometry":{"type":"Point","coordinates":[-81.9652780000978,26.7908329999216]},"properties":{"Plant_Name":"Port Charlotte Energy LLC","State":"Florida","PrimSource":"biomass","Total_MW":2.8,"Install_MW":3,"City":"Punta Gorda","County":"Charlotte","Utility_Na":"Port Charlotte Energy LLC","Longitude":-81.965278,"Latitude":26.790833}},{"type":"Feature","geometry":{"type":"Point","coordinates":[-81.3630559999587,35.2024999997839]},"properties":{"Plant_Name":"Kings Mountain Energy Center","State":"North Carolina","PrimSource":"natural gas","Total_MW":486,"Install_MW":543.9,"City":"Kings Mountain","County":"Cleveland","Utility_Na":"Carolina Power Partners, LLC","Longitude":-81.363056,"Latitude":35.2025}},{"type":"Feature","geometry":{"type":"Point","coordinates":[-78.116111000262,35.0697219996593]},"properties":{"Plant_Name":"Faison Solar","State":"North Carolina","PrimSource":"solar","Total_MW":2,"Install_MW":2,"City":"Faison","County":"Duplin","Utility_Na":"USF Surry, LLC","Longitude":-78.116111,"Latitude":35.069722}},{"type":"Feature","geometry":{"type":"Point","coordinates":[-84.0675000003277,31.5461110003592]},"properties":{"Plant_Name":"MCLB Landfill Gas to Energy","State":"Georgia","PrimSource":"biomass","Total_MW":3.6,"Install_MW":4,"City":"Albany","County":"Dougherty","Utility_Na":"Inst and Envir Div Marine Logistics Base","Longitude":-84.0675,"Latitude":31.546111}},{"type":"Feature","geometry":{"type":"Point","coordinates":[-78.1008330000854,35.211943999744]},"properties":{"Plant_Name":"Harrell's Hill Solar Center LLC","State":"North Carolina","PrimSource":"solar","Total_MW":5,"Install_MW":5,"City":"Mt. Olive","County":"Wayne","Utility_Na":"SRE Utility Solar 1, LLC","Longitude":-78.100833,"Latitude":35.211944}},{"type":"Feature","geometry":{"type":"Point","coordinates":[-77.9697219997027,34.8238890001023]},"properties":{"Plant_Name":"Rose Hill","State":"North Carolina","PrimSource":"solar","Total_MW":2,"Install_MW":2,"City":"Rose Hill","County":"Duplin","Utility_Na":"Cypress Creek Renewables","Longitude":-77.969722,"Latitude":34.823889}},{"type":"Feature","geometry":{"type":"Point","coordinates":[-78.5532000001601,35.3485399999491]},"properties":{"Plant_Name":"Dunn","State":"North Carolina","PrimSource":"solar","Total_MW":2,"Install_MW":2,"City":"Dunn","County":"Harnett","Utility_Na":"Cypress Creek Renewables","Longitude":-78.5532,"Latitude":35.34854}},{"type":"Feature","geometry":{"type":"Point","coordinates":[-78.7572219997053,35.6516670002176]},"properties":{"Plant_Name":"South Cary WRF Solar Array","State":"North Carolina","PrimSource":"solar","Total_MW":1.5,"Install_MW":1.5,"City":"Apex","County":"Duplin","Utility_Na":"Town Of Cary","Longitude":-78.757222,"Latitude":35.651667}},{"type":"Feature","geometry":{"type":"Point","coordinates":[-83.9888890002445,37.7411109997358]},"properties":{"Plant_Name":"Blue Ridge Generating","State":"Kentucky","PrimSource":"biomass","Total_MW":1.2,"Install_MW":1.6,"City":"Irvine","County":"Estill","Utility_Na":"North American Biofuels, LLC","Longitude":-83.988889,"Latitude":37.741111}},{"type":"Feature","geometry":{"type":"Point","coordinates":[-79.4938890003862,36.0988889999973]},"properties":{"Plant_Name":"Facile Solar","State":"North Carolina","PrimSource":"solar","Total_MW":2,"Install_MW":2,"City":"Elon","County":"Alamance","Utility_Na":"Facile Solar LLC","Longitude":-79.493889,"Latitude":36.098889}},{"type":"Feature","geometry":{"type":"Point","coordinates":[-76.5019440002198,36.2483330002987]},"properties":{"Plant_Name":"GKS Solar","State":"North Carolina","PrimSource":"solar","Total_MW":5,"Install_MW":5,"City":"Belvidere","County":"Perquimans","Utility_Na":"Cypress Creek Renewables","Longitude":-76.501944,"Latitude":36.248333}},{"type":"Feature","geometry":{"type":"Point","coordinates":[-76.4619439996065,36.2230560001042]},"properties":{"Plant_Name":"Two Mile Solar","State":"North Carolina","PrimSource":"solar","Total_MW":5,"Install_MW":5,"City":"Winfall","County":"Perquimans","Utility_Na":"Cypress Creek Renewables","Longitude":-76.461944,"Latitude":36.223056}},{"type":"Feature","geometry":{"type":"Point","coordinates":[-76.9169440004066,36.3619439999335]},"properties":{"Plant_Name":"Downs Farm Solar","State":"North Carolina","PrimSource":"solar","Total_MW":5,"Install_MW":5,"City":"Cofield","County":"Hertford","Utility_Na":"Cypress Creek Renewables","Longitude":-76.916944,"Latitude":36.361944}},{"type":"Feature","geometry":{"type":"Point","coordinates":[-80.5683329997943,36.4386110002611]},"properties":{"Plant_Name":"COC Surry LFG, LLC","State":"North Carolina","PrimSource":"biomass","Total_MW":1.5,"Install_MW":1.6,"City":"Mount Airy","County":"Surry","Utility_Na":"Petra Engineering","Longitude":-80.568333,"Latitude":36.438611}},{"type":"Feature","geometry":{"type":"Point","coordinates":[-84.6261109996852,30.9649999997425]},"properties":{"Plant_Name":"Decatur County Solar Project","State":"Georgia","PrimSource":"solar","Total_MW":19,"Install_MW":20,"City":"Bainbridge","County":"Decatur","Utility_Na":"Southern Power Co","Longitude":-84.626111,"Latitude":30.965}},{"type":"Feature","geometry":{"type":"Point","coordinates":[-84.6338889996906,30.9919439998386]},"properties":{"Plant_Name":"Decatur Parkway Solar Project, LLC","State":"Georgia","PrimSource":"solar","Total_MW":80,"Install_MW":80,"City":"Bainbridge","County":"Decatur","Utility_Na":"Southern Power Co","Longitude":-84.633889,"Latitude":30.991944}},{"type":"Feature","geometry":{"type":"Point","coordinates":[-78.5261110000352,35.6744440003103]},"properties":{"Plant_Name":"CBC Solar Energy Gen Fac Phase 2","State":"North Carolina","PrimSource":"solar","Total_MW":2.5,"Install_MW":2.5,"City":"Garner","County":"Wake","Utility_Na":"CBC Alternative Energy, LLC","Longitude":-78.526111,"Latitude":35.674444}},{"type":"Feature","geometry":{"type":"Point","coordinates":[-84.3361109999551,33.6649999999001]},"properties":{"Plant_Name":"Hickory Ridge Landfill Solar Project","State":"Georgia","PrimSource":"solar","Total_MW":0.6,"Install_MW":0.6,"City":"Conley","County":"DeKalb","Utility_Na":"BFI Waste Systems of GA, LLC","Longitude":-84.336111,"Latitude":33.665}},{"type":"Feature","geometry":{"type":"Point","coordinates":[-81.1500000002322,35.7149999998101]},"properties":{"Plant_Name":"Apple Data Center PV3","State":"North Carolina","PrimSource":"solar","Total_MW":17.5,"Install_MW":17.5,"City":"Conover","County":"Catawba","Utility_Na":"Apple, Inc","Longitude":-81.15,"Latitude":35.715}},{"type":"Feature","geometry":{"type":"Point","coordinates":[-77.8088890002664,34.8988889996485]},"properties":{"Plant_Name":"Lanier Solar","State":"North Carolina","PrimSource":"solar","Total_MW":4.9,"Install_MW":4.9,"City":"Beulaville","County":"Duplin","Utility_Na":"Cypress Creek Renewables","Longitude":-77.808889,"Latitude":34.898889}},{"type":"Feature","geometry":{"type":"Point","coordinates":[-77.9900000002928,35.4338890000917]},"properties":{"Plant_Name":"Highwater Solar I","State":"North Carolina","PrimSource":"solar","Total_MW":4.9,"Install_MW":4.9,"City":"Stoney Creek","County":"Wayne","Utility_Na":"Cypress Creek Renewables","Longitude":-77.99,"Latitude":35.433889}},{"type":"Feature","geometry":{"type":"Point","coordinates":[-77.9288890003096,34.6119439998035]},"properties":{"Plant_Name":"Bearford Solar II","State":"North Carolina","PrimSource":"solar","Total_MW":4.9,"Install_MW":4.9,"City":"Burgaw","County":"Pender","Utility_Na":"Bearford Solar II, LLC","Longitude":-77.928889,"Latitude":34.611944}},{"type":"Feature","geometry":{"type":"Point","coordinates":[-77.1098999998181,35.1607999998272]},"properties":{"Plant_Name":"Andrew Solar","State":"North Carolina","PrimSource":"solar","Total_MW":5,"Install_MW":5,"City":"New Bern","County":"Craven","Utility_Na":"Cypress Creek Renewables","Longitude":-77.1099,"Latitude":35.1608}},{"type":"Feature","geometry":{"type":"Point","coordinates":[-78.1398000001057,35.7998000001636]},"properties":{"Plant_Name":"Tracy Solar","State":"North Carolina","PrimSource":"solar","Total_MW":10,"Install_MW":10,"City":"Bailey","County":"Nash","Utility_Na":"Cypress Creek Renewables","Longitude":-78.1398,"Latitude":35.7998}},{"type":"Feature","geometry":{"type":"Point","coordinates":[-78.1921999999478,35.4870000002269]},"properties":{"Plant_Name":"Candace Solar","State":"North Carolina","PrimSource":"solar","Total_MW":5,"Install_MW":5,"City":"Princeton","County":"Johnston","Utility_Na":"Cypress Creek Renewables","Longitude":-78.1922,"Latitude":35.487}},{"type":"Feature","geometry":{"type":"Point","coordinates":[-78.1469439997263,36.1394439996505]},"properties":{"Plant_Name":"Sarah Solar","State":"North Carolina","PrimSource":"solar","Total_MW":5,"Install_MW":5,"City":"Louisburg","County":"Franklin","Utility_Na":"USF Surry, LLC","Longitude":-78.146944,"Latitude":36.139444}},{"type":"Feature","geometry":{"type":"Point","coordinates":[-78.3138889998118,35.4869440003376]},"properties":{"Plant_Name":"Nitro Solar","State":"North Carolina","PrimSource":"solar","Total_MW":5,"Install_MW":5,"City":"Smitfield","County":"Johnston","Utility_Na":"USF Surry, LLC","Longitude":-78.313889,"Latitude":35.486944}},{"type":"Feature","geometry":{"type":"Point","coordinates":[-78.3474999997664,36.248699999919]},"properties":{"Plant_Name":"Melinda Solar","State":"North Carolina","PrimSource":"solar","Total_MW":5,"Install_MW":5,"City":"Henderson","County":"Vance","Utility_Na":"Cypress Creek Renewables","Longitude":-78.3475,"Latitude":36.2487}},{"type":"Feature","geometry":{"type":"Point","coordinates":[-79.6213999995728,36.292200000291]},"properties":{"Plant_Name":"Jacob Solar","State":"North Carolina","PrimSource":"solar","Total_MW":5,"Install_MW":5,"City":"Reidsville","County":"Rockingham","Utility_Na":"Cypress Creek Renewables","Longitude":-79.6214,"Latitude":36.2922}},{"type":"Feature","geometry":{"type":"Point","coordinates":[-77.0742999995688,35.2167000001557]},"properties":{"Plant_Name":"Porter Solar","State":"North Carolina","PrimSource":"solar","Total_MW":5,"Install_MW":5,"City":"New Bern","County":"Craven","Utility_Na":"Cypress Creek Renewables","Longitude":-77.0743,"Latitude":35.2167}},{"type":"Feature","geometry":{"type":"Point","coordinates":[-77.970300000011,36.4319999998367]},"properties":{"Plant_Name":"Sun Devil Solar","State":"North Carolina","PrimSource":"solar","Total_MW":5,"Install_MW":5,"City":"Littleton","County":"Warren","Utility_Na":"Cypress Creek Renewables","Longitude":-77.9703,"Latitude":36.432}},{"type":"Feature","geometry":{"type":"Point","coordinates":[-78.8077999996573,35.0716999997213]},"properties":{"Plant_Name":"Quincy Solar","State":"North Carolina","PrimSource":"solar","Total_MW":4,"Install_MW":4,"City":"Fayetteville","County":"Cumberland","Utility_Na":"Cypress Creek Renewables","Longitude":-78.8078,"Latitude":35.0717}},{"type":"Feature","geometry":{"type":"Point","coordinates":[-78.152600000266,36.4338000000795]},"properties":{"Plant_Name":"Kenneth Solar","State":"North Carolina","PrimSource":"solar","Total_MW":3,"Install_MW":3,"City":"Warrenton","County":"Warren","Utility_Na":"Cypress Creek Renewables","Longitude":-78.1526,"Latitude":36.4338}},{"type":"Feature","geometry":{"type":"Point","coordinates":[-78.1822999995782,35.8918000001155]},"properties":{"Plant_Name":"Chei Solar","State":"North Carolina","PrimSource":"solar","Total_MW":5,"Install_MW":5,"City":"Middlesex","County":"Nash","Utility_Na":"Cypress Creek Renewables","Longitude":-78.1823,"Latitude":35.8918}},{"type":"Feature","geometry":{"type":"Point","coordinates":[-78.5206000001588,35.6633000003633]},"properties":{"Plant_Name":"Murdock Solar","State":"North Carolina","PrimSource":"solar","Total_MW":4,"Install_MW":4,"City":"Clayton","County":"Johnston","Utility_Na":"Cypress Creek Renewables","Longitude":-78.5206,"Latitude":35.6633}},{"type":"Feature","geometry":{"type":"Point","coordinates":[-79.5666999999896,36.2847000000211]},"properties":{"Plant_Name":"Husky Solar","State":"North Carolina","PrimSource":"solar","Total_MW":5,"Install_MW":5,"City":"Reidsville","County":"Rockingham","Utility_Na":"Cypress Creek Renewables","Longitude":-79.5667,"Latitude":36.2847}},{"type":"Feature","geometry":{"type":"Point","coordinates":[-81.6649999997064,35.1785000002404]},"properties":{"Plant_Name":"Beetle Solar","State":"North Carolina","PrimSource":"solar","Total_MW":4,"Install_MW":4,"City":"Mooresboro","County":"Cleveland","Utility_Na":"Cypress Creek Renewables","Longitude":-81.665,"Latitude":35.1785}},{"type":"Feature","geometry":{"type":"Point","coordinates":[-78.5108000002466,35.3964999997429]},"properties":{"Plant_Name":"Happy Solar","State":"North Carolina","PrimSource":"solar","Total_MW":4,"Install_MW":4,"City":"Four Oaks","County":"Johnston","Utility_Na":"Cypress Creek Renewables","Longitude":-78.5108,"Latitude":35.3965}},{"type":"Feature","geometry":{"type":"Point","coordinates":[-77.1269439998084,35.836943999746]},"properties":{"Plant_Name":"Meadows PV 1","State":"North Carolina","PrimSource":"solar","Total_MW":20,"Install_MW":20,"City":"Williamston","County":"Martin","Utility_Na":"Fresh Air Energy XVIII, LLC","Longitude":-77.126944,"Latitude":35.836944}},{"type":"Feature","geometry":{"type":"Point","coordinates":[-77.2705559997024,35.8066669999629]},"properties":{"Plant_Name":"Flat Meeks PV 1","State":"North Carolina","PrimSource":"solar","Total_MW":5,"Install_MW":5,"City":"Robersonville","County":"Martin","Utility_Na":"Ecoplexus, Inc","Longitude":-77.270556,"Latitude":35.806667}},{"type":"Feature","geometry":{"type":"Point","coordinates":[-77.1002780001812,36.4200000001736]},"properties":{"Plant_Name":"Benthall Bridge PV 1","State":"North Carolina","PrimSource":"solar","Total_MW":5,"Install_MW":5,"City":"Murfreesboro","County":"Hertford","Utility_Na":"Ecoplexus, Inc","Longitude":-77.100278,"Latitude":36.42}},{"type":"Feature","geometry":{"type":"Point","coordinates":[-77.6558330001124,36.4183329997049]},"properties":{"Plant_Name":"American Legion PV 1","State":"North Carolina","PrimSource":"solar","Total_MW":16,"Install_MW":16,"City":"Roanoke Rapids","County":"Halifax","Utility_Na":"Ecoplexus, Inc","Longitude":-77.655833,"Latitude":36.418333}},{"type":"Feature","geometry":{"type":"Point","coordinates":[-77.0602779995679,36.2702780002746]},"properties":{"Plant_Name":"Baker PV 1","State":"North Carolina","PrimSource":"solar","Total_MW":5,"Install_MW":5,"City":"Aulander","County":"Hertford","Utility_Na":"Ecoplexus, Inc","Longitude":-77.060278,"Latitude":36.270278}},{"type":"Feature","geometry":{"type":"Point","coordinates":[-75.8808329997356,36.2336109996657]},"properties":{"Plant_Name":"Grandy PV 1","State":"North Carolina","PrimSource":"solar","Total_MW":20,"Install_MW":20,"City":"Grandy","County":"Currituck","Utility_Na":"Ecoplexus, Inc","Longitude":-75.880833,"Latitude":36.233611}},{"type":"Feature","geometry":{"type":"Point","coordinates":[-81.1341670002118,35.7116669997664]},"properties":{"Plant_Name":"Old Catawba PV 1","State":"North Carolina","PrimSource":"solar","Total_MW":3.5,"Install_MW":3.5,"City":"Claremont","County":"Catawba","Utility_Na":"Ecoplexus, Inc","Longitude":-81.134167,"Latitude":35.711667}},{"type":"Feature","geometry":{"type":"Point","coordinates":[-79.5213890004148,36.1191669996782]},"properties":{"Plant_Name":"Manning PV 1","State":"North Carolina","PrimSource":"solar","Total_MW":5,"Install_MW":5,"City":"Elon","County":"Alamance","Utility_Na":"Ecoplexus, Inc","Longitude":-79.521389,"Latitude":36.119167}},{"type":"Feature","geometry":{"type":"Point","coordinates":[-79.8041669998081,35.5388890000348]},"properties":{"Plant_Name":"Little River PV 1","State":"North Carolina","PrimSource":"solar","Total_MW":5,"Install_MW":5,"City":"Randolph","County":"Randolph","Utility_Na":"Ecoplexus, Inc","Longitude":-79.804167,"Latitude":35.538889}},{"type":"Feature","geometry":{"type":"Point","coordinates":[-77.7344440001955,36.1272219996555]},"properties":{"Plant_Name":"Whitakers","State":"North Carolina","PrimSource":"solar","Total_MW":12,"Install_MW":12,"City":"Whitakers","County":"Nash","Utility_Na":"Duke Energy Renewables Services","Longitude":-77.734444,"Latitude":36.127222}},{"type":"Feature","geometry":{"type":"Point","coordinates":[-77.2119439996519,36.1480559999625]},"properties":{"Plant_Name":"Kelford","State":"North Carolina","PrimSource":"solar","Total_MW":20,"Install_MW":20,"City":"Lewiston Woodville","County":"Bertie","Utility_Na":"Duke Energy Renewables Services","Longitude":-77.211944,"Latitude":36.148056}},{"type":"Feature","geometry":{"type":"Point","coordinates":[-76.3061109996855,36.2647219999115]},"properties":{"Plant_Name":"Pasquotank","State":"North Carolina","PrimSource":"solar","Total_MW":20,"Install_MW":20,"City":"Elizabeth City","County":"Pasquotank","Utility_Na":"Duke Energy Renewables Services","Longitude":-76.306111,"Latitude":36.264722}},{"type":"Feature","geometry":{"type":"Point","coordinates":[-78.1922219996892,35.5044439998468]},"properties":{"Plant_Name":"Princeton","State":"North Carolina","PrimSource":"solar","Total_MW":5,"Install_MW":5,"City":"Princeton","County":"Johnston","Utility_Na":"USF Surry, LLC","Longitude":-78.192222,"Latitude":35.504444}},{"type":"Feature","geometry":{"type":"Point","coordinates":[-78.4116670000743,35.4325000001925]},"properties":{"Plant_Name":"4Oaks","State":"North Carolina","PrimSource":"solar","Total_MW":5,"Install_MW":5,"City":"Four Oaks","County":"Johnston","Utility_Na":"USF Surry, LLC","Longitude":-78.411667,"Latitude":35.4325}},{"type":"Feature","geometry":{"type":"Point","coordinates":[-82.5750000004081,31.8102780003295]},"properties":{"Plant_Name":"SR Hazlehurst","State":"Georgia","PrimSource":"solar","Total_MW":20,"Install_MW":20,"City":"Hazlehurst","County":"Jeff Davis","Utility_Na":"SR Hazlehurst, LLC","Longitude":-82.575,"Latitude":31.810278}},{"type":"Feature","geometry":{"type":"Point","coordinates":[-82.7102779997296,35.6575000000965]},"properties":{"Plant_Name":"Innovative Solar 6","State":"North Carolina","PrimSource":"solar","Total_MW":3.6,"Install_MW":3.6,"City":"Leicester","County":"Buncombe","Utility_Na":"Cypress Creek Renewables","Longitude":-82.710278,"Latitude":35.6575}},{"type":"Feature","geometry":{"type":"Point","coordinates":[-76.379444000419,35.8988889999899]},"properties":{"Plant_Name":"Creswell Alligood Solar, LLC","State":"North Carolina","PrimSource":"solar","Total_MW":14,"Install_MW":14,"City":"Creswell","County":"Washington","Utility_Na":"Duke Energy Renewables Services","Longitude":-76.379444,"Latitude":35.898889}},{"type":"Feature","geometry":{"type":"Point","coordinates":[-77.1113889996224,35.8472219998074]},"properties":{"Plant_Name":"Everetts Wildcat Solar, LLC","State":"North Carolina","PrimSource":"solar","Total_MW":5,"Install_MW":5,"City":"Williamston","County":"Martin","Utility_Na":"Duke Energy Renewables Services","Longitude":-77.111389,"Latitude":35.847222}},{"type":"Feature","geometry":{"type":"Point","coordinates":[-78.9399999998112,34.5819439996725]},"properties":{"Plant_Name":"FLS Solar 200, LLC","State":"North Carolina","PrimSource":"solar","Total_MW":4.3,"Install_MW":4.3,"City":"Lumberton","County":"Robeson","Utility_Na":"AES Distributed Energy","Longitude":-78.94,"Latitude":34.581944}},{"type":"Feature","geometry":{"type":"Point","coordinates":[-78.9699999995974,34.60000000035]},"properties":{"Plant_Name":"FLS Solar 170, LLC","State":"North Carolina","PrimSource":"solar","Total_MW":2,"Install_MW":2,"City":"Lumberton","County":"Robeson","Utility_Na":"AES Distributed Energy","Longitude":-78.97,"Latitude":34.6}},{"type":"Feature","geometry":{"type":"Point","coordinates":[-82.3574999999369,35.3688889998125]},"properties":{"Plant_Name":"Innovative Solar 14, LLC","State":"North Carolina","PrimSource":"solar","Total_MW":1.5,"Install_MW":2,"City":"Hendersonville","County":"Henderson","Utility_Na":"AES Distributed Energy","Longitude":-82.3575,"Latitude":35.368889}},{"type":"Feature","geometry":{"type":"Point","coordinates":[-81.764167000214,35.3194439998179]},"properties":{"Plant_Name":"Innovative Solar 15, LLC","State":"North Carolina","PrimSource":"solar","Total_MW":1.5,"Install_MW":2,"City":"Ellenboro","County":"Rutherford","Utility_Na":"AES Distributed Energy","Longitude":-81.764167,"Latitude":35.319444}},{"type":"Feature","geometry":{"type":"Point","coordinates":[-84.9319440003339,34.7180560001982]},"properties":{"Plant_Name":"Dalton 2","State":"Georgia","PrimSource":"solar","Total_MW":6.5,"Install_MW":6.5,"City":"Dalton","County":"Murray","Utility_Na":"Georgia Power Co","Longitude":-84.931944,"Latitude":34.718056}},{"type":"Feature","geometry":{"type":"Point","coordinates":[-77.5524999995926,35.2308329997048]},"properties":{"Plant_Name":"Crockett Farm","State":"North Carolina","PrimSource":"solar","Total_MW":5,"Install_MW":5,"City":"Kinston","County":"Lenoir","Utility_Na":"Strata Manager, LLC","Longitude":-77.5525,"Latitude":35.230833}},{"type":"Feature","geometry":{"type":"Point","coordinates":[-79.4630560000235,34.7422219996996]},"properties":{"Plant_Name":"Eastover Farm","State":"North Carolina","PrimSource":"solar","Total_MW":5,"Install_MW":5,"City":"Laurinburg","County":"Scotland","Utility_Na":"Strata Manager, LLC","Longitude":-79.463056,"Latitude":34.742222}},{"type":"Feature","geometry":{"type":"Point","coordinates":[-79.5519440000448,35.2205559996926]},"properties":{"Plant_Name":"Foxfire Solar Farm","State":"North Carolina","PrimSource":"solar","Total_MW":5,"Install_MW":5,"City":"West End","County":"Moore","Utility_Na":"Strata Manager, LLC","Longitude":-79.551944,"Latitude":35.220556}},{"type":"Feature","geometry":{"type":"Point","coordinates":[-81.5158329995551,35.2608329998172]},"properties":{"Plant_Name":"Hutchinson Farm","State":"North Carolina","PrimSource":"solar","Total_MW":5,"Install_MW":5,"City":"Shelby","County":"Cleveland","Utility_Na":"Strata Manager, LLC","Longitude":-81.515833,"Latitude":35.260833}},{"type":"Feature","geometry":{"type":"Point","coordinates":[-78.3999830003476,35.4266669997982]},"properties":{"Plant_Name":"Keen Farm","State":"North Carolina","PrimSource":"solar","Total_MW":5,"Install_MW":5,"City":"Four Oaks","County":"Johnston","Utility_Na":"Strata Manager, LLC","Longitude":-78.399983,"Latitude":35.426667}},{"type":"Feature","geometry":{"type":"Point","coordinates":[-80.7988889996206,36.1261109996512]},"properties":{"Plant_Name":"Ashley Solar Farm","State":"North Carolina","PrimSource":"solar","Total_MW":4,"Install_MW":4,"City":"Hamptonville","County":"Yadkin","Utility_Na":"Ashley Solar Farm, LLC","Longitude":-80.798889,"Latitude":36.126111}},{"type":"Feature","geometry":{"type":"Point","coordinates":[-77.9241669997304,34.6099999999857]},"properties":{"Plant_Name":"Bearford Farm Solar Project","State":"North Carolina","PrimSource":"solar","Total_MW":5,"Install_MW":5,"City":"Willard","County":"Pender","Utility_Na":"Strata Manager, LLC","Longitude":-77.924167,"Latitude":34.61}},{"type":"Feature","geometry":{"type":"Point","coordinates":[-79.3836110004374,34.3980560002313]},"properties":{"Plant_Name":"Whitetail Solar","State":"South Carolina","PrimSource":"solar","Total_MW":10,"Install_MW":10,"City":"Dillon","County":"Dillon","Utility_Na":"SolRiver Capital LLC","Longitude":-79.383611,"Latitude":34.398056}},{"type":"Feature","geometry":{"type":"Point","coordinates":[-80.5744439997203,35.8338890000481]},"properties":{"Plant_Name":"Mocksville Solar","State":"North Carolina","PrimSource":"solar","Total_MW":15.4,"Install_MW":15.4,"City":"Mocksville","County":"Davie","Utility_Na":"Duke Energy Carolinas, LLC","Longitude":-80.574444,"Latitude":35.833889}},{"type":"Feature","geometry":{"type":"Point","coordinates":[-78.4294440001836,34.7458330000462]},"properties":{"Plant_Name":"Manway Solar Farm","State":"North Carolina","PrimSource":"solar","Total_MW":5,"Install_MW":5,"City":"Garland","County":"Bladen","Utility_Na":"Strata Manager, LLC","Longitude":-78.429444,"Latitude":34.745833}},{"type":"Feature","geometry":{"type":"Point","coordinates":[-79.771084999758,35.8177099997326]},"properties":{"Plant_Name":"Millikan Farm","State":"North Carolina","PrimSource":"solar","Total_MW":5,"Install_MW":5,"City":"Randleman","County":"Randolph","Utility_Na":"Cypress Creek Renewables","Longitude":-79.771085,"Latitude":35.81771}},{"type":"Feature","geometry":{"type":"Point","coordinates":[-80.2936110002408,35.468611000249]},"properties":{"Plant_Name":"Misenheimer Farm","State":"North Carolina","PrimSource":"solar","Total_MW":5,"Install_MW":5,"City":"Richfield","County":"Stanly","Utility_Na":"Strata Manager, LLC","Longitude":-80.293611,"Latitude":35.468611}},{"type":"Feature","geometry":{"type":"Point","coordinates":[-80.6019439997489,34.9719440002927]},"properties":{"Plant_Name":"Monroe Moore Farm","State":"North Carolina","PrimSource":"solar","Total_MW":5,"Install_MW":5,"City":"Monroe","County":"Union","Utility_Na":"Heelstone Energy Holdings, LLC","Longitude":-80.601944,"Latitude":34.971944}},{"type":"Feature","geometry":{"type":"Point","coordinates":[-78.1524999998086,36.1269439997149]},"properties":{"Plant_Name":"Franklin Solar 2","State":"North Carolina","PrimSource":"solar","Total_MW":2,"Install_MW":2,"City":"Louisburg","County":"Franklin","Utility_Na":"Strata Manager, LLC","Longitude":-78.1525,"Latitude":36.126944}},{"type":"Feature","geometry":{"type":"Point","coordinates":[-79.1997219999207,36.0791670002885]},"properties":{"Plant_Name":"Stout Farm","State":"North Carolina","PrimSource":"solar","Total_MW":5,"Install_MW":5,"City":"Mebane","County":"Orange","Utility_Na":"Strata Manager, LLC","Longitude":-79.199722,"Latitude":36.079167}},{"type":"Feature","geometry":{"type":"Point","coordinates":[-78.6811110002782,35.2044440000469]},"properties":{"Plant_Name":"Tart Farm","State":"North Carolina","PrimSource":"solar","Total_MW":5,"Install_MW":5,"City":"Godwin","County":"Cumberland","Utility_Na":"Strata Manager, LLC","Longitude":-78.681111,"Latitude":35.204444}},{"type":"Feature","geometry":{"type":"Point","coordinates":[-78.2911289999057,35.511697999869]},"properties":{"Plant_Name":"Wellons Farm","State":"North Carolina","PrimSource":"solar","Total_MW":5,"Install_MW":5,"City":"Smithfield","County":"Johnston","Utility_Na":"Wellons Farm, LLC","Longitude":-78.291129,"Latitude":35.511698}},{"type":"Feature","geometry":{"type":"Point","coordinates":[-77.8536109996622,35.0583330002571]},"properties":{"Plant_Name":"Woodland Church Farm","State":"North Carolina","PrimSource":"solar","Total_MW":5,"Install_MW":5,"City":"Albertson","County":"Duplin","Utility_Na":"Strata Manager, LLC","Longitude":-77.853611,"Latitude":35.058333}},{"type":"Feature","geometry":{"type":"Point","coordinates":[-80.6972220002537,36.1991670002466]},"properties":{"Plant_Name":"Yadkin 601 Farm","State":"North Carolina","PrimSource":"solar","Total_MW":3,"Install_MW":3,"City":"Yadkinville","County":"Yadkin","Utility_Na":"Yadkin 601 Farm, LLC","Longitude":-80.697222,"Latitude":36.199167}},{"type":"Feature","geometry":{"type":"Point","coordinates":[-81.8305560004451,35.2577779996997]},"properties":{"Plant_Name":"Rutherford Farm","State":"North Carolina","PrimSource":"solar","Total_MW":74.8,"Install_MW":74.8,"City":"Forest City","County":"Rutherford","Utility_Na":"Southern Power Co","Longitude":-81.830556,"Latitude":35.257778}},{"type":"Feature","geometry":{"type":"Point","coordinates":[-77.5663890004224,36.4355560000268]},"properties":{"Plant_Name":"Schell Solar Farm","State":"North Carolina","PrimSource":"solar","Total_MW":5,"Install_MW":5,"City":"Garysburg","County":"Northampton","Utility_Na":"Heelstone Energy Holdings, LLC","Longitude":-77.566389,"Latitude":36.435556}},{"type":"Feature","geometry":{"type":"Point","coordinates":[-79.3216669998777,35.243889000098]},"properties":{"Plant_Name":"Sedberry Farm","State":"North Carolina","PrimSource":"solar","Total_MW":5,"Install_MW":5,"City":"Carthage","County":"Moore","Utility_Na":"Heelstone Energy Holdings, LLC","Longitude":-79.321667,"Latitude":35.243889}},{"type":"Feature","geometry":{"type":"Point","coordinates":[-78.4152780002427,36.3711109999963]},"properties":{"Plant_Name":"Spring Valley Farm 2, LLC","State":"North Carolina","PrimSource":"solar","Total_MW":5,"Install_MW":5,"City":"Henderson","County":"Vance","Utility_Na":"Strata Manager, LLC","Longitude":-78.415278,"Latitude":36.371111}},{"type":"Feature","geometry":{"type":"Point","coordinates":[-81.1061109996162,35.9022220002955]},"properties":{"Plant_Name":"Stikeleather Farm","State":"North Carolina","PrimSource":"solar","Total_MW":5,"Install_MW":5,"City":"Hiddenite","County":"Alexander","Utility_Na":"Stikeleather Farm, LLC","Longitude":-81.106111,"Latitude":35.902222}},{"type":"Feature","geometry":{"type":"Point","coordinates":[-79.0488890004132,34.4969439998677]},"properties":{"Plant_Name":"Walters Solar (FLS 260)","State":"North Carolina","PrimSource":"solar","Total_MW":5,"Install_MW":5,"City":"Orrum","County":"Robeson","Utility_Na":"Cypress Creek Renewables","Longitude":-79.048889,"Latitude":34.496944}},{"type":"Feature","geometry":{"type":"Point","coordinates":[-78.4597219998041,36.4147220002192]},"properties":{"Plant_Name":"Stagecoach Solar","State":"North Carolina","PrimSource":"solar","Total_MW":5,"Install_MW":5,"City":"Henderson","County":"Vance","Utility_Na":"Cypress Creek Renewables","Longitude":-78.459722,"Latitude":36.414722}},{"type":"Feature","geometry":{"type":"Point","coordinates":[-78.3430559999199,36.3249999996654]},"properties":{"Plant_Name":"Vicksburg Solar","State":"North Carolina","PrimSource":"solar","Total_MW":5,"Install_MW":5,"City":"Henderson","County":"Vance","Utility_Na":"Cypress Creek Renewables","Longitude":-78.343056,"Latitude":36.325}},{"type":"Feature","geometry":{"type":"Point","coordinates":[-78.2500000002367,36.2500000000202]},"properties":{"Plant_Name":"Soul City Solar","State":"North Carolina","PrimSource":"solar","Total_MW":3.5,"Install_MW":3.5,"City":"Norlina","County":"Warren","Utility_Na":"Cypress Creek Renewables","Longitude":-78.25,"Latitude":36.25}},{"type":"Feature","geometry":{"type":"Point","coordinates":[-82.0174999996648,28.0663890000572]},"properties":{"Plant_Name":"LKL BLBD, LLC","State":"Florida","PrimSource":"solar","Total_MW":6,"Install_MW":6,"City":"Lakeland","County":"Polk","Utility_Na":"LKL BLBD, LLC","Longitude":-82.0175,"Latitude":28.066389}},{"type":"Feature","geometry":{"type":"Point","coordinates":[-79.5913889999159,38.4213890003412]},"properties":{"Plant_Name":"Monterey Diesel Generation Facility","State":"Virginia","PrimSource":"petroleum","Total_MW":6,"Install_MW":6,"City":"Monterey","County":"Highland","Utility_Na":"Old Dominion Electric Coop","Longitude":-79.591389,"Latitude":38.421389}},{"type":"Feature","geometry":{"type":"Point","coordinates":[-77.5919999997154,36.4679999998865]},"properties":{"Plant_Name":"Garysburg Solar","State":"North Carolina","PrimSource":"solar","Total_MW":5,"Install_MW":5,"City":"Garysburg","County":"Northampton","Utility_Na":"Duke Energy Renewables Services","Longitude":-77.592,"Latitude":36.468}},{"type":"Feature","geometry":{"type":"Point","coordinates":[-77.6561109999467,36.5147220001701]},"properties":{"Plant_Name":"Gaston Solar","State":"North Carolina","PrimSource":"solar","Total_MW":5,"Install_MW":5,"City":"Gaston","County":"Northampton","Utility_Na":"Duke Energy Renewables Services","Longitude":-77.656111,"Latitude":36.514722}},{"type":"Feature","geometry":{"type":"Point","coordinates":[-77.4677779995835,36.4769440000233]},"properties":{"Plant_Name":"Seaboard Solar LLC","State":"North Carolina","PrimSource":"solar","Total_MW":5,"Install_MW":5,"City":"Seaboard","County":"Northampton","Utility_Na":"Duke Energy Renewables Services","Longitude":-77.467778,"Latitude":36.476944}},{"type":"Feature","geometry":{"type":"Point","coordinates":[-78.0969440000826,35.181111000027]},"properties":{"Plant_Name":"Mt Olive Solar 1","State":"North Carolina","PrimSource":"solar","Total_MW":5,"Install_MW":5,"City":"Mt. Olive","County":"Wayne","Utility_Na":"Cypress Creek Renewables","Longitude":-78.096944,"Latitude":35.181111}},{"type":"Feature","geometry":{"type":"Point","coordinates":[-77.8219439997965,35.0161109999517]},"properties":{"Plant_Name":"FLS Solar 230 (Warren)","State":"North Carolina","PrimSource":"solar","Total_MW":4.8,"Install_MW":4.8,"City":"Albertson","County":"Duplin","Utility_Na":"Cypress Creek Renewables","Longitude":-77.821944,"Latitude":35.016111}},{"type":"Feature","geometry":{"type":"Point","coordinates":[-77.4991669996149,35.8580559999677]},"properties":{"Plant_Name":"Tarboro Solar","State":"North Carolina","PrimSource":"solar","Total_MW":5,"Install_MW":5,"City":"Tarboro","County":"Edgecombe","Utility_Na":"Duke Energy Renewables Services","Longitude":-77.499167,"Latitude":35.858056}},{"type":"Feature","geometry":{"type":"Point","coordinates":[-83.2638889995719,33.9255560002259]},"properties":{"Plant_Name":"CII Methane Management III LFG Plant","State":"Georgia","PrimSource":"biomass","Total_MW":1.6,"Install_MW":1.6,"City":"Winterville","County":"Clarke","Utility_Na":"Frontier Operation Services","Longitude":-83.263889,"Latitude":33.925556}},{"type":"Feature","geometry":{"type":"Point","coordinates":[-78.6261110002209,36.3669439996954]},"properties":{"Plant_Name":"Cornwall Solar Center, LLC","State":"North Carolina","PrimSource":"solar","Total_MW":5,"Install_MW":5,"City":"Oxford","County":"Granville","Utility_Na":"SRE Utility Solar 1, LLC","Longitude":-78.626111,"Latitude":36.366944}},{"type":"Feature","geometry":{"type":"Point","coordinates":[-79.9438889998744,34.8382970002435]},"properties":{"Plant_Name":"Innovative Solar 37 LLC","State":"North Carolina","PrimSource":"solar","Total_MW":97.5,"Install_MW":100,"City":"Morven","County":"Anson","Utility_Na":"Dominion Renewable Energy","Longitude":-79.943889,"Latitude":34.838297}},{"type":"Feature","geometry":{"type":"Point","coordinates":[-79.3324469997811,34.801933000352]},"properties":{"Plant_Name":"Innovative Solar 47","State":"North Carolina","PrimSource":"solar","Total_MW":33.8,"Install_MW":33.8,"City":"Maxton","County":"Robeson","Utility_Na":"MN8 Energy LLC","Longitude":-79.332447,"Latitude":34.801933}},{"type":"Feature","geometry":{"type":"Point","coordinates":[-79.3023499999105,34.7116279998989]},"properties":{"Plant_Name":"Innovative Solar 48","State":"North Carolina","PrimSource":"solar","Total_MW":4.9,"Install_MW":4.9,"City":"Maxton","County":"Robeson","Utility_Na":"Cypress Creek Renewables","Longitude":-79.30235,"Latitude":34.711628}},{"type":"Feature","geometry":{"type":"Point","coordinates":[-77.7124080001876,35.2136970000622]},"properties":{"Plant_Name":"Innovative Solar 54","State":"North Carolina","PrimSource":"solar","Total_MW":50,"Install_MW":50,"City":"Kinston","County":"Lenoir","Utility_Na":"John Laing US Solar Corp.","Longitude":-77.712408,"Latitude":35.213697}},{"type":"Feature","geometry":{"type":"Point","coordinates":[-81.4190190002887,35.2598249997643]},"properties":{"Plant_Name":"Innovative Solar 23","State":"North Carolina","PrimSource":"solar","Total_MW":1.9,"Install_MW":1.9,"City":"Kings Mountain","County":"Cleveland","Utility_Na":"SRE Utility Solar 1, LLC","Longitude":-81.419019,"Latitude":35.259825}},{"type":"Feature","geometry":{"type":"Point","coordinates":[-78.9435499998802,34.9181940000376]},"properties":{"Plant_Name":"Innovative Solar 46","State":"North Carolina","PrimSource":"solar","Total_MW":78.5,"Install_MW":78.5,"City":"Hope Mills","County":"Cumberland","Utility_Na":"Cypress Creek Renewables","Longitude":-78.94355,"Latitude":34.918194}},{"type":"Feature","geometry":{"type":"Point","coordinates":[-79.1039100003868,34.857349999668]},"properties":{"Plant_Name":"Innovative Solar 44","State":"North Carolina","PrimSource":"solar","Total_MW":4.9,"Install_MW":4.9,"City":"Shannon","County":"Robeson","Utility_Na":"Cypress Creek Renewables","Longitude":-79.10391,"Latitude":34.85735}},{"type":"Feature","geometry":{"type":"Point","coordinates":[-79.2168100002919,34.6964799998451]},"properties":{"Plant_Name":"Innovative Solar 55","State":"North Carolina","PrimSource":"solar","Total_MW":6.5,"Install_MW":6.5,"City":"Pembroke","County":"Robeson","Utility_Na":"Cypress Creek Renewables","Longitude":-79.21681,"Latitude":34.69648}},{"type":"Feature","geometry":{"type":"Point","coordinates":[-78.3296749999765,35.0410480000048]},"properties":{"Plant_Name":"Innovative Solar 64","State":"North Carolina","PrimSource":"solar","Total_MW":4.9,"Install_MW":4.9,"City":"Clinton","County":"Sampson","Utility_Na":"Cypress Creek Renewables","Longitude":-78.329675,"Latitude":35.041048}},{"type":"Feature","geometry":{"type":"Point","coordinates":[-78.0053770002036,34.6233089996819]},"properties":{"Plant_Name":"Innovative Solar 67","State":"North Carolina","PrimSource":"solar","Total_MW":33.3,"Install_MW":33.3,"City":"Willard","County":"Pender","Utility_Na":"John Laing US Solar Corp.","Longitude":-78.005377,"Latitude":34.623309}},{"type":"Feature","geometry":{"type":"Point","coordinates":[-77.7763889998243,38.5483330002061]},"properties":{"Plant_Name":"Remington Solar Facility","State":"Virginia","PrimSource":"solar","Total_MW":20,"Install_MW":20,"City":"Remington","County":"Fauquier","Utility_Na":"Virginia Electric & Power Co","Longitude":-77.776389,"Latitude":38.548333}},{"type":"Feature","geometry":{"type":"Point","coordinates":[-82.3870000001309,27.2029999998816]},"properties":{"Plant_Name":"Sarasota County LFGTE Facility","State":"Florida","PrimSource":"biomass","Total_MW":6.4,"Install_MW":6.4,"City":"Nokomis","County":"Sarasota","Utility_Na":"Landfill Energy Systems Florida","Longitude":-82.387,"Latitude":27.203}},{"type":"Feature","geometry":{"type":"Point","coordinates":[-86.518407000133,30.5154479997296]},"properties":{"Plant_Name":"Gulf Coast Solar Center I","State":"Florida","PrimSource":"solar","Total_MW":30,"Install_MW":30,"City":"Valparaiso","County":"Okaloosa","Utility_Na":"Arevon Energy, Inc.","Longitude":-86.518407,"Latitude":30.515448}},{"type":"Feature","geometry":{"type":"Point","coordinates":[-86.8952040003806,30.4307659999646]},"properties":{"Plant_Name":"Gulf Coast Solar Center II","State":"Florida","PrimSource":"solar","Total_MW":40,"Install_MW":40,"City":"Navarre","County":"Santa Rosa","Utility_Na":"Arevon Energy, Inc.","Longitude":-86.895204,"Latitude":30.430766}},{"type":"Feature","geometry":{"type":"Point","coordinates":[-87.3351930000694,30.4703510002415]},"properties":{"Plant_Name":"Gulf Coast Solar Center III","State":"Florida","PrimSource":"solar","Total_MW":50,"Install_MW":50,"City":"Bellview","County":"Escambia","Utility_Na":"Arevon Energy, Inc.","Longitude":-87.335193,"Latitude":30.470351}},{"type":"Feature","geometry":{"type":"Point","coordinates":[-75.4916000002741,36.8915500000065]},"properties":{"Plant_Name":"Coastal Virginia Offshore Wind (CVOW) Pi","State":"Virginia","PrimSource":"wind","Total_MW":12,"Install_MW":12,"City":"Virginia Beach","County":"Virginia Beach","Utility_Na":"Virginia Electric & Power Co","Longitude":-75.4916,"Latitude":36.89155}},{"type":"Feature","geometry":{"type":"Point","coordinates":[-78.0121219996161,34.7911629999477]},"properties":{"Plant_Name":"Aspen Solar, LLC","State":"North Carolina","PrimSource":"solar","Total_MW":4.9,"Install_MW":5,"City":"Rose Hill","County":"Duplin","Utility_Na":"SRE Utility Solar 1, LLC","Longitude":-78.012122,"Latitude":34.791163}},{"type":"Feature","geometry":{"type":"Point","coordinates":[-78.5985070004352,36.3725460001294]},"properties":{"Plant_Name":"BRE","State":"North Carolina","PrimSource":"solar","Total_MW":4.9,"Install_MW":5,"City":"Oxford","County":"Granville","Utility_Na":"SRE Utility Solar 1, LLC","Longitude":-78.598507,"Latitude":36.372546}},{"type":"Feature","geometry":{"type":"Point","coordinates":[-78.3538400000213,36.0811300000505]},"properties":{"Plant_Name":"Franklinton Solar","State":"North Carolina","PrimSource":"solar","Total_MW":5,"Install_MW":5,"City":"Franklinton","County":"Franklin","Utility_Na":"Cypress Creek Renewables","Longitude":-78.35384,"Latitude":36.08113}},{"type":"Feature","geometry":{"type":"Point","coordinates":[-85.8661030003344,34.3438750000337]},"properties":{"Plant_Name":"Sand Valley Power Station","State":"Alabama","PrimSource":"biomass","Total_MW":4.8,"Install_MW":4.8,"City":"Collinsville","County":"Dekalb","Utility_Na":"Energy Developments, Inc d/b/a EDL","Longitude":-85.866103,"Latitude":34.343875}},{"type":"Feature","geometry":{"type":"Point","coordinates":[-78.4337940003188,35.5119030002487]},"properties":{"Plant_Name":"CII Methane Management IV, LLC","State":"North Carolina","PrimSource":"biomass","Total_MW":1.5,"Install_MW":1.6,"City":"Smithfield","County":"Johnston","Utility_Na":"Frontier Operation Services","Longitude":-78.433794,"Latitude":35.511903}},{"type":"Feature","geometry":{"type":"Point","coordinates":[-80.8702720004174,33.4897669997753]},"properties":{"Plant_Name":"Bull Street Plant","State":"South Carolina","PrimSource":"natural gas","Total_MW":2,"Install_MW":2,"City":"Orangeburg","County":"Orangeburg","Utility_Na":"City of Orangeburg - (SC)","Longitude":-80.870272,"Latitude":33.489767}},{"type":"Feature","geometry":{"type":"Point","coordinates":[-80.8417000003361,33.440182999828]},"properties":{"Plant_Name":"Substation 20 Plant","State":"South Carolina","PrimSource":"natural gas","Total_MW":2,"Install_MW":2,"City":"Orangeburg","County":"Orangeburg","Utility_Na":"City of Orangeburg - (SC)","Longitude":-80.8417,"Latitude":33.440183}},{"type":"Feature","geometry":{"type":"Point","coordinates":[-82.0472950003099,27.9885230002237]},"properties":{"Plant_Name":"Lakeland Electric Co. (FL)-Airport 1","State":"Florida","PrimSource":"solar","Total_MW":2.3,"Install_MW":2.3,"City":"Lakeland","County":"Polk","Utility_Na":"SunE W12DG-B, LLC","Longitude":-82.047295,"Latitude":27.988523}},{"type":"Feature","geometry":{"type":"Point","coordinates":[-82.0473029998075,27.9911439996942]},"properties":{"Plant_Name":"Lakeland Electric Co. (FL) - Airport II","State":"Florida","PrimSource":"solar","Total_MW":3.5,"Install_MW":3.5,"City":"Lakeland","County":"Polk","Utility_Na":"Sun E N7 Holdings LLC","Longitude":-82.047303,"Latitude":27.991144}},{"type":"Feature","geometry":{"type":"Point","coordinates":[-78.1411049997869,36.404381999694]},"properties":{"Plant_Name":"Red Hill Solar Center, LLC","State":"North Carolina","PrimSource":"solar","Total_MW":4.9,"Install_MW":5,"City":"Warrenton","County":"Warren","Utility_Na":"SRE Utility Solar 1, LLC","Longitude":-78.141105,"Latitude":36.404382}},{"type":"Feature","geometry":{"type":"Point","coordinates":[-77.8805170003873,35.7769920003343]},"properties":{"Plant_Name":"Van Slyke Solar Center, LLC","State":"North Carolina","PrimSource":"solar","Total_MW":4.9,"Install_MW":5,"City":"Elm City","County":"Wilson","Utility_Na":"SRE Utility Solar 1, LLC","Longitude":-77.880517,"Latitude":35.776992}},{"type":"Feature","geometry":{"type":"Point","coordinates":[-78.8314330003228,34.3092609996503]},"properties":{"Plant_Name":"Broadway Solar Center, LLC","State":"North Carolina","PrimSource":"solar","Total_MW":4.9,"Install_MW":5,"City":"Chadbourn","County":"Columbus","Utility_Na":"SRE Utility Solar 1, LLC","Longitude":-78.831433,"Latitude":34.309261}},{"type":"Feature","geometry":{"type":"Point","coordinates":[-78.9087999999257,34.7909999998297]},"properties":{"Plant_Name":"Robeson County LFG to Energy","State":"North Carolina","PrimSource":"biomass","Total_MW":2,"Install_MW":2,"City":"St. Pauls","County":"Robeson","Utility_Na":"Robeson County Landfill","Longitude":-78.9088,"Latitude":34.791}},{"type":"Feature","geometry":{"type":"Point","coordinates":[-82.5328160004048,27.9657969997448]},"properties":{"Plant_Name":"TIA Solar","State":"Florida","PrimSource":"solar","Total_MW":1.6,"Install_MW":1.6,"City":"Tampa","County":"Hillsborough","Utility_Na":"Tampa Electric Co","Longitude":-82.532816,"Latitude":27.965797}},{"type":"Feature","geometry":{"type":"Point","coordinates":[-79.636372000326,35.1485030002154]},"properties":{"Plant_Name":"Eden Solar LLC","State":"North Carolina","PrimSource":"solar","Total_MW":47.7,"Install_MW":47.7,"City":"Ellerbe","County":"Richmond","Utility_Na":"AES Distributed Energy","Longitude":-79.636372,"Latitude":35.148503}},{"type":"Feature","geometry":{"type":"Point","coordinates":[-76.9931379996744,36.3063689998983]},"properties":{"Plant_Name":"Ahoskie","State":"North Carolina","PrimSource":"solar","Total_MW":5,"Install_MW":5,"City":"Ahoskie","County":"Hertford","Utility_Na":"Altus Power America Management, LLC","Longitude":-76.993138,"Latitude":36.306369}},{"type":"Feature","geometry":{"type":"Point","coordinates":[-77.2185020003649,36.1542270002417]},"properties":{"Plant_Name":"Kelford","State":"North Carolina","PrimSource":"solar","Total_MW":4.7,"Install_MW":5,"City":"Kelford","County":"Bertie","Utility_Na":"Cypress Creek Renewables","Longitude":-77.218502,"Latitude":36.154227}},{"type":"Feature","geometry":{"type":"Point","coordinates":[-82.3775039999923,36.3096090002794]},"properties":{"Plant_Name":"Mountain Home Energy Center","State":"Tennessee","PrimSource":"petroleum","Total_MW":6.8,"Install_MW":6.8,"City":"Mountain Home","County":"Washington","Utility_Na":"Energy Systems Group LLC","Longitude":-82.377504,"Latitude":36.309609}},{"type":"Feature","geometry":{"type":"Point","coordinates":[-80.6636410004364,35.4442349996485]},"properties":{"Plant_Name":"Concord Farm","State":"North Carolina","PrimSource":"solar","Total_MW":4.9,"Install_MW":4.5,"City":"Concord","County":"Cabarrus","Utility_Na":"Shoe Show, Inc.","Longitude":-80.663641,"Latitude":35.444235}},{"type":"Feature","geometry":{"type":"Point","coordinates":[-79.1811110003084,35.4583329999411]},"properties":{"Plant_Name":"Sweetgum Solar","State":"North Carolina","PrimSource":"solar","Total_MW":4.9,"Install_MW":5,"City":"Sanford","County":"Lee","Utility_Na":"SRE Utility Solar 1, LLC","Longitude":-79.181111,"Latitude":35.458333}},{"type":"Feature","geometry":{"type":"Point","coordinates":[-78.3079999996437,36.0570000002067]},"properties":{"Plant_Name":"South Louisburg Solar","State":"North Carolina","PrimSource":"solar","Total_MW":5,"Install_MW":5,"City":"Louisburg","County":"Franklin","Utility_Na":"Cypress Creek Renewables","Longitude":-78.308,"Latitude":36.057}},{"type":"Feature","geometry":{"type":"Point","coordinates":[-79.1738889999716,35.45888900004]},"properties":{"Plant_Name":"Balsam","State":"North Carolina","PrimSource":"solar","Total_MW":5,"Install_MW":5,"City":"Sanford","County":"Lee","Utility_Na":"SRE Utility Solar 1, LLC","Longitude":-79.173889,"Latitude":35.458889}},{"type":"Feature","geometry":{"type":"Point","coordinates":[-78.0091669995738,34.8022220002595]},"properties":{"Plant_Name":"Hickory","State":"North Carolina","PrimSource":"solar","Total_MW":5,"Install_MW":5,"City":"Rose Hill","County":"Duplin","Utility_Na":"Current Energy Group","Longitude":-78.009167,"Latitude":34.802222}},{"type":"Feature","geometry":{"type":"Point","coordinates":[-78.6889999997134,35.2159999999205]},"properties":{"Plant_Name":"Royal Solar","State":"North Carolina","PrimSource":"solar","Total_MW":4.9,"Install_MW":4.9,"City":"Godwin","County":"Cumberland","Utility_Na":"Cypress Creek Renewables","Longitude":-78.689,"Latitude":35.216}},{"type":"Feature","geometry":{"type":"Point","coordinates":[-77.4722830004277,35.3514360002265]},"properties":{"Plant_Name":"Kinston Solar","State":"North Carolina","PrimSource":"solar","Total_MW":5,"Install_MW":5,"City":"Grifton","County":"Lenoir","Utility_Na":"Cypress Creek Renewables","Longitude":-77.472283,"Latitude":35.351436}},{"type":"Feature","geometry":{"type":"Point","coordinates":[-79.4302429995869,34.7564810002755]},"properties":{"Plant_Name":"Laurinburg Solar","State":"North Carolina","PrimSource":"solar","Total_MW":5,"Install_MW":5,"City":"Laurinburg","County":"Scotland","Utility_Na":"Cypress Creek Renewables","Longitude":-79.430243,"Latitude":34.756481}},{"type":"Feature","geometry":{"type":"Point","coordinates":[-78.3674390004229,35.2516279999666]},"properties":{"Plant_Name":"Newton Grove","State":"North Carolina","PrimSource":"solar","Total_MW":1.9,"Install_MW":1.9,"City":"Newton Grove","County":"Sampson","Utility_Na":"SRE Utility Solar 1, LLC","Longitude":-78.367439,"Latitude":35.251628}},{"type":"Feature","geometry":{"type":"Point","coordinates":[-82.4100000002365,32.882999999789]},"properties":{"Plant_Name":"Georgia Power at Wadley GA","State":"Georgia","PrimSource":"solar","Total_MW":1,"Install_MW":1,"City":"Wadley","County":"Jefferson","Utility_Na":"Luminace Solar Georgia, LLC","Longitude":-82.41,"Latitude":32.883}},{"type":"Feature","geometry":{"type":"Point","coordinates":[-80.698999999763,37.1829999997248]},"properties":{"Plant_Name":"New River","State":"Virginia","PrimSource":"biomass","Total_MW":5.4,"Install_MW":5.4,"City":"Dublin","County":"Pulaski","Utility_Na":"Ingenco Renewable Development, LLC","Longitude":-80.699,"Latitude":37.183}},{"type":"Feature","geometry":{"type":"Point","coordinates":[-76.5809999996435,36.4429999998727]},"properties":{"Plant_Name":"SoINCPower6, LLC","State":"North Carolina","PrimSource":"solar","Total_MW":5,"Install_MW":5,"City":"Sunbury","County":"Gates","Utility_Na":"Duke Energy Renewables Services","Longitude":-76.581,"Latitude":36.443}},{"type":"Feature","geometry":{"type":"Point","coordinates":[-77.76245800006,36.0528010002083]},"properties":{"Plant_Name":"SoINCPower5, LLC","State":"North Carolina","PrimSource":"solar","Total_MW":5,"Install_MW":5,"City":"Battleboro","County":"Nash","Utility_Na":"Duke Energy Renewables Services","Longitude":-77.762458,"Latitude":36.052801}},{"type":"Feature","geometry":{"type":"Point","coordinates":[-78.187474000069,39.1325190002312]},"properties":{"Plant_Name":"HP Hood CT","State":"Virginia","PrimSource":"natural gas","Total_MW":15,"Install_MW":15,"City":"Winchester","County":"Frederick","Utility_Na":"HP Hood LLC","Longitude":-78.187474,"Latitude":39.132519}},{"type":"Feature","geometry":{"type":"Point","coordinates":[-84.9899300003956,32.3040400001206]},"properties":{"Plant_Name":"Fort Benning Solar Facility","State":"Alabama","PrimSource":"solar","Total_MW":30,"Install_MW":30,"City":"Fort Mitchell","County":"Russell","Utility_Na":"Georgia Power Co","Longitude":-84.98993,"Latitude":32.30404}},{"type":"Feature","geometry":{"type":"Point","coordinates":[-82.1401169996414,33.3866250001483]},"properties":{"Plant_Name":"Fort Gordon Solar Facility","State":"Georgia","PrimSource":"solar","Total_MW":30,"Install_MW":30,"City":"Fort Gordon","County":"Richmond","Utility_Na":"Georgia Power Co","Longitude":-82.140117,"Latitude":33.386625}},{"type":"Feature","geometry":{"type":"Point","coordinates":[-81.5562380002243,30.8276270001809]},"properties":{"Plant_Name":"Kings Bay Solar Facility","State":"Georgia","PrimSource":"solar","Total_MW":30.2,"Install_MW":30,"City":"Kings Bay","County":"Camden","Utility_Na":"Georgia Power Co","Longitude":-81.556238,"Latitude":30.827627}},{"type":"Feature","geometry":{"type":"Point","coordinates":[-81.5953729995758,31.9047399996209]},"properties":{"Plant_Name":"Fort Stewart Solar Facility","State":"Georgia","PrimSource":"solar","Total_MW":30,"Install_MW":30,"City":"Fort Stewart","County":"Liberty","Utility_Na":"Georgia Power Co","Longitude":-81.595373,"Latitude":31.90474}},{"type":"Feature","geometry":{"type":"Point","coordinates":[-82.6853000000983,28.0478999999923]},"properties":{"Plant_Name":"Lockheed Martin Solar System","State":"Florida","PrimSource":"solar","Total_MW":1.9,"Install_MW":1.9,"City":"Oldsmar","County":"Pinellas","Utility_Na":"Lockheed Martin Solar System","Longitude":-82.6853,"Latitude":28.0479}},{"type":"Feature","geometry":{"type":"Point","coordinates":[-83.37892400026,32.6380340003103]},"properties":{"Plant_Name":"Richland Solar Center","State":"Georgia","PrimSource":"solar","Total_MW":20,"Install_MW":20,"City":"Jeffersonville","County":"Twiggs","Utility_Na":"Onward Energy","Longitude":-83.378924,"Latitude":32.638034}},{"type":"Feature","geometry":{"type":"Point","coordinates":[-84.0932610003068,31.5607290000956]},"properties":{"Plant_Name":"Marine Corps Logistics Base Solar","State":"Georgia","PrimSource":"solar","Total_MW":31.2,"Install_MW":31,"City":"Albany","County":"Dougherty","Utility_Na":"Georgia Power Co","Longitude":-84.093261,"Latitude":31.560729}},{"type":"Feature","geometry":{"type":"Point","coordinates":[-77.1339999995655,35.4560000003258]},"properties":{"Plant_Name":"Beaufort Solar, LLC","State":"North Carolina","PrimSource":"solar","Total_MW":15,"Install_MW":15,"City":"Chocowinity","County":"Beaufort","Utility_Na":"Capital Power Corporation","Longitude":-77.134,"Latitude":35.456}},{"type":"Feature","geometry":{"type":"Point","coordinates":[-84.3165470001157,32.5755420001992]},"properties":{"Plant_Name":"Butler Solar Farm 20","State":"Georgia","PrimSource":"solar","Total_MW":20,"Install_MW":22,"City":"Butler","County":"Taylor","Utility_Na":"Southern Power Co","Longitude":-84.316547,"Latitude":32.575542}},{"type":"Feature","geometry":{"type":"Point","coordinates":[-84.2567779996237,32.5728749996419]},"properties":{"Plant_Name":"Pawpaw Solar Plant","State":"Georgia","PrimSource":"solar","Total_MW":30,"Install_MW":30.5,"City":"Butler","County":"Taylor","Utility_Na":"Southern Power Co","Longitude":-84.256778,"Latitude":32.572875}},{"type":"Feature","geometry":{"type":"Point","coordinates":[-84.27583299965,32.5619439996306]},"properties":{"Plant_Name":"Butler Solar Project 103","State":"Georgia","PrimSource":"solar","Total_MW":100,"Install_MW":104,"City":"Butler","County":"Taylor","Utility_Na":"Southern Power Co","Longitude":-84.275833,"Latitude":32.561944}},{"type":"Feature","geometry":{"type":"Point","coordinates":[-84.2972219997526,32.5830560000672]},"properties":{"Plant_Name":"Taylor County Solar","State":"Georgia","PrimSource":"solar","Total_MW":143,"Install_MW":148,"City":"Butler","County":"Taylor","Utility_Na":"Southern Power Co","Longitude":-84.297222,"Latitude":32.583056}},{"type":"Feature","geometry":{"type":"Point","coordinates":[-77.4090850002405,36.1249609996739]},"properties":{"Plant_Name":"SunEnergy1-Scotland Neck, LLC","State":"North Carolina","PrimSource":"solar","Total_MW":3,"Install_MW":3,"City":"Scotland Neck","County":"Halifax","Utility_Na":"SunEnergy1-Scotland Neck, LLC","Longitude":-77.409085,"Latitude":36.124961}},{"type":"Feature","geometry":{"type":"Point","coordinates":[-77.1130669995725,35.4820319999321]},"properties":{"Plant_Name":"Choco Solar, LLC","State":"North Carolina","PrimSource":"solar","Total_MW":5,"Install_MW":5,"City":"Chocowinity","County":"Beaufort","Utility_Na":"Choco Solar LLC","Longitude":-77.113067,"Latitude":35.482032}},{"type":"Feature","geometry":{"type":"Point","coordinates":[-77.8126669999411,35.093021000161]},"properties":{"Plant_Name":"Albertson Solar LLC","State":"North Carolina","PrimSource":"solar","Total_MW":5,"Install_MW":5,"City":"Albertson","County":"Duplin","Utility_Na":"Albertson Solar LLC","Longitude":-77.812667,"Latitude":35.093021}},{"type":"Feature","geometry":{"type":"Point","coordinates":[-76.407142999741,36.8481049996742]},"properties":{"Plant_Name":"Western Branch High School","State":"Virginia","PrimSource":"solar","Total_MW":1,"Install_MW":1,"City":"Chesapeake","County":"Chesapeake City","Utility_Na":"Virginia Electric & Power Co","Longitude":-76.407143,"Latitude":36.848105}},{"type":"Feature","geometry":{"type":"Point","coordinates":[-78.6436880003137,38.383222000039]},"properties":{"Plant_Name":"Merck","State":"Virginia","PrimSource":"solar","Total_MW":2.1,"Install_MW":2.1,"City":"Elkton","County":"Rockingham","Utility_Na":"Virginia Electric & Power Co","Longitude":-78.643688,"Latitude":38.383222}},{"type":"Feature","geometry":{"type":"Point","coordinates":[-78.0980000002418,35.1800000000136]},"properties":{"Plant_Name":"Mount Olive Solar","State":"North Carolina","PrimSource":"solar","Total_MW":2,"Install_MW":2,"City":"Mount Olive","County":"Wayne","Utility_Na":"AES Distributed Energy","Longitude":-78.098,"Latitude":35.18}},{"type":"Feature","geometry":{"type":"Point","coordinates":[-77.2870270003056,37.3418379997932]},"properties":{"Plant_Name":"Philip Morris","State":"Virginia","PrimSource":"solar","Total_MW":2,"Install_MW":2,"City":"Chester","County":"Chesterfield","Utility_Na":"Virginia Electric & Power Co","Longitude":-77.287027,"Latitude":37.341838}},{"type":"Feature","geometry":{"type":"Point","coordinates":[-80.9972190004378,35.427587000039]},"properties":{"Plant_Name":"Freemont Solar Center LLC","State":"North Carolina","PrimSource":"solar","Total_MW":5,"Install_MW":5,"City":"Stanley","County":"Lincoln","Utility_Na":"Heelstone Energy Holdings, LLC","Longitude":-80.997219,"Latitude":35.427587}},{"type":"Feature","geometry":{"type":"Point","coordinates":[-77.6495589999798,36.7182360002403]},"properties":{"Plant_Name":"Greensville County Power Station","State":"Virginia","PrimSource":"natural gas","Total_MW":1588,"Install_MW":1773.3,"City":"Emporia","County":"Greensville","Utility_Na":"Virginia Electric & Power Co","Longitude":-77.649559,"Latitude":36.718236}},{"type":"Feature","geometry":{"type":"Point","coordinates":[-78.5842119997246,36.3535330003595]},"properties":{"Plant_Name":"Crestwood Solar Center LLC","State":"North Carolina","PrimSource":"solar","Total_MW":5,"Install_MW":5,"City":"Oxford","County":"Granville","Utility_Na":"SRE Utility Solar 1, LLC","Longitude":-78.584212,"Latitude":36.353533}},{"type":"Feature","geometry":{"type":"Point","coordinates":[-77.2190000003073,34.9980000001873]},"properties":{"Plant_Name":"Pollocksville Solar","State":"North Carolina","PrimSource":"solar","Total_MW":5,"Install_MW":5,"City":"Pollocksville","County":"Jones","Utility_Na":"Cypress Creek Renewables","Longitude":-77.219,"Latitude":34.998}},{"type":"Feature","geometry":{"type":"Point","coordinates":[-78.8009999999933,35.3679999998745]},"properties":{"Plant_Name":"Lillington Solar","State":"North Carolina","PrimSource":"solar","Total_MW":5,"Install_MW":5,"City":"Lillington","County":"Harnett","Utility_Na":"Altus Power America Management, LLC","Longitude":-78.801,"Latitude":35.368}},{"type":"Feature","geometry":{"type":"Point","coordinates":[-78.411965999825,36.2584780000078]},"properties":{"Plant_Name":"Vance Solar Farm, LLC","State":"North Carolina","PrimSource":"solar","Total_MW":4.9,"Install_MW":5,"City":"Kittrell","County":"Vance","Utility_Na":"Cypress Creek Renewables","Longitude":-78.411966,"Latitude":36.258478}},{"type":"Feature","geometry":{"type":"Point","coordinates":[-81.4169999998567,35.7200000002911]},"properties":{"Plant_Name":"Cline Solar Farm, LLC","State":"North Carolina","PrimSource":"solar","Total_MW":4.9,"Install_MW":5,"City":"Hildebran","County":"Burke","Utility_Na":"Cline Solar, LLC","Longitude":-81.417,"Latitude":35.72}},{"type":"Feature","geometry":{"type":"Point","coordinates":[-80.3896219999664,34.9704859997434]},"properties":{"Plant_Name":"BG Stewart Solar Farm, LLC","State":"North Carolina","PrimSource":"solar","Total_MW":4.9,"Install_MW":5,"City":"Marshville","County":"Union","Utility_Na":"Cypress Creek Renewables","Longitude":-80.389622,"Latitude":34.970486}},{"type":"Feature","geometry":{"type":"Point","coordinates":[-78.66947900043,35.2187099999777]},"properties":{"Plant_Name":"Soluga Farms IV","State":"North Carolina","PrimSource":"solar","Total_MW":3.4,"Install_MW":3.4,"City":"Godwin","County":"Cumberland","Utility_Na":"Soluga Solar, LLC","Longitude":-78.669479,"Latitude":35.21871}},{"type":"Feature","geometry":{"type":"Point","coordinates":[-80.3858900003225,35.5554299997396]},"properties":{"Plant_Name":"Meadowbrook Solar Farm","State":"North Carolina","PrimSource":"solar","Total_MW":4.9,"Install_MW":5,"City":"Rockwell","County":"Rowan","Utility_Na":"Cypress Creek Renewables","Longitude":-80.38589,"Latitude":35.55543}},{"type":"Feature","geometry":{"type":"Point","coordinates":[-78.6905759995563,35.4145069997269]},"properties":{"Plant_Name":"Coats Solar Farm, LLC","State":"North Carolina","PrimSource":"solar","Total_MW":4.9,"Install_MW":5,"City":"Coats","County":"Harnett","Utility_Na":"Cypress Creek Renewables","Longitude":-78.690576,"Latitude":35.414507}},{"type":"Feature","geometry":{"type":"Point","coordinates":[-77.4810000004165,35.8220000002805]},"properties":{"Plant_Name":"Conetoe II Solar, LLC","State":"North Carolina","PrimSource":"solar","Total_MW":80,"Install_MW":80,"City":"Conetoe","County":"Edgecombe","Utility_Na":"Duke Energy Renewables Services","Longitude":-77.481,"Latitude":35.822}},{"type":"Feature","geometry":{"type":"Point","coordinates":[-80.5960090004483,36.1372700001383]},"properties":{"Plant_Name":"Yadkinville Solar","State":"North Carolina","PrimSource":"solar","Total_MW":3.5,"Install_MW":3.5,"City":"Yadkinville","County":"Yadkin","Utility_Na":"Oppidum Renewables USA, LLC","Longitude":-80.596009,"Latitude":36.13727}},{"type":"Feature","geometry":{"type":"Point","coordinates":[-78.0337040000626,36.5155439998835]},"properties":{"Plant_Name":"Five Forks Solar","State":"North Carolina","PrimSource":"solar","Total_MW":20,"Install_MW":20,"City":"Macon","County":"Warren","Utility_Na":"Five Forks Solar","Longitude":-78.033704,"Latitude":36.515544}},{"type":"Feature","geometry":{"type":"Point","coordinates":[-81.2416809999141,28.0580779998882]},"properties":{"Plant_Name":"Osceola Solar Facility","State":"Florida","PrimSource":"solar","Total_MW":3.8,"Install_MW":3.8,"City":"Kenansville","County":"Osceola","Utility_Na":"Duke Energy Florida, LLC","Longitude":-81.241681,"Latitude":28.058078}},{"type":"Feature","geometry":{"type":"Point","coordinates":[-78.3197510002158,35.4883499997491]},"properties":{"Plant_Name":"ESA Smithfield","State":"North Carolina","PrimSource":"solar","Total_MW":1.8,"Install_MW":1.8,"City":"Smithfield","County":"Johnston","Utility_Na":"SRE Utility Solar 1, LLC","Longitude":-78.319751,"Latitude":35.48835}},{"type":"Feature","geometry":{"type":"Point","coordinates":[-78.2897999999351,35.5261999997419]},"properties":{"Plant_Name":"ESA Selma","State":"North Carolina","PrimSource":"solar","Total_MW":1.8,"Install_MW":1.8,"City":"Selma","County":"Johnston","Utility_Na":"SRE Utility Solar 1, LLC","Longitude":-78.2898,"Latitude":35.5262}},{"type":"Feature","geometry":{"type":"Point","coordinates":[-77.3502730001734,34.7256990001605]},"properties":{"Plant_Name":"Camp Lejeune Solar and Energy Storage","State":"North Carolina","PrimSource":"solar","Total_MW":12.8,"Install_MW":12.8,"City":"Camp Lejeune","County":"Onslow","Utility_Na":"Duke Energy Progress - (NC)","Longitude":-77.350273,"Latitude":34.725699}},{"type":"Feature","geometry":{"type":"Point","coordinates":[-76.4199999998027,36.3099999997061]},"properties":{"Plant_Name":"Desert Wind Farm, LLC","State":"North Carolina","PrimSource":"wind","Total_MW":208,"Install_MW":208,"City":"Hertford","County":"Perquimans","Utility_Na":"Avangrid Power LLC","Longitude":-76.42,"Latitude":36.31}},{"type":"Feature","geometry":{"type":"Point","coordinates":[-81.5625890003498,28.3736999998823]},"properties":{"Plant_Name":"Walt Disney World Solar Facility","State":"Florida","PrimSource":"solar","Total_MW":4.9,"Install_MW":4.9,"City":"Orlando","County":"Orange","Utility_Na":"Duke Energy Florida Solar Solutions","Longitude":-81.562589,"Latitude":28.3737}},{"type":"Feature","geometry":{"type":"Point","coordinates":[-81.7510110004015,26.8615920001796]},"properties":{"Plant_Name":"Babcock Solar Energy Center Hybrid","State":"Florida","PrimSource":"solar","Total_MW":84.5,"Install_MW":84.5,"City":"Punta Gorda","County":"Charlotte","Utility_Na":"Florida Power & Light Co","Longitude":-81.751011,"Latitude":26.861592}},{"type":"Feature","geometry":{"type":"Point","coordinates":[-78.7504229998662,35.1133860001147]},"properties":{"Plant_Name":"Boykin PV1","State":"North Carolina","PrimSource":"solar","Total_MW":16,"Install_MW":16,"City":"Wade","County":"Cumberland","Utility_Na":"Ecoplexus, Inc","Longitude":-78.750423,"Latitude":35.113386}},{"type":"Feature","geometry":{"type":"Point","coordinates":[-81.2191439995907,35.3964780000458]},"properties":{"Plant_Name":"High Shoals PV1","State":"North Carolina","PrimSource":"solar","Total_MW":16,"Install_MW":16,"City":"High Shoals","County":"Gaston","Utility_Na":"Pine Gate Renewables","Longitude":-81.219144,"Latitude":35.396478}},{"type":"Feature","geometry":{"type":"Point","coordinates":[-79.2448099999127,36.0840970001978]},"properties":{"Plant_Name":"Ouchchy PV1","State":"North Carolina","PrimSource":"solar","Total_MW":3,"Install_MW":3,"City":"Mebane","County":"Orange","Utility_Na":"Ecoplexus, Inc","Longitude":-79.24481,"Latitude":36.084097}},{"type":"Feature","geometry":{"type":"Point","coordinates":[-77.1355749995835,36.4413589996581]},"properties":{"Plant_Name":"Turkey Creek PV1","State":"North Carolina","PrimSource":"solar","Total_MW":13.5,"Install_MW":13.5,"City":"Kirby","County":"Northampton","Utility_Na":"Fresh Air Energy XXXV, LLC","Longitude":-77.135575,"Latitude":36.441359}},{"type":"Feature","geometry":{"type":"Point","coordinates":[-77.120595000231,36.4510120000248]},"properties":{"Plant_Name":"Vaughn Creek PV1","State":"North Carolina","PrimSource":"solar","Total_MW":20,"Install_MW":20,"City":"Murfreesboro","County":"Hertford","Utility_Na":"Ecoplexus, Inc","Longitude":-77.120595,"Latitude":36.451012}},{"type":"Feature","geometry":{"type":"Point","coordinates":[-81.0641209997816,29.1701600001638]},"properties":{"Plant_Name":"Daytona International Speedway Solar","State":"Florida","PrimSource":"solar","Total_MW":0.8,"Install_MW":1.6,"City":"Daytona Beach","County":"Volusia","Utility_Na":"Florida Power & Light Co","Longitude":-81.064121,"Latitude":29.17016}},{"type":"Feature","geometry":{"type":"Point","coordinates":[-80.3677430003173,25.7700080000749]},"properties":{"Plant_Name":"FIU Solar","State":"Florida","PrimSource":"solar","Total_MW":0.8,"Install_MW":1.2,"City":"Miami","County":"Miami Dade","Utility_Na":"Florida Power & Light Co","Longitude":-80.367743,"Latitude":25.770008}},{"type":"Feature","geometry":{"type":"Point","coordinates":[-82.3552749996406,27.6074689996521]},"properties":{"Plant_Name":"Manatee Solar Energy Center","State":"Florida","PrimSource":"batteries","Total_MW":483.5,"Install_MW":483.5,"City":"Parrish","County":"Manatee","Utility_Na":"Florida Power & Light Co","Longitude":-82.355275,"Latitude":27.607469}},{"type":"Feature","geometry":{"type":"Point","coordinates":[-79.4977530002745,34.781933999816]},"properties":{"Plant_Name":"McLean Homestead","State":"North Carolina","PrimSource":"solar","Total_MW":4.9,"Install_MW":4.9,"City":"Laurinburg","County":"Scotland","Utility_Na":"SolRiver Capital LLC","Longitude":-79.497753,"Latitude":34.781934}},{"type":"Feature","geometry":{"type":"Point","coordinates":[-81.4705999997981,30.6608000002411]},"properties":{"Plant_Name":"Eight Flags Energy","State":"Florida","PrimSource":"natural gas","Total_MW":21.4,"Install_MW":21.6,"City":"Fernandina Beach","County":"Nassau","Utility_Na":"Eight Flags Energy LLC","Longitude":-81.4706,"Latitude":30.6608}},{"type":"Feature","geometry":{"type":"Point","coordinates":[-79.5407399998189,34.6802869997387]},"properties":{"Plant_Name":"Shorthorn Holdings","State":"South Carolina","PrimSource":"solar","Total_MW":8.9,"Install_MW":8.9,"City":"McColl","County":"Marlboro","Utility_Na":"SolRiver Capital LLC","Longitude":-79.54074,"Latitude":34.680287}},{"type":"Feature","geometry":{"type":"Point","coordinates":[-77.4811640004481,36.481007999791]},"properties":{"Plant_Name":"Pecan Solar","State":"North Carolina","PrimSource":"solar","Total_MW":74.9,"Install_MW":74.9,"City":"Pleasant Hill","County":"Northampton","Utility_Na":"Dominion Renewable Energy","Longitude":-77.481164,"Latitude":36.481008}},{"type":"Feature","geometry":{"type":"Point","coordinates":[-77.1056140001553,35.5016879998677]},"properties":{"Plant_Name":"TWE Chocowinity Solar, LLC","State":"North Carolina","PrimSource":"solar","Total_MW":4.5,"Install_MW":4.5,"City":"Chocowinity","County":"Beaufort","Utility_Na":"Cypress Creek Renewables","Longitude":-77.105614,"Latitude":35.501688}},{"type":"Feature","geometry":{"type":"Point","coordinates":[-82.8903190002515,35.4736289997018]},"properties":{"Plant_Name":"Innovative Solar 10","State":"North Carolina","PrimSource":"solar","Total_MW":1.5,"Install_MW":1.5,"City":"Canton","County":"Haywood","Utility_Na":"Cypress Creek Renewables","Longitude":-82.890319,"Latitude":35.473629}},{"type":"Feature","geometry":{"type":"Point","coordinates":[-81.7950509997319,35.3781869997708]},"properties":{"Plant_Name":"Innovative Solar 18, LLC","State":"North Carolina","PrimSource":"solar","Total_MW":1.9,"Install_MW":1.9,"City":"Bostic","County":"Rutherford","Utility_Na":"Cypress Creek Renewables","Longitude":-81.795051,"Latitude":35.378187}},{"type":"Feature","geometry":{"type":"Point","coordinates":[-81.4133080003957,35.7097400001129]},"properties":{"Plant_Name":"Innovative Solar 26, LLC","State":"North Carolina","PrimSource":"solar","Total_MW":1.9,"Install_MW":1.9,"City":"Hildebran","County":"Burke","Utility_Na":"Cypress Creek Renewables","Longitude":-81.413308,"Latitude":35.70974}},{"type":"Feature","geometry":{"type":"Point","coordinates":[-77.6203950002447,35.3916900002622]},"properties":{"Plant_Name":"Innovative Solar 63, LLC","State":"North Carolina","PrimSource":"solar","Total_MW":4.9,"Install_MW":4.9,"City":"Snow Hill","County":"Greene","Utility_Na":"Cypress Creek Renewables","Longitude":-77.620395,"Latitude":35.39169}},{"type":"Feature","geometry":{"type":"Point","coordinates":[-82.3500009995906,35.3638629998779]},"properties":{"Plant_Name":"Innovative Solar 16","State":"North Carolina","PrimSource":"solar","Total_MW":2,"Install_MW":2,"City":"Hendersonville","County":"Henderson","Utility_Na":"Cypress Creek Renewables","Longitude":-82.350001,"Latitude":35.363863}},{"type":"Feature","geometry":{"type":"Point","coordinates":[-87.8422039996509,34.8315109996673]},"properties":{"Plant_Name":"River Bend Solar, LLC","State":"Alabama","PrimSource":"solar","Total_MW":75,"Install_MW":75,"City":"Florence","County":"Lauderdale","Utility_Na":"River Bend Solar, LLC","Longitude":-87.842204,"Latitude":34.831511}},{"type":"Feature","geometry":{"type":"Point","coordinates":[-81.8068630004034,27.320918999651]},"properties":{"Plant_Name":"Citrus Solar Energy Center Hybrid","State":"Florida","PrimSource":"solar","Total_MW":78.5,"Install_MW":78.5,"City":"Arcadia","County":"DeSoto","Utility_Na":"Florida Power & Light Co","Longitude":-81.806863,"Latitude":27.320919}},{"type":"Feature","geometry":{"type":"Point","coordinates":[-82.1028240002717,32.4237979998178]},"properties":{"Plant_Name":"Live Oak Solar, LLC","State":"Georgia","PrimSource":"solar","Total_MW":51,"Install_MW":51,"City":"Metter","County":"Candler","Utility_Na":"Live Oak Solar, LLC","Longitude":-82.102824,"Latitude":32.423798}},{"type":"Feature","geometry":{"type":"Point","coordinates":[-84.2569759999904,32.5060169997057]},"properties":{"Plant_Name":"White Pine Solar, LLC","State":"Georgia","PrimSource":"solar","Total_MW":101.2,"Install_MW":101.2,"City":"Butler","County":"Taylor","Utility_Na":"White Pine Solar, LLC","Longitude":-84.256976,"Latitude":32.506017}},{"type":"Feature","geometry":{"type":"Point","coordinates":[-83.5600539996547,30.1193039998882]},"properties":{"Plant_Name":"Perry Solar Facility","State":"Florida","PrimSource":"solar","Total_MW":5.1,"Install_MW":5.1,"City":"Perry","County":"Taylor","Utility_Na":"Duke Energy Florida, LLC","Longitude":-83.560054,"Latitude":30.119304}},{"type":"Feature","geometry":{"type":"Point","coordinates":[-81.5688779996528,35.2897570001041]},"properties":{"Plant_Name":"Neisler Street Solar","State":"North Carolina","PrimSource":"solar","Total_MW":2,"Install_MW":2,"City":"Shelby","County":"Cleveland","Utility_Na":"Neisler Street Solar I, LLC","Longitude":-81.568878,"Latitude":35.289757}},{"type":"Feature","geometry":{"type":"Point","coordinates":[-82.1112919998401,33.0367889997842]},"properties":{"Plant_Name":"White Oak Solar, LLC","State":"Georgia","PrimSource":"solar","Total_MW":76.5,"Install_MW":76.5,"City":"Waynesboro","County":"Burke","Utility_Na":"White Oak Solar, LLC","Longitude":-82.111292,"Latitude":33.036789}},{"type":"Feature","geometry":{"type":"Point","coordinates":[-83.3030559996088,30.6944440001172]},"properties":{"Plant_Name":"PCA-Valdosta Mill","State":"Georgia","PrimSource":"biomass","Total_MW":69.9,"Install_MW":69.9,"City":"Valdosta","County":"Lowndes","Utility_Na":"PCA-Valdosta Mill","Longitude":-83.303056,"Latitude":30.694444}},{"type":"Feature","geometry":{"type":"Point","coordinates":[-81.5884359996444,35.309229000203]},"properties":{"Plant_Name":"Shelby Randolph Road Solar 1, LLC","State":"North Carolina","PrimSource":"solar","Total_MW":1.9,"Install_MW":2,"City":"Shelby","County":"Cleveland","Utility_Na":"SRE Utility Solar 1, LLC","Longitude":-81.588436,"Latitude":35.309229}},{"type":"Feature","geometry":{"type":"Point","coordinates":[-81.5642480000334,35.232396000218]},"properties":{"Plant_Name":"Lafayette Solar I, LLC","State":"North Carolina","PrimSource":"solar","Total_MW":1.9,"Install_MW":2,"City":"Shelby","County":"Cleveland","Utility_Na":"SRE Utility Solar 1, LLC","Longitude":-81.564248,"Latitude":35.232396}},{"type":"Feature","geometry":{"type":"Point","coordinates":[-79.6037320001418,34.9806610001789]},"properties":{"Plant_Name":"Rockingham Solar, LLC","State":"North Carolina","PrimSource":"solar","Total_MW":4.9,"Install_MW":5,"City":"Marston","County":"Richmond","Utility_Na":"SRE Utility Solar 1, LLC","Longitude":-79.603732,"Latitude":34.980661}},{"type":"Feature","geometry":{"type":"Point","coordinates":[-81.3337020002528,35.2222080003077]},"properties":{"Plant_Name":"York Road Solar I, LLC","State":"North Carolina","PrimSource":"solar","Total_MW":1.9,"Install_MW":2,"City":"Kings Mountain","County":"Cleveland","Utility_Na":"SRE Utility Solar 1, LLC","Longitude":-81.333702,"Latitude":35.222208}},{"type":"Feature","geometry":{"type":"Point","coordinates":[-81.5056059998457,35.2586469999204]},"properties":{"Plant_Name":"SID Solar I, LLC","State":"North Carolina","PrimSource":"solar","Total_MW":4.9,"Install_MW":5,"City":"Shelby","County":"Cleveland","Utility_Na":"SRE Utility Solar 1, LLC","Longitude":-81.505606,"Latitude":35.258647}},{"type":"Feature","geometry":{"type":"Point","coordinates":[-78.5945299996707,35.5600020001309]},"properties":{"Plant_Name":"HCE Johnston I, LLC","State":"North Carolina","PrimSource":"solar","Total_MW":1.9,"Install_MW":1.9,"City":"Willow Springs","County":"Johnston","Utility_Na":"HCE Johnston I, LLC","Longitude":-78.59453,"Latitude":35.560002}},{"type":"Feature","geometry":{"type":"Point","coordinates":[-82.0420050003665,27.9820889996471]},"properties":{"Plant_Name":"Goldfinch","State":"Florida","PrimSource":"solar","Total_MW":3,"Install_MW":3,"City":"Lakeland","County":"Polk","Utility_Na":"Goldfinch (Lakeland)","Longitude":-82.042005,"Latitude":27.982089}},{"type":"Feature","geometry":{"type":"Point","coordinates":[-75.569556000056,37.9438949997994]},"properties":{"Plant_Name":"Eastern Shore Solar, LLC","State":"Virginia","PrimSource":"solar","Total_MW":80,"Install_MW":80,"City":"Oak Hall","County":"Accomack","Utility_Na":"Dominion Renewable Energy","Longitude":-75.569556,"Latitude":37.943895}},{"type":"Feature","geometry":{"type":"Point","coordinates":[-78.3708749997908,35.6042079998356]},"properties":{"Plant_Name":"Red Toad 1425 A Powatan Road, LLC","State":"North Carolina","PrimSource":"solar","Total_MW":1.9,"Install_MW":2,"City":"Clayton","County":"Johnston","Utility_Na":"SRE Utility Solar 1, LLC","Longitude":-78.370875,"Latitude":35.604208}},{"type":"Feature","geometry":{"type":"Point","coordinates":[-78.848474999765,36.0049409998196]},"properties":{"Plant_Name":"Durham Solar","State":"North Carolina","PrimSource":"solar","Total_MW":3.4,"Install_MW":3.5,"City":"Durham","County":"Durham","Utility_Na":"SRE Utility Solar 1, LLC","Longitude":-78.848475,"Latitude":36.004941}},{"type":"Feature","geometry":{"type":"Point","coordinates":[-79.140638999692,39.2006389998296]},"properties":{"Plant_Name":"New Creek Wind","State":"West Virginia","PrimSource":"wind","Total_MW":103,"Install_MW":103,"City":"New Creek","County":"Grant","Utility_Na":"New Creek Wind, LLC","Longitude":-79.140639,"Latitude":39.200639}},{"type":"Feature","geometry":{"type":"Point","coordinates":[-78.1519869997976,36.0955719997641]},"properties":{"Plant_Name":"Morgan Farm, LLC","State":"North Carolina","PrimSource":"solar","Total_MW":4.9,"Install_MW":5,"City":"Louisburg","County":"Franklin","Utility_Na":"SRE Utility Solar 1, LLC","Longitude":-78.151987,"Latitude":36.095572}},{"type":"Feature","geometry":{"type":"Point","coordinates":[-78.0106110000706,36.0343540002428]},"properties":{"Plant_Name":"Nashville Farms, LLC","State":"North Carolina","PrimSource":"solar","Total_MW":1.9,"Install_MW":2,"City":"Nashville","County":"Nash","Utility_Na":"SRE Utility Solar 1, LLC","Longitude":-78.010611,"Latitude":36.034354}},{"type":"Feature","geometry":{"type":"Point","coordinates":[-77.7757429997439,34.9157669997696]},"properties":{"Plant_Name":"Cedar Solar, LLC","State":"North Carolina","PrimSource":"solar","Total_MW":4.9,"Install_MW":5,"City":"Beulaville","County":"Duplin","Utility_Na":"SRE Utility Solar 1, LLC","Longitude":-77.775743,"Latitude":34.915767}},{"type":"Feature","geometry":{"type":"Point","coordinates":[-79.1895250003485,35.4538280000057]},"properties":{"Plant_Name":"Elm Solar, LLC","State":"North Carolina","PrimSource":"solar","Total_MW":4.9,"Install_MW":5,"City":"Sanford","County":"Lee","Utility_Na":"SRE Utility Solar 1, LLC","Longitude":-79.189525,"Latitude":35.453828}},{"type":"Feature","geometry":{"type":"Point","coordinates":[-85.9575000003341,36.9873999997666]},"properties":{"Plant_Name":"Glasgow LFGTE","State":"Kentucky","PrimSource":"biomass","Total_MW":0.9,"Install_MW":1,"City":"Glasgow","County":"Barren","Utility_Na":"East Kentucky Power Coop, Inc","Longitude":-85.9575,"Latitude":36.9874}},{"type":"Feature","geometry":{"type":"Point","coordinates":[-79.1524429999676,34.4666879996312]},"properties":{"Plant_Name":"Baltimore Church Solar, LLC","State":"North Carolina","PrimSource":"solar","Total_MW":5.4,"Install_MW":5.4,"City":"Fairmont","County":"Robeson","Utility_Na":"Altus Power America Management, LLC","Longitude":-79.152443,"Latitude":34.466688}},{"type":"Feature","geometry":{"type":"Point","coordinates":[-79.1957890004354,35.5572240001586]},"properties":{"Plant_Name":"Cohen Farm Solar, LLC","State":"North Carolina","PrimSource":"solar","Total_MW":6.5,"Install_MW":4.9,"City":"Sanford","County":"Lee","Utility_Na":"Cypress Creek Renewables","Longitude":-79.195789,"Latitude":35.557224}},{"type":"Feature","geometry":{"type":"Point","coordinates":[-79.1358750001783,34.5091279999112]},"properties":{"Plant_Name":"Floyd Solar, LLC","State":"North Carolina","PrimSource":"solar","Total_MW":6.5,"Install_MW":6.5,"City":"Fairmont","County":"Robeson","Utility_Na":"Cypress Creek Renewables","Longitude":-79.135875,"Latitude":34.509128}},{"type":"Feature","geometry":{"type":"Point","coordinates":[-78.304811000148,34.5299560002251]},"properties":{"Plant_Name":"Innovative Solar 43, LLC","State":"North Carolina","PrimSource":"solar","Total_MW":50.8,"Install_MW":50.8,"City":"Ivanhoe","County":"Bladen","Utility_Na":"Cypress Creek Renewables","Longitude":-78.304811,"Latitude":34.529956}},{"type":"Feature","geometry":{"type":"Point","coordinates":[-79.2680259999284,34.983771999941]},"properties":{"Plant_Name":"Shelter Solar","State":"North Carolina","PrimSource":"solar","Total_MW":5,"Install_MW":5,"City":"Raeford","County":"Hoke","Utility_Na":"Sol Systems","Longitude":-79.268026,"Latitude":34.983772}},{"type":"Feature","geometry":{"type":"Point","coordinates":[-78.221475000011,34.3087439999253]},"properties":{"Plant_Name":"Heedeh Solar","State":"North Carolina","PrimSource":"solar","Total_MW":4.5,"Install_MW":4.5,"City":"Delco","County":"Columbus","Utility_Na":"MN8 Energy LLC","Longitude":-78.221475,"Latitude":34.308744}},{"type":"Feature","geometry":{"type":"Point","coordinates":[-78.0296119996702,36.0661089997189]},"properties":{"Plant_Name":"Tate Solar","State":"North Carolina","PrimSource":"solar","Total_MW":5,"Install_MW":5,"City":"Castalia","County":"Nash","Utility_Na":"USF Essex Lessor, LLC","Longitude":-78.029612,"Latitude":36.066109}},{"type":"Feature","geometry":{"type":"Point","coordinates":[-78.1550869996048,36.4583270000289]},"properties":{"Plant_Name":"Eagle Solar","State":"North Carolina","PrimSource":"solar","Total_MW":4,"Install_MW":4,"City":"Warrenton","County":"Warren","Utility_Na":"USF Essex Lessor, LLC","Longitude":-78.155087,"Latitude":36.458327}},{"type":"Feature","geometry":{"type":"Point","coordinates":[-78.0813889998966,35.2644179998111]},"properties":{"Plant_Name":"Robin Solar","State":"North Carolina","PrimSource":"solar","Total_MW":3.8,"Install_MW":3.8,"City":"Dudley","County":"Wayne","Utility_Na":"Robin Solar LLC","Longitude":-78.081389,"Latitude":35.264418}},{"type":"Feature","geometry":{"type":"Point","coordinates":[-77.9233059995649,36.0281799999894]},"properties":{"Plant_Name":"Cash Solar","State":"North Carolina","PrimSource":"solar","Total_MW":5,"Install_MW":5,"City":"Nashville","County":"Nash","Utility_Na":"Cash Solar, LLC","Longitude":-77.923306,"Latitude":36.02818}},{"type":"Feature","geometry":{"type":"Point","coordinates":[-77.2024530004345,35.035589000196]},"properties":{"Plant_Name":"Daystar Solar","State":"North Carolina","PrimSource":"solar","Total_MW":5,"Install_MW":5,"City":"Pollocksville","County":"Jones","Utility_Na":"Altus Power America Management, LLC","Longitude":-77.202453,"Latitude":35.035589}},{"type":"Feature","geometry":{"type":"Point","coordinates":[-78.8023840002155,35.5137690001236]},"properties":{"Plant_Name":"Kathleen Solar","State":"North Carolina","PrimSource":"solar","Total_MW":5,"Install_MW":5,"City":"Fuquay Varina","County":"Wake","Utility_Na":"Sol Systems","Longitude":-78.802384,"Latitude":35.513769}},{"type":"Feature","geometry":{"type":"Point","coordinates":[-77.1182000000554,35.1692200002105]},"properties":{"Plant_Name":"Grove Solar","State":"North Carolina","PrimSource":"solar","Total_MW":5,"Install_MW":5,"City":"New Bern","County":"Craven","Utility_Na":"Sol Systems","Longitude":-77.1182,"Latitude":35.16922}},{"type":"Feature","geometry":{"type":"Point","coordinates":[-83.4347999996531,32.7755000000304]},"properties":{"Plant_Name":"ADS Renewable Energy-Wolf Creek LLC","State":"Georgia","PrimSource":"biomass","Total_MW":2.8,"Install_MW":2.8,"City":"Dry Branch","County":"Twiggs","Utility_Na":"ADS Renewable Energy- Wolf Creek, LLC","Longitude":-83.4348,"Latitude":32.7755}},{"type":"Feature","geometry":{"type":"Point","coordinates":[-77.457771999807,35.825182000151]},"properties":{"Plant_Name":"Conetoe Solar","State":"North Carolina","PrimSource":"solar","Total_MW":5,"Install_MW":5,"City":"Tarboro","County":"Edgecombe","Utility_Na":"Conetoe Solar, LLC","Longitude":-77.457772,"Latitude":35.825182}},{"type":"Feature","geometry":{"type":"Point","coordinates":[-76.597825000249,36.4377520001333]},"properties":{"Plant_Name":"Sugar Run Solar","State":"North Carolina","PrimSource":"solar","Total_MW":5,"Install_MW":5,"City":"Sunbury","County":"Gates","Utility_Na":"Sugar Run Solar, LLC","Longitude":-76.597825,"Latitude":36.437752}},{"type":"Feature","geometry":{"type":"Point","coordinates":[-77.134320000131,35.1542730002956]},"properties":{"Plant_Name":"TWE New Bern Solar Project, LLC","State":"North Carolina","PrimSource":"solar","Total_MW":4,"Install_MW":4,"City":"New Bern","County":"Craven","Utility_Na":"Cypress Creek Renewables","Longitude":-77.13432,"Latitude":35.154273}},{"type":"Feature","geometry":{"type":"Point","coordinates":[-81.5086839999116,35.263254999686]},"properties":{"Plant_Name":"County Home Solar Center, LLC","State":"North Carolina","PrimSource":"solar","Total_MW":2,"Install_MW":2,"City":"Shelby","County":"Cleveland","Utility_Na":"Heelstone Energy Holdings, LLC","Longitude":-81.508684,"Latitude":35.263255}},{"type":"Feature","geometry":{"type":"Point","coordinates":[-79.2953800003671,34.7076439998235]},"properties":{"Plant_Name":"Laurinburg Solar, LLC (Heelstone)","State":"North Carolina","PrimSource":"solar","Total_MW":1.9,"Install_MW":2,"City":"Maxton","County":"Robeson","Utility_Na":"SRE Utility Solar 1, LLC","Longitude":-79.29538,"Latitude":34.707644}},{"type":"Feature","geometry":{"type":"Point","coordinates":[-77.5975170003379,36.4690889999539]},"properties":{"Plant_Name":"Hemlock Solar","State":"North Carolina","PrimSource":"solar","Total_MW":5,"Install_MW":5,"City":"Garysburg","County":"Northampton","Utility_Na":"Hemlock Solar LLC","Longitude":-77.597517,"Latitude":36.469089}},{"type":"Feature","geometry":{"type":"Point","coordinates":[-77.6179570004114,36.4670209997127]},"properties":{"Plant_Name":"Long Farm 46 Solar, LLC","State":"North Carolina","PrimSource":"solar","Total_MW":5,"Install_MW":5,"City":"Garysburg","County":"Northampton","Utility_Na":"Duke Energy Renewables Services","Longitude":-77.617957,"Latitude":36.467021}},{"type":"Feature","geometry":{"type":"Point","coordinates":[-77.6315109997088,36.3487339998524]},"properties":{"Plant_Name":"HXNAir Solar One","State":"North Carolina","PrimSource":"solar","Total_MW":5,"Install_MW":5,"City":"Halifax","County":"Halifax","Utility_Na":"HXNAir Solar One LLC","Longitude":-77.631511,"Latitude":36.348734}},{"type":"Feature","geometry":{"type":"Point","coordinates":[-75.7908230003312,37.5486399998226]},"properties":{"Plant_Name":"Belle Haven Diesel Generation Facility","State":"Virginia","PrimSource":"petroleum","Total_MW":4,"Install_MW":4,"City":"Belle Haven","County":"Accomack","Utility_Na":"Old Dominion Electric Coop","Longitude":-75.790823,"Latitude":37.54864}},{"type":"Feature","geometry":{"type":"Point","coordinates":[-75.6559789995814,37.74196700024]},"properties":{"Plant_Name":"Perdue Diesel Generation Facility","State":"Virginia","PrimSource":"petroleum","Total_MW":4,"Install_MW":4,"City":"Accomack","County":"Accomack","Utility_Na":"Old Dominion Electric Coop","Longitude":-75.655979,"Latitude":37.741967}},{"type":"Feature","geometry":{"type":"Point","coordinates":[-75.7204870003711,37.7454199999106]},"properties":{"Plant_Name":"Onancock Diesel Generation Facility","State":"Virginia","PrimSource":"petroleum","Total_MW":4,"Install_MW":4,"City":"Onancock","County":"Accomack","Utility_Na":"Old Dominion Electric Coop","Longitude":-75.720487,"Latitude":37.74542}},{"type":"Feature","geometry":{"type":"Point","coordinates":[-79.3488859996989,36.4286080002486]},"properties":{"Plant_Name":"Yanceyville Farm 3, LLC","State":"North Carolina","PrimSource":"solar","Total_MW":4.9,"Install_MW":4.9,"City":"Blanch","County":"Caswell","Utility_Na":"Strata Manager, LLC","Longitude":-79.348886,"Latitude":36.428608}},{"type":"Feature","geometry":{"type":"Point","coordinates":[-81.8186609999329,34.6157700001252]},"properties":{"Plant_Name":"Union Renewable Energy Facility","State":"South Carolina","PrimSource":"biomass","Total_MW":2.4,"Install_MW":3.2,"City":"Enoree","County":"Union","Utility_Na":"Lockhart Power Co","Longitude":-81.818661,"Latitude":34.61577}},{"type":"Feature","geometry":{"type":"Point","coordinates":[-78.3282940001273,36.3952860003183]},"properties":{"Plant_Name":"Stainback Solar Farm","State":"North Carolina","PrimSource":"solar","Total_MW":5,"Install_MW":5,"City":"Middleburg","County":"Vance","Utility_Na":"Cypress Creek Renewables","Longitude":-78.328294,"Latitude":36.395286}},{"type":"Feature","geometry":{"type":"Point","coordinates":[-80.4511249995868,35.5255839996774]},"properties":{"Plant_Name":"Organ Church Solar","State":"North Carolina","PrimSource":"solar","Total_MW":5,"Install_MW":5,"City":"Rockwell","County":"Rowan","Utility_Na":"MN8 Energy LLC","Longitude":-80.451125,"Latitude":35.525584}},{"type":"Feature","geometry":{"type":"Point","coordinates":[-77.9696999999613,34.7024899997133]},"properties":{"Plant_Name":"Willard Solar","State":"North Carolina","PrimSource":"solar","Total_MW":5,"Install_MW":5,"City":"Willard","County":"Pender","Utility_Na":"USF Essex Lessor, LLC","Longitude":-77.9697,"Latitude":34.70249}},{"type":"Feature","geometry":{"type":"Point","coordinates":[-79.1194000002755,34.8309099998604]},"properties":{"Plant_Name":"Ajax Solar","State":"North Carolina","PrimSource":"solar","Total_MW":4.9,"Install_MW":5,"City":"Shannon","County":"Robeson","Utility_Na":"Cypress Creek Renewables","Longitude":-79.1194,"Latitude":34.83091}},{"type":"Feature","geometry":{"type":"Point","coordinates":[-77.8861000002337,35.3611799996512]},"properties":{"Plant_Name":"Jester Solar","State":"North Carolina","PrimSource":"solar","Total_MW":4.9,"Install_MW":5,"City":"Goldsboro","County":"Wayne","Utility_Na":"Sol Systems","Longitude":-77.8861,"Latitude":35.36118}},{"type":"Feature","geometry":{"type":"Point","coordinates":[-79.928199999794,35.8702499996828]},"properties":{"Plant_Name":"Trinity Solar","State":"North Carolina","PrimSource":"solar","Total_MW":4.9,"Install_MW":5,"City":"Trinity","County":"Randolph","Utility_Na":"Capital Dynamics","Longitude":-79.9282,"Latitude":35.87025}},{"type":"Feature","geometry":{"type":"Point","coordinates":[-80.7586000002007,33.6866999998023]},"properties":{"Plant_Name":"St. Matthews Solar","State":"South Carolina","PrimSource":"solar","Total_MW":10.2,"Install_MW":10.2,"City":"Matthews","County":"Calhoun","Utility_Na":"St. Matthews Solar, LLC","Longitude":-80.7586,"Latitude":33.6867}},{"type":"Feature","geometry":{"type":"Point","coordinates":[-79.5293330001016,35.218120000101]},"properties":{"Plant_Name":"Pine Valley Solar Farm, LLC","State":"North Carolina","PrimSource":"solar","Total_MW":5,"Install_MW":5,"City":"West End","County":"Moore","Utility_Na":"Pine Valley Solar, LLC","Longitude":-79.529333,"Latitude":35.21812}},{"type":"Feature","geometry":{"type":"Point","coordinates":[-89.4858840003059,31.3970889996224]},"properties":{"Plant_Name":"Sumrall II Solar Farm","State":"Mississippi","PrimSource":"solar","Total_MW":52,"Install_MW":52,"City":"Sumrall","County":"Lamar","Utility_Na":"Onward Energy","Longitude":-89.485884,"Latitude":31.397089}},{"type":"Feature","geometry":{"type":"Point","coordinates":[-89.4976400000026,31.4035309999634]},"properties":{"Plant_Name":"Sumrall I Solar Farm","State":"Mississippi","PrimSource":"solar","Total_MW":52,"Install_MW":52,"City":"Sumrall","County":"Lamar","Utility_Na":"MS Solar 2, LLC","Longitude":-89.49764,"Latitude":31.403531}},{"type":"Feature","geometry":{"type":"Point","coordinates":[-80.5430859996511,35.2256690002895]},"properties":{"Plant_Name":"Howell Midland Farm, LLC","State":"North Carolina","PrimSource":"solar","Total_MW":4.9,"Install_MW":4.9,"City":"Midland","County":"Cabarrus","Utility_Na":"Strata Manager, LLC","Longitude":-80.543086,"Latitude":35.225669}},{"type":"Feature","geometry":{"type":"Point","coordinates":[-77.6391089997892,35.5996849999756]},"properties":{"Plant_Name":"Augustus Farm, LLC","State":"North Carolina","PrimSource":"solar","Total_MW":4.9,"Install_MW":4.9,"City":"Farmville","County":"Pitt","Utility_Na":"Strata Manager, LLC","Longitude":-77.639109,"Latitude":35.599685}},{"type":"Feature","geometry":{"type":"Point","coordinates":[-77.9340000001529,37.5230000000762]},"properties":{"Plant_Name":"Scott Solar Farm","State":"Virginia","PrimSource":"batteries","Total_MW":57,"Install_MW":57,"City":"Powhatan","County":"Powhatan","Utility_Na":"Dominion Energy Inc.","Longitude":-77.934,"Latitude":37.523}},{"type":"Feature","geometry":{"type":"Point","coordinates":[-76.611000000328,36.889999999907]},"properties":{"Plant_Name":"Woodland Solar Farm","State":"Virginia","PrimSource":"solar","Total_MW":19,"Install_MW":19,"City":"Smithfield","County":"Isle of Wight","Utility_Na":"Virginia Electric & Power Co","Longitude":-76.611,"Latitude":36.89}},{"type":"Feature","geometry":{"type":"Point","coordinates":[-77.9719999997024,38.0230000000866]},"properties":{"Plant_Name":"Whitehouse Solar Farm","State":"Virginia","PrimSource":"solar","Total_MW":20,"Install_MW":20,"City":"Louisa","County":"Louisa","Utility_Na":"Virginia Electric & Power Co","Longitude":-77.972,"Latitude":38.023}},{"type":"Feature","geometry":{"type":"Point","coordinates":[-89.0477790004315,35.5783330003143]},"properties":{"Plant_Name":"Providence Solar","State":"Tennessee","PrimSource":"solar","Total_MW":16,"Install_MW":16,"City":"Madison","County":"Madison","Utility_Na":"Providence Solar Center, LLC","Longitude":-89.047779,"Latitude":35.578333}},{"type":"Feature","geometry":{"type":"Point","coordinates":[-84.1103000002742,31.5558999999825]},"properties":{"Plant_Name":"Albany Green Energy","State":"Georgia","PrimSource":"biomass","Total_MW":49.5,"Install_MW":54.5,"City":"Albany","County":"Dougherty","Utility_Na":"Albany Green Energy, LLC","Longitude":-84.1103,"Latitude":31.5559}},{"type":"Feature","geometry":{"type":"Point","coordinates":[-80.7911109996151,27.6341670003727]},"properties":{"Plant_Name":"Okeechobee Clean Energy Center","State":"Florida","PrimSource":"natural gas","Total_MW":1723.1,"Install_MW":1723.1,"City":"Okeechobee","County":"Okeechobee","Utility_Na":"Florida Power & Light Co","Longitude":-80.791111,"Latitude":27.634167}},{"type":"Feature","geometry":{"type":"Point","coordinates":[-81.1890779996823,35.2290330003406]},"properties":{"Plant_Name":"Gastonia Solar Center","State":"North Carolina","PrimSource":"solar","Total_MW":4.3,"Install_MW":4.3,"City":"Gastonia","County":"Gaston","Utility_Na":"Adapture Renewables, Inc.","Longitude":-81.189078,"Latitude":35.229033}},{"type":"Feature","geometry":{"type":"Point","coordinates":[-78.3763439998343,36.3524890001609]},"properties":{"Plant_Name":"Wortham Solar Farm","State":"North Carolina","PrimSource":"solar","Total_MW":5,"Install_MW":5,"City":"Henderson","County":"Vance","Utility_Na":"Cypress Creek Renewables","Longitude":-78.376344,"Latitude":36.352489}},{"type":"Feature","geometry":{"type":"Point","coordinates":[-77.2224399998732,36.3476399998056]},"properties":{"Plant_Name":"White Farm Solar, LLC","State":"North Carolina","PrimSource":"solar","Total_MW":5.2,"Install_MW":5.2,"City":"Woodland","County":"Northampton","Utility_Na":"Cypress Creek Renewables","Longitude":-77.22244,"Latitude":36.34764}},{"type":"Feature","geometry":{"type":"Point","coordinates":[-79.7236219996818,36.1044699998101]},"properties":{"Plant_Name":"White Street Renewables","State":"North Carolina","PrimSource":"solar","Total_MW":5,"Install_MW":5,"City":"Greensboro","County":"Guilford","Utility_Na":"White Street Renewables LLC","Longitude":-79.723622,"Latitude":36.10447}},{"type":"Feature","geometry":{"type":"Point","coordinates":[-79.4234599996413,35.8626700000644]},"properties":{"Plant_Name":"Snow Camp Solar, LLC","State":"North Carolina","PrimSource":"solar","Total_MW":5.2,"Install_MW":5.2,"City":"Snow Camp","County":"Alamance","Utility_Na":"Cypress Creek Renewables","Longitude":-79.42346,"Latitude":35.86267}},{"type":"Feature","geometry":{"type":"Point","coordinates":[-77.7607700000641,36.0586399997707]},"properties":{"Plant_Name":"Battleboro Farm","State":"North Carolina","PrimSource":"solar","Total_MW":5.2,"Install_MW":5.2,"City":"South Whitakers","County":"Nash","Utility_Na":"Oppidum Renewables USA, LLC","Longitude":-77.76077,"Latitude":36.05864}},{"type":"Feature","geometry":{"type":"Point","coordinates":[-79.5530799996716,35.4027400000923]},"properties":{"Plant_Name":"Flint Hill Solar, LLC","State":"North Carolina","PrimSource":"solar","Total_MW":5.2,"Install_MW":5.2,"City":"Carthage","County":"Moore","Utility_Na":"Cypress Creek Renewables","Longitude":-79.55308,"Latitude":35.40274}},{"type":"Feature","geometry":{"type":"Point","coordinates":[-81.6901720004048,27.9861629999783]},"properties":{"Plant_Name":"Legoland Solar","State":"Florida","PrimSource":"solar","Total_MW":1.4,"Install_MW":1.4,"City":"Winter Haven","County":"Polk","Utility_Na":"Tampa Electric Co","Longitude":-81.690172,"Latitude":27.986163}},{"type":"Feature","geometry":{"type":"Point","coordinates":[-79.3847200003,34.8449199999329]},"properties":{"Plant_Name":"Shoe Creek Solar, LLC","State":"North Carolina","PrimSource":"solar","Total_MW":65,"Install_MW":65,"City":"Laurinburg","County":"Scotland","Utility_Na":"Cypress Creek Renewables","Longitude":-79.38472,"Latitude":34.84492}},{"type":"Feature","geometry":{"type":"Point","coordinates":[-80.6256150000492,34.9299450000443]},"properties":{"Plant_Name":"Monroe Solar Facility","State":"North Carolina","PrimSource":"solar","Total_MW":54.6,"Install_MW":54.6,"City":"Monroe","County":"Union","Utility_Na":"Duke Energy Carolinas, LLC","Longitude":-80.625615,"Latitude":34.929945}},{"type":"Feature","geometry":{"type":"Point","coordinates":[-76.4909149998961,36.1302600002597]},"properties":{"Plant_Name":"Hertford Solar Farm","State":"North Carolina","PrimSource":"solar","Total_MW":5,"Install_MW":5,"City":"Hertford","County":"Perquimans","Utility_Na":"Duke Energy Renewables Services","Longitude":-76.490915,"Latitude":36.13026}},{"type":"Feature","geometry":{"type":"Point","coordinates":[-80.4925000002015,38.0878000000493]},"properties":{"Plant_Name":"Beech Ridge Energy Storage","State":"West Virginia","PrimSource":"batteries","Total_MW":31.5,"Install_MW":31.5,"City":"Rupert","County":"Greenbrier","Utility_Na":"Invenergy Services LLC","Longitude":-80.4925,"Latitude":38.0878}},{"type":"Feature","geometry":{"type":"Point","coordinates":[-81.6239339997865,35.3188240000504]},"properties":{"Plant_Name":"Warbler Holdings","State":"North Carolina","PrimSource":"solar","Total_MW":4,"Install_MW":4,"City":"Shelby","County":"Cleveland","Utility_Na":"SolRiver Capital LLC","Longitude":-81.623934,"Latitude":35.318824}},{"type":"Feature","geometry":{"type":"Point","coordinates":[-78.4211849999542,34.7456169999867]},"properties":{"Plant_Name":"Tamworth Holdings","State":"North Carolina","PrimSource":"solar","Total_MW":5,"Install_MW":5,"City":"Garland","County":"Bladen","Utility_Na":"RWE Renewables Americas, LLC","Longitude":-78.421185,"Latitude":34.745617}},{"type":"Feature","geometry":{"type":"Point","coordinates":[-77.1396999995878,35.8748000000922]},"properties":{"Plant_Name":"MC1 Solar","State":"North Carolina","PrimSource":"solar","Total_MW":5,"Install_MW":5,"City":"Williamston","County":"Martin","Utility_Na":"MC1 Solar Farm, LLC","Longitude":-77.1397,"Latitude":35.8748}},{"type":"Feature","geometry":{"type":"Point","coordinates":[-78.9835999998239,34.7716000000713]},"properties":{"Plant_Name":"St. Pauls Solar 1, LLC","State":"North Carolina","PrimSource":"solar","Total_MW":4.9,"Install_MW":4.9,"City":"St. Pauls","County":"Robeson","Utility_Na":"Cypress Creek Renewables","Longitude":-78.9836,"Latitude":34.7716}},{"type":"Feature","geometry":{"type":"Point","coordinates":[-78.0921849996935,35.0122820000571]},"properties":{"Plant_Name":"Kennedy Solar, LLC","State":"North Carolina","PrimSource":"solar","Total_MW":4.9,"Install_MW":4.9,"City":"Warsaw","County":"Duplin","Utility_Na":"Cypress Creek Renewables","Longitude":-78.092185,"Latitude":35.012282}},{"type":"Feature","geometry":{"type":"Point","coordinates":[-79.5000000003122,34.7587000001372]},"properties":{"Plant_Name":"Innovative Solar 65","State":"North Carolina","PrimSource":"solar","Total_MW":4.9,"Install_MW":4.9,"City":"Laurinburg","County":"Scotland","Utility_Na":"Cypress Creek Renewables","Longitude":-79.5,"Latitude":34.7587}},{"type":"Feature","geometry":{"type":"Point","coordinates":[-81.8175820002075,35.379504999807]},"properties":{"Plant_Name":"Lincoln Solar, LLC (NC)","State":"North Carolina","PrimSource":"solar","Total_MW":4.9,"Install_MW":4.9,"City":"Bostic","County":"Rutherford","Utility_Na":"Cypress Creek Renewables","Longitude":-81.817582,"Latitude":35.379505}},{"type":"Feature","geometry":{"type":"Point","coordinates":[-77.4548999996054,35.3704410000477]},"properties":{"Plant_Name":"Exum Farm Solar, LLC","State":"North Carolina","PrimSource":"solar","Total_MW":4.9,"Install_MW":4.9,"City":"Grifton","County":"Lenoir","Utility_Na":"Cypress Creek Renewables","Longitude":-77.4549,"Latitude":35.370441}},{"type":"Feature","geometry":{"type":"Point","coordinates":[-78.1798590002702,35.5494010001945]},"properties":{"Plant_Name":"Bizzell Church Solar 1, LLC","State":"North Carolina","PrimSource":"solar","Total_MW":5.2,"Install_MW":5.2,"City":"Selma","County":"Johnston","Utility_Na":"Cypress Creek Renewables","Longitude":-78.179859,"Latitude":35.549401}},{"type":"Feature","geometry":{"type":"Point","coordinates":[-78.6242779995618,34.8228690003385]},"properties":{"Plant_Name":"CB Bladen Solar, LLC","State":"North Carolina","PrimSource":"solar","Total_MW":5.2,"Install_MW":5.2,"City":"Fayetteville","County":"Bladen","Utility_Na":"Cypress Creek Renewables","Longitude":-78.624278,"Latitude":34.822869}},{"type":"Feature","geometry":{"type":"Point","coordinates":[-78.633283000329,36.2896249996538]},"properties":{"Plant_Name":"Currin Solar, LLC","State":"North Carolina","PrimSource":"solar","Total_MW":5.2,"Install_MW":5.2,"City":"Oxford","County":"Granville","Utility_Na":"Cypress Creek Renewables","Longitude":-78.633283,"Latitude":36.289625}},{"type":"Feature","geometry":{"type":"Point","coordinates":[-78.2115200002881,35.8492699998775]},"properties":{"Plant_Name":"Nash 97 Solar, LLC","State":"North Carolina","PrimSource":"solar","Total_MW":5.2,"Install_MW":5.2,"City":"Middlesex","County":"Nash","Utility_Na":"Cypress Creek Renewables","Longitude":-78.21152,"Latitude":35.84927}},{"type":"Feature","geometry":{"type":"Point","coordinates":[-80.3020000001666,36.0288000000925]},"properties":{"Plant_Name":"South Winston Farm, LLC","State":"North Carolina","PrimSource":"solar","Total_MW":5.2,"Install_MW":5.2,"City":"Winston-Salem","County":"Forsyth","Utility_Na":"Cypress Creek Renewables","Longitude":-80.302,"Latitude":36.0288}},{"type":"Feature","geometry":{"type":"Point","coordinates":[-77.0219399999095,35.8307899999556]},"properties":{"Plant_Name":"Hardison Farm Solar, LLC","State":"North Carolina","PrimSource":"solar","Total_MW":5.2,"Install_MW":5.2,"City":"Williamston","County":"Martin","Utility_Na":"Cypress Creek Renewables","Longitude":-77.02194,"Latitude":35.83079}},{"type":"Feature","geometry":{"type":"Point","coordinates":[-79.3146300003872,34.714720000314]},"properties":{"Plant_Name":"Maxton Solar, LLC","State":"North Carolina","PrimSource":"solar","Total_MW":4.9,"Install_MW":4.9,"City":"Maxton","County":"Robeson","Utility_Na":"Cypress Creek Renewables","Longitude":-79.31463,"Latitude":34.71472}},{"type":"Feature","geometry":{"type":"Point","coordinates":[-77.1102300004293,35.8502799999912]},"properties":{"Plant_Name":"Modlin Solar Farm","State":"North Carolina","PrimSource":"solar","Total_MW":4.9,"Install_MW":4.9,"City":"Williamston","County":"Martin","Utility_Na":"Cypress Creek Renewables","Longitude":-77.11023,"Latitude":35.85028}},{"type":"Feature","geometry":{"type":"Point","coordinates":[-76.3642440000602,36.4210639998932]},"properties":{"Plant_Name":"Morgan's Corner","State":"North Carolina","PrimSource":"solar","Total_MW":19.8,"Install_MW":20,"City":"Elizabeth City","County":"Pasquotank","Utility_Na":"Dominion Renewable Energy","Longitude":-76.364244,"Latitude":36.421064}},{"type":"Feature","geometry":{"type":"Point","coordinates":[-78.2987959995831,36.0693600000897]},"properties":{"Plant_Name":"Tides Lane Farm","State":"North Carolina","PrimSource":"solar","Total_MW":3.7,"Install_MW":3.7,"City":"Louisburg","County":"Franklin","Utility_Na":"Strata Manager, LLC","Longitude":-78.298796,"Latitude":36.06936}},{"type":"Feature","geometry":{"type":"Point","coordinates":[-77.7251470002485,36.1155419999048]},"properties":{"Plant_Name":"Whitakers Farm (Fisher Rd)","State":"North Carolina","PrimSource":"solar","Total_MW":3.4,"Install_MW":3.4,"City":"Whitakers","County":"Nash","Utility_Na":"Strata Manager, LLC","Longitude":-77.725147,"Latitude":36.115542}},{"type":"Feature","geometry":{"type":"Point","coordinates":[-79.6653510001131,34.8819730001042]},"properties":{"Plant_Name":"Sellers Farm Solar","State":"North Carolina","PrimSource":"solar","Total_MW":5,"Install_MW":5,"City":"Hamlet","County":"Richmond","Utility_Na":"Strata Manager, LLC","Longitude":-79.665351,"Latitude":34.881973}},{"type":"Feature","geometry":{"type":"Point","coordinates":[-78.3500880002859,35.0197710000827]},"properties":{"Plant_Name":"McGrigor Farm Solar","State":"North Carolina","PrimSource":"solar","Total_MW":5,"Install_MW":5,"City":"Clinton","County":"Sampson","Utility_Na":"Carolina Solar Energy LLC","Longitude":-78.350088,"Latitude":35.019771}},{"type":"Feature","geometry":{"type":"Point","coordinates":[-83.2259579996194,30.8101199998857]},"properties":{"Plant_Name":"Valdosta","State":"Georgia","PrimSource":"solar","Total_MW":1,"Install_MW":1,"City":"Valdosta","County":"Lowndes","Utility_Na":"Terraform Arcadia","Longitude":-83.225958,"Latitude":30.81012}},{"type":"Feature","geometry":{"type":"Point","coordinates":[-81.4330000002817,31.2499999998996]},"properties":{"Plant_Name":"Solar Glynn","State":"Georgia","PrimSource":"solar","Total_MW":18,"Install_MW":18,"City":"Brunswick","County":"Glynn","Utility_Na":"Cypress Creek Renewables","Longitude":-81.433,"Latitude":31.25}},{"type":"Feature","geometry":{"type":"Point","coordinates":[-80.2546299999768,36.2463400002864]},"properties":{"Plant_Name":"Germantown Solar, LLC","State":"North Carolina","PrimSource":"solar","Total_MW":1.5,"Install_MW":1.5,"City":"Rural Hall","County":"Forsyth","Utility_Na":"Cypress Creek Renewables","Longitude":-80.25463,"Latitude":36.24634}},{"type":"Feature","geometry":{"type":"Point","coordinates":[-77.1080439995928,35.8365439997452]},"properties":{"Plant_Name":"Williamston West Farm, LLC","State":"North Carolina","PrimSource":"solar","Total_MW":4.9,"Install_MW":4.9,"City":"Williamston","County":"Martin","Utility_Na":"Strata Manager, LLC","Longitude":-77.108044,"Latitude":35.836544}},{"type":"Feature","geometry":{"type":"Point","coordinates":[-76.8419999996701,36.3509999996974]},"properties":{"Plant_Name":"River Road Solar, LLC","State":"North Carolina","PrimSource":"solar","Total_MW":5,"Install_MW":5,"City":"Cofield","County":"Hertford","Utility_Na":"Duke Energy Renewables Services","Longitude":-76.842,"Latitude":36.351}},{"type":"Feature","geometry":{"type":"Point","coordinates":[-76.460000000416,36.2200000001131]},"properties":{"Plant_Name":"Two Mile Desert Project","State":"North Carolina","PrimSource":"solar","Total_MW":16.2,"Install_MW":16.2,"City":"Hertford","County":"Perquimans","Utility_Na":"Citizens Enterprises Corporation","Longitude":-76.46,"Latitude":36.22}},{"type":"Feature","geometry":{"type":"Point","coordinates":[-84.7144339998169,33.0458010003581]},"properties":{"Plant_Name":"Greenville","State":"Georgia","PrimSource":"solar","Total_MW":1,"Install_MW":1,"City":"Greenville","County":"Meriwether","Utility_Na":"Terraform Arcadia","Longitude":-84.714434,"Latitude":33.045801}},{"type":"Feature","geometry":{"type":"Point","coordinates":[-84.6635289996267,32.0889819996583]},"properties":{"Plant_Name":"Richland","State":"Georgia","PrimSource":"solar","Total_MW":1,"Install_MW":1,"City":"Columbus","County":"Stewart","Utility_Na":"Terraform Arcadia","Longitude":-84.663529,"Latitude":32.088982}},{"type":"Feature","geometry":{"type":"Point","coordinates":[-84.9317019995863,31.0651120000908]},"properties":{"Plant_Name":"Seminole","State":"Georgia","PrimSource":"solar","Total_MW":1.6,"Install_MW":1.6,"City":"Donalsonville","County":"Seminole","Utility_Na":"Terraform Arcadia","Longitude":-84.931702,"Latitude":31.065112}},{"type":"Feature","geometry":{"type":"Point","coordinates":[-83.3946590003711,31.0503220002655]},"properties":{"Plant_Name":"Vidalia Water Treatment Plant","State":"Georgia","PrimSource":"solar","Total_MW":1,"Install_MW":1,"City":"Hahira","County":"Lowndes","Utility_Na":"Terraform Arcadia","Longitude":-83.394659,"Latitude":31.050322}},{"type":"Feature","geometry":{"type":"Point","coordinates":[-81.782900000025,33.9683900003078]},"properties":{"Plant_Name":"Saluda Solar, LLC","State":"South Carolina","PrimSource":"solar","Total_MW":6.8,"Install_MW":6.8,"City":"Saluda","County":"Saluda","Utility_Na":"Cypress Creek Renewables","Longitude":-81.7829,"Latitude":33.96839}},{"type":"Feature","geometry":{"type":"Point","coordinates":[-78.4134809995685,35.4472780000075]},"properties":{"Plant_Name":"Langdon Solar Farm, LLC","State":"North Carolina","PrimSource":"solar","Total_MW":5,"Install_MW":5,"City":"Four Oaks","County":"Johnston","Utility_Na":"Strata Manager, LLC","Longitude":-78.413481,"Latitude":35.447278}},{"type":"Feature","geometry":{"type":"Point","coordinates":[-78.8773590000159,34.8476269999914]},"properties":{"Plant_Name":"Innovative Solar 42","State":"North Carolina","PrimSource":"solar","Total_MW":71,"Install_MW":71,"City":"Fayetteville","County":"Bladen","Utility_Na":"Innovative Solar 42, LLC","Longitude":-78.877359,"Latitude":34.847627}},{"type":"Feature","geometry":{"type":"Point","coordinates":[-78.7553939999674,34.5394250002965]},"properties":{"Plant_Name":"Innovative Solar 31","State":"North Carolina","PrimSource":"solar","Total_MW":35,"Install_MW":35,"City":"Bladenboro","County":"Bladen","Utility_Na":"MN8 Energy LLC","Longitude":-78.755394,"Latitude":34.539425}},{"type":"Feature","geometry":{"type":"Point","coordinates":[-83.3896010002313,33.3081129998931]},"properties":{"Plant_Name":"Tri-County Solar Facility","State":"Georgia","PrimSource":"solar","Total_MW":1,"Install_MW":1,"City":"Eatonton","County":"Putnam","Utility_Na":"Georgia Power Co","Longitude":-83.389601,"Latitude":33.308113}},{"type":"Feature","geometry":{"type":"Point","coordinates":[-79.2002180002133,34.8161819997088]},"properties":{"Plant_Name":"ZV Solar 3, LLC","State":"North Carolina","PrimSource":"solar","Total_MW":4.9,"Install_MW":5,"City":"Red Springs","County":"Robeson","Utility_Na":"SRE Utility Solar 1, LLC","Longitude":-79.200218,"Latitude":34.816182}},{"type":"Feature","geometry":{"type":"Point","coordinates":[-83.3305559996374,34.3761110003336]},"properties":{"Plant_Name":"GRP Franklin Renewable Energy Facility","State":"Georgia","PrimSource":"biomass","Total_MW":58,"Install_MW":58,"City":"Carnesville","County":"Franklin","Utility_Na":"GRP Franklin Renewable Energy Facility, LLC","Longitude":-83.330556,"Latitude":34.376111}},{"type":"Feature","geometry":{"type":"Point","coordinates":[-89.3011560002633,31.2758279996209]},"properties":{"Plant_Name":"Hattiesburg Solar Farm","State":"Mississippi","PrimSource":"solar","Total_MW":50,"Install_MW":50,"City":"Hattiesburg","County":"Forrest","Utility_Na":"Hattiesburg Farm, LLC","Longitude":-89.301156,"Latitude":31.275828}},{"type":"Feature","geometry":{"type":"Point","coordinates":[-78.3678059999457,36.2656110002948]},"properties":{"Plant_Name":"Southerland Farm Solar","State":"North Carolina","PrimSource":"solar","Total_MW":5,"Install_MW":5,"City":"Henderson","County":"Vance","Utility_Na":"Strata Manager, LLC","Longitude":-78.367806,"Latitude":36.265611}},{"type":"Feature","geometry":{"type":"Point","coordinates":[-82.6022219997041,31.8194440002209]},"properties":{"Plant_Name":"Hazlehurst II","State":"Georgia","PrimSource":"solar","Total_MW":52.5,"Install_MW":52.5,"City":"Hazlehurst","County":"Jeff Davis","Utility_Na":"SR South Loving, LLC","Longitude":-82.602222,"Latitude":31.819444}},{"type":"Feature","geometry":{"type":"Point","coordinates":[-88.5511110000122,35.1405560002585]},"properties":{"Plant_Name":"Selmer I","State":"Tennessee","PrimSource":"solar","Total_MW":16,"Install_MW":16,"City":"Selmer","County":"McNairy","Utility_Na":"Selmer North Solar I, LLC","Longitude":-88.551111,"Latitude":35.140556}},{"type":"Feature","geometry":{"type":"Point","coordinates":[-88.6466670003514,35.1661110001361]},"properties":{"Plant_Name":"Selmer II","State":"Tennessee","PrimSource":"solar","Total_MW":8,"Install_MW":8,"City":"Selmer","County":"McNairy","Utility_Na":"Selmer North Solar II, LLC","Longitude":-88.646667,"Latitude":35.166111}},{"type":"Feature","geometry":{"type":"Point","coordinates":[-89.8547250002728,35.3515330000133]},"properties":{"Plant_Name":"Millington Solar Farm","State":"Tennessee","PrimSource":"solar","Total_MW":53,"Install_MW":53,"City":"Millington","County":"Shelby","Utility_Na":"SR Millington, LLC","Longitude":-89.854725,"Latitude":35.351533}},{"type":"Feature","geometry":{"type":"Point","coordinates":[-80.0931919995698,35.0234060002447]},"properties":{"Plant_Name":"Wadesboro Farm 2","State":"North Carolina","PrimSource":"solar","Total_MW":5,"Install_MW":5,"City":"Wadesboro","County":"Anson","Utility_Na":"Strata Manager, LLC","Longitude":-80.093192,"Latitude":35.023406}},{"type":"Feature","geometry":{"type":"Point","coordinates":[-80.0510279996579,34.96935600033]},"properties":{"Plant_Name":"Wadesboro Farm 3","State":"North Carolina","PrimSource":"solar","Total_MW":5,"Install_MW":5,"City":"Wadesboro","County":"Anson","Utility_Na":"Strata Manager, LLC","Longitude":-80.051028,"Latitude":34.969356}},{"type":"Feature","geometry":{"type":"Point","coordinates":[-79.909718999878,35.3762359996835]},"properties":{"Plant_Name":"Hector Farm","State":"North Carolina","PrimSource":"solar","Total_MW":5,"Install_MW":5,"City":"Troy","County":"Montgomery","Utility_Na":"Strata Manager, LLC","Longitude":-79.909719,"Latitude":35.376236}},{"type":"Feature","geometry":{"type":"Point","coordinates":[-78.1021779999496,35.7991500001427]},"properties":{"Plant_Name":"Kojak Farm","State":"North Carolina","PrimSource":"solar","Total_MW":5,"Install_MW":5,"City":"Bailey","County":"Nash","Utility_Na":"Strata Manager, LLC","Longitude":-78.102178,"Latitude":35.79915}},{"type":"Feature","geometry":{"type":"Point","coordinates":[-78.6045890000489,36.288911000067]},"properties":{"Plant_Name":"Meriwether Farm","State":"North Carolina","PrimSource":"solar","Total_MW":5,"Install_MW":5,"City":"Oxford","County":"Granville","Utility_Na":"Strata Manager, LLC","Longitude":-78.604589,"Latitude":36.288911}},{"type":"Feature","geometry":{"type":"Point","coordinates":[-78.6733309997245,35.2192720002678]},"properties":{"Plant_Name":"Soluga Farms III","State":"North Carolina","PrimSource":"solar","Total_MW":5,"Install_MW":5,"City":"Godwin","County":"Cumberland","Utility_Na":"Strata Manager, LLC","Longitude":-78.673331,"Latitude":35.219272}},{"type":"Feature","geometry":{"type":"Point","coordinates":[-84.3539380002931,30.3792600001687]},"properties":{"Plant_Name":"CoTAL Solar Farm","State":"Florida","PrimSource":"solar","Total_MW":20,"Install_MW":20,"City":"Tallahassee","County":"Leon","Utility_Na":"Onward Energy","Longitude":-84.353938,"Latitude":30.37926}},{"type":"Feature","geometry":{"type":"Point","coordinates":[-85.3882099995588,32.876313000039]},"properties":{"Plant_Name":"LaFayette Solar Farm","State":"Alabama","PrimSource":"solar","Total_MW":79.2,"Install_MW":79.2,"City":"LaFayette","County":"Chambers","Utility_Na":"Boralex US Operations LLC","Longitude":-85.38821,"Latitude":32.876313}},{"type":"Feature","geometry":{"type":"Point","coordinates":[-76.0514190001267,36.7897530002166]},"properties":{"Plant_Name":"Oceana Solar","State":"Virginia","PrimSource":"solar","Total_MW":17.6,"Install_MW":17.6,"City":"Virginia Beach","County":"Virginia Beach City","Utility_Na":"Virginia Electric & Power Co","Longitude":-76.051419,"Latitude":36.789753}},{"type":"Feature","geometry":{"type":"Point","coordinates":[-83.6380000002891,33.838799999669]},"properties":{"Plant_Name":"Mount Vernon Solar","State":"Georgia","PrimSource":"solar","Total_MW":1,"Install_MW":1,"City":"Monroe","County":"Walton","Utility_Na":"Walton Electric Member Corp","Longitude":-83.638,"Latitude":33.8388}},{"type":"Feature","geometry":{"type":"Point","coordinates":[-83.6971000002363,33.7368000001241]},"properties":{"Plant_Name":"Pleasant Valley Solar","State":"Georgia","PrimSource":"solar","Total_MW":2.5,"Install_MW":2.5,"City":"Monroe","County":"Walton","Utility_Na":"Walton Electric Member Corp","Longitude":-83.6971,"Latitude":33.7368}},{"type":"Feature","geometry":{"type":"Point","coordinates":[-77.8712249995649,35.3243770001994]},"properties":{"Plant_Name":"Wayne Solar III LLC","State":"North Carolina","PrimSource":"solar","Total_MW":5,"Install_MW":5,"City":"Goldsboro","County":"Wayne","Utility_Na":"Wayne Solar III, LLC","Longitude":-77.871225,"Latitude":35.324377}},{"type":"Feature","geometry":{"type":"Point","coordinates":[-78.0794799999678,35.3155600001953]},"properties":{"Plant_Name":"Wayne Solar II LLC","State":"North Carolina","PrimSource":"solar","Total_MW":5,"Install_MW":5,"City":"Goldsboro","County":"Wayne","Utility_Na":"Wayne Solar II, LLC","Longitude":-78.07948,"Latitude":35.31556}},{"type":"Feature","geometry":{"type":"Point","coordinates":[-77.9803879998033,34.9600830003506]},"properties":{"Plant_Name":"Duplin Solar I LLC (160 Houston Lane)","State":"North Carolina","PrimSource":"solar","Total_MW":5,"Install_MW":5,"City":"Kenansville","County":"Duplin","Utility_Na":"Duplin Solar I, LLC","Longitude":-77.980388,"Latitude":34.960083}},{"type":"Feature","geometry":{"type":"Point","coordinates":[-80.4819100002688,34.9523300000372]},"properties":{"Plant_Name":"Old Pageland Monroe Road Solar Farm","State":"North Carolina","PrimSource":"solar","Total_MW":5.3,"Install_MW":5.3,"City":"Monroe","County":"Union","Utility_Na":"Cypress Creek Renewables","Longitude":-80.48191,"Latitude":34.95233}},{"type":"Feature","geometry":{"type":"Point","coordinates":[-77.1190999996807,35.4745000000015]},"properties":{"Plant_Name":"Bay Branch Solar","State":"North Carolina","PrimSource":"solar","Total_MW":5,"Install_MW":5,"City":"Chocowinity","County":"Beaufort","Utility_Na":"Sol Systems","Longitude":-77.1191,"Latitude":35.4745}},{"type":"Feature","geometry":{"type":"Point","coordinates":[-78.0190259999356,35.2210830002817]},"properties":{"Plant_Name":"Wayne Solar I LLC","State":"North Carolina","PrimSource":"solar","Total_MW":5,"Install_MW":5,"City":"Mount Olive","County":"Wayne","Utility_Na":"Wayne Solar I, LLC","Longitude":-78.019026,"Latitude":35.221083}},{"type":"Feature","geometry":{"type":"Point","coordinates":[-76.1359999996705,36.4765000001345]},"properties":{"Plant_Name":"Summit Farms Solar","State":"North Carolina","PrimSource":"solar","Total_MW":62.4,"Install_MW":62.4,"City":"Moyock","County":"Currituck","Utility_Na":"Dominion Renewable Energy","Longitude":-76.136,"Latitude":36.4765}},{"type":"Feature","geometry":{"type":"Point","coordinates":[-78.155152999727,35.8904849999306]},"properties":{"Plant_Name":"Brantley Solar","State":"North Carolina","PrimSource":"solar","Total_MW":50.2,"Install_MW":50.2,"City":"Spring Hope","County":"Nash","Utility_Na":"John Laing US Solar Corp.","Longitude":-78.155153,"Latitude":35.890485}},{"type":"Feature","geometry":{"type":"Point","coordinates":[-78.2731059997491,36.1269120001492]},"properties":{"Plant_Name":"Fox Creek Solar","State":"North Carolina","PrimSource":"solar","Total_MW":50.2,"Install_MW":50.2,"City":"Louisburg","County":"Franklin","Utility_Na":"John Laing US Solar Corp.","Longitude":-78.273106,"Latitude":36.126912}},{"type":"Feature","geometry":{"type":"Point","coordinates":[-78.6119999996333,36.3830000001181]},"properties":{"Plant_Name":"BRE NC Solar 3","State":"North Carolina","PrimSource":"solar","Total_MW":5,"Install_MW":5,"City":"Oxford","County":"Granville","Utility_Na":"Pine Gate Renewables","Longitude":-78.612,"Latitude":36.383}},{"type":"Feature","geometry":{"type":"Point","coordinates":[-78.9719799996714,36.4374099996463]},"properties":{"Plant_Name":"Perkins Solar, LLC","State":"North Carolina","PrimSource":"solar","Total_MW":2,"Install_MW":2,"City":"Roxboro","County":"Person","Utility_Na":"Cypress Creek Renewables","Longitude":-78.97198,"Latitude":36.43741}},{"type":"Feature","geometry":{"type":"Point","coordinates":[-78.6530000003293,34.499000000195]},"properties":{"Plant_Name":"Gainey Solar, LLC","State":"North Carolina","PrimSource":"solar","Total_MW":2,"Install_MW":2,"City":"Clarkton","County":"Bladen","Utility_Na":"Cypress Creek Renewables","Longitude":-78.653,"Latitude":34.499}},{"type":"Feature","geometry":{"type":"Point","coordinates":[-81.1373499998597,35.3049799999305]},"properties":{"Plant_Name":"Auten Road Farm, LLC","State":"North Carolina","PrimSource":"solar","Total_MW":5,"Install_MW":5,"City":"Gastonia","County":"Gaston","Utility_Na":"Cypress Creek Renewables","Longitude":-81.13735,"Latitude":35.30498}},{"type":"Feature","geometry":{"type":"Point","coordinates":[-78.6043399996286,35.7219600002032]},"properties":{"Plant_Name":"Creech Solar 2, LLC","State":"North Carolina","PrimSource":"solar","Total_MW":5,"Install_MW":5,"City":"Garner","County":"Wake","Utility_Na":"Cypress Creek Renewables","Longitude":-78.60434,"Latitude":35.72196}},{"type":"Feature","geometry":{"type":"Point","coordinates":[-78.774330999993,35.3086390000172]},"properties":{"Plant_Name":"Bunn Level Farm, LLC","State":"North Carolina","PrimSource":"solar","Total_MW":5,"Install_MW":5,"City":"Bunnlevel","County":"Harnett","Utility_Na":"Strata Manager, LLC","Longitude":-78.774331,"Latitude":35.308639}},{"type":"Feature","geometry":{"type":"Point","coordinates":[-77.5709999997752,36.3709999996765]},"properties":{"Plant_Name":"Cork Oak Solar","State":"North Carolina","PrimSource":"solar","Total_MW":20,"Install_MW":20,"City":"Halifax","County":"Halifax","Utility_Na":"Cork Oak Solar, LLC","Longitude":-77.571,"Latitude":36.371}},{"type":"Feature","geometry":{"type":"Point","coordinates":[-77.5929999997981,36.3950000001735]},"properties":{"Plant_Name":"Sunflower Solar","State":"North Carolina","PrimSource":"solar","Total_MW":16,"Install_MW":16,"City":"Halifax","County":"Halifax","Utility_Na":"Sunflower Solar, LLC","Longitude":-77.593,"Latitude":36.395}},{"type":"Feature","geometry":{"type":"Point","coordinates":[-78.0383189996133,36.0703359997422]},"properties":{"Plant_Name":"North Nash Farm, LLC","State":"North Carolina","PrimSource":"solar","Total_MW":5,"Install_MW":5,"City":"Castalia","County":"Nash","Utility_Na":"Strata Manager, LLC","Longitude":-78.038319,"Latitude":36.070336}},{"type":"Feature","geometry":{"type":"Point","coordinates":[-80.9959940002242,32.620653000172]},"properties":{"Plant_Name":"Moffett Solar Project","State":"South Carolina","PrimSource":"solar","Total_MW":71.4,"Install_MW":71.4,"City":"Ridgeland","County":"Jasper","Utility_Na":"Dominion Renewable Energy","Longitude":-80.995994,"Latitude":32.620653}},{"type":"Feature","geometry":{"type":"Point","coordinates":[-80.9609999998722,32.4650000001811]},"properties":{"Plant_Name":"Ridgeland Solar Project","State":"South Carolina","PrimSource":"solar","Total_MW":10,"Install_MW":10,"City":"Ridgeland","County":"Jasper","Utility_Na":"Dominion Renewable Energy","Longitude":-80.961,"Latitude":32.465}},{"type":"Feature","geometry":{"type":"Point","coordinates":[-85.7301899999048,31.3311479999505]},"properties":{"Plant_Name":"Fort Rucker Solar Array","State":"Alabama","PrimSource":"solar","Total_MW":10.6,"Install_MW":10.6,"City":"Fort Rucker","County":"Dale","Utility_Na":"Alabama Power Co","Longitude":-85.73019,"Latitude":31.331148}},{"type":"Feature","geometry":{"type":"Point","coordinates":[-85.9694810001616,33.6267280001211]},"properties":{"Plant_Name":"ANAD Solar Array","State":"Alabama","PrimSource":"solar","Total_MW":7.4,"Install_MW":7.4,"City":"Anniston Army Depot","County":"Calhoun","Utility_Na":"Alabama Power Co","Longitude":-85.969481,"Latitude":33.626728}},{"type":"Feature","geometry":{"type":"Point","coordinates":[-79.7846270002581,35.7527000000516]},"properties":{"Plant_Name":"Tanager Holdings","State":"North Carolina","PrimSource":"solar","Total_MW":5,"Install_MW":5,"City":"Asheboro","County":"Randolph","Utility_Na":"RWE Renewables Americas, LLC","Longitude":-79.784627,"Latitude":35.7527}},{"type":"Feature","geometry":{"type":"Point","coordinates":[-81.097236000342,28.0637769998278]},"properties":{"Plant_Name":"JED Solid Waste Mgmt Renewable Energy","State":"Florida","PrimSource":"biomass","Total_MW":8.4,"Install_MW":9.6,"City":"St. Cloud","County":"Osceola","Utility_Na":"Sims Metals","Longitude":-81.097236,"Latitude":28.063777}},{"type":"Feature","geometry":{"type":"Point","coordinates":[-81.2844010003929,32.2928790002133]},"properties":{"Plant_Name":"Rincon Solar I","State":"Georgia","PrimSource":"solar","Total_MW":18.3,"Install_MW":18.4,"City":"Rincon","County":"Effingham","Utility_Na":"AES Distributed Energy","Longitude":-81.284401,"Latitude":32.292879}},{"type":"Feature","geometry":{"type":"Point","coordinates":[-84.5488889998472,38.345277999982]},"properties":{"Plant_Name":"Green City Recovery, LLC","State":"Kentucky","PrimSource":"biomass","Total_MW":2,"Install_MW":2,"City":"Georgetown","County":"Scott","Utility_Na":"Green City Recovery, LLC","Longitude":-84.548889,"Latitude":38.345278}},{"type":"Feature","geometry":{"type":"Point","coordinates":[-81.9817599996733,32.8206760002662]},"properties":{"Plant_Name":"Old Midville Solar","State":"Georgia","PrimSource":"solar","Total_MW":19.7,"Install_MW":19.7,"City":"Millen","County":"Jenkins","Utility_Na":"Citizens Enterprises Corporation","Longitude":-81.98176,"Latitude":32.820676}},{"type":"Feature","geometry":{"type":"Point","coordinates":[-81.4407170001878,35.1874750000809]},"properties":{"Plant_Name":"Roper Farm, LLC","State":"North Carolina","PrimSource":"solar","Total_MW":5,"Install_MW":5,"City":"Grover","County":"Cleveland","Utility_Na":"Strata Manager, LLC","Longitude":-81.440717,"Latitude":35.187475}},{"type":"Feature","geometry":{"type":"Point","coordinates":[-79.4745420002818,34.7840389999853]},"properties":{"Plant_Name":"Hew Fulton Farm, LLC","State":"North Carolina","PrimSource":"solar","Total_MW":5,"Install_MW":5,"City":"Laurinburg","County":"Scotland","Utility_Na":"Strata Manager, LLC","Longitude":-79.474542,"Latitude":34.784039}},{"type":"Feature","geometry":{"type":"Point","coordinates":[-79.0627080000245,34.888735999764]},"properties":{"Plant_Name":"McGoogan Farm, LLC","State":"North Carolina","PrimSource":"solar","Total_MW":5,"Install_MW":5,"City":"Lumber Bridge","County":"Robeson","Utility_Na":"Strata Manager, LLC","Longitude":-79.062708,"Latitude":34.888736}},{"type":"Feature","geometry":{"type":"Point","coordinates":[-76.2994690002051,36.2691750000722]},"properties":{"Plant_Name":"Barnhill Road Solar, LLC","State":"North Carolina","PrimSource":"solar","Total_MW":3.1,"Install_MW":3.1,"City":"Elizabeth City","County":"Pasquotank","Utility_Na":"Cypress Creek Renewables","Longitude":-76.299469,"Latitude":36.269175}},{"type":"Feature","geometry":{"type":"Point","coordinates":[-77.6229999995843,36.0580000000042]},"properties":{"Plant_Name":"Leggett Solar, LLC","State":"North Carolina","PrimSource":"solar","Total_MW":5,"Install_MW":5,"City":"Leggett","County":"Edgecombe","Utility_Na":"Cypress Creek Renewables","Longitude":-77.623,"Latitude":36.058}},{"type":"Feature","geometry":{"type":"Point","coordinates":[-79.0374829996226,34.5643070003187]},"properties":{"Plant_Name":"Jersey Holdings","State":"North Carolina","PrimSource":"solar","Total_MW":5,"Install_MW":5,"City":"Lumberton","County":"Robeson","Utility_Na":"Heelstone Energy Holdings, LLC","Longitude":-79.037483,"Latitude":34.564307}},{"type":"Feature","geometry":{"type":"Point","coordinates":[-77.1642010000915,35.8875449998874]},"properties":{"Plant_Name":"Williamston Speight Solar, LLC","State":"North Carolina","PrimSource":"solar","Total_MW":15,"Install_MW":15,"City":"Williamston","County":"Martin","Utility_Na":"Williamston Speight Solar, LLC","Longitude":-77.164201,"Latitude":35.887545}},{"type":"Feature","geometry":{"type":"Point","coordinates":[-83.1741140003442,30.37625399987]},"properties":{"Plant_Name":"Suwannee Solar Facility","State":"Florida","PrimSource":"solar","Total_MW":8.8,"Install_MW":8.8,"City":"Live Oak","County":"Suwannee","Utility_Na":"Duke Energy Florida, LLC","Longitude":-83.174114,"Latitude":30.376254}},{"type":"Feature","geometry":{"type":"Point","coordinates":[-77.9756679997722,34.2901890003622]},"properties":{"Plant_Name":"South Atlantic Services Solar Farm I","State":"North Carolina","PrimSource":"solar","Total_MW":1.6,"Install_MW":1.6,"City":"Wilmington","County":"New Hanover","Utility_Na":"South Atlantic Services Inc","Longitude":-77.975668,"Latitude":34.290189}},{"type":"Feature","geometry":{"type":"Point","coordinates":[-80.5300000001588,35.6099999997031]},"properties":{"Plant_Name":"Catawba Solar LLC","State":"North Carolina","PrimSource":"solar","Total_MW":2,"Install_MW":2,"City":"Salisbury","County":"Rowan","Utility_Na":"Catawba Solar LLC","Longitude":-80.53,"Latitude":35.61}},{"type":"Feature","geometry":{"type":"Point","coordinates":[-79.3519040003887,34.7091980000961]},"properties":{"Plant_Name":"Thigpen Farms Solar, LLC","State":"North Carolina","PrimSource":"solar","Total_MW":5,"Install_MW":5,"City":"Maxton","County":"Robeson","Utility_Na":"Thigpen Solar, LLC","Longitude":-79.351904,"Latitude":34.709198}},{"type":"Feature","geometry":{"type":"Point","coordinates":[-88.9975629999795,33.9266659997109]},"properties":{"Plant_Name":"SR Houston","State":"Mississippi","PrimSource":"solar","Total_MW":3.1,"Install_MW":3.1,"City":"Houston","County":"Chickasaw","Utility_Na":"SR Houston Holdings, LLC","Longitude":-88.997563,"Latitude":33.926666}},{"type":"Feature","geometry":{"type":"Point","coordinates":[-84.2547259995797,38.0272409999947]},"properties":{"Plant_Name":"Cooperative Solar One","State":"Kentucky","PrimSource":"solar","Total_MW":8.5,"Install_MW":8.5,"City":"Winchester","County":"Clark","Utility_Na":"East Kentucky Power Coop, Inc","Longitude":-84.254726,"Latitude":38.027241}},{"type":"Feature","geometry":{"type":"Point","coordinates":[-81.5408610003135,35.8499500000425]},"properties":{"Plant_Name":"Bernhardt Furniture Solar Farm","State":"North Carolina","PrimSource":"solar","Total_MW":1,"Install_MW":1.1,"City":"Lenoir","County":"Caldwell","Utility_Na":"Bernhardt Furniture Company","Longitude":-81.540861,"Latitude":35.84995}},{"type":"Feature","geometry":{"type":"Point","coordinates":[-77.6334770004373,36.3458419997305]},"properties":{"Plant_Name":"Carl Friedrich Gauss Solar","State":"North Carolina","PrimSource":"solar","Total_MW":5,"Install_MW":5,"City":"Halifax","County":"Halifax","Utility_Na":"Heelstone Energy Holdings, LLC","Longitude":-77.633477,"Latitude":36.345842}},{"type":"Feature","geometry":{"type":"Point","coordinates":[-76.8446119995807,37.4714640001851]},"properties":{"Plant_Name":"Correctional Solar LLC","State":"Virginia","PrimSource":"solar","Total_MW":20,"Install_MW":20,"City":"Barhamsville","County":"New Kent","Utility_Na":"Dominion Renewable Energy","Longitude":-76.844612,"Latitude":37.471464}},{"type":"Feature","geometry":{"type":"Point","coordinates":[-77.4177600003965,36.9405290001124]},"properties":{"Plant_Name":"Sussex Drive, LLC","State":"Virginia","PrimSource":"solar","Total_MW":20,"Install_MW":20,"City":"Stoney Creek","County":"Sussex","Utility_Na":"Dominion Renewable Energy","Longitude":-77.41776,"Latitude":36.940529}},{"type":"Feature","geometry":{"type":"Point","coordinates":[-78.3792369999523,37.5029439998995]},"properties":{"Plant_Name":"Buckingham Solar LLC","State":"Virginia","PrimSource":"solar","Total_MW":19.8,"Install_MW":19.8,"City":"Cumberland","County":"Buckingham","Utility_Na":"Dominion Renewable Energy","Longitude":-78.379237,"Latitude":37.502944}},{"type":"Feature","geometry":{"type":"Point","coordinates":[-78.9621589998428,34.9348860000646]},"properties":{"Plant_Name":"Viper Solar","State":"North Carolina","PrimSource":"solar","Total_MW":2,"Install_MW":2,"City":"Rockfish","County":"Cumberland","Utility_Na":"Cypress Creek Renewables","Longitude":-78.962159,"Latitude":34.934886}},{"type":"Feature","geometry":{"type":"Point","coordinates":[-77.7950610004343,35.2878029996825]},"properties":{"Plant_Name":"Scarlet Solar","State":"North Carolina","PrimSource":"solar","Total_MW":2,"Install_MW":2,"City":"La Grange","County":"Lenoir","Utility_Na":"Cypress Creek Renewables","Longitude":-77.795061,"Latitude":35.287803}},{"type":"Feature","geometry":{"type":"Point","coordinates":[-78.0220000002444,35.2739999998633]},"properties":{"Plant_Name":"Ruskin Solar","State":"North Carolina","PrimSource":"solar","Total_MW":2,"Install_MW":2,"City":"Dudley","County":"Wayne","Utility_Na":"Cypress Creek Renewables","Longitude":-78.022,"Latitude":35.274}},{"type":"Feature","geometry":{"type":"Point","coordinates":[-77.933518000104,35.9930150001703]},"properties":{"Plant_Name":"Red Oak Solar Farm, LLC","State":"North Carolina","PrimSource":"solar","Total_MW":4.9,"Install_MW":5,"City":"Nashville","County":"Nash","Utility_Na":"Heelstone Energy Holdings, LLC","Longitude":-77.933518,"Latitude":35.993015}},{"type":"Feature","geometry":{"type":"Point","coordinates":[-82.9259999997933,32.5809999998622]},"properties":{"Plant_Name":"Dublin Solar I","State":"Georgia","PrimSource":"solar","Total_MW":4.1,"Install_MW":4.1,"City":"Dublin","County":"Laurens","Utility_Na":"AES Distributed Energy","Longitude":-82.926,"Latitude":32.581}},{"type":"Feature","geometry":{"type":"Point","coordinates":[-79.7924739998606,36.2720370002213]},"properties":{"Plant_Name":"Washington Solar","State":"North Carolina","PrimSource":"solar","Total_MW":5,"Install_MW":5,"City":"Reidsville","County":"Rockingham","Utility_Na":"SolRiver Capital LLC","Longitude":-79.792474,"Latitude":36.272037}},{"type":"Feature","geometry":{"type":"Point","coordinates":[-80.4185000003695,35.4010910000805]},"properties":{"Plant_Name":"Violet Solar","State":"North Carolina","PrimSource":"solar","Total_MW":5,"Install_MW":5,"City":"Mount Pleasant","County":"Cabarrus","Utility_Na":"Violet Solar, LLC","Longitude":-80.4185,"Latitude":35.401091}},{"type":"Feature","geometry":{"type":"Point","coordinates":[-79.1984809998136,35.5284889998391]},"properties":{"Plant_Name":"Cotten Farm, LLC","State":"North Carolina","PrimSource":"solar","Total_MW":4.9,"Install_MW":5,"City":"Sanford","County":"Lee","Utility_Na":"Heelstone Energy Holdings, LLC","Longitude":-79.198481,"Latitude":35.528489}},{"type":"Feature","geometry":{"type":"Point","coordinates":[-77.9446369999412,37.5262439999009]},"properties":{"Plant_Name":"Scott-II Solar LLC","State":"Virginia","PrimSource":"solar","Total_MW":20,"Install_MW":20,"City":"Powhatan","County":"Powhatan","Utility_Na":"Dominion Renewable Energy","Longitude":-77.944637,"Latitude":37.526244}},{"type":"Feature","geometry":{"type":"Point","coordinates":[-79.2014300000081,34.8131899998247]},"properties":{"Plant_Name":"ZV Solar 1","State":"North Carolina","PrimSource":"solar","Total_MW":5,"Install_MW":5,"City":"Red Springs","County":"Robeson","Utility_Na":"Cypress Creek Renewables","Longitude":-79.20143,"Latitude":34.81319}},{"type":"Feature","geometry":{"type":"Point","coordinates":[-77.7951690003893,34.8969530002517]},"properties":{"Plant_Name":"Atkinson Farm Solar","State":"North Carolina","PrimSource":"solar","Total_MW":5,"Install_MW":5,"City":"Beulaville","County":"Duplin","Utility_Na":"Strata Manager, LLC","Longitude":-77.795169,"Latitude":34.896953}},{"type":"Feature","geometry":{"type":"Point","coordinates":[-77.7197450001521,36.4332890003046]},"properties":{"Plant_Name":"Northern Cardinal Solar","State":"North Carolina","PrimSource":"solar","Total_MW":2,"Install_MW":2,"City":"Roanoke Rapids","County":"Halifax","Utility_Na":"Terraform Arcadia","Longitude":-77.719745,"Latitude":36.433289}},{"type":"Feature","geometry":{"type":"Point","coordinates":[-79.916999999766,34.3200000003346]},"properties":{"Plant_Name":"Darlington Solar, LLC","State":"South Carolina","PrimSource":"solar","Total_MW":10,"Install_MW":10,"City":"Darlington","County":"Darlington","Utility_Na":"Darlington Solar, LLC","Longitude":-79.917,"Latitude":34.32}},{"type":"Feature","geometry":{"type":"Point","coordinates":[-77.3095699995784,35.8211370000618]},"properties":{"Plant_Name":"Everett PV1","State":"North Carolina","PrimSource":"solar","Total_MW":10,"Install_MW":10,"City":"Parmele","County":"Martin","Utility_Na":"Ecoplexus, Inc","Longitude":-77.30957,"Latitude":35.821137}},{"type":"Feature","geometry":{"type":"Point","coordinates":[-77.0495370000225,36.4193530003201]},"properties":{"Plant_Name":"Underwood PV2","State":"North Carolina","PrimSource":"solar","Total_MW":16,"Install_MW":16,"City":"Murfreesboro","County":"Hertford","Utility_Na":"Ecoplexus, Inc","Longitude":-77.049537,"Latitude":36.419353}},{"type":"Feature","geometry":{"type":"Point","coordinates":[-81.9912030001085,33.485245000249]},"properties":{"Plant_Name":"King Mill","State":"Georgia","PrimSource":"hydroelectric","Total_MW":2,"Install_MW":2.2,"City":"Augusta","County":"Richmond","Utility_Na":"Augusta Canal Authority","Longitude":-81.991203,"Latitude":33.485245}},{"type":"Feature","geometry":{"type":"Point","coordinates":[-77.7119999997586,36.1800000002136]},"properties":{"Plant_Name":"Chestnut Solar","State":"North Carolina","PrimSource":"solar","Total_MW":74.9,"Install_MW":74.9,"City":"Enfield","County":"Halifax","Utility_Na":"Dominion Renewable Energy","Longitude":-77.712,"Latitude":36.18}},{"type":"Feature","geometry":{"type":"Point","coordinates":[-79.4496750000801,35.7473720000055]},"properties":{"Plant_Name":"Siler 421 Farm, LLC","State":"North Carolina","PrimSource":"solar","Total_MW":4.9,"Install_MW":5,"City":"Siler City","County":"Chatham","Utility_Na":"Heelstone Energy Holdings, LLC","Longitude":-79.449675,"Latitude":35.747372}},{"type":"Feature","geometry":{"type":"Point","coordinates":[-80.5781779999123,27.5732560000767]},"properties":{"Plant_Name":"Indian River Solar Center","State":"Florida","PrimSource":"solar","Total_MW":74.5,"Install_MW":74.5,"City":"Vero Beach","County":"Indian River","Utility_Na":"Florida Power & Light Co","Longitude":-80.578178,"Latitude":27.573256}},{"type":"Feature","geometry":{"type":"Point","coordinates":[-82.0583329999562,29.6655559998811]},"properties":{"Plant_Name":"Horizon Solar Energy Center","State":"Florida","PrimSource":"solar","Total_MW":74.5,"Install_MW":74.5,"City":"Hawthorne","County":"Putnam","Utility_Na":"Florida Power & Light Co","Longitude":-82.058333,"Latitude":29.665556}},{"type":"Feature","geometry":{"type":"Point","coordinates":[-81.8972219997873,29.7569440003159]},"properties":{"Plant_Name":"Coral Farms Solar Energy Center","State":"Florida","PrimSource":"solar","Total_MW":74.5,"Install_MW":74.5,"City":"Florahome","County":"Putnam","Utility_Na":"Florida Power & Light Co","Longitude":-81.897222,"Latitude":29.756944}},{"type":"Feature","geometry":{"type":"Point","coordinates":[-77.1704390002391,37.6720050002169]},"properties":{"Plant_Name":"Hollyfield","State":"Virginia","PrimSource":"solar","Total_MW":17,"Install_MW":17,"City":"Manquin","County":"King William","Utility_Na":"Virginia Electric & Power Co","Longitude":-77.170439,"Latitude":37.672005}},{"type":"Feature","geometry":{"type":"Point","coordinates":[-81.3249529995786,26.692645999831]},"properties":{"Plant_Name":"Hammock Solar","State":"Florida","PrimSource":"solar","Total_MW":74.5,"Install_MW":74.5,"City":"Labelle","County":"Hendry","Utility_Na":"Florida Power & Light Co","Longitude":-81.324953,"Latitude":26.692646}},{"type":"Feature","geometry":{"type":"Point","coordinates":[-80.5371889999853,27.6094559996304]},"properties":{"Plant_Name":"Blue Cypress Solar Energy Center","State":"Florida","PrimSource":"solar","Total_MW":74.5,"Install_MW":74.5,"City":"Vero Beach","County":"Indian River","Utility_Na":"Florida Power & Light Co","Longitude":-80.537189,"Latitude":27.609456}},{"type":"Feature","geometry":{"type":"Point","coordinates":[-77.6774740001101,36.5059199996449]},"properties":{"Plant_Name":"Floyd Road Solar Farm","State":"North Carolina","PrimSource":"solar","Total_MW":5,"Install_MW":5,"City":"Gaston","County":"Northampton","Utility_Na":"Greenbacker Renewable Energy Corporation","Longitude":-77.677474,"Latitude":36.50592}},{"type":"Feature","geometry":{"type":"Point","coordinates":[-81.7838990002828,27.3161869996159]},"properties":{"Plant_Name":"Wildflower Solar Energy Center","State":"Florida","PrimSource":"solar","Total_MW":74.5,"Install_MW":74.5,"City":"Arcadia","County":"Desoto","Utility_Na":"Florida Power & Light Co","Longitude":-81.783899,"Latitude":27.316187}},{"type":"Feature","geometry":{"type":"Point","coordinates":[-80.5211109997425,27.8658330003441]},"properties":{"Plant_Name":"Barefoot Bay Solar Energy Center","State":"Florida","PrimSource":"solar","Total_MW":74.5,"Install_MW":74.5,"City":"Sebastian","County":"Brevard","Utility_Na":"Florida Power & Light Co","Longitude":-80.521111,"Latitude":27.865833}},{"type":"Feature","geometry":{"type":"Point","coordinates":[-80.5413890003327,27.2377780003229]},"properties":{"Plant_Name":"Loggerhead Solar Energy Center","State":"Florida","PrimSource":"solar","Total_MW":74.5,"Install_MW":74.5,"City":"Port St. Lucie","County":"St Lucie","Utility_Na":"Florida Power & Light Co","Longitude":-80.541389,"Latitude":27.237778}},{"type":"Feature","geometry":{"type":"Point","coordinates":[-78.1799999998372,38.929000000026]},"properties":{"Plant_Name":"DG AMP Solar Front Royal","State":"Virginia","PrimSource":"solar","Total_MW":2.5,"Install_MW":2.5,"City":"Front Royal","County":"Warren","Utility_Na":"DG AMP Solar, LLC","Longitude":-78.18,"Latitude":38.929}},{"type":"Feature","geometry":{"type":"Point","coordinates":[-84.260028000117,30.4598129997238]},"properties":{"Plant_Name":"Sub 12","State":"Florida","PrimSource":"natural gas","Total_MW":18.4,"Install_MW":18.6,"City":"Tallahassee","County":"Leon","Utility_Na":"City of Tallahassee - (FL)","Longitude":-84.260028,"Latitude":30.459813}},{"type":"Feature","geometry":{"type":"Point","coordinates":[-79.0318360002021,34.5831189997315]},"properties":{"Plant_Name":"Stone Solar","State":"North Carolina","PrimSource":"solar","Total_MW":5,"Install_MW":5,"City":"Lumberton","County":"Robeson","Utility_Na":"Strata Manager, LLC","Longitude":-79.031836,"Latitude":34.583119}},{"type":"Feature","geometry":{"type":"Point","coordinates":[-80.774866999691,35.7349719997008]},"properties":{"Plant_Name":"Tripple State Farm","State":"North Carolina","PrimSource":"solar","Total_MW":5,"Install_MW":5,"City":"Statesville","County":"Iredell","Utility_Na":"Strata Manager, LLC","Longitude":-80.774867,"Latitude":35.734972}},{"type":"Feature","geometry":{"type":"Point","coordinates":[-80.0973199999471,34.991149999681]},"properties":{"Plant_Name":"Wadesboro Farm 1","State":"North Carolina","PrimSource":"solar","Total_MW":5,"Install_MW":5,"City":"Wadesboro","County":"Anson","Utility_Na":"Strata Manager, LLC","Longitude":-80.09732,"Latitude":34.99115}},{"type":"Feature","geometry":{"type":"Point","coordinates":[-78.2090499997694,34.3189970001487]},"properties":{"Plant_Name":"Delco Farm","State":"North Carolina","PrimSource":"solar","Total_MW":5,"Install_MW":5,"City":"Riegelwood","County":"Columbus","Utility_Na":"Strata Manager, LLC","Longitude":-78.20905,"Latitude":34.318997}},{"type":"Feature","geometry":{"type":"Point","coordinates":[-80.0346499998394,35.2412499999501]},"properties":{"Plant_Name":"Fisher Solar Farm - NC","State":"North Carolina","PrimSource":"solar","Total_MW":5,"Install_MW":5,"City":"Oakboro","County":"Stanly","Utility_Na":"Strata Manager, LLC","Longitude":-80.03465,"Latitude":35.24125}},{"type":"Feature","geometry":{"type":"Point","coordinates":[-77.6425900002613,35.218399999918]},"properties":{"Plant_Name":"Kinston Davis Farm","State":"North Carolina","PrimSource":"solar","Total_MW":5,"Install_MW":5,"City":"Kinston","County":"Lenoir","Utility_Na":"Strata Manager, LLC","Longitude":-77.64259,"Latitude":35.2184}},{"type":"Feature","geometry":{"type":"Point","coordinates":[-79.4429690001274,34.764402999986]},"properties":{"Plant_Name":"Laurinburg Farm","State":"North Carolina","PrimSource":"solar","Total_MW":5,"Install_MW":5,"City":"Laurinburg","County":"Scotland","Utility_Na":"Strata Manager, LLC","Longitude":-79.442969,"Latitude":34.764403}},{"type":"Feature","geometry":{"type":"Point","coordinates":[-79.9358439999052,34.9680560002965]},"properties":{"Plant_Name":"Mills Anson Farm","State":"North Carolina","PrimSource":"solar","Total_MW":5,"Install_MW":5,"City":"Lilesville","County":"Anson","Utility_Na":"Strata Manager, LLC","Longitude":-79.935844,"Latitude":34.968056}},{"type":"Feature","geometry":{"type":"Point","coordinates":[-79.5139279997034,34.817835999746]},"properties":{"Plant_Name":"Old Wire Farm","State":"North Carolina","PrimSource":"solar","Total_MW":5,"Install_MW":5,"City":"Laurel Hill","County":"Scotland","Utility_Na":"Strata Manager, LLC","Longitude":-79.513928,"Latitude":34.817836}},{"type":"Feature","geometry":{"type":"Point","coordinates":[-78.9504940003827,34.8079030001008]},"properties":{"Plant_Name":"Railroad Farm 2","State":"North Carolina","PrimSource":"solar","Total_MW":5,"Install_MW":5,"City":"St. Pauls","County":"Robeson","Utility_Na":"Strata Manager, LLC","Longitude":-78.950494,"Latitude":34.807903}},{"type":"Feature","geometry":{"type":"Point","coordinates":[-78.4705360000427,34.9610390001671]},"properties":{"Plant_Name":"Sampson Solar","State":"North Carolina","PrimSource":"solar","Total_MW":2,"Install_MW":2,"City":"Roseboro","County":"Sampson","Utility_Na":"Strata Manager, LLC","Longitude":-78.470536,"Latitude":34.961039}},{"type":"Feature","geometry":{"type":"Point","coordinates":[-79.4809949996162,37.3350459998573]},"properties":{"Plant_Name":"Bedford Solar","State":"Virginia","PrimSource":"solar","Total_MW":3,"Install_MW":3,"City":"Bedford","County":"Bedford","Utility_Na":"Oppidum Renewables USA, LLC","Longitude":-79.480995,"Latitude":37.335046}},{"type":"Feature","geometry":{"type":"Point","coordinates":[-81.8173620000994,35.3483750003449]},"properties":{"Plant_Name":"Gamble Solar","State":"North Carolina","PrimSource":"solar","Total_MW":3,"Install_MW":3,"City":"Bostic","County":"Rutherford","Utility_Na":"Oppidum Renewables USA, LLC","Longitude":-81.817362,"Latitude":35.348375}},{"type":"Feature","geometry":{"type":"Point","coordinates":[-80.4226260001987,35.6325849997107]},"properties":{"Plant_Name":"Salisbury Solar","State":"North Carolina","PrimSource":"solar","Total_MW":3.8,"Install_MW":3.8,"City":"Salisbury","County":"Rowan","Utility_Na":"Oppidum Renewables USA, LLC","Longitude":-80.422626,"Latitude":35.632585}},{"type":"Feature","geometry":{"type":"Point","coordinates":[-80.0289869996271,34.9738630000336]},"properties":{"Plant_Name":"Wadesboro Solar","State":"North Carolina","PrimSource":"solar","Total_MW":5,"Install_MW":5,"City":"Wadesboro","County":"Anson","Utility_Na":"Oppidum Renewables USA, LLC","Longitude":-80.028987,"Latitude":34.973863}},{"type":"Feature","geometry":{"type":"Point","coordinates":[-77.6158690003824,35.829572000187]},"properties":{"Plant_Name":"Tolson Solar","State":"North Carolina","PrimSource":"solar","Total_MW":3,"Install_MW":3,"City":"Tarboro","County":"Edgecombe","Utility_Na":"Oppidum Renewables USA, LLC","Longitude":-77.615869,"Latitude":35.829572}},{"type":"Feature","geometry":{"type":"Point","coordinates":[-77.1615139998379,36.4426359997122]},"properties":{"Plant_Name":"Phelps 158 Solar Farm","State":"North Carolina","PrimSource":"solar","Total_MW":5,"Install_MW":5,"City":"Conway","County":"Northampton","Utility_Na":"Greenbacker Renewable Energy Corporation","Longitude":-77.161514,"Latitude":36.442636}},{"type":"Feature","geometry":{"type":"Point","coordinates":[-79.1344399999024,35.4677700001287]},"properties":{"Plant_Name":"Boaz Farm Solar","State":"North Carolina","PrimSource":"solar","Total_MW":5,"Install_MW":5,"City":"Sanford","County":"Lee","Utility_Na":"CD Global Solar Holdings, LLC","Longitude":-79.13444,"Latitude":35.46777}},{"type":"Feature","geometry":{"type":"Point","coordinates":[-78.1772039998035,35.5444049997378]},"properties":{"Plant_Name":"Bizzell Church Solar 2","State":"North Carolina","PrimSource":"solar","Total_MW":5,"Install_MW":5,"City":"Selma","County":"Johnston","Utility_Na":"CD Global Solar Holdings, LLC","Longitude":-78.177204,"Latitude":35.544405}},{"type":"Feature","geometry":{"type":"Point","coordinates":[-80.3837999997454,25.7914999996206]},"properties":{"Plant_Name":"IKEA Miami 327","State":"Florida","PrimSource":"solar","Total_MW":1,"Install_MW":1,"City":"Miami","County":"Miami Dade","Utility_Na":"IKEA Property Inc","Longitude":-80.3838,"Latitude":25.7915}},{"type":"Feature","geometry":{"type":"Point","coordinates":[-78.6689000002968,35.837841000202]},"properties":{"Plant_Name":"Century Drive Solar Farm","State":"North Carolina","PrimSource":"solar","Total_MW":1,"Install_MW":1,"City":"Raleigh","County":"Wake","Utility_Na":"J.T. Hobby and Son, Inc.","Longitude":-78.6689,"Latitude":35.837841}},{"type":"Feature","geometry":{"type":"Point","coordinates":[-78.9286569996681,34.6355989997652]},"properties":{"Plant_Name":"Barker Solar, LLC","State":"North Carolina","PrimSource":"solar","Total_MW":5,"Install_MW":5,"City":"Lumberton","County":"Robeson","Utility_Na":"Altus Power America Management, LLC","Longitude":-78.928657,"Latitude":34.635599}},{"type":"Feature","geometry":{"type":"Point","coordinates":[-81.430384999998,35.2441250003]},"properties":{"Plant_Name":"231 Dixon 74 Solar I, LLC","State":"North Carolina","PrimSource":"solar","Total_MW":2,"Install_MW":2,"City":"Kings Mountain","County":"Cleveland","Utility_Na":"Altus Power America Management, LLC","Longitude":-81.430385,"Latitude":35.244125}},{"type":"Feature","geometry":{"type":"Point","coordinates":[-78.7014629995898,34.3071209999503]},"properties":{"Plant_Name":"Mill Pond Solar Farm, LLC","State":"North Carolina","PrimSource":"solar","Total_MW":5,"Install_MW":5,"City":"Whiteville","County":"Columbus","Utility_Na":"Altus Power America Management, LLC","Longitude":-78.701463,"Latitude":34.307121}},{"type":"Feature","geometry":{"type":"Point","coordinates":[-89.1192329995769,30.3798659998319]},"properties":{"Plant_Name":"Gulfport Naval Base CSG PV System","State":"Mississippi","PrimSource":"solar","Total_MW":3.5,"Install_MW":3.5,"City":"Gulfport","County":"Harrison","Utility_Na":"Arcadia Solar, LLC","Longitude":-89.119233,"Latitude":30.379866}},{"type":"Feature","geometry":{"type":"Point","coordinates":[-89.799301999718,35.1899909996535]},"properties":{"Plant_Name":"IKEA Memphis 508","State":"Tennessee","PrimSource":"solar","Total_MW":1.1,"Install_MW":1.1,"City":"Cordova","County":"Shelby","Utility_Na":"IKEA Property Inc","Longitude":-89.799302,"Latitude":35.189991}},{"type":"Feature","geometry":{"type":"Point","coordinates":[-83.1929020004068,34.0405589996511]},"properties":{"Plant_Name":"GRP Madison Renewable Energy Facility","State":"Georgia","PrimSource":"biomass","Total_MW":58,"Install_MW":58,"City":"Colbert","County":"Madison","Utility_Na":"GRP Madison Renewable Energy Facility, LLC","Longitude":-83.192902,"Latitude":34.040559}},{"type":"Feature","geometry":{"type":"Point","coordinates":[-78.9572060001832,34.5229419996866]},"properties":{"Plant_Name":"Broadridge Solar, LLC","State":"North Carolina","PrimSource":"solar","Total_MW":5,"Install_MW":5,"City":"Lumberton","County":"Robeson","Utility_Na":"Altus Power America Management, LLC","Longitude":-78.957206,"Latitude":34.522942}},{"type":"Feature","geometry":{"type":"Point","coordinates":[-78.4490239999165,36.3911940003037]},"properties":{"Plant_Name":"Kelly Solar, LLC","State":"North Carolina","PrimSource":"solar","Total_MW":5,"Install_MW":5,"City":"Henderson","County":"Vance","Utility_Na":"Altus Power America Management, LLC","Longitude":-78.449024,"Latitude":36.391194}},{"type":"Feature","geometry":{"type":"Point","coordinates":[-80.4078529996371,35.7128859999439]},"properties":{"Plant_Name":"Spencer Farm, LLC","State":"North Carolina","PrimSource":"solar","Total_MW":5,"Install_MW":5,"City":"Salisbury","County":"Rowan","Utility_Na":"Strata Manager, LLC","Longitude":-80.407853,"Latitude":35.712886}},{"type":"Feature","geometry":{"type":"Point","coordinates":[-81.1803599998685,28.4773499996817]},"properties":{"Plant_Name":"ACE-Stanton PV","State":"Florida","PrimSource":"solar","Total_MW":4.8,"Install_MW":4.8,"City":"Orlando","County":"Orange","Utility_Na":"ACE-Stanton, LLC","Longitude":-81.18036,"Latitude":28.47735}},{"type":"Feature","geometry":{"type":"Point","coordinates":[-81.1741100000254,28.4845499996579]},"properties":{"Plant_Name":"ACE-Stanton A PV","State":"Florida","PrimSource":"solar","Total_MW":4.1,"Install_MW":4.1,"City":"Orlando","County":"Orange","Utility_Na":"ACE-Stanton A, LLC","Longitude":-81.17411,"Latitude":28.48455}},{"type":"Feature","geometry":{"type":"Point","coordinates":[-79.9149999996006,35.3429999999673]},"properties":{"Plant_Name":"Haywood Farm Solar, LLC","State":"North Carolina","PrimSource":"solar","Total_MW":4.9,"Install_MW":4.9,"City":"Troy","County":"Montgomery","Utility_Na":"CD Global Solar Holdings, LLC","Longitude":-79.915,"Latitude":35.343}},{"type":"Feature","geometry":{"type":"Point","coordinates":[-77.4969999999432,35.2050000002228]},"properties":{"Plant_Name":"Hood Farm Solar, LLC","State":"North Carolina","PrimSource":"solar","Total_MW":4.9,"Install_MW":4.9,"City":"Trenton","County":"Jones","Utility_Na":"CD Global Solar Holdings, LLC","Longitude":-77.497,"Latitude":35.205}},{"type":"Feature","geometry":{"type":"Point","coordinates":[-79.1999999997551,34.8159999999749]},"properties":{"Plant_Name":"ZV Solar 2, LLC","State":"North Carolina","PrimSource":"solar","Total_MW":4.9,"Install_MW":4.9,"City":"Red Springs","County":"Robeson","Utility_Na":"CD Global Solar Holdings, LLC","Longitude":-79.2,"Latitude":34.816}},{"type":"Feature","geometry":{"type":"Point","coordinates":[-77.8250000001211,35.0460000003488]},"properties":{"Plant_Name":"Innovative Solar 35, LLC","State":"North Carolina","PrimSource":"solar","Total_MW":1.9,"Install_MW":1.9,"City":"Albertson","County":"Duplin","Utility_Na":"CD Global Solar Holdings, LLC","Longitude":-77.825,"Latitude":35.046}},{"type":"Feature","geometry":{"type":"Point","coordinates":[-77.9792799997655,36.0947189999545]},"properties":{"Plant_Name":"Innovative Solar 59, LLC","State":"North Carolina","PrimSource":"solar","Total_MW":1.9,"Install_MW":1.9,"City":"Nashville","County":"Nash","Utility_Na":"CD Global Solar Holdings, LLC","Longitude":-77.97928,"Latitude":36.094719}},{"type":"Feature","geometry":{"type":"Point","coordinates":[-77.9919999995599,36.0910000000596]},"properties":{"Plant_Name":"Innovative Solar 60, LLC","State":"North Carolina","PrimSource":"solar","Total_MW":1.9,"Install_MW":1.9,"City":"Castalia","County":"Nash","Utility_Na":"CD Global Solar Holdings, LLC","Longitude":-77.992,"Latitude":36.091}},{"type":"Feature","geometry":{"type":"Point","coordinates":[-82.5884399999028,35.5611559996675]},"properties":{"Plant_Name":"Biltmore Solar Fields","State":"North Carolina","PrimSource":"solar","Total_MW":1.5,"Install_MW":1.5,"City":"Asheville","County":"Buncombe","Utility_Na":"The Biltmore Company","Longitude":-82.58844,"Latitude":35.561156}},{"type":"Feature","geometry":{"type":"Point","coordinates":[-77.9000000000358,35.6999999996504]},"properties":{"Plant_Name":"Wilson Solar Farm 1","State":"North Carolina","PrimSource":"solar","Total_MW":3.3,"Install_MW":3.4,"City":"Wilson","County":"Wilson","Utility_Na":"GCL New Energy, Inc.","Longitude":-77.9,"Latitude":35.7}},{"type":"Feature","geometry":{"type":"Point","coordinates":[-78.0159999997482,35.6829999997218]},"properties":{"Plant_Name":"Wilson Solar Farm 2","State":"North Carolina","PrimSource":"solar","Total_MW":3.8,"Install_MW":5,"City":"Lucama","County":"Wilson","Utility_Na":"GCL New Energy, Inc.","Longitude":-78.016,"Latitude":35.683}},{"type":"Feature","geometry":{"type":"Point","coordinates":[-78.0000000002215,35.7799999999933]},"properties":{"Plant_Name":"Wilson Solar Farm 3","State":"North Carolina","PrimSource":"solar","Total_MW":9,"Install_MW":10,"City":"Wilson","County":"Wilson","Utility_Na":"GCL New Energy, Inc.","Longitude":-78,"Latitude":35.78}},{"type":"Feature","geometry":{"type":"Point","coordinates":[-78.0000000002215,35.6999999996504]},"properties":{"Plant_Name":"Wilson Solar Farm 4","State":"North Carolina","PrimSource":"solar","Total_MW":9,"Install_MW":10,"City":"Wilson","County":"Wilson","Utility_Na":"GCL New Energy, Inc.","Longitude":-78,"Latitude":35.7}},{"type":"Feature","geometry":{"type":"Point","coordinates":[-77.8700000002496,35.6799999999736]},"properties":{"Plant_Name":"Wilson Solar Farm 5","State":"North Carolina","PrimSource":"solar","Total_MW":9.5,"Install_MW":10,"City":"Wilson","County":"Wilson","Utility_Na":"GCL New Energy, Inc.","Longitude":-77.87,"Latitude":35.68}},{"type":"Feature","geometry":{"type":"Point","coordinates":[-77.8700000002496,35.6799999999736]},"properties":{"Plant_Name":"Wilson Solar Farm 6","State":"North Carolina","PrimSource":"solar","Total_MW":9.7,"Install_MW":10,"City":"Wilson","County":"Wilson","Utility_Na":"GCL New Energy, Inc.","Longitude":-77.87,"Latitude":35.68}},{"type":"Feature","geometry":{"type":"Point","coordinates":[-78.0000000002215,35.750000000059]},"properties":{"Plant_Name":"Wilson Solar Farm 7","State":"North Carolina","PrimSource":"solar","Total_MW":9.2,"Install_MW":10,"City":"Wilson","County":"Wilson","Utility_Na":"GCL New Energy, Inc.","Longitude":-78,"Latitude":35.75}},{"type":"Feature","geometry":{"type":"Point","coordinates":[-78.8176520003464,34.5477609998271]},"properties":{"Plant_Name":"Bladenboro Solar, LLC","State":"North Carolina","PrimSource":"solar","Total_MW":4.8,"Install_MW":4.8,"City":"Bladenboro","County":"Bladen","Utility_Na":"Cypress Creek Renewables","Longitude":-78.817652,"Latitude":34.547761}},{"type":"Feature","geometry":{"type":"Point","coordinates":[-81.4294329995959,35.241144999894]},"properties":{"Plant_Name":"Lux Solar, LLC","State":"North Carolina","PrimSource":"solar","Total_MW":2,"Install_MW":2,"City":"Kings Mountain","County":"Cleveland","Utility_Na":"Cypress Creek Renewables","Longitude":-81.429433,"Latitude":35.241145}},{"type":"Feature","geometry":{"type":"Point","coordinates":[-76.4893569995965,36.1606290001601]},"properties":{"Plant_Name":"Sun Farm V, LLC","State":"North Carolina","PrimSource":"solar","Total_MW":4.8,"Install_MW":5,"City":"Hertford","County":"Perquimans","Utility_Na":"Greenbacker Renewable Energy Corporation","Longitude":-76.489357,"Latitude":36.160629}},{"type":"Feature","geometry":{"type":"Point","coordinates":[-78.6222420003097,36.3268209997011]},"properties":{"Plant_Name":"Roxboro Solar Farm, LLC","State":"North Carolina","PrimSource":"solar","Total_MW":5,"Install_MW":5,"City":"Oxford","County":"Granville","Utility_Na":"Cypress Creek Renewables","Longitude":-78.622242,"Latitude":36.326821}},{"type":"Feature","geometry":{"type":"Point","coordinates":[-77.8299999996363,35.750000000059]},"properties":{"Plant_Name":"Jackson Solar Farm","State":"North Carolina","PrimSource":"solar","Total_MW":8.6,"Install_MW":10,"City":"Wilson","County":"Wilson","Utility_Na":"GCL New Energy, Inc.","Longitude":-77.83,"Latitude":35.75}},{"type":"Feature","geometry":{"type":"Point","coordinates":[-78.0644400003408,34.2735500003127]},"properties":{"Plant_Name":"AGA TAG Solar IV LLC","State":"North Carolina","PrimSource":"solar","Total_MW":4.8,"Install_MW":4.9,"City":"Leland","County":"Brunswick","Utility_Na":"AGA TAG Solar IV LLC","Longitude":-78.06444,"Latitude":34.27355}},{"type":"Feature","geometry":{"type":"Point","coordinates":[-81.8781900002254,34.9938900002421]},"properties":{"Plant_Name":"Limelight Solar II LLC","State":"South Carolina","PrimSource":"solar","Total_MW":2,"Install_MW":2,"City":"Spartanburg","County":"Spartanburg","Utility_Na":"Limelight Solar II LLC","Longitude":-81.87819,"Latitude":34.99389}},{"type":"Feature","geometry":{"type":"Point","coordinates":[-82.0420999999027,34.9964699999167]},"properties":{"Plant_Name":"ATOOD Solar III LLC","State":"South Carolina","PrimSource":"solar","Total_MW":2,"Install_MW":2,"City":"Spartanburg","County":"Spartanburg","Utility_Na":"ATOOD Solar III LLC","Longitude":-82.0421,"Latitude":34.99647}},{"type":"Feature","geometry":{"type":"Point","coordinates":[-82.0420999999027,34.9964699999167]},"properties":{"Plant_Name":"AGA TAG Solar III LLC","State":"South Carolina","PrimSource":"solar","Total_MW":2,"Install_MW":2,"City":"Spartanburg","County":"Spartanburg","Utility_Na":"AGA TAG Solar III LLC","Longitude":-82.0421,"Latitude":34.99647}},{"type":"Feature","geometry":{"type":"Point","coordinates":[-81.1619300000062,37.8157700002149]},"properties":{"Plant_Name":"New River Clean Energy","State":"West Virginia","PrimSource":"biomass","Total_MW":3.2,"Install_MW":3.2,"City":"Beckley","County":"Raleigh","Utility_Na":"Cox Enterprises","Longitude":-81.16193,"Latitude":37.81577}},{"type":"Feature","geometry":{"type":"Point","coordinates":[-81.3780999997835,28.6663300000932]},"properties":{"Plant_Name":"Altamonte Mall","State":"Florida","PrimSource":"solar","Total_MW":1.5,"Install_MW":1.5,"City":"Altamonte Springs","County":"Seminole","Utility_Na":"Altamonte Mall","Longitude":-81.3781,"Latitude":28.66633}},{"type":"Feature","geometry":{"type":"Point","coordinates":[-80.3046000003816,26.010600000027]},"properties":{"Plant_Name":"Pembroke Lakes Mall","State":"Florida","PrimSource":"solar","Total_MW":1.1,"Install_MW":1.1,"City":"Pembroke Pines","County":"Broward","Utility_Na":"Pembroke Lakes Mall","Longitude":-80.3046,"Latitude":26.0106}},{"type":"Feature","geometry":{"type":"Point","coordinates":[-77.5130000003682,35.7590000000222]},"properties":{"Plant_Name":"Penny Hill Solar","State":"North Carolina","PrimSource":"solar","Total_MW":2,"Install_MW":2,"City":"Greenville","County":"Pitt","Utility_Na":"Cardinal Renewables","Longitude":-77.513,"Latitude":35.759}},{"type":"Feature","geometry":{"type":"Point","coordinates":[-77.291111000302,35.8155559999573]},"properties":{"Plant_Name":"Meeks Solar, LLC","State":"North Carolina","PrimSource":"solar","Total_MW":2,"Install_MW":2,"City":"Robersonville","County":"Martin","Utility_Na":"Cardinal Renewables","Longitude":-77.291111,"Latitude":35.815556}},{"type":"Feature","geometry":{"type":"Point","coordinates":[-79.7900000000422,35.5999999996962]},"properties":{"Plant_Name":"Strider Solar, LLC","State":"North Carolina","PrimSource":"solar","Total_MW":5,"Install_MW":5,"City":"Asheboro","County":"Randolph","Utility_Na":"Cardinal Renewables","Longitude":-79.79,"Latitude":35.6}},{"type":"Feature","geometry":{"type":"Point","coordinates":[-80.6341739998543,33.3355829999906]},"properties":{"Plant_Name":"Huntley","State":"South Carolina","PrimSource":"solar","Total_MW":75,"Install_MW":75,"City":"Bowman","County":"Orangeburg","Utility_Na":"Cubico USA, LLC","Longitude":-80.634174,"Latitude":33.335583}},{"type":"Feature","geometry":{"type":"Point","coordinates":[-78.94999999974,36.4639999999185]},"properties":{"Plant_Name":"Woodsdale Farm, LLC","State":"North Carolina","PrimSource":"solar","Total_MW":2,"Install_MW":2,"City":"Roxboro","County":"Person","Utility_Na":"Cardinal Renewables","Longitude":-78.95,"Latitude":36.464}},{"type":"Feature","geometry":{"type":"Point","coordinates":[-77.6144399999543,36.5080599998963]},"properties":{"Plant_Name":"Cottonwood Solar, LLC","State":"North Carolina","PrimSource":"solar","Total_MW":3,"Install_MW":3,"City":"Garysburg","County":"Northampton","Utility_Na":"Cardinal Renewables","Longitude":-77.61444,"Latitude":36.50806}},{"type":"Feature","geometry":{"type":"Point","coordinates":[-81.5597220001711,35.2322200001493]},"properties":{"Plant_Name":"232 Long Branch 29 Solar I, LLC","State":"North Carolina","PrimSource":"solar","Total_MW":2,"Install_MW":2,"City":"Shelby","County":"Cleveland","Utility_Na":"Cardinal Renewables","Longitude":-81.559722,"Latitude":35.23222}},{"type":"Feature","geometry":{"type":"Point","coordinates":[-77.7841669998297,34.9038899996365]},"properties":{"Plant_Name":"Harvest Beulaville, LLC","State":"North Carolina","PrimSource":"solar","Total_MW":2,"Install_MW":2,"City":"Beulaville","County":"Duplin","Utility_Na":"Cardinal Renewables","Longitude":-77.784167,"Latitude":34.90389}},{"type":"Feature","geometry":{"type":"Point","coordinates":[-77.085241000029,36.248562999834]},"properties":{"Plant_Name":"Aulander Hwy 42 Solar, LLC","State":"North Carolina","PrimSource":"solar","Total_MW":5,"Install_MW":5,"City":"Aulander","County":"Hertford","Utility_Na":"Cardinal Renewables","Longitude":-77.085241,"Latitude":36.248563}},{"type":"Feature","geometry":{"type":"Point","coordinates":[-77.9081129997771,34.538270000296]},"properties":{"Plant_Name":"Scotch Bonnet Solar, LLC","State":"North Carolina","PrimSource":"solar","Total_MW":4.5,"Install_MW":4.5,"City":"St Helena","County":"Pender","Utility_Na":"Scotch Bonnet Solar, LLC","Longitude":-77.908113,"Latitude":34.53827}},{"type":"Feature","geometry":{"type":"Point","coordinates":[-78.6100909997045,35.3300220003419]},"properties":{"Plant_Name":"Cubera Solar, LLC","State":"North Carolina","PrimSource":"solar","Total_MW":2,"Install_MW":2,"City":"Dunn","County":"Harnett","Utility_Na":"Cubera Solar, LLC","Longitude":-78.610091,"Latitude":35.330022}},{"type":"Feature","geometry":{"type":"Point","coordinates":[-84.1475390001156,31.1961850003747]},"properties":{"Plant_Name":"OE_GA3","State":"Georgia","PrimSource":"solar","Total_MW":57.5,"Install_MW":57.5,"City":"Camilla","County":"Mitchell","Utility_Na":"Onward Energy","Longitude":-84.147539,"Latitude":31.196185}},{"type":"Feature","geometry":{"type":"Point","coordinates":[-79.6732770002566,34.8795810002097]},"properties":{"Plant_Name":"ESA Hamlet NC , LLC","State":"North Carolina","PrimSource":"solar","Total_MW":5,"Install_MW":5,"City":"Hamlet","County":"Richmond","Utility_Na":"ESA Hamlet NC LLC","Longitude":-79.673277,"Latitude":34.879581}},{"type":"Feature","geometry":{"type":"Point","coordinates":[-79.1850000003111,34.6805600000839]},"properties":{"Plant_Name":"Railroad Solar Farm, LLC","State":"North Carolina","PrimSource":"solar","Total_MW":4.1,"Install_MW":4.1,"City":"Pembroke","County":"Robeson","Utility_Na":"Cardinal Renewables","Longitude":-79.185,"Latitude":34.68056}},{"type":"Feature","geometry":{"type":"Point","coordinates":[-78.0610149999453,34.2753200000776]},"properties":{"Plant_Name":"ATOOD Solar IV, LLC","State":"North Carolina","PrimSource":"solar","Total_MW":5,"Install_MW":5,"City":"Leland","County":"Brunswick","Utility_Na":"Cardinal Renewables","Longitude":-78.061015,"Latitude":34.27532}},{"type":"Feature","geometry":{"type":"Point","coordinates":[-80.8434190002941,36.2838189999071]},"properties":{"Plant_Name":"1001 Ebenezer Church Solar","State":"North Carolina","PrimSource":"solar","Total_MW":5,"Install_MW":5,"City":"StateRoad","County":"Surry","Utility_Na":"1001 Ebenezer Church Solar, LLC","Longitude":-80.843419,"Latitude":36.283819}},{"type":"Feature","geometry":{"type":"Point","coordinates":[-80.6561139996027,36.147489999943]},"properties":{"Plant_Name":"1009 Yadkin Solar","State":"North Carolina","PrimSource":"solar","Total_MW":4.9,"Install_MW":4.9,"City":"Yadkinville","County":"Yadkin","Utility_Na":"1009 Yadkin Solar, LLC","Longitude":-80.656114,"Latitude":36.14749}},{"type":"Feature","geometry":{"type":"Point","coordinates":[-77.1857709999441,34.773577999858]},"properties":{"Plant_Name":"1073 Onslow Solar","State":"North Carolina","PrimSource":"solar","Total_MW":4.7,"Install_MW":4.7,"City":"Hubert","County":"Onslow","Utility_Na":"1073 Onslow Solar, LLC","Longitude":-77.185771,"Latitude":34.773578}},{"type":"Feature","geometry":{"type":"Point","coordinates":[-80.5524730000097,36.2166899996987]},"properties":{"Plant_Name":"1008 Matthews Solar","State":"North Carolina","PrimSource":"solar","Total_MW":4.9,"Install_MW":4.9,"City":"East Bend","County":"Surry","Utility_Na":"1008 Matthews Solar, LLC","Longitude":-80.552473,"Latitude":36.21669}},{"type":"Feature","geometry":{"type":"Point","coordinates":[-80.8354880001278,35.9161779996707]},"properties":{"Plant_Name":"1045 Tomlin Mill Solar","State":"North Carolina","PrimSource":"solar","Total_MW":4.9,"Install_MW":4.9,"City":"Statesville","County":"Iredell","Utility_Na":"1045 Tomlin Mill Solar, LLC","Longitude":-80.835488,"Latitude":35.916178}},{"type":"Feature","geometry":{"type":"Point","coordinates":[-77.502759000415,35.1958700001549]},"properties":{"Plant_Name":"Lang Solar Farm","State":"North Carolina","PrimSource":"solar","Total_MW":5,"Install_MW":5,"City":"La Grange","County":"Lenoir","Utility_Na":"Lang Solar Farm, LLC","Longitude":-77.502759,"Latitude":35.19587}},{"type":"Feature","geometry":{"type":"Point","coordinates":[-80.1908209998693,33.7209360002559]},"properties":{"Plant_Name":"Bonefish Solar","State":"South Carolina","PrimSource":"solar","Total_MW":2,"Install_MW":2,"City":"Manning","County":"Clarendon","Utility_Na":"Bonefish Solar, LLC","Longitude":-80.190821,"Latitude":33.720936}},{"type":"Feature","geometry":{"type":"Point","coordinates":[-81.6243799998503,35.0884899999145]},"properties":{"Plant_Name":"Mohea Solar Energy Center, LLC","State":"South Carolina","PrimSource":"solar","Total_MW":5,"Install_MW":5,"City":"Gaffney","County":"Cherokee","Utility_Na":"Mohea Solar Energy Center, LLC","Longitude":-81.62438,"Latitude":35.08849}},{"type":"Feature","geometry":{"type":"Point","coordinates":[-81.9799999997074,27.7799999997093]},"properties":{"Plant_Name":"Durrance","State":"Florida","PrimSource":"solar","Total_MW":60,"Install_MW":60,"City":"Mulberry","County":"Polk","Utility_Na":"Tampa Electric Co","Longitude":-81.98,"Latitude":27.78}},{"type":"Feature","geometry":{"type":"Point","coordinates":[-79.4580120001274,33.7621849997376]},"properties":{"Plant_Name":"Cherry Blossom Solar LLC","State":"South Carolina","PrimSource":"solar","Total_MW":10,"Install_MW":10,"City":"Hemingway","County":"Williamsburg","Utility_Na":"CBH Lessor LLC","Longitude":-79.458012,"Latitude":33.762185}},{"type":"Feature","geometry":{"type":"Point","coordinates":[-82.4327669998153,29.5214699997798]},"properties":{"Plant_Name":"Santa Fe Solar Power Plant","State":"Florida","PrimSource":"solar","Total_MW":74.9,"Install_MW":74.9,"City":"Archer","County":"Alachua","Utility_Na":"Duke Energy Florida, LLC","Longitude":-82.432767,"Latitude":29.52147}},{"type":"Feature","geometry":{"type":"Point","coordinates":[-82.9687179997241,30.4664280000418]},"properties":{"Plant_Name":"Twin Rivers Solar Power Plant","State":"Florida","PrimSource":"solar","Total_MW":74.9,"Install_MW":74.9,"City":"Jasper","County":"Hamilton","Utility_Na":"Duke Energy Florida, LLC","Longitude":-82.968718,"Latitude":30.466428}},{"type":"Feature","geometry":{"type":"Point","coordinates":[-84.1763210002593,31.2696759999925]},"properties":{"Plant_Name":"Hickory Park Solar Hybrid","State":"Georgia","PrimSource":"solar","Total_MW":235.5,"Install_MW":235.5,"City":"Camilla","County":"Mitchell","Utility_Na":"RWE Renewables Americas, LLC","Longitude":-84.176321,"Latitude":31.269676}},{"type":"Feature","geometry":{"type":"Point","coordinates":[-84.5561279999024,33.9793480000658]},"properties":{"Plant_Name":"Solar BESS Hybrid","State":"Georgia","PrimSource":"solar","Total_MW":3.4,"Install_MW":3.5,"City":"Marietta","County":"Cobb","Utility_Na":"Cobb Electric Membership Corporation","Longitude":-84.556128,"Latitude":33.979348}},{"type":"Feature","geometry":{"type":"Point","coordinates":[-81.4348420002633,33.0949309996494]},"properties":{"Plant_Name":"Lily Solar","State":"South Carolina","PrimSource":"solar","Total_MW":70,"Install_MW":70,"City":"Martin","County":"Allendale","Utility_Na":"X-Elio North America Inc","Longitude":-81.434842,"Latitude":33.094931}},{"type":"Feature","geometry":{"type":"Point","coordinates":[-79.0270609999194,37.0163749998344]},"properties":{"Plant_Name":"Water Strider Solar","State":"Virginia","PrimSource":"solar","Total_MW":80,"Install_MW":80,"City":"Nathalie","County":"Halifax","Utility_Na":"Consolidated Edison Development Inc.","Longitude":-79.027061,"Latitude":37.016375}},{"type":"Feature","geometry":{"type":"Point","coordinates":[-82.1343320001287,34.1889250002063]},"properties":{"Plant_Name":"Woodfields Solar","State":"South Carolina","PrimSource":"solar","Total_MW":2,"Install_MW":2,"City":"Greenwood","County":"Greenwood","Utility_Na":"Woodfields Solar, LLC","Longitude":-82.134332,"Latitude":34.188925}},{"type":"Feature","geometry":{"type":"Point","coordinates":[-77.0738390003346,36.4232220001266]},"properties":{"Plant_Name":"HWY 158 PV","State":"North Carolina","PrimSource":"solar","Total_MW":9,"Install_MW":9,"City":"Murfreesboro","County":"Hertford","Utility_Na":"Ecoplexus, Inc","Longitude":-77.073839,"Latitude":36.423222}},{"type":"Feature","geometry":{"type":"Point","coordinates":[-81.1083330004378,28.1553219996407]},"properties":{"Plant_Name":"Harmony Solar","State":"Florida","PrimSource":"solar","Total_MW":74.5,"Install_MW":74.5,"City":"St. Cloud","County":"Osceola","Utility_Na":"Harmony Florida Solar LLC","Longitude":-81.108333,"Latitude":28.155322}},{"type":"Feature","geometry":{"type":"Point","coordinates":[-81.048332999967,28.5034690000446]},"properties":{"Plant_Name":"Taylor Creek Solar","State":"Florida","PrimSource":"solar","Total_MW":74.5,"Install_MW":74.5,"City":"Orlando","County":"Orange","Utility_Na":"Taylor Creek Solar LLC","Longitude":-81.048333,"Latitude":28.503469}},{"type":"Feature","geometry":{"type":"Point","coordinates":[-84.3193010003165,35.7350919997186]},"properties":{"Plant_Name":"Primient Loudon Plant","State":"Tennessee","PrimSource":"natural gas","Total_MW":52,"Install_MW":61.4,"City":"Loudon","County":"Loudon","Utility_Na":"PRIMIENT, LLC","Longitude":-84.319301,"Latitude":35.735092}},{"type":"Feature","geometry":{"type":"Point","coordinates":[-80.7198780004028,34.6482049998182]},"properties":{"Plant_Name":"Crown","State":"South Carolina","PrimSource":"solar","Total_MW":3,"Install_MW":3,"City":"Lancaster","County":"Lancaster","Utility_Na":"Crown Solar Center, LLC","Longitude":-80.719878,"Latitude":34.648205}},{"type":"Feature","geometry":{"type":"Point","coordinates":[-84.6132550003467,38.7518219999873]},"properties":{"Plant_Name":"Crittenden Solar Facility","State":"Kentucky","PrimSource":"solar","Total_MW":2.7,"Install_MW":2.7,"City":"Dry Ridge","County":"Grant","Utility_Na":"Duke Energy Kentucky Inc","Longitude":-84.613255,"Latitude":38.751822}},{"type":"Feature","geometry":{"type":"Point","coordinates":[-84.5922629999041,38.8501799997542]},"properties":{"Plant_Name":"Walton 1 Solar Facility","State":"Kentucky","PrimSource":"solar","Total_MW":2,"Install_MW":2,"City":"Walton","County":"Kenton","Utility_Na":"Duke Energy Kentucky Inc","Longitude":-84.592263,"Latitude":38.85018}},{"type":"Feature","geometry":{"type":"Point","coordinates":[-84.5922629999041,38.8501799997542]},"properties":{"Plant_Name":"Walton 2 Solar Facility","State":"Kentucky","PrimSource":"solar","Total_MW":2,"Install_MW":2,"City":"Walton","County":"Kenton","Utility_Na":"Duke Energy Kentucky Inc","Longitude":-84.592263,"Latitude":38.85018}},{"type":"Feature","geometry":{"type":"Point","coordinates":[-78.6601580001936,38.7396209999326]},"properties":{"Plant_Name":"Mt. Jackson Solar","State":"Virginia","PrimSource":"solar","Total_MW":15.7,"Install_MW":15.7,"City":"Mt. Jackson","County":"Shenandoah","Utility_Na":"Energix Mt. Jackson, LLC.","Longitude":-78.660158,"Latitude":38.739621}},{"type":"Feature","geometry":{"type":"Point","coordinates":[-81.7390000004367,34.0109999997561]},"properties":{"Plant_Name":"Saluda Solar II","State":"South Carolina","PrimSource":"solar","Total_MW":3.4,"Install_MW":3.4,"City":"Saluda","County":"Saluda","Utility_Na":"Saluda Solar II, LLC","Longitude":-81.739,"Latitude":34.011}},{"type":"Feature","geometry":{"type":"Point","coordinates":[-81.2659999999446,33.7899999996962]},"properties":{"Plant_Name":"Odyssey Solar","State":"South Carolina","PrimSource":"solar","Total_MW":8.2,"Install_MW":8.2,"City":"Pelion","County":"Lexington","Utility_Na":"Odyssey Solar, LLC","Longitude":-81.266,"Latitude":33.79}},{"type":"Feature","geometry":{"type":"Point","coordinates":[-81.1329999997245,32.8789999997351]},"properties":{"Plant_Name":"Hampton Solar I","State":"South Carolina","PrimSource":"solar","Total_MW":6.8,"Install_MW":6.8,"City":"Hampton","County":"Hampton","Utility_Na":"Hampton Solar I, LLC","Longitude":-81.133,"Latitude":32.879}},{"type":"Feature","geometry":{"type":"Point","coordinates":[-80.698999999763,33.5669999998531]},"properties":{"Plant_Name":"Cameron Solar II","State":"South Carolina","PrimSource":"solar","Total_MW":4.1,"Install_MW":4.1,"City":"Cameron","County":"Calhoun","Utility_Na":"Cameron Solar II, LLC","Longitude":-80.699,"Latitude":33.567}},{"type":"Feature","geometry":{"type":"Point","coordinates":[-81.350999999788,33.2369999998949]},"properties":{"Plant_Name":"Barnwell Solar","State":"South Carolina","PrimSource":"solar","Total_MW":5.4,"Install_MW":5.4,"City":"Barnwell","County":"Barnwell","Utility_Na":"Barnwell Solar, LLC","Longitude":-81.351,"Latitude":33.237}},{"type":"Feature","geometry":{"type":"Point","coordinates":[-89.9629910003606,35.3000659999672]},"properties":{"Plant_Name":"SR Innovation - NIKE PV","State":"Tennessee","PrimSource":"solar","Total_MW":1.5,"Install_MW":1.5,"City":"Memphis","County":"Shelby","Utility_Na":"SR Innovation, LLC","Longitude":-89.962991,"Latitude":35.300066}},{"type":"Feature","geometry":{"type":"Point","coordinates":[-77.8951250001941,35.1953020003385]},"properties":{"Plant_Name":"Long Henry Solar","State":"North Carolina","PrimSource":"solar","Total_MW":2,"Install_MW":2,"City":"Seven Springs","County":"Wayne","Utility_Na":"Cypress Creek Renewables","Longitude":-77.895125,"Latitude":35.195302}},{"type":"Feature","geometry":{"type":"Point","coordinates":[-79.4490530002892,35.5403440003602]},"properties":{"Plant_Name":"Bear Creek Solar","State":"North Carolina","PrimSource":"solar","Total_MW":2,"Install_MW":2,"City":"Bear Creek","County":"Chatham","Utility_Na":"Cypress Creek Renewables","Longitude":-79.449053,"Latitude":35.540344}},{"type":"Feature","geometry":{"type":"Point","coordinates":[-77.5384900001856,35.1340539997777]},"properties":{"Plant_Name":"Bondi Solar","State":"North Carolina","PrimSource":"solar","Total_MW":5,"Install_MW":5,"City":"Kinston","County":"Jones","Utility_Na":"Cypress Creek Renewables","Longitude":-77.53849,"Latitude":35.134054}},{"type":"Feature","geometry":{"type":"Point","coordinates":[-78.138206999646,39.0648499996672]},"properties":{"Plant_Name":"Hecate Energy Clarke County LLC","State":"Virginia","PrimSource":"solar","Total_MW":10,"Install_MW":10,"City":"White Post","County":"Clarke","Utility_Na":"Dominion Renewable Energy","Longitude":-78.138207,"Latitude":39.06485}},{"type":"Feature","geometry":{"type":"Point","coordinates":[-75.9171710001269,37.3700000002957]},"properties":{"Plant_Name":"Hecate Energy Cherrydale LLC","State":"Virginia","PrimSource":"solar","Total_MW":20,"Install_MW":20,"City":"Cape Charles","County":"Northampton","Utility_Na":"Dominion Renewable Energy","Longitude":-75.917171,"Latitude":37.37}},{"type":"Feature","geometry":{"type":"Point","coordinates":[-83.7656400002455,33.9649880002544]},"properties":{"Plant_Name":"Georgia LFG Oak Grove Plant","State":"Georgia","PrimSource":"biomass","Total_MW":6.3,"Install_MW":6.6,"City":"Winder","County":"Barrow","Utility_Na":"Cube District Energy, LLC","Longitude":-83.76564,"Latitude":33.964988}},{"type":"Feature","geometry":{"type":"Point","coordinates":[-84.1220250000087,33.2441919997754]},"properties":{"Plant_Name":"Georgia LFG Pine Ridge Plant","State":"Georgia","PrimSource":"biomass","Total_MW":6.3,"Install_MW":6.6,"City":"Griffin","County":"Spalding","Utility_Na":"Cube District Energy, LLC","Longitude":-84.122025,"Latitude":33.244192}},{"type":"Feature","geometry":{"type":"Point","coordinates":[-84.0333760003621,34.1271459997976]},"properties":{"Plant_Name":"Georgia LFG Richland Creek Plant","State":"Georgia","PrimSource":"biomass","Total_MW":10.8,"Install_MW":11.2,"City":"Buford","County":"Gwinnett","Utility_Na":"Cube District Energy, LLC","Longitude":-84.033376,"Latitude":34.127146}},{"type":"Feature","geometry":{"type":"Point","coordinates":[-81.6864430002357,30.5236469999851]},"properties":{"Plant_Name":"AEP Jacksonville Solar Project","State":"Florida","PrimSource":"solar","Total_MW":7.1,"Install_MW":7.1,"City":"Duval","County":"Duval","Utility_Na":"AEP Onsite Partners, LLC","Longitude":-81.686443,"Latitude":30.523647}},{"type":"Feature","geometry":{"type":"Point","coordinates":[-85.0309999996151,31.1380000003535]},"properties":{"Plant_Name":"Georgia Power at Jakin GA PV","State":"Georgia","PrimSource":"solar","Total_MW":1.5,"Install_MW":1.5,"City":"Jakin","County":"Early","Utility_Na":"Luminace Solar Georgia 2, LLC","Longitude":-85.031,"Latitude":31.138}},{"type":"Feature","geometry":{"type":"Point","coordinates":[-79.1993749995911,34.6708419998421]},"properties":{"Plant_Name":"Deep Branch Farm","State":"North Carolina","PrimSource":"solar","Total_MW":5,"Install_MW":5,"City":"Pembroke","County":"Robeson","Utility_Na":"Strata Manager, LLC","Longitude":-79.199375,"Latitude":34.670842}},{"type":"Feature","geometry":{"type":"Point","coordinates":[-77.9791659999627,35.4781549997488]},"properties":{"Plant_Name":"Pikeville Farm","State":"North Carolina","PrimSource":"solar","Total_MW":5,"Install_MW":5,"City":"Pikeville","County":"Wayne","Utility_Na":"Dominion Renewable Energy","Longitude":-77.979166,"Latitude":35.478155}},{"type":"Feature","geometry":{"type":"Point","coordinates":[-77.8288890001239,35.3057470002281]},"properties":{"Plant_Name":"Moorings Farm 2, LLC","State":"North Carolina","PrimSource":"solar","Total_MW":5,"Install_MW":5,"City":"LaGrange","County":"Lenoir","Utility_Na":"Dominion Renewable Energy","Longitude":-77.828889,"Latitude":35.305747}},{"type":"Feature","geometry":{"type":"Point","coordinates":[-76.7999670001777,37.8340940000894]},"properties":{"Plant_Name":"Essex Solar Center","State":"Virginia","PrimSource":"solar","Total_MW":20,"Install_MW":20,"City":"Dunnsville","County":"Essex","Utility_Na":"Arevon Energy, Inc.","Longitude":-76.799967,"Latitude":37.834094}},{"type":"Feature","geometry":{"type":"Point","coordinates":[-89.1675390002752,35.3063870000001]},"properties":{"Plant_Name":"Latitude Solar Center","State":"Tennessee","PrimSource":"solar","Total_MW":15,"Install_MW":15,"City":"Whiteville","County":"Hardeman","Utility_Na":"Arevon Energy, Inc.","Longitude":-89.167539,"Latitude":35.306387}},{"type":"Feature","geometry":{"type":"Point","coordinates":[-77.1660000004155,36.6139999998793]},"properties":{"Plant_Name":"Southampton Solar, LLC","State":"Virginia","PrimSource":"solar","Total_MW":103.6,"Install_MW":100,"City":"Newsoms","County":"Southampton","Utility_Na":"Dominion Renewable Energy","Longitude":-77.166,"Latitude":36.614}},{"type":"Feature","geometry":{"type":"Point","coordinates":[-81.1060000001864,32.8899999997784]},"properties":{"Plant_Name":"SCE&G Curie CSG","State":"South Carolina","PrimSource":"solar","Total_MW":2,"Install_MW":2,"City":"Hampton","County":"Hampton","Utility_Na":"Cypress Creek Renewables","Longitude":-81.106,"Latitude":32.89}},{"type":"Feature","geometry":{"type":"Point","coordinates":[-80.9560840000226,32.4977589996291]},"properties":{"Plant_Name":"SCE&G Nimitz CSG","State":"South Carolina","PrimSource":"solar","Total_MW":8,"Install_MW":8,"City":"Ridgeland","County":"Jasper","Utility_Na":"Cypress Creek Renewables","Longitude":-80.956084,"Latitude":32.497759}},{"type":"Feature","geometry":{"type":"Point","coordinates":[-81.2969999998135,33.4909999996968]},"properties":{"Plant_Name":"SCE&G Springfield CSG","State":"South Carolina","PrimSource":"solar","Total_MW":6.1,"Install_MW":6.1,"City":"Springfield","County":"Orangeburg","Utility_Na":"Cypress Creek Renewables","Longitude":-81.297,"Latitude":33.491}},{"type":"Feature","geometry":{"type":"Point","coordinates":[-83.8000000002127,31.300000000022]},"properties":{"Plant_Name":"Denver Braswell PV","State":"Georgia","PrimSource":"solar","Total_MW":1.6,"Install_MW":1.4,"City":"Moultrie","County":"Colquitt","Utility_Na":"Madison Energy Holdings LLC","Longitude":-83.8,"Latitude":31.3}},{"type":"Feature","geometry":{"type":"Point","coordinates":[-78.2309629997536,37.9672399999546]},"properties":{"Plant_Name":"Palmer Solar Center","State":"Virginia","PrimSource":"solar","Total_MW":5,"Install_MW":5,"City":"Troy","County":"Fluvanna","Utility_Na":"Arevon Energy, Inc.","Longitude":-78.230963,"Latitude":37.96724}},{"type":"Feature","geometry":{"type":"Point","coordinates":[-78.0491909995782,37.8805099996533]},"properties":{"Plant_Name":"Martin Solar Center","State":"Virginia","PrimSource":"solar","Total_MW":5,"Install_MW":5,"City":"Kents Store","County":"Goochland","Utility_Na":"Arevon Energy, Inc.","Longitude":-78.049191,"Latitude":37.88051}},{"type":"Feature","geometry":{"type":"Point","coordinates":[-82.3210000000622,32.6049999997651]},"properties":{"Plant_Name":"Georgia Power at Swainsboro","State":"Georgia","PrimSource":"solar","Total_MW":2.9,"Install_MW":2.9,"City":"Swainsboro","County":"Emanuel","Utility_Na":"Luminace Solar Georgia 2, LLC","Longitude":-82.321,"Latitude":32.605}},{"type":"Feature","geometry":{"type":"Point","coordinates":[-83.3000000001825,30.9000000003787]},"properties":{"Plant_Name":"Valdosta Prison","State":"Georgia","PrimSource":"solar","Total_MW":1.2,"Install_MW":1,"City":"Valdosta","County":"Lowndes","Utility_Na":"Madison Energy Holdings LLC","Longitude":-83.3,"Latitude":30.9}},{"type":"Feature","geometry":{"type":"Point","coordinates":[-80.7070000004246,33.5740000001276]},"properties":{"Plant_Name":"Cameron Solar","State":"South Carolina","PrimSource":"solar","Total_MW":20,"Install_MW":20,"City":"Cameron","County":"Calhoun","Utility_Na":"Cameron Solar, LLC","Longitude":-80.707,"Latitude":33.574}},{"type":"Feature","geometry":{"type":"Point","coordinates":[-81.2421510002673,32.7638430002239]},"properties":{"Plant_Name":"Estill Solar","State":"South Carolina","PrimSource":"solar","Total_MW":20,"Install_MW":20,"City":"Estill","County":"Hampton","Utility_Na":"Estill Solar I, LLC","Longitude":-81.242151,"Latitude":32.763843}},{"type":"Feature","geometry":{"type":"Point","coordinates":[-81.1359999999727,32.8810000000728]},"properties":{"Plant_Name":"Hampton Solar 2","State":"South Carolina","PrimSource":"solar","Total_MW":20,"Install_MW":20,"City":"Hampton","County":"Hampton","Utility_Na":"Hampton Solar II, LLC","Longitude":-81.136,"Latitude":32.881}},{"type":"Feature","geometry":{"type":"Point","coordinates":[-78.3150780000404,36.4753690000629]},"properties":{"Plant_Name":"Bullock Solar, LLC","State":"North Carolina","PrimSource":"solar","Total_MW":50,"Install_MW":50,"City":"Manson","County":"Vance","Utility_Na":"Cypress Creek Renewables","Longitude":-78.315078,"Latitude":36.475369}},{"type":"Feature","geometry":{"type":"Point","coordinates":[-78.1070899996012,35.4375000003528]},"properties":{"Plant_Name":"Rosewood Solar","State":"North Carolina","PrimSource":"solar","Total_MW":2,"Install_MW":2,"City":"Goldsboro","County":"Wayne","Utility_Na":"Cypress Creek Renewables","Longitude":-78.10709,"Latitude":35.4375}},{"type":"Feature","geometry":{"type":"Point","coordinates":[-81.2561659996972,33.7915049997653]},"properties":{"Plant_Name":"Swamp Fox Solar","State":"South Carolina","PrimSource":"solar","Total_MW":10.8,"Install_MW":10.8,"City":"Pelion","County":"Lexington","Utility_Na":"Swamp Fox Solar, LLC","Longitude":-81.256166,"Latitude":33.791505}},{"type":"Feature","geometry":{"type":"Point","coordinates":[-81.2624170002636,33.7947320003709]},"properties":{"Plant_Name":"Champion Solar","State":"South Carolina","PrimSource":"solar","Total_MW":10.8,"Install_MW":10.8,"City":"Pelion","County":"Lexington","Utility_Na":"Champion Solar, LLC","Longitude":-81.262417,"Latitude":33.794732}},{"type":"Feature","geometry":{"type":"Point","coordinates":[-81.2933700002769,33.0234019999925]},"properties":{"Plant_Name":"Haley Solar","State":"South Carolina","PrimSource":"solar","Total_MW":8.2,"Install_MW":8.2,"City":"Allendale","County":"Allendale","Utility_Na":"Haley Solar, LLC","Longitude":-81.29337,"Latitude":33.023402}},{"type":"Feature","geometry":{"type":"Point","coordinates":[-79.7482729999734,35.7287379999475]},"properties":{"Plant_Name":"ABD Farms","State":"North Carolina","PrimSource":"solar","Total_MW":5,"Install_MW":5,"City":"Asheboro","County":"Randolph","Utility_Na":"Cypress Creek Renewables","Longitude":-79.748273,"Latitude":35.728738}},{"type":"Feature","geometry":{"type":"Point","coordinates":[-79.3474710004129,36.0723589999923]},"properties":{"Plant_Name":"Bakatsias Solar","State":"North Carolina","PrimSource":"solar","Total_MW":5,"Install_MW":5,"City":"Haw River","County":"Alamance","Utility_Na":"Cypress Creek Renewables","Longitude":-79.347471,"Latitude":36.072359}},{"type":"Feature","geometry":{"type":"Point","coordinates":[-76.8102259996742,35.1483390003504]},"properties":{"Plant_Name":"Bayboro Solar Farm","State":"North Carolina","PrimSource":"solar","Total_MW":5,"Install_MW":5,"City":"Alliance","County":"Pamlico","Utility_Na":"Cypress Creek Renewables","Longitude":-76.810226,"Latitude":35.148339}},{"type":"Feature","geometry":{"type":"Point","coordinates":[-81.2534530004026,32.7278420001514]},"properties":{"Plant_Name":"Estill Solar II","State":"South Carolina","PrimSource":"solar","Total_MW":10.2,"Install_MW":10.2,"City":"Estill","County":"Allendale","Utility_Na":"Cypress Creek Renewables","Longitude":-81.253453,"Latitude":32.727842}},{"type":"Feature","geometry":{"type":"Point","coordinates":[-81.1105460001402,33.7746570002865]},"properties":{"Plant_Name":"Gaston Solar I - SC","State":"South Carolina","PrimSource":"solar","Total_MW":10.2,"Install_MW":10.2,"City":"Gaston","County":"Lexington","Utility_Na":"Cypress Creek Renewables","Longitude":-81.110546,"Latitude":33.774657}},{"type":"Feature","geometry":{"type":"Point","coordinates":[-79.5759700001723,35.4161670002707]},"properties":{"Plant_Name":"Mustang Solar","State":"North Carolina","PrimSource":"solar","Total_MW":5,"Install_MW":5,"City":"Robbins","County":"Moore","Utility_Na":"Dominion Renewable Energy","Longitude":-79.57597,"Latitude":35.416167}},{"type":"Feature","geometry":{"type":"Point","coordinates":[-81.8120450003918,35.2977149997775]},"properties":{"Plant_Name":"Old Caroleen Solar Farm","State":"North Carolina","PrimSource":"solar","Total_MW":2,"Install_MW":2,"City":"Forest City","County":"Rutherford","Utility_Na":"Cypress Creek Renewables","Longitude":-81.812045,"Latitude":35.297715}},{"type":"Feature","geometry":{"type":"Point","coordinates":[-80.7124049999958,35.7397040001832]},"properties":{"Plant_Name":"Statesville Solar","State":"North Carolina","PrimSource":"solar","Total_MW":5,"Install_MW":5,"City":"Cleveland","County":"Rowan","Utility_Na":"Cypress Creek Renewables","Longitude":-80.712405,"Latitude":35.739704}},{"type":"Feature","geometry":{"type":"Point","coordinates":[-78.3124030003806,35.8142359998186]},"properties":{"Plant_Name":"Wakefield Solar","State":"North Carolina","PrimSource":"solar","Total_MW":5,"Install_MW":5,"City":"Nebulon","County":"Wake","Utility_Na":"Cypress Creek Renewables","Longitude":-78.312403,"Latitude":35.814236}},{"type":"Feature","geometry":{"type":"Point","coordinates":[-83.1439000002977,34.0942000000078]},"properties":{"Plant_Name":"Comer Solar","State":"Georgia","PrimSource":"solar","Total_MW":2.2,"Install_MW":2,"City":"Comer","County":"Madison","Utility_Na":"Georgia Power Co","Longitude":-83.1439,"Latitude":34.0942}},{"type":"Feature","geometry":{"type":"Point","coordinates":[-78.6234499999065,34.8235219997189]},"properties":{"Plant_Name":"Bladen Solar","State":"North Carolina","PrimSource":"solar","Total_MW":50,"Install_MW":50,"City":"Fayetteville","County":"Bladen","Utility_Na":"Cypress Creek Renewables","Longitude":-78.62345,"Latitude":34.823522}},{"type":"Feature","geometry":{"type":"Point","coordinates":[-76.5292400000339,36.1073450003205]},"properties":{"Plant_Name":"Davis Lane Solar, LLC","State":"North Carolina","PrimSource":"solar","Total_MW":5,"Install_MW":5,"City":"Edenton","County":"Perquimans","Utility_Na":"Heelstone Energy Holdings, LLC","Longitude":-76.52924,"Latitude":36.107345}},{"type":"Feature","geometry":{"type":"Point","coordinates":[-80.4974999997167,35.2924999996841]},"properties":{"Plant_Name":"NC 102 Project LLC","State":"North Carolina","PrimSource":"solar","Total_MW":74.8,"Install_MW":74.8,"City":"Midland","County":"Cabarrus","Utility_Na":"NC 102 Project LLC","Longitude":-80.4975,"Latitude":35.2925}},{"type":"Feature","geometry":{"type":"Point","coordinates":[-83.6163869998805,32.6812219997313]},"properties":{"Plant_Name":"Robins Air Force Base Solar","State":"Georgia","PrimSource":"solar","Total_MW":128,"Install_MW":128,"City":"Macon","County":"Bibb","Utility_Na":"Georgia Power Co","Longitude":-83.616387,"Latitude":32.681222}},{"type":"Feature","geometry":{"type":"Point","coordinates":[-82.0256080002815,27.7231970002548]},"properties":{"Plant_Name":"Alafia Solar","State":"Florida","PrimSource":"solar","Total_MW":60,"Install_MW":60,"City":"Mulberry","County":"Polk","Utility_Na":"Tampa Electric Co","Longitude":-82.025608,"Latitude":27.723197}},{"type":"Feature","geometry":{"type":"Point","coordinates":[-82.2346300002402,27.7628399998372]},"properties":{"Plant_Name":"Balm Solar","State":"Florida","PrimSource":"solar","Total_MW":74.4,"Install_MW":74.4,"City":"Wimauma","County":"Hillsborough","Utility_Na":"Tampa Electric Co","Longitude":-82.23463,"Latitude":27.76284}},{"type":"Feature","geometry":{"type":"Point","coordinates":[-81.9871700001657,27.8900799998101]},"properties":{"Plant_Name":"Bonnie Mine Solar","State":"Florida","PrimSource":"solar","Total_MW":37.5,"Install_MW":37.5,"City":"Bartow","County":"Polk","Utility_Na":"Tampa Electric Co","Longitude":-81.98717,"Latitude":27.89008}},{"type":"Feature","geometry":{"type":"Point","coordinates":[-82.16465599978,27.6812780003712]},"properties":{"Plant_Name":"Grange Hall Solar","State":"Florida","PrimSource":"solar","Total_MW":61.1,"Install_MW":61.1,"City":"Wimauma","County":"Hillsborough","Utility_Na":"Tampa Electric Co","Longitude":-82.164656,"Latitude":27.681278}},{"type":"Feature","geometry":{"type":"Point","coordinates":[-82.0338890002522,27.7191389998242]},"properties":{"Plant_Name":"Lake Hancock Solar","State":"Florida","PrimSource":"solar","Total_MW":49.5,"Install_MW":49.5,"City":"Bartow","County":"Polk","Utility_Na":"Tampa Electric Co","Longitude":-82.033889,"Latitude":27.719139}},{"type":"Feature","geometry":{"type":"Point","coordinates":[-79.1806540003739,35.462404999876]},"properties":{"Plant_Name":"Cougar Solar, LLC","State":"North Carolina","PrimSource":"solar","Total_MW":1.9,"Install_MW":1.9,"City":"Sanford","County":"Lee","Utility_Na":"Cougar Solar, LLC","Longitude":-79.180654,"Latitude":35.462405}},{"type":"Feature","geometry":{"type":"Point","coordinates":[-82.16465599978,27.7532719999293]},"properties":{"Plant_Name":"Lithia Solar","State":"Florida","PrimSource":"solar","Total_MW":74.5,"Install_MW":74.5,"City":"Lithia","County":"Hillsborough","Utility_Na":"Tampa Electric Co","Longitude":-82.164656,"Latitude":27.753272}},{"type":"Feature","geometry":{"type":"Point","coordinates":[-82.2204299999641,28.3979900000697]},"properties":{"Plant_Name":"Mountain View Solar (FL)","State":"Florida","PrimSource":"solar","Total_MW":54.6,"Install_MW":54.6,"City":"Dade City","County":"Pasco","Utility_Na":"Tampa Electric Co","Longitude":-82.22043,"Latitude":28.39799}},{"type":"Feature","geometry":{"type":"Point","coordinates":[-81.9642219999386,27.6645830001952]},"properties":{"Plant_Name":"Payne Creek Solar","State":"Florida","PrimSource":"solar","Total_MW":70.3,"Install_MW":70.3,"City":"Bowling Green","County":"Polk","Utility_Na":"Tampa Electric Co","Longitude":-81.964222,"Latitude":27.664583}},{"type":"Feature","geometry":{"type":"Point","coordinates":[-81.8101110003486,27.9133060002786]},"properties":{"Plant_Name":"Peace Creek Solar","State":"Florida","PrimSource":"solar","Total_MW":55.4,"Install_MW":55.4,"City":"Bartow","County":"Polk","Utility_Na":"Tampa Electric Co","Longitude":-81.810111,"Latitude":27.913306}},{"type":"Feature","geometry":{"type":"Point","coordinates":[-82.2635050002703,27.7304140003869]},"properties":{"Plant_Name":"Wimauma Solar and Battery Storage","State":"Florida","PrimSource":"solar","Total_MW":74.8,"Install_MW":74.8,"City":"Wimauma","County":"Hillsborough","Utility_Na":"Tampa Electric Co","Longitude":-82.263505,"Latitude":27.730414}},{"type":"Feature","geometry":{"type":"Point","coordinates":[-78.67372300026,35.775583000085]},"properties":{"Plant_Name":"NCSU CCUP Cogeneration Plant","State":"North Carolina","PrimSource":"natural gas","Total_MW":6.3,"Install_MW":6.6,"City":"Raleigh","County":"Wake","Utility_Na":"NC State University, Energy Systems","Longitude":-78.673723,"Latitude":35.775583}},{"type":"Feature","geometry":{"type":"Point","coordinates":[-78.6747040000762,35.7840269996938]},"properties":{"Plant_Name":"NCSU Cates Cogeneration Plant","State":"North Carolina","PrimSource":"natural gas","Total_MW":9.4,"Install_MW":11.2,"City":"Raleigh","County":"Wake","Utility_Na":"NC State University, Energy Systems","Longitude":-78.674704,"Latitude":35.784027}},{"type":"Feature","geometry":{"type":"Point","coordinates":[-79.1165060003326,37.2762780001995]},"properties":{"Plant_Name":"Depot Solar Center, LLC","State":"Virginia","PrimSource":"solar","Total_MW":15,"Install_MW":15,"City":"Rustburg","County":"Campbell","Utility_Na":"Emerald Hills Holding I, LLC","Longitude":-79.116506,"Latitude":37.276278}},{"type":"Feature","geometry":{"type":"Point","coordinates":[-77.4059920001059,35.3806830003325]},"properties":{"Plant_Name":"Buckleberry Solar","State":"North Carolina","PrimSource":"solar","Total_MW":52.1,"Install_MW":52.1,"City":"Grifton","County":"Lenoir","Utility_Na":"John Laing US Solar Corp.","Longitude":-77.405992,"Latitude":35.380683}},{"type":"Feature","geometry":{"type":"Point","coordinates":[-81.2163679996486,28.5394150002538]},"properties":{"Plant_Name":"Lockheed Martin Solar","State":"Florida","PrimSource":"petroleum","Total_MW":3.9,"Install_MW":3.9,"City":"Orlando","County":"Orange","Utility_Na":"Lockheed Martin RMS","Longitude":-81.216368,"Latitude":28.539415}},{"type":"Feature","geometry":{"type":"Point","coordinates":[-83.4912390001841,32.6049970000254]},"properties":{"Plant_Name":"Twiggs Solar","State":"Georgia","PrimSource":"solar","Total_MW":204,"Install_MW":204,"City":"Dry Branch","County":"Twiggs","Utility_Na":"Onward Energy","Longitude":-83.491239,"Latitude":32.604997}},{"type":"Feature","geometry":{"type":"Point","coordinates":[-81.0514000001623,33.9323999996731]},"properties":{"Plant_Name":"Otarre Solar Park","State":"South Carolina","PrimSource":"solar","Total_MW":1.6,"Install_MW":1.6,"City":"Cayce","County":"Lexington","Utility_Na":"TIG Sun Energy IV, LLC","Longitude":-81.0514,"Latitude":33.9324}},{"type":"Feature","geometry":{"type":"Point","coordinates":[-80.7420469995817,32.5644499997443]},"properties":{"Plant_Name":"Seabrook Solar","State":"South Carolina","PrimSource":"solar","Total_MW":72.5,"Install_MW":72.5,"City":"Seabrook","County":"Beaufort","Utility_Na":"Dominion Energy Inc.","Longitude":-80.742047,"Latitude":32.56445}},{"type":"Feature","geometry":{"type":"Point","coordinates":[-89.2869440002917,35.5775000002499]},"properties":{"Plant_Name":"Haywood Solar","State":"Tennessee","PrimSource":"solar","Total_MW":3,"Install_MW":3,"City":"Brownsville","County":"Haywood","Utility_Na":"Haywood Solar, SMLLC","Longitude":-89.286944,"Latitude":35.5775}},{"type":"Feature","geometry":{"type":"Point","coordinates":[-78.3022970001467,35.5728729997774]},"properties":{"Plant_Name":"Red Toad 5840 Buffalo Road, LLC","State":"North Carolina","PrimSource":"solar","Total_MW":2,"Install_MW":2,"City":"Selma","County":"Johnston","Utility_Na":"Sol Systems","Longitude":-78.302297,"Latitude":35.572873}},{"type":"Feature","geometry":{"type":"Point","coordinates":[-77.9873749999634,34.7471029999422]},"properties":{"Plant_Name":"Nickelson Solar, LLC","State":"North Carolina","PrimSource":"solar","Total_MW":5.3,"Install_MW":5.3,"City":"Wallace","County":"Duplin","Utility_Na":"Sol Systems","Longitude":-77.987375,"Latitude":34.747103}},{"type":"Feature","geometry":{"type":"Point","coordinates":[-80.3065000000896,26.7601000003857]},"properties":{"Plant_Name":"Hibiscus Solar Energy Center","State":"Florida","PrimSource":"solar","Total_MW":74.5,"Install_MW":74.5,"City":"Westlake","County":"Palm Beach","Utility_Na":"Florida Power & Light Co","Longitude":-80.3065,"Latitude":26.7601}},{"type":"Feature","geometry":{"type":"Point","coordinates":[-81.1428440000177,33.3471280001508]},"properties":{"Plant_Name":"Denmark Solar","State":"South Carolina","PrimSource":"solar","Total_MW":6,"Install_MW":6,"City":"Denmark","County":"Bamberg","Utility_Na":"Dominion Renewable Energy","Longitude":-81.142844,"Latitude":33.347128}},{"type":"Feature","geometry":{"type":"Point","coordinates":[-80.21853299961,34.1923529997521]},"properties":{"Plant_Name":"Gaines Solar","State":"South Carolina","PrimSource":"solar","Total_MW":2,"Install_MW":2,"City":"Bishopville","County":"Lee","Utility_Na":"Gaines Solar","Longitude":-80.218533,"Latitude":34.192353}},{"type":"Feature","geometry":{"type":"Point","coordinates":[-78.3690000001971,35.2520000002757]},"properties":{"Plant_Name":"Warren Solar Farm LLC","State":"North Carolina","PrimSource":"solar","Total_MW":5,"Install_MW":5,"City":"Newton Grove","County":"Sampson","Utility_Na":"Sol Systems","Longitude":-78.369,"Latitude":35.252}},{"type":"Feature","geometry":{"type":"Point","coordinates":[-79.7922699996461,34.2393299999786]},"properties":{"Plant_Name":"Otis Elevator Company Solar","State":"South Carolina","PrimSource":"solar","Total_MW":1,"Install_MW":1,"City":"Florence","County":"Florence","Utility_Na":"Otis Elevator Company","Longitude":-79.79227,"Latitude":34.23933}},{"type":"Feature","geometry":{"type":"Point","coordinates":[-80.0581219999482,34.3495670002896]},"properties":{"Plant_Name":"Jefferson Solar","State":"South Carolina","PrimSource":"solar","Total_MW":8.2,"Install_MW":8.2,"City":"Hartsville","County":"Darlington","Utility_Na":"Jefferson Solar","Longitude":-80.058122,"Latitude":34.349567}},{"type":"Feature","geometry":{"type":"Point","coordinates":[-80.6391220003893,33.6487669999067]},"properties":{"Plant_Name":"Lone Star Solar","State":"South Carolina","PrimSource":"solar","Total_MW":132,"Install_MW":132,"City":"Cameron","County":"Calhoun","Utility_Na":"Lone Star Solar","Longitude":-80.639122,"Latitude":33.648767}},{"type":"Feature","geometry":{"type":"Point","coordinates":[-80.0273000003544,34.3702029996622]},"properties":{"Plant_Name":"Luz Solar","State":"South Carolina","PrimSource":"solar","Total_MW":1.1,"Install_MW":1.1,"City":"Hartsville","County":"Darlington","Utility_Na":"Luz Solar","Longitude":-80.0273,"Latitude":34.370203}},{"type":"Feature","geometry":{"type":"Point","coordinates":[-80.0216139996776,34.371908000221]},"properties":{"Plant_Name":"Marshall Solar","State":"South Carolina","PrimSource":"solar","Total_MW":2,"Install_MW":2,"City":"Hartsville","County":"Darlington","Utility_Na":"Marshall Solar","Longitude":-80.021614,"Latitude":34.371908}},{"type":"Feature","geometry":{"type":"Point","coordinates":[-77.9116779999147,34.5359999998365]},"properties":{"Plant_Name":"Burgaw Solar, LLC","State":"North Carolina","PrimSource":"solar","Total_MW":5,"Install_MW":5,"City":"Burgaw","County":"Pender","Utility_Na":"CI-II Mitchell Holding LLC","Longitude":-77.911678,"Latitude":34.536}},{"type":"Feature","geometry":{"type":"Point","coordinates":[-80.6084489998602,35.7244270002582]},"properties":{"Plant_Name":"Woodleaf Solar Facility","State":"North Carolina","PrimSource":"solar","Total_MW":6,"Install_MW":6,"City":"Salisbury","County":"Rowan","Utility_Na":"Duke Energy Carolinas, LLC","Longitude":-80.608449,"Latitude":35.724427}},{"type":"Feature","geometry":{"type":"Point","coordinates":[-79.9244559995562,34.3018059998046]},"properties":{"Plant_Name":"Tedder Solar","State":"South Carolina","PrimSource":"solar","Total_MW":2,"Install_MW":2,"City":"Darlington","County":"Darlington","Utility_Na":"Tedder Solar","Longitude":-79.924456,"Latitude":34.301806}},{"type":"Feature","geometry":{"type":"Point","coordinates":[-76.7907639999421,35.8294260003544]},"properties":{"Plant_Name":"Mill Pond Solar, LLC","State":"North Carolina","PrimSource":"solar","Total_MW":5,"Install_MW":5,"City":"Jamesville","County":"Martin","Utility_Na":"Greenbacker Renewable Energy Corporation","Longitude":-76.790764,"Latitude":35.829426}},{"type":"Feature","geometry":{"type":"Point","coordinates":[-76.8014910001421,35.8453539999323]},"properties":{"Plant_Name":"Jamesville Road Solar, LLC","State":"North Carolina","PrimSource":"solar","Total_MW":5,"Install_MW":5,"City":"Jamesville","County":"Martin","Utility_Na":"Greenbacker Renewable Energy Corporation","Longitude":-76.801491,"Latitude":35.845354}},{"type":"Feature","geometry":{"type":"Point","coordinates":[-76.1258469995809,36.3118220002386]},"properties":{"Plant_Name":"Camden Dam Solar, LLC","State":"North Carolina","PrimSource":"solar","Total_MW":5,"Install_MW":5,"City":"Camden","County":"Camden","Utility_Na":"Greenbacker Renewable Energy Corporation","Longitude":-76.125847,"Latitude":36.311822}},{"type":"Feature","geometry":{"type":"Point","coordinates":[-77.0665609999213,36.2911599996742]},"properties":{"Plant_Name":"Aulander Holloman Solar, LLC","State":"North Carolina","PrimSource":"solar","Total_MW":99.9,"Install_MW":80,"City":"Aulander","County":"Hertford","Utility_Na":"Aulander Holloman Solar, LLC","Longitude":-77.066561,"Latitude":36.29116}},{"type":"Feature","geometry":{"type":"Point","coordinates":[-79.2519529997085,34.2380809997036]},"properties":{"Plant_Name":"Washington Solar (SC)","State":"South Carolina","PrimSource":"solar","Total_MW":2,"Install_MW":2,"City":"Mullins","County":"Marion","Utility_Na":"Washington Solar (SC)","Longitude":-79.251953,"Latitude":34.238081}},{"type":"Feature","geometry":{"type":"Point","coordinates":[-80.7481890003682,32.4706059998506]},"properties":{"Plant_Name":"Trask East Solar","State":"South Carolina","PrimSource":"solar","Total_MW":12,"Install_MW":12,"City":"Beaufort","County":"Beaufort","Utility_Na":"Dominion Renewable Energy","Longitude":-80.748189,"Latitude":32.470606}},{"type":"Feature","geometry":{"type":"Point","coordinates":[-80.0784690001353,34.0694220000359]},"properties":{"Plant_Name":"Weaver Solar","State":"South Carolina","PrimSource":"solar","Total_MW":2,"Install_MW":2,"City":"Lynchburg","County":"Lee","Utility_Na":"Weaver Solar","Longitude":-80.078469,"Latitude":34.069422}},{"type":"Feature","geometry":{"type":"Point","coordinates":[-80.1154750003482,34.0878859997647]},"properties":{"Plant_Name":"Thomas Solar","State":"South Carolina","PrimSource":"solar","Total_MW":2,"Install_MW":2,"City":"Lynchburg","County":"Lee","Utility_Na":"Thomas Solar","Longitude":-80.115475,"Latitude":34.087886}},{"type":"Feature","geometry":{"type":"Point","coordinates":[-80.9032749999265,32.7051389996649]},"properties":{"Plant_Name":"Yemassee Solar","State":"South Carolina","PrimSource":"solar","Total_MW":10,"Install_MW":10,"City":"Yemassee","County":"Beaufort","Utility_Na":"Dominion Renewable Energy","Longitude":-80.903275,"Latitude":32.705139}},{"type":"Feature","geometry":{"type":"Point","coordinates":[-76.2009350002575,36.8758770002571]},"properties":{"Plant_Name":"IKEA Norfolk Rooftop PV System","State":"Virginia","PrimSource":"solar","Total_MW":1.3,"Install_MW":1.3,"City":"Norfolk","County":"Norfolk City","Utility_Na":"IKEA Property Inc","Longitude":-76.200935,"Latitude":36.875877}},{"type":"Feature","geometry":{"type":"Point","coordinates":[-84.8307139999118,31.4155310002696]},"properties":{"Plant_Name":"SR Arlington II","State":"Georgia","PrimSource":"solar","Total_MW":102.5,"Install_MW":102.5,"City":"Blakely","County":"Early","Utility_Na":"SR Arlington II MT, LLC","Longitude":-84.830714,"Latitude":31.415531}},{"type":"Feature","geometry":{"type":"Point","coordinates":[-84.0444990003971,31.5120029999501]},"properties":{"Plant_Name":"Dougherty County Solar, LLC","State":"Georgia","PrimSource":"solar","Total_MW":120,"Install_MW":120,"City":"Albany","County":"Dougherty","Utility_Na":"Dougherty County Solar, LLC","Longitude":-84.044499,"Latitude":31.512003}},{"type":"Feature","geometry":{"type":"Point","coordinates":[-83.2228999996449,30.9574000001624]},"properties":{"Plant_Name":"Moody Air Force Base Solar","State":"Georgia","PrimSource":"solar","Total_MW":49.5,"Install_MW":49.5,"City":"Valdosta","County":"Lowndes","Utility_Na":"Georgia Power Co","Longitude":-83.2229,"Latitude":30.9574}},{"type":"Feature","geometry":{"type":"Point","coordinates":[-81.4428460002246,32.4127729997355]},"properties":{"Plant_Name":"Guyton Community Solar","State":"Georgia","PrimSource":"solar","Total_MW":3.6,"Install_MW":3.6,"City":"Guyton","County":"Effingham","Utility_Na":"Georgia Power Co","Longitude":-81.442846,"Latitude":32.412773}},{"type":"Feature","geometry":{"type":"Point","coordinates":[-84.4009329996658,33.7554210000128]},"properties":{"Plant_Name":"Atlanta Falcons Solar","State":"Georgia","PrimSource":"solar","Total_MW":1,"Install_MW":1,"City":"Atlanta","County":"Fulton","Utility_Na":"Georgia Power Co","Longitude":-84.400933,"Latitude":33.755421}},{"type":"Feature","geometry":{"type":"Point","coordinates":[-80.4744879999155,27.060112000011]},"properties":{"Plant_Name":"Sweetbay Solar Center","State":"Florida","PrimSource":"solar","Total_MW":74.5,"Install_MW":74.5,"City":"North of Indiantown","County":"Martin","Utility_Na":"Florida Power & Light Co","Longitude":-80.474488,"Latitude":27.060112}},{"type":"Feature","geometry":{"type":"Point","coordinates":[-78.9179880000928,33.667674999707]},"properties":{"Plant_Name":"Bell Bay Solar Farm","State":"South Carolina","PrimSource":"solar","Total_MW":1.6,"Install_MW":1.6,"City":"Conway","County":"Horry","Utility_Na":"Bell Bay Solar Farm","Longitude":-78.917988,"Latitude":33.667675}},{"type":"Feature","geometry":{"type":"Point","coordinates":[-80.8371049999785,33.5739800000073]},"properties":{"Plant_Name":"Jamison Solar Farm","State":"South Carolina","PrimSource":"solar","Total_MW":1.2,"Install_MW":1.2,"City":"Orangeburg","County":"Orangeburg","Utility_Na":"Jamison Solar Farm","Longitude":-80.837105,"Latitude":33.57398}},{"type":"Feature","geometry":{"type":"Point","coordinates":[-78.9179880000928,33.667674999707]},"properties":{"Plant_Name":"Runway Solar Farm","State":"South Carolina","PrimSource":"solar","Total_MW":2,"Install_MW":2,"City":"Myrtle Beach","County":"Horry","Utility_Na":"Runway Solar Farm","Longitude":-78.917988,"Latitude":33.667675}},{"type":"Feature","geometry":{"type":"Point","coordinates":[-81.8239380003559,33.1705930002121]},"properties":{"Plant_Name":"Waynesboro Community Solar","State":"Georgia","PrimSource":"solar","Total_MW":2.4,"Install_MW":2.4,"City":"Waynesboro","County":"Burke","Utility_Na":"Georgia Power Co","Longitude":-81.823938,"Latitude":33.170593}},{"type":"Feature","geometry":{"type":"Point","coordinates":[-84.8368139999671,31.4029190003416]},"properties":{"Plant_Name":"SR Arlington I","State":"Georgia","PrimSource":"solar","Total_MW":20,"Install_MW":20,"City":"Arlington","County":"Early","Utility_Na":"SR Arlington, LLC","Longitude":-84.836814,"Latitude":31.402919}},{"type":"Feature","geometry":{"type":"Point","coordinates":[-88.0497700003157,30.7377410003587]},"properties":{"Plant_Name":"Kimberly Clark Mobile - CHP Plant","State":"Alabama","PrimSource":"natural gas","Total_MW":43.6,"Install_MW":50,"City":"Mobile","County":"Mobile","Utility_Na":"Kimberly Clark - Mobile Alabama","Longitude":-88.04977,"Latitude":30.737741}},{"type":"Feature","geometry":{"type":"Point","coordinates":[-87.9045399998478,34.7697300001685]},"properties":{"Plant_Name":"Muscle Shoals","State":"Alabama","PrimSource":"solar","Total_MW":227,"Install_MW":227,"City":"Cherokee","County":"Colbert","Utility_Na":"Muscle Shoals Solar, LLC","Longitude":-87.90454,"Latitude":34.76973}},{"type":"Feature","geometry":{"type":"Point","coordinates":[-86.7467760001961,36.2488320003184]},"properties":{"Plant_Name":"Music City Community Solar","State":"Tennessee","PrimSource":"solar","Total_MW":1.6,"Install_MW":1.6,"City":"Madison","County":"Davidson","Utility_Na":"Nashville Electric Service","Longitude":-86.746776,"Latitude":36.248832}},{"type":"Feature","geometry":{"type":"Point","coordinates":[-80.6130550000884,38.1122219998586]},"properties":{"Plant_Name":"Beech Ridge II Wind Energy Center","State":"West Virginia","PrimSource":"wind","Total_MW":56.2,"Install_MW":56.2,"City":"Rupert","County":"Greenbrier","Utility_Na":"Southern Power Co","Longitude":-80.613055,"Latitude":38.112222}},{"type":"Feature","geometry":{"type":"Point","coordinates":[-78.6030879996508,35.412179999957]},"properties":{"Plant_Name":"Flowers Solar LLC","State":"North Carolina","PrimSource":"solar","Total_MW":4.3,"Install_MW":4.3,"City":"Benson","County":"Johnston","Utility_Na":"Altus Power America Management, LLC","Longitude":-78.603088,"Latitude":35.41218}},{"type":"Feature","geometry":{"type":"Point","coordinates":[-82.8643330001414,30.2962070003583]},"properties":{"Plant_Name":"Echo River Solar","State":"Florida","PrimSource":"solar","Total_MW":104.5,"Install_MW":104.5,"City":"Live Oak","County":"Suwannee","Utility_Na":"Florida Power & Light Co","Longitude":-82.864333,"Latitude":30.296207}},{"type":"Feature","geometry":{"type":"Point","coordinates":[-80.7947839997078,27.6303920001]},"properties":{"Plant_Name":"Okeechobee Solar","State":"Florida","PrimSource":"solar","Total_MW":74.5,"Install_MW":74.5,"City":"Vero Beach","County":"Okeechobee","Utility_Na":"Florida Power & Light Co","Longitude":-80.794784,"Latitude":27.630392}},{"type":"Feature","geometry":{"type":"Point","coordinates":[-82.1914210000398,27.5731929996297]},"properties":{"Plant_Name":"Southfork Solar","State":"Florida","PrimSource":"solar","Total_MW":74.5,"Install_MW":74.5,"City":"Parrish","County":"Manatee","Utility_Na":"Florida Power & Light Co","Longitude":-82.191421,"Latitude":27.573193}},{"type":"Feature","geometry":{"type":"Point","coordinates":[-79.41951899976,35.1343199996781]},"properties":{"Plant_Name":"HCE Moore I","State":"North Carolina","PrimSource":"solar","Total_MW":2,"Install_MW":2,"City":"Aberdeen","County":"Moore","Utility_Na":"HCE Moore I, LLC","Longitude":-79.419519,"Latitude":35.13432}},{"type":"Feature","geometry":{"type":"Point","coordinates":[-79.2001000002125,34.670499999786]},"properties":{"Plant_Name":"Three Bridge","State":"North Carolina","PrimSource":"solar","Total_MW":2,"Install_MW":2,"City":"Pembroke","County":"Robeson","Utility_Na":"Three Bridge Farm, LLC","Longitude":-79.2001,"Latitude":34.6705}},{"type":"Feature","geometry":{"type":"Point","coordinates":[-81.3640180004065,27.331135999666]},"properties":{"Plant_Name":"Lake Placid Solar Power Plant","State":"Florida","PrimSource":"solar","Total_MW":62.3,"Install_MW":62.3,"City":"Lake Placid","County":"Highlands","Utility_Na":"Duke Energy Florida, LLC","Longitude":-81.364018,"Latitude":27.331136}},{"type":"Feature","geometry":{"type":"Point","coordinates":[-81.3308559999905,28.8995479996079]},"properties":{"Plant_Name":"Debary Solar Power Plant","State":"Florida","PrimSource":"solar","Total_MW":74.5,"Install_MW":74.5,"City":"DeBary","County":"Volusia","Utility_Na":"Duke Energy Florida, LLC","Longitude":-81.330856,"Latitude":28.899548}},{"type":"Feature","geometry":{"type":"Point","coordinates":[-82.8430849996058,29.6350510001459]},"properties":{"Plant_Name":"Trenton Solar Power Plant","State":"Florida","PrimSource":"solar","Total_MW":74.9,"Install_MW":74.9,"City":"Trenton","County":"Gilchrist","Utility_Na":"Duke Energy Florida, LLC","Longitude":-82.843085,"Latitude":29.635051}},{"type":"Feature","geometry":{"type":"Point","coordinates":[-76.7638489998945,35.5968139998046]},"properties":{"Plant_Name":"Wilkinson Solar LLC","State":"North Carolina","PrimSource":"solar","Total_MW":80.6,"Install_MW":80.6,"City":"Pantego","County":"Beaufort","Utility_Na":"Dominion Renewable Energy","Longitude":-76.763849,"Latitude":35.596814}},{"type":"Feature","geometry":{"type":"Point","coordinates":[-83.6432790003619,30.8490049997241]},"properties":{"Plant_Name":"Quitman Solar","State":"Georgia","PrimSource":"solar","Total_MW":150,"Install_MW":150,"City":"Quitman","County":"Brooks","Utility_Na":"Quitman Solar, LLC","Longitude":-83.643279,"Latitude":30.849005}},{"type":"Feature","geometry":{"type":"Point","coordinates":[-83.6973560003293,33.8446209999668]},"properties":{"Plant_Name":"Gratis Road Solar Facility","State":"Georgia","PrimSource":"solar","Total_MW":3,"Install_MW":3,"City":"Monroe","County":"Walton","Utility_Na":"Walton Solar","Longitude":-83.697356,"Latitude":33.844621}},{"type":"Feature","geometry":{"type":"Point","coordinates":[-81.7633999997598,35.320619999733]},"properties":{"Plant_Name":"Ruff Solar LLC","State":"North Carolina","PrimSource":"solar","Total_MW":22,"Install_MW":22,"City":"Ellenboro","County":"Rutherford","Utility_Na":"Sol Systems","Longitude":-81.7634,"Latitude":35.32062}},{"type":"Feature","geometry":{"type":"Point","coordinates":[-78.3549990001126,35.7345809999499]},"properties":{"Plant_Name":"Wendell Solar Farm LLC","State":"North Carolina","PrimSource":"solar","Total_MW":5,"Install_MW":5,"City":"Wendell","County":"Johnston","Utility_Na":"Sol Systems","Longitude":-78.354999,"Latitude":35.734581}},{"type":"Feature","geometry":{"type":"Point","coordinates":[-78.1349999997087,35.818999999822]},"properties":{"Plant_Name":"Sabattus Solar LLC","State":"North Carolina","PrimSource":"solar","Total_MW":5,"Install_MW":5,"City":"Bailey","County":"Nash","Utility_Na":"Sol Systems","Longitude":-78.135,"Latitude":35.819}},{"type":"Feature","geometry":{"type":"Point","coordinates":[-77.9737539998205,35.4368439999243]},"properties":{"Plant_Name":"Cookstown","State":"North Carolina","PrimSource":"solar","Total_MW":5,"Install_MW":5,"City":"Goldsboro","County":"Wayne","Utility_Na":"Strata Manager, LLC","Longitude":-77.973754,"Latitude":35.436844}},{"type":"Feature","geometry":{"type":"Point","coordinates":[-79.7855300002564,35.7490100003436]},"properties":{"Plant_Name":"Changeup","State":"North Carolina","PrimSource":"solar","Total_MW":2,"Install_MW":2,"City":"Asheboro","County":"Randolph","Utility_Na":"Strata Manager, LLC","Longitude":-79.78553,"Latitude":35.74901}},{"type":"Feature","geometry":{"type":"Point","coordinates":[-78.3508020001383,35.0153980000596]},"properties":{"Plant_Name":"Starr","State":"North Carolina","PrimSource":"solar","Total_MW":4.9,"Install_MW":5,"City":"Clinton","County":"Sampson","Utility_Na":"Strata Manager, LLC","Longitude":-78.350802,"Latitude":35.015398}},{"type":"Feature","geometry":{"type":"Point","coordinates":[-77.22877599993,34.8389599997094]},"properties":{"Plant_Name":"Badger","State":"North Carolina","PrimSource":"solar","Total_MW":5,"Install_MW":5,"City":"Maysville","County":"Jones","Utility_Na":"Strata Manager, LLC","Longitude":-77.228776,"Latitude":34.83896}},{"type":"Feature","geometry":{"type":"Point","coordinates":[-79.9114229997674,35.3596739998416]},"properties":{"Plant_Name":"Achilles Solar","State":"North Carolina","PrimSource":"solar","Total_MW":4.9,"Install_MW":5,"City":"Troy","County":"Montgomery","Utility_Na":"Strata Manager, LLC","Longitude":-79.911423,"Latitude":35.359674}},{"type":"Feature","geometry":{"type":"Point","coordinates":[-79.1194599996517,35.7173910000083]},"properties":{"Plant_Name":"Arborgate Solar","State":"North Carolina","PrimSource":"solar","Total_MW":5,"Install_MW":5,"City":"Pittsboro","County":"Chatham","Utility_Na":"Strata Manager, LLC","Longitude":-79.11946,"Latitude":35.717391}},{"type":"Feature","geometry":{"type":"Point","coordinates":[-80.1220149997213,35.1021740000981]},"properties":{"Plant_Name":"Wadesboro 4","State":"North Carolina","PrimSource":"solar","Total_MW":1.9,"Install_MW":2.2,"City":"Wadesboro","County":"Anson","Utility_Na":"Strata Manager, LLC","Longitude":-80.122015,"Latitude":35.102174}},{"type":"Feature","geometry":{"type":"Point","coordinates":[-81.1291550001027,26.7016389997243]},"properties":{"Plant_Name":"Blue Heron Solar","State":"Florida","PrimSource":"solar","Total_MW":74.5,"Install_MW":74.5,"City":"Clewiston","County":"Hendry","Utility_Na":"Florida Power & Light Co","Longitude":-81.129155,"Latitude":26.701639}},{"type":"Feature","geometry":{"type":"Point","coordinates":[-81.8090769999308,27.3218839997599]},"properties":{"Plant_Name":"Cattle Ranch","State":"Florida","PrimSource":"solar","Total_MW":74.5,"Install_MW":74.5,"City":"Arcadia","County":"DeSoto","Utility_Na":"Florida Power & Light Co","Longitude":-81.809077,"Latitude":27.321884}},{"type":"Feature","geometry":{"type":"Point","coordinates":[-81.8445280002172,29.6121879998859]},"properties":{"Plant_Name":"Twin Lakes","State":"Florida","PrimSource":"solar","Total_MW":74.5,"Install_MW":74.5,"City":"Interlachen","County":"Putnam","Utility_Na":"Florida Power & Light Co","Longitude":-81.844528,"Latitude":29.612188}},{"type":"Feature","geometry":{"type":"Point","coordinates":[-81.7596449996513,26.8578789998173]},"properties":{"Plant_Name":"Babcock Preserve","State":"Florida","PrimSource":"solar","Total_MW":74.5,"Install_MW":74.5,"City":"Punta Gorda","County":"Charlotte","Utility_Na":"Florida Power & Light Co","Longitude":-81.759645,"Latitude":26.857879}},{"type":"Feature","geometry":{"type":"Point","coordinates":[-83.5439999997013,38.1909999996573]},"properties":{"Plant_Name":"Morehead Generating Facility","State":"Kentucky","PrimSource":"biomass","Total_MW":1.4,"Install_MW":1.4,"City":"Morehead","County":"Rowan","Utility_Na":"North American Biofuels, LLC","Longitude":-83.544,"Latitude":38.191}},{"type":"Feature","geometry":{"type":"Point","coordinates":[-82.226906999588,30.2472999997837]},"properties":{"Plant_Name":"Northern Preserve Solar","State":"Florida","PrimSource":"solar","Total_MW":74.5,"Install_MW":74.5,"City":"Glen St. Mary","County":"Baker","Utility_Na":"Florida Power & Light Co","Longitude":-82.226907,"Latitude":30.2473}},{"type":"Feature","geometry":{"type":"Point","coordinates":[-77.1852060000546,35.0676610003056]},"properties":{"Plant_Name":"Pecan Grove Solar, LLC","State":"North Carolina","PrimSource":"solar","Total_MW":5,"Install_MW":5,"City":"New Bern","County":"Craven","Utility_Na":"CI-II Mitchell Holding LLC","Longitude":-77.185206,"Latitude":35.067661}},{"type":"Feature","geometry":{"type":"Point","coordinates":[-79.1263189997653,35.4273079996766]},"properties":{"Plant_Name":"1025 Traveller Solar, LLC","State":"North Carolina","PrimSource":"solar","Total_MW":5,"Install_MW":5,"City":"Sanford","County":"Lee","Utility_Na":"CI-II Mitchell Holding LLC","Longitude":-79.126319,"Latitude":35.427308}},{"type":"Feature","geometry":{"type":"Point","coordinates":[-80.8067250002507,36.1970669998957]},"properties":{"Plant_Name":"1047 Little Mountain Solar, LLC","State":"North Carolina","PrimSource":"solar","Total_MW":3,"Install_MW":3,"City":"Jonesville","County":"Yadkin","Utility_Na":"CI-II Mitchell Holding LLC","Longitude":-80.806725,"Latitude":36.197067}},{"type":"Feature","geometry":{"type":"Point","coordinates":[-78.7216829995553,35.4219640000801]},"properties":{"Plant_Name":"Ennis Solar, LLC","State":"North Carolina","PrimSource":"solar","Total_MW":5,"Install_MW":5,"City":"Lillington","County":"Harnett","Utility_Na":"CI-II Mitchell Holding LLC","Longitude":-78.721683,"Latitude":35.421964}},{"type":"Feature","geometry":{"type":"Point","coordinates":[-81.1669999998416,35.5929999998241]},"properties":{"Plant_Name":"Maiden Creek Solar Power Plant","State":"North Carolina","PrimSource":"solar","Total_MW":69.3,"Install_MW":69.3,"City":"Maiden","County":"Catawba","Utility_Na":"Duke Energy Carolinas, LLC","Longitude":-81.167,"Latitude":35.593}},{"type":"Feature","geometry":{"type":"Point","coordinates":[-81.1343000002812,35.3224000003633]},"properties":{"Plant_Name":"Gaston Solar Power Plant","State":"North Carolina","PrimSource":"solar","Total_MW":25,"Install_MW":25,"City":"Cherryville Township","County":"Gaston","Utility_Na":"Duke Energy Carolinas, LLC","Longitude":-81.1343,"Latitude":35.3224}},{"type":"Feature","geometry":{"type":"Point","coordinates":[-77.1587360002459,37.4371060000716]},"properties":{"Plant_Name":"Skipjack Solar Center","State":"Virginia","PrimSource":"solar","Total_MW":175,"Install_MW":175,"City":"Wayside","County":"Charles City","Utility_Na":"AES Distributed Energy","Longitude":-77.158736,"Latitude":37.437106}},{"type":"Feature","geometry":{"type":"Point","coordinates":[-77.9774970002334,34.6770400003596]},"properties":{"Plant_Name":"Crooked Run","State":"North Carolina","PrimSource":"solar","Total_MW":70.1,"Install_MW":70.1,"City":"Willard","County":"Pender","Utility_Na":"Cubico USA, LLC","Longitude":-77.977497,"Latitude":34.67704}},{"type":"Feature","geometry":{"type":"Point","coordinates":[-80.6973360000566,33.3401789997493]},"properties":{"Plant_Name":"Palmetto Plains","State":"South Carolina","PrimSource":"solar","Total_MW":75,"Install_MW":75,"City":"Bowman","County":"Orangeburg","Utility_Na":"Cubico USA, LLC","Longitude":-80.697336,"Latitude":33.340179}},{"type":"Feature","geometry":{"type":"Point","coordinates":[-76.033000000135,36.2700000001537]},"properties":{"Plant_Name":"Shiloh Hwy Solar","State":"North Carolina","PrimSource":"solar","Total_MW":5,"Install_MW":5,"City":"Shiloh","County":"Camden","Utility_Na":"Shiloh Hwy 1108 Solar, LLC","Longitude":-76.033,"Latitude":36.27}},{"type":"Feature","geometry":{"type":"Point","coordinates":[-76.058000000406,36.3299999998562]},"properties":{"Plant_Name":"Sandy Solar","State":"North Carolina","PrimSource":"solar","Total_MW":5,"Install_MW":5,"City":"Shiloh Township","County":"Camden","Utility_Na":"Sandy Solar, LLC","Longitude":-76.058,"Latitude":36.33}},{"type":"Feature","geometry":{"type":"Point","coordinates":[-76.6023040002556,36.2837779997771]},"properties":{"Plant_Name":"Chowan Jehu Solar","State":"North Carolina","PrimSource":"solar","Total_MW":5,"Install_MW":5,"City":"Tyner","County":"Chowan","Utility_Na":"Chowan Jehu Road Solar, LLC","Longitude":-76.602304,"Latitude":36.283778}},{"type":"Feature","geometry":{"type":"Point","coordinates":[-78.0431309997059,38.0157350001994]},"properties":{"Plant_Name":"Desper Solar","State":"Virginia","PrimSource":"solar","Total_MW":88.2,"Install_MW":88.2,"City":"Louisa","County":"Louisa","Utility_Na":"Dominion Renewable Energy","Longitude":-78.043131,"Latitude":38.015735}},{"type":"Feature","geometry":{"type":"Point","coordinates":[-83.9485530000706,37.6774839998486]},"properties":{"Plant_Name":"Matilda Hamilton Fee Hydroelectric Stati","State":"Kentucky","PrimSource":"hydroelectric","Total_MW":2.5,"Install_MW":2.5,"City":"Ravenna","County":"Estill","Utility_Na":"Lock 12 Hydro Partners, LLC","Longitude":-83.948553,"Latitude":37.677484}},{"type":"Feature","geometry":{"type":"Point","coordinates":[-82.4105750001717,27.6912620002614]},"properties":{"Plant_Name":"Little Manatee River Solar","State":"Florida","PrimSource":"solar","Total_MW":74.5,"Install_MW":74.5,"City":"Ruskin","County":"Hillsborough","Utility_Na":"Tampa Electric Co","Longitude":-82.410575,"Latitude":27.691262}},{"type":"Feature","geometry":{"type":"Point","coordinates":[-77.6500000000207,36.5900000001023]},"properties":{"Plant_Name":"Meherrin Solar","State":"Virginia","PrimSource":"solar","Total_MW":59.6,"Install_MW":59.6,"City":"Skippers","County":"Greensville","Utility_Na":"Dominion Renewable Energy","Longitude":-77.65,"Latitude":36.59}},{"type":"Feature","geometry":{"type":"Point","coordinates":[-78.7718920003347,36.8185539996674]},"properties":{"Plant_Name":"Piney Creek Solar","State":"Virginia","PrimSource":"solar","Total_MW":80,"Install_MW":80,"City":"Clover","County":"Halifax","Utility_Na":"Dominion Energy Inc.","Longitude":-78.771892,"Latitude":36.818554}},{"type":"Feature","geometry":{"type":"Point","coordinates":[-84.6081720000925,38.9876960002552]},"properties":{"Plant_Name":"L'Oreal Solar - Florence","State":"Kentucky","PrimSource":"solar","Total_MW":0.9,"Install_MW":1.1,"City":"Florence","County":"Boone","Utility_Na":"L'Oreal USA Products Inc","Longitude":-84.608172,"Latitude":38.987696}},{"type":"Feature","geometry":{"type":"Point","coordinates":[-81.2159419996762,32.9472620001328]},"properties":{"Plant_Name":"Southern Current One, LLC","State":"South Carolina","PrimSource":"solar","Total_MW":10.2,"Install_MW":10.2,"City":"Fairfax","County":"Allendale","Utility_Na":"Southern Current One, LLC","Longitude":-81.215942,"Latitude":32.947262}},{"type":"Feature","geometry":{"type":"Point","coordinates":[-89.368619000197,35.0581650002895]},"properties":{"Plant_Name":"Wildberry","State":"Tennessee","PrimSource":"solar","Total_MW":15,"Install_MW":15,"City":"Moscow","County":"Fayette","Utility_Na":"Adapture Renewables, Inc.","Longitude":-89.368619,"Latitude":35.058165}},{"type":"Feature","geometry":{"type":"Point","coordinates":[-81.8340000002089,30.2859999997602]},"properties":{"Plant_Name":"Hecate Energy Blair Road LLC","State":"Florida","PrimSource":"solar","Total_MW":4.2,"Install_MW":4,"City":"Jacksonville","County":"Duval","Utility_Na":"Hecate Energy Blair Road LLC","Longitude":-81.834,"Latitude":30.286}},{"type":"Feature","geometry":{"type":"Point","coordinates":[-76.3832279999415,37.6570389997561]},"properties":{"Plant_Name":"Rappahannock Solar, LLC","State":"Virginia","PrimSource":"solar","Total_MW":1.5,"Install_MW":1.5,"City":"White Stone","County":"Lancaster","Utility_Na":"Rappahannock Solar, LLC","Longitude":-76.383228,"Latitude":37.657039}},{"type":"Feature","geometry":{"type":"Point","coordinates":[-78.3270000003168,35.7010000001768]},"properties":{"Plant_Name":"Thanksgiving Fire Solar Farm, LLC","State":"North Carolina","PrimSource":"solar","Total_MW":2,"Install_MW":2,"City":"Zebulon","County":"Johnston","Utility_Na":"Sol Systems","Longitude":-78.327,"Latitude":35.701}},{"type":"Feature","geometry":{"type":"Point","coordinates":[-81.1720000002551,35.3857000000118]},"properties":{"Plant_Name":"Gaston County Renewable Energy Center","State":"North Carolina","PrimSource":"biomass","Total_MW":4.2,"Install_MW":4.2,"City":"Dallas","County":"Gaston","Utility_Na":"Gaston County Solid Waste and Recycling Division","Longitude":-81.172,"Latitude":35.3857}},{"type":"Feature","geometry":{"type":"Point","coordinates":[-82.7499999996102,30.2899999996458]},"properties":{"Plant_Name":"Sunshine Gateway Solar Energy Center","State":"Florida","PrimSource":"solar","Total_MW":104.5,"Install_MW":104.5,"City":"Lake City","County":"Columbia","Utility_Na":"Florida Power & Light Co","Longitude":-82.75,"Latitude":30.29}},{"type":"Feature","geometry":{"type":"Point","coordinates":[-80.4900000004439,25.6399999999633]},"properties":{"Plant_Name":"Miami Dade Solar Energy Center","State":"Florida","PrimSource":"solar","Total_MW":74.5,"Install_MW":74.5,"City":"Miami","County":"Miami Dade","Utility_Na":"Florida Power & Light Co","Longitude":-80.49,"Latitude":25.64}},{"type":"Feature","geometry":{"type":"Point","coordinates":[-81.0999999996902,29.0800000000488]},"properties":{"Plant_Name":"Pioneer Trail Solar Energy Center","State":"Florida","PrimSource":"solar","Total_MW":74.5,"Install_MW":74.5,"City":"New Smyrna Beach","County":"Volusia","Utility_Na":"Florida Power & Light Co","Longitude":-81.1,"Latitude":29.08}},{"type":"Feature","geometry":{"type":"Point","coordinates":[-80.4399999999019,27.5000000002788]},"properties":{"Plant_Name":"Interstate Solar Energy Center","State":"Florida","PrimSource":"solar","Total_MW":74.5,"Install_MW":74.5,"City":"Ft. Pierce","County":"St Lucie","Utility_Na":"Florida Power & Light Co","Longitude":-80.44,"Latitude":27.5}},{"type":"Feature","geometry":{"type":"Point","coordinates":[-77.6964429999227,36.0032719997175]},"properties":{"Plant_Name":"Fern Solar LLC","State":"North Carolina","PrimSource":"solar","Total_MW":100,"Install_MW":100,"City":"Battleboro","County":"Edgecombe","Utility_Na":"Fern Solar LLC","Longitude":-77.696443,"Latitude":36.003272}},{"type":"Feature","geometry":{"type":"Point","coordinates":[-80.8286659998241,28.392650000379]},"properties":{"Plant_Name":"Brevard","State":"Florida","PrimSource":"biomass","Total_MW":6.4,"Install_MW":6.4,"City":"Cocoa","County":"Brevard","Utility_Na":"NextEra Renewable Fuels, LLC","Longitude":-80.828666,"Latitude":28.39265}},{"type":"Feature","geometry":{"type":"Point","coordinates":[-77.623999999667,36.2129999999417]},"properties":{"Plant_Name":"North 301 Solar","State":"North Carolina","PrimSource":"solar","Total_MW":20,"Install_MW":20,"City":"Enfield","County":"Halifax","Utility_Na":"North 301 Solar, LLC\t\t\t\t\t\t\t","Longitude":-77.624,"Latitude":36.213}},{"type":"Feature","geometry":{"type":"Point","coordinates":[-82.4857330002702,28.6689800003041]},"properties":{"Plant_Name":"Hernando","State":"Florida","PrimSource":"biomass","Total_MW":1.6,"Install_MW":1.6,"City":"Brooksville","County":"Hernando","Utility_Na":"Hernando Energy\t\t\t\t\t\t\t\t","Longitude":-82.485733,"Latitude":28.66898}},{"type":"Feature","geometry":{"type":"Point","coordinates":[-81.0890149997474,28.7901859998215]},"properties":{"Plant_Name":"Seminole Energy","State":"Florida","PrimSource":"biomass","Total_MW":4.8,"Install_MW":4.8,"City":"Geneva","County":"Seminole","Utility_Na":"NextEra Renewable Fuels, LLC","Longitude":-81.089015,"Latitude":28.790186}},{"type":"Feature","geometry":{"type":"Point","coordinates":[-76.5440000001767,36.0540000001017]},"properties":{"Plant_Name":"Edenton Solar","State":"North Carolina","PrimSource":"solar","Total_MW":5,"Install_MW":5,"City":"Edenton","County":"Chowan","Utility_Na":"Edenton Solar\t\t\t\t\t\t\t\t","Longitude":-76.544,"Latitude":36.054}},{"type":"Feature","geometry":{"type":"Point","coordinates":[-84.2287210001014,31.2695499998264]},"properties":{"Plant_Name":"Camilla Solar Energy Project","State":"Georgia","PrimSource":"solar","Total_MW":171.4,"Install_MW":171.4,"City":"Camilla","County":"Mitchell","Utility_Na":"Invenergy Services LLC","Longitude":-84.228721,"Latitude":31.26955}},{"type":"Feature","geometry":{"type":"Point","coordinates":[-78.4499999997097,36.8500000001747]},"properties":{"Plant_Name":"Grasshopper Solar","State":"Virginia","PrimSource":"solar","Total_MW":80,"Install_MW":80,"City":"Chase City\t","County":"Mecklenburg","Utility_Na":"Dominion Energy Inc.","Longitude":-78.45,"Latitude":36.85}},{"type":"Feature","geometry":{"type":"Point","coordinates":[-77.5579999995984,36.6866999996516]},"properties":{"Plant_Name":"Sadler Solar","State":"Virginia","PrimSource":"solar","Total_MW":100,"Install_MW":100,"City":"Emporia","County":"Greensville","Utility_Na":"Dominion Energy Inc.","Longitude":-77.558,"Latitude":36.6867}},{"type":"Feature","geometry":{"type":"Point","coordinates":[-80.6559999997999,36.2879999999737]},"properties":{"Plant_Name":"Stony Knoll Solar, LLC","State":"North Carolina","PrimSource":"solar","Total_MW":22.6,"Install_MW":22.6,"City":"Rockford","County":"Surry","Utility_Na":"Duke Energy Renewables Services","Longitude":-80.656,"Latitude":36.288}},{"type":"Feature","geometry":{"type":"Point","coordinates":[-80.5359999997567,35.2180000001983]},"properties":{"Plant_Name":"Speedway Solar NC, LLC","State":"North Carolina","PrimSource":"solar","Total_MW":22.6,"Install_MW":22.6,"City":"Midland","County":"Cabarrus","Utility_Na":"Duke Energy Renewables Services","Longitude":-80.536,"Latitude":35.218}},{"type":"Feature","geometry":{"type":"Point","coordinates":[-81.7509999996325,35.1879999996884]},"properties":{"Plant_Name":"Broad River Solar, LLC","State":"North Carolina","PrimSource":"solar","Total_MW":50,"Install_MW":50,"City":"Mooresboro","County":"Cleveland","Utility_Na":"Duke Energy Renewables Services","Longitude":-81.751,"Latitude":35.188}},{"type":"Feature","geometry":{"type":"Point","coordinates":[-80.6824400003697,33.316158999871]},"properties":{"Plant_Name":"TWE Bowman Solar Project","State":"South Carolina","PrimSource":"solar","Total_MW":73.1,"Install_MW":75,"City":"Bowman","County":"Orangeburg","Utility_Na":"TWE Bowman Solar Project, LLC","Longitude":-80.68244,"Latitude":33.316159}},{"type":"Feature","geometry":{"type":"Point","coordinates":[-81.7544440002946,33.6746889998311]},"properties":{"Plant_Name":"Shaw Creek Solar, LLC","State":"South Carolina","PrimSource":"solar","Total_MW":74.9,"Install_MW":74.9,"City":"Aiken","County":"Aiken","Utility_Na":"Shaw Creek Solar","Longitude":-81.754444,"Latitude":33.674689}},{"type":"Feature","geometry":{"type":"Point","coordinates":[-83.1869350004209,30.444323999916]},"properties":{"Plant_Name":"Hamilton Solar Power Plant","State":"Florida","PrimSource":"solar","Total_MW":74.9,"Install_MW":74.9,"City":"Jasper","County":"Hamilton","Utility_Na":"Duke Energy Florida, LLC","Longitude":-83.186935,"Latitude":30.444324}},{"type":"Feature","geometry":{"type":"Point","coordinates":[-76.1540889999494,36.4725909997748]},"properties":{"Plant_Name":"Ranchland Solar, LLC","State":"North Carolina","PrimSource":"solar","Total_MW":60,"Install_MW":60,"City":"Moyock","County":"Currituck","Utility_Na":"Ranchland Solar, LLC","Longitude":-76.154089,"Latitude":36.472591}},{"type":"Feature","geometry":{"type":"Point","coordinates":[-81.5100000003618,30.2300000000963]},"properties":{"Plant_Name":"IKEA Jacksonville Rooftop PV System","State":"Florida","PrimSource":"solar","Total_MW":1.4,"Install_MW":1.4,"City":"Jacksonville","County":"Duval","Utility_Na":"IKEA Property Inc","Longitude":-81.51,"Latitude":30.23}},{"type":"Feature","geometry":{"type":"Point","coordinates":[-79.147999999946,34.2869999997077]},"properties":{"Plant_Name":"Freedom Solar","State":"South Carolina","PrimSource":"solar","Total_MW":5,"Install_MW":5,"City":"Nichols","County":"Dillon","Utility_Na":"Freedom Solar, LLC","Longitude":-79.148,"Latitude":34.287}},{"type":"Feature","geometry":{"type":"Point","coordinates":[-76.5077780001364,36.1144440001889]},"properties":{"Plant_Name":"Sun Farm VI, LLC","State":"North Carolina","PrimSource":"solar","Total_MW":4.8,"Install_MW":5,"City":"Hertford","County":"Perquimans","Utility_Na":"Greenbacker Renewable Energy Corporation","Longitude":-76.507778,"Latitude":36.114444}},{"type":"Feature","geometry":{"type":"Point","coordinates":[-77.6145069999015,35.5917189998756]},"properties":{"Plant_Name":"Carolina Poultry Power Farmville","State":"North Carolina","PrimSource":"biomass","Total_MW":1.7,"Install_MW":1.7,"City":"Farmville","County":"Pitt","Utility_Na":"Carolina Poultry Power","Longitude":-77.614507,"Latitude":35.591719}},{"type":"Feature","geometry":{"type":"Point","coordinates":[-84.3855750000216,31.8250629997347]},"properties":{"Plant_Name":"McCleskey Cotton","State":"Georgia","PrimSource":"solar","Total_MW":1.9,"Install_MW":1.9,"City":"Dawson","County":"Terrell","Utility_Na":"Westbound Solar LLC","Longitude":-84.385575,"Latitude":31.825063}},{"type":"Feature","geometry":{"type":"Point","coordinates":[-82.1960020001536,33.4298589998784]},"properties":{"Plant_Name":"Columbia Bryson","State":"Georgia","PrimSource":"solar","Total_MW":1.4,"Install_MW":1.4,"City":"Grovetown","County":"Columbia","Utility_Na":"Westbound Solar LLC","Longitude":-82.196002,"Latitude":33.429859}},{"type":"Feature","geometry":{"type":"Point","coordinates":[-84.8613260003415,32.4937499999377]},"properties":{"Plant_Name":"Muscogee Public Works","State":"Georgia","PrimSource":"solar","Total_MW":1.5,"Install_MW":1.5,"City":"Columbus","County":"Muscogee","Utility_Na":"Westbound Solar LLC","Longitude":-84.861326,"Latitude":32.49375}},{"type":"Feature","geometry":{"type":"Point","coordinates":[-84.0659999997544,30.9909999998993]},"properties":{"Plant_Name":"Oil Dri 2 Solar","State":"Georgia","PrimSource":"solar","Total_MW":1.4,"Install_MW":1.4,"City":"Ochlocknee","County":"Thomas","Utility_Na":"Westbound Solar LLC","Longitude":-84.066,"Latitude":30.991}},{"type":"Feature","geometry":{"type":"Point","coordinates":[-82.8717859995586,32.0585589998649]},"properties":{"Plant_Name":"Telfair Thompson","State":"Georgia","PrimSource":"solar","Total_MW":1.9,"Install_MW":1.9,"City":"McRae-Helena","County":"Telfair","Utility_Na":"Westbound Solar LLC","Longitude":-82.871786,"Latitude":32.058559}},{"type":"Feature","geometry":{"type":"Point","coordinates":[-82.0219999995878,33.3640000001419]},"properties":{"Plant_Name":"Richmond Hayes Solar","State":"Georgia","PrimSource":"solar","Total_MW":2.3,"Install_MW":2.3,"City":"Augusta","County":"Richmond","Utility_Na":"Westbound Solar LLC","Longitude":-82.022,"Latitude":33.364}},{"type":"Feature","geometry":{"type":"Point","coordinates":[-84.8494829997078,32.8959350002418]},"properties":{"Plant_Name":"Troup RC50","State":"Georgia","PrimSource":"solar","Total_MW":2.3,"Install_MW":2.3,"City":"Pine Mountain","County":"Harris","Utility_Na":"Westbound Solar LLC","Longitude":-84.849483,"Latitude":32.895935}},{"type":"Feature","geometry":{"type":"Point","coordinates":[-79.2990600001325,36.6605910001105]},"properties":{"Plant_Name":"Danville","State":"Virginia","PrimSource":"solar","Total_MW":6,"Install_MW":6,"City":"Danville","County":"Pittsylvania","Utility_Na":"Terraform Arcadia","Longitude":-79.29906,"Latitude":36.660591}},{"type":"Feature","geometry":{"type":"Point","coordinates":[-83.3209859998789,32.8795929999634]},"properties":{"Plant_Name":"Wilkinson DeFore","State":"Georgia","PrimSource":"solar","Total_MW":2.3,"Install_MW":2.3,"City":"Gordon","County":"Wilkinson","Utility_Na":"Westbound Solar LLC","Longitude":-83.320986,"Latitude":32.879593}},{"type":"Feature","geometry":{"type":"Point","coordinates":[-84.1476200003065,32.1820259996498]},"properties":{"Plant_Name":"Freeman Avenue","State":"Georgia","PrimSource":"solar","Total_MW":1.4,"Install_MW":1.4,"City":"Andersonville","County":"Sumter","Utility_Na":"Westbound Solar LLC","Longitude":-84.14762,"Latitude":32.182026}},{"type":"Feature","geometry":{"type":"Point","coordinates":[-89.3508300003921,35.2249199997092]},"properties":{"Plant_Name":"Somerville Solar","State":"Tennessee","PrimSource":"solar","Total_MW":2.3,"Install_MW":2.3,"City":"Somerville","County":"Fayette","Utility_Na":"Somerville Solar, LLC","Longitude":-89.35083,"Latitude":35.22492}},{"type":"Feature","geometry":{"type":"Point","coordinates":[-77.2137720002881,34.8009469996377]},"properties":{"Plant_Name":"Hanover Solar, LLC","State":"North Carolina","PrimSource":"solar","Total_MW":5,"Install_MW":4.9,"City":"Maysville","County":"Jones","Utility_Na":"MN8 Energy LLC","Longitude":-77.213772,"Latitude":34.800947}},{"type":"Feature","geometry":{"type":"Point","coordinates":[-81.8191019999739,27.9259839996836]},"properties":{"Plant_Name":"Bartow Solar Energy LLC","State":"Florida","PrimSource":"solar","Total_MW":7.3,"Install_MW":7.3,"City":"Bartow","County":"Polk","Utility_Na":"Cardinal Renewables","Longitude":-81.819102,"Latitude":27.925984}},{"type":"Feature","geometry":{"type":"Point","coordinates":[-79.7428419995646,35.5463149997833]},"properties":{"Plant_Name":"Morning View","State":"North Carolina","PrimSource":"solar","Total_MW":2,"Install_MW":2,"City":"Seagrove","County":"Randolph","Utility_Na":"Cypress Creek Renewables","Longitude":-79.742842,"Latitude":35.546315}},{"type":"Feature","geometry":{"type":"Point","coordinates":[-79.9911579997818,35.3400670000861]},"properties":{"Plant_Name":"Copperfield","State":"North Carolina","PrimSource":"solar","Total_MW":2,"Install_MW":2,"City":"Troy","County":"Montgomery","Utility_Na":"Cypress Creek Renewables","Longitude":-79.991158,"Latitude":35.340067}},{"type":"Feature","geometry":{"type":"Point","coordinates":[-79.8727000001446,35.6284499999434]},"properties":{"Plant_Name":"Hopewell Friends","State":"North Carolina","PrimSource":"solar","Total_MW":1.3,"Install_MW":1.3,"City":"Asheboro","County":"Randolph","Utility_Na":"Cypress Creek Renewables","Longitude":-79.8727,"Latitude":35.62845}},{"type":"Feature","geometry":{"type":"Point","coordinates":[-81.8841100003557,30.5039100000721]},"properties":{"Plant_Name":"Nassau Solar Center","State":"Florida","PrimSource":"solar","Total_MW":74.5,"Install_MW":74.5,"City":"Callahan","County":"Nassau","Utility_Na":"Florida Power & Light Co","Longitude":-81.88411,"Latitude":30.50391}},{"type":"Feature","geometry":{"type":"Point","coordinates":[-81.6933299999384,29.8985700003345]},"properties":{"Plant_Name":"Magnolia Springs Solar Center","State":"Florida","PrimSource":"solar","Total_MW":74.5,"Install_MW":74.5,"City":"Green Cove Springs","County":"Clay","Utility_Na":"Florida Power & Light Co","Longitude":-81.69333,"Latitude":29.89857}},{"type":"Feature","geometry":{"type":"Point","coordinates":[-81.427852999555,29.7749870003658]},"properties":{"Plant_Name":"Trailside Solar Center","State":"Florida","PrimSource":"solar","Total_MW":74.5,"Install_MW":74.5,"City":"Elkton","County":"St Johns","Utility_Na":"Florida Power & Light Co","Longitude":-81.427853,"Latitude":29.774987}},{"type":"Feature","geometry":{"type":"Point","coordinates":[-81.8102400002201,27.3206300003913]},"properties":{"Plant_Name":"Rodeo Solar Center","State":"Florida","PrimSource":"solar","Total_MW":74.5,"Install_MW":74.5,"City":"Arcadia","County":"DeSoto","Utility_Na":"Florida Power & Light Co","Longitude":-81.81024,"Latitude":27.32063}},{"type":"Feature","geometry":{"type":"Point","coordinates":[-80.5707100004266,27.596859999849]},"properties":{"Plant_Name":"Orange Blossom Solar Center","State":"Florida","PrimSource":"solar","Total_MW":74.5,"Install_MW":74.5,"City":"Vero Beach","County":"Indian River","Utility_Na":"Florida Power & Light Co","Longitude":-80.57071,"Latitude":27.59686}},{"type":"Feature","geometry":{"type":"Point","coordinates":[-80.6315540004461,27.8420999996883]},"properties":{"Plant_Name":"Palm Bay Solar","State":"Florida","PrimSource":"solar","Total_MW":74.5,"Install_MW":74.5,"City":"Palm Bay","County":"Brevard","Utility_Na":"Florida Power & Light Co","Longitude":-80.631554,"Latitude":27.8421}},{"type":"Feature","geometry":{"type":"Point","coordinates":[-80.7445799998496,27.2142100002435]},"properties":{"Plant_Name":"Lakeside Solar Center","State":"Florida","PrimSource":"solar","Total_MW":74.5,"Install_MW":74.5,"City":"Okeechobee","County":"Okeechobee","Utility_Na":"Florida Power & Light Co","Longitude":-80.74458,"Latitude":27.21421}},{"type":"Feature","geometry":{"type":"Point","coordinates":[-82.300990000159,29.973969999792]},"properties":{"Plant_Name":"Union Springs Solar Center","State":"Florida","PrimSource":"solar","Total_MW":74.5,"Install_MW":74.5,"City":"Lake Butler","County":"Union","Utility_Na":"Florida Power & Light Co","Longitude":-82.30099,"Latitude":29.97397}},{"type":"Feature","geometry":{"type":"Point","coordinates":[-80.5472600000592,27.5220000003078]},"properties":{"Plant_Name":"Pelican Solar Center","State":"Florida","PrimSource":"solar","Total_MW":74.5,"Install_MW":74.5,"City":"Ft. Pierce","County":"St Lucie","Utility_Na":"Florida Power & Light Co","Longitude":-80.54726,"Latitude":27.522}},{"type":"Feature","geometry":{"type":"Point","coordinates":[-82.1837800003016,30.2825100002366]},"properties":{"Plant_Name":"Egret Solar Center","State":"Florida","PrimSource":"solar","Total_MW":74.5,"Install_MW":74.5,"City":"Glen St. Mary","County":"Baker","Utility_Na":"Florida Power & Light Co","Longitude":-82.18378,"Latitude":30.28251}},{"type":"Feature","geometry":{"type":"Point","coordinates":[-86.6115509996798,34.610987000103]},"properties":{"Plant_Name":"Redstone Arsenal Hybrid","State":"Alabama","PrimSource":"solar","Total_MW":8.2,"Install_MW":11,"City":"Huntsville","County":"Madison","Utility_Na":"MN8 Energy LLC","Longitude":-86.611551,"Latitude":34.610987}},{"type":"Feature","geometry":{"type":"Point","coordinates":[-81.6005560002874,30.4943610002778]},"properties":{"Plant_Name":"Starratt Solar","State":"Florida","PrimSource":"solar","Total_MW":5,"Install_MW":5,"City":"Jacksonville","County":"Duval","Utility_Na":"C2 Starratt Solar LLC","Longitude":-81.600556,"Latitude":30.494361}},{"type":"Feature","geometry":{"type":"Point","coordinates":[-75.4736109995543,37.9380560001475]},"properties":{"Plant_Name":"NASA Wallops Flight Facility Solar","State":"Virginia","PrimSource":"solar","Total_MW":4.3,"Install_MW":4.3,"City":"Wallops Island","County":"Accomack","Utility_Na":"Ameresco Federal Solutions","Longitude":-75.473611,"Latitude":37.938056}},{"type":"Feature","geometry":{"type":"Point","coordinates":[-76.5609300003642,36.6604829998131]},"properties":{"Plant_Name":"Stratford Solar Center, LLC","State":"Virginia","PrimSource":"solar","Total_MW":15,"Install_MW":15,"City":"Suffolk","County":"Suffolk City","Utility_Na":"Stratford Solar Center, LLC","Longitude":-76.56093,"Latitude":36.660483}},{"type":"Feature","geometry":{"type":"Point","coordinates":[-81.2589330003168,33.3426190000275]},"properties":{"Plant_Name":"Blackville Solar Farm, LLC","State":"South Carolina","PrimSource":"solar","Total_MW":7.2,"Install_MW":7.2,"City":"Blackville","County":"Barnwell","Utility_Na":"Dominion Energy Inc.","Longitude":-81.258933,"Latitude":33.342619}},{"type":"Feature","geometry":{"type":"Point","coordinates":[-78.4839089995902,36.8115329998971]},"properties":{"Plant_Name":"Bluestone Solar","State":"Virginia","PrimSource":"solar","Total_MW":49.9,"Install_MW":49.9,"City":"Chase City","County":"Mecklenburg","Utility_Na":"Bluestone Farm Solar, LLC","Longitude":-78.483909,"Latitude":36.811533}},{"type":"Feature","geometry":{"type":"Point","coordinates":[-78.1049999999225,36.5330000002207]},"properties":{"Plant_Name":"Hawtree Solar","State":"North Carolina","PrimSource":"solar","Total_MW":65,"Install_MW":65,"City":"Warrenton","County":"Warren","Utility_Na":"Hawtree Creek Farm Solar, LLC","Longitude":-78.105,"Latitude":36.533}},{"type":"Feature","geometry":{"type":"Point","coordinates":[-79.3587430004109,36.9313779998249]},"properties":{"Plant_Name":"Whitehorn Solar","State":"Virginia","PrimSource":"solar","Total_MW":50,"Install_MW":50,"City":"Gretna","County":"Pittsylvania","Utility_Na":"Whitehorn Solar, LLC","Longitude":-79.358743,"Latitude":36.931378}},{"type":"Feature","geometry":{"type":"Point","coordinates":[-85.0339999998632,33.000000000046]},"properties":{"Plant_Name":"Kimberly-Clark Solar","State":"Georgia","PrimSource":"solar","Total_MW":2.3,"Install_MW":2.3,"City":"LaGrange","County":"Troup","Utility_Na":"DG Georgia Solar II, LLC","Longitude":-85.034,"Latitude":33}},{"type":"Feature","geometry":{"type":"Point","coordinates":[-86.8680530003315,34.9497399999671]},"properties":{"Plant_Name":"Cumblerland Land Holdings, LLC","State":"Alabama","PrimSource":"solar","Total_MW":14.7,"Install_MW":14.7,"City":"Elkmont","County":"Limestone","Utility_Na":"Cumberland Land Holdings, LLC","Longitude":-86.868053,"Latitude":34.94974}},{"type":"Feature","geometry":{"type":"Point","coordinates":[-89.4635000001435,31.8371730002583]},"properties":{"Plant_Name":"Georgia-Pacific Taylorsville Plywood","State":"Mississippi","PrimSource":"natural gas","Total_MW":6.2,"Install_MW":7.2,"City":"Taylorsville","County":"Smith","Utility_Na":"Georgia-Pacific Wood Products LLC","Longitude":-89.4635,"Latitude":31.837173}},{"type":"Feature","geometry":{"type":"Point","coordinates":[-80.0814929997745,34.3367999999146]},"properties":{"Plant_Name":"1634 Solar","State":"South Carolina","PrimSource":"solar","Total_MW":2,"Install_MW":2,"City":"Hartsville","County":"Darlington","Utility_Na":"1634 Solar, LLC","Longitude":-80.081493,"Latitude":34.3368}},{"type":"Feature","geometry":{"type":"Point","coordinates":[-80.2402919996085,33.6783579998769]},"properties":{"Plant_Name":"Abbot Solar","State":"South Carolina","PrimSource":"solar","Total_MW":2,"Install_MW":2,"City":"Manning","County":"Clarendon","Utility_Na":"Altus Power America Management, LLC","Longitude":-80.240292,"Latitude":33.678358}},{"type":"Feature","geometry":{"type":"Point","coordinates":[-82.5257949999094,34.722882000209]},"properties":{"Plant_Name":"Ace Solar","State":"South Carolina","PrimSource":"solar","Total_MW":1,"Install_MW":1,"City":"Piedmont","County":"Anderson","Utility_Na":"Altus Power America Management, LLC","Longitude":-82.525795,"Latitude":34.722882}},{"type":"Feature","geometry":{"type":"Point","coordinates":[-79.9371300002182,33.9537750003293]},"properties":{"Plant_Name":"Bani Solar","State":"South Carolina","PrimSource":"solar","Total_MW":2,"Install_MW":2,"City":"Olanta","County":"Florence","Utility_Na":"Bani Solar, LLC","Longitude":-79.93713,"Latitude":33.953775}},{"type":"Feature","geometry":{"type":"Point","coordinates":[-79.7559609995671,33.9004810003207]},"properties":{"Plant_Name":"Blacktip Solar","State":"South Carolina","PrimSource":"solar","Total_MW":2,"Install_MW":2,"City":"Scranton","County":"Florence","Utility_Na":"Altus Power America Management, LLC","Longitude":-79.755961,"Latitude":33.900481}},{"type":"Feature","geometry":{"type":"Point","coordinates":[-80.3366129998537,33.6104539998069]},"properties":{"Plant_Name":"Bloom Solar","State":"South Carolina","PrimSource":"solar","Total_MW":2,"Install_MW":2,"City":"Summerton","County":"Clarendon","Utility_Na":"Altus Power America Management, LLC","Longitude":-80.336613,"Latitude":33.610454}},{"type":"Feature","geometry":{"type":"Point","coordinates":[-80.362997000347,33.6171890000649]},"properties":{"Plant_Name":"Bond Solar","State":"South Carolina","PrimSource":"solar","Total_MW":2,"Install_MW":2,"City":"Summerton","County":"Clarendon","Utility_Na":"Altus Power America Management, LLC","Longitude":-80.362997,"Latitude":33.617189}},{"type":"Feature","geometry":{"type":"Point","coordinates":[-80.2216779996231,34.1990939996586]},"properties":{"Plant_Name":"Gary Solar","State":"South Carolina","PrimSource":"solar","Total_MW":2,"Install_MW":2,"City":"Bishopville","County":"Lee","Utility_Na":"Altus Power America Management, LLC","Longitude":-80.221678,"Latitude":34.199094}},{"type":"Feature","geometry":{"type":"Point","coordinates":[-79.5628910003528,33.962883999932]},"properties":{"Plant_Name":"Goldenrod Solar","State":"South Carolina","PrimSource":"solar","Total_MW":2,"Install_MW":2,"City":"Pamplico","County":"Florence","Utility_Na":"Altus Power America Management, LLC","Longitude":-79.562891,"Latitude":33.962884}},{"type":"Feature","geometry":{"type":"Point","coordinates":[-79.3906060000951,34.2305439996757]},"properties":{"Plant_Name":"Jessamine Solar","State":"South Carolina","PrimSource":"solar","Total_MW":1.9,"Install_MW":1.9,"City":"Marion","County":"Marion","Utility_Na":"Altus Power America Management, LLC","Longitude":-79.390606,"Latitude":34.230544}},{"type":"Feature","geometry":{"type":"Point","coordinates":[-82.5019639997755,34.6576419997481]},"properties":{"Plant_Name":"Pelzer Solar I","State":"South Carolina","PrimSource":"solar","Total_MW":1,"Install_MW":1,"City":"Pelzer","County":"Anderson","Utility_Na":"Altus Power America Management, LLC","Longitude":-82.501964,"Latitude":34.657642}},{"type":"Feature","geometry":{"type":"Point","coordinates":[-79.8875029999451,34.2744140000924]},"properties":{"Plant_Name":"Redwing Solar","State":"South Carolina","PrimSource":"solar","Total_MW":2,"Install_MW":2,"City":"Darlington","County":"Darlington","Utility_Na":"Altus Power America Management, LLC","Longitude":-79.887503,"Latitude":34.274414}},{"type":"Feature","geometry":{"type":"Point","coordinates":[-80.128107000279,34.1078489996635]},"properties":{"Plant_Name":"River Solar","State":"South Carolina","PrimSource":"solar","Total_MW":2,"Install_MW":2,"City":"Lynchburg","County":"Lee","Utility_Na":"Altus Power America Management, LLC","Longitude":-80.128107,"Latitude":34.107849}},{"type":"Feature","geometry":{"type":"Point","coordinates":[-79.7836830002519,33.8877860003674]},"properties":{"Plant_Name":"Sapphire Solar","State":"South Carolina","PrimSource":"solar","Total_MW":2,"Install_MW":2,"City":"Lake City","County":"Florence","Utility_Na":"Altus Power America Management, LLC","Longitude":-79.783683,"Latitude":33.887786}},{"type":"Feature","geometry":{"type":"Point","coordinates":[-79.6060620000201,33.9953920000063]},"properties":{"Plant_Name":"South Solar","State":"South Carolina","PrimSource":"solar","Total_MW":2,"Install_MW":2,"City":"Pamplico","County":"Florence","Utility_Na":"Altus Power America Management, LLC","Longitude":-79.606062,"Latitude":33.995392}},{"type":"Feature","geometry":{"type":"Point","coordinates":[-80.1083130002859,34.0915830001478]},"properties":{"Plant_Name":"Vincent Solar","State":"South Carolina","PrimSource":"solar","Total_MW":2,"Install_MW":2,"City":"Lynchburg","County":"Lee","Utility_Na":"Altus Power America Management, LLC","Longitude":-80.108313,"Latitude":34.091583}},{"type":"Feature","geometry":{"type":"Point","coordinates":[-79.844619000333,34.5239440002978]},"properties":{"Plant_Name":"Watauga Solar","State":"South Carolina","PrimSource":"solar","Total_MW":2,"Install_MW":2,"City":"Society Hill","County":"Darlington","Utility_Na":"Altus Power America Management, LLC","Longitude":-79.844619,"Latitude":34.523944}},{"type":"Feature","geometry":{"type":"Point","coordinates":[-82.524315000326,34.7216129998865]},"properties":{"Plant_Name":"Whitt Solar","State":"South Carolina","PrimSource":"solar","Total_MW":2,"Install_MW":2,"City":"Piedmont","County":"Anderson","Utility_Na":"Altus Power America Management, LLC","Longitude":-82.524315,"Latitude":34.721613}},{"type":"Feature","geometry":{"type":"Point","coordinates":[-79.5649829996814,33.9846250002338]},"properties":{"Plant_Name":"Willis Solar","State":"South Carolina","PrimSource":"solar","Total_MW":2,"Install_MW":2,"City":"Pamplico","County":"Florence","Utility_Na":"Altus Power America Management, LLC","Longitude":-79.564983,"Latitude":33.984625}},{"type":"Feature","geometry":{"type":"Point","coordinates":[-80.6947219995978,32.329401999788]},"properties":{"Plant_Name":"MCRD Parris Island PV Hybrid","State":"South Carolina","PrimSource":"solar","Total_MW":17,"Install_MW":17,"City":"Parris Island","County":"Beaufort","Utility_Na":"Ameresco Federal Solutions","Longitude":-80.694722,"Latitude":32.329402}},{"type":"Feature","geometry":{"type":"Point","coordinates":[-81.8084690003835,35.0303029998256]},"properties":{"Plant_Name":"Atood II","State":"South Carolina","PrimSource":"solar","Total_MW":2,"Install_MW":2,"City":"Cowpens","County":"Spartanburg","Utility_Na":"Cypress Creek Renewables","Longitude":-81.808469,"Latitude":35.030303}},{"type":"Feature","geometry":{"type":"Point","coordinates":[-81.1102509996891,33.7783780002257]},"properties":{"Plant_Name":"Gaston II","State":"South Carolina","PrimSource":"solar","Total_MW":7.5,"Install_MW":7.5,"City":"Swansea","County":"Lexington","Utility_Na":"Cypress Creek Renewables","Longitude":-81.110251,"Latitude":33.778378}},{"type":"Feature","geometry":{"type":"Point","coordinates":[-78.4092309998908,35.4161039998199]},"properties":{"Plant_Name":"ESA Four Oaks 2 NC LLC","State":"North Carolina","PrimSource":"solar","Total_MW":2,"Install_MW":2,"City":"Four Oaks","County":"Johnston","Utility_Na":"ESA Four Oaks 2 NC LLC","Longitude":-78.409231,"Latitude":35.416104}},{"type":"Feature","geometry":{"type":"Point","coordinates":[-78.1924640004368,35.9055780000674]},"properties":{"Plant_Name":"Spring Hope Solar 3, LLC","State":"North Carolina","PrimSource":"solar","Total_MW":5,"Install_MW":5,"City":"Spring Hope","County":"Nash","Utility_Na":"Spring Hope Solar 3, LLC","Longitude":-78.192464,"Latitude":35.905578}},{"type":"Feature","geometry":{"type":"Point","coordinates":[-81.3517300004323,33.2777399997762]},"properties":{"Plant_Name":"Richardson Solar","State":"South Carolina","PrimSource":"solar","Total_MW":3.6,"Install_MW":3.6,"City":"Barnswell","County":"Barnwell","Utility_Na":"DP-C2 Episode 1 LLC","Longitude":-81.35173,"Latitude":33.27774}},{"type":"Feature","geometry":{"type":"Point","coordinates":[-81.2617739996579,33.3443189998875]},"properties":{"Plant_Name":"Blackville Solar II","State":"South Carolina","PrimSource":"solar","Total_MW":20,"Install_MW":20,"City":"Blackville","County":"Barnwell","Utility_Na":"DP-C2 Episode 1 LLC","Longitude":-81.261774,"Latitude":33.344319}},{"type":"Feature","geometry":{"type":"Point","coordinates":[-81.2736249997892,33.7861929999087]},"properties":{"Plant_Name":"Diamond Solar","State":"South Carolina","PrimSource":"solar","Total_MW":8.2,"Install_MW":8.2,"City":"Pelion","County":"Lexington","Utility_Na":"DP-C2 Episode 1 LLC","Longitude":-81.273625,"Latitude":33.786193}},{"type":"Feature","geometry":{"type":"Point","coordinates":[-81.3861559996234,33.244190999797]},"properties":{"Plant_Name":"Edison Solar","State":"South Carolina","PrimSource":"solar","Total_MW":4.8,"Install_MW":4.8,"City":"Barnwell","County":"Barnwell","Utility_Na":"DP-C2 Episode 1 LLC","Longitude":-81.386156,"Latitude":33.244191}},{"type":"Feature","geometry":{"type":"Point","coordinates":[-81.2539999998504,33.5020000000192]},"properties":{"Plant_Name":"Peony Solar","State":"South Carolina","PrimSource":"solar","Total_MW":39,"Install_MW":39,"City":"Springfield","County":"Orangeburg","Utility_Na":"Peony Solar, LLC","Longitude":-81.254,"Latitude":33.502}},{"type":"Feature","geometry":{"type":"Point","coordinates":[-79.5190899996003,35.2208230002196]},"properties":{"Plant_Name":"Pinesage","State":"North Carolina","PrimSource":"solar","Total_MW":5,"Install_MW":5,"City":"West End","County":"Moore","Utility_Na":"Cypress Creek Renewables","Longitude":-79.51909,"Latitude":35.220823}},{"type":"Feature","geometry":{"type":"Point","coordinates":[-77.0919999996852,35.1379999999244]},"properties":{"Plant_Name":"Plott Hound Solar","State":"North Carolina","PrimSource":"solar","Total_MW":5,"Install_MW":5,"City":"New Bern","County":"Craven","Utility_Na":"Plott Hound Solar, LLC","Longitude":-77.092,"Latitude":35.138}},{"type":"Feature","geometry":{"type":"Point","coordinates":[-80.4440000002327,35.9560000002356]},"properties":{"Plant_Name":"Carolina Lily Solar","State":"North Carolina","PrimSource":"solar","Total_MW":5,"Install_MW":5,"City":"Advance","County":"Davie","Utility_Na":"Carolina Lily Solar, LLC","Longitude":-80.444,"Latitude":35.956}},{"type":"Feature","geometry":{"type":"Point","coordinates":[-80.3759999999986,35.9329999998987]},"properties":{"Plant_Name":"Ray Wilson Solar","State":"North Carolina","PrimSource":"solar","Total_MW":5,"Install_MW":5,"City":"Advance","County":"Davie","Utility_Na":"Ray Wilson Solar, LLC","Longitude":-80.376,"Latitude":35.933}},{"type":"Feature","geometry":{"type":"Point","coordinates":[-77.0282049998213,36.2680070002321]},"properties":{"Plant_Name":"Hertford Solar Power, LLC","State":"North Carolina","PrimSource":"solar","Total_MW":10,"Install_MW":10,"City":"Ahoskie","County":"Hertford","Utility_Na":"Capital V LLC","Longitude":-77.028205,"Latitude":36.268007}},{"type":"Feature","geometry":{"type":"Point","coordinates":[-82.696145000299,29.8826439997937]},"properties":{"Plant_Name":"Columbia Solar Power Plant","State":"Florida","PrimSource":"solar","Total_MW":74.9,"Install_MW":74.9,"City":"Fort White","County":"Columbia","Utility_Na":"Duke Energy Florida, LLC","Longitude":-82.696145,"Latitude":29.882644}},{"type":"Feature","geometry":{"type":"Point","coordinates":[-76.9022219998987,37.1388889998258]},"properties":{"Plant_Name":"Colonial Trail West","State":"Virginia","PrimSource":"solar","Total_MW":142.4,"Install_MW":142.4,"City":"Spring Grove","County":"Surry","Utility_Na":"Dominion Energy Inc.","Longitude":-76.902222,"Latitude":37.138889}},{"type":"Feature","geometry":{"type":"Point","coordinates":[-76.9192449999726,37.1739160001991]},"properties":{"Plant_Name":"Spring Grove I","State":"Virginia","PrimSource":"solar","Total_MW":97.9,"Install_MW":97.9,"City":"Spring Grove","County":"Surry","Utility_Na":"Dominion Energy Inc.","Longitude":-76.919245,"Latitude":37.173916}},{"type":"Feature","geometry":{"type":"Point","coordinates":[-81.6163199998125,28.4007799997819]},"properties":{"Plant_Name":"Citrus Ridge Solar","State":"Florida","PrimSource":"solar","Total_MW":52,"Install_MW":52,"City":"Bay Lake","County":"Orange","Utility_Na":"FL Solar 5, LLC","Longitude":-81.61632,"Latitude":28.40078}},{"type":"Feature","geometry":{"type":"Point","coordinates":[-79.6551489996197,34.2345300000892]},"properties":{"Plant_Name":"Rankin Solar Center, LLC","State":"South Carolina","PrimSource":"solar","Total_MW":10,"Install_MW":10,"City":"Florence","County":"Florence","Utility_Na":"Rankin Solar Center, LLC","Longitude":-79.655149,"Latitude":34.23453}},{"type":"Feature","geometry":{"type":"Point","coordinates":[-76.4499999995889,37.4499999998776]},"properties":{"Plant_Name":"Gloucester Solar","State":"Virginia","PrimSource":"solar","Total_MW":19.8,"Install_MW":19.9,"City":"Gloucester","County":"Gloucester","Utility_Na":"Dominion Energy Inc.","Longitude":-76.45,"Latitude":37.45}},{"type":"Feature","geometry":{"type":"Point","coordinates":[-77.7862230000716,38.2471230001282]},"properties":{"Plant_Name":"Richmond Spider Solar","State":"Virginia","PrimSource":"solar","Total_MW":20,"Install_MW":20,"City":"Spotsylvania","County":"Spotsylvania","Utility_Na":"AES Distributed Energy","Longitude":-77.786223,"Latitude":38.247123}},{"type":"Feature","geometry":{"type":"Point","coordinates":[-77.7862230000716,38.2471230001282]},"properties":{"Plant_Name":"Pleinmont Solar 1","State":"Virginia","PrimSource":"solar","Total_MW":75,"Install_MW":75,"City":"Spotsylvania","County":"Spotsylvania","Utility_Na":"AES Distributed Energy","Longitude":-77.786223,"Latitude":38.247123}},{"type":"Feature","geometry":{"type":"Point","coordinates":[-77.7862230000716,38.2471230001282]},"properties":{"Plant_Name":"Pleinmont Solar 2","State":"Virginia","PrimSource":"solar","Total_MW":240,"Install_MW":240,"City":"Spotsylvania","County":"Spotsylvania","Utility_Na":"AES Distributed Energy","Longitude":-77.786223,"Latitude":38.247123}},{"type":"Feature","geometry":{"type":"Point","coordinates":[-77.7862230000716,38.2471230001282]},"properties":{"Plant_Name":"Highlander Solar Energy Station 1","State":"Virginia","PrimSource":"solar","Total_MW":165,"Install_MW":165,"City":"Spotsylvania","County":"Spotsylvania","Utility_Na":"AES Distributed Energy","Longitude":-77.786223,"Latitude":38.247123}},{"type":"Feature","geometry":{"type":"Point","coordinates":[-78.6394560001793,35.5331909996771]},"properties":{"Plant_Name":"Page Solar","State":"North Carolina","PrimSource":"solar","Total_MW":1.6,"Install_MW":1.6,"City":"Willow Spring","County":"Johnston","Utility_Na":"Page Solar Farm, LLC","Longitude":-78.639456,"Latitude":35.533191}},{"type":"Feature","geometry":{"type":"Point","coordinates":[-83.8833859996801,32.5015580000103]},"properties":{"Plant_Name":"Fort Valley State University Solar","State":"Georgia","PrimSource":"solar","Total_MW":10.8,"Install_MW":10.8,"City":"Fort Valley","County":"Peach","Utility_Na":"Georgia Power Co","Longitude":-83.883386,"Latitude":32.501558}},{"type":"Feature","geometry":{"type":"Point","coordinates":[-82.823099999817,34.6778999999591]},"properties":{"Plant_Name":"Duke Energy CHP at Clemson University","State":"South Carolina","PrimSource":"natural gas","Total_MW":12.5,"Install_MW":13.4,"City":"Clemson","County":"Pickens","Utility_Na":"Duke Energy Carolinas, LLC","Longitude":-82.8231,"Latitude":34.6779}},{"type":"Feature","geometry":{"type":"Point","coordinates":[-82.5173830004175,35.5401200002345]},"properties":{"Plant_Name":"Asheville-Rock Hill Battery","State":"North Carolina","PrimSource":"batteries","Total_MW":8.8,"Install_MW":8.8,"City":"Asheville","County":"Buncombe","Utility_Na":"Duke Energy Progress - (NC)","Longitude":-82.517383,"Latitude":35.54012}},{"type":"Feature","geometry":{"type":"Point","coordinates":[-77.5348249995906,36.4864280003259]},"properties":{"Plant_Name":"Gutenberg Solar","State":"North Carolina","PrimSource":"solar","Total_MW":79.9,"Install_MW":79.9,"City":"Garysburg","County":"Northampton","Utility_Na":"Dominion Energy Inc.","Longitude":-77.534825,"Latitude":36.486428}},{"type":"Feature","geometry":{"type":"Point","coordinates":[-78.5812719997509,37.0184269996634]},"properties":{"Plant_Name":"Twittys Creek Solar, LLC","State":"Virginia","PrimSource":"solar","Total_MW":13.8,"Install_MW":13.8,"City":"Keysville","County":"Charlotte","Utility_Na":"Cardinal Renewables","Longitude":-78.581272,"Latitude":37.018427}},{"type":"Feature","geometry":{"type":"Point","coordinates":[-78.7659100002802,37.3293600003402]},"properties":{"Plant_Name":"Caden Energix Pamplin LLC","State":"Virginia","PrimSource":"solar","Total_MW":15.7,"Install_MW":15.7,"City":"Appomattox","County":"Appomattox","Utility_Na":"Caden Energix Pamplin LLC","Longitude":-78.76591,"Latitude":37.32936}},{"type":"Feature","geometry":{"type":"Point","coordinates":[-76.1942660001146,36.6241130002487]},"properties":{"Plant_Name":"Caden Energix Hickory LLC","State":"Virginia","PrimSource":"solar","Total_MW":32,"Install_MW":32,"City":"Chesapeake","County":"Chesapeake City","Utility_Na":"Caden Energix Hickory LLC","Longitude":-76.194266,"Latitude":36.624113}},{"type":"Feature","geometry":{"type":"Point","coordinates":[-77.3376450004405,37.1778250003042]},"properties":{"Plant_Name":"Caden Energix Rives Road LLC","State":"Virginia","PrimSource":"solar","Total_MW":19.7,"Install_MW":19.7,"City":"Petersburg","County":"Prince George","Utility_Na":"Caden Energix Rives Road LLC","Longitude":-77.337645,"Latitude":37.177825}},{"type":"Feature","geometry":{"type":"Point","coordinates":[-76.4895630003592,36.1574009999251]},"properties":{"Plant_Name":"Alpha Value Solar","State":"North Carolina","PrimSource":"solar","Total_MW":5,"Install_MW":5,"City":"Hertford","County":"Perquimans","Utility_Na":"Alpha Value Solar, LLC","Longitude":-76.489563,"Latitude":36.157401}},{"type":"Feature","geometry":{"type":"Point","coordinates":[-82.6021389998634,31.8324740000891]},"properties":{"Plant_Name":"Hazlehurst III","State":"Georgia","PrimSource":"solar","Total_MW":40,"Install_MW":40,"City":"Hazlehurst","County":"Jeff Davis","Utility_Na":"SR Hazlehurst III, LLC","Longitude":-82.602139,"Latitude":31.832474}},{"type":"Feature","geometry":{"type":"Point","coordinates":[-84.3619520003001,31.871387000331]},"properties":{"Plant_Name":"SR Terrell","State":"Georgia","PrimSource":"solar","Total_MW":74,"Install_MW":74,"City":"Dawson","County":"Terrell","Utility_Na":"SR Terrell, LLC","Longitude":-84.361952,"Latitude":31.871387}},{"type":"Feature","geometry":{"type":"Point","coordinates":[-80.6789000003464,28.5289329998597]},"properties":{"Plant_Name":"Discovery Solar Center","State":"Florida","PrimSource":"solar","Total_MW":74.5,"Install_MW":74.5,"City":"Merrit Island","County":"Brevard","Utility_Na":"Florida Power & Light Co","Longitude":-80.6789,"Latitude":28.528933}},{"type":"Feature","geometry":{"type":"Point","coordinates":[-80.3526190001265,26.7826549997178]},"properties":{"Plant_Name":"Sabal Palm Solar Center","State":"Florida","PrimSource":"solar","Total_MW":74.5,"Install_MW":74.5,"City":"Loxahatchee","County":"Palm Beach","Utility_Na":"Florida Power & Light Co","Longitude":-80.352619,"Latitude":26.782655}},{"type":"Feature","geometry":{"type":"Point","coordinates":[-79.0902060004032,34.436697999647]},"properties":{"Plant_Name":"Panda Solar NC 1, LLC","State":"North Carolina","PrimSource":"solar","Total_MW":1,"Install_MW":1,"City":"Fairmont","County":"Robeson","Utility_Na":"Panda Solar NC 1, LLC","Longitude":-79.090206,"Latitude":34.436698}},{"type":"Feature","geometry":{"type":"Point","coordinates":[-77.6420000002574,34.4370000001394]},"properties":{"Plant_Name":"Quarter Horse Solar","State":"North Carolina","PrimSource":"solar","Total_MW":4.5,"Install_MW":4.5,"City":"Hampstead","County":"Pender","Utility_Na":"Quarter Horse Farm LLC","Longitude":-77.642,"Latitude":34.437}},{"type":"Feature","geometry":{"type":"Point","coordinates":[-77.7920000000868,34.8970000003178]},"properties":{"Plant_Name":"Atkinson Solar II","State":"North Carolina","PrimSource":"solar","Total_MW":1.9,"Install_MW":1.9,"City":"Beulaville","County":"Duplin","Utility_Na":"Atkinson Solar II LLC","Longitude":-77.792,"Latitude":34.897}},{"type":"Feature","geometry":{"type":"Point","coordinates":[-78.1779999996717,36.4120000002424]},"properties":{"Plant_Name":"Warrenton I Solar","State":"North Carolina","PrimSource":"solar","Total_MW":4.9,"Install_MW":4.9,"City":"Warrenton","County":"Warren","Utility_Na":"Warrenton Solar I LLC","Longitude":-78.178,"Latitude":36.412}},{"type":"Feature","geometry":{"type":"Point","coordinates":[-78.7989999998278,34.5359999998365]},"properties":{"Plant_Name":"Bladenboro Solar 2","State":"North Carolina","PrimSource":"solar","Total_MW":4.5,"Install_MW":4.5,"City":"Bladenboro","County":"Bladen","Utility_Na":"Bladenboro Farm 2 LLC","Longitude":-78.799,"Latitude":34.536}},{"type":"Feature","geometry":{"type":"Point","coordinates":[-78.6579999998445,34.4399999996678]},"properties":{"Plant_Name":"Sadiebrook NC Solar","State":"North Carolina","PrimSource":"solar","Total_MW":5,"Install_MW":5,"City":"Clarkton","County":"Bladen","Utility_Na":"Sadiebrook Solar LLC","Longitude":-78.658,"Latitude":34.44}},{"type":"Feature","geometry":{"type":"Point","coordinates":[-78.0509999999479,35.3950000003249]},"properties":{"Plant_Name":"Lane Solar","State":"North Carolina","PrimSource":"solar","Total_MW":5,"Install_MW":5,"City":"Goldsboro","County":"Wayne","Utility_Na":"Lane Solar Farm LLC","Longitude":-78.051,"Latitude":35.395}},{"type":"Feature","geometry":{"type":"Point","coordinates":[-79.0846999996514,34.438400000185]},"properties":{"Plant_Name":"Panda Solar NC 2, LLC","State":"North Carolina","PrimSource":"solar","Total_MW":2,"Install_MW":2,"City":"Fairmont","County":"Robeson","Utility_Na":"Panda Solar NC 2, LLC","Longitude":-79.0847,"Latitude":34.4384}},{"type":"Feature","geometry":{"type":"Point","coordinates":[-79.0906719996603,34.631814000081]},"properties":{"Plant_Name":"Panda Solar NC 3, LLC","State":"North Carolina","PrimSource":"solar","Total_MW":2,"Install_MW":2,"City":"Lumberton","County":"Robeson","Utility_Na":"Panda Solar NC 3, LLC","Longitude":-79.090672,"Latitude":34.631814}},{"type":"Feature","geometry":{"type":"Point","coordinates":[-78.5243400001987,34.5194079999266]},"properties":{"Plant_Name":"Panda Solar NC 4, LLC","State":"North Carolina","PrimSource":"solar","Total_MW":2,"Install_MW":2,"City":"Clarkton\t\t\t","County":"Bladen","Utility_Na":"Panda Solar NC 4, LLC\t","Longitude":-78.52434,"Latitude":34.519408}},{"type":"Feature","geometry":{"type":"Point","coordinates":[-78.8104779996902,35.0471529997222]},"properties":{"Plant_Name":"Panda Solar NC 5, LLC","State":"North Carolina","PrimSource":"solar","Total_MW":1,"Install_MW":1,"City":"Fayetteville","County":"Cumberland","Utility_Na":"Panda Solar NC 5, LLC","Longitude":-78.810478,"Latitude":35.047153}},{"type":"Feature","geometry":{"type":"Point","coordinates":[-78.7873999997668,34.3535860003569]},"properties":{"Plant_Name":"Panda Solar NC 6, LLC","State":"North Carolina","PrimSource":"solar","Total_MW":1,"Install_MW":1,"City":"Chadbourn","County":"Columbus","Utility_Na":"Panda Solar NC 6, LLC","Longitude":-78.7874,"Latitude":34.353586}},{"type":"Feature","geometry":{"type":"Point","coordinates":[-78.2054639997153,35.1211810001793]},"properties":{"Plant_Name":"Panda Solar NC 7, LLC","State":"North Carolina","PrimSource":"solar","Total_MW":1.5,"Install_MW":1.5,"City":"Faison","County":"Sampson","Utility_Na":"Panda Solar NC 7 , LLC","Longitude":-78.205464,"Latitude":35.121181}},{"type":"Feature","geometry":{"type":"Point","coordinates":[-79.7059580004487,35.4209309998958]},"properties":{"Plant_Name":"Panda Solar NC 8, LLC","State":"North Carolina","PrimSource":"solar","Total_MW":2,"Install_MW":2,"City":"Star","County":"Moore","Utility_Na":"Panda Solar NC 8, LLC","Longitude":-79.705958,"Latitude":35.420931}},{"type":"Feature","geometry":{"type":"Point","coordinates":[-78.9136000003227,34.9108560001929]},"properties":{"Plant_Name":"Panda Solar NC 9, LLC","State":"North Carolina","PrimSource":"solar","Total_MW":2,"Install_MW":2,"City":"Hope Mills","County":"Cumberland","Utility_Na":"Panda Solar NC 9, LLC","Longitude":-78.9136,"Latitude":34.910856}},{"type":"Feature","geometry":{"type":"Point","coordinates":[-78.9129969999001,34.9096310002354]},"properties":{"Plant_Name":"Panda Solar NC 10, LLC","State":"North Carolina","PrimSource":"solar","Total_MW":2,"Install_MW":2,"City":"Hope Mills","County":"Cumberland","Utility_Na":"Panda Solar NC 10, LLC","Longitude":-78.912997,"Latitude":34.909631}},{"type":"Feature","geometry":{"type":"Point","coordinates":[-78.9124810004143,34.908589000254]},"properties":{"Plant_Name":"Panda Solar NC 11, LLC","State":"North Carolina","PrimSource":"solar","Total_MW":2,"Install_MW":2,"City":"Hope Mills","County":"Cumberland","Utility_Na":"Panda Solar NC 11, LLC","Longitude":-78.912481,"Latitude":34.908589}},{"type":"Feature","geometry":{"type":"Point","coordinates":[-79.511089999837,37.3320599999203]},"properties":{"Plant_Name":"Orange Street G1","State":"Virginia","PrimSource":"petroleum","Total_MW":4.8,"Install_MW":4.8,"City":"Bedford","County":"Bedford","Utility_Na":"Town of Bedford - (VA)","Longitude":-79.51109,"Latitude":37.33206}},{"type":"Feature","geometry":{"type":"Point","coordinates":[-78.2973360000912,35.5573969997556]},"properties":{"Plant_Name":"Red Toad 4451 Buffalo Road, LLC","State":"North Carolina","PrimSource":"solar","Total_MW":2,"Install_MW":2,"City":"Selma","County":"Johnston","Utility_Na":"Sol Systems","Longitude":-78.297336,"Latitude":35.557397}},{"type":"Feature","geometry":{"type":"Point","coordinates":[-78.8466300003086,34.1608699999167]},"properties":{"Plant_Name":"Arthur Solar, LLC","State":"North Carolina","PrimSource":"solar","Total_MW":5,"Install_MW":5,"City":"Tabor City","County":"Columbus","Utility_Na":"MN8 Energy LLC","Longitude":-78.84663,"Latitude":34.16087}},{"type":"Feature","geometry":{"type":"Point","coordinates":[-76.4673399998552,37.5724499996814]},"properties":{"Plant_Name":"Puller Solar","State":"Virginia","PrimSource":"solar","Total_MW":15,"Install_MW":15,"City":"Topping","County":"Middlesex","Utility_Na":"Dominion Energy Inc.","Longitude":-76.46734,"Latitude":37.57245}},{"type":"Feature","geometry":{"type":"Point","coordinates":[-81.7148560003083,30.4567530003404]},"properties":{"Plant_Name":"Imeson Solar","State":"Florida","PrimSource":"solar","Total_MW":10,"Install_MW":10,"City":"Jscksonville","County":"Duval","Utility_Na":"Imeson Solar Farm LLC","Longitude":-81.714856,"Latitude":30.456753}},{"type":"Feature","geometry":{"type":"Point","coordinates":[-84.2232999997384,30.2353999999228]},"properties":{"Plant_Name":"FL Solar 4, LLC","State":"Florida","PrimSource":"solar","Total_MW":42,"Install_MW":42,"City":"Tallahassee","County":"Leon","Utility_Na":"Onward Energy","Longitude":-84.2233,"Latitude":30.2354}},{"type":"Feature","geometry":{"type":"Point","coordinates":[-88.5494840001157,32.4539550000678]},"properties":{"Plant_Name":"Meridian III","State":"Mississippi","PrimSource":"solar","Total_MW":52.5,"Install_MW":52.5,"City":"Meridian","County":"Lauderdale","Utility_Na":"SR Meridian III, LLC","Longitude":-88.549484,"Latitude":32.453955}},{"type":"Feature","geometry":{"type":"Point","coordinates":[-88.580396000121,32.5533199998157]},"properties":{"Plant_Name":"Meridian II","State":"Mississippi","PrimSource":"solar","Total_MW":5,"Install_MW":5,"City":"Meridian","County":"Lauderdale","Utility_Na":"SR Meridian II, LLC","Longitude":-88.580396,"Latitude":32.55332}},{"type":"Feature","geometry":{"type":"Point","coordinates":[-82.7494599998351,31.7158140003289]},"properties":{"Plant_Name":"Snipesville","State":"Georgia","PrimSource":"solar","Total_MW":86,"Install_MW":86,"City":"Denton","County":"Jeff Davis","Utility_Na":"SR Snipesville, LLC","Longitude":-82.74946,"Latitude":31.715814}},{"type":"Feature","geometry":{"type":"Point","coordinates":[-79.7228519997529,34.9254520001274]},"properties":{"Plant_Name":"County Home Solar LLC","State":"North Carolina","PrimSource":"solar","Total_MW":4.9,"Install_MW":4.9,"City":"Rockingham","County":"Richmond","Utility_Na":"MN8 Energy LLC","Longitude":-79.722852,"Latitude":34.925452}},{"type":"Feature","geometry":{"type":"Point","coordinates":[-78.6253520001626,35.5236629998302]},"properties":{"Plant_Name":"Church Road Solar LLC","State":"North Carolina","PrimSource":"solar","Total_MW":5,"Install_MW":5,"City":"Angier","County":"Harnett","Utility_Na":"MN8 Energy LLC","Longitude":-78.625352,"Latitude":35.523663}},{"type":"Feature","geometry":{"type":"Point","coordinates":[-82.5209240002657,36.252039000266]},"properties":{"Plant_Name":"SR Jonesborough","State":"Tennessee","PrimSource":"solar","Total_MW":4.4,"Install_MW":4.4,"City":"Jonesborough","County":"Washington","Utility_Na":"SR Jonesborough II, LLC","Longitude":-82.520924,"Latitude":36.252039}},{"type":"Feature","geometry":{"type":"Point","coordinates":[-79.8725500003568,34.2689110003219]},"properties":{"Plant_Name":"Ashley Solar (SC)","State":"South Carolina","PrimSource":"solar","Total_MW":2,"Install_MW":2,"City":"Darlington","County":"Darlington","Utility_Na":"Ashley Solar (SC)","Longitude":-79.87255,"Latitude":34.268911}},{"type":"Feature","geometry":{"type":"Point","coordinates":[-79.8685809999881,34.2679919997693]},"properties":{"Plant_Name":"Birch Solar","State":"South Carolina","PrimSource":"solar","Total_MW":2,"Install_MW":2,"City":"Darlington","County":"Darlington","Utility_Na":"Birch Solar","Longitude":-79.868581,"Latitude":34.267992}},{"type":"Feature","geometry":{"type":"Point","coordinates":[-76.3500000003015,36.6500000000352]},"properties":{"Plant_Name":"Grassfield Solar","State":"Virginia","PrimSource":"solar","Total_MW":20,"Install_MW":20,"City":"Chesapeake","County":"Chesapeake City","Utility_Na":"Dominion Energy Inc.","Longitude":-76.35,"Latitude":36.65}},{"type":"Feature","geometry":{"type":"Point","coordinates":[-79.1928040002559,36.9426339997793]},"properties":{"Plant_Name":"Sycamore Solar","State":"Virginia","PrimSource":"solar","Total_MW":42,"Install_MW":42,"City":"Gretna","County":"Pittsylvania","Utility_Na":"Dominion Energy Inc.","Longitude":-79.192804,"Latitude":36.942634}},{"type":"Feature","geometry":{"type":"Point","coordinates":[-77.640000000092,35.8999999996778]},"properties":{"Plant_Name":"Harts Mill Solar, LLC","State":"North Carolina","PrimSource":"solar","Total_MW":80,"Install_MW":80,"City":"Tarboro","County":"Edgecombe","Utility_Na":"Harts Mills Solar, LLC","Longitude":-77.64,"Latitude":35.9}},{"type":"Feature","geometry":{"type":"Point","coordinates":[-82.6722439998449,28.9999899996587]},"properties":{"Plant_Name":"Bay Trail Solar Power Plant","State":"Florida","PrimSource":"solar","Total_MW":74.9,"Install_MW":74.9,"City":"Crystal River","County":"Citrus","Utility_Na":"Duke Energy Florida, LLC","Longitude":-82.672244,"Latitude":28.99999}},{"type":"Feature","geometry":{"type":"Point","coordinates":[-85.4103929998798,30.1031369996296]},"properties":{"Plant_Name":"Sandy Creek Solar Power Plant","State":"Florida","PrimSource":"solar","Total_MW":74.9,"Install_MW":74.9,"City":"Panama City","County":"Bay","Utility_Na":"Duke Energy Florida, LLC","Longitude":-85.410393,"Latitude":30.103137}},{"type":"Feature","geometry":{"type":"Point","coordinates":[-84.7972059998893,31.7665059998423]},"properties":{"Plant_Name":"Lancaster Solar GA","State":"Georgia","PrimSource":"solar","Total_MW":80,"Install_MW":80,"City":"Arlington","County":"Randolph","Utility_Na":"Lancaster Solar GA, LLC","Longitude":-84.797206,"Latitude":31.766506}},{"type":"Feature","geometry":{"type":"Point","coordinates":[-83.7629010001133,32.3959699999558]},"properties":{"Plant_Name":"SR Perry","State":"Georgia","PrimSource":"solar","Total_MW":68,"Install_MW":68,"City":"Perry","County":"Houston","Utility_Na":"SR Perry, LLC","Longitude":-83.762901,"Latitude":32.39597}},{"type":"Feature","geometry":{"type":"Point","coordinates":[-81.9287089997279,35.0130799998817]},"properties":{"Plant_Name":"Bryant Road Solar","State":"South Carolina","PrimSource":"solar","Total_MW":2,"Install_MW":2,"City":"Spartanburg","County":"Spartanburg","Utility_Na":"JSD Flatwood PV-1, LLC","Longitude":-81.928709,"Latitude":35.01308}},{"type":"Feature","geometry":{"type":"Point","coordinates":[-77.2077249999362,37.6659749998821]},"properties":{"Plant_Name":"Mechanicsville Solar","State":"Virginia","PrimSource":"solar","Total_MW":25,"Install_MW":25,"City":"Mechanicsville","County":"Hanover","Utility_Na":"Mechanicsville Solar, LLC","Longitude":-77.207725,"Latitude":37.665975}},{"type":"Feature","geometry":{"type":"Point","coordinates":[-76.6204520000857,35.9281880001703]},"properties":{"Plant_Name":"Albemarle Beach Solar","State":"North Carolina","PrimSource":"solar","Total_MW":140,"Install_MW":130.2,"City":"Roper","County":"Washington","Utility_Na":"Albemarle Beach Solar, LLC","Longitude":-76.620452,"Latitude":35.928188}},{"type":"Feature","geometry":{"type":"Point","coordinates":[-79.5395699998568,36.1362100003113]},"properties":{"Plant_Name":"Lotus","State":"North Carolina","PrimSource":"solar","Total_MW":4,"Install_MW":4,"City":"Elon","County":"Guilford","Utility_Na":"Cypress Creek Renewables","Longitude":-79.53957,"Latitude":36.13621}},{"type":"Feature","geometry":{"type":"Point","coordinates":[-79.6337670000881,36.0776699996927]},"properties":{"Plant_Name":"Big Boy","State":"North Carolina","PrimSource":"solar","Total_MW":3,"Install_MW":3,"City":"Gibsonville","County":"Guilford","Utility_Na":"Cypress Creek Renewables","Longitude":-79.633767,"Latitude":36.07767}},{"type":"Feature","geometry":{"type":"Point","coordinates":[-79.618368000436,35.9755860001348]},"properties":{"Plant_Name":"Beth","State":"North Carolina","PrimSource":"solar","Total_MW":5,"Install_MW":5,"City":"Julian","County":"Guilford","Utility_Na":"Cypress Creek Renewables","Longitude":-79.618368,"Latitude":35.975586}},{"type":"Feature","geometry":{"type":"Point","coordinates":[-79.6094799998446,35.9748499998412]},"properties":{"Plant_Name":"Charlie","State":"North Carolina","PrimSource":"solar","Total_MW":4,"Install_MW":4,"City":"Julian","County":"Guilford","Utility_Na":"Cypress Creek Renewables","Longitude":-79.60948,"Latitude":35.97485}},{"type":"Feature","geometry":{"type":"Point","coordinates":[-84.7324999996312,32.0250000001061]},"properties":{"Plant_Name":"SR Lumpkin","State":"Georgia","PrimSource":"solar","Total_MW":100,"Install_MW":100,"City":"Lumpkin","County":"Stewart","Utility_Na":"SR Lumpkin, LLC","Longitude":-84.7325,"Latitude":32.025}},{"type":"Feature","geometry":{"type":"Point","coordinates":[-78.9495100001935,34.5812499999132]},"properties":{"Plant_Name":"Bo Biggs Solar","State":"North Carolina","PrimSource":"solar","Total_MW":4.9,"Install_MW":4.9,"City":"Lumberton","County":"Robeson","Utility_Na":"Bo Biggs Solar, LLC","Longitude":-78.94951,"Latitude":34.58125}},{"type":"Feature","geometry":{"type":"Point","coordinates":[-79.481120000188,36.3842699997267]},"properties":{"Plant_Name":"Moore Solar","State":"North Carolina","PrimSource":"solar","Total_MW":5,"Install_MW":5,"City":"Reidsville","County":"Rockingham","Utility_Na":"Moore Solar, LLC","Longitude":-79.48112,"Latitude":36.38427}},{"type":"Feature","geometry":{"type":"Point","coordinates":[-82.333892000284,31.877717000303]},"properties":{"Plant_Name":"Baxley","State":"Georgia","PrimSource":"solar","Total_MW":25,"Install_MW":25,"City":"Baxley","County":"Appling","Utility_Na":"SR Baxley, LLC","Longitude":-82.333892,"Latitude":31.877717}},{"type":"Feature","geometry":{"type":"Point","coordinates":[-82.1403180003812,32.0388190003611]},"properties":{"Plant_Name":"Curry Solar","State":"Georgia","PrimSource":"solar","Total_MW":1.1,"Install_MW":1.1,"City":"Reidsville","County":"Tattnall","Utility_Na":"Altus Power America Management, LLC","Longitude":-82.140318,"Latitude":32.038819}},{"type":"Feature","geometry":{"type":"Point","coordinates":[-78.0845899999861,35.1847039998068]},"properties":{"Plant_Name":"Solar Lee, LLC","State":"North Carolina","PrimSource":"solar","Total_MW":4.9,"Install_MW":4.9,"City":"Mount Olive","County":"Wayne","Utility_Na":"Solar Lee, LLC","Longitude":-78.08459,"Latitude":35.184704}},{"type":"Feature","geometry":{"type":"Point","coordinates":[-78.9961480000891,34.3243659997478]},"properties":{"Plant_Name":"Acme Solar, LLC","State":"North Carolina","PrimSource":"solar","Total_MW":4.9,"Install_MW":4.9,"City":"Riegelwood","County":"Columbus","Utility_Na":"Acme Solar, LLC","Longitude":-78.996148,"Latitude":34.324366}},{"type":"Feature","geometry":{"type":"Point","coordinates":[-80.8196540002825,36.1489860002888]},"properties":{"Plant_Name":"1051 Lucky Solar, LLC","State":"North Carolina","PrimSource":"solar","Total_MW":3,"Install_MW":3,"City":"Hamptonville","County":"Yadkin","Utility_Na":"1051 Lucky Solar, LLC","Longitude":-80.819654,"Latitude":36.148986}},{"type":"Feature","geometry":{"type":"Point","coordinates":[-77.1332949999339,35.1608889997287]},"properties":{"Plant_Name":"Sweet Tea Solar, LLC","State":"North Carolina","PrimSource":"solar","Total_MW":4.5,"Install_MW":4.5,"City":"New Bern","County":"Craven","Utility_Na":"Sweet Tea Solar, LLC","Longitude":-77.133295,"Latitude":35.160889}},{"type":"Feature","geometry":{"type":"Point","coordinates":[-81.6729200000021,32.3843980002124]},"properties":{"Plant_Name":"Bulloch Neville Farms","State":"Georgia","PrimSource":"solar","Total_MW":2.7,"Install_MW":2.7,"City":"Brooklet","County":"Bulloch","Utility_Na":"Safari Energy, LLC","Longitude":-81.67292,"Latitude":32.384398}},{"type":"Feature","geometry":{"type":"Point","coordinates":[-83.0991179997291,34.4420709998529]},"properties":{"Plant_Name":"Franklin Milliken","State":"Georgia","PrimSource":"solar","Total_MW":3,"Install_MW":3,"City":"Lavonia","County":"Franklin","Utility_Na":"Safari Energy, LLC","Longitude":-83.099118,"Latitude":34.442071}},{"type":"Feature","geometry":{"type":"Point","coordinates":[-83.0934910004001,33.6314589996749]},"properties":{"Plant_Name":"Greene Durham","State":"Georgia","PrimSource":"solar","Total_MW":3,"Install_MW":3,"City":"Union Point","County":"Greene","Utility_Na":"Safari Energy, LLC","Longitude":-83.093491,"Latitude":33.631459}},{"type":"Feature","geometry":{"type":"Point","coordinates":[-83.227515000094,30.8354519998511]},"properties":{"Plant_Name":"Lowndes IDA","State":"Georgia","PrimSource":"solar","Total_MW":1.5,"Install_MW":1.5,"City":"Valdosta","County":"Lowndes","Utility_Na":"Safari Energy, LLC","Longitude":-83.227515,"Latitude":30.835452}},{"type":"Feature","geometry":{"type":"Point","coordinates":[-83.1671459995523,30.6881930000599]},"properties":{"Plant_Name":"Lowndes Tycor Farms","State":"Georgia","PrimSource":"solar","Total_MW":2.3,"Install_MW":2.3,"City":"Lake Park","County":"Lowndes","Utility_Na":"Safari Energy, LLC","Longitude":-83.167146,"Latitude":30.688193}},{"type":"Feature","geometry":{"type":"Point","coordinates":[-84.6443670003686,32.8774959996521]},"properties":{"Plant_Name":"Meriwether Jackson","State":"Georgia","PrimSource":"solar","Total_MW":3,"Install_MW":3,"City":"Machester","County":"Meriwether","Utility_Na":"Safari Energy, LLC","Longitude":-84.644367,"Latitude":32.877496}},{"type":"Feature","geometry":{"type":"Point","coordinates":[-84.8132840001321,34.7697469996675]},"properties":{"Plant_Name":"Murray Treadwell Farms","State":"Georgia","PrimSource":"solar","Total_MW":3,"Install_MW":3,"City":"Chatsworth","County":"Murray","Utility_Na":"Safari Energy, LLC","Longitude":-84.813284,"Latitude":34.769747}},{"type":"Feature","geometry":{"type":"Point","coordinates":[-83.3923300003177,33.3176529997246]},"properties":{"Plant_Name":"Putnam Erickson","State":"Georgia","PrimSource":"solar","Total_MW":2.7,"Install_MW":2.7,"City":"Eatonton","County":"Putnam","Utility_Na":"Safari Energy, LLC","Longitude":-83.39233,"Latitude":33.317653}},{"type":"Feature","geometry":{"type":"Point","coordinates":[-84.4484109998106,31.7855030002017]},"properties":{"Plant_Name":"Terrell Riles Stovall","State":"Georgia","PrimSource":"solar","Total_MW":1.7,"Install_MW":1.7,"City":"Dawson","County":"Terrell","Utility_Na":"Safari Energy, LLC","Longitude":-84.448411,"Latitude":31.785503}},{"type":"Feature","geometry":{"type":"Point","coordinates":[-84.8961649999844,32.8987840003623]},"properties":{"Plant_Name":"Troup RC50 II","State":"Georgia","PrimSource":"solar","Total_MW":1.5,"Install_MW":1.5,"City":"Pine Mountain","County":"Troup","Utility_Na":"Safari Energy, LLC","Longitude":-84.896165,"Latitude":32.898784}},{"type":"Feature","geometry":{"type":"Point","coordinates":[-82.322356999622,31.196313999957]},"properties":{"Plant_Name":"Ware Avra I","State":"Georgia","PrimSource":"solar","Total_MW":3,"Install_MW":3,"City":"Waycross","County":"Ware","Utility_Na":"Safari Energy, LLC","Longitude":-82.322357,"Latitude":31.196314}},{"type":"Feature","geometry":{"type":"Point","coordinates":[-82.322356999622,31.196313999957]},"properties":{"Plant_Name":"Ware Avra II","State":"Georgia","PrimSource":"solar","Total_MW":1.9,"Install_MW":1.9,"City":"Waycross","County":"Ware","Utility_Na":"Safari Energy, LLC","Longitude":-82.322357,"Latitude":31.196314}},{"type":"Feature","geometry":{"type":"Point","coordinates":[-80.7581199998016,27.607891999608]},"properties":{"Plant_Name":"Fort Drum Energy Center","State":"Florida","PrimSource":"solar","Total_MW":74.5,"Install_MW":74.5,"City":"Vero Beach","County":"Okeechobee","Utility_Na":"Florida Power & Light Co","Longitude":-80.75812,"Latitude":27.607892}},{"type":"Feature","geometry":{"type":"Point","coordinates":[-82.0806929998292,27.4481420003833]},"properties":{"Plant_Name":"Willow Solar Energy Center","State":"Florida","PrimSource":"solar","Total_MW":74.5,"Install_MW":74.5,"City":"Myakka City","County":"Manatee","Utility_Na":"Florida Power & Light Co","Longitude":-82.080693,"Latitude":27.448142}},{"type":"Feature","geometry":{"type":"Point","coordinates":[-77.7500000002064,36.0599999999654]},"properties":{"Plant_Name":"Sun Farm VIII, LLC","State":"North Carolina","PrimSource":"solar","Total_MW":4,"Install_MW":4,"City":"Battleboro","County":"Nash","Utility_Na":"Sun Farm VIII, LLC","Longitude":-77.75,"Latitude":36.06}},{"type":"Feature","geometry":{"type":"Point","coordinates":[-83.651649999846,30.8620499999705]},"properties":{"Plant_Name":"Quitman II Solar","State":"Georgia","PrimSource":"solar","Total_MW":150,"Install_MW":150,"City":"Quitman","County":"Brooks","Utility_Na":"Quitman II Solar, LLC","Longitude":-83.65165,"Latitude":30.86205}},{"type":"Feature","geometry":{"type":"Point","coordinates":[-78.9217709997903,36.4860080001729]},"properties":{"Plant_Name":"ESA Boston Solar, LLC","State":"North Carolina","PrimSource":"solar","Total_MW":5,"Install_MW":5,"City":"Roxboro","County":"Person","Utility_Na":"Sol Systems","Longitude":-78.921771,"Latitude":36.486008}},{"type":"Feature","geometry":{"type":"Point","coordinates":[-78.2042500002707,34.3124720002684]},"properties":{"Plant_Name":"Trojan Solar, LLC","State":"North Carolina","PrimSource":"solar","Total_MW":5,"Install_MW":5,"City":"Delco","County":"Columbus","Utility_Na":"Sol Systems","Longitude":-78.20425,"Latitude":34.312472}},{"type":"Feature","geometry":{"type":"Point","coordinates":[-79.4378850000483,36.5109389996633]},"properties":{"Plant_Name":"Zuma Solar, LLC","State":"North Carolina","PrimSource":"solar","Total_MW":3,"Install_MW":3,"City":"Providence","County":"Caswell","Utility_Na":"Sol Systems","Longitude":-79.437885,"Latitude":36.510939}},{"type":"Feature","geometry":{"type":"Point","coordinates":[-76.6035699995788,36.3016100000426]},"properties":{"Plant_Name":"Gliden (Op Zone)","State":"North Carolina","PrimSource":"solar","Total_MW":5,"Install_MW":5,"City":"Tyner","County":"Chowan","Utility_Na":"Greenbacker Renewable Energy Corporation","Longitude":-76.60357,"Latitude":36.30161}},{"type":"Feature","geometry":{"type":"Point","coordinates":[-82.6761370000456,34.4937069998513]},"properties":{"Plant_Name":"Anderson (SC)","State":"South Carolina","PrimSource":"solar","Total_MW":2,"Install_MW":2,"City":"Anderson","County":"Anderson","Utility_Na":"Anderson Solar Farm, LLC","Longitude":-82.676137,"Latitude":34.493707}},{"type":"Feature","geometry":{"type":"Point","coordinates":[-82.1013300004445,34.0847499997028]},"properties":{"Plant_Name":"Briarwood","State":"South Carolina","PrimSource":"solar","Total_MW":2,"Install_MW":2,"City":"Greenwood","County":"Greenwood","Utility_Na":"Briarwood Solar, LLC","Longitude":-82.10133,"Latitude":34.08475}},{"type":"Feature","geometry":{"type":"Point","coordinates":[-82.2262999998657,34.0725999999417]},"properties":{"Plant_Name":"Gold Mine","State":"South Carolina","PrimSource":"solar","Total_MW":1.5,"Install_MW":1.5,"City":"Bradley","County":"Greenwood","Utility_Na":"Gold Mine Solar, LLC","Longitude":-82.2263,"Latitude":34.0726}},{"type":"Feature","geometry":{"type":"Point","coordinates":[-79.1082629999967,39.366802999977]},"properties":{"Plant_Name":"Black Rock Wind","State":"West Virginia","PrimSource":"wind","Total_MW":115,"Install_MW":115,"City":"Elk Garden","County":"Mineral","Utility_Na":"Black Rock Wind Force, LLC","Longitude":-79.108263,"Latitude":39.366803}},{"type":"Feature","geometry":{"type":"Point","coordinates":[-77.8975520001568,36.2389100000493]},"properties":{"Plant_Name":"Grissom Solar, LLC","State":"North Carolina","PrimSource":"batteries","Total_MW":15,"Install_MW":15,"City":"Enfield","County":"Halifax","Utility_Na":"Grissom Solar, LLC","Longitude":-77.897552,"Latitude":36.23891}},{"type":"Feature","geometry":{"type":"Point","coordinates":[-86.5919399999847,31.0077770002565]},"properties":{"Plant_Name":"Wing","State":"Alabama","PrimSource":"solar","Total_MW":80,"Install_MW":80,"City":"Wing","County":"Covington","Utility_Na":"OE_ALD","Longitude":-86.59194,"Latitude":31.007777}},{"type":"Feature","geometry":{"type":"Point","coordinates":[-82.3286910000291,34.6392489997538]},"properties":{"Plant_Name":"Berry Road Solar","State":"South Carolina","PrimSource":"solar","Total_MW":2,"Install_MW":2,"City":"Pelzer","County":"Greenville","Utility_Na":"RPSC Solar 3, LLC","Longitude":-82.328691,"Latitude":34.639249}},{"type":"Feature","geometry":{"type":"Point","coordinates":[-77.2104099996418,34.8109130001846]},"properties":{"Plant_Name":"Swansboro Solar, LLC","State":"North Carolina","PrimSource":"solar","Total_MW":4.9,"Install_MW":4.9,"City":"Maysville","County":"Onslow","Utility_Na":"Swansboro Solar, LLC","Longitude":-77.21041,"Latitude":34.810913}},{"type":"Feature","geometry":{"type":"Point","coordinates":[-77.9695540003715,35.5040689997722]},"properties":{"Plant_Name":"Suncaster, LLC","State":"North Carolina","PrimSource":"solar","Total_MW":2.4,"Install_MW":2.4,"City":"Pikeville","County":"Wayne","Utility_Na":"Suncaster, LLC","Longitude":-77.969554,"Latitude":35.504069}},{"type":"Feature","geometry":{"type":"Point","coordinates":[-77.4987590000842,34.7847099999453]},"properties":{"Plant_Name":"1034 Catherine Lake Solar, LLC","State":"North Carolina","PrimSource":"solar","Total_MW":4.9,"Install_MW":4.9,"City":"Jacksonville","County":"Onslow","Utility_Na":"1034 Catherine Lake Solar, LLC","Longitude":-77.498759,"Latitude":34.78471}},{"type":"Feature","geometry":{"type":"Point","coordinates":[-88.9919399999501,36.3863800001851]},"properties":{"Plant_Name":"OETN1","State":"Tennessee","PrimSource":"solar","Total_MW":108,"Install_MW":100,"City":"Obion","County":"Obion","Utility_Na":"OE_TN1","Longitude":-88.99194,"Latitude":36.38638}},{"type":"Feature","geometry":{"type":"Point","coordinates":[-77.9470000003297,34.7989999997445]},"properties":{"Plant_Name":"Hall Solar Energy Storage","State":"North Carolina","PrimSource":"batteries","Total_MW":4.5,"Install_MW":4.5,"City":"Teachey","County":"Duplin","Utility_Na":"North Carolina El Member Corp","Longitude":-77.947,"Latitude":34.799}},{"type":"Feature","geometry":{"type":"Point","coordinates":[-78.586977999621,35.0424699997057]},"properties":{"Plant_Name":"South River H4 Solar Energy Storage","State":"North Carolina","PrimSource":"batteries","Total_MW":1.1,"Install_MW":1.1,"City":"Autryville","County":"Sampson","Utility_Na":"North Carolina El Member Corp","Longitude":-78.586978,"Latitude":35.04247}},{"type":"Feature","geometry":{"type":"Point","coordinates":[-77.7290889999547,35.419640999704]},"properties":{"Plant_Name":"Arba Solar Energy Storage","State":"North Carolina","PrimSource":"batteries","Total_MW":10.1,"Install_MW":10.1,"City":"Hamlet","County":"Greene","Utility_Na":"North Carolina El Member Corp","Longitude":-77.729089,"Latitude":35.419641}},{"type":"Feature","geometry":{"type":"Point","coordinates":[-76.5359760001239,35.6373369997197]},"properties":{"Plant_Name":"Rose Acre Solar Energy Storage","State":"North Carolina","PrimSource":"batteries","Total_MW":4.5,"Install_MW":4.5,"City":"Currituck","County":"Hyde","Utility_Na":"North Carolina El Member Corp","Longitude":-76.535976,"Latitude":35.637337}},{"type":"Feature","geometry":{"type":"Point","coordinates":[-79.734006999575,34.8460469999989]},"properties":{"Plant_Name":"Hamlet Solar Energy Storage","State":"North Carolina","PrimSource":"solar","Total_MW":1,"Install_MW":1,"City":"Hamlet","County":"Richmond","Utility_Na":"North Carolina El Member Corp","Longitude":-79.734007,"Latitude":34.846047}},{"type":"Feature","geometry":{"type":"Point","coordinates":[-78.4240189996226,35.9539469996723]},"properties":{"Plant_Name":"Wake RJ3 Solar Energy Storage","State":"North Carolina","PrimSource":"batteries","Total_MW":1.1,"Install_MW":1.1,"City":"Wake Forest","County":"Wake","Utility_Na":"North Carolina El Member Corp","Longitude":-78.424019,"Latitude":35.953947}},{"type":"Feature","geometry":{"type":"Point","coordinates":[-77.7700000000639,34.8310000000187]},"properties":{"Plant_Name":"Ludie Brown Solar Energy Storage","State":"North Carolina","PrimSource":"batteries","Total_MW":4.5,"Install_MW":4.5,"City":"Chinquapin","County":"Duplin","Utility_Na":"North Carolina El Member Corp","Longitude":-77.77,"Latitude":34.831}},{"type":"Feature","geometry":{"type":"Point","coordinates":[-79.9094810002267,35.7184289997184]},"properties":{"Plant_Name":"Lowe Solar Energy Storage","State":"North Carolina","PrimSource":"batteries","Total_MW":4.5,"Install_MW":4.5,"City":"Asheboro","County":"Randolph","Utility_Na":"North Carolina El Member Corp","Longitude":-79.909481,"Latitude":35.718429}},{"type":"Feature","geometry":{"type":"Point","coordinates":[-79.9094810002267,35.7184289997184]},"properties":{"Plant_Name":"Spencer Meadow Solar Energy Storage","State":"North Carolina","PrimSource":"batteries","Total_MW":4.5,"Install_MW":4.5,"City":"Asheboro","County":"Randolph","Utility_Na":"North Carolina El Member Corp","Longitude":-79.909481,"Latitude":35.718429}},{"type":"Feature","geometry":{"type":"Point","coordinates":[-79.7879999998768,35.7129999997365]},"properties":{"Plant_Name":"Old Cedar Solar Energy Storage","State":"North Carolina","PrimSource":"batteries","Total_MW":2.3,"Install_MW":2.3,"City":"Asheboro","County":"Randolph","Utility_Na":"North Carolina El Member Corp","Longitude":-79.788,"Latitude":35.713}},{"type":"Feature","geometry":{"type":"Point","coordinates":[-79.0322999998093,35.5880000000873]},"properties":{"Plant_Name":"Flatwood Farm","State":"North Carolina","PrimSource":"solar","Total_MW":5,"Install_MW":5,"City":"Moncure","County":"Chatham","Utility_Na":"Strata Manager, LLC","Longitude":-79.0323,"Latitude":35.588}},{"type":"Feature","geometry":{"type":"Point","coordinates":[-88.6188800002676,33.418888000248]},"properties":{"Plant_Name":"Golden Triangle","State":"Mississippi","PrimSource":"batteries","Total_MW":50,"Install_MW":50,"City":"Lowndes","County":"Lowndes","Utility_Na":"OE_MS5","Longitude":-88.61888,"Latitude":33.418888}},{"type":"Feature","geometry":{"type":"Point","coordinates":[-81.9415809998582,27.6411249999331]},"properties":{"Plant_Name":"Fort Green Solar Power Plant","State":"Florida","PrimSource":"solar","Total_MW":74.9,"Install_MW":74.9,"City":"Bowling Green","County":"Hardee","Utility_Na":"Duke Energy Florida, LLC","Longitude":-81.941581,"Latitude":27.641125}},{"type":"Feature","geometry":{"type":"Point","coordinates":[-76.1444859996807,36.307860000189]},"properties":{"Plant_Name":"Camden Solar LLC","State":"North Carolina","PrimSource":"solar","Total_MW":20,"Install_MW":20,"City":"South Camden","County":"Camden","Utility_Na":"Camden Solar LLC","Longitude":-76.144486,"Latitude":36.30786}},{"type":"Feature","geometry":{"type":"Point","coordinates":[-80.197098000375,25.7989779999851]},"properties":{"Plant_Name":"Wynwood Energy Storage","State":"Florida","PrimSource":"batteries","Total_MW":10,"Install_MW":10,"City":"Miami","County":"Miami Dade","Utility_Na":"Florida Power & Light Co","Longitude":-80.197098,"Latitude":25.798978}},{"type":"Feature","geometry":{"type":"Point","coordinates":[-82.0605499998566,33.3363199997432]},"properties":{"Plant_Name":"Apalachicola","State":"Georgia","PrimSource":"solar","Total_MW":2.5,"Install_MW":2.5,"City":"Hephzibah","County":"Richmond","Utility_Na":"Westbound Solar LLC","Longitude":-82.06055,"Latitude":33.33632}},{"type":"Feature","geometry":{"type":"Point","coordinates":[-83.3437790002953,32.3993659996744]},"properties":{"Plant_Name":"Arnold Cochran","State":"Georgia","PrimSource":"solar","Total_MW":1.7,"Install_MW":1.7,"City":"Cochran","County":"Bleckley","Utility_Na":"Westbound Solar LLC","Longitude":-83.343779,"Latitude":32.399366}},{"type":"Feature","geometry":{"type":"Point","coordinates":[-82.2990710001844,33.5677180003416]},"properties":{"Plant_Name":"Columbia Substation","State":"Georgia","PrimSource":"solar","Total_MW":2,"Install_MW":2,"City":"Appling","County":"Columbia","Utility_Na":"Westbound Solar LLC","Longitude":-82.299071,"Latitude":33.567718}},{"type":"Feature","geometry":{"type":"Point","coordinates":[-83.3742750003741,32.367009000021]},"properties":{"Plant_Name":"Coody Cochran","State":"Georgia","PrimSource":"solar","Total_MW":2.6,"Install_MW":2.6,"City":"Cochran","County":"Bleckley","Utility_Na":"Westbound Solar LLC","Longitude":-83.374275,"Latitude":32.367009}},{"type":"Feature","geometry":{"type":"Point","coordinates":[-81.9807510002681,33.1076479996867]},"properties":{"Plant_Name":"Shawnee - GA","State":"Georgia","PrimSource":"solar","Total_MW":2,"Install_MW":2,"City":"Waynesboro","County":"Burke","Utility_Na":"Westbound Solar LLC","Longitude":-81.980751,"Latitude":33.107648}},{"type":"Feature","geometry":{"type":"Point","coordinates":[-81.9325810000122,31.6028029997679]},"properties":{"Plant_Name":"Westberry Jesup","State":"Georgia","PrimSource":"solar","Total_MW":2.6,"Install_MW":2.6,"City":"Jesup","County":"Wayne","Utility_Na":"Westbound Solar LLC","Longitude":-81.932581,"Latitude":31.602803}},{"type":"Feature","geometry":{"type":"Point","coordinates":[-81.9602309998286,30.9163749996638]},"properties":{"Plant_Name":"Fountain Folkston","State":"Georgia","PrimSource":"solar","Total_MW":2.1,"Install_MW":2.1,"City":"Folkston","County":"Charlton","Utility_Na":"Westbound Solar LLC","Longitude":-81.960231,"Latitude":30.916375}},{"type":"Feature","geometry":{"type":"Point","coordinates":[-84.6965899997604,32.7975819996366]},"properties":{"Plant_Name":"Harris Shiloh","State":"Georgia","PrimSource":"solar","Total_MW":2.1,"Install_MW":2.1,"City":"Shiloh","County":"Harris","Utility_Na":"Westbound Solar LLC","Longitude":-84.69659,"Latitude":32.797582}},{"type":"Feature","geometry":{"type":"Point","coordinates":[-85.2808809998046,34.0196430001871]},"properties":{"Plant_Name":"Polk Cedartown","State":"Georgia","PrimSource":"solar","Total_MW":2.2,"Install_MW":2.2,"City":"Cedartown","County":"Polk","Utility_Na":"Westbound Solar LLC","Longitude":-85.280881,"Latitude":34.019643}},{"type":"Feature","geometry":{"type":"Point","coordinates":[-88.9266060000533,35.5741689998467]},"properties":{"Plant_Name":"SR McKellar","State":"Tennessee","PrimSource":"solar","Total_MW":70,"Install_MW":70,"City":"Denmark","County":"Madison","Utility_Na":"SR McKellar, LLC","Longitude":-88.926606,"Latitude":35.574169}},{"type":"Feature","geometry":{"type":"Point","coordinates":[-86.4600000001219,35.5699999997924]},"properties":{"Plant_Name":"SR Bell Buckle","State":"Tennessee","PrimSource":"solar","Total_MW":35,"Install_MW":35,"City":"Shelbyville","County":"Bedford","Utility_Na":"SR Bell Buckle, LLC","Longitude":-86.46,"Latitude":35.57}},{"type":"Feature","geometry":{"type":"Point","coordinates":[-82.6988810000582,36.2948109999547]},"properties":{"Plant_Name":"SR Greenville I","State":"Tennessee","PrimSource":"solar","Total_MW":4.8,"Install_MW":4.8,"City":"Limestone","County":"Greene","Utility_Na":"SR Greenville I, LLC","Longitude":-82.698881,"Latitude":36.294811}},{"type":"Feature","geometry":{"type":"Point","coordinates":[-82.7400470004355,36.1905000003026]},"properties":{"Plant_Name":"SR Greenville II","State":"Tennessee","PrimSource":"solar","Total_MW":4.8,"Install_MW":4.8,"City":"Greeneville","County":"Greene","Utility_Na":"SR Greenville II, LLC","Longitude":-82.740047,"Latitude":36.1905}},{"type":"Feature","geometry":{"type":"Point","coordinates":[-89.020275000205,35.2566560002114]},"properties":{"Plant_Name":"SR Bolivar","State":"Tennessee","PrimSource":"solar","Total_MW":3.3,"Install_MW":3.3,"City":"Bolivar","County":"Hardeman","Utility_Na":"SR Bolivar, LLC","Longitude":-89.020275,"Latitude":35.256656}},{"type":"Feature","geometry":{"type":"Point","coordinates":[-88.3276879999359,36.4458939998917]},"properties":{"Plant_Name":"SR Paris","State":"Tennessee","PrimSource":"solar","Total_MW":6.8,"Install_MW":6.8,"City":"Paris","County":"Henry","Utility_Na":"SR Paris, LLC","Longitude":-88.327688,"Latitude":36.445894}},{"type":"Feature","geometry":{"type":"Point","coordinates":[-88.9170460003406,35.6077569998298]},"properties":{"Plant_Name":"SR Jackson II","State":"Tennessee","PrimSource":"solar","Total_MW":1,"Install_MW":1,"City":"Jackson","County":"Madison","Utility_Na":"SR Jackson II, LLC","Longitude":-88.917046,"Latitude":35.607757}},{"type":"Feature","geometry":{"type":"Point","coordinates":[-82.155331000244,28.1815689996178]},"properties":{"Plant_Name":"Juniper Solar (FL)","State":"Florida","PrimSource":"solar","Total_MW":70,"Install_MW":70,"City":"Zephyrhills","County":"Pasco","Utility_Na":"Tampa Electric Co","Longitude":-82.155331,"Latitude":28.181569}},{"type":"Feature","geometry":{"type":"Point","coordinates":[-82.0676680004363,27.9268819996311]},"properties":{"Plant_Name":"Laurel Oaks Solar","State":"Florida","PrimSource":"solar","Total_MW":61.2,"Install_MW":61.2,"City":"Plant City","County":"Hillsborough","Utility_Na":"Tampa Electric Co","Longitude":-82.067668,"Latitude":27.926882}},{"type":"Feature","geometry":{"type":"Point","coordinates":[-82.4724300001446,27.6836799999865]},"properties":{"Plant_Name":"Riverside Solar","State":"Florida","PrimSource":"solar","Total_MW":55.2,"Install_MW":55.2,"City":"Ruskin","County":"Hillsborough","Utility_Na":"Tampa Electric Co","Longitude":-82.47243,"Latitude":27.68368}},{"type":"Feature","geometry":{"type":"Point","coordinates":[-89.4541670002115,32.5797500000009]},"properties":{"Plant_Name":"Walnut Grove Demonstration Plant","State":"Mississippi","PrimSource":"solar","Total_MW":3,"Install_MW":3,"City":"Walnut Grove","County":"Leake","Utility_Na":"Mississippi Power Co","Longitude":-89.454167,"Latitude":32.57975}},{"type":"Feature","geometry":{"type":"Point","coordinates":[-81.80372199969,32.4680389999922]},"properties":{"Plant_Name":"Statesboro Solar LLC","State":"Georgia","PrimSource":"solar","Total_MW":3,"Install_MW":3,"City":"Statesboro","County":"Bulloch","Utility_Na":"Cardinal Renewables","Longitude":-81.803722,"Latitude":32.468039}},{"type":"Feature","geometry":{"type":"Point","coordinates":[-84.5480000000926,30.9099999996797]},"properties":{"Plant_Name":"BE Solar LLC","State":"Georgia","PrimSource":"solar","Total_MW":3,"Install_MW":3,"City":"Atlanta","County":"Decatur","Utility_Na":"Cardinal Renewables","Longitude":-84.548,"Latitude":30.91}},{"type":"Feature","geometry":{"type":"Point","coordinates":[-84.202610000318,32.0556899997821]},"properties":{"Plant_Name":"Brady Solar LLC","State":"Georgia","PrimSource":"solar","Total_MW":1.8,"Install_MW":1.8,"City":"Americus","County":"Sumter","Utility_Na":"Cardinal Renewables","Longitude":-84.20261,"Latitude":32.05569}},{"type":"Feature","geometry":{"type":"Point","coordinates":[-85.0222349999457,34.0148330002207]},"properties":{"Plant_Name":"Rockmart","State":"Georgia","PrimSource":"solar","Total_MW":2.6,"Install_MW":2.6,"City":"Rockmart","County":"Polk","Utility_Na":"Cardinal Renewables","Longitude":-85.022235,"Latitude":34.014833}},{"type":"Feature","geometry":{"type":"Point","coordinates":[-83.2984500002789,33.2768209996727]},"properties":{"Plant_Name":"Putnam Erikson 2","State":"Georgia","PrimSource":"solar","Total_MW":2.9,"Install_MW":2.9,"City":"Eatonton","County":"Putnam","Utility_Na":"SolAmerica Energy, LLC","Longitude":-83.29845,"Latitude":33.276821}},{"type":"Feature","geometry":{"type":"Point","coordinates":[-82.4008000003739,27.782731000253]},"properties":{"Plant_Name":"Big Bend Agrivoltaics","State":"Florida","PrimSource":"solar","Total_MW":1,"Install_MW":1,"City":"Apollo Beach","County":"Hillsborough","Utility_Na":"Tampa Electric Co","Longitude":-82.4008,"Latitude":27.782731}},{"type":"Feature","geometry":{"type":"Point","coordinates":[-82.395409999973,27.7882199996143]},"properties":{"Plant_Name":"Big Bend Floating Solar I","State":"Florida","PrimSource":"solar","Total_MW":1,"Install_MW":1,"City":"Gibsonton","County":"Hillsborough","Utility_Na":"Tampa Electric Co","Longitude":-82.39541,"Latitude":27.78822}},{"type":"Feature","geometry":{"type":"Point","coordinates":[-79.8200600001029,34.6938200000996]},"properties":{"Plant_Name":"Hickson Solar, LLC","State":"South Carolina","PrimSource":"solar","Total_MW":2,"Install_MW":2.8,"City":"Wallace","County":"Marlboro","Utility_Na":"Hickson Solar, LLC","Longitude":-79.82006,"Latitude":34.69382}},{"type":"Feature","geometry":{"type":"Point","coordinates":[-80.3906499996382,34.665650000071]},"properties":{"Plant_Name":"Ogburn Solar, LLC","State":"South Carolina","PrimSource":"solar","Total_MW":2,"Install_MW":2,"City":"Jefferson","County":"Chesterfield","Utility_Na":"Ogburn Solar, LLC","Longitude":-80.39065,"Latitude":34.66565}},{"type":"Feature","geometry":{"type":"Point","coordinates":[-80.2283200000017,34.2081000000994]},"properties":{"Plant_Name":"Bishopville Solar II, LLC","State":"South Carolina","PrimSource":"solar","Total_MW":10,"Install_MW":10,"City":"Bishopville","County":"Lee","Utility_Na":"Bishopville Solar II, LLC","Longitude":-80.22832,"Latitude":34.2081}},{"type":"Feature","geometry":{"type":"Point","coordinates":[-80.149850000384,34.1278400001685]},"properties":{"Plant_Name":"Magdaline Solar, LLC","State":"South Carolina","PrimSource":"solar","Total_MW":2,"Install_MW":2,"City":"Lynchburg","County":"Lee","Utility_Na":"Magdaline Solar, LLC","Longitude":-80.14985,"Latitude":34.12784}},{"type":"Feature","geometry":{"type":"Point","coordinates":[-81.8418259998949,35.3083139998473]},"properties":{"Plant_Name":"Clear Solar I, LLC","State":"North Carolina","PrimSource":"solar","Total_MW":3.6,"Install_MW":3.6,"City":"Forest City","County":"Rutherford","Utility_Na":"Clear Solar I, LLC","Longitude":-81.841826,"Latitude":35.308314}},{"type":"Feature","geometry":{"type":"Point","coordinates":[-81.987776999888,34.9486100001426]},"properties":{"Plant_Name":"Limelight Solar I, LLC","State":"South Carolina","PrimSource":"solar","Total_MW":2,"Install_MW":2,"City":"Spartanburg","County":"Spartanburg","Utility_Na":"Limelight Solar I, LLC","Longitude":-81.987777,"Latitude":34.94861}},{"type":"Feature","geometry":{"type":"Point","coordinates":[-81.5905549996354,35.3119440003319]},"properties":{"Plant_Name":"233 Randolph 74 Solar I, LLC","State":"North Carolina","PrimSource":"solar","Total_MW":2,"Install_MW":2,"City":"Shelby","County":"Cleveland","Utility_Na":"233 Randolph 74 Solar I, LLC","Longitude":-81.590555,"Latitude":35.311944}},{"type":"Feature","geometry":{"type":"Point","coordinates":[-86.9255799999105,30.6393299999173]},"properties":{"Plant_Name":"Big Juniper Solar","State":"Florida","PrimSource":"solar","Total_MW":74.5,"Install_MW":74.5,"City":"TBD","County":"Santa Rosa","Utility_Na":"Florida Power & Light Co","Longitude":-86.92558,"Latitude":30.63933}},{"type":"Feature","geometry":{"type":"Point","coordinates":[-82.2605800003652,27.5793399999795]},"properties":{"Plant_Name":"Three Creeks","State":"Florida","PrimSource":"solar","Total_MW":74.5,"Install_MW":74.5,"City":"Parrish","County":"Manatee","Utility_Na":"Florida Power & Light Co","Longitude":-82.26058,"Latitude":27.57934}},{"type":"Feature","geometry":{"type":"Point","coordinates":[-82.0637700002127,27.4484400001498]},"properties":{"Plant_Name":"Sambucus","State":"Florida","PrimSource":"solar","Total_MW":74.5,"Install_MW":74.5,"City":"Myakka City","County":"Manatee","Utility_Na":"Florida Power & Light Co","Longitude":-82.06377,"Latitude":27.44844}},{"type":"Feature","geometry":{"type":"Point","coordinates":[-80.5712300001102,27.2550999996485]},"properties":{"Plant_Name":"Pineapple","State":"Florida","PrimSource":"solar","Total_MW":74.5,"Install_MW":74.5,"City":"Port St Lucie","County":"St Lucie","Utility_Na":"Florida Power & Light Co","Longitude":-80.57123,"Latitude":27.2551}},{"type":"Feature","geometry":{"type":"Point","coordinates":[-86.7804499998999,30.6800299998574]},"properties":{"Plant_Name":"Canoe","State":"Florida","PrimSource":"solar","Total_MW":74.5,"Install_MW":74.5,"City":"Holt","County":"Okaloosa","Utility_Na":"Florida Power & Light Co","Longitude":-86.78045,"Latitude":30.68003}},{"type":"Feature","geometry":{"type":"Point","coordinates":[-87.4331999997624,30.7631399999276]},"properties":{"Plant_Name":"Sparkleberry","State":"Florida","PrimSource":"solar","Total_MW":74.5,"Install_MW":74.5,"City":"Molino","County":"Escambia","Utility_Na":"Florida Power & Light Co","Longitude":-87.4332,"Latitude":30.76314}},{"type":"Feature","geometry":{"type":"Point","coordinates":[-81.696566000188,27.0741579998485]},"properties":{"Plant_Name":"Prairie Creek FL","State":"Florida","PrimSource":"solar","Total_MW":74.5,"Install_MW":74.5,"City":"TBD","County":"DeSoto","Utility_Na":"Florida Power & Light Co","Longitude":-81.696566,"Latitude":27.074158}},{"type":"Feature","geometry":{"type":"Point","coordinates":[-80.3792499995936,27.0779399997509]},"properties":{"Plant_Name":"White Tail","State":"Florida","PrimSource":"solar","Total_MW":74.5,"Install_MW":74.5,"City":"TBD","County":"Martin","Utility_Na":"Florida Power & Light Co","Longitude":-80.37925,"Latitude":27.07794}},{"type":"Feature","geometry":{"type":"Point","coordinates":[-81.1856199996748,26.7540800001976]},"properties":{"Plant_Name":"Caloosahatchee","State":"Florida","PrimSource":"solar","Total_MW":74.5,"Install_MW":74.5,"City":"Clewiston","County":"Hendry","Utility_Na":"Florida Power & Light Co","Longitude":-81.18562,"Latitude":26.75408}},{"type":"Feature","geometry":{"type":"Point","coordinates":[-80.5247999997288,27.0307399999521]},"properties":{"Plant_Name":"Monarch","State":"Florida","PrimSource":"solar","Total_MW":74.5,"Install_MW":74.5,"City":"TBD","County":"Martin","Utility_Na":"Florida Power & Light Co","Longitude":-80.5248,"Latitude":27.03074}},{"type":"Feature","geometry":{"type":"Point","coordinates":[-80.6449599996055,27.5670200003308]},"properties":{"Plant_Name":"Turnpike","State":"Florida","PrimSource":"solar","Total_MW":74.5,"Install_MW":74.5,"City":"Vero Beach","County":"Indian River","Utility_Na":"Florida Power & Light Co","Longitude":-80.64496,"Latitude":27.56702}},{"type":"Feature","geometry":{"type":"Point","coordinates":[-81.0265399996334,26.3604400002657]},"properties":{"Plant_Name":"Beautyberry","State":"Florida","PrimSource":"solar","Total_MW":74.5,"Install_MW":74.5,"City":"Clewiston","County":"Hendry","Utility_Na":"Florida Power & Light Co","Longitude":-81.02654,"Latitude":26.36044}},{"type":"Feature","geometry":{"type":"Point","coordinates":[-81.0484500001429,26.4093199999292]},"properties":{"Plant_Name":"Woodyard","State":"Florida","PrimSource":"solar","Total_MW":74.5,"Install_MW":74.5,"City":"Clewiston","County":"Hendry","Utility_Na":"Florida Power & Light Co","Longitude":-81.04845,"Latitude":26.40932}},{"type":"Feature","geometry":{"type":"Point","coordinates":[-80.6955040001206,27.8480730001498]},"properties":{"Plant_Name":"Ibis","State":"Florida","PrimSource":"solar","Total_MW":74.5,"Install_MW":74.5,"City":"Palm Bay","County":"Brevard","Utility_Na":"Florida Power & Light Co","Longitude":-80.695504,"Latitude":27.848073}},{"type":"Feature","geometry":{"type":"Point","coordinates":[-80.3519200003427,26.7876800003818]},"properties":{"Plant_Name":"Silver Palm","State":"Florida","PrimSource":"solar","Total_MW":74.5,"Install_MW":74.5,"City":"TBD","County":"Palm Beach","Utility_Na":"Florida Power & Light Co","Longitude":-80.35192,"Latitude":26.78768}},{"type":"Feature","geometry":{"type":"Point","coordinates":[-86.2401110002211,30.938167000193]},"properties":{"Plant_Name":"Pecan Tree","State":"Florida","PrimSource":"solar","Total_MW":74.5,"Install_MW":74.5,"City":"Defuniak Springs","County":"Walton","Utility_Na":"Florida Power & Light Co","Longitude":-86.240111,"Latitude":30.938167}},{"type":"Feature","geometry":{"type":"Point","coordinates":[-81.7625799996021,29.881430000108]},"properties":{"Plant_Name":"Terrill Creek","State":"Florida","PrimSource":"solar","Total_MW":74.5,"Install_MW":74.5,"City":"Green Cove Springs","County":"Clay","Utility_Na":"Florida Power & Light Co","Longitude":-81.76258,"Latitude":29.88143}},{"type":"Feature","geometry":{"type":"Point","coordinates":[-85.1673809998498,30.5036430001557]},"properties":{"Plant_Name":"Tenmile Creek","State":"Florida","PrimSource":"solar","Total_MW":74.5,"Install_MW":74.5,"City":"TBD","County":"Calhoun","Utility_Na":"Florida Power & Light Co","Longitude":-85.167381,"Latitude":30.503643}},{"type":"Feature","geometry":{"type":"Point","coordinates":[-86.4233029997054,30.4151429998327]},"properties":{"Plant_Name":"Kayak","State":"Florida","PrimSource":"solar","Total_MW":74.5,"Install_MW":74.5,"City":"TBD","County":"Okaloosa","Utility_Na":"Florida Power & Light Co","Longitude":-86.423303,"Latitude":30.415143}},{"type":"Feature","geometry":{"type":"Point","coordinates":[-82.1038689996619,27.4119740001195]},"properties":{"Plant_Name":"Long Creek","State":"Florida","PrimSource":"solar","Total_MW":74.5,"Install_MW":74.5,"City":"TBD","County":"Manatee","Utility_Na":"Florida Power & Light Co","Longitude":-82.103869,"Latitude":27.411974}},{"type":"Feature","geometry":{"type":"Point","coordinates":[-83.3439480003497,30.3900390001525]},"properties":{"Plant_Name":"Georges Lake","State":"Florida","PrimSource":"solar","Total_MW":74.5,"Install_MW":74.5,"City":"TBD","County":"Putnam","Utility_Na":"Florida Power & Light Co","Longitude":-83.343948,"Latitude":30.390039}},{"type":"Feature","geometry":{"type":"Point","coordinates":[-83.3439480003497,30.3900390001525]},"properties":{"Plant_Name":"Norton Creek","State":"Florida","PrimSource":"solar","Total_MW":74.5,"Install_MW":74.5,"City":"TBD","County":"Madison","Utility_Na":"Florida Power & Light Co","Longitude":-83.343948,"Latitude":30.390039}},{"type":"Feature","geometry":{"type":"Point","coordinates":[-81.192088999801,26.7491439998229]},"properties":{"Plant_Name":"Hendry Isles","State":"Florida","PrimSource":"solar","Total_MW":74.5,"Install_MW":74.5,"City":"TBD","County":"Hendry","Utility_Na":"Florida Power & Light Co","Longitude":-81.192089,"Latitude":26.749144}},{"type":"Feature","geometry":{"type":"Point","coordinates":[-86.2500700001419,30.8980499998315]},"properties":{"Plant_Name":"Wild Quail","State":"Florida","PrimSource":"solar","Total_MW":74.5,"Install_MW":74.5,"City":"Defuniak Springs","County":"Walton","Utility_Na":"Florida Power & Light Co","Longitude":-86.25007,"Latitude":30.89805}},{"type":"Feature","geometry":{"type":"Point","coordinates":[-87.2641399998838,30.9285100001494]},"properties":{"Plant_Name":"Mitchell Creek","State":"Florida","PrimSource":"solar","Total_MW":74.5,"Install_MW":74.5,"City":"TBD","County":"Escambia","Utility_Na":"Florida Power & Light Co","Longitude":-87.26414,"Latitude":30.92851}},{"type":"Feature","geometry":{"type":"Point","coordinates":[-80.8018300003175,27.4419299999948]},"properties":{"Plant_Name":"Big Water","State":"Florida","PrimSource":"solar","Total_MW":74.5,"Install_MW":74.5,"City":"TBD","County":"Okeechobee","Utility_Na":"Florida Power & Light Co","Longitude":-80.80183,"Latitude":27.44193}},{"type":"Feature","geometry":{"type":"Point","coordinates":[-80.8023750001155,27.2784130001975]},"properties":{"Plant_Name":"Speckled Perch","State":"Florida","PrimSource":"solar","Total_MW":74.5,"Install_MW":74.5,"City":"TBD","County":"Okeechobee","Utility_Na":"Florida Power & Light Co","Longitude":-80.802375,"Latitude":27.278413}},{"type":"Feature","geometry":{"type":"Point","coordinates":[-80.5467310001547,25.5428970001138]},"properties":{"Plant_Name":"Redlands","State":"Florida","PrimSource":"solar","Total_MW":74.5,"Install_MW":74.5,"City":"TBD","County":"Miami Dade","Utility_Na":"Florida Power & Light Co","Longitude":-80.546731,"Latitude":25.542897}},{"type":"Feature","geometry":{"type":"Point","coordinates":[-81.8321189998691,27.0781750000186]},"properties":{"Plant_Name":"Hog Bay","State":"Florida","PrimSource":"solar","Total_MW":74.5,"Install_MW":74.5,"City":"TBD","County":"DeSoto","Utility_Na":"Florida Power & Light Co","Longitude":-81.832119,"Latitude":27.078175}},{"type":"Feature","geometry":{"type":"Point","coordinates":[-80.6739989996671,27.8460740001273]},"properties":{"Plant_Name":"Fox Trail","State":"Florida","PrimSource":"solar","Total_MW":74.5,"Install_MW":74.5,"City":"Callahan","County":"Brevard","Utility_Na":"Florida Power & Light Co","Longitude":-80.673999,"Latitude":27.846074}},{"type":"Feature","geometry":{"type":"Point","coordinates":[-81.8867599999012,30.5199900001384]},"properties":{"Plant_Name":"Thomas Creek","State":"Florida","PrimSource":"solar","Total_MW":74.5,"Install_MW":74.5,"City":"Callahan","County":"Nassau","Utility_Na":"Florida Power & Light Co","Longitude":-81.88676,"Latitude":30.51999}},{"type":"Feature","geometry":{"type":"Point","coordinates":[-81.7771199996368,27.0231170003277]},"properties":{"Plant_Name":"Green Pasture","State":"Florida","PrimSource":"solar","Total_MW":74.5,"Install_MW":74.5,"City":"TBD","County":"Charlotte","Utility_Na":"Florida Power & Light Co","Longitude":-81.77712,"Latitude":27.023117}},{"type":"Feature","geometry":{"type":"Point","coordinates":[-80.3795800002048,27.0547600001702]},"properties":{"Plant_Name":"Fawn","State":"Florida","PrimSource":"solar","Total_MW":74.5,"Install_MW":74.5,"City":"TBD","County":"Martin","Utility_Na":"Florida Power & Light Co","Longitude":-80.37958,"Latitude":27.05476}},{"type":"Feature","geometry":{"type":"Point","coordinates":[-80.7363800000697,27.5080899998398]},"properties":{"Plant_Name":"Buttonwood","State":"Florida","PrimSource":"solar","Total_MW":74.5,"Install_MW":74.5,"City":" Fort Pierce","County":"St Lucie","Utility_Na":"Florida Power & Light Co","Longitude":-80.73638,"Latitude":27.50809}},{"type":"Feature","geometry":{"type":"Point","coordinates":[-80.7363800000697,27.5080899998398]},"properties":{"Plant_Name":"Honeybell","State":"Florida","PrimSource":"solar","Total_MW":74.5,"Install_MW":74.5,"City":"TBD","County":"Okeechobee","Utility_Na":"Florida Power & Light Co","Longitude":-80.73638,"Latitude":27.50809}},{"type":"Feature","geometry":{"type":"Point","coordinates":[-80.4110400003813,26.7761700003755]},"properties":{"Plant_Name":"Holopaw","State":"Florida","PrimSource":"solar","Total_MW":74.5,"Install_MW":74.5,"City":"TBD","County":"Palm Beach","Utility_Na":"Florida Power & Light Co","Longitude":-80.41104,"Latitude":26.77617}},{"type":"Feature","geometry":{"type":"Point","coordinates":[-82.1883899998295,30.3135499996696]},"properties":{"Plant_Name":"Nature Trail","State":"Florida","PrimSource":"solar","Total_MW":74.5,"Install_MW":74.5,"City":"TBD","County":"St Lucie","Utility_Na":"Florida Power & Light Co","Longitude":-82.18839,"Latitude":30.31355}},{"type":"Feature","geometry":{"type":"Point","coordinates":[-81.841240000089,27.0831399999387]},"properties":{"Plant_Name":"Orchard","State":"Florida","PrimSource":"solar","Total_MW":74.5,"Install_MW":74.5,"City":"Ft. Pierce\t\t\t","County":"St Lucie","Utility_Na":"Florida Power & Light Co","Longitude":-81.84124,"Latitude":27.08314}},{"type":"Feature","geometry":{"type":"Point","coordinates":[-81.841240000089,27.0831399999387]},"properties":{"Plant_Name":"Hawthorne Creek","State":"Florida","PrimSource":"solar","Total_MW":74.5,"Install_MW":74.5,"City":"TBD","County":"DeSoto","Utility_Na":"Florida Power & Light Co","Longitude":-81.84124,"Latitude":27.08314}},{"type":"Feature","geometry":{"type":"Point","coordinates":[-85.2758899996118,30.4398900000533]},"properties":{"Plant_Name":"Fourmile Creek","State":"Florida","PrimSource":"solar","Total_MW":74.5,"Install_MW":74.5,"City":"Altha","County":"Calhoun","Utility_Na":"Florida Power & Light Co","Longitude":-85.27589,"Latitude":30.43989}},{"type":"Feature","geometry":{"type":"Point","coordinates":[-79.0919980001562,33.7239369998055]},"properties":{"Plant_Name":"Landrace Holdings, LLC","State":"South Carolina","PrimSource":"solar","Total_MW":55,"Install_MW":55,"City":"Conway","County":"Horry","Utility_Na":"Landrace Holdings, LLC","Longitude":-79.091998,"Latitude":33.723937}},{"type":"Feature","geometry":{"type":"Point","coordinates":[-80.1983999996832,26.0686000003394]},"properties":{"Plant_Name":"Dania Beach 7","State":"Florida","PrimSource":"natural gas","Total_MW":1246,"Install_MW":1447.7,"City":"Ft. Lauderdale","County":"Broward","Utility_Na":"Florida Power & Light Co","Longitude":-80.1984,"Latitude":26.0686}},{"type":"Feature","geometry":{"type":"Point","coordinates":[-85.2139180003614,34.0419109997729]},"properties":{"Plant_Name":"Polk County GA S1, LLC","State":"Georgia","PrimSource":"solar","Total_MW":3,"Install_MW":3,"City":"Cedartown","County":"Polk","Utility_Na":"Safari Energy, LLC","Longitude":-85.213918,"Latitude":34.041911}},{"type":"Feature","geometry":{"type":"Point","coordinates":[-82.1335100003212,32.0653660000818]},"properties":{"Plant_Name":"Reidsville Renewables, Inc.","State":"Georgia","PrimSource":"solar","Total_MW":3,"Install_MW":3,"City":"Reidsville","County":"Tattnall","Utility_Na":"Safari Energy, LLC","Longitude":-82.13351,"Latitude":32.065366}},{"type":"Feature","geometry":{"type":"Point","coordinates":[-90.3926989999133,34.469231000343]},"properties":{"Plant_Name":"Delta Wind Farm (MS)","State":"Mississippi","PrimSource":"wind","Total_MW":184.5,"Install_MW":184.5,"City":"Dundee","County":"Coahoma","Utility_Na":"AES Clean Energy","Longitude":-90.392699,"Latitude":34.469231}},{"type":"Feature","geometry":{"type":"Point","coordinates":[-81.9798340000261,34.9563940001473]},"properties":{"Plant_Name":"Limelight Solar III, LLC","State":"South Carolina","PrimSource":"solar","Total_MW":3.6,"Install_MW":3.6,"City":"Spartanburg","County":"Spartanburg","Utility_Na":"Limelight Solar III, LLC","Longitude":-81.979834,"Latitude":34.956394}},{"type":"Feature","geometry":{"type":"Point","coordinates":[-81.9993689995532,33.1265619998475]},"properties":{"Plant_Name":"Bird Dog Solar","State":"Georgia","PrimSource":"solar","Total_MW":40,"Install_MW":40,"City":"Waynesboro","County":"Burke","Utility_Na":"Bird Dog Solar, LLC","Longitude":-81.999369,"Latitude":33.126562}},{"type":"Feature","geometry":{"type":"Point","coordinates":[-82.6250469999075,31.3940219998642]},"properties":{"Plant_Name":"Blackwater Solar","State":"Georgia","PrimSource":"solar","Total_MW":80,"Install_MW":80,"City":"Bickley","County":"Ware","Utility_Na":"Blackwater Solar, LLC","Longitude":-82.625047,"Latitude":31.394022}},{"type":"Feature","geometry":{"type":"Point","coordinates":[-82.1779999999134,33.2620000000856]},"properties":{"Plant_Name":"Hobnail Solar","State":"Georgia","PrimSource":"solar","Total_MW":70,"Install_MW":70,"City":"Hephzibah","County":"Burke","Utility_Na":"Hobnail Solar, LLC","Longitude":-82.178,"Latitude":33.262}},{"type":"Feature","geometry":{"type":"Point","coordinates":[-83.2466770002505,33.8814619996408]},"properties":{"Plant_Name":"Wolfskin Solar","State":"Georgia","PrimSource":"solar","Total_MW":38,"Install_MW":38,"City":"Arnoldsville","County":"Oglethorpe","Utility_Na":"Wolfskin Solar, LLC","Longitude":-83.246677,"Latitude":33.881462}},{"type":"Feature","geometry":{"type":"Point","coordinates":[-85.7120300003792,36.9014410002794]},"properties":{"Plant_Name":"Glover Creek Solar, LLC","State":"Kentucky","PrimSource":"solar","Total_MW":55,"Install_MW":55,"City":"Summer Shade","County":"Metcalfe","Utility_Na":"Glover Creek Solar, LLC","Longitude":-85.71203,"Latitude":36.901441}},{"type":"Feature","geometry":{"type":"Point","coordinates":[-78.7528099996458,34.3338979996744]},"properties":{"Plant_Name":"Cathcart Solar, LLC","State":"North Carolina","PrimSource":"solar","Total_MW":5,"Install_MW":5,"City":"Whiteville","County":"Columbus","Utility_Na":"Cathcart Solar, LLC","Longitude":-78.75281,"Latitude":34.333898}},{"type":"Feature","geometry":{"type":"Point","coordinates":[-77.9568200003334,37.4538300002296]},"properties":{"Plant_Name":"HCE Amelia Solar I, LLC","State":"Virginia","PrimSource":"solar","Total_MW":5,"Install_MW":5,"City":"Amelia Court House","County":"Amelia","Utility_Na":"Standard Solar","Longitude":-77.95682,"Latitude":37.45383}},{"type":"Feature","geometry":{"type":"Point","coordinates":[-77.9678849997439,37.4811410001305]},"properties":{"Plant_Name":"HCE Amelia Solar II, LLC","State":"Virginia","PrimSource":"solar","Total_MW":5,"Install_MW":5,"City":"Amelia","County":"Amelia","Utility_Na":"Standard Solar","Longitude":-77.967885,"Latitude":37.481141}},{"type":"Feature","geometry":{"type":"Point","coordinates":[-79.568740000338,37.999970000162]},"properties":{"Plant_Name":"HCE Millboro Springs Solar, LLC","State":"Virginia","PrimSource":"solar","Total_MW":5,"Install_MW":5,"City":"Millboro","County":"Bath","Utility_Na":"Standard Solar","Longitude":-79.56874,"Latitude":37.99997}},{"type":"Feature","geometry":{"type":"Point","coordinates":[-78.2712860004071,37.2298580003187]},"properties":{"Plant_Name":"HCE Moran Solar, LLC","State":"Virginia","PrimSource":"solar","Total_MW":3,"Install_MW":3,"City":"Rice","County":"Prince Edward","Utility_Na":"Standard Solar","Longitude":-78.271286,"Latitude":37.229858}},{"type":"Feature","geometry":{"type":"Point","coordinates":[-77.9597700003528,37.5288500001451]},"properties":{"Plant_Name":"HCE Powhatan Solar, LLC","State":"Virginia","PrimSource":"solar","Total_MW":5,"Install_MW":5,"City":"Powhatan","County":"Powhatan","Utility_Na":"Standard Solar","Longitude":-77.95977,"Latitude":37.52885}},{"type":"Feature","geometry":{"type":"Point","coordinates":[-77.4834599999912,37.0902799997984]},"properties":{"Plant_Name":"HCE Reams Solar, LLC","State":"Virginia","PrimSource":"solar","Total_MW":5,"Install_MW":5,"City":"Dinwiddie","County":"Dinwiddie","Utility_Na":"Standard Solar","Longitude":-77.48346,"Latitude":37.09028}},{"type":"Feature","geometry":{"type":"Point","coordinates":[-79.3050999999134,37.0562199997502]},"properties":{"Plant_Name":"HCE Roark Mill Solar, LLC","State":"Virginia","PrimSource":"solar","Total_MW":3.2,"Install_MW":3.2,"City":"Hurt","County":"Pittsylvania","Utility_Na":"Standard Solar","Longitude":-79.3051,"Latitude":37.05622}},{"type":"Feature","geometry":{"type":"Point","coordinates":[-81.6101500003353,27.9787999999443]},"properties":{"Plant_Name":"Lake Mabel Solar and Battery Storage","State":"Florida","PrimSource":"solar","Total_MW":74.5,"Install_MW":74.5,"City":"Lake Wales","County":"Polk","Utility_Na":"Tampa Electric Co","Longitude":-81.61015,"Latitude":27.9788}},{"type":"Feature","geometry":{"type":"Point","coordinates":[-82.2013809997855,27.9558650002689]},"properties":{"Plant_Name":"Dover Solar and Battery Storage","State":"Florida","PrimSource":"solar","Total_MW":40,"Install_MW":40,"City":"Dover","County":"Hillsborough","Utility_Na":"Tampa Electric Co","Longitude":-82.201381,"Latitude":27.955865}},{"type":"Feature","geometry":{"type":"Point","coordinates":[-78.2399040000484,39.0887309997628]},"properties":{"Plant_Name":"Bartonsville Energy Facility, LLC","State":"Virginia","PrimSource":"solar","Total_MW":130,"Install_MW":130,"City":"Stephens","County":"Frederick","Utility_Na":"Bartonsville Energy Facility, LLC","Longitude":-78.239904,"Latitude":39.088731}},{"type":"Feature","geometry":{"type":"Point","coordinates":[-78.0178109997677,35.1671640000563]},"properties":{"Plant_Name":"PG Solar, LLC","State":"North Carolina","PrimSource":"solar","Total_MW":2,"Install_MW":2,"City":"Mt Olive","County":"Duplin","Utility_Na":"North Carolina El Member Corp","Longitude":-78.017811,"Latitude":35.167164}},{"type":"Feature","geometry":{"type":"Point","coordinates":[-77.7623600001507,34.968849999846]},"properties":{"Plant_Name":"Freight Line Solar, LLC","State":"North Carolina","PrimSource":"solar","Total_MW":2,"Install_MW":2,"City":"Pink Hill","County":"Duplin","Utility_Na":"North Carolina El Member Corp","Longitude":-77.76236,"Latitude":34.96885}},{"type":"Feature","geometry":{"type":"Point","coordinates":[-79.1329259999839,34.6626270002743]},"properties":{"Plant_Name":"Holly Swamp Solar, LLC","State":"North Carolina","PrimSource":"solar","Total_MW":2,"Install_MW":2,"City":"Lumberton","County":"Robeson","Utility_Na":"North Carolina El Member Corp","Longitude":-79.132926,"Latitude":34.662627}},{"type":"Feature","geometry":{"type":"Point","coordinates":[-76.7440339999849,38.0074879996828]},"properties":{"Plant_Name":"Westmoreland County Solar Project","State":"Virginia","PrimSource":"solar","Total_MW":19.9,"Install_MW":19.9,"City":"WARSAW","County":"Westmoreland","Utility_Na":"Westmoreland County Solar Project, LLC","Longitude":-76.744034,"Latitude":38.007488}},{"type":"Feature","geometry":{"type":"Point","coordinates":[-86.3400000000787,35.0599999996396]},"properties":{"Plant_Name":"Elora Solar","State":"Tennessee","PrimSource":"solar","Total_MW":150,"Install_MW":150,"City":"Elora","County":"Lincoln","Utility_Na":"Elora Solar","Longitude":-86.34,"Latitude":35.06}},{"type":"Feature","geometry":{"type":"Point","coordinates":[-82.1300000004352,34.1240000002104]},"properties":{"Plant_Name":"Augusta Solar","State":"South Carolina","PrimSource":"solar","Total_MW":2,"Install_MW":2,"City":"Greenwood","County":"Greenwood","Utility_Na":"Augusta Solar, LLC","Longitude":-82.13,"Latitude":34.124}},{"type":"Feature","geometry":{"type":"Point","coordinates":[-84.6804920003245,30.7479159997943]},"properties":{"Plant_Name":"Cool Springs Solar (Hybrid)","State":"Georgia","PrimSource":"solar","Total_MW":253,"Install_MW":253,"City":"Bainbridge","County":"Decatur","Utility_Na":"Cool Springs Solar, LLC","Longitude":-84.680492,"Latitude":30.747916}},{"type":"Feature","geometry":{"type":"Point","coordinates":[-78.7143299996973,35.4142400002402]},"properties":{"Plant_Name":"ESA Buies Creek, LLC","State":"North Carolina","PrimSource":"solar","Total_MW":2.8,"Install_MW":2.8,"City":"Lillington","County":"Harnett","Utility_Na":"Sol Systems","Longitude":-78.71433,"Latitude":35.41424}},{"type":"Feature","geometry":{"type":"Point","coordinates":[-78.0802499998967,35.1651300002823]},"properties":{"Plant_Name":"Eros Solar, LLC","State":"North Carolina","PrimSource":"solar","Total_MW":5,"Install_MW":5,"City":"Mt Olive","County":"Duplin","Utility_Na":"Sol Systems","Longitude":-78.08025,"Latitude":35.16513}},{"type":"Feature","geometry":{"type":"Point","coordinates":[-81.1771160001213,35.8788090002338]},"properties":{"Plant_Name":"Ventura Solar, LLC","State":"North Carolina","PrimSource":"solar","Total_MW":5,"Install_MW":5,"City":"Taylorsville","County":"Alexander","Utility_Na":"Sol Systems","Longitude":-81.177116,"Latitude":35.878809}},{"type":"Feature","geometry":{"type":"Point","coordinates":[-77.5699999996925,36.6400000000872]},"properties":{"Plant_Name":"Greensville County Solar Project, LLC","State":"Virginia","PrimSource":"solar","Total_MW":80,"Install_MW":80,"City":"Skippers","County":"Greensville","Utility_Na":"Dominion Energy Inc.","Longitude":-77.57,"Latitude":36.64}},{"type":"Feature","geometry":{"type":"Point","coordinates":[-76.6699999998178,36.7899999997682]},"properties":{"Plant_Name":"TWE Myrtle Solar Farm, LLC","State":"Virginia","PrimSource":"solar","Total_MW":15,"Install_MW":15,"City":"Suffolk","County":"Suffolk City","Utility_Na":"Dominion Energy Inc.","Longitude":-76.67,"Latitude":36.79}},{"type":"Feature","geometry":{"type":"Point","coordinates":[-85.400649999869,30.877261999733]},"properties":{"Plant_Name":"Gulf Power Blue Indigo Energy","State":"Florida","PrimSource":"solar","Total_MW":74.5,"Install_MW":74.5,"City":"Cottondale","County":"Jackson","Utility_Na":"Florida Power & Light Co","Longitude":-85.40065,"Latitude":30.877262}},{"type":"Feature","geometry":{"type":"Point","coordinates":[-80.2537160001079,33.1337050002966]},"properties":{"Plant_Name":"Omtanke Solar","State":"South Carolina","PrimSource":"solar","Total_MW":6,"Install_MW":6,"City":"Ridgeville","County":"Berkeley","Utility_Na":"DG South Carolina Solar, LLC","Longitude":-80.253716,"Latitude":33.133705}},{"type":"Feature","geometry":{"type":"Point","coordinates":[-82.1128429995687,35.0435400002328]},"properties":{"Plant_Name":"Ballenger Road Solar A","State":"South Carolina","PrimSource":"solar","Total_MW":2,"Install_MW":2,"City":"Inman","County":"Spartanburg","Utility_Na":"Ballenger Road Solar A","Longitude":-82.112843,"Latitude":35.04354}},{"type":"Feature","geometry":{"type":"Point","coordinates":[-82.3984369999853,34.7863269999789]},"properties":{"Plant_Name":"White Horse Solar A","State":"South Carolina","PrimSource":"solar","Total_MW":2,"Install_MW":2,"City":"Greenville","County":"Greenville","Utility_Na":"White Horse Solar A","Longitude":-82.398437,"Latitude":34.786327}},{"type":"Feature","geometry":{"type":"Point","coordinates":[-86.3273410003837,32.1969709997345]},"properties":{"Plant_Name":"Black Bear Solar 1","State":"Alabama","PrimSource":"solar","Total_MW":100,"Install_MW":100,"City":"Montgomery","County":"Montgomery","Utility_Na":"Lightsource Renewable Energy Asset Management, LLC","Longitude":-86.327341,"Latitude":32.196971}},{"type":"Feature","geometry":{"type":"Point","coordinates":[-84.3899000000424,33.7756000001864]},"properties":{"Plant_Name":"Tech Square Microgrid","State":"Georgia","PrimSource":"natural gas","Total_MW":1.4,"Install_MW":1.4,"City":"Atlanta","County":"Fulton","Utility_Na":"Georgia Power Co","Longitude":-84.3899,"Latitude":33.7756}},{"type":"Feature","geometry":{"type":"Point","coordinates":[-82.0600000000357,34.7199999997088]},"properties":{"Plant_Name":"Pinson Solar Farm","State":"South Carolina","PrimSource":"solar","Total_MW":20,"Install_MW":20,"City":"Woodruff","County":"Spartanburg","Utility_Na":"Cardinal Renewables","Longitude":-82.06,"Latitude":34.72}},{"type":"Feature","geometry":{"type":"Point","coordinates":[-77.5503749997537,36.5311500003238]},"properties":{"Plant_Name":"Pleasant Hill PV1","State":"North Carolina","PrimSource":"solar","Total_MW":20,"Install_MW":20,"City":"Pleasant Hill","County":"Northampton","Utility_Na":"Pine Gate Renewables","Longitude":-77.550375,"Latitude":36.53115}},{"type":"Feature","geometry":{"type":"Point","coordinates":[-78.0936219996192,35.9556529998646]},"properties":{"Plant_Name":"East Nash PV2","State":"North Carolina","PrimSource":"solar","Total_MW":23.4,"Install_MW":23.4,"City":"Spring Hope","County":"Nash","Utility_Na":"Pine Gate Renewables","Longitude":-78.093622,"Latitude":35.955653}},{"type":"Feature","geometry":{"type":"Point","coordinates":[-80.6573999999157,36.1607000003544]},"properties":{"Plant_Name":"Sugar Solar, LLC","State":"North Carolina","PrimSource":"solar","Total_MW":60,"Install_MW":60,"City":"Yadkinville","County":"Yadkin","Utility_Na":"Sugar Solar, LLC","Longitude":-80.6574,"Latitude":36.1607}},{"type":"Feature","geometry":{"type":"Point","coordinates":[-81.4004670002276,33.899338000156]},"properties":{"Plant_Name":"Allora Solar, LLC","State":"South Carolina","PrimSource":"solar","Total_MW":75,"Install_MW":75,"City":"Gilbert","County":"Lexington","Utility_Na":"Allora Solar, LLC","Longitude":-81.400467,"Latitude":33.899338}},{"type":"Feature","geometry":{"type":"Point","coordinates":[-80.1188379999212,34.7087619996387]},"properties":{"Plant_Name":"Centerfield Cooper Solar, LLC","State":"South Carolina","PrimSource":"solar","Total_MW":75,"Install_MW":75,"City":"Chesterfield","County":"Chesterfield","Utility_Na":"Centerfield Cooper Solar, LLC","Longitude":-80.118838,"Latitude":34.708762}},{"type":"Feature","geometry":{"type":"Point","coordinates":[-80.1282649995645,36.283056000035]},"properties":{"Plant_Name":"Lick Creek Solar, LLC","State":"North Carolina","PrimSource":"solar","Total_MW":50,"Install_MW":50,"City":"Walnut Cove","County":"Stokes","Utility_Na":"Lick Creek Solar, LLC","Longitude":-80.128265,"Latitude":36.283056}},{"type":"Feature","geometry":{"type":"Point","coordinates":[-78.2500000002367,36.1200000001353]},"properties":{"Plant_Name":"Highest Power Solar, LLC","State":"North Carolina","PrimSource":"solar","Total_MW":48.7,"Install_MW":48.7,"City":"Louisburg","County":"Franklin","Utility_Na":"Highest Power Solar, LLC","Longitude":-78.25,"Latitude":36.12}},{"type":"Feature","geometry":{"type":"Point","coordinates":[-81.0667050001031,33.7611360002944]},"properties":{"Plant_Name":"Gunsight Solar, LLC","State":"South Carolina","PrimSource":"solar","Total_MW":75,"Install_MW":75,"City":"Swansea","County":"Lexington","Utility_Na":"Gunsight Solar, LLC","Longitude":-81.066705,"Latitude":33.761136}},{"type":"Feature","geometry":{"type":"Point","coordinates":[-83.5961829998085,31.069869999636]},"properties":{"Plant_Name":"SR Odom","State":"Georgia","PrimSource":"solar","Total_MW":20,"Install_MW":20,"City":"Moultrie","County":"Colquitt","Utility_Na":"Odom Solar, LLC","Longitude":-83.596183,"Latitude":31.06987}},{"type":"Feature","geometry":{"type":"Point","coordinates":[-80.8219359995819,36.2680100001771]},"properties":{"Plant_Name":"Partin Solar","State":"North Carolina","PrimSource":"solar","Total_MW":50,"Install_MW":50,"City":"Elkin","County":"Surry","Utility_Na":"Partin Solar, LLC","Longitude":-80.821936,"Latitude":36.26801}},{"type":"Feature","geometry":{"type":"Point","coordinates":[-82.7392170002321,34.5990830000239]},"properties":{"Plant_Name":"Bluebird Solar SC LLC","State":"South Carolina","PrimSource":"solar","Total_MW":3,"Install_MW":3,"City":"Pendleton","County":"Anderson","Utility_Na":"Bluebird Solar LLC","Longitude":-82.739217,"Latitude":34.599083}},{"type":"Feature","geometry":{"type":"Point","coordinates":[-80.376349999803,36.2706600003165]},"properties":{"Plant_Name":"Pilot Mountain Solar, LLC","State":"North Carolina","PrimSource":"solar","Total_MW":4.9,"Install_MW":4.9,"City":"King","County":"Stokes","Utility_Na":"USF Essex Lessor, LLC","Longitude":-80.37635,"Latitude":36.27066}},{"type":"Feature","geometry":{"type":"Point","coordinates":[-78.5622300001434,35.3961999998947]},"properties":{"Plant_Name":"Benson Solar, LLC","State":"North Carolina","PrimSource":"solar","Total_MW":4.9,"Install_MW":4.9,"City":"Benson","County":"Johnston","Utility_Na":"USF Essex Lessor, LLC","Longitude":-78.56223,"Latitude":35.3962}},{"type":"Feature","geometry":{"type":"Point","coordinates":[-78.0532699995518,35.3997699998017]},"properties":{"Plant_Name":"Lane II Solar, LLC","State":"North Carolina","PrimSource":"solar","Total_MW":4.9,"Install_MW":4.9,"City":"Goldsboro","County":"Wayne","Utility_Na":"USF Essex Lessor, LLC","Longitude":-78.05327,"Latitude":35.39977}},{"type":"Feature","geometry":{"type":"Point","coordinates":[-80.942817999707,33.6489790001556]},"properties":{"Plant_Name":"Midlands","State":"South Carolina","PrimSource":"solar","Total_MW":72.1,"Install_MW":72.1,"City":"St. Matthews","County":"Calhoun","Utility_Na":"Cubico USA, LLC","Longitude":-80.942818,"Latitude":33.648979}},{"type":"Feature","geometry":{"type":"Point","coordinates":[-77.251400000292,34.9914999999716]},"properties":{"Plant_Name":"Trent River Solar, LLC","State":"North Carolina","PrimSource":"solar","Total_MW":78.7,"Install_MW":78.7,"City":"Pollocksville","County":"Jones","Utility_Na":"Trent River Solar, LLC","Longitude":-77.2514,"Latitude":34.9915}},{"type":"Feature","geometry":{"type":"Point","coordinates":[-78.5097690002018,36.8071309999347]},"properties":{"Plant_Name":"Otter Creek Solar","State":"Virginia","PrimSource":"solar","Total_MW":60,"Install_MW":60,"City":"Chase City","County":"Mecklenburg","Utility_Na":"Dominion Energy Inc.","Longitude":-78.509769,"Latitude":36.807131}},{"type":"Feature","geometry":{"type":"Point","coordinates":[-79.3020000001062,36.5909999997381]},"properties":{"Plant_Name":"Danville Farm, LLC","State":"Virginia","PrimSource":"solar","Total_MW":12,"Install_MW":12,"City":"Ringgold","County":"Pittsylvania","Utility_Na":"Thor Solar 1 CEI, LLC","Longitude":-79.302,"Latitude":36.591}},{"type":"Feature","geometry":{"type":"Point","coordinates":[-79.3858500000791,34.1998239999038]},"properties":{"Plant_Name":"Cardinal Solar LLC","State":"South Carolina","PrimSource":"solar","Total_MW":7,"Install_MW":7,"City":"Marion","County":"Marion","Utility_Na":"Cardinal Solar LLC","Longitude":-79.38585,"Latitude":34.199824}},{"type":"Feature","geometry":{"type":"Point","coordinates":[-80.7374069999166,36.3882160000384]},"properties":{"Plant_Name":"Hayes Solar, LLC","State":"North Carolina","PrimSource":"solar","Total_MW":3,"Install_MW":3,"City":"Dobson","County":"Surry","Utility_Na":"Hayes Solar, LLC","Longitude":-80.737407,"Latitude":36.388216}},{"type":"Feature","geometry":{"type":"Point","coordinates":[-78.5245350001923,34.9842619996375]},"properties":{"Plant_Name":"Harrison Solar, LLC","State":"North Carolina","PrimSource":"solar","Total_MW":5,"Install_MW":5,"City":"Roseboro","County":"Sampson","Utility_Na":"Harrison Solar, LLC","Longitude":-78.524535,"Latitude":34.984262}},{"type":"Feature","geometry":{"type":"Point","coordinates":[-78.3933579996874,34.7041400001953]},"properties":{"Plant_Name":"Bay Tree","State":"North Carolina","PrimSource":"solar","Total_MW":70.1,"Install_MW":70.1,"City":"Harrells","County":"Bladen","Utility_Na":"Cypress Creek Renewables","Longitude":-78.393358,"Latitude":34.70414}},{"type":"Feature","geometry":{"type":"Point","coordinates":[-82.0619640002161,27.5858359996876]},"properties":{"Plant_Name":"Duette Solar Power Plant","State":"Florida","PrimSource":"solar","Total_MW":74.5,"Install_MW":74.5,"City":"Parrish","County":"Manatee","Utility_Na":"Duke Energy Florida, LLC","Longitude":-82.061964,"Latitude":27.585836}},{"type":"Feature","geometry":{"type":"Point","coordinates":[-78.3858879996535,35.629397999707]},"properties":{"Plant_Name":"315 Vinson Road","State":"North Carolina","PrimSource":"solar","Total_MW":2,"Install_MW":2,"City":"Clayton","County":"Johnston","Utility_Na":"Red Toad 315 Vinson Road, LLC","Longitude":-78.385888,"Latitude":35.629398}},{"type":"Feature","geometry":{"type":"Point","coordinates":[-81.6543670001161,27.6397780002878]},"properties":{"Plant_Name":"Charlie Creek Solar Power Plant","State":"Florida","PrimSource":"solar","Total_MW":74.9,"Install_MW":74.9,"City":"Wauchula","County":"Hardee","Utility_Na":"Duke Energy Florida, LLC","Longitude":-81.654367,"Latitude":27.639778}},{"type":"Feature","geometry":{"type":"Point","coordinates":[-82.8068919998778,29.6135610001646]},"properties":{"Plant_Name":"Trenton","State":"Florida","PrimSource":"batteries","Total_MW":11,"Install_MW":11,"City":"Trenton","County":"Gilchrist","Utility_Na":"Duke Energy Florida, LLC","Longitude":-82.806892,"Latitude":29.613561}},{"type":"Feature","geometry":{"type":"Point","coordinates":[-85.3914309997399,29.732140999787]},"properties":{"Plant_Name":"Cape San Blas","State":"Florida","PrimSource":"batteries","Total_MW":5.5,"Install_MW":5.5,"City":"Port St. Joe","County":"Gulf","Utility_Na":"Duke Energy Florida, LLC","Longitude":-85.391431,"Latitude":29.732141}},{"type":"Feature","geometry":{"type":"Point","coordinates":[-83.0980580002703,30.6038310002932]},"properties":{"Plant_Name":"Jennings Energy Storage Facility","State":"Florida","PrimSource":"batteries","Total_MW":5.5,"Install_MW":5.5,"City":"Jennings","County":"Hamilton","Utility_Na":"Duke Energy Florida, LLC","Longitude":-83.098058,"Latitude":30.603831}},{"type":"Feature","geometry":{"type":"Point","coordinates":[-82.2748330003448,29.5112000000533]},"properties":{"Plant_Name":"Micanopy Energy Storage Facility","State":"Florida","PrimSource":"batteries","Total_MW":8.3,"Install_MW":8.3,"City":"Micanopy","County":"Alachua","Utility_Na":"Duke Energy Florida, LLC","Longitude":-82.274833,"Latitude":29.5112}},{"type":"Feature","geometry":{"type":"Point","coordinates":[-77.9727500004382,34.8235399998984]},"properties":{"Plant_Name":"Buttercup Solar, LLC","State":"North Carolina","PrimSource":"solar","Total_MW":5,"Install_MW":5,"City":"Rose Hill","County":"Duplin","Utility_Na":"Sol Systems","Longitude":-77.97275,"Latitude":34.82354}},{"type":"Feature","geometry":{"type":"Point","coordinates":[-77.169999999848,37.6710000001732]},"properties":{"Plant_Name":"Energix Hollyfield, LLC","State":"Virginia","PrimSource":"solar","Total_MW":13,"Install_MW":13,"City":"Manquin","County":"King William","Utility_Na":"Energix Hollyfield, LLC","Longitude":-77.17,"Latitude":37.671}},{"type":"Feature","geometry":{"type":"Point","coordinates":[-84.6255369995748,30.9671589998025]},"properties":{"Plant_Name":"Bainbridge Solar","State":"Georgia","PrimSource":"solar","Total_MW":1,"Install_MW":1,"City":"Bainbridge","County":"Decatur","Utility_Na":"Bainbridge Solar, LLC","Longitude":-84.625537,"Latitude":30.967159}},{"type":"Feature","geometry":{"type":"Point","coordinates":[-77.5929999997981,38.6720000003357]},"properties":{"Plant_Name":"Energix Nokesville, LLC","State":"Virginia","PrimSource":"solar","Total_MW":20,"Install_MW":20,"City":"Nokesville","County":"Prince William","Utility_Na":"Energix Nokesville, LLC","Longitude":-77.593,"Latitude":38.672}},{"type":"Feature","geometry":{"type":"Point","coordinates":[-78.3810000002913,37.5063999999399]},"properties":{"Plant_Name":"Energix Buckingham, LLC","State":"Virginia","PrimSource":"solar","Total_MW":20,"Install_MW":20,"City":"Cumberland","County":"Buckingham","Utility_Na":"Energix Buckingham, LLC","Longitude":-78.381,"Latitude":37.5064}},{"type":"Feature","geometry":{"type":"Point","coordinates":[-79.3474970003521,37.1481990000866]},"properties":{"Plant_Name":"Altavista Solar","State":"Virginia","PrimSource":"solar","Total_MW":80,"Install_MW":80,"City":"Lynch Station","County":"Campbell","Utility_Na":"Altavista Solar, LLC","Longitude":-79.347497,"Latitude":37.148199}},{"type":"Feature","geometry":{"type":"Point","coordinates":[-78.3720880003088,35.6020630000244]},"properties":{"Plant_Name":"Powatan Road Solar","State":"North Carolina","PrimSource":"solar","Total_MW":2,"Install_MW":2,"City":"Clayton","County":"Johnston","Utility_Na":"Red Toad Powatan Phase 2 LLC","Longitude":-78.372088,"Latitude":35.602063}},{"type":"Feature","geometry":{"type":"Point","coordinates":[-79.4849999999699,35.0289999998832]},"properties":{"Plant_Name":"Fort Bragg - Camp Mackall PV BESS System","State":"North Carolina","PrimSource":"batteries","Total_MW":3,"Install_MW":3,"City":"Hoffman","County":"Richmond","Utility_Na":"Ameresco Federal Solutions","Longitude":-79.485,"Latitude":35.029}},{"type":"Feature","geometry":{"type":"Point","coordinates":[-81.648946999578,34.2498139997989]},"properties":{"Plant_Name":"Hecate Energy West Newberry, LLC","State":"South Carolina","PrimSource":"solar","Total_MW":3.5,"Install_MW":3.3,"City":"Newberry","County":"Newberry","Utility_Na":"Hecate Energy West Newberry, LLC","Longitude":-81.648947,"Latitude":34.249814}},{"type":"Feature","geometry":{"type":"Point","coordinates":[-90.5364649997931,33.7577669997379]},"properties":{"Plant_Name":"Sunflower County","State":"Mississippi","PrimSource":"solar","Total_MW":100,"Install_MW":100,"City":"Ruleville","County":"Sunflower","Utility_Na":"Sunflower County Solar Project, LLC","Longitude":-90.536465,"Latitude":33.757767}},{"type":"Feature","geometry":{"type":"Point","coordinates":[-76.7751230004407,37.3656150003014]},"properties":{"Plant_Name":"Norge Solar Farm","State":"Virginia","PrimSource":"solar","Total_MW":20,"Install_MW":20,"City":"Williamsburg","County":"James City","Utility_Na":"Dominion Energy Inc.","Longitude":-76.775123,"Latitude":37.365615}},{"type":"Feature","geometry":{"type":"Point","coordinates":[-76.7860000004284,38.0769999997702]},"properties":{"Plant_Name":"Montross Solar","State":"Virginia","PrimSource":"solar","Total_MW":20,"Install_MW":20,"City":"Montross","County":"Westmoreland","Utility_Na":"Dominion Energy Inc.","Longitude":-76.786,"Latitude":38.077}},{"type":"Feature","geometry":{"type":"Point","coordinates":[-79.0230549997408,35.5519440000085]},"properties":{"Plant_Name":"Meadowlark Solar","State":"North Carolina","PrimSource":"solar","Total_MW":4.9,"Install_MW":4.9,"City":"Dunn","County":"Harnett","Utility_Na":"Meadowlark Solar, LLC","Longitude":-79.023055,"Latitude":35.551944}},{"type":"Feature","geometry":{"type":"Point","coordinates":[-78.2162000001361,35.8503000002529]},"properties":{"Plant_Name":"Nash 97 Solar 2","State":"North Carolina","PrimSource":"solar","Total_MW":4.9,"Install_MW":4.9,"City":"Middlesex","County":"Nash","Utility_Na":"Nash 97 Solar 2, LLC","Longitude":-78.2162,"Latitude":35.8503}},{"type":"Feature","geometry":{"type":"Point","coordinates":[-77.9880000001274,34.7456999997791]},"properties":{"Plant_Name":"Nickelson Solar 2","State":"North Carolina","PrimSource":"solar","Total_MW":4.9,"Install_MW":4.9,"City":"Wallace","County":"Duplin","Utility_Na":"Nickelson Solar 2, LLC","Longitude":-77.988,"Latitude":34.7457}},{"type":"Feature","geometry":{"type":"Point","coordinates":[-79.4654079996431,35.6881069998057]},"properties":{"Plant_Name":"Siler City Solar 2","State":"North Carolina","PrimSource":"solar","Total_MW":4.9,"Install_MW":4.9,"City":"Siler City","County":"Chatham","Utility_Na":"Siler City Solar 2, LLC","Longitude":-79.465408,"Latitude":35.688107}},{"type":"Feature","geometry":{"type":"Point","coordinates":[-78.1549610001064,35.8829210001773]},"properties":{"Plant_Name":"Phobos Solar, LLC","State":"North Carolina","PrimSource":"solar","Total_MW":78.8,"Install_MW":78.8,"City":"Middlesex","County":"Nash","Utility_Na":"Phobos Solar, LLC","Longitude":-78.154961,"Latitude":35.882921}},{"type":"Feature","geometry":{"type":"Point","coordinates":[-79.7416980004402,35.3360399998482]},"properties":{"Plant_Name":"Cabin Creek Solar, LLC","State":"North Carolina","PrimSource":"solar","Total_MW":70.2,"Install_MW":70.2,"City":"Biscoe","County":"Montgomery","Utility_Na":"Cabin Creek Solar, LLC","Longitude":-79.741698,"Latitude":35.33604}},{"type":"Feature","geometry":{"type":"Point","coordinates":[-79.579819999817,35.8654600002582]},"properties":{"Plant_Name":"Ridgeback","State":"North Carolina","PrimSource":"solar","Total_MW":2,"Install_MW":2,"City":"Liberty","County":"Randolph","Utility_Na":"Ridgeback Solar, LLC","Longitude":-79.57982,"Latitude":35.86546}},{"type":"Feature","geometry":{"type":"Point","coordinates":[-79.7899199996763,35.7510100003412]},"properties":{"Plant_Name":"Thunderhead","State":"North Carolina","PrimSource":"solar","Total_MW":2.6,"Install_MW":2.6,"City":"Asheboro","County":"Randolph","Utility_Na":"Thunderhead Solar, LLC","Longitude":-79.78992,"Latitude":35.75101}},{"type":"Feature","geometry":{"type":"Point","coordinates":[-77.952872999706,38.0176640003206]},"properties":{"Plant_Name":"Energix Aditya, LLC","State":"Virginia","PrimSource":"solar","Total_MW":11.5,"Install_MW":11.5,"City":"Mineral","County":"Louisa","Utility_Na":"Energix Aditya, LLC","Longitude":-77.952873,"Latitude":38.017664}},{"type":"Feature","geometry":{"type":"Point","coordinates":[-82.8231989995512,29.9648420002089]},"properties":{"Plant_Name":"Hildreth Solar Power Plant","State":"Florida","PrimSource":"solar","Total_MW":74.9,"Install_MW":74.9,"City":"O'Brien","County":"Suwannee","Utility_Na":"Duke Energy Florida, LLC","Longitude":-82.823199,"Latitude":29.964842}},{"type":"Feature","geometry":{"type":"Point","coordinates":[-85.4917899999508,30.1647540002954]},"properties":{"Plant_Name":"Bay Ranch Solar Power Plant","State":"Florida","PrimSource":"solar","Total_MW":74.9,"Install_MW":74.9,"City":"Panama City","County":"Bay","Utility_Na":"Duke Energy Florida, LLC","Longitude":-85.49179,"Latitude":30.164754}},{"type":"Feature","geometry":{"type":"Point","coordinates":[-82.6398370001875,29.8100179999447]},"properties":{"Plant_Name":"High Springs Solar Power Plant","State":"Florida","PrimSource":"solar","Total_MW":74.9,"Install_MW":74.9,"City":"High Springs","County":"Alachua","Utility_Na":"Duke Energy Florida, LLC","Longitude":-82.639837,"Latitude":29.810018}},{"type":"Feature","geometry":{"type":"Point","coordinates":[-82.8434550004,29.4856199999687]},"properties":{"Plant_Name":"Hardeetown Solar Power Plant","State":"Florida","PrimSource":"solar","Total_MW":74.9,"Install_MW":74.9,"City":"Chiefland","County":"Levy","Utility_Na":"Duke Energy Florida, LLC","Longitude":-82.843455,"Latitude":29.48562}},{"type":"Feature","geometry":{"type":"Point","coordinates":[-78.6770690001145,38.6136009997455]},"properties":{"Plant_Name":"Caden Energix Endless Caverns, LLC","State":"Virginia","PrimSource":"solar","Total_MW":31.4,"Install_MW":31.4,"City":"New Market","County":"Rockingham","Utility_Na":"Caden Energix Endless Caverns, LLC","Longitude":-78.677069,"Latitude":38.613601}},{"type":"Feature","geometry":{"type":"Point","coordinates":[-76.5785579996122,36.6921970001688]},"properties":{"Plant_Name":"Pleasant Hill Solar","State":"Virginia","PrimSource":"solar","Total_MW":20,"Install_MW":20,"City":"Suffolk","County":"Suffolk City","Utility_Na":"Consolidated Edison Development Inc.","Longitude":-76.578558,"Latitude":36.692197}},{"type":"Feature","geometry":{"type":"Point","coordinates":[-78.8859549996309,36.6815470002315]},"properties":{"Plant_Name":"Watlington Solar","State":"Virginia","PrimSource":"solar","Total_MW":20,"Install_MW":20,"City":"Halifax","County":"Halifax","Utility_Na":"Consolidated Edison Development Inc.","Longitude":-78.885955,"Latitude":36.681547}},{"type":"Feature","geometry":{"type":"Point","coordinates":[-77.8620160003798,37.9194970002127]},"properties":{"Plant_Name":"Apple Grove Solar, LLC","State":"Virginia","PrimSource":"solar","Total_MW":18.6,"Install_MW":18.6,"City":"Mineral","County":"Louisa","Utility_Na":"Apple Grove Solar, LLC","Longitude":-77.862016,"Latitude":37.919497}},{"type":"Feature","geometry":{"type":"Point","coordinates":[-77.1226499997497,37.0207839999624]},"properties":{"Plant_Name":"Waverly Solar, LLC","State":"Virginia","PrimSource":"solar","Total_MW":118,"Install_MW":118,"City":"Waverly","County":"Sussex","Utility_Na":"Waverly Solar, LLC","Longitude":-77.12265,"Latitude":37.020784}},{"type":"Feature","geometry":{"type":"Point","coordinates":[-77.1815799998176,34.8517819998114]},"properties":{"Plant_Name":"Maysville BESS","State":"North Carolina","PrimSource":"batteries","Total_MW":5,"Install_MW":5,"City":"Maysville","County":"Jones","Utility_Na":"North Carolina El Member Corp","Longitude":-77.18158,"Latitude":34.851782}},{"type":"Feature","geometry":{"type":"Point","coordinates":[-79.7570200000994,34.9058329999487]},"properties":{"Plant_Name":"McKinney BESS","State":"North Carolina","PrimSource":"batteries","Total_MW":5,"Install_MW":5,"City":"Richmond","County":"Richmond","Utility_Na":"North Carolina El Member Corp","Longitude":-79.75702,"Latitude":34.905833}},{"type":"Feature","geometry":{"type":"Point","coordinates":[-78.1096489998084,35.4361880000061]},"properties":{"Plant_Name":"New Rosewood BESS","State":"North Carolina","PrimSource":"batteries","Total_MW":2.5,"Install_MW":2.5,"City":"Goldsboro","County":"Wayne","Utility_Na":"North Carolina El Member Corp","Longitude":-78.109649,"Latitude":35.436188}},{"type":"Feature","geometry":{"type":"Point","coordinates":[-77.1880410004463,34.6724519999824]},"properties":{"Plant_Name":"Queens Creek BESS","State":"North Carolina","PrimSource":"batteries","Total_MW":2.5,"Install_MW":2.5,"City":"Hubert","County":"Onslow","Utility_Na":"North Carolina El Member Corp","Longitude":-77.188041,"Latitude":34.672452}},{"type":"Feature","geometry":{"type":"Point","coordinates":[-77.8299529997807,34.4752939997659]},"properties":{"Plant_Name":"Rocky Point BESS","State":"North Carolina","PrimSource":"batteries","Total_MW":5,"Install_MW":5,"City":"Rock Point","County":"Pender","Utility_Na":"North Carolina El Member Corp","Longitude":-77.829953,"Latitude":34.475294}},{"type":"Feature","geometry":{"type":"Point","coordinates":[-78.5051499995548,35.925226999863]},"properties":{"Plant_Name":"Walkers Crossroads BESS","State":"North Carolina","PrimSource":"batteries","Total_MW":5,"Install_MW":5,"City":"Wake Forest","County":"Wake","Utility_Na":"North Carolina El Member Corp","Longitude":-78.50515,"Latitude":35.925227}},{"type":"Feature","geometry":{"type":"Point","coordinates":[-78.2245489998789,33.9939230000426]},"properties":{"Plant_Name":"Zion Hill BESS","State":"North Carolina","PrimSource":"batteries","Total_MW":5,"Install_MW":5,"City":"Bolivia","County":"Brunswick","Utility_Na":"North Carolina El Member Corp","Longitude":-78.224549,"Latitude":33.993923}},{"type":"Feature","geometry":{"type":"Point","coordinates":[-78.890313000162,35.2049030001995]},"properties":{"Plant_Name":"Collier BESS","State":"North Carolina","PrimSource":"batteries","Total_MW":2.5,"Install_MW":2.5,"City":"Fayetteville","County":"Cumberland","Utility_Na":"North Carolina El Member Corp","Longitude":-78.890313,"Latitude":35.204903}},{"type":"Feature","geometry":{"type":"Point","coordinates":[-78.9974949996032,35.3239279999613]},"properties":{"Plant_Name":"Docs Road BESS","State":"North Carolina","PrimSource":"batteries","Total_MW":5,"Install_MW":5,"City":"Lillington","County":"Harnett","Utility_Na":"North Carolina El Member Corp","Longitude":-78.997495,"Latitude":35.323928}},{"type":"Feature","geometry":{"type":"Point","coordinates":[-79.6819580002604,35.6324650002016]},"properties":{"Plant_Name":"Five Points BESS","State":"North Carolina","PrimSource":"batteries","Total_MW":5,"Install_MW":5,"City":"Asheboro","County":"Randolph","Utility_Na":"North Carolina El Member Corp","Longitude":-79.681958,"Latitude":35.632465}},{"type":"Feature","geometry":{"type":"Point","coordinates":[-90.1553800002328,32.2543789998173]},"properties":{"Plant_Name":"Lineage MS","State":"Mississippi","PrimSource":"solar","Total_MW":1.2,"Install_MW":1.2,"City":"Richland","County":"Rankin","Utility_Na":"Madison Energy Holdings LLC","Longitude":-90.15538,"Latitude":32.254379}},{"type":"Feature","geometry":{"type":"Point","coordinates":[-81.955675999654,27.8066450002307]},"properties":{"Plant_Name":"Jamison Solar (FL)","State":"Florida","PrimSource":"solar","Total_MW":74.5,"Install_MW":74.5,"City":"Mulberry","County":"Polk","Utility_Na":"Tampa Electric Co","Longitude":-81.955676,"Latitude":27.806645}},{"type":"Feature","geometry":{"type":"Point","coordinates":[-82.8251300001196,35.8907099997926]},"properties":{"Plant_Name":"Hot Springs Energy Storage & Microgrid","State":"North Carolina","PrimSource":"batteries","Total_MW":6.3,"Install_MW":6.3,"City":"Hot Springs","County":"Madison","Utility_Na":"Duke Energy Progress - (NC)","Longitude":-82.82513,"Latitude":35.89071}},{"type":"Feature","geometry":{"type":"Point","coordinates":[-82.3904520002906,27.7819879999196]},"properties":{"Plant_Name":"Big Bend II Solar","State":"Florida","PrimSource":"solar","Total_MW":45.8,"Install_MW":45.8,"City":"Apollo Beach","County":"Hillsborough","Utility_Na":"Tampa Electric Co","Longitude":-82.390452,"Latitude":27.781988}},{"type":"Feature","geometry":{"type":"Point","coordinates":[-82.0486970000755,27.9177160001954]},"properties":{"Plant_Name":"Magnolia Solar","State":"Florida","PrimSource":"solar","Total_MW":74.5,"Install_MW":74.5,"City":"Mulberry","County":"Polk","Utility_Na":"Tampa Electric Co","Longitude":-82.048697,"Latitude":27.917716}},{"type":"Feature","geometry":{"type":"Point","coordinates":[-78.5274989995571,34.9840449998183]},"properties":{"Plant_Name":"Van Buren","State":"North Carolina","PrimSource":"solar","Total_MW":2,"Install_MW":2,"City":"Roseboro","County":"Sampson","Utility_Na":"Van Buren Solar, LLC","Longitude":-78.527499,"Latitude":34.984045}},{"type":"Feature","geometry":{"type":"Point","coordinates":[-76.6486700001647,36.2758499998132]},"properties":{"Plant_Name":"Ryland Road Solar","State":"North Carolina","PrimSource":"solar","Total_MW":5,"Install_MW":5,"City":"Tyner","County":"Chowan","Utility_Na":"Greenbacker Renewable Energy Corporation","Longitude":-76.64867,"Latitude":36.27585}},{"type":"Feature","geometry":{"type":"Point","coordinates":[-76.8724380000225,36.0212530002415]},"properties":{"Plant_Name":"Windsor Hwy 17 Solar","State":"North Carolina","PrimSource":"solar","Total_MW":5,"Install_MW":5,"City":"Windsor","County":"Bertie","Utility_Na":"Greenbacker Renewable Energy Corporation","Longitude":-76.872438,"Latitude":36.021253}},{"type":"Feature","geometry":{"type":"Point","coordinates":[-82.5282839997964,34.695185000143]},"properties":{"Plant_Name":"Adams","State":"South Carolina","PrimSource":"solar","Total_MW":2,"Install_MW":2,"City":"Piedmont","County":"Anderson","Utility_Na":"Adams Solar SC, LLC","Longitude":-82.528284,"Latitude":34.695185}},{"type":"Feature","geometry":{"type":"Point","coordinates":[-76.1886999999867,36.5044000000964]},"properties":{"Plant_Name":"Oak Trail Solar, LLC","State":"North Carolina","PrimSource":"solar","Total_MW":100,"Install_MW":100,"City":"Moyock","County":"Currituck","Utility_Na":"Leeward Asset Management, LLC","Longitude":-76.1887,"Latitude":36.5044}},{"type":"Feature","geometry":{"type":"Point","coordinates":[-80.2355559996839,35.2897220002723]},"properties":{"Plant_Name":"Stanly Solar, LLC","State":"North Carolina","PrimSource":"solar","Total_MW":50,"Install_MW":50,"City":"Albemarle","County":"Stanly","Utility_Na":"Stanly Solar, LLC","Longitude":-80.235556,"Latitude":35.289722}},{"type":"Feature","geometry":{"type":"Point","coordinates":[-82.6547710004075,27.7679310003013]},"properties":{"Plant_Name":"John Hopkins Middle School Microgrid","State":"Florida","PrimSource":"batteries","Total_MW":3.3,"Install_MW":3.3,"City":"St Petersburg","County":"Pinellas","Utility_Na":"Duke Energy Florida, LLC","Longitude":-82.654771,"Latitude":27.767931}},{"type":"Feature","geometry":{"type":"Point","coordinates":[-85.0786860001724,30.7828970002947]},"properties":{"Plant_Name":"Blue Springs","State":"Florida","PrimSource":"solar","Total_MW":74.5,"Install_MW":74.5,"City":"Marianna","County":"Jackson","Utility_Na":"Florida Power & Light Co","Longitude":-85.078686,"Latitude":30.782897}},{"type":"Feature","geometry":{"type":"Point","coordinates":[-79.7094719996344,36.6870709996583]},"properties":{"Plant_Name":"Energix Leatherwood, LLC","State":"Virginia","PrimSource":"solar","Total_MW":20,"Install_MW":20,"City":"Axton","County":"Henry","Utility_Na":"Energix Leatherwood, LLC","Longitude":-79.709472,"Latitude":36.687071}},{"type":"Feature","geometry":{"type":"Point","coordinates":[-79.094164000003,35.4570560001705]},"properties":{"Plant_Name":"Broadway Road Solar, LLC","State":"North Carolina","PrimSource":"solar","Total_MW":2,"Install_MW":2,"City":"Sanford","County":"Lee","Utility_Na":"Broadway Road Solar, LLC","Longitude":-79.094164,"Latitude":35.457056}},{"type":"Feature","geometry":{"type":"Point","coordinates":[-77.5032220001973,35.2137699996372]},"properties":{"Plant_Name":"Wyse Fork Solar Farm, LLC","State":"North Carolina","PrimSource":"solar","Total_MW":2,"Install_MW":2,"City":"Dover","County":"Jones","Utility_Na":"Wyse Fork Solar Farm, LLC","Longitude":-77.503222,"Latitude":35.21377}},{"type":"Feature","geometry":{"type":"Point","coordinates":[-84.9005660001732,31.544830999978]},"properties":{"Plant_Name":"SR Clay, LLC","State":"Georgia","PrimSource":"solar","Total_MW":106,"Install_MW":106,"City":"Fort Gaines","County":"Clay","Utility_Na":"SR Clay, LLC","Longitude":-84.900566,"Latitude":31.544831}},{"type":"Feature","geometry":{"type":"Point","coordinates":[-85.0869749996407,31.24530000032]},"properties":{"Plant_Name":"SR Cedar Springs, LLC","State":"Georgia","PrimSource":"solar","Total_MW":70,"Install_MW":70,"City":"Blakely","County":"Early","Utility_Na":"SR Cedar Springs, LLC","Longitude":-85.086975,"Latitude":31.2453}},{"type":"Feature","geometry":{"type":"Point","coordinates":[-84.0215860003302,31.8864860002884]},"properties":{"Plant_Name":"SR DeSoto I, LLC","State":"Georgia","PrimSource":"solar","Total_MW":165,"Install_MW":165,"City":"DeSoto","County":"Lee","Utility_Na":"SR DeSoto I, LLC","Longitude":-84.021586,"Latitude":31.886486}},{"type":"Feature","geometry":{"type":"Point","coordinates":[-84.56796499979,37.592993999806]},"properties":{"Plant_Name":"SR Turkey Creek, LLC","State":"Kentucky","PrimSource":"solar","Total_MW":50,"Install_MW":50,"City":"Lancaster","County":"Garrard","Utility_Na":"SR Turkey Creek, LLC","Longitude":-84.567965,"Latitude":37.592994}},{"type":"Feature","geometry":{"type":"Point","coordinates":[-82.5984020001967,36.347384000312]},"properties":{"Plant_Name":"SR Washington I, LLC","State":"Tennessee","PrimSource":"solar","Total_MW":9,"Install_MW":9,"City":"Jonesborough","County":"Washington","Utility_Na":"SR Washington I, LLC","Longitude":-82.598402,"Latitude":36.347384}},{"type":"Feature","geometry":{"type":"Point","coordinates":[-82.5983829999301,35.6601090002397]},"properties":{"Plant_Name":"Woodfin Solar","State":"North Carolina","PrimSource":"solar","Total_MW":5,"Install_MW":5,"City":"Asheville","County":"Buncombe","Utility_Na":"Duke Energy Progress - (NC)","Longitude":-82.598383,"Latitude":35.660109}},{"type":"Feature","geometry":{"type":"Point","coordinates":[-81.3716559997716,35.8160940002043]},"properties":{"Plant_Name":"Brighter Future Solar","State":"North Carolina","PrimSource":"solar","Total_MW":11,"Install_MW":11,"City":"Granite Falls","County":"Caldwell","Utility_Na":"Brighter Future Solar LLC","Longitude":-81.371656,"Latitude":35.816094}},{"type":"Feature","geometry":{"type":"Point","coordinates":[-76.6069559996163,38.0067410002914]},"properties":{"Plant_Name":"Gardy's Mill Solar","State":"Virginia","PrimSource":"solar","Total_MW":14,"Install_MW":14,"City":"Kinsale","County":"Westmoreland","Utility_Na":"Gardy's Mill Solar, LLC","Longitude":-76.606956,"Latitude":38.006741}},{"type":"Feature","geometry":{"type":"Point","coordinates":[-84.6603860001618,32.8035690001601]},"properties":{"Plant_Name":"Mossy Branch Battery Facility","State":"Georgia","PrimSource":"batteries","Total_MW":65,"Install_MW":65,"City":"Shiloh","County":"Talbot","Utility_Na":"Georgia Power Co","Longitude":-84.660386,"Latitude":32.803569}},{"type":"Feature","geometry":{"type":"Point","coordinates":[-77.2635800003112,37.5236399996739]},"properties":{"Plant_Name":"Briel Solar Farm","State":"Virginia","PrimSource":"solar","Total_MW":20,"Install_MW":20,"City":"Standston","County":"Henrico","Utility_Na":"Briel Solar Farm, LLC","Longitude":-77.26358,"Latitude":37.52364}},{"type":"Feature","geometry":{"type":"Point","coordinates":[-84.6597569997999,39.0313100002474]},"properties":{"Plant_Name":"Aero Solar Facility","State":"Kentucky","PrimSource":"solar","Total_MW":2,"Install_MW":2,"City":"Burlington","County":"Boone","Utility_Na":"Duke Energy Kentucky Inc","Longitude":-84.659757,"Latitude":39.03131}},{"type":"Feature","geometry":{"type":"Point","coordinates":[-87.3439750003556,30.8418730001297]},"properties":{"Plant_Name":"Cotton Creek Solar Energy Center","State":"Florida","PrimSource":"solar","Total_MW":74.5,"Install_MW":74.5,"City":"McDavid","County":"Escambia","Utility_Na":"Florida Power & Light Co","Longitude":-87.343975,"Latitude":30.841873}},{"type":"Feature","geometry":{"type":"Point","coordinates":[-81.0537209998198,26.3813860001448]},"properties":{"Plant_Name":"Sawgrass Solar Energy Center","State":"Florida","PrimSource":"solar","Total_MW":74.5,"Install_MW":74.5,"City":"Clewiston","County":"Hendry","Utility_Na":"Florida Power & Light Co","Longitude":-81.053721,"Latitude":26.381386}},{"type":"Feature","geometry":{"type":"Point","coordinates":[-81.0353100002239,26.4172120003441]},"properties":{"Plant_Name":"Ghost Orchid Solar Energy Center","State":"Florida","PrimSource":"solar","Total_MW":74.5,"Install_MW":74.5,"City":"Clewiston","County":"Hendry","Utility_Na":"Florida Power & Light Co","Longitude":-81.03531,"Latitude":26.417212}},{"type":"Feature","geometry":{"type":"Point","coordinates":[-80.5468509998053,27.2641130001403]},"properties":{"Plant_Name":"Sundew","State":"Florida","PrimSource":"solar","Total_MW":74.5,"Install_MW":74.5,"City":"Port St Lucie","County":"St Lucie","Utility_Na":"Florida Power & Light Co","Longitude":-80.546851,"Latitude":27.264113}},{"type":"Feature","geometry":{"type":"Point","coordinates":[-81.4334709995615,26.4745759999141]},"properties":{"Plant_Name":"Immokalee","State":"Florida","PrimSource":"solar","Total_MW":74.5,"Install_MW":74.5,"City":"Immokalee","County":"Collier","Utility_Na":"Florida Power & Light Co","Longitude":-81.433471,"Latitude":26.474576}},{"type":"Feature","geometry":{"type":"Point","coordinates":[-82.252720000344,27.5966000001716]},"properties":{"Plant_Name":"Elder Branch","State":"Florida","PrimSource":"solar","Total_MW":74.5,"Install_MW":74.5,"City":"Parrish","County":"Manatee","Utility_Na":"Florida Power & Light Co","Longitude":-82.25272,"Latitude":27.5966}},{"type":"Feature","geometry":{"type":"Point","coordinates":[-80.6527109998468,27.5808829999946]},"properties":{"Plant_Name":"Grove","State":"Florida","PrimSource":"solar","Total_MW":74.5,"Install_MW":74.5,"City":"Vero Beach","County":"Indian River","Utility_Na":"Florida Power & Light Co","Longitude":-80.652711,"Latitude":27.580883}},{"type":"Feature","geometry":{"type":"Point","coordinates":[-77.6999999996644,37.5000000001664]},"properties":{"Plant_Name":"Dry Bridge Storage","State":"Virginia","PrimSource":"batteries","Total_MW":20,"Install_MW":20,"City":"Midlothian","County":"Chesterfield","Utility_Na":"Dominion Energy Inc.","Longitude":-77.7,"Latitude":37.5}},{"type":"Feature","geometry":{"type":"Point","coordinates":[-88.6222999997419,33.4155000003047]},"properties":{"Plant_Name":"Golden Triangle II","State":"Mississippi","PrimSource":"solar","Total_MW":200,"Install_MW":200,"City":"St.Artesia","County":"Lowndes","Utility_Na":"OE_MS6","Longitude":-88.6223,"Latitude":33.4155}},{"type":"Feature","geometry":{"type":"Point","coordinates":[-81.6988600000813,29.7411799997369]},"properties":{"Plant_Name":"Rice Creek","State":"Florida","PrimSource":"solar","Total_MW":74.9,"Install_MW":74.9,"City":"Putnam","County":"Putnam","Utility_Na":"OE_FL7","Longitude":-81.69886,"Latitude":29.74118}},{"type":"Feature","geometry":{"type":"Point","coordinates":[-79.0285999999524,36.5546700003087]},"properties":{"Plant_Name":"Powells Creek Solar - Hybrid","State":"Virginia","PrimSource":"solar","Total_MW":70,"Install_MW":70,"City":"Alton","County":"Halifax","Utility_Na":"Powells Creek Farm Solar, LLC","Longitude":-79.0286,"Latitude":36.55467}},{"type":"Feature","geometry":{"type":"Point","coordinates":[-78.8396099996382,36.7987170000898]},"properties":{"Plant_Name":"Sunnybrook Solar Project - Hybrid","State":"Virginia","PrimSource":"solar","Total_MW":51,"Install_MW":51,"City":"Scottsburg","County":"Halifax","Utility_Na":"Sunnybrook Farm Solar, LLC","Longitude":-78.83961,"Latitude":36.798717}},{"type":"Feature","geometry":{"type":"Point","coordinates":[-81.0498579997563,36.9642789999342]},"properties":{"Plant_Name":"Caden Energix Wytheville LLC","State":"Virginia","PrimSource":"solar","Total_MW":20,"Install_MW":20,"City":"Wytheville","County":"Wythe","Utility_Na":"Caden Energix Wytheville LLC","Longitude":-81.049858,"Latitude":36.964279}},{"type":"Feature","geometry":{"type":"Point","coordinates":[-76.798999999707,38.0929999996659]},"properties":{"Plant_Name":"Springfield Solar","State":"Virginia","PrimSource":"solar","Total_MW":2,"Install_MW":2,"City":"Montross","County":"Westmoreland","Utility_Na":"Dominion Renewable Energy","Longitude":-76.799,"Latitude":38.093}},{"type":"Feature","geometry":{"type":"Point","coordinates":[-77.9271000000314,37.5670000001713]},"properties":{"Plant_Name":"Quillwort Solar","State":"Virginia","PrimSource":"solar","Total_MW":18,"Install_MW":18,"City":"Powhatan","County":"Powhatan","Utility_Na":"Dominion Renewable Energy","Longitude":-77.9271,"Latitude":37.567}},{"type":"Feature","geometry":{"type":"Point","coordinates":[-79.3199999997982,36.889999999907]},"properties":{"Plant_Name":"Maplewood Solar","State":"Virginia","PrimSource":"solar","Total_MW":120,"Install_MW":120,"City":"Climax","County":"Pittsylvania","Utility_Na":"Dominion Renewable Energy","Longitude":-79.32,"Latitude":36.89}},{"type":"Feature","geometry":{"type":"Point","coordinates":[-76.7600000000747,37.3499999998902]},"properties":{"Plant_Name":"Rochambeau Solar","State":"Virginia","PrimSource":"solar","Total_MW":19.9,"Install_MW":19.9,"City":"Williamsburg","County":"James City","Utility_Na":"Dominion Renewable Energy","Longitude":-76.76,"Latitude":37.35}},{"type":"Feature","geometry":{"type":"Point","coordinates":[-77.079999999591,37.2600000000454]},"properties":{"Plant_Name":"Fort Powhatan Solar","State":"Virginia","PrimSource":"solar","Total_MW":150,"Install_MW":150,"City":"Disputanta","County":"Prince George","Utility_Na":"Dominion Renewable Energy","Longitude":-77.08,"Latitude":37.26}},{"type":"Feature","geometry":{"type":"Point","coordinates":[-76.1646999997984,36.700000000272]},"properties":{"Plant_Name":"Bedford Solar","State":"Virginia","PrimSource":"solar","Total_MW":70,"Install_MW":70,"City":"Chesapeake","County":"Chesapeake City","Utility_Na":"Dominion Renewable Energy","Longitude":-76.1647,"Latitude":36.7}},{"type":"Feature","geometry":{"type":"Point","coordinates":[-82.715724000207,31.7088209997529]},"properties":{"Plant_Name":"SR Snipesville II","State":"Georgia","PrimSource":"solar","Total_MW":107,"Install_MW":107,"City":"Denton","County":"Jeff Davis","Utility_Na":"SR Snipesville II, LLC","Longitude":-82.715724,"Latitude":31.708821}},{"type":"Feature","geometry":{"type":"Point","coordinates":[-81.3929999996684,34.4209999997078]},"properties":{"Plant_Name":"Midway Green Solar","State":"South Carolina","PrimSource":"solar","Total_MW":12.8,"Install_MW":12.8,"City":"Union","County":"Union","Utility_Na":"Midway Green Solar, LLC","Longitude":-81.393,"Latitude":34.421}},{"type":"Feature","geometry":{"type":"Point","coordinates":[-85.3914319995648,38.2164840002423]},"properties":{"Plant_Name":"LGE-KU Solar Share Facility Simpsonville","State":"Kentucky","PrimSource":"solar","Total_MW":1.7,"Install_MW":2.1,"City":"Simpsonville","County":"Shelby","Utility_Na":"Kentucky Utilities Co","Longitude":-85.391432,"Latitude":38.216484}},{"type":"Feature","geometry":{"type":"Point","coordinates":[-80.670970000005,27.2435400003055]},"properties":{"Plant_Name":"Bluefield Preserve Solar","State":"Florida","PrimSource":"solar","Total_MW":74.5,"Install_MW":74.5,"City":"Okeechobee","County":"St Lucie","Utility_Na":"Florida Power & Light Co","Longitude":-80.67097,"Latitude":27.24354}},{"type":"Feature","geometry":{"type":"Point","coordinates":[-86.2081299996377,30.8757600001795]},"properties":{"Plant_Name":"Chautauqua Solar Energy Center","State":"Florida","PrimSource":"solar","Total_MW":74.5,"Install_MW":74.5,"City":"Defuniak Springs","County":"Walton","Utility_Na":"Florida Power & Light Co","Longitude":-86.20813,"Latitude":30.87576}},{"type":"Feature","geometry":{"type":"Point","coordinates":[-85.2785300000099,30.4546299996557]},"properties":{"Plant_Name":"FPL Chipola River Solar Energy Center","State":"Florida","PrimSource":"solar","Total_MW":74.5,"Install_MW":74.5,"City":"Altha","County":"Calhoun","Utility_Na":"Florida Power & Light Co","Longitude":-85.27853,"Latitude":30.45463}},{"type":"Feature","geometry":{"type":"Point","coordinates":[-80.5543400001057,25.5425499997167]},"properties":{"Plant_Name":"Everglades Solar Energy Center","State":"Florida","PrimSource":"solar","Total_MW":74.5,"Install_MW":74.5,"City":"Homestead","County":"Miami Dade","Utility_Na":"Florida Power & Light Co","Longitude":-80.55434,"Latitude":25.54255}},{"type":"Feature","geometry":{"type":"Point","coordinates":[-87.3400200002306,30.9199300000282]},"properties":{"Plant_Name":"First City Solar Energy Center","State":"Florida","PrimSource":"solar","Total_MW":74.5,"Install_MW":74.5,"City":"McDavid","County":"Escambia","Utility_Na":"Florida Power & Light Co","Longitude":-87.34002,"Latitude":30.91993}},{"type":"Feature","geometry":{"type":"Point","coordinates":[-80.5440720003884,35.985700999794]},"properties":{"Plant_Name":"Perendale Holdings, LLC","State":"North Carolina","PrimSource":"solar","Total_MW":7.5,"Install_MW":7.5,"City":"Mocksville","County":"Davie","Utility_Na":"Perendale Holdings, LLC","Longitude":-80.544072,"Latitude":35.985701}},{"type":"Feature","geometry":{"type":"Point","coordinates":[-85.0402439998586,30.5699579998848]},"properties":{"Plant_Name":"FPL Flowers Creek Solar Energy Center","State":"Florida","PrimSource":"solar","Total_MW":74.5,"Install_MW":74.5,"City":"Altha","County":"Calhoun","Utility_Na":"Florida Power & Light Co","Longitude":-85.040244,"Latitude":30.569958}},{"type":"Feature","geometry":{"type":"Point","coordinates":[-80.5421399999951,27.2978299996559]},"properties":{"Plant_Name":"Pink Trial Solar Energy Center","State":"Florida","PrimSource":"solar","Total_MW":74.5,"Install_MW":74.5,"City":"Port St. Lucie","County":"St Lucie","Utility_Na":"Florida Power & Light Co","Longitude":-80.54214,"Latitude":27.29783}},{"type":"Feature","geometry":{"type":"Point","coordinates":[-85.2796630001619,30.3962000002986]},"properties":{"Plant_Name":"FPL Shirer Branch Solar Energy Center","State":"Florida","PrimSource":"solar","Total_MW":74.5,"Install_MW":74.5,"City":"Clarksville","County":"Calhoun","Utility_Na":"Florida Power & Light Co","Longitude":-85.279663,"Latitude":30.3962}},{"type":"Feature","geometry":{"type":"Point","coordinates":[-84.7403300004135,30.6757999996304]},"properties":{"Plant_Name":"Wild Azalea Solar Energy Center","State":"Florida","PrimSource":"solar","Total_MW":74.5,"Install_MW":74.5,"City":"Chattahoochee","County":"Gadsden","Utility_Na":"Florida Power & Light Co","Longitude":-84.74033,"Latitude":30.6758}},{"type":"Feature","geometry":{"type":"Point","coordinates":[-81.6761799996429,29.8821300000782]},"properties":{"Plant_Name":"Anhinga Solar Energy Center","State":"Florida","PrimSource":"solar","Total_MW":74.5,"Install_MW":74.5,"City":"Green Cove Springs","County":"Clay","Utility_Na":"Florida Power & Light Co","Longitude":-81.67618,"Latitude":29.88213}},{"type":"Feature","geometry":{"type":"Point","coordinates":[-85.0695199997466,30.7605500000643]},"properties":{"Plant_Name":"Apalachee","State":"Florida","PrimSource":"solar","Total_MW":74.5,"Install_MW":74.5,"City":"Marianna","County":"Jackson","Utility_Na":"Florida Power & Light Co","Longitude":-85.06952,"Latitude":30.76055}},{"type":"Feature","geometry":{"type":"Point","coordinates":[-86.9382100001915,30.6469100001865]},"properties":{"Plant_Name":"Blackwater River Solar Energy Center","State":"Florida","PrimSource":"solar","Total_MW":74.5,"Install_MW":74.5,"City":"Milton","County":"Santa Rosa","Utility_Na":"Florida Power & Light Co","Longitude":-86.93821,"Latitude":30.64691}},{"type":"Feature","geometry":{"type":"Point","coordinates":[-80.8041590003709,27.6270090001119]},"properties":{"Plant_Name":"FPL Cavendish Solar Energy Center","State":"Florida","PrimSource":"solar","Total_MW":74.5,"Install_MW":74.5,"City":"Okeechobee","County":"Okeechobee","Utility_Na":"Florida Power & Light Co","Longitude":-80.804159,"Latitude":27.627009}},{"type":"Feature","geometry":{"type":"Point","coordinates":[-77.7268059999321,36.0893690000966]},"properties":{"Plant_Name":"Cummins Whitakers PV Arrays","State":"North Carolina","PrimSource":"solar","Total_MW":2.9,"Install_MW":3.3,"City":"Whitakers","County":"Nash","Utility_Na":"Cummins, Inc.","Longitude":-77.726806,"Latitude":36.089369}},{"type":"Feature","geometry":{"type":"Point","coordinates":[-83.3028999999731,32.8813000000784]},"properties":{"Plant_Name":"Wilkinson DeFore","State":"Georgia","PrimSource":"solar","Total_MW":3,"Install_MW":3,"City":"Gordon","County":"Wilkinson","Utility_Na":"Safari Energy, LLC","Longitude":-83.3029,"Latitude":32.8813}},{"type":"Feature","geometry":{"type":"Point","coordinates":[-79.384087999565,36.5788639998307]},"properties":{"Plant_Name":"Danville BESS 1","State":"Virginia","PrimSource":"batteries","Total_MW":10.5,"Install_MW":10.5,"City":"Danville","County":"Danville City","Utility_Na":"Doc Brown LLC","Longitude":-79.384088,"Latitude":36.578864}},{"type":"Feature","geometry":{"type":"Point","coordinates":[-85.3976069999632,30.1105429996741]},"properties":{"Plant_Name":"Mule Creek Renewable Energy Center","State":"Florida","PrimSource":"solar","Total_MW":74.9,"Install_MW":74.9,"City":"Panama City","County":"Bay","Utility_Na":"Duke Energy Florida, LLC","Longitude":-85.397607,"Latitude":30.110543}},{"type":"Feature","geometry":{"type":"Point","coordinates":[-77.609437999891,35.5979039996988]},"properties":{"Plant_Name":"Beaker","State":"North Carolina","PrimSource":"solar","Total_MW":5,"Install_MW":5,"City":"Farmville","County":"Pitt","Utility_Na":"Strata Manager, LLC","Longitude":-77.609438,"Latitude":35.597904}},{"type":"Feature","geometry":{"type":"Point","coordinates":[-78.0901479997182,35.1614920000287]},"properties":{"Plant_Name":"Belafonte","State":"North Carolina","PrimSource":"solar","Total_MW":3.4,"Install_MW":3.4,"City":"Calypso","County":"Duplin","Utility_Na":"Strata Manager, LLC","Longitude":-78.090148,"Latitude":35.161492}},{"type":"Feature","geometry":{"type":"Point","coordinates":[-80.0132470003914,35.1985370002757]},"properties":{"Plant_Name":"Gilead","State":"North Carolina","PrimSource":"solar","Total_MW":3.5,"Install_MW":3.5,"City":"Gilead","County":"Montgomery","Utility_Na":"Strata Manager, LLC","Longitude":-80.013247,"Latitude":35.198537}},{"type":"Feature","geometry":{"type":"Point","coordinates":[-79.5571360000789,35.2134910003447]},"properties":{"Plant_Name":"Gladstone Farm","State":"North Carolina","PrimSource":"solar","Total_MW":5,"Install_MW":5,"City":"West End","County":"Moore","Utility_Na":"Strata Manager, LLC","Longitude":-79.557136,"Latitude":35.213491}},{"type":"Feature","geometry":{"type":"Point","coordinates":[-82.710783000243,29.7187280001042]},"properties":{"Plant_Name":"Bell Ridge Solar","State":"Florida","PrimSource":"solar","Total_MW":74.5,"Install_MW":74.5,"City":"Trenton","County":"Gilchrist","Utility_Na":"Bell Ridge Solar, LLC","Longitude":-82.710783,"Latitude":29.718728}},{"type":"Feature","geometry":{"type":"Point","coordinates":[-77.919200999652,35.416190999802]},"properties":{"Plant_Name":"Wedge","State":"North Carolina","PrimSource":"solar","Total_MW":5,"Install_MW":5,"City":"Goldsboro","County":"Wayne","Utility_Na":"Strata Manager, LLC","Longitude":-77.919201,"Latitude":35.416191}},{"type":"Feature","geometry":{"type":"Point","coordinates":[-78.3268909996385,35.7132830003532]},"properties":{"Plant_Name":"Truman (NC)","State":"North Carolina","PrimSource":"solar","Total_MW":5,"Install_MW":5,"City":"Wendell","County":"Johnston","Utility_Na":"Strata Manager, LLC","Longitude":-78.326891,"Latitude":35.713283}},{"type":"Feature","geometry":{"type":"Point","coordinates":[-77.1865939995765,35.0595820003662]},"properties":{"Plant_Name":"Trent River Farm","State":"North Carolina","PrimSource":"solar","Total_MW":5,"Install_MW":5,"City":"New Bern","County":"Jones","Utility_Na":"Strata Manager, LLC","Longitude":-77.186594,"Latitude":35.059582}},{"type":"Feature","geometry":{"type":"Point","coordinates":[-79.1369210002918,35.6882680003223]},"properties":{"Plant_Name":"Tinker (NC)","State":"North Carolina","PrimSource":"solar","Total_MW":4.8,"Install_MW":4.8,"City":"Moncure","County":"Chatham","Utility_Na":"Strata Manager, LLC","Longitude":-79.136921,"Latitude":35.688268}},{"type":"Feature","geometry":{"type":"Point","coordinates":[-79.4658140004223,34.7921700003444]},"properties":{"Plant_Name":"Sneads Grove","State":"North Carolina","PrimSource":"solar","Total_MW":5,"Install_MW":5,"City":"Laurinburg","County":"Scotland","Utility_Na":"Strata Manager, LLC","Longitude":-79.465814,"Latitude":34.79217}},{"type":"Feature","geometry":{"type":"Point","coordinates":[-79.5779069996903,35.8596179999611]},"properties":{"Plant_Name":"Henry Farm","State":"North Carolina","PrimSource":"solar","Total_MW":5,"Install_MW":5,"City":"Liberty","County":"Randolph","Utility_Na":"Strata Manager, LLC","Longitude":-79.577907,"Latitude":35.859618}},{"type":"Feature","geometry":{"type":"Point","coordinates":[-79.7205439996159,35.3081760001021]},"properties":{"Plant_Name":"Kalish Farm Solar","State":"North Carolina","PrimSource":"solar","Total_MW":5,"Install_MW":5,"City":"Candor","County":"Montgomery","Utility_Na":"Strata Manager, LLC","Longitude":-79.720544,"Latitude":35.308176}},{"type":"Feature","geometry":{"type":"Point","coordinates":[-79.5550239997605,35.8503409997541]},"properties":{"Plant_Name":"Kendall Farm","State":"North Carolina","PrimSource":"solar","Total_MW":5,"Install_MW":5,"City":"Liberty","County":"Randolph","Utility_Na":"Strata Manager, LLC","Longitude":-79.555024,"Latitude":35.850341}},{"type":"Feature","geometry":{"type":"Point","coordinates":[-78.6539970000389,36.271819000187]},"properties":{"Plant_Name":"Peake Road","State":"North Carolina","PrimSource":"solar","Total_MW":5,"Install_MW":5,"City":"Oxford","County":"Granville","Utility_Na":"Strata Manager, LLC","Longitude":-78.653997,"Latitude":36.271819}},{"type":"Feature","geometry":{"type":"Point","coordinates":[-79.7876340001789,35.5324270001369]},"properties":{"Plant_Name":"Seagrove","State":"North Carolina","PrimSource":"solar","Total_MW":4.5,"Install_MW":4.5,"City":"Seagrove","County":"Randolph","Utility_Na":"Strata Manager, LLC","Longitude":-79.787634,"Latitude":35.532427}},{"type":"Feature","geometry":{"type":"Point","coordinates":[-79.5584080001482,34.7750830001125]},"properties":{"Plant_Name":"Smith Solar Farm","State":"North Carolina","PrimSource":"solar","Total_MW":5,"Install_MW":5,"City":"Gibson","County":"Scotland","Utility_Na":"Strata Manager, LLC","Longitude":-79.558408,"Latitude":34.775083}},{"type":"Feature","geometry":{"type":"Point","coordinates":[-77.6379430000252,34.784643999647]},"properties":{"Plant_Name":"Richlands Solar, LLC","State":"North Carolina","PrimSource":"solar","Total_MW":1.9,"Install_MW":1.9,"City":"Richlands","County":"Onslow","Utility_Na":"Richlands Solar, LLC","Longitude":-77.637943,"Latitude":34.784644}},{"type":"Feature","geometry":{"type":"Point","coordinates":[-77.5435590001961,34.6919300000887]},"properties":{"Plant_Name":"Cruise Solar, LLC","State":"North Carolina","PrimSource":"solar","Total_MW":1.9,"Install_MW":1.9,"City":"Jacksonville","County":"Onslow","Utility_Na":"Cruise Solar, LLC","Longitude":-77.543559,"Latitude":34.69193}},{"type":"Feature","geometry":{"type":"Point","coordinates":[-85.4414930002062,30.4198349996161]},"properties":{"Plant_Name":"FPL Saw Palmetto Solar Energy Center","State":"Florida","PrimSource":"solar","Total_MW":74.5,"Install_MW":74.5,"City":"Youngstown","County":"Bay","Utility_Na":"Florida Power & Light Co","Longitude":-85.441493,"Latitude":30.419835}},{"type":"Feature","geometry":{"type":"Point","coordinates":[-85.4410300004239,30.4213000000264]},"properties":{"Plant_Name":"FPL Cypress Pond Solar","State":"Florida","PrimSource":"solar","Total_MW":74.5,"Install_MW":74.5,"City":"Vernon","County":"Washington","Utility_Na":"Florida Power & Light Co","Longitude":-85.44103,"Latitude":30.4213}},{"type":"Feature","geometry":{"type":"Point","coordinates":[-81.777490000431,29.7672300003027]},"properties":{"Plant_Name":"FPL Etonia Creek","State":"Florida","PrimSource":"solar","Total_MW":74.5,"Install_MW":74.5,"City":"Palatka","County":"Putnam","Utility_Na":"Florida Power & Light Co","Longitude":-81.77749,"Latitude":29.76723}},{"type":"Feature","geometry":{"type":"Point","coordinates":[-90.100000000234,33.4999999996573]},"properties":{"Plant_Name":"Delta's Edge Solar","State":"Mississippi","PrimSource":"solar","Total_MW":100,"Install_MW":100,"City":"Greenwood","County":"Carroll","Utility_Na":"Cubico USA, LLC","Longitude":-90.1,"Latitude":33.5}},{"type":"Feature","geometry":{"type":"Point","coordinates":[-86.9432599999354,36.7957229998131]},"properties":{"Plant_Name":"SR Russellville","State":"Kentucky","PrimSource":"solar","Total_MW":173,"Install_MW":173,"City":"Olmstead","County":"Logan","Utility_Na":"SR Russellville, LLC","Longitude":-86.94326,"Latitude":36.795723}},{"type":"Feature","geometry":{"type":"Point","coordinates":[-84.0077719998435,31.8680329999512]},"properties":{"Plant_Name":"SR DeSoto III","State":"Georgia","PrimSource":"solar","Total_MW":60,"Install_MW":60,"City":"DeSoto","County":"Lee","Utility_Na":"SR DeSoto III, LLC","Longitude":-84.007772,"Latitude":31.868033}},{"type":"Feature","geometry":{"type":"Point","coordinates":[-79.0329149999275,36.568917999771]},"properties":{"Plant_Name":"Alton Post Office Solar","State":"Virginia","PrimSource":"solar","Total_MW":75,"Install_MW":75,"City":"Alton","County":"Halifax","Utility_Na":"Urban Grid Solar","Longitude":-79.032915,"Latitude":36.568918}},{"type":"Feature","geometry":{"type":"Point","coordinates":[-78.9381989998374,36.8399089998111]},"properties":{"Plant_Name":"Crystal Hill Solar","State":"Virginia","PrimSource":"solar","Total_MW":64.7,"Install_MW":64.7,"City":"Crystal Hill","County":"Halifax","Utility_Na":"Urban Grid Solar","Longitude":-78.938199,"Latitude":36.839909}},{"type":"Feature","geometry":{"type":"Point","coordinates":[-78.2801170001987,39.073824999875]},"properties":{"Plant_Name":"Foxglove Solar","State":"Virginia","PrimSource":"solar","Total_MW":75,"Install_MW":75,"City":"Middletown","County":"Frederick","Utility_Na":"Urban Grid Solar","Longitude":-78.280117,"Latitude":39.073825}},{"type":"Feature","geometry":{"type":"Point","coordinates":[-79.9488390000592,39.7078249997424]},"properties":{"Plant_Name":"Fort Martin Solar","State":"West Virginia","PrimSource":"solar","Total_MW":18.9,"Install_MW":18.9,"City":"Maidsville","County":"Monongalia","Utility_Na":"Monongahela Power Co","Longitude":-79.948839,"Latitude":39.707825}},{"type":"Feature","geometry":{"type":"Point","coordinates":[-80.0944019997148,39.5390419998346]},"properties":{"Plant_Name":"Rivesville Solar","State":"West Virginia","PrimSource":"solar","Total_MW":5.5,"Install_MW":5.5,"City":"Rivesville","County":"Marion","Utility_Na":"Monongahela Power Co","Longitude":-80.094402,"Latitude":39.539042}},{"type":"Feature","geometry":{"type":"Point","coordinates":[-82.5173809998693,27.8633469998142]},"properties":{"Plant_Name":"South Tampa Resiliency Project","State":"Florida","PrimSource":"natural gas","Total_MW":37.6,"Install_MW":37.6,"City":"Tampa","County":"Hillsborough","Utility_Na":"Tampa Electric Co","Longitude":-82.517381,"Latitude":27.863347}},{"type":"Feature","geometry":{"type":"Point","coordinates":[-82.0672280002202,27.9457559999811]},"properties":{"Plant_Name":"English Creek Solar","State":"Florida","PrimSource":"solar","Total_MW":23,"Install_MW":23,"City":"Plant City","County":"Hillsborough","Utility_Na":"Tampa Electric Co","Longitude":-82.067228,"Latitude":27.945756}},{"type":"Feature","geometry":{"type":"Point","coordinates":[-81.6940360002932,32.1387719996338]},"properties":{"Plant_Name":"Bryan Floyd","State":"Georgia","PrimSource":"solar","Total_MW":1.9,"Install_MW":1.9,"City":"Pembroke","County":"Bryan","Utility_Na":"Madison Energy Holdings LLC","Longitude":-81.694036,"Latitude":32.138772}},{"type":"Feature","geometry":{"type":"Point","coordinates":[-84.8314860003888,34.2574499999135]},"properties":{"Plant_Name":"Bartow Davidson","State":"Georgia","PrimSource":"solar","Total_MW":2.6,"Install_MW":2.6,"City":"Cartersville","County":"Bartow","Utility_Na":"Madison Energy Holdings LLC","Longitude":-84.831486,"Latitude":34.25745}},{"type":"Feature","geometry":{"type":"Point","coordinates":[-78.5402829998239,35.3882450002813]},"properties":{"Plant_Name":"Mule Farm Solar, LLC","State":"North Carolina","PrimSource":"solar","Total_MW":2,"Install_MW":2,"City":"Benson","County":"Johnston","Utility_Na":"Mule Farm Solar, LLC","Longitude":-78.540283,"Latitude":35.388245}},{"type":"Feature","geometry":{"type":"Point","coordinates":[-77.9187479999155,35.416437000076]},"properties":{"Plant_Name":"Ramp Solar, LLC","State":"North Carolina","PrimSource":"solar","Total_MW":2,"Install_MW":2,"City":"Goldsboro","County":"Wayne","Utility_Na":"Ramp Solar, LLC","Longitude":-77.918748,"Latitude":35.416437}},{"type":"Feature","geometry":{"type":"Point","coordinates":[-78.7096120002144,34.3011889996789]},"properties":{"Plant_Name":"Hubble Solar, LLC","State":"North Carolina","PrimSource":"solar","Total_MW":2,"Install_MW":2,"City":"Whiteville","County":"Columbus","Utility_Na":"Hubble Solar, LLC","Longitude":-78.709612,"Latitude":34.301189}},{"type":"Feature","geometry":{"type":"Point","coordinates":[-82.7138100002553,32.9899389996387]},"properties":{"Plant_Name":"Washington County Solar","State":"Georgia","PrimSource":"solar","Total_MW":150,"Install_MW":150,"City":"Sandersville","County":"Washington","Utility_Na":"Washington County Solar, LLC","Longitude":-82.71381,"Latitude":32.989939}},{"type":"Feature","geometry":{"type":"Point","coordinates":[-83.5612400004085,32.4014699999742]},"properties":{"Plant_Name":"CG PS Portfolio 1, LLC","State":"Georgia","PrimSource":"biomass","Total_MW":1.8,"Install_MW":1.8,"City":"Kathleen","County":"Houston","Utility_Na":"ClearGen LLC","Longitude":-83.56124,"Latitude":32.40147}},{"type":"Feature","geometry":{"type":"Point","coordinates":[-76.8188280000353,37.9579750001936]},"properties":{"Plant_Name":"Hemings Solar","State":"Virginia","PrimSource":"solar","Total_MW":4.9,"Install_MW":5,"City":"Warsaw","County":"Richmond","Utility_Na":"Hemings Solar Partners LLC","Longitude":-76.818828,"Latitude":37.957975}},{"type":"Feature","geometry":{"type":"Point","coordinates":[-79.4699079995661,36.8534499997588]},"properties":{"Plant_Name":"Monroe Solar","State":"Virginia","PrimSource":"solar","Total_MW":2.1,"Install_MW":2.2,"City":"Chatham","County":"Pittsylvania","Utility_Na":"Monroe Solar LLC","Longitude":-79.469908,"Latitude":36.85345}},{"type":"Feature","geometry":{"type":"Point","coordinates":[-76.7100000004311,36.889999999907]},"properties":{"Plant_Name":"Solidago Solar","State":"Virginia","PrimSource":"solar","Total_MW":20,"Install_MW":20,"City":"Windsor","County":"Wight","Utility_Na":"Dominion Energy Inc.","Longitude":-76.71,"Latitude":36.89}},{"type":"Feature","geometry":{"type":"Point","coordinates":[-84.069312999997,32.1977789998273]},"properties":{"Plant_Name":"CPV Stagecoach Solar","State":"Georgia","PrimSource":"solar","Total_MW":80,"Install_MW":80,"City":"Andersonville","County":"Macon","Utility_Na":"CPV Stagecoach Solar, LLC","Longitude":-84.069313,"Latitude":32.197779}},{"type":"Feature","geometry":{"type":"Point","coordinates":[-78.6752299996076,38.7450969997431]},"properties":{"Plant_Name":"Randolf Solar","State":"Virginia","PrimSource":"solar","Total_MW":2.6,"Install_MW":3.2,"City":"Mount Jackson","County":"Shenandoah","Utility_Na":"Randolf Solar Partners LLC","Longitude":-78.67523,"Latitude":38.745097}},{"type":"Feature","geometry":{"type":"Point","coordinates":[-79.569573999841,34.7809050002406]},"properties":{"Plant_Name":"Henry Gibson Solar","State":"North Carolina","PrimSource":"solar","Total_MW":5,"Install_MW":5,"City":"Gibson","County":"Scotland","Utility_Na":"Henry Gibson Solar, LLC","Longitude":-79.569574,"Latitude":34.780905}},{"type":"Feature","geometry":{"type":"Point","coordinates":[-77.6126699999427,35.8442300002143]},"properties":{"Plant_Name":"Davistown-Mercer","State":"North Carolina","PrimSource":"batteries","Total_MW":2.5,"Install_MW":2.5,"City":"Pinetops","County":"Edgecombe","Utility_Na":"North Carolina El Member Corp","Longitude":-77.61267,"Latitude":35.84423}},{"type":"Feature","geometry":{"type":"Point","coordinates":[-77.8502399996933,36.2480500000897]},"properties":{"Plant_Name":"Medoc","State":"North Carolina","PrimSource":"batteries","Total_MW":2.5,"Install_MW":2.5,"City":"Enfield","County":"Halifax","Utility_Na":"North Carolina El Member Corp","Longitude":-77.85024,"Latitude":36.24805}},{"type":"Feature","geometry":{"type":"Point","coordinates":[-77.6312630000117,34.9176990000697]},"properties":{"Plant_Name":"Archie Horne","State":"North Carolina","PrimSource":"batteries","Total_MW":10,"Install_MW":10,"City":"Beulaville","County":"Onslow","Utility_Na":"North Carolina El Member Corp","Longitude":-77.631263,"Latitude":34.917699}},{"type":"Feature","geometry":{"type":"Point","coordinates":[-79.1071170003242,34.9964320000952]},"properties":{"Plant_Name":"McLauchin","State":"North Carolina","PrimSource":"batteries","Total_MW":15,"Install_MW":15,"City":"Reaford","County":"Onslow","Utility_Na":"North Carolina El Member Corp","Longitude":-79.107117,"Latitude":34.996432}},{"type":"Feature","geometry":{"type":"Point","coordinates":[-78.8989670004016,34.8980719998999]},"properties":{"Plant_Name":"Butler","State":"North Carolina","PrimSource":"batteries","Total_MW":10,"Install_MW":10,"City":"Hope Mills","County":"Cumberland","Utility_Na":"North Carolina El Member Corp","Longitude":-78.898967,"Latitude":34.898072}},{"type":"Feature","geometry":{"type":"Point","coordinates":[-80.4099959999177,36.4139130003126]},"properties":{"Plant_Name":"Double Creek","State":"North Carolina","PrimSource":"batteries","Total_MW":5,"Install_MW":5,"City":"Pinnacle","County":"Stokes","Utility_Na":"North Carolina El Member Corp","Longitude":-80.409996,"Latitude":36.413913}},{"type":"Feature","geometry":{"type":"Point","coordinates":[-76.9929879998866,35.1512199996363]},"properties":{"Plant_Name":"Fairfield Harbor","State":"North Carolina","PrimSource":"batteries","Total_MW":5,"Install_MW":5,"City":"New Bern","County":"Craven","Utility_Na":"North Carolina El Member Corp","Longitude":-76.992988,"Latitude":35.15122}},{"type":"Feature","geometry":{"type":"Point","coordinates":[-84.4454270003543,30.8548930002113]},"properties":{"Plant_Name":"Decatur Solar","State":"Georgia","PrimSource":"solar","Total_MW":200,"Install_MW":200,"City":"Climax","County":"Decatur","Utility_Na":"Washington County Solar, LLC","Longitude":-84.445427,"Latitude":30.854893}},{"type":"Feature","geometry":{"type":"Point","coordinates":[-83.5501630004042,32.8569369999486]},"properties":{"Plant_Name":"Bibb Williams","State":"Georgia","PrimSource":"solar","Total_MW":2.3,"Install_MW":2.3,"City":"Macob","County":"Bibb","Utility_Na":"Madison Energy Holdings LLC","Longitude":-83.550163,"Latitude":32.856937}},{"type":"Feature","geometry":{"type":"Point","coordinates":[-82.675969999641,29.8122179998819]},"properties":{"Plant_Name":"County Line Renewable Energy Center","State":"Florida","PrimSource":"solar","Total_MW":74.9,"Install_MW":74.9,"City":"High Springs","County":"Alachua","Utility_Na":"Duke Energy Florida, LLC","Longitude":-82.67597,"Latitude":29.812218}},{"type":"Feature","geometry":{"type":"Point","coordinates":[-79.8278640000477,33.7309560002426]},"properties":{"Plant_Name":"Sunflower Solar LLC","State":"South Carolina","PrimSource":"solar","Total_MW":10,"Install_MW":10,"City":"Kingstree","County":"Williamsburg","Utility_Na":"SolRiver Capital LLC","Longitude":-79.827864,"Latitude":33.730956}},{"type":"Feature","geometry":{"type":"Point","coordinates":[-79.9166559998095,34.0390560000125]},"properties":{"Plant_Name":"Whitehall Solar LLC","State":"South Carolina","PrimSource":"solar","Total_MW":2,"Install_MW":2,"City":"Timmonsville","County":"Florence","Utility_Na":"SolRiver Capital LLC","Longitude":-79.916656,"Latitude":34.039056}},{"type":"Feature","geometry":{"type":"Point","coordinates":[-77.6116139997835,35.3846359998558]},"properties":{"Plant_Name":"Harding Solar, LLC","State":"North Carolina","PrimSource":"solar","Total_MW":3,"Install_MW":3,"City":"Hookerton","County":"Greene","Utility_Na":"SolRiver Capital LLC","Longitude":-77.611614,"Latitude":35.384636}},{"type":"Feature","geometry":{"type":"Point","coordinates":[-79.4038690000377,37.906256999779]},"properties":{"Plant_Name":"Small Mouth Bass Solar","State":"Virginia","PrimSource":"solar","Total_MW":2.4,"Install_MW":2.5,"City":"Rockbridge Baths","County":"Rockbridge","Utility_Na":"Small Mouth Bass Solar Partners LLC","Longitude":-79.403869,"Latitude":37.906257}},{"type":"Feature","geometry":{"type":"Point","coordinates":[-87.3166400001834,36.5233170002058]},"properties":{"Plant_Name":"SR Clarksville, LLC","State":"Tennessee","PrimSource":"solar","Total_MW":2,"Install_MW":2,"City":"Clarksville","County":"Montgomery","Utility_Na":"SR Clarksville, LLC","Longitude":-87.31664,"Latitude":36.523317}},{"type":"Feature","geometry":{"type":"Point","coordinates":[-87.3150700001883,36.5211899998102]},"properties":{"Plant_Name":"SR Clarksville II, LLC","State":"Tennessee","PrimSource":"solar","Total_MW":4.8,"Install_MW":4.8,"City":"Clarksville","County":"Montgomery","Utility_Na":"SR Clarksville II, LLC","Longitude":-87.31507,"Latitude":36.52119}},{"type":"Feature","geometry":{"type":"Point","coordinates":[-89.6662300004262,34.8608019996779]},"properties":{"Plant_Name":"Sr Byhalia, LLC","State":"Mississippi","PrimSource":"solar","Total_MW":4.8,"Install_MW":4.8,"City":"Byhalia","County":"Marshall","Utility_Na":"SR Byhalia, LLC","Longitude":-89.66623,"Latitude":34.860802}},{"type":"Feature","geometry":{"type":"Point","coordinates":[-86.5469699999935,36.7134970002574]},"properties":{"Plant_Name":"SR Franklin, LLC","State":"Kentucky","PrimSource":"solar","Total_MW":2.5,"Install_MW":2.5,"City":"Franklin","County":"Simpson","Utility_Na":"SR Franklin, LLC","Longitude":-86.54697,"Latitude":36.713497}},{"type":"Feature","geometry":{"type":"Point","coordinates":[-82.4162500000797,32.2945549999001]},"properties":{"Plant_Name":"SR Toombs, LLC","State":"Georgia","PrimSource":"solar","Total_MW":250,"Install_MW":250,"City":"Vidalia","County":"Montgomery","Utility_Na":"SR Toombs I, LLC","Longitude":-82.41625,"Latitude":32.294555}},{"type":"Feature","geometry":{"type":"Point","coordinates":[-89.9111730001264,34.3408560000155]},"properties":{"Plant_Name":"SR Panola II, LLC","State":"Mississippi","PrimSource":"solar","Total_MW":4.8,"Install_MW":4.8,"City":"Batesville","County":"Panola","Utility_Na":"SR Panola II, LLC","Longitude":-89.911173,"Latitude":34.340856}},{"type":"Feature","geometry":{"type":"Point","coordinates":[-89.9878440003185,34.3023649999654]},"properties":{"Plant_Name":"SR Panola III, LLC","State":"Mississippi","PrimSource":"solar","Total_MW":3.5,"Install_MW":3.5,"City":"Batesville","County":"Panola","Utility_Na":"SR Panola III, LLC","Longitude":-89.987844,"Latitude":34.302365}},{"type":"Feature","geometry":{"type":"Point","coordinates":[-89.9863179998061,34.3041530000245]},"properties":{"Plant_Name":"SR Panola I, LLC","State":"Mississippi","PrimSource":"solar","Total_MW":4.8,"Install_MW":4.8,"City":"Batesville","County":"Panola","Utility_Na":"SR Panola I, LLC","Longitude":-89.986318,"Latitude":34.304153}},{"type":"Feature","geometry":{"type":"Point","coordinates":[-76.3887999999172,37.6529000001687]},"properties":{"Plant_Name":"White Stone Ocran Solar LLC Community So","State":"Virginia","PrimSource":"solar","Total_MW":5,"Install_MW":5,"City":"White Stone","County":"Lancaster","Utility_Na":"Dimension Energy LLC","Longitude":-76.3888,"Latitude":37.6529}},{"type":"Feature","geometry":{"type":"Point","coordinates":[-78.687700000055,37.2259000001478]},"properties":{"Plant_Name":"Prince Edward CSG LLC","State":"Virginia","PrimSource":"solar","Total_MW":4,"Install_MW":4,"City":"Pamplin","County":"Prince Edward","Utility_Na":"Dimension Energy LLC","Longitude":-78.6877,"Latitude":37.2259}},{"type":"Feature","geometry":{"type":"Point","coordinates":[-85.3839099996523,35.3904800002801]},"properties":{"Plant_Name":"SR Marion, LLC","State":"Tennessee","PrimSource":"solar","Total_MW":1.3,"Install_MW":1.3,"City":"Dunlap","County":"Sequatchie","Utility_Na":"SR Marion, LLC","Longitude":-85.38391,"Latitude":35.39048}},{"type":"Feature","geometry":{"type":"Point","coordinates":[-77.7740389998545,36.5264920001723]},"properties":{"Plant_Name":"Oak Solar","State":"North Carolina","PrimSource":"solar","Total_MW":120,"Install_MW":120,"City":"Gaston","County":"Northampton","Utility_Na":"Oak Solar LLC","Longitude":-77.774039,"Latitude":36.526492}},{"type":"Feature","geometry":{"type":"Point","coordinates":[-86.5485590002552,36.711680000139]},"properties":{"Plant_Name":"SR Warren, LLC","State":"Kentucky","PrimSource":"solar","Total_MW":3.5,"Install_MW":3.5,"City":"Franklin","County":"Simpson","Utility_Na":"SR Warren, LLC","Longitude":-86.548559,"Latitude":36.71168}},{"type":"Feature","geometry":{"type":"Point","coordinates":[-78.7418740001068,36.8758970002176]},"properties":{"Plant_Name":"Foxhound","State":"Virginia","PrimSource":"solar","Total_MW":83,"Install_MW":83,"City":"Clover","County":"Halifax","Utility_Na":"Foxhound Solar, LLC","Longitude":-78.741874,"Latitude":36.875897}},{"type":"Feature","geometry":{"type":"Point","coordinates":[-77.0100689996868,36.323266000323]},"properties":{"Plant_Name":"Colice Hall Solar","State":"North Carolina","PrimSource":"solar","Total_MW":17,"Install_MW":17,"City":"Ahoskie","County":"Hertford","Utility_Na":"Colice Hall Solar LLC","Longitude":-77.010069,"Latitude":36.323266}},{"type":"Feature","geometry":{"type":"Point","coordinates":[-81.5272510000413,29.6037310003305]},"properties":{"Plant_Name":"Tupelo Solar","State":"Florida","PrimSource":"solar","Total_MW":74.5,"Install_MW":74.5,"City":"San Mateo","County":"Putnam","Utility_Na":"FRP Tupelo Solar, LLC","Longitude":-81.527251,"Latitude":29.603731}},{"type":"Feature","geometry":{"type":"Point","coordinates":[-83.2838299998782,36.1232300002989]},"properties":{"Plant_Name":"SR White Pine, LLC","State":"Tennessee","PrimSource":"solar","Total_MW":2,"Install_MW":2,"City":"White Pine","County":"Jefferson","Utility_Na":"SR White Pine, LLC","Longitude":-83.28383,"Latitude":36.12323}},{"type":"Feature","geometry":{"type":"Point","coordinates":[-82.2956270004206,27.660584000286]},"properties":{"Plant_Name":"Bullfrog Creek Solar","State":"Florida","PrimSource":"solar","Total_MW":74.5,"Install_MW":74.5,"City":"Wimauma","County":"Hillsborough","Utility_Na":"Tampa Electric Co","Longitude":-82.295627,"Latitude":27.660584}},{"type":"Feature","geometry":{"type":"Point","coordinates":[-84.7243939995627,30.6565419999296]},"properties":{"Plant_Name":"Gadsden County Solar","State":"Florida","PrimSource":"solar","Total_MW":74.5,"Install_MW":74.5,"City":"Chattahoochee","County":"Gadsden","Utility_Na":"FRP Gadsden County Solar, LLC","Longitude":-84.724394,"Latitude":30.656542}},{"type":"Feature","geometry":{"type":"Point","coordinates":[-82.7342500003288,29.8824220002022]},"properties":{"Plant_Name":"Columbia County Solar","State":"Florida","PrimSource":"solar","Total_MW":74.5,"Install_MW":74.5,"City":"Fort White","County":"Columbia","Utility_Na":"FRP Columbia County Solar, LLC","Longitude":-82.73425,"Latitude":29.882422}},{"type":"Feature","geometry":{"type":"Point","coordinates":[-82.6701790002805,29.6183489998547]},"properties":{"Plant_Name":"Gilchrist County Solar","State":"Florida","PrimSource":"solar","Total_MW":74.5,"Install_MW":74.5,"City":"Newberry","County":"Alachua","Utility_Na":"FRP Gilchrist County Solar, LLC","Longitude":-82.670179,"Latitude":29.618349}},{"type":"Feature","geometry":{"type":"Point","coordinates":[-81.0841669996698,28.1670099996945]},"properties":{"Plant_Name":"Harmony Florida Solar II","State":"Florida","PrimSource":"solar","Total_MW":74.5,"Install_MW":74.5,"City":"Kissimmee","County":"Osceola","Utility_Na":"Harmony Florida Solar II, LLC","Longitude":-81.084167,"Latitude":28.16701}},{"type":"Feature","geometry":{"type":"Point","coordinates":[-81.0814469998042,28.2825649998953]},"properties":{"Plant_Name":"Storey Bend Solar","State":"Florida","PrimSource":"solar","Total_MW":74.5,"Install_MW":74.5,"City":"Saint Cloud","County":"Osceola","Utility_Na":"Storey Bend Solar, LLC","Longitude":-81.081447,"Latitude":28.282565}},{"type":"Feature","geometry":{"type":"Point","coordinates":[-79.8493610001053,36.6162430002143]},"properties":{"Plant_Name":"Shifting Sands Solar, LLC","State":"Virginia","PrimSource":"solar","Total_MW":18.8,"Install_MW":18.8,"City":"Ridgeway","County":"Henry","Utility_Na":"Shifting Sands Solar, LLC","Longitude":-79.849361,"Latitude":36.616243}},{"type":"Feature","geometry":{"type":"Point","coordinates":[-79.0172960001673,37.5535980000216]},"properties":{"Plant_Name":"Amherst Solar Facility (VA)","State":"Virginia","PrimSource":"solar","Total_MW":4.9,"Install_MW":4.9,"City":"Amherst","County":"Amherst","Utility_Na":"Appalachian Power Co","Longitude":-79.017296,"Latitude":37.553598}},{"type":"Feature","geometry":{"type":"Point","coordinates":[-78.3229999999859,37.8893000001321]},"properties":{"Plant_Name":"Cunningham Solar LLC","State":"Virginia","PrimSource":"solar","Total_MW":4.9,"Install_MW":5,"City":"Palmyra","County":"Fluvanna","Utility_Na":"Arevon Energy, Inc.","Longitude":-78.323,"Latitude":37.8893}},{"type":"Feature","geometry":{"type":"Point","coordinates":[-83.2603970001275,30.8124810000395]},"properties":{"Plant_Name":"Lowndes Cowart","State":"Georgia","PrimSource":"solar","Total_MW":3,"Install_MW":3,"City":"Valdosta","County":"Lowndes","Utility_Na":"Madison Energy Investments LLC","Longitude":-83.260397,"Latitude":30.812481}},{"type":"Feature","geometry":{"type":"Point","coordinates":[-83.496653999801,31.4938209998945]},"properties":{"Plant_Name":"Tift Fletcher","State":"Georgia","PrimSource":"solar","Total_MW":3,"Install_MW":3,"City":"Tifton","County":"Tift","Utility_Na":"Madison Energy Investments LLC","Longitude":-83.496654,"Latitude":31.493821}},{"type":"Feature","geometry":{"type":"Point","coordinates":[-83.5588460000578,31.4575620002017]},"properties":{"Plant_Name":"Tift Bowen","State":"Georgia","PrimSource":"solar","Total_MW":1.9,"Install_MW":1.9,"City":"Tifton","County":"Tift","Utility_Na":"Madison Energy Investments LLC","Longitude":-83.558846,"Latitude":31.457562}},{"type":"Feature","geometry":{"type":"Point","coordinates":[-78.2139079998927,39.2015619998536]},"properties":{"Plant_Name":"The Village at Orchard Ridge (TVOR)","State":"Virginia","PrimSource":"solar","Total_MW":1.4,"Install_MW":1.4,"City":"Winchester","County":"Frederick","Utility_Na":"Distributed Solar Development, LLC","Longitude":-78.213908,"Latitude":39.201562}},{"type":"Feature","geometry":{"type":"Point","coordinates":[-89.5987399998301,35.0996099997394]},"properties":{"Plant_Name":"SR Canadaville, LLC","State":"Tennessee","PrimSource":"solar","Total_MW":16,"Install_MW":16,"City":"Collierville","County":"Fayette","Utility_Na":"SR Canadaville, LLC","Longitude":-89.59874,"Latitude":35.09961}},{"type":"Feature","geometry":{"type":"Point","coordinates":[-76.6053730001007,37.5618900003392]},"properties":{"Plant_Name":"Carvers Creek Solar","State":"Virginia","PrimSource":"solar","Total_MW":54.9,"Install_MW":54.9,"City":"Gloucester","County":"Gloucester","Utility_Na":"Carvers Creek, LLC","Longitude":-76.605373,"Latitude":37.56189}},{"type":"Feature","geometry":{"type":"Point","coordinates":[-79.5064860001569,36.7271590000245]},"properties":{"Plant_Name":"TPE Irish Road Solar, LLC","State":"Virginia","PrimSource":"solar","Total_MW":5,"Install_MW":5,"City":"Chatham","County":"Pittsylvania","Utility_Na":"Navisun LLC","Longitude":-79.506486,"Latitude":36.727159}},{"type":"Feature","geometry":{"type":"Point","coordinates":[-79.5064860001569,36.7271590000245]},"properties":{"Plant_Name":"TPE Whitmell Solar, LLC","State":"Virginia","PrimSource":"solar","Total_MW":5,"Install_MW":5,"City":"Chatham","County":"Pittsylvania","Utility_Na":"Navisun LLC","Longitude":-79.506486,"Latitude":36.727159}},{"type":"Feature","geometry":{"type":"Point","coordinates":[-76.7357999998699,37.0180000000724]},"properties":{"Plant_Name":"Cavalier Solar","State":"Virginia","PrimSource":"solar","Total_MW":155.6,"Install_MW":155.6,"City":"Smithfield","County":"Isle of Wight","Utility_Na":"AES Clean Energy","Longitude":-76.7358,"Latitude":37.018}},{"type":"Feature","geometry":{"type":"Point","coordinates":[-76.7357999998699,37.0180000000724]},"properties":{"Plant_Name":"Cavalier Solar A2","State":"Virginia","PrimSource":"solar","Total_MW":84.4,"Install_MW":84.4,"City":"Smithfield","County":"Isle of Wight","Utility_Na":"AES Clean Energy","Longitude":-76.7358,"Latitude":37.018}},{"type":"Feature","geometry":{"type":"Point","coordinates":[-82.7645460003911,31.6971519998515]},"properties":{"Plant_Name":"SR Snipesville III","State":"Georgia","PrimSource":"solar","Total_MW":107,"Install_MW":107,"City":"Denton","County":"Jeff Davis","Utility_Na":"SR Snipesville III, LLC","Longitude":-82.764546,"Latitude":31.697152}},{"type":"Feature","geometry":{"type":"Point","coordinates":[-84.0357399996772,31.8704199998387]},"properties":{"Plant_Name":"SR DeSoto II","State":"Georgia","PrimSource":"solar","Total_MW":65,"Install_MW":65,"City":"DeSoto","County":"Lee","Utility_Na":"SR DeSoto II, LLC","Longitude":-84.03574,"Latitude":31.87042}},{"type":"Feature","geometry":{"type":"Point","coordinates":[-82.5387349998118,32.1935939998252]},"properties":{"Plant_Name":"SR Ailey","State":"Georgia","PrimSource":"solar","Total_MW":80,"Install_MW":80,"City":"Ailey","County":"Montgomery","Utility_Na":"SR Ailey, LLC","Longitude":-82.538735,"Latitude":32.193594}},{"type":"Feature","geometry":{"type":"Point","coordinates":[-84.0485940002642,31.5494249999393]},"properties":{"Plant_Name":"Inst and Envir Dir Marine Logistics Base","State":"Georgia","PrimSource":"biomass","Total_MW":1.8,"Install_MW":1.9,"City":"Albany","County":"Dougherty","Utility_Na":"Inst and Envir Div Marine Logistics Base","Longitude":-84.048594,"Latitude":31.549425}},{"type":"Feature","geometry":{"type":"Point","coordinates":[-84.2288800001101,30.9112860002581]},"properties":{"Plant_Name":"Cairo Solar Farm, LLC","State":"Georgia","PrimSource":"solar","Total_MW":2,"Install_MW":2,"City":"Cairo","County":"Grady","Utility_Na":"Southeastern Solar Farm Fund, LLC","Longitude":-84.22888,"Latitude":30.911286}},{"type":"Feature","geometry":{"type":"Point","coordinates":[-83.7574699997046,34.0278299998667]},"properties":{"Plant_Name":"Cedar Creek Solar, LLC","State":"Georgia","PrimSource":"solar","Total_MW":2,"Install_MW":2,"City":"Winder","County":"Barrow","Utility_Na":"Southeastern Solar Farm Fund, LLC","Longitude":-83.75747,"Latitude":34.02783}},{"type":"Feature","geometry":{"type":"Point","coordinates":[-81.8882839998655,30.3185000000004]},"properties":{"Plant_Name":"Old Plank Road Solar Farm, LLC","State":"Florida","PrimSource":"solar","Total_MW":3,"Install_MW":3,"City":"Jacksonville","County":"Duval","Utility_Na":"Southeastern Solar Farm Fund, LLC","Longitude":-81.888284,"Latitude":30.3185}},{"type":"Feature","geometry":{"type":"Point","coordinates":[-84.6789130001086,33.6991500002598]},"properties":{"Plant_Name":"Turnipseed Solar, LLC","State":"Georgia","PrimSource":"solar","Total_MW":3,"Install_MW":3,"City":"Douglasville","County":"Douglas","Utility_Na":"Southeastern Solar Farm Fund, LLC","Longitude":-84.678913,"Latitude":33.69915}},{"type":"Feature","geometry":{"type":"Point","coordinates":[-80.3001260003979,35.4781259996502]},"properties":{"Plant_Name":"Misenheimer Solar LLC","State":"North Carolina","PrimSource":"solar","Total_MW":74.4,"Install_MW":74.4,"City":"Gold Hill","County":"Stanly","Utility_Na":"Misenheimer Solar LLC","Longitude":-80.300126,"Latitude":35.478126}},{"type":"Feature","geometry":{"type":"Point","coordinates":[-89.7301409997427,32.5509980002287]},"properties":{"Plant_Name":"Pearl River Solar Park LLC","State":"Mississippi","PrimSource":"solar","Total_MW":175,"Install_MW":175,"City":"Morton","County":"Scott","Utility_Na":"Pearl River Solar Park, LLC","Longitude":-89.730141,"Latitude":32.550998}},{"type":"Feature","geometry":{"type":"Point","coordinates":[-90.0096839996096,32.5509980002287]},"properties":{"Plant_Name":"Ragsdale Solar LLC","State":"Mississippi","PrimSource":"solar","Total_MW":100,"Install_MW":100,"City":"Canton","County":"Madison","Utility_Na":"Ragsdale Solar, LLC","Longitude":-90.009684,"Latitude":32.550998}},{"type":"Feature","geometry":{"type":"Point","coordinates":[-82.5266229995647,36.9971600002278]},"properties":{"Plant_Name":"Mineral Gap","State":"Virginia","PrimSource":"solar","Total_MW":3,"Install_MW":3,"City":"Wise","County":"Wise","Utility_Na":"Madison Energy Investments LLC","Longitude":-82.526623,"Latitude":36.99716}},{"type":"Feature","geometry":{"type":"Point","coordinates":[-84.5839099999633,39.0444100000266]},"properties":{"Plant_Name":"RA Jones Roof Mounted Solar System","State":"Kentucky","PrimSource":"solar","Total_MW":1.3,"Install_MW":1.3,"City":"Covington","County":"Kenton","Utility_Na":"RA Jones","Longitude":-84.58391,"Latitude":39.04441}},{"type":"Feature","geometry":{"type":"Point","coordinates":[-86.6303510003363,34.8295509998915]},"properties":{"Plant_Name":"TAI Huntsville Solar Hybrid","State":"Alabama","PrimSource":"solar","Total_MW":32.4,"Install_MW":32.4,"City":"Huntsville","County":"Madison","Utility_Na":"TAI Huntsville Solar, LLC","Longitude":-86.630351,"Latitude":34.829551}},{"type":"Feature","geometry":{"type":"Point","coordinates":[-81.6823929996761,28.8153579999706]},"properties":{"Plant_Name":"Mount Dora Solar Farm F","State":"Florida","PrimSource":"solar","Total_MW":2.1,"Install_MW":2.1,"City":"Mount Dora","County":"Lake","Utility_Na":"Green Street Power Partners","Longitude":-81.682393,"Latitude":28.815358}},{"type":"Feature","geometry":{"type":"Point","coordinates":[-81.6231379999183,28.7939539996987]},"properties":{"Plant_Name":"Mount Dora Solar Farm W","State":"Florida","PrimSource":"solar","Total_MW":1.9,"Install_MW":1.9,"City":"Mount Dora","County":"Lake","Utility_Na":"Green Street Power Partners","Longitude":-81.623138,"Latitude":28.793954}},{"type":"Feature","geometry":{"type":"Point","coordinates":[-78.964713999852,38.1001520000057]},"properties":{"Plant_Name":"Augusta CSG, LLC","State":"Virginia","PrimSource":"solar","Total_MW":2.9,"Install_MW":2.9,"City":"Fishersville","County":"Augusta","Utility_Na":"Dimension Energy LLC","Longitude":-78.964714,"Latitude":38.100152}},{"type":"Feature","geometry":{"type":"Point","coordinates":[-78.9234310001971,38.1021679998434]},"properties":{"Plant_Name":"Waynesboro Bridge Solar, LLC Community S","State":"Virginia","PrimSource":"solar","Total_MW":5,"Install_MW":5,"City":"Waynesboro","County":"Augusta","Utility_Na":"Dimension Energy LLC","Longitude":-78.923431,"Latitude":38.102168}},{"type":"Feature","geometry":{"type":"Point","coordinates":[-76.7630000003228,36.6856499999903]},"properties":{"Plant_Name":"Suffolk CSG, LLC","State":"Virginia","PrimSource":"solar","Total_MW":3.8,"Install_MW":3.8,"City":"Suffolk","County":"Suffolk","Utility_Na":"Dimension Energy LLC","Longitude":-76.763,"Latitude":36.68565}},{"type":"Feature","geometry":{"type":"Point","coordinates":[-79.3969210002356,37.8780849997659]},"properties":{"Plant_Name":"Fairfield Lee Solar, LLC Community Solar","State":"Virginia","PrimSource":"solar","Total_MW":5,"Install_MW":5,"City":"Fairfield","County":"Rockbridge","Utility_Na":"Dimension Energy LLC","Longitude":-79.396921,"Latitude":37.878085}},{"type":"Feature","geometry":{"type":"Point","coordinates":[-77.8334119996131,39.2636109999735]},"properties":{"Plant_Name":"Blake Solar Plant","State":"West Virginia","PrimSource":"solar","Total_MW":80,"Install_MW":96,"City":"Charles Town","County":"Jefferson","Utility_Na":"Horus West Virginia 1, LLC","Longitude":-77.833412,"Latitude":39.263611}},{"type":"Feature","geometry":{"type":"Point","coordinates":[-76.5599999997033,37.8600000001695]},"properties":{"Plant_Name":"Bookers Mill Solar","State":"Virginia","PrimSource":"solar","Total_MW":127,"Install_MW":127,"City":"Farnham","County":"Richmond","Utility_Na":"Dominion Energy Inc.","Longitude":-76.56,"Latitude":37.86}},{"type":"Feature","geometry":{"type":"Point","coordinates":[-77.8400459995958,38.2877499997937]},"properties":{"Plant_Name":"Madison Solar","State":"Virginia","PrimSource":"solar","Total_MW":62.5,"Install_MW":62.5,"City":"Locust Grove","County":"Orange","Utility_Na":"AES Clean Energy","Longitude":-77.840046,"Latitude":38.28775}},{"type":"Feature","geometry":{"type":"Point","coordinates":[-81.8205520003184,32.3883990000578]},"properties":{"Plant_Name":"Bulloch County GA S4 LLC","State":"Georgia","PrimSource":"solar","Total_MW":3,"Install_MW":3,"City":"Statesboro","County":"Bulloch","Utility_Na":"SolRiver Capital LLC","Longitude":-81.820552,"Latitude":32.388399}},{"type":"Feature","geometry":{"type":"Point","coordinates":[-79.2767050002824,34.9839480000794]},"properties":{"Plant_Name":"Elk Solar LLC","State":"North Carolina","PrimSource":"solar","Total_MW":5,"Install_MW":5,"City":"Raeford","County":"Hoke","Utility_Na":"SolRiver Capital LLC","Longitude":-79.276705,"Latitude":34.983948}},{"type":"Feature","geometry":{"type":"Point","coordinates":[-81.8160289999308,32.387792999868]},"properties":{"Plant_Name":"Bulloch County GA S3 LLC","State":"Georgia","PrimSource":"solar","Total_MW":3,"Install_MW":3,"City":"Statesboro","County":"Bulloch","Utility_Na":"SolRiver Capital LLC","Longitude":-81.816029,"Latitude":32.387793}},{"type":"Feature","geometry":{"type":"Point","coordinates":[-82.0829420004149,33.3184379997151]},"properties":{"Plant_Name":"Richmond County GA S2 LLC","State":"Georgia","PrimSource":"solar","Total_MW":3,"Install_MW":3,"City":"Hephzibah","County":"Richmond","Utility_Na":"SolRiver Capital LLC","Longitude":-82.082942,"Latitude":33.318438}},{"type":"Feature","geometry":{"type":"Point","coordinates":[-84.2800000003854,32.9300000000785]},"properties":{"Plant_Name":"Upson County GA S1 LLC","State":"Georgia","PrimSource":"solar","Total_MW":3,"Install_MW":3,"City":"Thomaston","County":"Upson","Utility_Na":"SolRiver Capital LLC","Longitude":-84.28,"Latitude":32.93}},{"type":"Feature","geometry":{"type":"Point","coordinates":[-78.2853610001114,36.523774000153]},"properties":{"Plant_Name":"Virginia Line Solar, LLC","State":"North Carolina","PrimSource":"solar","Total_MW":35,"Install_MW":35,"City":"Manson","County":"Warren","Utility_Na":"Virginia Line Solar, LLC","Longitude":-78.285361,"Latitude":36.523774}},{"type":"Feature","geometry":{"type":"Point","coordinates":[-90.1839999999948,34.9620000001332]},"properties":{"Plant_Name":"Wildflower Solar, LLC (MS)","State":"Mississippi","PrimSource":"solar","Total_MW":100,"Install_MW":100,"City":"DeSoto","County":"DeSoto","Utility_Na":"Duke Energy Renewables Services","Longitude":-90.184,"Latitude":34.962}},{"type":"Feature","geometry":{"type":"Point","coordinates":[-79.7092259995871,36.5170300001929]},"properties":{"Plant_Name":"Edison Farm","State":"North Carolina","PrimSource":"solar","Total_MW":2,"Install_MW":2,"City":"Eden","County":"Rockingham","Utility_Na":"Strata Manager, LLC","Longitude":-79.709226,"Latitude":36.51703}},{"type":"Feature","geometry":{"type":"Point","coordinates":[-78.3190619995794,34.9824700000627]},"properties":{"Plant_Name":"Overhill Solar","State":"North Carolina","PrimSource":"solar","Total_MW":5,"Install_MW":5,"City":"Clinton","County":"Sampson","Utility_Na":"Strata Manager, LLC","Longitude":-78.319062,"Latitude":34.98247}},{"type":"Feature","geometry":{"type":"Point","coordinates":[-79.6544470003611,34.9225720003042]},"properties":{"Plant_Name":"Polk Farm","State":"North Carolina","PrimSource":"solar","Total_MW":5,"Install_MW":5,"City":"Hamlet","County":"Richmond","Utility_Na":"Strata Manager, LLC","Longitude":-79.654447,"Latitude":34.922572}},{"type":"Feature","geometry":{"type":"Point","coordinates":[-79.9916080000436,34.9744849996349]},"properties":{"Plant_Name":"Selwyn Farm","State":"North Carolina","PrimSource":"solar","Total_MW":5,"Install_MW":5,"City":"Lilesville","County":"Anson","Utility_Na":"Strata Manager, LLC","Longitude":-79.991608,"Latitude":34.974485}},{"type":"Feature","geometry":{"type":"Point","coordinates":[-77.8851059999988,36.4554220001337]},"properties":{"Plant_Name":"Shieldwall Solar","State":"North Carolina","PrimSource":"solar","Total_MW":5,"Install_MW":5,"City":"Littleton","County":"Halifax","Utility_Na":"Strata Manager, LLC","Longitude":-77.885106,"Latitude":36.455422}},{"type":"Feature","geometry":{"type":"Point","coordinates":[-78.0374900001331,35.2273200001098]},"properties":{"Plant_Name":"Summit Solar","State":"North Carolina","PrimSource":"solar","Total_MW":3,"Install_MW":3,"City":"Mount Olive","County":"Wayne","Utility_Na":"Strata Manager, LLC","Longitude":-78.03749,"Latitude":35.22732}},{"type":"Feature","geometry":{"type":"Point","coordinates":[-79.1407140000351,34.8625989997878]},"properties":{"Plant_Name":"Gray Fox Solar LLC","State":"North Carolina","PrimSource":"solar","Total_MW":5,"Install_MW":5,"City":"Shannon","County":"Robeson","Utility_Na":"SolRiver Capital LLC","Longitude":-79.140714,"Latitude":34.862599}},{"type":"Feature","geometry":{"type":"Point","coordinates":[-81.5572140000176,30.3942979998777]},"properties":{"Plant_Name":"Jax LNG","State":"Florida","PrimSource":"natural gas","Total_MW":12.6,"Install_MW":12.6,"City":"Jacksonville","County":"Duval","Utility_Na":"Jax LNG","Longitude":-81.557214,"Latitude":30.394298}},{"type":"Feature","geometry":{"type":"Point","coordinates":[-82.7222040002039,34.0520369999844]},"properties":{"Plant_Name":"Sonny Solar LLC","State":"Georgia","PrimSource":"solar","Total_MW":40,"Install_MW":40,"City":"Elberton","County":"Elbert","Utility_Na":"Pine Gate Renewables","Longitude":-82.722204,"Latitude":34.052037}},{"type":"Feature","geometry":{"type":"Point","coordinates":[-78.1937599998972,35.9070800003265]},"properties":{"Plant_Name":"Spring Hope Solar 2, LLC","State":"North Carolina","PrimSource":"solar","Total_MW":5,"Install_MW":5,"City":"Spring Hope","County":"Nash","Utility_Na":"Spring Hope Solar 2, LLC","Longitude":-78.19376,"Latitude":35.90708}},{"type":"Feature","geometry":{"type":"Point","coordinates":[-82.1928610003385,30.3391390001071]},"properties":{"Plant_Name":"Cedar Trail","State":"Florida","PrimSource":"solar","Total_MW":74.5,"Install_MW":74.5,"City":"Glen St Mary","County":"Baker","Utility_Na":"Florida Power & Light Co","Longitude":-82.192861,"Latitude":30.339139}},{"type":"Feature","geometry":{"type":"Point","coordinates":[-86.2310600003214,30.9236200001282]},"properties":{"Plant_Name":"Swallowtail","State":"Florida","PrimSource":"solar","Total_MW":74.5,"Install_MW":74.5,"City":"Defuniak Springs","County":"Walton","Utility_Na":"Florida Power & Light Co","Longitude":-86.23106,"Latitude":30.92362}},{"type":"Feature","geometry":{"type":"Point","coordinates":[-78.6419600001348,39.2872399997103]},"properties":{"Plant_Name":"Capon Bridge Solar LLC","State":"West Virginia","PrimSource":"solar","Total_MW":20,"Install_MW":20,"City":"Augusta","County":"Hampshire","Utility_Na":"Capon Bridge Solar LLC","Longitude":-78.64196,"Latitude":39.28724}},{"type":"Feature","geometry":{"type":"Point","coordinates":[-78.400000000066,37.9660000002801]},"properties":{"Plant_Name":"Rivanna Solar","State":"Virginia","PrimSource":"solar","Total_MW":12.5,"Install_MW":13.3,"City":"Charlottesville","County":"Albemarle","Utility_Na":"Rivanna Solar LLC","Longitude":-78.4,"Latitude":37.966}},{"type":"Feature","geometry":{"type":"Point","coordinates":[-81.1719440001786,32.3508330002433]},"properties":{"Plant_Name":"McIntosh Solar","State":"Georgia","PrimSource":"solar","Total_MW":10,"Install_MW":10,"City":"Rincon","County":"Effingham","Utility_Na":"Georgia Power Co","Longitude":-81.171944,"Latitude":32.350833}},{"type":"Feature","geometry":{"type":"Point","coordinates":[-76.601039999684,36.1518629996694]},"properties":{"Plant_Name":"Timbermill Wind, LLC","State":"North Carolina","PrimSource":"wind","Total_MW":189,"Install_MW":189,"City":"Edenton","County":"Chowan","Utility_Na":"Timbermill Wind","Longitude":-76.60104,"Latitude":36.151863}},{"type":"Feature","geometry":{"type":"Point","coordinates":[-79.9070979997466,36.4198259997999]},"properties":{"Plant_Name":"Moyer Solar","State":"North Carolina","PrimSource":"solar","Total_MW":5,"Install_MW":5,"City":"Stoneville","County":"Rockingham","Utility_Na":"Moyer Solar, LLC","Longitude":-79.907098,"Latitude":36.419826}},{"type":"Feature","geometry":{"type":"Point","coordinates":[-76.2966100004223,36.685102999935]},"properties":{"Plant_Name":"Chesapeake Solar Project","State":"Virginia","PrimSource":"solar","Total_MW":118,"Install_MW":132,"City":"Chesapeake","County":"Chesapeake City","Utility_Na":"Chesapeake Solar Project, LLC","Longitude":-76.29661,"Latitude":36.685103}},{"type":"Feature","geometry":{"type":"Point","coordinates":[-82.6779999999437,33.3709999999427]},"properties":{"Plant_Name":"Bulldog Solar LLC","State":"Georgia","PrimSource":"solar","Total_MW":80,"Install_MW":80,"City":"Warrenton","County":"Warren","Utility_Na":"Bulldog Solar LLC","Longitude":-82.678,"Latitude":33.371}},{"type":"Feature","geometry":{"type":"Point","coordinates":[-88.8875749995606,31.9769970003795]},"properties":{"Plant_Name":"Cane Creek","State":"Mississippi","PrimSource":"solar","Total_MW":78.5,"Install_MW":78.5,"City":"Pachuta","County":"Clarke","Utility_Na":"Cane Creek Solar, LLC","Longitude":-88.887575,"Latitude":31.976997}},{"type":"Feature","geometry":{"type":"Point","coordinates":[-89.5028959996108,30.4371719998686]},"properties":{"Plant_Name":"Moonshot","State":"Mississippi","PrimSource":"solar","Total_MW":78.5,"Install_MW":78.5,"City":"Picayune","County":"Hancock","Utility_Na":"Moonshot Solar, LLC","Longitude":-89.502896,"Latitude":30.437172}},{"type":"Feature","geometry":{"type":"Point","coordinates":[-83.2982340003688,30.2824969996136]},"properties":{"Plant_Name":"Winquepin Renewable Energy Center","State":"Florida","PrimSource":"solar","Total_MW":74.9,"Install_MW":74.9,"City":"Lee","County":"Madison","Utility_Na":"Duke Energy Florida, LLC","Longitude":-83.298234,"Latitude":30.282497}},{"type":"Feature","geometry":{"type":"Point","coordinates":[-90.8598670001387,32.3103000002813]},"properties":{"Plant_Name":"ERDC","State":"Mississippi","PrimSource":"natural gas","Total_MW":3.2,"Install_MW":3.2,"City":"Vicksburg","County":"Warren","Utility_Na":"Entergy Texas Inc.","Longitude":-90.859867,"Latitude":32.3103}},{"type":"Feature","geometry":{"type":"Point","coordinates":[-79.9300450001488,33.0149150002832]},"properties":{"Plant_Name":"Bushy Park Combustion Turbine Facility","State":"South Carolina","PrimSource":"natural gas","Total_MW":42,"Install_MW":65.4,"City":"Goose Creek","County":"Berkeley","Utility_Na":"Dominion Energy South Carolina, Inc","Longitude":-79.930045,"Latitude":33.014915}},{"type":"Feature","geometry":{"type":"Point","coordinates":[-78.8915800002084,34.1519270000241]},"properties":{"Plant_Name":"Beckwith Solar","State":"North Carolina","PrimSource":"solar","Total_MW":5,"Install_MW":5,"City":"Tabor City","County":"Columbus","Utility_Na":"Beckwith Solar, LLC","Longitude":-78.89158,"Latitude":34.151927}},{"type":"Feature","geometry":{"type":"Point","coordinates":[-78.8355619996268,34.1729480002291]},"properties":{"Plant_Name":"Arthur 2 Solar","State":"North Carolina","PrimSource":"solar","Total_MW":5,"Install_MW":5,"City":"Tabor City","County":"Columbus","Utility_Na":"Arthur Solar 2, LLC","Longitude":-78.835562,"Latitude":34.172948}},{"type":"Feature","geometry":{"type":"Point","coordinates":[-90.6359999996484,33.5049999996826]},"properties":{"Plant_Name":"Harvest Gold Solar","State":"Mississippi","PrimSource":"solar","Total_MW":99,"Install_MW":99,"City":"Indianola","County":"Sunflower","Utility_Na":"Harvest Gold Solar Power, LLC","Longitude":-90.636,"Latitude":33.505}},{"type":"Feature","geometry":{"type":"Point","coordinates":[-82.4087880004417,32.8200179998263]},"properties":{"Plant_Name":"Wadley Solar","State":"Georgia","PrimSource":"solar","Total_MW":260,"Install_MW":260,"City":"Wadley","County":"Jefferson","Utility_Na":"Wadley Solar, LLC","Longitude":-82.408788,"Latitude":32.820018}},{"type":"Feature","geometry":{"type":"Point","coordinates":[-79.7550130002613,36.6678890001315]},"properties":{"Plant_Name":"Caden Energix Axton LLC","State":"Virginia","PrimSource":"solar","Total_MW":66,"Install_MW":66,"City":"Axton","County":"Henry","Utility_Na":"Caden Energix Axton LLC","Longitude":-79.755013,"Latitude":36.667889}},{"type":"Feature","geometry":{"type":"Point","coordinates":[-83.1561999999675,30.3436000001994]},"properties":{"Plant_Name":"Falmouth Renewable Energy Center","State":"Florida","PrimSource":"solar","Total_MW":74.9,"Install_MW":74.9,"City":"Live Oak","County":"Suwannee","Utility_Na":"Duke Energy Florida, LLC","Longitude":-83.1562,"Latitude":30.3436}},{"type":"Feature","geometry":{"type":"Point","coordinates":[-78.9391610002853,36.6793239999762]},"properties":{"Plant_Name":"Halifax CSG LLC","State":"Virginia","PrimSource":"solar","Total_MW":3.1,"Install_MW":3.1,"City":"South Boston","County":"Halifax","Utility_Na":"Dimension Energy LLC","Longitude":-78.939161,"Latitude":36.679324}},{"type":"Feature","geometry":{"type":"Point","coordinates":[-77.5547550000262,38.7860440000012]},"properties":{"Plant_Name":"VA- US Foods- Manassas","State":"Virginia","PrimSource":"solar","Total_MW":2,"Install_MW":2,"City":"Manassas","County":"Prince William","Utility_Na":"EDPRNA DG VA Manassas LLC","Longitude":-77.554755,"Latitude":38.786044}},{"type":"Feature","geometry":{"type":"Point","coordinates":[-82.4741249998132,37.7654519999539]},"properties":{"Plant_Name":"Martin County Solar Project, LLC","State":"Kentucky","PrimSource":"solar","Total_MW":111,"Install_MW":111,"City":"Pilgrim","County":"Martin","Utility_Na":"Martin County Solar Project, LLC","Longitude":-82.474125,"Latitude":37.765452}},{"type":"Feature","geometry":{"type":"Point","coordinates":[-78.5554239997332,35.4137239999096]},"properties":{"Plant_Name":"Banner Solar","State":"North Carolina","PrimSource":"solar","Total_MW":5,"Install_MW":5,"City":"Benson","County":"Johnston","Utility_Na":"Banner Solar, LLC","Longitude":-78.555424,"Latitude":35.413724}},{"type":"Feature","geometry":{"type":"Point","coordinates":[-81.5711620003986,33.9452069998467]},"properties":{"Plant_Name":"Beulah Solar","State":"South Carolina","PrimSource":"solar","Total_MW":74.9,"Install_MW":74.9,"City":"Batesburg","County":"Saluda","Utility_Na":"Beulah Solar, LLC","Longitude":-81.571162,"Latitude":33.945207}},{"type":"Feature","geometry":{"type":"Point","coordinates":[-77.9834490001508,34.7264020001439]},"properties":{"Plant_Name":"Brick City Solar","State":"North Carolina","PrimSource":"solar","Total_MW":5,"Install_MW":5,"City":"Wallace","County":"Duplin","Utility_Na":"Brick City Solar, LLC","Longitude":-77.983449,"Latitude":34.726402}},{"type":"Feature","geometry":{"type":"Point","coordinates":[-78.7732520002675,35.4169289998351]},"properties":{"Plant_Name":"Clovelly Solar","State":"North Carolina","PrimSource":"solar","Total_MW":5,"Install_MW":5,"City":"Lillington","County":"Harnett","Utility_Na":"Clovelly Solar, LLC","Longitude":-78.773252,"Latitude":35.416929}},{"type":"Feature","geometry":{"type":"Point","coordinates":[-76.8236009997698,35.1507660000727]},"properties":{"Plant_Name":"Coogee Solar","State":"North Carolina","PrimSource":"solar","Total_MW":5,"Install_MW":5,"City":"Grantsboro","County":"Pamlico","Utility_Na":"Coogee Solar, LLC","Longitude":-76.823601,"Latitude":35.150766}},{"type":"Feature","geometry":{"type":"Point","coordinates":[-80.6467000003782,33.9185419996803]},"properties":{"Plant_Name":"Eastover Solar","State":"South Carolina","PrimSource":"solar","Total_MW":91.6,"Install_MW":91.6,"City":"Eastover","County":"Richland","Utility_Na":"Eastover Solar, LLC","Longitude":-80.6467,"Latitude":33.918542}},{"type":"Feature","geometry":{"type":"Point","coordinates":[-80.1236490001888,35.3960600002671]},"properties":{"Plant_Name":"ESA Albemarle NC Solar","State":"North Carolina","PrimSource":"solar","Total_MW":2,"Install_MW":2,"City":"Albemarle","County":"Stanly","Utility_Na":"ESA Albemarle NC Solar, LLC","Longitude":-80.123649,"Latitude":35.39606}},{"type":"Feature","geometry":{"type":"Point","coordinates":[-77.898055000122,35.3603059998267]},"properties":{"Plant_Name":"Millers Chapel Solar","State":"North Carolina","PrimSource":"solar","Total_MW":4.8,"Install_MW":4.8,"City":"La Grange","County":"Wayne","Utility_Na":"Millers Chapel Solar, LLC","Longitude":-77.898055,"Latitude":35.360306}},{"type":"Feature","geometry":{"type":"Point","coordinates":[-78.0771829997014,35.2992249997467]},"properties":{"Plant_Name":"Oakwood Solar","State":"North Carolina","PrimSource":"solar","Total_MW":5,"Install_MW":5,"City":"Mebane","County":"Orange","Utility_Na":"Oakwood Solar, LLC","Longitude":-78.077183,"Latitude":35.299225}},{"type":"Feature","geometry":{"type":"Point","coordinates":[-78.0771829997014,35.2992249997467]},"properties":{"Plant_Name":"Overman Solar","State":"North Carolina","PrimSource":"solar","Total_MW":5,"Install_MW":5,"City":"Goldsboro","County":"Wayne","Utility_Na":"Overman Solar, LLC","Longitude":-78.077183,"Latitude":35.299225}},{"type":"Feature","geometry":{"type":"Point","coordinates":[-80.6518039996505,35.556436000004]},"properties":{"Plant_Name":"Saw Solar","State":"North Carolina","PrimSource":"solar","Total_MW":5,"Install_MW":5,"City":"China Grove","County":"Rowan","Utility_Na":"Saw Solar, LLC","Longitude":-80.651804,"Latitude":35.556436}},{"type":"Feature","geometry":{"type":"Point","coordinates":[-82.3759530002638,35.3801390000486]},"properties":{"Plant_Name":"Sawtell Solar","State":"North Carolina","PrimSource":"solar","Total_MW":3,"Install_MW":3,"City":"Hendersonville","County":"Henderson","Utility_Na":"Sawtell Solar, LLC","Longitude":-82.375953,"Latitude":35.380139}},{"type":"Feature","geometry":{"type":"Point","coordinates":[-79.367698000051,36.009321000163]},"properties":{"Plant_Name":"Southwick Solar","State":"North Carolina","PrimSource":"solar","Total_MW":3,"Install_MW":3,"City":"Graham","County":"Alamance","Utility_Na":"Southwick Solar, LLC","Longitude":-79.367698,"Latitude":36.009321}},{"type":"Feature","geometry":{"type":"Point","coordinates":[-79.7363120002372,35.2734339997092]},"properties":{"Plant_Name":"Whiskey Solar","State":"North Carolina","PrimSource":"solar","Total_MW":5,"Install_MW":5,"City":"Cumberland","County":"Montgomery","Utility_Na":"Whiskey Solar, LLC","Longitude":-79.736312,"Latitude":35.273434}},{"type":"Feature","geometry":{"type":"Point","coordinates":[-77.4552779998972,38.46777800028]},"properties":{"Plant_Name":"North Stafford HS","State":"Virginia","PrimSource":"solar","Total_MW":1.3,"Install_MW":1.3,"City":"Stafford","County":"Stafford","Utility_Na":"Madison Energy Investments LLC","Longitude":-77.455278,"Latitude":38.467778}},{"type":"Feature","geometry":{"type":"Point","coordinates":[-80.2878529995939,35.7408130002092]},"properties":{"Plant_Name":"Davidson III","State":"North Carolina","PrimSource":"solar","Total_MW":3.2,"Install_MW":4.5,"City":" ","County":" ","Utility_Na":"SunE B9 Holdings, LLC","Longitude":-80.287853,"Latitude":35.740813}},{"type":"Feature","geometry":{"type":"Point","coordinates":[-80.2878529995939,35.7408130002092]},"properties":{"Plant_Name":"Davidson IV","State":"North Carolina","PrimSource":"solar","Total_MW":2.3,"Install_MW":3,"City":" ","County":" ","Utility_Na":"SunE B9 Holdings, LLC","Longitude":-80.287853,"Latitude":35.740813}},{"type":"Feature","geometry":{"type":"Point","coordinates":[-80.2878529995939,35.7408130002092]},"properties":{"Plant_Name":"Davidson V","State":"North Carolina","PrimSource":"solar","Total_MW":1,"Install_MW":1.5,"City":" ","County":" ","Utility_Na":"SunE B9 Holdings, LLC","Longitude":-80.287853,"Latitude":35.740813}},{"type":"Feature","geometry":{"type":"Point","coordinates":[-83.5115000001575,31.5059000001712]},"properties":{"Plant_Name":"Tift Boyd","State":"Georgia","PrimSource":"solar","Total_MW":2.9,"Install_MW":2.9,"City":" ","County":" ","Utility_Na":"Westbound Solar 3, LLC","Longitude":-83.5115,"Latitude":31.5059}},{"type":"Feature","geometry":{"type":"Point","coordinates":[-84.9445870001354,34.9528250001615]},"properties":{"Plant_Name":"Whitfield Cooper","State":"Georgia","PrimSource":"solar","Total_MW":1.1,"Install_MW":1.1,"City":" ","County":" ","Utility_Na":"Westbound Solar 3, LLC","Longitude":-84.944587,"Latitude":34.952825}},{"type":"Feature","geometry":{"type":"Point","coordinates":[-84.7063219999006,34.4416100002716]},"properties":{"Plant_Name":"Gordon Thompson","State":"Georgia","PrimSource":"solar","Total_MW":3,"Install_MW":3,"City":" ","County":" ","Utility_Na":"Westbound Solar 3, LLC","Longitude":-84.706322,"Latitude":34.44161}},{"type":"Feature","geometry":{"type":"Point","coordinates":[-85.2112989998798,34.0468810001917]},"properties":{"Plant_Name":"Polk Cedartown 2","State":"Georgia","PrimSource":"solar","Total_MW":2.4,"Install_MW":2.4,"City":" ","County":" ","Utility_Na":"Westbound Solar 3, LLC","Longitude":-85.211299,"Latitude":34.046881}},{"type":"Feature","geometry":{"type":"Point","coordinates":[-82.3021900002582,31.252589999778]},"properties":{"Plant_Name":"Pierce Eunice","State":"Georgia","PrimSource":"solar","Total_MW":1.9,"Install_MW":1.9,"City":" ","County":" ","Utility_Na":"Westbound Solar 3, LLC","Longitude":-82.30219,"Latitude":31.25259}},{"type":"Feature","geometry":{"type":"Point","coordinates":[-81.7499429996484,32.4035530000178]},"properties":{"Plant_Name":"Bulloch Rushing","State":"Georgia","PrimSource":"solar","Total_MW":2.9,"Install_MW":2.9,"City":" ","County":" ","Utility_Na":"Westbound Solar 3, LLC","Longitude":-81.749943,"Latitude":32.403553}},{"type":"Feature","geometry":{"type":"Point","coordinates":[-84.7045519998889,34.4402350000997]},"properties":{"Plant_Name":"Gordon Pine Hall","State":"Georgia","PrimSource":"solar","Total_MW":2.4,"Install_MW":2.4,"City":" ","County":" ","Utility_Na":"Westbound Solar 3, LLC","Longitude":-84.704552,"Latitude":34.440235}},{"type":"Feature","geometry":{"type":"Point","coordinates":[-85.4504279997549,34.4978140003312]},"properties":{"Plant_Name":"Chattooga Gore","State":"Georgia","PrimSource":"solar","Total_MW":2.4,"Install_MW":2.4,"City":" ","County":" ","Utility_Na":"Westbound Solar 3, LLC","Longitude":-85.450428,"Latitude":34.497814}},{"type":"Feature","geometry":{"type":"Point","coordinates":[-77.6699999998782,36.5900000001023]},"properties":{"Plant_Name":"Fountain Creek Solar","State":"Virginia","PrimSource":"solar","Total_MW":80,"Install_MW":80,"City":" ","County":" ","Utility_Na":"Dominion Energy Inc.","Longitude":-77.67,"Latitude":36.59}},{"type":"Feature","geometry":{"type":"Point","coordinates":[-76.5299999999171,37.3600000001541]},"properties":{"Plant_Name":"Winterberry Solar","State":"Virginia","PrimSource":"solar","Total_MW":20,"Install_MW":20,"City":" ","County":" ","Utility_Na":"Dominion Energy Inc.","Longitude":-76.53,"Latitude":37.36}}]}